song_uuid,album_uuid,track_number,song_title,song_singers,song_rating,youtube_url,music_yt_url_1,music_yt_url_2,music_yt_url_3
13829937-6074-5ec0-a064-f82b5e6056b4,1d00a43a-0e96-55cc-ae10-31da9424e21b,1,Raja Ko Rani Se Pyar Ho Gaya,"Udit Narayan, Alka Yagnik",4.25,https://www.youtube.com/watch?v=3C4sUKbEKrw,https://music.youtube.com/watch?v=DaUjP4tinF0,https://music.youtube.com/watch?v=t5JSLRB9ZAU,https://music.youtube.com/watch?v=trrAUxEzg88
32c0a582-b223-5106-a608-4bb7e4e37843,1d00a43a-0e96-55cc-ae10-31da9424e21b,2,Aisa Zakham Diya Hai,"Udit Narayan, Aamir Khan, Shankar Mahadevan",4.0,https://www.youtube.com/watch?v=YcMf0g1QObU,https://music.youtube.com/watch?v=3z7tf28mR90,https://music.youtube.com/watch?v=NC2LX4NHpdY,https://music.youtube.com/watch?v=JECJ4Vkuub0
31cd0108-227f-51d2-9df0-5a9f62cdc0ad,1d00a43a-0e96-55cc-ae10-31da9424e21b,3,Dil Kehta Hai Chal Unse Mil,"Kumar Sanu, Alka Yagnik",4.33,https://www.youtube.com/watch?v=PqiddY3o3aY,https://music.youtube.com/watch?v=PqiddY3o3aY,https://music.youtube.com/watch?v=5P3PGmRxPG0,https://music.youtube.com/watch?v=U_AWtsM2e7o
8f0e7581-004a-5622-99d6-d176af09cf33,1d00a43a-0e96-55cc-ae10-31da9424e21b,4,Dil Mera Churaya Kyun,"Kumar Sanu, Anu Malik",4.0,https://www.youtube.com/watch?v=JdDEVROAKjg,https://music.youtube.com/watch?v=mSu5cz2GFts,https://music.youtube.com/watch?v=LNNHuPHy7Cg,https://music.youtube.com/watch?v=JdDEVROAKjg
a256a9b4-ef7c-5da6-abf3-47939f5d69fe,1d00a43a-0e96-55cc-ae10-31da9424e21b,5,Akele Hum Akele Tum,"Udit Narayan, Aditya Narayan",4.0,https://www.youtube.com/watch?v=LHsccf8Embs,https://music.youtube.com/watch?v=LHsccf8Embs,https://music.youtube.com/watch?v=Ejrkpj9_C1E,
2ccff120-6f87-57f2-8947-a2171d5d5394,e47e92c3-881f-58c4-811d-101e82042885,1,Dheere Dheere Aap Mere,"Sadhna Sargam, Udit Narayan",4.0,https://www.youtube.com/watch?v=2YBasiw4k84,https://music.youtube.com/watch?v=mPZ1613Dv-g,https://music.youtube.com/watch?v=j-sv_wYE-WM,https://music.youtube.com/watch?v=Me1VqnLOgQs
e616910a-e0ed-5d68-bccd-2d4cc9b5cbe0,657cf1c0-2a18-5d32-bf98-176cd7192af2,1,Teri Adaon Pe Marta Hoon Love Tujhe Love Main Karta Hoon,"Kumar Sanu, Alka Yagnik",4.0,https://www.youtube.com/watch?v=wrlhJlCqXjs,https://music.youtube.com/watch?v=GxaTSDnI71w,https://music.youtube.com/watch?v=m8SbXVuGLFY,https://music.youtube.com/watch?v=jkLkkQp7EeY
3b757341-c139-5f9a-8084-ed7d69bf7ed3,657cf1c0-2a18-5d32-bf98-176cd7192af2,2,Humko Sirf Tumse Pyar Hai,"Kumar Sanu, Alka Yagnik",4.33,https://www.youtube.com/watch?v=Uk6CB2o2eY0,https://music.youtube.com/watch?v=a8OflTlgdmw,https://music.youtube.com/watch?v=mUmRgBzzpyg,https://music.youtube.com/watch?v=UmnAlNWcQGA
d6acb641-8191-553a-bfcb-547a0ef3543e,657cf1c0-2a18-5d32-bf98-176cd7192af2,3,Nahin Yeh Ho Nahin Sakta (Tujhe Bhoolne Se Pahle Meri Jaan Chali Jaye),"Kumar Sanu, Sadhna Sargam",4.0,https://www.youtube.com/watch?v=NNxf_AKuL0M,https://music.youtube.com/watch?v=ooGFsfsSiYo,https://music.youtube.com/watch?v=TyqaG-vFUKY,https://music.youtube.com/watch?v=MC9fd_apco4
d71b9380-758a-51db-8276-0b4038b0870e,45a8c6c7-490f-5681-867d-49eba908da35,3,Achha Sila Diya Tune Mere Pyar Ka,Sonu Nigam,4.0,http://www.youtube.com/watch?v=YecrhF6p2z8,https://music.youtube.com/watch?v=nBtPj_kWkY8,https://music.youtube.com/watch?v=e5UJHXhUaHY,
33e9e2b9-c255-567f-9c49-e603854b90ad,eb4a291a-9523-57f7-91ec-0ffc4b4986b2,1,Bolo Ta Ra Ra,Daler Mehndi,4.0,https://www.youtube.com/watch?v=h6Ze5Hqa1wA,https://music.youtube.com/watch?v=h6Ze5Hqa1wA,https://music.youtube.com/watch?v=boG6uOGZmgY,https://music.youtube.com/watch?v=0bPSGeevSkQ
ca2cd60c-38f8-552f-a311-d798209a617d,2233ce1c-39d1-57fb-8682-d0f8d407a965,1,Kehna Hi Kya,K.S. Chitra,4.67,https://www.youtube.com/watch?v=_YB1taxJPgk,https://music.youtube.com/watch?v=_YB1taxJPgk,https://music.youtube.com/watch?v=eb7jLoU9x64,https://music.youtube.com/watch?v=tpi3jXE1ZNs
1592ea96-600a-54e1-9d2c-dae53be7eb62,2233ce1c-39d1-57fb-8682-d0f8d407a965,2,Ek Ho Gaye Hum Aur Tum (Hamma),Remo Fernandes,4.0,http://www.youtube.com/watch?v=0q2Cy3MPQIA,https://music.youtube.com/watch?v=2tTxFyOS3Fo,https://music.youtube.com/watch?v=JP0Rh_Zo41k,https://music.youtube.com/watch?v=DJIkJEMjqfc
b80dcd5c-0cfc-5a43-8c88-a2cb295ae907,2233ce1c-39d1-57fb-8682-d0f8d407a965,3,Tu Hi Re,"Hariharan, Kavita Krishnamurthy",4.8,https://www.youtube.com/watch?v=1VdjCp27KEM,https://music.youtube.com/watch?v=V9mN0qBgEzQ,https://music.youtube.com/watch?v=P4NwOb39sTQ,https://music.youtube.com/watch?v=eL66rtV81z8
20054c31-c4c2-51a8-a04c-a2ae58d8f044,2233ce1c-39d1-57fb-8682-d0f8d407a965,5,Bombay Theme,,4.0,http://www.youtube.com/watch?v=dbiYEXNqksw,https://music.youtube.com/watch?v=18GFDP5bLLs,https://music.youtube.com/watch?v=NokiJzYHztI,
b9221a78-3f25-58e3-9a67-e36c88ad2129,d01665d3-006c-50fe-8b4b-7e0e8c9ff3c1,2,Husn Hai Suhana,"Abhijeet, Chandana Dixit",4.0,http://www.youtube.com/watch?v=jE1CavSI5TQ,https://music.youtube.com/watch?v=KBRZVTVVhD0,https://music.youtube.com/watch?v=l4V3qSF5HSY,https://music.youtube.com/watch?v=fGTfyK_fkAg
2b975b57-b1d5-5600-a703-a14df1656b5b,ebf654fd-6b47-5185-8cbc-3c6fba24b35a,1,Tu Mile Dil Khile (Duet),"Kumar Sanu, Alka Yagnik",4.0,https://www.youtube.com/watch?v=uwYlPfs8e_Q,https://music.youtube.com/watch?v=RLSWys4MEo0,https://music.youtube.com/watch?v=uwYlPfs8e_Q,https://music.youtube.com/watch?v=4imIdlnNO5Y
1a1a6efd-3e51-5ccf-a5ce-cd846dc86aa1,ebf654fd-6b47-5185-8cbc-3c6fba24b35a,3,Tu Mile Dil Khile (Male),Kumar Sanu,4.33,https://www.youtube.com/watch?v=sLczKXun75Y,https://music.youtube.com/watch?v=2OtYy8TT_Ps,https://music.youtube.com/watch?v=uwYlPfs8e_Q,https://music.youtube.com/watch?v=e7h3Rlcl9a8
2c8d4037-e5cd-50b3-9ac1-c46ec77b2d01,ebf654fd-6b47-5185-8cbc-3c6fba24b35a,7,Tu Mile Dil Khile (Female),Alka Yagnik,4.67,https://www.youtube.com/watch?v=4imIdlnNO5Y,https://music.youtube.com/watch?v=4imIdlnNO5Y,https://music.youtube.com/watch?v=UR5F9HkpYLU,https://music.youtube.com/watch?v=eCsd3n6uBX4
01ce7203-92d0-5a52-90f6-0e7a8baa2136,bef9f989-67f2-5d18-918a-0481073f75f7,1,Tujhe Dekha To Ye Jaana Sanam,"Kumar Sanu, Lata Mangeshkar",4.67,http://www.youtube.com/watch?v=r7NVIwO8_pI,https://music.youtube.com/watch?v=Mf_0pDqZi50,https://music.youtube.com/watch?v=Gc8dqXVjfgg,
314b4993-d28a-56ad-918b-38da36a255fb,bef9f989-67f2-5d18-918a-0481073f75f7,2,Ruk Ja O Dil Deewane,Udit Narayan,4.5,http://www.youtube.com/watch?v=YJtkxLJeWWA,https://music.youtube.com/watch?v=jBpRItrod-Q,https://music.youtube.com/watch?v=9MwnQ91TSqY,https://music.youtube.com/watch?v=PXKzvpv2-Uo
aa88e196-e00a-515f-87f4-25445b24131e,bef9f989-67f2-5d18-918a-0481073f75f7,3,Mehndi Laga Ke Rakhna,"Lata Mangeshkar, Udit Narayan",4.0,https://www.youtube.com/watch?v=-bNwqXvMuB8,https://music.youtube.com/watch?v=2kAwKm8Ztqs,https://music.youtube.com/watch?v=hOWNbqv9fzw,https://music.youtube.com/watch?v=-bNwqXvMuB8
abc8ec62-1348-57c5-b2ed-a84450abc597,bef9f989-67f2-5d18-918a-0481073f75f7,4,Mere Khwabon Mein Jo Aaye,Lata Mangeshkar,4.0,http://www.youtube.com/watch?v=Jlhj_LvxkHg,https://music.youtube.com/watch?v=RLm5CsFHJKc,https://music.youtube.com/watch?v=b-i9tPzLKsg,https://music.youtube.com/watch?v=ztSdEnWRy9s
23074b8c-512e-5de0-9f70-07426ccf3a1f,bef9f989-67f2-5d18-918a-0481073f75f7,5,Zara Sa Jhoom Loon Main,"Abhijeet, Asha Bhosle",4.33,http://www.youtube.com/watch?v=UJEfS2UA9hw,https://music.youtube.com/watch?v=11TJrA33uno,https://music.youtube.com/watch?v=8Gw7KYsYJPQ,https://music.youtube.com/watch?v=kjUTs76Gnks
fc799ef6-d843-5cb9-99a9-39d69dc98e2b,bef9f989-67f2-5d18-918a-0481073f75f7,7,Ho Gaya Hai Tujhko To Pyar Sajna,"Lata Mangeshkar, Udit Narayan",4.33,http://www.youtube.com/watch?v=OkjXMqK1G0o,https://music.youtube.com/watch?v=hw_HpTI_Wkw,https://music.youtube.com/watch?v=gIMdl2q2x3E,https://music.youtube.com/watch?v=F6ENcws4tUI
8b405553-759d-5e43-b94a-4ef0aad2e215,72486d9f-4fdc-5b1b-b5c0-f5335731c13f,2,Kabhi Hanste Hain Kabhi Rote Hain,"S.P. Balasubramaniam, Kavita Krishnamurthy",4.0,https://www.youtube.com/watch?v=bbSkbRD5Pdo,https://music.youtube.com/watch?v=5P9OOkCHxUg,https://music.youtube.com/watch?v=bbSkbRD5Pdo,https://music.youtube.com/watch?v=oxO22SdjRDc
53e0e5e9-25ea-5559-9a37-ce1599ecf76c,b6437776-8239-54a0-b75e-d3340a22c996,1,Na Jane Ik Nigah Mein Kya Le Gaya Koi,"Kumar Sanu, Alisha Chinai",4.0,https://www.youtube.com/watch?v=2WuAPqnIqOk,https://music.youtube.com/watch?v=2WuAPqnIqOk,https://music.youtube.com/watch?v=WUFJtG0eSI4,
8706ad30-130b-5a55-af83-07aa3bc1a9fa,53bcef08-6f8c-59cb-a672-07e473e055ea,1,Muqabla Muqabla,"Mano, Swarnalatha",4.0,http://www.youtube.com/watch?v=FQzC23GLptE,https://music.youtube.com/watch?v=FQzC23GLptE,https://music.youtube.com/watch?v=1IuQaLxgVB0,https://music.youtube.com/watch?v=Hvflvy6aHo0
6726f660-151f-5ee9-b26a-ab9678a7d8dc,fcb9ce45-9b5b-5bdc-876d-43da1b97084f,1,Jaati Hoon Main Jaldi Hai Kya,"Alka Yagnik, Kumar Sanu",4.2,https://www.youtube.com/watch?v=l7iTcZ__Ejg,https://music.youtube.com/watch?v=XS2H4G4MK4Q,https://music.youtube.com/watch?v=KXAUL6IhV9g,https://music.youtube.com/watch?v=oaGDBCJJKIg
06abe567-0ebc-5f43-8750-c52f14e2cdc7,fcb9ce45-9b5b-5bdc-876d-43da1b97084f,5,Gup Chup Gup Chup (Mujhko Ranaji Maaf Karna),"Ila Arun, Alka Yagnik",4.0,http://www.youtube.com/watch?v=KAmrr0189fU&feature=plcp,https://music.youtube.com/watch?v=EvOAmbPkSVs,https://music.youtube.com/watch?v=B4AbxWBRdV4,https://music.youtube.com/watch?v=Rr_YnpjKl0M
4011d977-ffb1-5f51-9662-fe70cab96b3e,bfd8dbd8-bd2a-565d-9d6a-45ca01ae8e90,1,Made In India,Alisha Chinai,4.0,http://www.youtube.com/watch?v=IvloHsmi_vg,https://music.youtube.com/watch?v=8yKAzXwl4SY,https://music.youtube.com/watch?v=bBNGCvCoG0U,https://music.youtube.com/watch?v=9Lrmp8azaXM
b5369528-03d4-59fe-9629-ed02e291d0b2,feaadaaa-0112-5f24-acb1-87598d6bf9e4,1,Nazrein Mili Dil Dhadka,"Udit Narayan, Alka Yagnik",4.0,https://www.youtube.com/watch?v=Q-0NNaJ4SCc,https://music.youtube.com/watch?v=BPf65oqh_Vg,https://music.youtube.com/watch?v=lLnJduse8vA,https://music.youtube.com/watch?v=b2zESsMzvRw
4bc640b0-e4e3-5594-a672-95ceca2a572d,feaadaaa-0112-5f24-acb1-87598d6bf9e4,3,Kisi Din Banoongi Main Raja Ki Rani,"Udit Narayan, Alka Yagnik",4.0,https://www.youtube.com/watch?v=mZwJs1YQ-Wk,https://music.youtube.com/watch?v=52MTK4354ck,https://music.youtube.com/watch?v=N2-EtrJBkm0,https://music.youtube.com/watch?v=M9tNiWG3mX0
a3d6b19f-4f40-541c-9860-3d6a5bd77ca3,feaadaaa-0112-5f24-acb1-87598d6bf9e4,8,Aankh Teri Chhalke To,"Udit Narayan, Alka Yagnik",4.0,https://www.youtube.com/watch?v=82Y3gIDsjII,https://music.youtube.com/watch?v=QFpIWw9ZSKk,https://music.youtube.com/watch?v=DcmAdfDgpdI,https://music.youtube.com/watch?v=MAkdGeII8sQ
74323af4-166e-55fb-a5e6-26ac02638812,684e8069-5f48-5671-a330-141509c5447b,1,Rangeela Re,"Asha Bhosle, Aditya Narayan",4.6,https://www.youtube.com/watch?v=QSpQkE5D_WI,https://music.youtube.com/watch?v=i65HIFzIfec,https://music.youtube.com/watch?v=rsHRdLO4nYo,https://music.youtube.com/watch?v=aXM-OEjKboo
ee39d38d-7447-5fff-9429-8bb24c4a5682,684e8069-5f48-5671-a330-141509c5447b,2,Haay Rama Yeh Kya Hua,"Hariharan, Swarnalatha",4.6,https://www.youtube.com/watch?v=y8k_SfJKVdo,https://music.youtube.com/watch?v=KQUS-phhM0Y,https://music.youtube.com/watch?v=oCns_sFVBT0,https://music.youtube.com/watch?v=wn_qft1ssyY
e08a7719-10e0-52a9-a601-e27e7ead1326,684e8069-5f48-5671-a330-141509c5447b,3,Kya Karen Kya Naa Karen,Udit Narayan,4.33,https://www.youtube.com/watch?v=-mk_mvPQGkY,https://music.youtube.com/watch?v=q8RvuxzJc6s,https://music.youtube.com/watch?v=3NPFzThQQNU,
ba1a785f-a1ba-5946-b4fe-c1778490f87b,684e8069-5f48-5671-a330-141509c5447b,4,Pyaar Ye Jaane Kaisa Hai,"Kavita Krishnamurthy, Suresh Wadkar",4.5,https://www.youtube.com/watch?v=w7yE8XOE2vM,https://music.youtube.com/watch?v=w7yE8XOE2vM,https://music.youtube.com/watch?v=wNZM0x-4p4Y,https://music.youtube.com/watch?v=r8IYn3_1McY
9771e288-f14a-51fc-a612-dcb1906c901d,684e8069-5f48-5671-a330-141509c5447b,5,Tanha Tanha Yahan Pe Jeena,Asha Bhosle,4.83,https://www.youtube.com/watch?v=W1GNGlaFKYw,https://music.youtube.com/watch?v=t01xy30jZ7A,https://music.youtube.com/watch?v=oDhE2d3oMm8,https://music.youtube.com/watch?v=fvnbKR6W5N8
c35468c3-d302-58ff-b601-24c6a0e6c1fd,684e8069-5f48-5671-a330-141509c5447b,8,Spirit Of Rangeela,,4.0,https://www.youtube.com/watch?v=jRHvgvQ3D1w,https://music.youtube.com/watch?v=PQg7stCB_-I,https://music.youtube.com/watch?v=cl_n4eSiuAo,https://music.youtube.com/watch?v=qMfJ-5qZdEs
9bc9dac6-f603-521b-962e-aefc3c2d8230,d400a42c-b08b-5055-b9ec-69fea56a1e68,1,Aankhon Mein Base Ho Tum (Duet),"Alka Yagnik, Abhijeet",4.0,http://www.youtube.com/watch?v=h6xpqJT74BU,https://music.youtube.com/watch?v=STaJ2EU_VFc,https://music.youtube.com/watch?v=cW5KnYiNgHU,https://music.youtube.com/watch?v=w2nAmviVtbE
d9d6acb7-6067-530c-9ec1-ca7b43c413eb,e96cb2cc-03d3-5f10-8940-8956a2d017b5,3,O Yaara Dil Lagaana (Kitna Mushkil Hai Dekho),Kavita Krishnamurthy,4.0,https://www.youtube.com/watch?v=O6yl2V9jKTo,https://music.youtube.com/watch?v=viUbdvfX6KQ,https://music.youtube.com/watch?v=9wfeHEs8egI,https://music.youtube.com/watch?v=tHq23DZBbE8
108534b1-b067-5796-8c50-bd71d323bd62,114c4eb6-80f6-5276-a1df-cd666c1c7d11,2,Thodi Khushiyan Thode Gham (Meri Zindagi Teri Zindagi),Asha Bhosle,4.0,https://www.youtube.com/watch?v=B_zkgOopItc,https://music.youtube.com/watch?v=3K5QMInRDkU,,
aeda3c6b-5f66-5705-9477-aa62f12ca233,c2621e62-8cca-548d-ba33-3c1d792db1c5,7,Om Namah Shivay,"Roop Kumar Rathod, Kavita Krishnamurthy",4.0,https://www.youtube.com/watch?v=_W4P7YojOI4,https://music.youtube.com/watch?v=_W4P7YojOI4,https://music.youtube.com/watch?v=n_pgnuRHRR0,https://music.youtube.com/watch?v=nwzmhrIPL2I
b40b45a8-730c-5cd0-97e3-ad33f364a700,c8205f21-73c0-5c55-a9e9-8f0a235a4694,6,Sa Ni Dha Pa,"Hariharan, Leslie Lewis",4.5,https://www.youtube.com/watch?v=cuMYU4bqZ_A,https://music.youtube.com/watch?v=cuMYU4bqZ_A,https://music.youtube.com/watch?v=R2cy38XL08I,https://music.youtube.com/watch?v=uVAOoeyI1jA
68f9abb7-c33f-5069-91cc-c2c295ca3e37,a2e565a5-c8e4-51f2-8280-b7f38942b9f0,1,Ye Pyar Pyar Kya Hai,"Abhijeet, Kavita Krishnamurthy",4.0,https://www.youtube.com/watch?v=-Qjfe_MTivQ,https://music.youtube.com/watch?v=-OkG5hakynI,https://music.youtube.com/watch?v=X_uTQF61vu4,https://music.youtube.com/watch?v=-Qjfe_MTivQ
3d40868a-58e4-59d5-a42e-56a44e94cc73,a2e565a5-c8e4-51f2-8280-b7f38942b9f0,8,Deewana Deewana,"Abhijeet, Sadhna Sargam",4.0,https://www.youtube.com/watch?v=eie3_rfg33I,https://music.youtube.com/watch?v=4dYuNXcR53o,https://music.youtube.com/watch?v=DkcvclqVzGM,https://music.youtube.com/watch?v=OYIMLXmmt14
3551bd0a-5c0d-5335-9f89-3d59b6c02e49,6ed304b4-8e72-5897-bfaf-f4468ef45217,1,Dardi Rab Rab Kardi,Daler Mehndi,4.5,https://www.youtube.com/watch?v=M3UDnXE8m3A,https://music.youtube.com/watch?v=M3UDnXE8m3A,https://music.youtube.com/watch?v=E8jmUtaz4dk,https://music.youtube.com/watch?v=M0mnorNKGas
b5b1f9d3-09c9-5db8-a6c7-0e659ec795cb,0712153c-3302-5435-b6e8-cbf03a072200,1,Jadoo Bhari Aankhon Wali Suno Tum Aise Mujhe Dekha Na Karo,Udit Narayan,4.33,http://www.youtube.com/watch?v=AGxqUB3O5lI,https://music.youtube.com/watch?v=UMSI-oHfjPE,https://music.youtube.com/watch?v=ukCVP16cZTM,https://music.youtube.com/watch?v=uy90dEOZKZA
553a65ed-b272-5390-965c-d341d75c05e1,0712153c-3302-5435-b6e8-cbf03a072200,3,Tumhe Kaise Main Bataoon - I,Abhijeet,4.0,https://www.youtube.com/watch?v=JfRwCi2FHlc,https://music.youtube.com/watch?v=JfRwCi2FHlc,https://music.youtube.com/watch?v=D35cqfLZO60,https://music.youtube.com/watch?v=r_KpqL8yW9Q
0efedfef-cc49-54dd-ae19-d977fa3a7deb,0712153c-3302-5435-b6e8-cbf03a072200,7,Tumhe Kaise Main Bataoon - II,Abhijeet,4.0,http://www.youtube.com/watch?v=M-LiTa_zw_g,https://music.youtube.com/watch?v=JfRwCi2FHlc,https://music.youtube.com/watch?v=D35cqfLZO60,https://music.youtube.com/watch?v=4lGIBwtSej8
a8a3c7a2-2842-5c2f-8ce4-d50970a9c106,b0105648-8846-53a5-9bee-4bca3689ada1,1,Dum Tara,Suchitra Krishnamoorthi,4.0,http://www.youtube.com/watch?v=NtHPVQyfjws,https://music.youtube.com/watch?v=NtHPVQyfjws,https://music.youtube.com/watch?v=n_JZesByick,https://music.youtube.com/watch?v=AcnNbfBeKZ4
6d053461-e9ad-52bf-9599-77b1d7dcb069,c03981c6-d43e-5e00-8b4a-4c095cc08ae1,7,But Bane Baithe Hain,Bhupinder Singh,4.0,https://www.youtube.com/watch?v=QOxn0EqOhyA,https://music.youtube.com/watch?v=QOxn0EqOhyA,https://music.youtube.com/watch?v=hksyHMjDaDA,https://music.youtube.com/watch?v=ZIj4263t5Bg
569d184e-d78d-5cb7-abfc-972111aa351b,13ad1b8d-bc9b-5d4d-8d8f-27d2df100c98,1,Chup Tum Raho Chup Hum Rahen,"M.M. Kreem, K.S. Chitra",4.0,http://www.youtube.com/watch?v=IelPNu6u4y4,https://music.youtube.com/watch?v=0BWk4tzJnRI,https://music.youtube.com/watch?v=IelPNu6u4y4,https://music.youtube.com/watch?v=9BDRzv15fCc
ccd362ed-69b1-5c9d-8a67-132c8db7a2c6,13ad1b8d-bc9b-5d4d-8d8f-27d2df100c98,2,Jeevan Kya Hai Koi Na Jaane,M.M. Kreem,4.0,http://www.youtube.com/watch?v=iNqIyVPuomI,https://music.youtube.com/watch?v=Av4NJy0N0n0,https://music.youtube.com/watch?v=ZHQb1W7sH1g,https://music.youtube.com/watch?v=m_2MucLRVjc
7fde4136-575e-5eb2-a8a3-e1f99bc0afdc,13ad1b8d-bc9b-5d4d-8d8f-27d2df100c98,3,Mere Tere Naam Naye Hain,S.P. Balasubramaniam,4.0,http://www.youtube.com/watch?v=jsN7n7YZhVI,https://music.youtube.com/watch?v=OqH5cyaszN8,https://music.youtube.com/watch?v=8r4P8_IRcGE,
960888dd-b64c-5518-944a-d037519a94c3,209165c4-be08-54e6-bdb7-ebe4145a90ed,1,Yaara O Yaara,"Alka Yagnik, Vinod Rathod",4.0,https://www.youtube.com/watch?v=2wZkJlSktHQ,https://music.youtube.com/watch?v=z9lM01Qf9iA,https://music.youtube.com/watch?v=dmMPsiGZ_LA,https://music.youtube.com/watch?v=wm-cCzEgJRc
276d9b40-b0ee-5524-b69b-bedf46cbdbaf,209165c4-be08-54e6-bdb7-ebe4145a90ed,3,Saanson Ka Chalna,"Alka Yagnik, Udit Narayan",4.0,https://www.youtube.com/watch?v=ySLS6bYg_lc,https://music.youtube.com/watch?v=cAFBmr8aJAE,https://music.youtube.com/watch?v=F7SfVKN0ERE,https://music.youtube.com/watch?v=gx93lIl5yOs
c731fd9c-0750-5a73-bb07-5de598ea6820,fb0d88ab-8d28-593d-b18d-ca82dfa5ceb8,1,Bahon Ke Darmiyan,"Hariharan, Alka Yagnik",4.67,https://www.youtube.com/watch?v=D8X6XhKtUL0,https://music.youtube.com/watch?v=kHYYfKAQdHA,https://music.youtube.com/watch?v=BGCpnS46I8A,https://music.youtube.com/watch?v=-UsQaBKCSYk
83433703-bc2c-52e3-abd2-cb95208b592a,fb0d88ab-8d28-593d-b18d-ca82dfa5ceb8,2,Aankhon Mein Kya,Kumar Sanu,4.0,https://www.youtube.com/watch?v=riZFUtAa9e8,https://music.youtube.com/watch?v=rTMe1zNKWqk,https://music.youtube.com/watch?v=riZFUtAa9e8,https://music.youtube.com/watch?v=PwDA1tpkd4Y
2cd7d0d1-ec43-50b3-a1aa-c1a1590c66db,fb0d88ab-8d28-593d-b18d-ca82dfa5ceb8,3,Gaate The Pehle Akele,"Kavita Krishnamurthy, Shraddha Pandit, Khusnum",4.0,https://www.youtube.com/watch?v=s-vHBRUMPFw,https://music.youtube.com/watch?v=s-vHBRUMPFw,https://music.youtube.com/watch?v=Wj6Ka6cTC9Q,
51f35ba0-b1fc-585d-8ba8-f735797204c5,fb0d88ab-8d28-593d-b18d-ca82dfa5ceb8,4,Jana Suno Hum Tum Pe Marte Hain,Udit Narayan,4.33,https://www.youtube.com/watch?v=gPuDUyE4lhA,https://music.youtube.com/watch?v=sF9Ny7sjbuE,https://music.youtube.com/watch?v=gPuDUyE4lhA,https://music.youtube.com/watch?v=p7nInMOWR5A
3f205835-827d-5f92-a9d1-333bb58f9073,fb0d88ab-8d28-593d-b18d-ca82dfa5ceb8,5,Aaj Main Upar Aasman Neeche,"Kumar Sanu, Kavita Krishnamurthy",4.6,https://www.youtube.com/watch?v=Q1z6iif3RN4,https://music.youtube.com/watch?v=1rhJPDK6WLM,https://music.youtube.com/watch?v=Q1z6iif3RN4,https://music.youtube.com/watch?v=cBhehE8AbUA
9482a56e-3205-507b-b5ac-a186d4e51081,fb0d88ab-8d28-593d-b18d-ca82dfa5ceb8,6,Yeh Dil Sun Raha Hai,Kavita Krishnamurthy,4.5,https://www.youtube.com/watch?v=1JyNTLsjaUE,https://music.youtube.com/watch?v=gepYeviVxHk,https://music.youtube.com/watch?v=1JyNTLsjaUE,https://music.youtube.com/watch?v=JFB1OjIqMZQ
c2d506ab-37e4-5a55-ad18-7c4ba298beaa,fb0d88ab-8d28-593d-b18d-ca82dfa5ceb8,8,Mausam Ke Sargam Ko Sun,"Kavita Krishnamurthy, Shraddha Pandit",4.71,https://www.youtube.com/watch?v=7rcPYCYq7jE,https://music.youtube.com/watch?v=mGFo1Ys_2BA,https://music.youtube.com/watch?v=7rcPYCYq7jE,https://music.youtube.com/watch?v=pwFluJQGUYg
71ad36cd-2217-5974-a0bd-e4fad7d5d6c6,0a25ce6f-0992-5ea8-b038-c148549f82f1,1,Jhanjariya Uski Chhanak Gayi (Male),Abhijeet,4.0,https://www.youtube.com/watch?v=6C34aCdjJtM,https://music.youtube.com/watch?v=8hvwzeAbFm8,,
f9d82810-3760-5033-883d-3469bc3ef70b,0a25ce6f-0992-5ea8-b038-c148549f82f1,3,Darwaze Pe Tere Baarat Aayega,Abhijeet,4.0,https://www.youtube.com/watch?v=gKyexIYESDA,https://music.youtube.com/watch?v=MWoqSnLoDEs,https://music.youtube.com/watch?v=ywT7eT4CTSU,https://music.youtube.com/watch?v=XJcI2gyn8SI
f85e0135-b6aa-5755-8fe8-ed70e6816878,0a25ce6f-0992-5ea8-b038-c148549f82f1,6,Jhanjariya Meri Chhanak Gayi (Female),Alka Yagnik,4.0,https://www.youtube.com/watch?v=yRsRKYcAqcc,https://music.youtube.com/watch?v=fJPLblvzZbI,https://music.youtube.com/watch?v=Va5oTalhvos,
f33d68ab-6fb9-5439-afba-ea7418b9f502,87d69d5d-7b1a-59f6-a357-f5a3cf80c0d6,1,Chhod Aaye Hum Woh Galiyan,"Hariharan, Suresh Wadkar, Vinod Sehgal, KK",4.67,https://www.youtube.com/watch?v=RraeHart9uY,https://music.youtube.com/watch?v=SvooXTj-tiY,https://music.youtube.com/watch?v=lriS6kcKtm8,
dfb96fc8-88c1-5604-9330-72024b9b7132,87d69d5d-7b1a-59f6-a357-f5a3cf80c0d6,6,Tum Gaye Sab Gaya (Male),Hariharan,4.0,https://www.youtube.com/watch?v=Rnw34CpES2s,https://music.youtube.com/watch?v=_48Kfwe6vd8,https://music.youtube.com/watch?v=IszFSGW8QEo,
732ce5b0-b4cf-5945-ae4f-379f6bff0396,87d69d5d-7b1a-59f6-a357-f5a3cf80c0d6,8,Chappa Chappa Charkha Chale,"Hariharan, Suresh Wadkar",4.6,https://www.youtube.com/watch?v=HVa0owi2ZP4,https://music.youtube.com/watch?v=HVa0owi2ZP4,https://music.youtube.com/watch?v=90jK8zAUJMI,https://music.youtube.com/watch?v=KFU1EkKKqYE
e4cc98dc-76a4-5f76-ba89-ccb697a85f93,0f3d7c67-c771-523b-a7f6-eb7633504389,1,Mera Chaand Mujhe Aaya Hai Nazar,Kumar Sanu,4.0,https://www.youtube.com/watch?v=DeSa4z6rV9c,https://music.youtube.com/watch?v=k0DeuDTrJBM,https://music.youtube.com/watch?v=LxkpvK3J46E,https://music.youtube.com/watch?v=9GJToQrlt4Y
c270c81a-8f20-53bc-a0d9-0fee02062362,0f3d7c67-c771-523b-a7f6-eb7633504389,4,Humko Awaaz De,"Kumar Sanu, Alka Yagnik",4.33,https://www.youtube.com/watch?v=sjDKvrfc_BM,https://music.youtube.com/watch?v=YYZeYE-8lbw,https://music.youtube.com/watch?v=zlMhjOJcH9Y,https://music.youtube.com/watch?v=I6PJmSnQAZg
629545f4-a01a-555c-97ba-7e774b1f21e8,c147edd1-4cfa-5397-ab77-98aba229b145,1,Ghar Se Nikalte Hi,Udit Narayan,4.25,http://www.youtube.com/watch?v=_IcVb6hFhPs,https://music.youtube.com/watch?v=_IcVb6hFhPs,https://music.youtube.com/watch?v=DUgsoIrOsTU,https://music.youtube.com/watch?v=2oEZkE4-8nY
0df3ce4c-670e-5db9-a382-ab11fca626c2,c147edd1-4cfa-5397-ab77-98aba229b145,2,Pyar Mein Hota Hai Kya Jadu,"Kumar Sanu, Alka Yagnik",4.33,http://www.youtube.com/watch?v=5EgeVXqsDUk,https://music.youtube.com/watch?v=5EgeVXqsDUk,https://music.youtube.com/watch?v=Q6Oc3NiBnUg,https://music.youtube.com/watch?v=Y38B8qaa2l0
c5066a36-586b-5203-8f1c-17284f24bd8f,c147edd1-4cfa-5397-ab77-98aba229b145,3,Yeh Jo Thode Se Hain Paise,Kumar Sanu,4.0,http://www.youtube.com/watch?v=S101361B78E,https://music.youtube.com/watch?v=z-BBKq4Ib7c,https://music.youtube.com/watch?v=S101361B78E,https://music.youtube.com/watch?v=FH69E877bD0
90ccbed1-0dd1-5f25-b0ab-ee93f35cae8c,49776f48-f86b-55f6-bcc8-45fc810c3117,3,Aaye Ho Meri Zindagi Mein (Female),Alka Yagnik,4.0,https://www.youtube.com/watch?v=RqrjCVsbnFU,https://music.youtube.com/watch?v=vQhWeIucOkc,https://music.youtube.com/watch?v=WN-PpXPXMKw,https://music.youtube.com/watch?v=dulhMIw0xLI
28fa8e0b-b836-57fe-9786-a6a00fd83545,0b038782-e8c1-59bb-b26b-bc1544c9463e,4,Tum To Dhokhebaaz Ho,"Alka Yagnik, Kumar Sanu",4.0,http://www.youtube.com/watch?v=OepNlH9yOqs,https://music.youtube.com/watch?v=vVqg4H-PoC0,https://music.youtube.com/watch?v=TkIXknLGeYM,https://music.youtube.com/watch?v=y9TF-FX6NVM
aac0e855-882d-58fa-8bb0-bad52b8dbb69,13d7228c-3403-5d93-b999-5fdf9f5809d6,1,Ye Kya Hua,"Alka Yagnik, Kumar Sanu",4.0,https://www.youtube.com/watch?v=KT4bni4CZcc,https://music.youtube.com/watch?v=KT4bni4CZcc,https://music.youtube.com/watch?v=N4pPa_ub26A,https://music.youtube.com/watch?v=vXwf4CtUDkI
98ff9dff-f847-5e81-b6c9-585619c59bc4,13d7228c-3403-5d93-b999-5fdf9f5809d6,7,Aaj Kal Mere Hothon Par Hansi Hai,Alka Yagnik,4.0,https://www.youtube.com/watch?v=asGxMrPcmhs,https://music.youtube.com/watch?v=asGxMrPcmhs,https://music.youtube.com/watch?v=B87KguIa7-8,
30b2b970-24d6-585c-b0d0-9cf689c8911c,6e5a9bf0-6a9e-5b9c-92f6-65ae7a2173f0,1,Tere Mere Sapne Khile,"Udit Narayan, Vinod Rathod, Hema Sardesai",4.0,http://www.youtube.com/watch?v=Rd8basr_Oi4&feature=plcp,https://music.youtube.com/watch?v=Rd8basr_Oi4,https://music.youtube.com/watch?v=wtJGgYnnGzs,https://music.youtube.com/watch?v=IstreDTazrU
a42156d8-a810-519a-9f53-5d42ac1101be,6e5a9bf0-6a9e-5b9c-92f6-65ae7a2173f0,2,Kuchh Mere Dil Ne Kaha,"Hariharan, Sadhna Sargam",4.67,http://www.youtube.com/watch?v=xx1Y5CbAJMw&feature=plcp,https://music.youtube.com/watch?v=vCg6l4x1TzM,https://music.youtube.com/watch?v=I66Y3YC-918,https://music.youtube.com/watch?v=bkWpCme6JCo
26f1cb3d-79fc-5fbb-8579-ac875f85403d,1775ca7d-e6b5-50c2-bfb5-9e025e8615bb,4,Mann Chaahe Sanam,"Abhijeet, Sadhna Sargam",4.0,http://www.youtube.com/watch?v=2NOMhNx3aM8,https://music.youtube.com/watch?v=2NOMhNx3aM8,https://music.youtube.com/watch?v=7i5x_3JM0H8,https://music.youtube.com/watch?v=Q-QlTGkKX-0
a20edd4b-8fe8-575f-8e8b-a0641a5e1d01,2b752d28-744d-55ed-bbc9-f45bd5d288ba,2,Labon Se Choom Lo,Sriradha Bannerjee,4.0,https://www.youtube.com/watch?v=CNV1ZQ03xG8,https://music.youtube.com/watch?v=CNV1ZQ03xG8,https://music.youtube.com/watch?v=em9u2Vd6zjg,https://music.youtube.com/watch?v=eJ6s9sSvxyg
13606af1-d9b3-5a7e-aa1c-6117517f58de,b5f9efef-3a05-5e91-976f-85dc16f69616,3,Koi Jane Koi Naa Jane,"Nusrat Fateh Ali Khan, Udit Narayan, Anuradha Paudwal",4.0,https://www.youtube.com/watch?v=btyfUMWd2IE,https://music.youtube.com/watch?v=9TbUtbRgqcQ,https://music.youtube.com/watch?v=IMxkj3ETJKE,https://music.youtube.com/watch?v=SdTEttG60V0
37609bc6-9e10-5421-86a4-141de01e8940,1303121b-c607-5c10-9210-542696d108ac,2,Kabhi Toh Nazar Milao,"Adnan Sami, Asha Bhosle",4.0,https://www.youtube.com/watch?v=84k0Dk1xAdg,https://music.youtube.com/watch?v=lnga-ZubBKY,https://music.youtube.com/watch?v=wlUHeLQf5Zc,https://music.youtube.com/watch?v=FKCq7v80E2M
14061db2-8b2a-5df1-b95a-895df524bfa9,6ee05ad4-6c99-5709-88b9-e25d6d796356,1,Sandese Aate Hain (Ke Ghar Ab Aaoge),"Roop Kumar Rathod, Sonu Nigam",4.25,https://www.youtube.com/watch?v=ZPFnsDQsmf8,https://music.youtube.com/watch?v=9sthJUHkzgI,https://music.youtube.com/watch?v=UovOpJXNhi8,https://music.youtube.com/watch?v=bteP4WZUKT4
90c521ec-37ed-51b2-801d-3756850bb78b,fd4d9e36-5993-509e-9268-e1781eb48994,5,Dauda Dauda Bhaaga Bhaaga Sa,Hariharan,4.0,https://www.youtube.com/watch?v=wpX3WBRDViI,https://music.youtube.com/watch?v=wpX3WBRDViI,https://music.youtube.com/watch?v=EM2UOhG8-V0,https://music.youtube.com/watch?v=tTDZPmO3luQ
33a24feb-ab31-5544-a8f9-cc3d1a766a85,8ac94f85-4ae1-5d70-ae08-9e8968204cd4,5,Yeh Jaan,"Vinod Rathod, Kavita Krishnamurthy",4.0,https://www.youtube.com/watch?v=kG3Fe_adM_4,https://music.youtube.com/watch?v=WsLkojQGZm4,https://music.youtube.com/watch?v=7fmUbc5PnDw,
1ba40582-ad48-5d9b-9c2a-2f74fcf64774,8ac94f85-4ae1-5d70-ae08-9e8968204cd4,8,Oh! Sai Yaiye,"Asha Bhosle, S.P. Balasubramaniam",4.0,https://www.youtube.com/watch?v=IcP2a7DtqrU,https://music.youtube.com/watch?v=IcP2a7DtqrU,https://music.youtube.com/watch?v=FVGmX37CHZY,
28d7e506-3529-5883-9d47-3d154d22ef35,8e0b55f1-72ce-5317-9117-10cdcf119869,1,Dil To Pagal Hai,"Udit Narayan, Lata Mangeshkar",4.25,https://www.youtube.com/watch?v=lZ2PhyBF3GQ,https://music.youtube.com/watch?v=lZ2PhyBF3GQ,https://music.youtube.com/watch?v=QfKLeqccrkg,https://music.youtube.com/watch?v=-NCdeldQLFc
9c8f3354-18ef-53cf-8e9e-6137e9b964d9,8e0b55f1-72ce-5317-9117-10cdcf119869,2,Are Re Are Ye Kya Hua,"Udit Narayan, Lata Mangeshkar",4.0,https://www.youtube.com/watch?v=Xu03MHGLqvQ,https://music.youtube.com/watch?v=OEpFiDKqH7E,https://music.youtube.com/watch?v=N12CeX9dvhE,https://music.youtube.com/watch?v=JnNSJNfgZag
726996dc-4220-5407-a3b3-e352ee92601c,8e0b55f1-72ce-5317-9117-10cdcf119869,3,Bholi Si Surat,"Lata Mangeshkar, Udit Narayan",4.0,https://www.youtube.com/watch?v=meIJHsxINQ8,https://music.youtube.com/watch?v=IsPOtygII-Q,https://music.youtube.com/watch?v=BjmUtE8AuCo,https://music.youtube.com/watch?v=-1J1XqOKnuw
edae4746-95cc-5180-8d9c-724aabffb676,8e0b55f1-72ce-5317-9117-10cdcf119869,6,Pyar Kar,"Udit Narayan, Lata Mangeshkar",4.0,https://www.youtube.com/watch?v=rl66MFnlbyc,https://music.youtube.com/watch?v=tvxXAZo1Hlg,https://music.youtube.com/watch?v=F-YbrqYuK90,https://music.youtube.com/watch?v=GVKMY3SDpmY
6824eb2d-e075-5237-930d-1032cd79d011,1f9d39bd-1b60-5539-a3e9-84dc8a4da6f5,1,Hindustani,"Udit Narayan, Shankar Mahadevan, Mahalakshmi Iyer, Dominique Cerejo",4.0,https://www.youtube.com/watch?v=phXc6nu1vG0,https://music.youtube.com/watch?v=rygd9apAwiE,https://music.youtube.com/watch?v=4lWsTlvgXS8,https://music.youtube.com/watch?v=ROfnLHKyY44
b88bddfc-b502-5792-9153-a70d45f8dabf,dbaa2541-f2da-589f-8364-bc121646265f,1,Ghooghat Mein Chehra,Hariharan,4.0,https://www.youtube.com/watch?v=8Ip2rAk7Tzc,https://music.youtube.com/watch?v=8Ip2rAk7Tzc,https://music.youtube.com/watch?v=CUgdjJBIk1A,
135e279a-7243-55e3-a6ef-6e78fd74475f,9a5fbd25-2a56-574b-9efb-d5382068d434,1,Gupt Gupt,"Kavita Krishnamurthy, Hema Sardesai, Chetan - III",4.4,https://www.youtube.com/watch?v=yJGQXbVWlWA,https://music.youtube.com/watch?v=dyQWAlbPIMk,https://music.youtube.com/watch?v=F7kRyZ6u5V4,https://music.youtube.com/watch?v=pAdwJF0N9XE
20c19bac-68e4-5e57-b940-726ea4962394,9a5fbd25-2a56-574b-9efb-d5382068d434,2,Duniya Haseeno Ka Mela,"Udit Narayan, Suneeta Rao",4.25,https://www.youtube.com/watch?v=RiUMVPpk0Fo,https://music.youtube.com/watch?v=UW99gaLWv7s,https://music.youtube.com/watch?v=UfSmnPM0PFE,https://music.youtube.com/watch?v=uKb9QwCTdwo
65308874-6e16-5929-82b4-7c8efad81b19,9a5fbd25-2a56-574b-9efb-d5382068d434,3,Mushkil Bada Yeh Pyar Hai,"Udit Narayan, Alka Yagnik",4.0,https://www.youtube.com/watch?v=SGKK90-dFRo,https://music.youtube.com/watch?v=e9gelUH_f_k,https://music.youtube.com/watch?v=WRyfXqBWMLo,https://music.youtube.com/watch?v=SGKK90-dFRo
ea3e3a8d-e421-5e4e-8b8f-25c2985ab49b,9a5fbd25-2a56-574b-9efb-d5382068d434,4,Mere Khwabon Mein Tu,"Kumar Sanu, Alka Yagnik",4.25,https://www.youtube.com/watch?v=XzdLsuatQ7I,https://music.youtube.com/watch?v=Yuez8-A4NaQ,https://music.youtube.com/watch?v=SKwGhH8FHJI,https://music.youtube.com/watch?v=5RUzTAtDTDo
5ab0025b-dbb5-59fb-b035-f6004939169c,9a5fbd25-2a56-574b-9efb-d5382068d434,7,Mere Sanam,"Sadhna Sargam, Udit Narayan",4.25,https://www.youtube.com/watch?v=mZn1t0PZKPI,https://music.youtube.com/watch?v=mZn1t0PZKPI,https://music.youtube.com/watch?v=nsdxqrALHUY,
864a5906-9ed9-5042-8087-9dba931730bd,9a5fbd25-2a56-574b-9efb-d5382068d434,8,Gupt Gupt (Extended Version),"Kavita Krishnamurthy, Hema Sardesai, Chetan - III",4.5,https://www.youtube.com/watch?v=e0R0l8oefFM,https://music.youtube.com/watch?v=dyQWAlbPIMk,https://music.youtube.com/watch?v=F7kRyZ6u5V4,https://music.youtube.com/watch?v=pAdwJF0N9XE
d793a21f-f8a3-5f14-a19a-c2e13b81b60d,35cc92ab-f090-5609-9525-eac9c48f640c,1,Ho Jayegi Balle Balle,Daler Mehndi,4.0,http://www.youtube.com/watch?v=KTE6S-Pmhpw,https://music.youtube.com/watch?v=E_Flc9wuco8,https://music.youtube.com/watch?v=_eiF8MtNkz4,https://music.youtube.com/watch?v=Byh5Vz1PAPk
dbebfe20-d1d3-5ce9-a452-dc029b0b0b1a,75001f49-b719-5796-9525-35d321b84909,1,Raat Shabnami (Jaanam Samjha Karo),Asha Bhosle,4.67,https://www.youtube.com/watch?v=_8vdoODqNUU,https://music.youtube.com/watch?v=xxi0G5pgeYE,https://music.youtube.com/watch?v=OJC4uskX49U,https://music.youtube.com/watch?v=_8vdoODqNUU
02e6e494-039e-579a-aa26-c4f1757c9ec6,7b52d0bb-e342-532c-bc92-0b3de5ad2eea,1,Hum Ko Hone Do Sharabi,"Kumar Sanu, Abhijeet",4.67,https://www.youtube.com/watch?v=Zcqbv8NCjV4,https://music.youtube.com/watch?v=W7-TvZQ2xLo,https://music.youtube.com/watch?v=Zcqbv8NCjV4,https://music.youtube.com/watch?v=NqdQ2J-zrSY
b64288e4-f282-5a6d-8da9-7fa5c379b1c5,7b52d0bb-e342-532c-bc92-0b3de5ad2eea,5,Aao Batata Hoon,"Vinod Rathod, Anand Raj Anand",4.5,https://www.youtube.com/watch?v=WQOqxvfWe3g,https://music.youtube.com/watch?v=u3PE60gKw10,https://music.youtube.com/watch?v=WQOqxvfWe3g,https://music.youtube.com/watch?v=3XMV4qw7kus
b090d0e5-af1b-5500-b797-96beea182024,7b52d0bb-e342-532c-bc92-0b3de5ad2eea,6,Saanwali Hasina Kabhi Mil,"Kumar Sanu, Kavita Krishnamurthy",4.0,https://www.youtube.com/watch?v=i_g1Ogfp5nw,https://music.youtube.com/watch?v=g-M5lFbv3kQ,https://music.youtube.com/watch?v=H5kgaOK5Pvs,https://music.youtube.com/watch?v=9Sf_0qNDNUE
318b5326-cab7-5965-a662-0610d036eada,63fcb918-bff3-5628-a852-121450e52a52,1,Dekha Tujhe Toh,"Alka Yagnik, Kumar Sanu",4.25,https://www.youtube.com/watch?v=hOiR2N70bwg,https://music.youtube.com/watch?v=KS_HMMPrlXM,https://music.youtube.com/watch?v=cUVUs7M9TS0,https://music.youtube.com/watch?v=HlA1GT5A6rk
cc5b2678-7f8a-5488-8710-a659f969d348,63fcb918-bff3-5628-a852-121450e52a52,2,Ghunghte Mein Chanda,Udit Narayan,4.0,https://www.youtube.com/watch?v=t2QegpYeNzg,https://music.youtube.com/watch?v=Cu-_i6oFPtY,https://music.youtube.com/watch?v=QVrv7JTBptA,https://music.youtube.com/watch?v=jMC4OirDKuk
6fc54964-9999-5e93-8a60-3ec83e9f5c81,63fcb918-bff3-5628-a852-121450e52a52,4,Badan Juda Hote Hain,"Kumar Sanu, Preeti Singh",4.0,http://www.youtube.com/watch?v=1OUOqgG4Af8,https://music.youtube.com/watch?v=kDzWGZ75IXQ,https://music.youtube.com/watch?v=GPmNONNYAuo,https://music.youtube.com/watch?v=iJvGXeTR9AA
ff26fc5b-a969-51eb-97f9-7816d9ed532c,f7aa1382-7483-5c3a-8ff9-e85f7e8cc2cd,1,Na Na Na Na Na Re,"Daler Mehndi, Sudesh Bhosle",4.0,http://www.youtube.com/watch?v=vDolreuYdhA,https://music.youtube.com/watch?v=vDolreuYdhA,https://music.youtube.com/watch?v=M-MA94cs4KM,https://music.youtube.com/watch?v=Y21Oy4FNBks
a5ab7168-d335-5d0f-b1f2-5e965b11b665,f2533af3-8a8c-5e16-b9c5-339a05d8fc21,1,Do Dil Mil Rahe Hain,Kumar Sanu,4.5,https://www.youtube.com/watch?v=gmJW33derRY,https://music.youtube.com/watch?v=eKIpHujNdX0,https://music.youtube.com/watch?v=QvGqaBRHT0g,https://music.youtube.com/watch?v=z1PZf6l22_c
b629bf68-5e4d-5c36-bf72-b966f8fba741,f2533af3-8a8c-5e16-b9c5-339a05d8fc21,2,Meri Mehbooba,"Kumar Sanu, Alka Yagnik",4.0,https://www.youtube.com/watch?v=WkfcHsPKwds,https://music.youtube.com/watch?v=k2CuG5E4OAo,https://music.youtube.com/watch?v=esbQ9uY-U1Q,https://music.youtube.com/watch?v=KflnXYOB5to
9ce73b26-a61b-5430-8948-2b554b626247,f2533af3-8a8c-5e16-b9c5-339a05d8fc21,3,Yeh Dil Deewana,"Sonu Nigam, Shankar Mahadevan, Hema Sardesai",4.12,https://www.youtube.com/watch?v=lgv1FsVsRAA,https://music.youtube.com/watch?v=Leq9b6m7qW8,https://music.youtube.com/watch?v=d7MDzmchS50,https://music.youtube.com/watch?v=NpGNkoaI2go
dd38cdee-2779-5bee-9167-4346370a8761,1495e17e-74b2-5fc1-aadc-dfbc4506b077,1,Kya Tumne Hai Keh Diya,Kavita Krishnamurthy,4.0,http://www.youtube.com/watch?v=TDi8crkifvI,https://music.youtube.com/watch?v=iblutukmukA,https://music.youtube.com/watch?v=hZbXXgctMzM,https://music.youtube.com/watch?v=TDi8crkifvI
fdf358f8-ee60-511b-9bfd-2f2bea3f1d6b,1495e17e-74b2-5fc1-aadc-dfbc4506b077,7,Baadal Ghumad Badh Aaye (Male),Suresh Wadkar,4.0,http://www.youtube.com/watch?v=Eo7xBJvgNQ4,https://music.youtube.com/watch?v=Eo7xBJvgNQ4,https://music.youtube.com/watch?v=ZvatUbBGUco,https://music.youtube.com/watch?v=ZPeezD9xv0I
988b665e-3411-5968-a66c-a83683ef2c29,e88d2373-2419-5b21-afd2-23af756f7b59,3,Khuda Kare Ke Mohabbat Mein,Pankaj Udhas,4.0,https://www.youtube.com/watch?v=KIJIEgKfp_E,https://music.youtube.com/watch?v=Ba6KunLQsAk,https://music.youtube.com/watch?v=tOQ7h2oFJ9w,https://music.youtube.com/watch?v=Y4QdguivJFA
483b3f5a-6bf1-5e38-b2a2-611876b84ba6,1f6ad373-786c-58ca-a002-50620975c3e6,1,Awaara Bhanware Jo Haule Haule Gaaye,"Hema Sardesai, Malaysia Vasudevan",4.2,http://www.youtube.com/watch?v=BFXDEixeSsc&feature=plcp,https://music.youtube.com/watch?v=W5wxqU0LYwM,https://music.youtube.com/watch?v=orUIGj6yVgQ,
3975cfa7-96fe-5dd1-aa05-95ac4e03e047,1f6ad373-786c-58ca-a002-50620975c3e6,4,Ek Bagiya Mein (Oo La La La),"Shankar Mahadevan, Srinivas, K.S. Chitra",4.17,http://www.youtube.com/watch?v=n5-1WlmO0mg&feature=plcp,https://music.youtube.com/watch?v=2Cdm7FA26Gw,,
02f712fd-6df6-5302-8e04-0be688a4a41f,1f6ad373-786c-58ca-a002-50620975c3e6,6,Chanda Re Chanda Re,"Hariharan, Sadhna Sargam",4.0,http://www.youtube.com/watch?v=p4aA0HnStYQ&feature=plcp,https://music.youtube.com/watch?v=atKqgEQoERI,https://music.youtube.com/watch?v=lak922k9xBg,https://music.youtube.com/watch?v=Sg1aIfA1bIM
a73607a3-d0bf-5375-b37c-7c38ad85289d,2053c088-2b1d-5d7d-ae93-095828b8ae82,1,Saare Sapne Kahin Kho Gaye,Alka Yagnik,4.5,http://www.youtube.com/watch?v=ur22PuDPnHQ,https://music.youtube.com/watch?v=zi4S-TVW2Uk,https://music.youtube.com/watch?v=JK4abkJIonE,https://music.youtube.com/watch?v=2443rF_oQiE
0a083a34-d445-5dcb-b616-d59d1dcc248e,29d36b41-8233-5843-b570-d5cb28b857cc,1,Paayalen Chhunmun Chhunmun (Duet),"K.S. Chitra, Kumar Sanu",4.0,https://www.youtube.com/watch?v=QPTcV9fnm1U,https://music.youtube.com/watch?v=QPTcV9fnm1U,https://music.youtube.com/watch?v=jM6MquTado4,
336bd07e-4e78-5b07-ab80-ca64b6a33c1c,29d36b41-8233-5843-b570-d5cb28b857cc,2,Taare Hain Barati,"Kumar Sanu, Jaspinder Narula",4.0,https://www.youtube.com/watch?v=ZeMgq1yid-A,https://music.youtube.com/watch?v=ZeMgq1yid-A,https://music.youtube.com/watch?v=ABZSBLPn4VA,https://music.youtube.com/watch?v=ZuGdUEd7Fk0
4657ddba-4c72-5b5c-bee0-56f58d71a6a6,29d36b41-8233-5843-b570-d5cb28b857cc,6,Dhol Bajne Laga,"Udit Narayan, Kavita Krishnamurthy",4.0,https://www.youtube.com/watch?v=-8nOVRbW5PY,https://music.youtube.com/watch?v=Lrts0djAq08,https://music.youtube.com/watch?v=xZalJrFQ_1k,https://music.youtube.com/watch?v=uf0mWv305kw
06efa768-2199-540d-93ac-2e4fe770ab90,29d36b41-8233-5843-b570-d5cb28b857cc,7,Paayalen Chhunmun Chhunmun (Female),K.S. Chitra,4.25,https://www.youtube.com/watch?v=yxMsTxEREKw,https://music.youtube.com/watch?v=jM6MquTado4,https://music.youtube.com/watch?v=QPTcV9fnm1U,
4904bc84-a5c4-5cbb-8b96-d530b5a2c6a7,c0627f1d-7c8a-58e4-8dc4-d06db24e7f56,1,Main Koi Aisa Geet Gaoon,"Alka Yagnik, Abhijeet",4.75,https://www.youtube.com/watch?v=vzlXfZlH5dk,https://music.youtube.com/watch?v=vzlXfZlH5dk,https://music.youtube.com/watch?v=vDCnew2uhT4,https://music.youtube.com/watch?v=uue4MyYaFps
11436af5-acc0-5bbb-8c90-997197a3ac60,c0627f1d-7c8a-58e4-8dc4-d06db24e7f56,3,Chaand Taare Tod Laoon (Jo Bhi Chahoon Woh Main Paoon),Abhijeet,5.0,https://www.youtube.com/watch?v=N3QzaUwml5w,https://music.youtube.com/watch?v=fC3MT7S7C8Y,https://music.youtube.com/watch?v=UMqVqW_171Y,https://music.youtube.com/watch?v=htg-7m-D8b4
8e710360-5315-52d2-8eb5-3beabf5f3ab6,c0627f1d-7c8a-58e4-8dc4-d06db24e7f56,4,Suniye Toh Rukiye To,Abhijeet,4.0,https://www.youtube.com/watch?v=RLFfZJV_gZU,https://music.youtube.com/watch?v=RLFfZJV_gZU,https://music.youtube.com/watch?v=ArEySgdsbC0,https://music.youtube.com/watch?v=fgTX9L2CIB0
89184a0f-3ac2-5e18-b833-9ad207030264,c0627f1d-7c8a-58e4-8dc4-d06db24e7f56,5,Ek Din Aap Yun Humko Mil Jayenge (Maine Socha Na Tha),"Kumar Sanu, Alka Yagnik",4.33,https://www.youtube.com/watch?v=90Q5bMN6u2w,https://music.youtube.com/watch?v=HHgVlMrkloQ,https://music.youtube.com/watch?v=4Eix-ml43_k,https://music.youtube.com/watch?v=hUBKlThm6IM
4de63b0c-0239-529f-825e-8f5501bebecf,7e539d44-f5d0-5262-b6d7-bdc92c2977fb,1,Chaha Tha Ek Shakhs Ko,Asha Bhosle,4.0,https://www.youtube.com/watch?v=pi9T0g_Voik,https://music.youtube.com/watch?v=pi9T0g_Voik,https://music.youtube.com/watch?v=Zs4-n6g-PXY,https://music.youtube.com/watch?v=GouU9XH7uos
dbb87b1d-bd59-5a6b-a89a-44da525ef2ba,3c493f35-c791-5fe5-bb5e-49990dc769c2,5,Kisi Disco Mein Jaayen,"Udit Narayan, Alka Yagnik",4.0,https://www.youtube.com/watch?v=wfAIdZKs6Ok,https://music.youtube.com/watch?v=wfAIdZKs6Ok,https://music.youtube.com/watch?v=a4XY68RLs_o,https://music.youtube.com/watch?v=hxL3iejtkx0
07884984-91f0-5896-a2ef-91c73d63c54d,4e38484b-f213-5e5c-b225-b6a99e903849,1,Dooba Dooba Rehta Hoon,Mohit Chauhan,4.5,https://www.youtube.com/watch?v=epUBGOngvaU,https://music.youtube.com/watch?v=4TPlNOiUK9k,https://music.youtube.com/watch?v=csqUyRsI0Cg,
bccda9d3-d067-5531-92cb-270bd0435e59,e6ead9f9-9021-581c-b350-d3f17ad87060,1,Breathless (Koi Jo Mila To Mujhe Aisa Lagta Tha),Shankar Mahadevan,4.67,http://www.youtube.com/watch?v=71RRcv5Jci0,https://music.youtube.com/watch?v=nWeax5joZFw,https://music.youtube.com/watch?v=C_sz8xoZgbo,https://music.youtube.com/watch?v=W15KUnxvZ7A
b3a3b048-221e-540e-a6b0-51d13fc9db48,4575740d-4dda-545f-b6f0-a5537ffe39b3,1,Chhamma Chhamma Baaje Re Meri Paijaniya - I,"Vinod Rathod, Alka Yagnik, Shankar Mahadevan",4.0,https://www.youtube.com/watch?v=aMcBxxAARBM,https://music.youtube.com/watch?v=Mxngt25V9KQ,https://music.youtube.com/watch?v=f-CaxHbNqGo,https://music.youtube.com/watch?v=JYJ1ZN_7sOk
3bb95ccb-b2d1-5511-805d-26ddd0d4e038,083ed263-3dd6-5ecb-998d-03151930594c,1,Chhaiya Chhaiya,"Sukhwinder Singh, Sapna Awasthi",4.75,https://www.youtube.com/watch?v=PimKrn3XkuU,https://music.youtube.com/watch?v=9MX-QejdVaQ,https://music.youtube.com/watch?v=SDnJX784Wo8,
ecf8403d-de22-5d3f-b832-c095547e3882,083ed263-3dd6-5ecb-998d-03151930594c,2,Jiya Jale Jaan Jale,"Lata Mangeshkar, M.G. Sreekumar",4.5,https://www.youtube.com/watch?v=M-2nlaOQQSQ,https://music.youtube.com/watch?v=qaMQNwBhghA,https://music.youtube.com/watch?v=7ceQu4nX8_Q,https://music.youtube.com/watch?v=vrer7SxWyNI
c287b2bb-29f8-5bd2-84d8-7af6abe6ead7,083ed263-3dd6-5ecb-998d-03151930594c,3,Dil Se Re,A.R. Rahman,4.75,https://www.youtube.com/watch?v=MYfaX0BH2AY,https://music.youtube.com/watch?v=MYfaX0BH2AY,https://music.youtube.com/watch?v=p0YJLN3nQoM,https://music.youtube.com/watch?v=Sp6wUe9gMrw
133e8cbe-28ec-57ad-8cab-db1062e220a0,083ed263-3dd6-5ecb-998d-03151930594c,4,Ae Ajnabi,"Udit Narayan, Mahalakshmi Iyer",4.67,https://www.youtube.com/watch?v=TdUu05Svkl8,https://music.youtube.com/watch?v=TdUu05Svkl8,https://music.youtube.com/watch?v=cVbsm06tPQc,https://music.youtube.com/watch?v=2DR33AN-1_Q
6ce1717a-d3fb-5011-8907-4de071da0718,083ed263-3dd6-5ecb-998d-03151930594c,6,Satrangi Re,"Sonu Nigam, Kavita Krishnamurthy",4.5,https://www.youtube.com/watch?v=OClXVLsI4jM,https://music.youtube.com/watch?v=OClXVLsI4jM,https://music.youtube.com/watch?v=_5b4BnwEzcw,https://music.youtube.com/watch?v=33cQdeFhNgU
43451008-0fc2-5139-a03c-541ecd3255f9,8a4333d4-c7b0-5772-a5b7-694a21f3142c,1,Mere Mehboob Mere Sanam,"Udit Narayan, Alka Yagnik",4.0,http://www.youtube.com/watch?v=ebIvkTCG4UQ,https://music.youtube.com/watch?v=1siv5L1o_hM,https://music.youtube.com/watch?v=AbczEdW-G78,https://music.youtube.com/watch?v=bm59NY8IyFw
88db96ee-80f8-5c6c-8617-7d1728a50f54,ff457380-4165-5134-886c-81584e93787c,1,Pyar Ko Ho Jane Do,"Kumar Sanu, Lata Mangeshkar",4.5,https://www.youtube.com/watch?v=hDJuqJSFmX4,https://music.youtube.com/watch?v=_p8pyxnOruE,https://music.youtube.com/watch?v=omo-2_FiM1w,https://music.youtube.com/watch?v=Su5rx7K_Mfw
269bfbc5-3b65-57c8-8549-5a03f1dad82c,ff457380-4165-5134-886c-81584e93787c,2,Aawaz Do Humko (Happy),"Lata Mangeshkar, Udit Narayan",4.0,https://www.youtube.com/watch?v=7QrBFspq3WU,https://music.youtube.com/watch?v=N1ClT4Z1_VM,https://music.youtube.com/watch?v=S_i3paOiPSU,https://music.youtube.com/watch?v=21Hw0VOTLcU
92764112-a186-527d-bdb4-155543f8cd0f,ff457380-4165-5134-886c-81584e93787c,3,Chitthi Na Koi Sandes - Male,Jagjit Singh,4.33,https://www.youtube.com/watch?v=wEO4Dxl882A,https://music.youtube.com/watch?v=8nV_U4sx0Y0,https://music.youtube.com/watch?v=nej4W8G198E,https://music.youtube.com/watch?v=sBBzwoSngGg
9f32ca9f-f393-5a6e-b504-98524787cf4c,ff457380-4165-5134-886c-81584e93787c,8,Chitthi Na Koi Sandes - Female,Lata Mangeshkar,4.0,https://www.youtube.com/watch?v=2XW9FaFP4Cw,https://music.youtube.com/watch?v=X7Za5cKADUo,https://music.youtube.com/watch?v=2XW9FaFP4Cw,https://music.youtube.com/watch?v=8nV_U4sx0Y0
9995fabe-2a6f-5a11-b495-4f59899f9629,ba42005b-d1df-598f-847e-e66e2b5f5813,1,Aankhon Se Tune Yeh Kya Kah Diya,"Kumar Sanu, Alka Yagnik",4.5,https://www.youtube.com/watch?v=KqztTyphd8s,https://music.youtube.com/watch?v=RlSRxyxFwXI,https://music.youtube.com/watch?v=qsTaDNyqaug,https://music.youtube.com/watch?v=LdJxZJN-tEg
41f5b153-4149-5f9b-9ac6-ab12296d2043,ba42005b-d1df-598f-847e-e66e2b5f5813,3,Jadu Hai Tera Hi Jadu,"Kumar Sanu, Alka Yagnik",4.0,http://www.youtube.com/watch?v=R9snTOBEWso&feature=plcp,https://music.youtube.com/watch?v=BeWgsOe_qnI,https://music.youtube.com/watch?v=-GaxeyNfSZo,
699bb39d-031f-54f2-a1c7-81218966628d,ba42005b-d1df-598f-847e-e66e2b5f5813,4,Ab Naam Mohabbat Ke Ilzam To Aaya Hai,"Alka Yagnik, Udit Narayan",4.0,https://www.youtube.com/watch?v=VvY7wyi49Zc,https://music.youtube.com/watch?v=XucAgmRCj5Q,https://music.youtube.com/watch?v=QKgG9kyWmLg,https://music.youtube.com/watch?v=X31PyZw2GNQ
840112bc-cf8b-512e-91e8-ed538ee2cf46,79b04b6e-0e4b-53ab-8348-a01a70611f63,1,O Jaana Na Jaana - 1,"Kumar Sanu, Lata Mangeshkar",4.0,https://www.youtube.com/watch?v=Rwt7Q3tRfCw,https://music.youtube.com/watch?v=wBw9EPtDLw8,https://music.youtube.com/watch?v=U9GbKXqxr0E,https://music.youtube.com/watch?v=7-ZYRMFmwZA
6ea8d43d-b77e-5b13-a66e-0566683452b5,79b04b6e-0e4b-53ab-8348-a01a70611f63,4,Dil Mein Basaake,"Kumar Sanu, Alka Yagnik",4.25,https://www.youtube.com/watch?v=RZa7GkS4Qio,https://music.youtube.com/watch?v=G_sIwFAgvTI,https://music.youtube.com/watch?v=HP2Hvc8j11c,
4284f711-e781-5e30-a8ff-e16da48cabff,79b04b6e-0e4b-53ab-8348-a01a70611f63,7,O Jaana Yeh Maana - 2,"Kumar Sanu, Lata Mangeshkar",4.5,http://www.youtube.com/watch?v=VGUmq4S4ito&feature=plcp,https://music.youtube.com/watch?v=Cls2-Nrdl_o,https://music.youtube.com/watch?v=U9GbKXqxr0E,https://music.youtube.com/watch?v=64kCwDNbPjk
457d8a45-cd61-581a-97a3-56c6cafb1957,a9e029a4-223b-5b71-a78e-bd134dec6a3a,7,Kandisa,"Rahul Ram, Asheem Chakravarty, Amit Kilam",4.0,http://www.youtube.com/watch?v=bKWKDOiHVDw,https://music.youtube.com/watch?v=FIdyvT8n1nE,https://music.youtube.com/watch?v=k2nbvfxMJ5w,https://music.youtube.com/watch?v=zLJSZ4R81-M
b64704ff-6619-5d39-a4ed-21beb4b1a1fd,0beebfc6-83e8-5423-b96a-000412cfefc0,1,Chori Chori Jab Nazrein Mili,"Kumar Sanu, Sanjeevani",4.0,http://www.youtube.com/watch?v=327fctKF9aA&feature=plcp,https://music.youtube.com/watch?v=bnAUWnlUPDo,https://music.youtube.com/watch?v=42tjS7OEs9k,https://music.youtube.com/watch?v=DqBWkrCZrGg
37843a30-1080-5a45-a546-c7081fc68bba,a8cefd98-9c2c-59f0-97ea-67d996963aba,1,Kuch Kuch Hota Hai,"Udit Narayan, Alka Yagnik",4.29,https://www.youtube.com/watch?v=-ijfNEF7-JY,https://music.youtube.com/watch?v=S9DsCP9Th7Y,https://music.youtube.com/watch?v=lisqDWNTfwk,
a7a1ba0a-e920-5389-9c6b-ca037ad96345,a8cefd98-9c2c-59f0-97ea-67d996963aba,2,Koi Mil Gaya,"Udit Narayan, Alka Yagnik, Kavita Krishnamurthy",4.57,https://www.youtube.com/watch?v=Jzd4bma3QNo,https://music.youtube.com/watch?v=a020QixlNUo,https://music.youtube.com/watch?v=vV_NO-VYrNw,https://music.youtube.com/watch?v=gmXlGQAg400
a09591b0-092b-5fb6-a1cb-b2a47d486fc3,a8cefd98-9c2c-59f0-97ea-67d996963aba,8,Ladki Badi Anjani Hai,"Kumar Sanu, Alka Yagnik",4.14,https://www.youtube.com/watch?v=WlWlGlvN4L4,https://music.youtube.com/watch?v=3H0i6WdWJdM,https://music.youtube.com/watch?v=vmzbVgLShEw,https://music.youtube.com/watch?v=oJcE_QPFAng
8c30db4e-dfb0-57d8-9257-83cc929847fb,b94fa4c4-b9d9-5609-b9db-bce4b2194c4f,8,Babul Mora,Alisha Chinai,4.0,https://www.youtube.com/watch?v=kturt0LiNac,https://music.youtube.com/watch?v=jP7EBLkLVtw,https://music.youtube.com/watch?v=OT5_0gpOqOA,https://music.youtube.com/watch?v=oO23JWEm4Vc
4f7d17a0-2f8c-5e3f-ba86-f39431a20198,f7389bf5-0b6f-5795-a6c5-214142c0b445,7,O O Jaane Jaana,Kamaal Khan,4.0,https://www.youtube.com/watch?v=nX_34QEVHSk,https://music.youtube.com/watch?v=HCyl5FAzf_o,https://music.youtube.com/watch?v=GyU-glCZz3o,
609f22c6-072f-55ba-b87a-5eb8921c5633,b21d2d25-9891-5fc0-a18a-6ea6701380dc,1,Jab Kisiki Taraf Dil,Kumar Sanu,4.0,https://www.youtube.com/watch?v=yonuOKAeiYI,https://music.youtube.com/watch?v=MgGMoAHcM18,https://music.youtube.com/watch?v=-hdD32KHr0E,https://music.youtube.com/watch?v=LGSiBwfNZxs
d203a8dd-68d0-5ed3-8578-05f19a865df6,b21d2d25-9891-5fc0-a18a-6ea6701380dc,2,Ajnabi Mujhko Itna Bata,"Udit Narayan, Asha Bhosle",4.0,https://www.youtube.com/watch?v=0GbzslPe8X8,https://music.youtube.com/watch?v=u4m-EPPXqM0,https://music.youtube.com/watch?v=6dVxqXwNuTc,https://music.youtube.com/watch?v=PiVJDx2ec1o
8b3e301a-c64a-5165-86ba-4868dc0bb7d4,7759a64d-cf2e-590b-ade8-6f3b887019a4,1,Baadalon Se Kaat Kaat Ke (Ye Mujhe Kya Ho Gaya),Bhupinder Singh,4.0,http://www.youtube.com/watch?v=7H6RQLHGECY,https://music.youtube.com/watch?v=v1BwuhHMxoM,https://music.youtube.com/watch?v=mA0lCC60_cE,https://music.youtube.com/watch?v=7H6RQLHGECY
8ff6e35a-44e2-53c3-922c-61b682176f33,7759a64d-cf2e-590b-ade8-6f3b887019a4,2,Tu Mere Paas Bhi Hai,"Hariharan, Lata Mangeshkar",4.2,https://www.youtube.com/watch?v=ddxapS4R0Ic,https://music.youtube.com/watch?v=X6tJuYstZDk,https://music.youtube.com/watch?v=-nahn6AF9WE,https://music.youtube.com/watch?v=w-eXeH4dhOw
3cadaf21-cd93-5507-8d2e-d0e76cc62956,7759a64d-cf2e-590b-ade8-6f3b887019a4,4,Goli Maar Bheje Mein,Mano,4.0,https://www.youtube.com/watch?v=uNoCOgAPpC4,https://music.youtube.com/watch?v=84nkJ2apYXw,https://music.youtube.com/watch?v=Hzmdkv2yGuk,https://music.youtube.com/watch?v=8ZnBd_mT_Mk
26186e3e-0106-597e-b341-3e592e4d8098,12cf5f46-68c9-5461-ac4f-0f73f4619826,1,Tunak Tunak Tun,Daler Mehndi,4.5,https://www.youtube.com/watch?v=IFP3Jc5ztgg,https://music.youtube.com/watch?v=92ydUdqWE1g,https://music.youtube.com/watch?v=wcPmstCX8xE,https://music.youtube.com/watch?v=MGtEopAmAUE
28c5cc88-1c09-5d7b-b757-f42cff757f84,61b5f834-4fc5-5794-845f-fa78cf0843eb,2,Raat Sari Beqarari Mein Guzaari,Alka Yagnik,4.0,https://www.youtube.com/watch?v=AfnBJFgfnZY,https://music.youtube.com/watch?v=AfnBJFgfnZY,,
8bed4378-ea5a-5ada-9d37-b87c66a313e3,61b5f834-4fc5-5794-845f-fa78cf0843eb,9,Gali Mein Aaj Chaand Nikla (Happy),Alka Yagnik,4.6,https://www.youtube.com/watch?v=FBdqEtxQpaY,https://music.youtube.com/watch?v=LTMxBsCPNdI,https://music.youtube.com/watch?v=SCSBIKDfRAM,https://music.youtube.com/watch?v=C3sa77vV2i8
62a40f98-bdf9-5db3-b8b4-51f0142dfe8b,faa2dd8c-5a47-5581-82c3-77a2906df365,1,Rut Aa Gayi Re,Sukhwinder Singh,4.44,https://www.youtube.com/watch?v=Q7xezSp-fy4,https://music.youtube.com/watch?v=Q7xezSp-fy4,https://music.youtube.com/watch?v=WQfsqzLs5wE,https://music.youtube.com/watch?v=pDqZYt6OVhQ
89dda734-e672-5303-b481-6f89db910a00,faa2dd8c-5a47-5581-82c3-77a2906df365,3,Dheemi Dheemi,Hariharan,4.2,https://www.youtube.com/watch?v=5H8Y2KkAjMs,https://music.youtube.com/watch?v=gKdu6QVGOC8,https://music.youtube.com/watch?v=ItoYUWdH7Q0,https://music.youtube.com/watch?v=5H8Y2KkAjMs
ed410b98-c23a-5dee-ae6f-3afa003d4ad8,faa2dd8c-5a47-5581-82c3-77a2906df365,7,Ishwar Allah,"Sujatha Mohan, Anuradha Sriram",4.0,https://www.youtube.com/watch?v=LjNdYRORPy4,https://music.youtube.com/watch?v=m4QShOM8o4I,https://music.youtube.com/watch?v=LjNdYRORPy4,https://music.youtube.com/watch?v=Ha2zTxnROJg
8ea4c2e5-6d7b-53c9-aeac-d2cdc7011846,1a9a83e9-b995-5ea3-8d91-d03502bd16b4,3,Seekho Naa Naino Ki Bhasha Piya,Shubha Mudgal,4.67,https://www.youtube.com/watch?v=l2mT5UJoUQc,https://music.youtube.com/watch?v=6YdcEAr3CEw,https://music.youtube.com/watch?v=48tjkNH5sx8,
b5d96d14-874c-584a-b2b8-4812df92bc92,1a9a83e9-b995-5ea3-8d91-d03502bd16b4,8,Ab Ke Sawan,Shubha Mudgal,4.5,https://www.youtube.com/watch?v=D7fyi0D5wwE,https://music.youtube.com/watch?v=qLw9xThve0s,https://music.youtube.com/watch?v=WLzDlKSMKY0,https://music.youtube.com/watch?v=D7fyi0D5wwE
7dcfd448-bde1-5ee1-8c0a-ff45b66424e8,ae401648-e4d4-559a-9bf9-462642ad656a,3,Hum To Deewane Huye Yaar,"Abhijeet, Alka Yagnik",4.33,https://www.youtube.com/watch?v=ryxeZdtfo1I,https://music.youtube.com/watch?v=ryxeZdtfo1I,https://music.youtube.com/watch?v=PpCvXGhjReI,https://music.youtube.com/watch?v=Z8Hh-68Ghac
f8828790-d82d-5844-aee9-8f11348590a9,e86f956d-2a88-55e5-bf96-1ebbf04a657b,6,Nadia,Swati Natekar,4.0,https://www.youtube.com/watch?v=ZBjxLv9Dfhk,https://music.youtube.com/watch?v=vQGgZUSCeBU,https://music.youtube.com/watch?v=OdwfyDUXJ8g,https://music.youtube.com/watch?v=47wT8xBhmuU
f9624953-24a1-5ded-819f-6e903ffd9263,1d595e73-2f7c-56a3-b922-f776f1440d12,2,Sawan Barse Tarse Dil,"Hariharan, Sadhna Sargam",4.25,https://www.youtube.com/watch?v=8O4vu9BxoKM,https://music.youtube.com/watch?v=NFQ-UwlDZSs,https://music.youtube.com/watch?v=jQQSVye340s,https://music.youtube.com/watch?v=DWFmeJ73Zsc
2ae87f6d-5bf0-5e2f-a4d8-f8c87ddeaf33,089cdaf7-0930-5b0c-94a1-4d1a1b0e36b3,2,Deewana Tera,Sonu Nigam,4.0,http://www.youtube.com/watch?v=J8zlroVMYeM,https://music.youtube.com/watch?v=f0QxhXSahEY,https://music.youtube.com/watch?v=2LkKAcnLcHM,https://music.youtube.com/watch?v=J8zlroVMYeM
b6c1bc18-956a-5774-b32f-f57c19e58f7d,5f397782-704a-5c2a-8ede-e0244dc1b23c,1,Chand Chhupa Baadal Mein,"Udit Narayan, Alka Yagnik",4.6,http://www.youtube.com/watch?v=2knQOXevwKE,https://music.youtube.com/watch?v=9a6UaCBEV6o,https://music.youtube.com/watch?v=JkLwI5A8BzM,https://music.youtube.com/watch?v=D1s4O6inQ64
dc080014-315e-5ac5-b67c-ccec7fd1a445,5f397782-704a-5c2a-8ede-e0244dc1b23c,3,Aankhon Ki Gustakhiyan,"Kumar Sanu, Kavita Krishnamurthy",4.33,http://www.youtube.com/watch?v=7k5gM4ClRRo,https://music.youtube.com/watch?v=2hpBJd-YcpI,https://music.youtube.com/watch?v=wr2xFauvGys,https://music.youtube.com/watch?v=xgMMfm1h_Go
aab98610-8e8b-505e-b795-0d049f24b5de,5f397782-704a-5c2a-8ede-e0244dc1b23c,5,Jhonka Hawa Ka,"Hariharan, Kavita Krishnamurthy",4.4,https://www.youtube.com/watch?v=-dAUewg_Rwo,https://music.youtube.com/watch?v=GibRJVMtzPg,https://music.youtube.com/watch?v=-B3GGtUO-EA,https://music.youtube.com/watch?v=A_TCZjOwkPY
d3deb8a9-3c5a-56e1-9810-2e51a3cf2697,5f397782-704a-5c2a-8ede-e0244dc1b23c,8,Tadap Tadap Ke Is Dil Se Aah Nikalti Rahi,"KK, Dominique Cerejo",4.0,http://www.youtube.com/watch?v=KwiDJclWo44,https://music.youtube.com/watch?v=KwiDJclWo44,https://music.youtube.com/watch?v=-YT-PUXH_yI,https://music.youtube.com/watch?v=qsiHgJbwJUE
af012758-776b-5e71-9408-e071c4e58ed0,5f397782-704a-5c2a-8ede-e0244dc1b23c,9,Albela Sajan Aayo Ri,"Ustad Sultan Khan, Shankar Mahadevan, Kavita Krishnamurthy",4.0,http://www.youtube.com/watch?v=MCXQXuKpgKE,https://music.youtube.com/watch?v=MCXQXuKpgKE,https://music.youtube.com/watch?v=v3CEuWUvbT8,https://music.youtube.com/watch?v=-0akfZlb3vw
e79bf474-fd6c-5ac1-96f0-3ee1f5880886,5f397782-704a-5c2a-8ede-e0244dc1b23c,11,Hum Dil De Chuke Sanam,"Kavita Krishnamurthy, Mohammad Salamat, Dominique Cerejo",4.67,http://www.youtube.com/watch?v=8oEtC8aaxGk,https://music.youtube.com/watch?v=T8iLHmKBjLE,https://music.youtube.com/watch?v=No2ewDsmi80,https://music.youtube.com/watch?v=8o9LvCIObNA
fbb65abf-5479-58cb-a925-27bab90aab4c,b323491a-0ac4-5ba4-847a-477f942e7048,7,Hum Saath Saath Hain,"Hariharan, Kumar Sanu, Anuradha Paudwal, Kavita Krishnamurthy, Udit Narayan, Alka Yagnik",4.0,http://www.youtube.com/watch?v=RpCFCkw1mO0,https://music.youtube.com/watch?v=F5lfQn4ECTA,https://music.youtube.com/watch?v=P-RupiSTn8Q,https://music.youtube.com/watch?v=su1gYfBSr7k
c6ef4934-8a6a-502f-ba5f-892bafe578a0,8113d40c-5ecc-5409-bb12-6e948e95ce6d,1,Naqsh Fariyadi Hai / Dard Minnat Kashe Dawaa Na Hua,Lata Mangeshkar,4.0,https://www.youtube.com/watch?v=boN-lL4hFOg,https://music.youtube.com/watch?v=Mrc7cxdsRUA,https://music.youtube.com/watch?v=uS9DpVkQeGQ,https://music.youtube.com/watch?v=JEf5cDiPGGs
3c9fd87d-93bc-5ad2-bd3b-9962f0be43c7,8113d40c-5ecc-5409-bb12-6e948e95ce6d,2,Rone Se Aur Ishq Mein,Lata Mangeshkar,4.0,https://www.youtube.com/watch?v=0TNPv9AoHKo,https://music.youtube.com/watch?v=0TNPv9AoHKo,https://music.youtube.com/watch?v=Z4yP5oUzhXI,https://music.youtube.com/watch?v=QSTxX7szDTg
ac9fb041-8edf-5500-af26-4f1cae0c0c01,8113d40c-5ecc-5409-bb12-6e948e95ce6d,4,Phir Mujhe Deeda-E-Tar Yaad Aaya,Lata Mangeshkar,4.0,https://www.youtube.com/watch?v=41OorAKmKRw,https://music.youtube.com/watch?v=41OorAKmKRw,https://music.youtube.com/watch?v=FcNHy582Hp4,https://music.youtube.com/watch?v=fxIGw6Lo0L0
194748e5-29c3-5d6e-b91d-2a2e84d59e7a,8113d40c-5ecc-5409-bb12-6e948e95ce6d,5,Koi Umeed Bar Nahin Aati,Lata Mangeshkar,4.0,https://www.youtube.com/watch?v=ZTwFFQEhKug,https://music.youtube.com/watch?v=ZTwFFQEhKug,https://music.youtube.com/watch?v=XAMHNR6j-tk,https://music.youtube.com/watch?v=Av0FEw-Im-M
a4cdaecb-b0bf-5fef-ad53-a56d462fcd31,8113d40c-5ecc-5409-bb12-6e948e95ce6d,6,Kabhi Neki Bhi Uske Jee Mein Gar,Lata Mangeshkar,4.0,https://www.youtube.com/watch?v=SOvH342FCKg,https://music.youtube.com/watch?v=SOvH342FCKg,https://music.youtube.com/watch?v=JtIyOvjgP7M,https://music.youtube.com/watch?v=RcecQwWusZk
b054a55d-d05b-5756-a07e-fe88c4fba4bc,8113d40c-5ecc-5409-bb12-6e948e95ce6d,7,Bazeecha-E-Atfaal Hai,Lata Mangeshkar,4.0,https://www.youtube.com/watch?v=qzqSTdWkC3E,https://music.youtube.com/watch?v=qzqSTdWkC3E,https://music.youtube.com/watch?v=MFF_e_z8QwA,https://music.youtube.com/watch?v=ksb5rxfOU6M
bd1d5254-3d8a-52b7-a2f1-2e218c75c374,8113d40c-5ecc-5409-bb12-6e948e95ce6d,8,Hazaron Khwahishein Aise,Lata Mangeshkar,4.0,https://www.youtube.com/watch?v=Rv1dSU6FVJg,https://music.youtube.com/watch?v=Rv1dSU6FVJg,https://music.youtube.com/watch?v=6DfdW3n2JAU,https://music.youtube.com/watch?v=qcY6pQyvuCQ
106e62fb-63b4-5633-8ff2-f39f8895b666,8113d40c-5ecc-5409-bb12-6e948e95ce6d,9,Har Ek Baat Pe,Lata Mangeshkar,4.0,https://www.youtube.com/watch?v=9TuqLJRGmw8,https://music.youtube.com/watch?v=9TuqLJRGmw8,https://music.youtube.com/watch?v=Oj7JFz91_Bs,https://music.youtube.com/watch?v=bSYoQNQMR64
30a70036-bea0-553c-974b-0bd1e3f58aef,8113d40c-5ecc-5409-bb12-6e948e95ce6d,10,Daher Mein Naqsh-E-Wafa,Lata Mangeshkar,4.0,https://www.youtube.com/watch?v=5DhbLJAZ7xo,https://music.youtube.com/watch?v=5DhbLJAZ7xo,https://music.youtube.com/watch?v=eFp1qqNqiZ0,https://music.youtube.com/watch?v=aAKseAQ66TA
753e2586-50b9-577b-b87e-5bbc1ea68778,8113d40c-5ecc-5409-bb12-6e948e95ce6d,12,Ahd-E-Gham Mein Bhi Muskurata Hai,Lata Mangeshkar,4.0,https://www.youtube.com/watch?v=8sPS8jkJgEA,https://music.youtube.com/watch?v=8sPS8jkJgEA,https://music.youtube.com/watch?v=3VZuWh51ZKA,https://music.youtube.com/watch?v=kR2OYMjy8F0
19387381-d5f8-5426-8adc-4c5305d5929e,8113d40c-5ecc-5409-bb12-6e948e95ce6d,13,Aaj Ki Raat Na Jaa,Lata Mangeshkar,4.0,https://www.youtube.com/watch?v=1xbF2hHa0Hk,https://music.youtube.com/watch?v=1xbF2hHa0Hk,https://music.youtube.com/watch?v=0TZ5Su9fsFk,
e7f2e622-fac1-50f0-b6a9-be9a6f9f6901,21ebd776-5d22-5f35-b7bf-304cb150606e,6,Shaam Se Aankh Mein Nami Si Hai,Jagjit Singh,4.0,https://www.youtube.com/watch?v=3UsReAi_LIU,https://music.youtube.com/watch?v=YVcvR0m0k_0,https://music.youtube.com/watch?v=jV2z27kpbwk,https://music.youtube.com/watch?v=wzNJvkmn6UQ
22aa54ab-8745-554d-83ed-eb49dddf25af,8e1bfcb4-208c-57a6-bfad-25c11ba45277,2,Pyaar Ke Pal,KK,4.0,https://www.youtube.com/watch?v=NUqlCJTYu6I,https://music.youtube.com/watch?v=NUqlCJTYu6I,https://music.youtube.com/watch?v=15qBC9T-9h8,https://music.youtube.com/watch?v=ndU9kBk3UWI
f4beadfd-0c89-533c-97ee-49ff5d5b74db,47a43b34-d9e9-5e49-91ba-fe9741ec52e6,1,Aasmaan Ke Paar,Shankar Mahadevan,4.5,https://www.youtube.com/watch?v=kDGI5mvSaDM,https://music.youtube.com/watch?v=MJm6hta8Ac8,https://music.youtube.com/watch?v=fpv7D1X_0OM,
429492bd-cd97-5337-aabc-309257df10e4,089f0cac-5964-5038-a6e8-2ca45643eb09,4,Mujhe Raat Din Bas Mujhe Chahti Ho,Sonu Nigam,4.33,http://www.youtube.com/watch?v=txEPjAe8Vh0&feature=plcp,https://music.youtube.com/watch?v=DqkG0fuPiO0,https://music.youtube.com/watch?v=M-W4BfvqisA,https://music.youtube.com/watch?v=KraIQ85y68s
70cb7ca1-77c5-5fd7-963d-57a60fafc3f7,e4904b6c-6a54-5342-b8d3-ac534060a1f0,1,Hoshwalon Ko Khabar Kya,Jagjit Singh,4.75,https://www.youtube.com/watch?v=rA2kXuYcB8A,https://music.youtube.com/watch?v=ag3ENMEV89o,https://music.youtube.com/watch?v=64eaPR31Nbw,https://music.youtube.com/watch?v=GAHlAcsLlJY
9680f5c7-5b1a-59c4-a487-4da269fedeb5,e4904b6c-6a54-5342-b8d3-ac534060a1f0,2,Is Deewane Ladke Ko,"Alka Yagnik, Aamir Khan",4.33,https://www.youtube.com/watch?v=NbAebhHH4kc,https://music.youtube.com/watch?v=9QkooLCNrL0,https://music.youtube.com/watch?v=MLxveU7ycxg,https://music.youtube.com/watch?v=WVx8ZlGHRHk
af2dc88f-dcae-5bd6-ad67-f2a2d073c862,e4904b6c-6a54-5342-b8d3-ac534060a1f0,3,Jo Haal Dil Ka,"Kumar Sanu, Alka Yagnik",4.67,http://www.youtube.com/watch?v=Y9OnEE7FAcc&feature=plcp,https://music.youtube.com/watch?v=Soadmm_IUBM,https://music.youtube.com/watch?v=F4R3U3x3meo,https://music.youtube.com/watch?v=jxlZ-OfQFwQ
0cf1d6f5-3816-57a2-9361-1e2bef4c5984,e4904b6c-6a54-5342-b8d3-ac534060a1f0,5,Yeh Jawani Hadh Kar De,Kavita Krishnamurthy,4.0,http://www.youtube.com/watch?v=KLEVg2QH7gg&feature=plcp,https://music.youtube.com/watch?v=0PJquYwrWKo,https://music.youtube.com/watch?v=WZtQsJ5Mk-4,https://music.youtube.com/watch?v=DY9EF0109J0
acfb87e6-3ae3-56dd-8398-e22d4d3943a2,e4904b6c-6a54-5342-b8d3-ac534060a1f0,6,Zindagi Maut Na Ban Jaye,"Roop Kumar Rathod, Sonu Nigam",4.0,https://www.youtube.com/watch?v=2liZ16dgBgg,https://music.youtube.com/watch?v=bybiAhD99U0,https://music.youtube.com/watch?v=7UjcoufNj_w,https://music.youtube.com/watch?v=jSPuxxXe5Bo
eabeebb4-46d7-55c5-a6f4-81ac446c0bee,dcc0fbdb-d518-5d1a-bc3c-c815a32fbc04,2,Sirf Tum (Pyar To Hamesha Rahega) (Duet),"Anuradha Paudwal, Hariharan",4.0,http://www.youtube.com/watch?v=7z-_WmzFFn0,https://music.youtube.com/watch?v=zySGZDIDDlw,https://music.youtube.com/watch?v=6TsMZtD1TjE,https://music.youtube.com/watch?v=zIPcxxQacOY
8bee82ca-2875-536e-8903-d4f2a338064d,dcc0fbdb-d518-5d1a-bc3c-c815a32fbc04,3,Dilbar Dilbar (Tumse Milne Ke Baad Dilbar),Alka Yagnik,4.0,http://www.youtube.com/watch?v=eIPrsWWdhSU&feature=plcp,https://music.youtube.com/watch?v=eTLz68CpqnY,https://music.youtube.com/watch?v=BJrHJoCqJKo,https://music.youtube.com/watch?v=9hGs30_tvuc
8a3cc447-d231-50ef-bd78-ff96774fdd18,c592d951-ee27-58d1-9285-a1ceb7d95510,1,Ishq Bina Kya Jeena Yaaro,"Anuradha Sriram, Sujatha Mohan, Sonu Nigam, A.R. Rahman",4.5,https://www.youtube.com/watch?v=zSCevtX7ud0,https://music.youtube.com/watch?v=GrmdJqRB628,,
47d5d196-7798-5375-aff8-02b4ed959eb3,c592d951-ee27-58d1-9285-a1ceb7d95510,2,Taal Se Taal Mila,"Alka Yagnik, Udit Narayan",4.5,https://www.youtube.com/watch?v=OinGHNpnGtc,https://music.youtube.com/watch?v=32USguG8VNM,https://music.youtube.com/watch?v=DdA2Y035BVM,
0c9b2a2f-e30e-5925-a59c-7740c48261c0,c592d951-ee27-58d1-9285-a1ceb7d95510,3,Nahin Saamne Tu (Mere Paas Hai Tu),"Hariharan, Sukhwinder Singh",4.33,https://www.youtube.com/watch?v=0JlcMt3l3dY,https://music.youtube.com/watch?v=0JlcMt3l3dY,https://music.youtube.com/watch?v=_5ZrfYHyaf0,https://music.youtube.com/watch?v=9V9TAQZzBKQ
cb29971e-d356-58aa-b027-371b2aea33cd,c592d951-ee27-58d1-9285-a1ceb7d95510,6,Ramta Jogi,"Sukhwinder Singh, Alka Yagnik",4.0,https://www.youtube.com/watch?v=onfy6y07ujQ,https://music.youtube.com/watch?v=QxwmIXIWO7I,https://music.youtube.com/watch?v=PhWhGt28wNY,https://music.youtube.com/watch?v=PNEeIwCt6gQ
bf01aabe-ddca-546b-9be8-de608e77c112,c592d951-ee27-58d1-9285-a1ceb7d95510,8,Kariye Naa,"Sukhwinder Singh, Alka Yagnik",4.0,https://www.youtube.com/watch?v=qkBQ5GF5uvg,https://music.youtube.com/watch?v=Z6TEbzBI7CM,https://music.youtube.com/watch?v=1pxUAuM6ElM,https://music.youtube.com/watch?v=7opUlRH839w
6a1d8050-cf6e-5604-9b8f-d6862e8ccddc,c592d951-ee27-58d1-9285-a1ceb7d95510,11,Ishq Bina Ishq Bina,"Kavita Krishnamurthy, Sukhwinder Singh",4.0,https://www.youtube.com/watch?v=XG2RLhSIOLg,https://music.youtube.com/watch?v=YVbLPXiypNY,https://music.youtube.com/watch?v=QGPPGAj_1Lc,https://music.youtube.com/watch?v=GrmdJqRB628
4b526fc9-ab64-5037-a1e3-4403601ef0b5,0474fa5c-2bfe-5105-b735-6b3514711347,1,Mujhe Rang De,Asha Bhosle,4.8,https://www.youtube.com/watch?v=8nw3mHuwHtE,https://music.youtube.com/watch?v=aQUN_CUy7VE,https://music.youtube.com/watch?v=Sfvuqtrbh0o,https://music.youtube.com/watch?v=ZOo9mVzZ_tU
2ee1fc03-2ac1-5b2b-8cb5-a6656b39f351,0474fa5c-2bfe-5105-b735-6b3514711347,2,Khamosh Raat,Roop Kumar Rathod,4.4,https://www.youtube.com/watch?v=9hTbxBW0_8k,https://music.youtube.com/watch?v=7Oai7ldX4Y4,https://music.youtube.com/watch?v=9hTbxBW0_8k,https://music.youtube.com/watch?v=GqUFubeJERA
0aa0290e-6a1f-5274-81b3-cc031bcf65c8,0474fa5c-2bfe-5105-b735-6b3514711347,4,Dheem Ta Daare,Surjo Bhattacharya,4.0,https://www.youtube.com/watch?v=gnoCbk7yne4,https://music.youtube.com/watch?v=ogF-JRa1CvI,https://music.youtube.com/watch?v=gnoCbk7yne4,https://music.youtube.com/watch?v=ydlHEdgtofQ
4883b286-e127-59d6-be4e-30624e4339fe,0474fa5c-2bfe-5105-b735-6b3514711347,5,Boondon Se Baaten,Sujata Trivedi,4.2,https://www.youtube.com/watch?v=VI3AMiu9ah8,https://music.youtube.com/watch?v=E-VG6kzvSJY,https://music.youtube.com/watch?v=VI3AMiu9ah8,https://music.youtube.com/watch?v=ii_D9dMR1C4
3687e276-3e57-54b4-a0fd-bc7a45d66a2c,0474fa5c-2bfe-5105-b735-6b3514711347,8,Jumbalika,"Shankar Mahadevan, Alisha Chinai",4.5,https://www.youtube.com/watch?v=ckVja0PEgVI,https://music.youtube.com/watch?v=xIz38YeShco,https://music.youtube.com/watch?v=ckVja0PEgVI,https://music.youtube.com/watch?v=0S_mYLoiScA
6931f5c4-0922-5605-a3f7-162fff0240d7,deb5df93-5555-5ad4-a916-58270aacbf23,3,Gaana Mere Bas Ki Baat Nahin (With Jazz),"Shankar Mahadevan, Sadhna Sargam",4.0,https://www.youtube.com/watch?v=lX3_A9oqVuQ,https://music.youtube.com/watch?v=lX3_A9oqVuQ,https://music.youtube.com/watch?v=Ewsacm5-3q0,
2be953af-5ecc-5b13-a707-3686c4fee713,946992a1-1e7a-5c7c-8001-22f824ed88df,2,Tum Dil Ki Dhadkan Mein Rahte Ho (Duet),"Abhijeet, Alka Yagnik",4.25,https://www.youtube.com/watch?v=Dy3152rsAeQ,https://music.youtube.com/watch?v=3Z_x7vBqr6E,https://music.youtube.com/watch?v=XOj4ldIWbK8,https://music.youtube.com/watch?v=iaR23Pv7f9E
8d599711-1360-55a6-a3e8-54b92acf7897,946992a1-1e7a-5c7c-8001-22f824ed88df,4,Dil Ne Yeh Kaha Hai Dil Se,"Sonu Nigam, Alka Yagnik",4.0,https://www.youtube.com/watch?v=4msl5o59p8w,https://music.youtube.com/watch?v=zDngjMYHSP8,https://music.youtube.com/watch?v=XozNZG8xeHE,https://music.youtube.com/watch?v=bkWpCme6JCo
ba703314-336f-540e-8f32-8fa4a157e96e,c5a5f5c6-6ac9-5dc0-9985-30fce68f23ec,4,Aaja Mahiya,"Udit Narayan, Alka Yagnik",4.0,http://www.youtube.com/watch?v=I-m4cX22UlQ&feature=plcp,https://music.youtube.com/watch?v=pfdxsCAPXw0,https://music.youtube.com/watch?v=VUJHo_p-CXM,https://music.youtube.com/watch?v=Dbwj__Txtzw
08ff5703-4233-50a2-9958-d8e2cea3b297,d9c8fb29-727d-5537-a938-2cd73775c443,1,Kaise Sukoon Paaoon (Ab Kya Ghazal Sunaaoon),Talat Aziz,4.0,http://www.youtube.com/watch?v=EWO62krgQ5A,https://music.youtube.com/watch?v=TyxkiBRrGQI,https://music.youtube.com/watch?v=p1gV2HQogtk,
9a97cb31-1d57-519d-9ecc-5ca89c04622e,9aa64d89-9162-5b49-8169-5fde410b3722,1,Kahin Pyaar Naa Ho Jaaye - I,"Kumar Sanu, Alka Yagnik",4.0,https://www.youtube.com/watch?v=dT6JLCWdEUw,https://music.youtube.com/watch?v=QY6v5SO_X7E,https://music.youtube.com/watch?v=2xkx2QNVMM4,https://music.youtube.com/watch?v=HUBHg1Wwbis
e32f5f94-233f-5b75-ab5d-b8194404203b,a37ec22c-05cf-5e05-9aa3-d5872e75e574,1,Kaho Naa Pyar Hai (Happy),"Udit Narayan, Alka Yagnik",4.0,https://www.youtube.com/watch?v=CKXFaL-KzdE,https://music.youtube.com/watch?v=-LESbtPT8uw,https://music.youtube.com/watch?v=rbP95NoHhvU,https://music.youtube.com/watch?v=F65XvtI2lOM
e8003138-3637-5725-9c05-d06989ea60ab,a37ec22c-05cf-5e05-9aa3-d5872e75e574,2,Na Tum Jano Na Hum,"Lucky Ali, Ramya",4.0,https://www.youtube.com/watch?v=Lrh3kJoGYX0,https://music.youtube.com/watch?v=Lrh3kJoGYX0,https://music.youtube.com/watch?v=eSxo4l-epv8,https://music.youtube.com/watch?v=6z3-AkDQvOw
b62fc9e2-5873-5f38-9917-7702ed77bf72,a37ec22c-05cf-5e05-9aa3-d5872e75e574,9,Ek Pal Ka Jeena (Ae Mere Dil Tu Gaaye Ja),Lucky Ali,4.0,https://www.youtube.com/watch?v=oLyjZtRlHZk,https://music.youtube.com/watch?v=hLaZVAeQh38,https://music.youtube.com/watch?v=wrn2GmhuJos,https://music.youtube.com/watch?v=v_T6WiCk0bE
b56ca52b-fc3b-5f35-88c1-d542080ccc85,dfa01684-1744-5b10-9d62-96218efad4bd,1,Ae Dil Laaya Hai Bahaar (Kya Kehna) - 1,"Kavita Krishnamurthy, Hariharan",4.0,https://www.youtube.com/watch?v=XEZaicOkjLI,https://music.youtube.com/watch?v=Na1SEuvMNcg,https://music.youtube.com/watch?v=kp00LrbcRd4,https://music.youtube.com/watch?v=SwlRfuTMZB8
c93ae145-a11d-57a4-879d-7d68d063c43c,56568626-e9f8-5a26-b429-55af07830a39,2,Chalte Chalte Yun Hi Ruk Jata Hoon Main,"Udbhav, Manohar Shetty, Ishaan, Shweta Pandit, Sonali Bhatawdekar, Preeta Mazumdar",4.0,https://www.youtube.com/watch?v=Xt9hNipKg3E,https://music.youtube.com/watch?v=kzTWRX9Dhrg,https://music.youtube.com/watch?v=Bx_Ie97I3zg,
24b21e76-81cf-5868-be24-5acda2887acc,56568626-e9f8-5a26-b429-55af07830a39,3,Pairon Mein Bandhan Hai,"Udbhav, Manohar Shetty, Ishaan, Shweta Pandit, Sonali Bhatawdekar, Preeta Mazumdar",4.0,https://www.youtube.com/watch?v=NZG7m_Qzu4A,https://music.youtube.com/watch?v=bC7RmYYMqTw,https://music.youtube.com/watch?v=leqor9cjSRI,https://music.youtube.com/watch?v=UZkl2Oam5HQ
c0b85029-c593-5418-a217-4a753ab432cd,56568626-e9f8-5a26-b429-55af07830a39,4,Aankhen Khuli Hon Ya Hon Band,"Lata Mangeshkar, Udit Narayan, Udbhav, Manohar Shetty, Ishaan, Preeta Mazumdar, Sonali Bhatawdekar, Shah Rukh Khan",4.33,https://www.youtube.com/watch?v=mEYmG073vw8,https://music.youtube.com/watch?v=eM8Mjuq4MwQ,https://music.youtube.com/watch?v=iTok4C0S7vk,
fe2f9046-fe6b-53a7-8c79-77c60a90d671,56568626-e9f8-5a26-b429-55af07830a39,5,Soni Soni,"Udit Narayan, Jaspinder Narula, Udbhav, Manohar Shetty, Ishaan, Preeta Mazumdar, Shweta Pandit, Sonali Bhatawdekar",4.5,https://www.youtube.com/watch?v=OpLD97fG9Hw,https://music.youtube.com/watch?v=OpLD97fG9Hw,https://music.youtube.com/watch?v=Oj6rNyVUdUg,https://music.youtube.com/watch?v=Q-bCp4J_eAg
362b8634-6c09-5310-8d52-0804fa189810,56568626-e9f8-5a26-b429-55af07830a39,7,Zinda Rehti Hain Mohabbatein,"Lata Mangeshkar, Udit Narayan",4.0,https://www.youtube.com/watch?v=0HpURaBhRhg,https://music.youtube.com/watch?v=1cWR8QVhJLE,https://music.youtube.com/watch?v=n2TKfAz5DuM,
ae4dcaf9-7472-5a71-9143-151a4f56b6bf,c3f72079-7f01-5b1b-9c80-afaf451858d1,4,Aur Kya,"Abhijeet, Alka Yagnik",4.5,https://www.youtube.com/watch?v=wP7et6aWvAY,https://music.youtube.com/watch?v=wP7et6aWvAY,https://music.youtube.com/watch?v=wYqsktWxWBw,
c2d6757e-d73f-5e12-934b-2fc13ab40ced,6410c070-df3e-598f-85f7-0c99818e85dd,6,Ek Tu Hi Bharosa,Lata Mangeshkar,4.0,https://www.youtube.com/watch?v=d_pLXZnUoPc,https://music.youtube.com/watch?v=d_pLXZnUoPc,https://music.youtube.com/watch?v=RGgyOyCoDTg,https://music.youtube.com/watch?v=eKxkmMU6yCo
e5d1e0d2-a93e-5f12-af3a-2fe26ca87a1a,e57d84ba-8d08-5729-9527-13520fe1376e,1,Tune Mujhe Pehchana Nahin,Shaan,4.5,https://www.youtube.com/watch?v=iIXJI_oCpM8,https://music.youtube.com/watch?v=_JI5ZY3ajxo,,
21339447-4c70-54da-9cb3-51d06d726dc4,ee1ec0a1-eec5-5d88-9aa3-b1f44ff6fd1f,2,Aisa Lagta Hai,"Sonu Nigam, Alka Yagnik",4.67,https://www.youtube.com/watch?v=-zUFB-vRukE,https://music.youtube.com/watch?v=hTdtg0sNaJw,https://music.youtube.com/watch?v=8VgEQ1CqYTw,
c2381e0a-286b-50e8-a034-a87f3d6b1efe,ee1ec0a1-eec5-5d88-9aa3-b1f44ff6fd1f,3,Mere Humsafar,"Sonu Nigam, Alka Yagnik",4.5,https://www.youtube.com/watch?v=TAUKxUfwvwA,https://music.youtube.com/watch?v=9mNSqnYDpOk,https://music.youtube.com/watch?v=VuvdYSIGE4k,
70e45678-0866-59ac-ad4a-33b492a8ac92,a6f58e3d-21fd-5748-91b0-b91f41b16f97,1,Tanha Dil,Shaan,4.5,https://www.youtube.com/watch?v=VnuAKmEwXiA,https://music.youtube.com/watch?v=64KSVbMDr0c,https://music.youtube.com/watch?v=SKlDSv-1uEo,https://music.youtube.com/watch?v=WtKy4gljz2E
66795f28-427d-5be1-a4ac-621e002d431c,1fc615a3-577f-5e62-a7a3-2b01878e8bb3,4,Aye Chaand Teri,"Sonu Nigam, Alka Yagnik",4.33,https://www.youtube.com/watch?v=L5NBrybBi_8,https://music.youtube.com/watch?v=jJL2M8m5OVc,https://music.youtube.com/watch?v=f6pY9h8w73A,https://music.youtube.com/watch?v=icYYLT_mgWM
c205c286-3dc4-58e4-8dd8-cc2c280eb11a,a74e84e0-55cc-5933-9934-4703a434287b,5,Banda Bindaas,KK,4.0,https://www.youtube.com/watch?v=NWkKv61rNOw,https://music.youtube.com/watch?v=h5u_MU50d6k,https://music.youtube.com/watch?v=pAOxJD6SUmk,https://music.youtube.com/watch?v=3-XIroFfwbs
9cc907a2-0f3d-5fd4-8410-fcd424f8ee55,a74e84e0-55cc-5933-9934-4703a434287b,9,Rabba Rabba,"Sukhwinder Singh, Vasundhara Das",4.0,https://www.youtube.com/watch?v=wuQiF1gy1Zk,https://music.youtube.com/watch?v=wuQiF1gy1Zk,https://music.youtube.com/watch?v=n_5vNMnNEmc,https://music.youtube.com/watch?v=Db6mOruomiI
59f0a6c8-e573-5f56-bac1-223bb1ffcb2a,d39051e9-12a8-5b9f-a053-1e00eaea76b3,2,Raat Ka Nasha,K.S. Chitra,4.0,https://www.youtube.com/watch?v=q7Mn3KrTrNg,https://music.youtube.com/watch?v=9DQAoDMJsS4,https://music.youtube.com/watch?v=fvOVS45giwQ,https://music.youtube.com/watch?v=lqg6wRmUF3g
57db5b4a-5a3b-5cf7-a512-222e35f7d1fc,d39051e9-12a8-5b9f-a053-1e00eaea76b3,4,Aa Tayar Hoja,Sunidhi Chauhan,4.0,https://www.youtube.com/watch?v=Zm48_yyiF-w,https://music.youtube.com/watch?v=mbUvz4vl-4Y,https://music.youtube.com/watch?v=qgkoDyPPeKc,
4382de9c-a156-5906-bab5-94d5e23fe19d,d39051e9-12a8-5b9f-a053-1e00eaea76b3,6,Raat Ka Nasha (Duet),"Abhijeet, K.S. Chitra",4.0,https://www.youtube.com/watch?v=wQcecKaGoEI,https://music.youtube.com/watch?v=fvOVS45giwQ,https://music.youtube.com/watch?v=TkJdFDV7ROw,https://music.youtube.com/watch?v=9DQAoDMJsS4
78c5d28a-5024-5731-b522-28356edfa9df,1dea251e-a1c8-5947-9f7c-720ee05664d9,1,Dil Chahta Hai,Shankar Mahadevan,4.4,http://www.youtube.com/watch?v=9coA7bcpJII&feature=plcp,https://music.youtube.com/watch?v=HoDgYV1NzAI,https://music.youtube.com/watch?v=KayWQCbGirU,https://music.youtube.com/watch?v=XjwM7ehayvw
1fdc21fc-5ebc-5513-9043-15c42cc9d2af,1dea251e-a1c8-5947-9f7c-720ee05664d9,2,Jaane Kyon Log Pyar Karte Hain,"Udit Narayan, Alka Yagnik",4.33,http://www.youtube.com/watch?v=zz5KauCbjPI&feature=plcp,https://music.youtube.com/watch?v=-7shFTSqU1g,https://music.youtube.com/watch?v=ru5njKfmazA,https://music.youtube.com/watch?v=gfcdq9cyxpI
fd74ab33-ab02-5ecd-b5ed-eb84ad39709d,1dea251e-a1c8-5947-9f7c-720ee05664d9,3,Woh Ladki Hai Kahan,"Shaan, Kavita Krishnamurthy",4.25,http://www.youtube.com/watch?v=IIg8H60bRJo&feature=plcp,https://music.youtube.com/watch?v=IIg8H60bRJo,https://music.youtube.com/watch?v=sLva5MIY7ZY,https://music.youtube.com/watch?v=6o6X-1A5qLM
4996f84c-b16b-5f5f-8d2b-139755274cf6,1dea251e-a1c8-5947-9f7c-720ee05664d9,4,Kaisi Hai Yeh Rut,Srinivas,4.25,http://www.youtube.com/watch?v=XBr11cQDg-E&feature=plcp,https://music.youtube.com/watch?v=XBr11cQDg-E,https://music.youtube.com/watch?v=wzOWggEF0No,https://music.youtube.com/watch?v=X1KJM68x-T0
05210f41-2cf7-5295-be8d-9a272d1611f6,1dea251e-a1c8-5947-9f7c-720ee05664d9,5,Koi Kahe Kehta Rahe,"Shankar Mahadevan, Shaan, KK",4.0,http://www.youtube.com/watch?v=ctJI7pCbxAo&feature=plcp,https://music.youtube.com/watch?v=ctJI7pCbxAo,https://music.youtube.com/watch?v=qR8FtO0o6Fg,https://music.youtube.com/watch?v=CboPGbUqru8
970cbaed-0d27-5570-a34b-bac666cbb475,1dea251e-a1c8-5947-9f7c-720ee05664d9,7,Tanhayee,Sonu Nigam,4.5,http://www.youtube.com/watch?v=ZkwaiIGoyT4&feature=plcp,https://music.youtube.com/watch?v=ZkwaiIGoyT4,https://music.youtube.com/watch?v=4eZA0Rf_k8k,https://music.youtube.com/watch?v=_FWiJf2uuvM
bef0ddaf-e27a-528e-a7fb-566dab71480e,a62ee5e5-4a47-5248-b4b1-f0eb1ff04a9d,1,Yeh Kaisa Ehsaas Hai,"Sonu Nigam, Sunidhi Chauhan",4.0,http://www.youtube.com/watch?v=OQcXOwUCUDc,https://music.youtube.com/watch?v=r4Oj301laSs,https://music.youtube.com/watch?v=x4skaFSI5bY,
46c8e998-a096-5755-8470-f51a8f5b4877,4389caa9-c39f-5301-ba93-028761afe643,2,Bole Chudiyan,"Udit Narayan, Amit Kumar, Alka Yagnik, Kavita Krishnamurthy",4.0,https://www.youtube.com/watch?v=IBvg3WeqP1U,https://music.youtube.com/watch?v=pncfRaXjZlw,,
a80981e2-90a7-5c85-9fb9-a1e29ffeff20,4389caa9-c39f-5301-ba93-028761afe643,3,You Are My Sonia,"Alka Yagnik, Sonu Nigam",4.0,https://www.youtube.com/watch?v=DwUgoUhgzLo,https://music.youtube.com/watch?v=bvEWX3Q80-M,https://music.youtube.com/watch?v=2qBWL5Fplu0,https://music.youtube.com/watch?v=Y9Hl39U71iE
8bbce8b7-fc5f-5afe-b9b3-ca05d6b61355,4389caa9-c39f-5301-ba93-028761afe643,4,Suraj Hua Madham Shaam Dhalne Laga,"Alka Yagnik, Sonu Nigam",4.4,https://www.youtube.com/watch?v=L0zKs8i7Nc8,https://music.youtube.com/watch?v=FkoEJ0CdjRg,,
56fc2c9a-de48-510c-8ca8-893db1d28120,4389caa9-c39f-5301-ba93-028761afe643,5,Say Shava Shava,"Sunidhi Chauhan, Alka Yagnik, Sudesh Bhosle, Udit Narayan",4.33,https://www.youtube.com/watch?v=WRSeV_27z6k,https://music.youtube.com/watch?v=ic7dA4wYpFk,https://music.youtube.com/watch?v=Q7WmxQCvivk,
88a61a86-0bbf-5a86-9c6e-399f4c4c9fb1,4962d8bc-3c4e-506f-aaff-0d81311d8a9f,1,Kitni Bechain Hoke,"Alka Yagnik, Udit Narayan",4.5,https://www.youtube.com/watch?v=0JCLpa-r4Lg,https://music.youtube.com/watch?v=0JCLpa-r4Lg,https://music.youtube.com/watch?v=jD-EJlsMHFE,https://music.youtube.com/watch?v=5SGA3WeeFfA
f5f50557-dc7b-506f-a5ca-2dfc496a6995,f4165dbe-a133-5fab-a617-4d41e618e7ef,1,Ghanan Ghanan,"Udit Narayan, Alka Yagnik, Sukhwinder Singh, Shankar Mahadevan, Shaan, Kishori Gowariker",4.67,https://www.youtube.com/watch?v=GmCn31pq8i0,https://music.youtube.com/watch?v=GmCn31pq8i0,https://music.youtube.com/watch?v=8uYKAXpECSk,https://music.youtube.com/watch?v=gVZXMP59yZI
efde7554-102b-5f50-8cb1-0ea68a5492e5,f4165dbe-a133-5fab-a617-4d41e618e7ef,2,Mitwa,"Udit Narayan, Alka Yagnik, Sukhwinder Singh, Srinivas",4.33,https://www.youtube.com/watch?v=uC3DmRfEigg,https://music.youtube.com/watch?v=7-LT8pojT_E,https://music.youtube.com/watch?v=zKtCgnjbkvg,https://music.youtube.com/watch?v=UefzeDewC94
ba49a270-990f-5e61-a324-19f1b349f2ac,f4165dbe-a133-5fab-a617-4d41e618e7ef,3,Radha Kaise Na Jale,"Asha Bhosle, Udit Narayan, Vaishali",4.0,https://www.youtube.com/watch?v=qNnvL0ztJhA,https://music.youtube.com/watch?v=qNnvL0ztJhA,https://music.youtube.com/watch?v=cH_9ZwTVnuI,https://music.youtube.com/watch?v=OTaYCjy9vXg
b0d2d472-0dad-533f-beb6-72b94bda021a,f4165dbe-a133-5fab-a617-4d41e618e7ef,4,O Rey Chhori,"Udit Narayan, Alka Yagnik",4.33,https://www.youtube.com/watch?v=3PIKesjmQTs,https://music.youtube.com/watch?v=3PIKesjmQTs,https://music.youtube.com/watch?v=D0U7kd6yNaA,https://music.youtube.com/watch?v=SUtfApr86KU
a577c90b-da34-546c-a427-6fd3ec00d48c,45924e33-0d96-5ed4-b758-dd367926828b,5,Badi Mushkil,Alka Yagnik,4.0,https://www.youtube.com/watch?v=lXidzm8Ruxg,https://music.youtube.com/watch?v=lXidzm8Ruxg,https://music.youtube.com/watch?v=mHSAN9y5eWE,https://music.youtube.com/watch?v=A1NCg9lsP-4
5332af90-5598-5cc8-9048-76e5d6fe1565,0a328c1c-4786-5fe1-9277-1bea69f7eb4f,1,Khamoshiyan Gungunane Lagi - 1,"Lata Mangeshkar, Sonu Nigam",4.0,https://www.youtube.com/watch?v=v3bW2VEmli8,https://music.youtube.com/watch?v=nt88gTOX6VI,https://music.youtube.com/watch?v=gTfA5R4AzTo,https://music.youtube.com/watch?v=nYnimCQqcmc
7e0a8aee-031d-5337-bd91-93521b12fff6,3f27f8a1-46aa-5772-b910-f5ef11f8df4f,3,Hosh Walon Ko,Jagjit Singh,4.0,http://www.youtube.com/watch?v=t6CQVf6E_RE,https://music.youtube.com/watch?v=GAHlAcsLlJY,,
45a4b993-7dbf-519c-be8b-0efd24ecde63,3f27f8a1-46aa-5772-b910-f5ef11f8df4f,6,Kal Chaudhvin Ki Raat Thi,Jagjit Singh,4.5,https://www.youtube.com/watch?v=Dxt8kHKBx9E,https://music.youtube.com/watch?v=cvLavGNYtX8,https://music.youtube.com/watch?v=QEugc1bZkfA,https://music.youtube.com/watch?v=Dxt8kHKBx9E
0374ea0d-2529-54f2-a570-532a75b7ce72,c287d5f7-7e69-58df-bdb8-9f75dcb21b81,1,Kambakht Ishq Hai Jo,"Asha Bhosle, Sukhwinder Singh, Sonu Nigam",4.0,http://www.youtube.com/watch?v=zxP6FO4HcJo,https://music.youtube.com/watch?v=4RtlIwJ7AsU,https://music.youtube.com/watch?v=dUx7k7auL6Y,
f95a5852-a23d-582d-9cbc-12424f050a2c,c26d9528-3f7c-567f-8f6c-9b1f0158e339,5,Zara Zara Bahakta Hai,Bombay Jayashri,4.33,https://www.youtube.com/watch?v=a71xD6RyOok,https://music.youtube.com/watch?v=IWjbBSMsQJg,https://music.youtube.com/watch?v=RkWHSzK4SUw,https://music.youtube.com/watch?v=Bzv2EvgH3SY
731b0b6a-5264-5087-b66c-2219cfbe7233,c26d9528-3f7c-567f-8f6c-9b1f0158e339,7,Sach Keh Raha Hai Deewana,KK,4.25,https://www.youtube.com/watch?v=nya9D8kluE0,https://music.youtube.com/watch?v=vyl_a4ox5Dw,https://music.youtube.com/watch?v=8zqexbN6TiQ,https://music.youtube.com/watch?v=ANbC3o6tnww
9a588750-0bc5-5e1c-ab73-6aff0dcf5daf,0233f315-bf98-53db-85d6-2cae75d7b95b,3,Giriraja Suta,Shankar Mahadevan,4.0,http://www.youtube.com/watch?v=31yc8PELL3E,https://music.youtube.com/watch?v=AZxfgug1Ozs,https://music.youtube.com/watch?v=DkJ10dg-ggY,
eb08a71b-8cdb-5021-bf93-cc901380ef35,6876ce9b-7dde-570e-8c32-4c1ca1ef4b41,2,Tum Aaye,"Alka Yagnik, Hariharan",4.0,https://www.youtube.com/watch?v=PXT35vgPuko,https://music.youtube.com/watch?v=PXT35vgPuko,https://music.youtube.com/watch?v=RVkwoEZsfnI,https://music.youtube.com/watch?v=-F9Kv-2rse8
988473ac-d3c9-5c49-8b2c-bb52cf83eb21,84725bf9-4df4-5b30-a86e-4ba5915dc7bc,3,Koi Fariyaad Dil Mein Dabi Ho Jaise (Jaagte Jaagte),Jagjit Singh,4.5,https://www.youtube.com/watch?v=8MN2bxMiB9A,https://music.youtube.com/watch?v=8MN2bxMiB9A,https://music.youtube.com/watch?v=cgm10EKpF2A,https://music.youtube.com/watch?v=LZenFfb1SQk
8f1e2349-d266-5f5c-accc-9f85d484d0a5,cb1ffc0a-2d70-577f-85e8-73949331d202,2,Yaadein Yaad Aati Hain (Male),Hariharan,4.5,https://www.youtube.com/watch?v=inXmWALwO8Q,https://music.youtube.com/watch?v=inXmWALwO8Q,https://music.youtube.com/watch?v=PsJmet4N4Sc,https://music.youtube.com/watch?v=gnBtsIIgOq8
dbea8e5f-8696-5c66-a78f-eff3b1cadb6e,7eb1c536-a8b3-59be-a7a9-328d3c90a0cd,4,More Sawariya,"Sunidhi Chauhan, Shaan, Anu Malik",4.0,https://www.youtube.com/watch?v=eYeJmQFvcrc,https://music.youtube.com/watch?v=eYeJmQFvcrc,https://music.youtube.com/watch?v=f9_lUIgod8U,https://music.youtube.com/watch?v=0anzoNnTUhY
fe81ffff-c571-5fb5-89a6-d48420a000ea,419032ae-86dc-58ce-b476-7a6703442726,7,Ooh La La,Andrew Playfoot,4.0,https://www.youtube.com/watch?v=cO-spKSbKk0,https://music.youtube.com/watch?v=NgYgRfn-6TY,https://music.youtube.com/watch?v=E3MQw0SFUDk,https://music.youtube.com/watch?v=bRukNU3jkIM
ae565b91-16a0-5ec4-ab9c-76694169ec2b,419032ae-86dc-58ce-b476-7a6703442726,8,Shakalaka Baby,"Preeya Kalidas, Raza Jaffrey",4.0,https://www.youtube.com/watch?v=Jv-JfLGil7E,https://music.youtube.com/watch?v=Jv-JfLGil7E,https://music.youtube.com/watch?v=rPdBCxXRPw4,https://music.youtube.com/watch?v=GxCAZvALnN8
efaa8ad2-6737-5ede-9bf0-b9ec3d9d10e2,419032ae-86dc-58ce-b476-7a6703442726,12,Chhaiya Chhaiya,"Sukhwinder Singh, Sapna Awasthi",4.33,https://www.youtube.com/watch?v=6Ly5rCHPc3U,https://music.youtube.com/watch?v=9MX-QejdVaQ,https://music.youtube.com/watch?v=SDnJX784Wo8,
cf9b2193-50b1-5912-ad24-dd6b6a698626,419032ae-86dc-58ce-b476-7a6703442726,18,Wedding Qawwali,"Sukhwinder Singh, A.R. Rahman",4.0,https://www.youtube.com/watch?v=Sml7s5QCcVs,https://music.youtube.com/watch?v=QcqGW8tWgmU,https://music.youtube.com/watch?v=Sml7s5QCcVs,
4053648e-69b8-5ac0-b448-721a4b78ed4c,29c24dc3-856d-5d5a-8e7f-5cfe250b1d65,3,Chup Chaap (Female),Sadhna Sargam,4.0,https://www.youtube.com/watch?v=XqUcT-_q280,https://music.youtube.com/watch?v=KKiWaH1-aSk,,
b2e042c4-4009-5917-86c9-ab4ca27a265f,667b04be-a8f9-5f52-845e-d49a70694fb2,1,Khallas,"Asha Bhosle, Sudesh Bhosle, Sapna Awasthi",4.0,http://www.youtube.com/watch?v=vt8cSLswQWc&feature=plcp,https://music.youtube.com/watch?v=w0Ra9IkNWt4,https://music.youtube.com/watch?v=ErhjLBsQsI0,https://music.youtube.com/watch?v=oGJ49nJNrR8
26052834-5466-55d8-9c34-dfcbc0f5dde1,667b04be-a8f9-5f52-845e-d49a70694fb2,2,Tumse Kitna Pyar,Altaf Raja,4.5,http://www.youtube.com/watch?v=FX1y7SU7ygs&feature=plcp,https://music.youtube.com/watch?v=p9izOaSS9qM,https://music.youtube.com/watch?v=Ir62u2s_jSM,https://music.youtube.com/watch?v=pEOVveY27fQ
6714352c-22bf-509a-b1e0-c49266225031,667b04be-a8f9-5f52-845e-d49a70694fb2,3,Pyar Pyar Mein,"Sonali Bajpai, Babul Supriyo",4.0,http://www.youtube.com/watch?v=aORIMTjBaxg,https://music.youtube.com/watch?v=SJeIspS-s1U,https://music.youtube.com/watch?v=Vy78fEoU-0c,
811cd2bd-2a03-594c-956e-144dcb8d2f91,2d17baf9-a3e6-5481-913a-88d43aad9f8c,1,Silsila Ye Chaahat Ka,Shreya Ghoshal,4.0,https://www.youtube.com/watch?v=NodPBY7tSYY,https://music.youtube.com/watch?v=yWNzKpUVkN8,https://music.youtube.com/watch?v=J_rPRLQrEvE,https://music.youtube.com/watch?v=VMEZB2ZBqhY
9c01a866-349c-5c66-b1e0-738b1708ffae,2d17baf9-a3e6-5481-913a-88d43aad9f8c,2,Maar Dala,Kavita Krishnamurthy,4.0,https://www.youtube.com/watch?v=CiGGdJuJbqQ,https://music.youtube.com/watch?v=kDdBQhiCw9U,https://music.youtube.com/watch?v=CiGGdJuJbqQ,https://music.youtube.com/watch?v=JNY2Udl8ANw
518062aa-3f84-587c-b5c6-ae176cdf5250,2d17baf9-a3e6-5481-913a-88d43aad9f8c,3,Bairi Piya,"Udit Narayan, Shreya Ghoshal",4.5,https://www.youtube.com/watch?v=kxjNgKMypR4,https://music.youtube.com/watch?v=c0udXSNMRhk,https://music.youtube.com/watch?v=wGzSvIGCp2U,https://music.youtube.com/watch?v=NyylzwoHWrM
8b7c0618-f8b0-5bd7-abc3-40e53ffe8877,2d17baf9-a3e6-5481-913a-88d43aad9f8c,4,Kaahe Chhed Mohe,"Madhuri Dixit, Birju Maharaj, Kavita Krishnamurthy",4.0,https://www.youtube.com/watch?v=ajfAXCHXqN0,https://music.youtube.com/watch?v=ajfAXCHXqN0,https://music.youtube.com/watch?v=UXMVavQ8jEU,https://music.youtube.com/watch?v=tAuRVuIachM
f62056e0-2cac-5cb5-99be-9facb167183e,2d17baf9-a3e6-5481-913a-88d43aad9f8c,6,Hamesha Tumko Chaha,"Udit Narayan, Kavita Krishnamurthy",4.0,https://www.youtube.com/watch?v=lIaDgoIZe6U,https://music.youtube.com/watch?v=Qv_ii3c_wR0,https://music.youtube.com/watch?v=VpKJ6Ci1Ess,https://music.youtube.com/watch?v=lIaDgoIZe6U
1036e532-14c9-5784-825e-d991352b30fd,13de2ad0-bc98-5581-9b31-24ac4bd2af05,1,Mohabbat Dil Ka Sukoon,"Alka Yagnik, Kumar Sanu, Udit Narayan",4.0,https://www.youtube.com/watch?v=z24_NpdiJ9w,https://music.youtube.com/watch?v=n2iwOrVPr3c,https://music.youtube.com/watch?v=9G6Jlno8SWM,https://music.youtube.com/watch?v=qvTj5cAYpdI
3a470253-a7f4-5243-953f-410b1a3197eb,13de2ad0-bc98-5581-9b31-24ac4bd2af05,7,Kasam Khake Kaho,"Alka Yagnik, Kumar Sanu",4.0,https://www.youtube.com/watch?v=iyF5LIR-z1o,https://music.youtube.com/watch?v=qLyxd5Dhk7M,https://music.youtube.com/watch?v=bXtBtFv-xMY,https://music.youtube.com/watch?v=ZBbuF75yAHg
61ad1789-838d-5d87-93d7-5bd2e653ea4c,e0c450fd-d8d8-5ecf-9ecc-c9dc73323054,1,O Haseena Zulfonwali,"Abhijeet, Sunidhi Chauhan",4.0,https://www.youtube.com/watch?v=HwYeAtM47KE,https://music.youtube.com/watch?v=HwYeAtM47KE,https://music.youtube.com/watch?v=ot72Syv7i7M,https://music.youtube.com/watch?v=KRBjEbq8i0Q
75ca59a1-a886-5b23-8ff9-85a409dcdae9,e0c450fd-d8d8-5ecf-9ecc-c9dc73323054,2,Yaadon Ki Baarat,Kumar Sanu,4.0,https://www.youtube.com/watch?v=72tvFIR4qOs,https://music.youtube.com/watch?v=72tvFIR4qOs,https://music.youtube.com/watch?v=b7xSO3dTF6U,https://music.youtube.com/watch?v=uWm9vBG12PU
244a51d6-2762-5710-9ebb-bdb9a21a5b1c,e0c450fd-d8d8-5ecf-9ecc-c9dc73323054,3,Tum Bin Jaoon Kahan,Hariharan,4.6,https://www.youtube.com/watch?v=ECyJkf0cBM4,https://music.youtube.com/watch?v=ECyJkf0cBM4,https://music.youtube.com/watch?v=mRHR0EH0xSI,https://music.youtube.com/watch?v=zLODyOcKwik
3d9d1433-1e92-5d6d-836e-b96bb0f2579c,e0c450fd-d8d8-5ecf-9ecc-c9dc73323054,4,O Hansini,Hariharan,4.0,https://www.youtube.com/watch?v=cz6rNRdjAVI,https://music.youtube.com/watch?v=l2tgsf0VD54,https://music.youtube.com/watch?v=DwgduWYqJyQ,https://music.youtube.com/watch?v=gdnIsG5uH9M
8a371e85-870a-5e63-82d1-974381b7eba4,e0c450fd-d8d8-5ecf-9ecc-c9dc73323054,7,Kya Jaanoon Sajan,Kavita Krishnamurthy,4.0,https://www.youtube.com/watch?v=aq5e0PGja0Q,https://music.youtube.com/watch?v=5XzTqpNNv90,https://music.youtube.com/watch?v=dRqB8jL2bW4,https://music.youtube.com/watch?v=hNWdgnPPKYI
7a4b9e2e-81c9-56d6-b46c-7ffae02abe4a,e0c450fd-d8d8-5ecf-9ecc-c9dc73323054,8,Mere Samnewali Khidki Mein,Shaan,4.0,https://www.youtube.com/watch?v=lhTmRYbbduU,https://music.youtube.com/watch?v=lhTmRYbbduU,https://music.youtube.com/watch?v=_OlYDmWOwdA,https://music.youtube.com/watch?v=DSEY6PwLgds
a53ae215-9f03-555a-93ca-299fdc95c8c2,e0c450fd-d8d8-5ecf-9ecc-c9dc73323054,12,Yeh Jo Mohabbat Hai,"Hariharan, Babul Supriyo, Abhijeet",4.2,https://www.youtube.com/watch?v=1almlDBfCrc,https://music.youtube.com/watch?v=1almlDBfCrc,https://music.youtube.com/watch?v=rSf8PbFwl5w,https://music.youtube.com/watch?v=2J-4PheWsS4
9a2a1f70-39aa-539a-838e-f9e9f000d4a4,e0c450fd-d8d8-5ecf-9ecc-c9dc73323054,13,Tere Bina Zindagi Se,"Hariharan, Alka Yagnik",4.0,https://www.youtube.com/watch?v=DkSDvDkTGlI,https://music.youtube.com/watch?v=DkSDvDkTGlI,https://music.youtube.com/watch?v=1tjS8fOdfbw,https://music.youtube.com/watch?v=z30aULXvV2w
acf6b803-a5d9-5bd7-98ca-56f6aafa90db,4546772e-4a3b-5f54-964c-bd0dd211878d,7,Yeh Lamha Filhaal Jee Lene De,Asha Bhosle,4.5,https://www.youtube.com/watch?v=X6spSEx4JDE,https://music.youtube.com/watch?v=tT1-SdzntLE,https://music.youtube.com/watch?v=YkfDS9wodxI,https://music.youtube.com/watch?v=fP4Lb45SpV0
12c790b4-1413-5dc2-a94d-f92592cffd31,3ec4d868-7fc8-5697-822b-b87e74859967,7,Tune Zindagi Mein Aake (Female),Alka Yagnik,4.0,http://www.youtube.com/watch?v=3mnBS3q3oAk,https://music.youtube.com/watch?v=LAe59f3xGVg,https://music.youtube.com/watch?v=5R4fIOHhA9g,https://music.youtube.com/watch?v=-yOmWknRVPA
a27e7da9-d7a8-545f-9a9e-29ce782bfe88,211aeb71-2176-523a-8480-9fd2e9f078db,4,Maki Madni,Rahat Fateh Ali Khan,4.0,http://www.youtube.com/watch?v=MVKOWmnRdFg,https://music.youtube.com/watch?v=Svz9E0_rFTk,https://music.youtube.com/watch?v=Woh4r2Vkt5s,https://music.youtube.com/watch?v=lXqFLTRw26Y
651f5951-a989-5fe9-8381-ef1ebf000ec5,f3fa6892-d557-569d-be8a-c8fd5fb5848a,1,Ishq Samandar Dil De Andar,"Sunidhi Chauhan, Anand Raaj Anand",4.33,http://www.youtube.com/watch?v=JJYeMoxELRU&feature=plcp,https://music.youtube.com/watch?v=o07DP1khU_I,https://music.youtube.com/watch?v=-xmi5CBm_Jw,https://music.youtube.com/watch?v=XyqqagtoICw
eb9887b4-7cd5-5bcc-b33c-00b049be36b9,f3fa6892-d557-569d-be8a-c8fd5fb5848a,3,Jaane Kya Hoga Rama Re,"Sanjay Dutt, Shaan, Zubeen Garg, Sudesh Bhosle, Anand Raaj Anand",4.0,http://www.youtube.com/watch?v=_OWb_iRwsGo&feature=plcp,https://music.youtube.com/watch?v=8xQ3Z8Mm58I,https://music.youtube.com/watch?v=HKNGHlYWm_4,https://music.youtube.com/watch?v=_OWb_iRwsGo
1d501693-a403-5680-a303-74b434fd1bcc,d7e6d091-fdf0-511b-b0c1-e93d3d162ebb,2,Nikamma Kiya Is Dil Ne - I,"Shaan, Sanjeevani",4.0,https://www.youtube.com/watch?v=RZxrANZ8m9Q,https://music.youtube.com/watch?v=gSTqgumWxNI,https://music.youtube.com/watch?v=8sF_4XmYjB8,https://music.youtube.com/watch?v=DvSIn6v9yXs
90904fdc-f454-598e-83cf-58653fc7ea8f,4a3d905a-cc38-58bc-9760-cf43363b82e4,1,Jaag Ke Kaati Saari Raina,Jagjit Singh,4.0,https://www.youtube.com/watch?v=gi7wKlE-iyo,https://music.youtube.com/watch?v=WHoyeRP6Fpg,,
d83d9b36-d1ed-5bc0-bf84-51f0552db42d,4a3d905a-cc38-58bc-9760-cf43363b82e4,8,Dhuaan Uthaa Hai Kahin Aag Jal Rahi Hogi,Jagjit Singh,4.0,https://www.youtube.com/watch?v=LK2l_SF70vU,https://music.youtube.com/watch?v=8lMG_LTCG5c,https://music.youtube.com/watch?v=aPf_qmJmBzA,
967e864b-743b-58c7-8039-75b6395f08f4,44aa370a-5f14-5417-94a1-13fa861cf598,3,Sajan Tum Kaahe Ko Neha Lagaye,"Chhannulal Mishra, Noorul Hasan",4.0,https://www.youtube.com/watch?v=G8MNKAN7ZVc,https://music.youtube.com/watch?v=G8MNKAN7ZVc,https://music.youtube.com/watch?v=QXm_qO2aEtw,
8116ee93-db4f-5fee-bbb8-2b20873dc379,44aa370a-5f14-5417-94a1-13fa861cf598,7,Tore Naina Ki Laagi Kataar Sajni,Chhannulal Mishra,4.0,https://www.youtube.com/watch?v=FM7nQ60JOKc,https://music.youtube.com/watch?v=FleP1FjiTdU,https://music.youtube.com/watch?v=77V8Yy8js2E,https://music.youtube.com/watch?v=afu4zLK-4O4
dda493b7-06b9-57d7-b896-549d0d020ce6,6bfea7d6-230b-57d5-83c1-7b8aaa250a3c,8,Yeh Shaher Hai (Shanti Shanti),"Jolly Mukherjee, Bali Brahmbhatt, Suzanne D'Mello",4.0,http://www.youtube.com/watch?v=G3Wc62kVRkA&feature=plcp,https://music.youtube.com/watch?v=4jumMHcCWeQ,https://music.youtube.com/watch?v=yjP_h_Jwo9I,https://music.youtube.com/watch?v=W042WLoQV1k
4170268b-df59-54f1-a93d-bd38aa2df266,accd64fd-bf8c-54e6-86d7-3779c4fe1dc0,1,Saathiya,Sonu Nigam,4.33,http://www.youtube.com/watch?v=6vMEtXqLh1A,https://music.youtube.com/watch?v=eMA6GHTQ4WA,https://music.youtube.com/watch?v=-65qt4HofMY,https://music.youtube.com/watch?v=p4664nVBMxg
0490305f-7834-5095-9ae2-10829ab69ef9,accd64fd-bf8c-54e6-86d7-3779c4fe1dc0,2,Chhalka Chhalka Re,"Richa Sharma, Mahalakshmi Iyer, Vaishali, Shoma",4.0,http://www.youtube.com/watch?v=gg551NGy7MI,https://music.youtube.com/watch?v=fIPUMKX3178,https://music.youtube.com/watch?v=RC54XdPtQTo,https://music.youtube.com/watch?v=luqo6bLu3m0
d4dab5b1-e567-578f-b637-7b1e09e0e87e,accd64fd-bf8c-54e6-86d7-3779c4fe1dc0,3,Aye Udi Udi Udi,Adnan Sami,4.0,http://www.youtube.com/watch?v=mEH_nPqeLos,https://music.youtube.com/watch?v=3BsFE3WD0kA,https://music.youtube.com/watch?v=FbYs2rWd7C0,https://music.youtube.com/watch?v=0ZINK1mD-jM
c64d0694-6166-51c1-b8f9-aa8a09637936,accd64fd-bf8c-54e6-86d7-3779c4fe1dc0,4,Chupke Se,"Sadhna Sargam, Murtuza, Qadir",4.83,http://www.youtube.com/watch?v=_-1G5MUgfs8,https://music.youtube.com/watch?v=JLXfTmF9DSI,https://music.youtube.com/watch?v=mFjwkgfLF7I,https://music.youtube.com/watch?v=k-TdmdY8AsM
5180fe9c-f103-57eb-bf3d-ab121e74977c,accd64fd-bf8c-54e6-86d7-3779c4fe1dc0,5,O Humdum Suniyo Re,"KK, Shaan, Kunal Ganjawala",4.0,http://www.youtube.com/watch?v=SS9A4PfM_n8,https://music.youtube.com/watch?v=_9geEbZIAJM,https://music.youtube.com/watch?v=NIUQnGjOIL8,https://music.youtube.com/watch?v=_d6TXXaYWso
60f22548-4f67-53a5-8e1c-4e6986b42283,c4c617d4-8f52-5252-8609-cdf46f64cfae,1,Aa Bhi Ja,"Lucky Ali, Sunidhi Chauhan",4.0,https://www.youtube.com/watch?v=U-OPN6bWl5k,https://music.youtube.com/watch?v=U-OPN6bWl5k,https://music.youtube.com/watch?v=t7jMl2QoCEg,https://music.youtube.com/watch?v=rAIQELlxypE
c8c54c86-e0ff-51a9-bab2-e805ba8b2add,c4c617d4-8f52-5252-8609-cdf46f64cfae,7,Kabhi Shaam Dhale,Mahalakshmi Iyer,4.0,http://www.youtube.com/watch?v=Pjpr_wHfnE4,https://music.youtube.com/watch?v=y4U-bxiMThQ,https://music.youtube.com/watch?v=Nx0ORhp2dic,https://music.youtube.com/watch?v=_Ha4hASXYWU
0f7c7056-58d6-54d2-b387-5f55dcf007e4,e7990750-98de-5c4d-a9f5-eb0303d7e883,1,Tera Chehra Jab Nazar Aaye (Happy),Adnan Sami,4.0,http://www.youtube.com/watch?v=kggmRyqZdeQ,https://music.youtube.com/watch?v=dOBkuHw6BnQ,https://music.youtube.com/watch?v=gUclUq2mBKg,https://music.youtube.com/watch?v=EB5wk1vQ20Y
606cc082-4ef8-5198-8d00-70b33b8d83f9,e7990750-98de-5c4d-a9f5-eb0303d7e883,4,Nain Se Naino Ko Mila,Adnan Sami,4.0,http://www.youtube.com/watch?v=TlcYcqT2yo4,https://music.youtube.com/watch?v=4Yfu5thNxQY,https://music.youtube.com/watch?v=ZG2_L5GWVXA,https://music.youtube.com/watch?v=hyDPPWPKK_o
1e15a36c-2e71-540b-9ef0-e9d23de22965,e7990750-98de-5c4d-a9f5-eb0303d7e883,5,Roothe Huye Ho Kyun,Adnan Sami,4.0,http://www.youtube.com/watch?v=mV-yTFIFel4,https://music.youtube.com/watch?v=nM6oga_HA7U,https://music.youtube.com/watch?v=GhXDaWPHN1U,
60ce47cc-1a13-5f8d-87e6-0d72eb67ca61,b8025966-c327-5a0e-b168-24d0be7ff86b,1,Mera Rang De Basanti Chola,"Manmohan Waris, Sonu Nigam",4.33,https://www.youtube.com/watch?v=Ha_P2DW9VR4,https://music.youtube.com/watch?v=dY4czmfKBJw,https://music.youtube.com/watch?v=h39B_75vtbY,https://music.youtube.com/watch?v=TREDoTLWv6o
172d8584-3d11-5341-b2fe-8ff252c0ffb6,b8025966-c327-5a0e-b168-24d0be7ff86b,3,Mahive Mahive,"Alka Yagnik, Udit Narayan",4.5,https://www.youtube.com/watch?v=xl9q7rWOTAg,https://music.youtube.com/watch?v=aE51aDCOSbs,https://music.youtube.com/watch?v=Sm8Z7cVaWew,https://music.youtube.com/watch?v=F02V9e4laIY
a9c7d0bc-f2dc-58ae-95b5-e2a7b743a063,b8025966-c327-5a0e-b168-24d0be7ff86b,4,Sarfaroshi Ki Tamanna,Sonu Nigam,4.0,http://www.youtube.com/watch?v=LLw0-5lmxR4&feature=plcp,https://music.youtube.com/watch?v=iuqoPIdnSzk,https://music.youtube.com/watch?v=RUcHUjqCxl4,https://music.youtube.com/watch?v=I163NXahr1Q
f6ea3c05-3a0f-53ca-9759-ea2c16a79990,b8025966-c327-5a0e-b168-24d0be7ff86b,10,Des Mere Des Mere Meri Jaan Hai Tu,"A.R. Rahman, Sukhwinder Singh",4.5,https://www.youtube.com/watch?v=w0PTcGvA1LI,https://music.youtube.com/watch?v=zabC1T-dpgQ,https://music.youtube.com/watch?v=yy8J1Z65Rzs,https://music.youtube.com/watch?v=k3p74zuaGho
2527de3b-2970-5425-b7a3-687298b81186,80217490-6c12-57d5-b1ed-063d8cbe6be3,5,Hum Naye Geet Sunayen,"Anushka Manchanda, Mahua Kamat, Pratichee Mohapatra, Neha Bhasin, Seema Ramchandani",4.0,https://www.youtube.com/watch?v=k8cCxECwfVU,https://music.youtube.com/watch?v=aUu_0ANP6V0,,
a52cad2f-d82b-5c40-be24-402b8f666925,ea985d35-2329-580d-9496-625e2c8925db,3,Gungunata Hai Geet Gaata Hai Yeh Sama,"Sowmya Raoh, Shaan",4.0,https://www.youtube.com/watch?v=pbqH8FUvWRo,https://music.youtube.com/watch?v=pbqH8FUvWRo,https://music.youtube.com/watch?v=nmovWSqaur8,https://music.youtube.com/watch?v=OCsxZpAW6KY
198f5e1c-7194-5a9a-a504-a7f112859c8d,aeff2d2e-9098-5bfc-8186-facc0e87c04c,1,Tauba Tumhare Yeh Ishare,"Abhijeet, Alka Yagnik",4.5,http://www.youtube.com/watch?v=yFibazGpBiI,https://music.youtube.com/watch?v=hVa2ldy1LrE,https://music.youtube.com/watch?v=2Bf-4z7G68o,https://music.youtube.com/watch?v=9DJoNkN1UKM
88cac71c-5ea6-5159-82fc-99e6da3a7089,aeff2d2e-9098-5bfc-8186-facc0e87c04c,2,Suno Naa Suno Naa Sun Lo Naa,Abhijeet,4.0,http://www.youtube.com/watch?v=9hrV2IFsx5s&feature=plcp,https://music.youtube.com/watch?v=-ibj0TgN8WU,https://music.youtube.com/watch?v=N4MsDMyHsc0,https://music.youtube.com/watch?v=9hrV2IFsx5s
a9f5301b-2b14-5a3b-bc78-a8689f608316,aeff2d2e-9098-5bfc-8186-facc0e87c04c,3,Chalte Chalte,"Abhijeet, Alka Yagnik",4.2,http://www.youtube.com/watch?v=89LuS5pkReQ&feature=plcp,https://music.youtube.com/watch?v=rkOakcMqJ-8,https://music.youtube.com/watch?v=bovpxyXpY5o,https://music.youtube.com/watch?v=lh6weq-7tuc
4bff8b18-5a90-5b03-8c8d-10955e405d04,9f8fa042-c0ba-57c8-b87a-710d0c1c657a,1,Bhaage Re Mann,Sunidhi Chauhan,5.0,http://www.youtube.com/watch?v=dCosqNGw2ck&feature=plcp,https://music.youtube.com/watch?v=pkV4VbjIcCo,https://music.youtube.com/watch?v=k1j1qr0mXPI,https://music.youtube.com/watch?v=dcf1M6gg3YE
50499b1c-ea21-5621-b9a1-3becd8505a2d,9f8fa042-c0ba-57c8-b87a-710d0c1c657a,2,Sajna Ve Sajna,Sunidhi Chauhan,4.0,http://www.youtube.com/watch?v=4Wld7_XNjsk&feature=plcp,https://music.youtube.com/watch?v=kuZ1hSfDrS4,https://music.youtube.com/watch?v=lQr8lD7Kvpk,https://music.youtube.com/watch?v=4Wld7_XNjsk
ab555e90-3f9f-5d7e-9ad1-63e6e88943b1,c231338c-a2b5-5b36-9e95-e99cfdfaf355,1,Dhaani,Faisal Kapadia,4.0,https://www.youtube.com/watch?v=3vNvUlCvfoE,https://music.youtube.com/watch?v=3vNvUlCvfoE,https://music.youtube.com/watch?v=4prvTK2YA3M,https://music.youtube.com/watch?v=n7F1U6lP2NY
e68e5956-fcdf-52a1-a9a9-62e7f882d6a3,c231338c-a2b5-5b36-9e95-e99cfdfaf355,2,Naa Jaane Kyun,Faisal Kapadia,4.0,https://www.youtube.com/watch?v=BWKq4iXUnHs,https://music.youtube.com/watch?v=BWKq4iXUnHs,https://music.youtube.com/watch?v=E7_1yGmep1s,
993ecd4b-0422-5c45-b988-724b9e459b04,94bf8585-9b47-53ea-b18b-0dd86cbc779f,1,Dil Mein Kuch Ho Raha Hai,KK,4.0,https://www.youtube.com/watch?v=E8xxUiZMA2o,https://music.youtube.com/watch?v=M9yw-n8Bgug,https://music.youtube.com/watch?v=W2D-S-259f0,https://music.youtube.com/watch?v=BT32OLmY5ys
cbf33dd6-d043-5577-8103-f8b17c9e2ffb,73e0a846-d343-51e0-bdb7-369d0d78b47f,6,Chain Aap Ko Mila,"Sadhna Sargam, Shaan",4.0,https://www.youtube.com/watch?v=ymi0zEaLZeI,https://music.youtube.com/watch?v=RLtPW0GQTnI,https://music.youtube.com/watch?v=62DyAELAgAw,https://music.youtube.com/watch?v=-uyCOTZpIuU
f62d4b26-6b65-5100-8f4b-61a8dca876d7,92f69492-4c7c-545f-bdea-b841c8996ed4,3,Dhalne Lagi Hai Raat (Duet),"Shreya Ghoshal, Sonu Nigam",4.0,https://www.youtube.com/watch?v=2I4o3Djgo8g,https://music.youtube.com/watch?v=Dy6C4ZEyaIc,https://music.youtube.com/watch?v=a5AZdR7iqro,https://music.youtube.com/watch?v=2I4o3Djgo8g
0ea54e81-b99b-5560-9256-697722072cbd,77c00f20-68af-55ac-a020-1fabe0c26b08,6,Tu Aashiqui Hai,KK,4.0,https://www.youtube.com/watch?v=aw0s2KaoA2Q,https://music.youtube.com/watch?v=WuVbS20NiM0,https://music.youtube.com/watch?v=QelLhRw0gvs,https://music.youtube.com/watch?v=CcaNlRrTLVA
2e2340fb-6665-5eee-9b32-39e7202f2196,77c00f20-68af-55ac-a020-1fabe0c26b08,7,Jab Kabhi,"KK, Mahalakshmi Iyer",4.0,http://www.youtube.com/watch?v=YJPLo2KL_Wg,https://music.youtube.com/watch?v=mG080cymGxw,,
2972a6fc-7e0b-5500-afa4-1719c1cd54d2,42711160-acdc-5fca-9bd5-9383fe9b6aaa,1,Jaadu Hai Nasha Hai (Female),Shreya Ghoshal,4.8,https://www.youtube.com/watch?v=gTSL0Rv0am4,https://music.youtube.com/watch?v=9ZPY9ZopT0k,https://music.youtube.com/watch?v=HOfoUVkqQFQ,https://music.youtube.com/watch?v=1DTXceUAG6U
e9d861c3-0a23-5735-b449-8a7dcafb7b64,42711160-acdc-5fca-9bd5-9383fe9b6aaa,2,Awaarapan Banjarapan - I,KK,4.8,https://www.youtube.com/watch?v=EkZGKGolYlI,https://music.youtube.com/watch?v=wylAgI4UwFM,https://music.youtube.com/watch?v=EkZGKGolYlI,https://music.youtube.com/watch?v=zHgnRLWe_GE
3c17d532-c438-55a3-8d71-ee26c007756f,42711160-acdc-5fca-9bd5-9383fe9b6aaa,5,Chalo Tumko Lekar Chalen,Shreya Ghoshal,4.71,https://www.youtube.com/watch?v=ZnmSo_AgO1A,https://music.youtube.com/watch?v=1kF1gw8Ewjk,https://music.youtube.com/watch?v=cSlglea_ftw,https://music.youtube.com/watch?v=9K77jKog6PM
44b7c659-d94b-51a7-b65c-cffc73824a1d,42711160-acdc-5fca-9bd5-9383fe9b6aaa,6,Awaarapan Banjarapan - II,M.M. Kreem,4.33,https://www.youtube.com/watch?v=L_jyJiqbcns,https://music.youtube.com/watch?v=j7TfWui1s98,https://music.youtube.com/watch?v=EkZGKGolYlI,https://music.youtube.com/watch?v=SxVYjaDFh-Q
68d2ef5a-c368-5739-ae61-a3ecf20cbb6c,03cebcd9-9cf2-5302-9afd-2a56291fc47b,7,Bheegi Bheegi Raaton Mein Phir Tum Aao Na (Barsaat),Adnan Sami,4.0,https://www.youtube.com/watch?v=VLIgq8nsfis,https://music.youtube.com/watch?v=VLIgq8nsfis,https://music.youtube.com/watch?v=taZNU-W7_lQ,https://music.youtube.com/watch?v=T0qpzfGO9PY
b55327b6-6974-5b9d-b648-0ffb6a0930ec,9be02bda-a634-5ef4-b2e5-66d9d3946b1a,1,Kal Ho Naa Ho,Sonu Nigam,4.67,https://www.youtube.com/watch?v=g0eO74UmRBs,https://music.youtube.com/watch?v=g0eO74UmRBs,https://music.youtube.com/watch?v=NZSf_Fua7Cw,https://music.youtube.com/watch?v=LH4EISG-T8E
7b56652b-8152-5603-923d-10e7d7a9f511,9be02bda-a634-5ef4-b2e5-66d9d3946b1a,2,Maahi Ve,"Sadhna Sargam, Sujata Bhattacharya, Udit Narayan, Sonu Nigam, Shankar Mahadevan",4.0,https://www.youtube.com/watch?v=1BWdglekty0,https://music.youtube.com/watch?v=_xQuobKhasg,https://music.youtube.com/watch?v=ueJIeB-r5aA,https://music.youtube.com/watch?v=y4pwtfkpbiA
1da593dc-5928-54fa-8a4e-4e9bfd79cf7e,9be02bda-a634-5ef4-b2e5-66d9d3946b1a,3,It's The Time To Disco,"Vasundhara Das, Shaan, Loy Mendonsa, KK",4.67,https://www.youtube.com/watch?v=M03GOY5eINg,https://music.youtube.com/watch?v=qe_klgHMoDY,https://music.youtube.com/watch?v=hRInJW8ubYw,https://music.youtube.com/watch?v=Y8ZN7QjQcP0
3e2d1d78-759b-5d70-b5a0-b727dfa3ff45,9be02bda-a634-5ef4-b2e5-66d9d3946b1a,4,Kuch To Hua Hai,"Alka Yagnik, Shaan",4.0,https://www.youtube.com/watch?v=BWDiVU38lKg,https://music.youtube.com/watch?v=-R9jQxuZbJk,https://music.youtube.com/watch?v=NMsvr4txH_g,https://music.youtube.com/watch?v=TNHOGfW9F9Y
2948b7ea-c3d9-57b6-a782-6a903a258b1e,23b45498-b891-50a3-9b58-ad78636109c2,2,Tumhe Aaj Maine Jo Dekha,"Shankar Mahadevan, Sujata Bhattacharya",4.0,https://www.youtube.com/watch?v=79rgnxESrS8,https://music.youtube.com/watch?v=voEyIiFyFNA,https://music.youtube.com/watch?v=p61Wz6j4Nas,https://music.youtube.com/watch?v=VLqwCmv0pgs
934206fc-2adb-53fb-91e4-7c86e2047689,23e88976-a9e4-538d-a7a7-6f6bced54eb6,2,Dekh Le,"Sunidhi Chauhan, Anu Malik",4.0,https://www.youtube.com/watch?v=ZxkgTb2rzyw,https://music.youtube.com/watch?v=nugBa89KgJ8,https://music.youtube.com/watch?v=zCWMhHclBOQ,https://music.youtube.com/watch?v=FWxp5hmvBPM
77f0f392-2060-5eae-ac6d-e05752c72471,39bf9c8a-ff51-5c9d-9332-88d814efea7a,1,Garaj Baras,Ali Azmat,4.0,https://www.youtube.com/watch?v=F0RrD53zHhg,https://music.youtube.com/watch?v=F0RrD53zHhg,https://music.youtube.com/watch?v=7rLxN41avhY,https://music.youtube.com/watch?v=HWHVgGHcwdE
48e36328-c4df-57e9-b4e9-5e7688704553,39bf9c8a-ff51-5c9d-9332-88d814efea7a,4,Mann Ki Lagan,Rahat Fateh Ali Khan,4.67,https://www.youtube.com/watch?v=jUDP6LmgcCE,https://music.youtube.com/watch?v=fw31zV1Pxbk,https://music.youtube.com/watch?v=rCVkibMlcBQ,https://music.youtube.com/watch?v=LvrY5QEEeWo
8c43fceb-fdf6-541e-80e3-9b0118af5035,e3acd131-1abb-5cd1-bf74-aca7a9d391d0,4,Tumse Milna Baaten Karna Bada Achha Lagta Hai,"Udit Narayan, Alka Yagnik",4.0,http://www.youtube.com/watch?v=xvVodj98BvE&feature=plcp,https://music.youtube.com/watch?v=526hvVlBP1U,https://music.youtube.com/watch?v=ar_m3IbjS4c,https://music.youtube.com/watch?v=JZ6hKySHJ3Y
c78502ac-72df-53b4-883b-9a525de6fade,e3acd131-1abb-5cd1-bf74-aca7a9d391d0,13,Tere Naam,"Udit Narayan, Alka Yagnik",4.0,http://www.youtube.com/watch?v=OMoU0Pfibc4&feature=plcp,https://music.youtube.com/watch?v=WWzsk9hIoqI,https://music.youtube.com/watch?v=QMSIPuKEvps,
8a81954d-b44c-5377-90a7-092894454f16,6e53d56d-0998-5570-88cc-d70b413e78ae,3,Allah Ke Bande,Kailash Kher,4.0,https://www.youtube.com/watch?v=KSwd2fYX9vg,https://music.youtube.com/watch?v=KSwd2fYX9vg,https://music.youtube.com/watch?v=jZocCow5ylc,https://music.youtube.com/watch?v=eu7EnajOYd8
be89c577-ef5a-5e9e-bd1f-c9995e131265,490f744b-fb8e-5eec-825c-4f6c0fae8004,1,Dhoom Machaale,Sunidhi Chauhan,4.25,http://www.youtube.com/watch?v=MBW3Jo9yoxo&feature=plcp,https://music.youtube.com/watch?v=2uUmHTgT65I,https://music.youtube.com/watch?v=PN4_aNSA1hg,https://music.youtube.com/watch?v=V5uQoysOLRs
95f8a004-e67d-5db2-8067-676d1280cecf,9852edeb-ccd5-5ba5-84b2-4b1e3319bb60,3,Hum Tum,"Alka Yagnik, Babul Supriyo",4.0,https://www.youtube.com/watch?v=94XJ_F4Z71g,https://music.youtube.com/watch?v=94XJ_F4Z71g,https://music.youtube.com/watch?v=rR1Gs1ckl_8,https://music.youtube.com/watch?v=romsOgqNvdU
559db784-ad88-55f4-8bd8-6d42d00f01be,9fa791b1-fa8c-55f1-bbd0-a6d0878499a7,1,Wada Raha Pyar Se Pyar Ka - I,"Arnab Chakravorty, Shreya Ghoshal",4.0,https://www.youtube.com/watch?v=NM_PAszSlw0,https://music.youtube.com/watch?v=NM_PAszSlw0,https://music.youtube.com/watch?v=Eun-ukNlQi8,https://music.youtube.com/watch?v=nRV6GFucUdc
dce80df1-915c-5acc-985d-9106145e70ee,9fa791b1-fa8c-55f1-bbd0-a6d0878499a7,2,Aisa Jadoo Daala Re,Sunidhi Chauhan,4.5,http://www.youtube.com/watch?v=1TxDOusA4TA&feature=plcp,https://music.youtube.com/watch?v=1TxDOusA4TA,https://music.youtube.com/watch?v=Lf54R6xIgKg,https://music.youtube.com/watch?v=j34d961Qy7k
0871bf97-d314-5783-a089-cb9604fa0763,9fa791b1-fa8c-55f1-bbd0-a6d0878499a7,4,Dil Dooba Dil Dooba,"Sonu Nigam, Shreya Ghoshal",4.0,http://www.youtube.com/watch?v=zyVaheF55SM&feature=plcp,https://music.youtube.com/watch?v=SAiyopkF22M,https://music.youtube.com/watch?v=eG-cS13QWmM,https://music.youtube.com/watch?v=Jwd2U0Odt0c
71c3696f-92b1-55b0-8e5c-8ac9facdc828,dff3e1c1-012c-5118-a67b-4beb60cb2d7d,3,Aao Naa,"Sadhna Sargam, Udit Narayan",4.67,https://www.youtube.com/watch?v=b4iOwqZCmv4,https://music.youtube.com/watch?v=G_x-UJNEmEU,https://music.youtube.com/watch?v=9rvq0qVmNeQ,https://music.youtube.com/watch?v=bVqeOQ7m4uE
d7ea8748-cd4e-544d-acb5-57c40ac609c1,8344cff8-6564-5028-8639-dd3fa9196c0d,1,Main Aisa Kyun Hoon,Shaan,4.5,https://www.youtube.com/watch?v=gWn4Csu3Kc8,https://music.youtube.com/watch?v=NESXkFmziv8,https://music.youtube.com/watch?v=m844VFYZN9A,
48f455dd-ee19-57ff-a873-10f5e1fdca8b,8344cff8-6564-5028-8639-dd3fa9196c0d,2,Agar Main Kahoon,"Alka Yagnik, Udit Narayan",4.33,https://www.youtube.com/watch?v=30tnmyzgRSI,https://music.youtube.com/watch?v=xVdMD61utMs,https://music.youtube.com/watch?v=lhjY0Tua0PY,
45f834dc-996a-5ee9-9dd4-8b880185d1da,8344cff8-6564-5028-8639-dd3fa9196c0d,3,Kitni Baatein,"Hariharan, Sadhna Sargam",4.0,https://www.youtube.com/watch?v=xcRhNy-6iok,https://music.youtube.com/watch?v=7jVd8zIgoKw,https://music.youtube.com/watch?v=Hc53JChO5kk,https://music.youtube.com/watch?v=m-yU17KlXts
ef2143cf-1e8c-5e16-ba99-438e13c096ab,8344cff8-6564-5028-8639-dd3fa9196c0d,5,Kandhon Se Milte Hain Kandhe,"Kunal Ganjawala, Vijay Prakash, Hariharan, Roop Kumar Rathod, Sonu Nigam, Shankar Mahadevan",4.0,https://www.youtube.com/watch?v=s_-tthrE0Hg,https://music.youtube.com/watch?v=kgeaPKkRBY8,https://music.youtube.com/watch?v=FGjQIHVUECk,
aeff16fb-4678-5f37-89b2-ba4d1f7d5a58,b21ffbfd-3509-5af3-a630-f7c92da3e752,3,Dil De Diya Hai,Anand Raj Anand,4.0,https://www.youtube.com/watch?v=mMDntBRkHd0,https://music.youtube.com/watch?v=vRh1bnbZt4M,https://music.youtube.com/watch?v=cTsAguJ6yfA,https://music.youtube.com/watch?v=YmNNudulXlc
84209867-820d-5106-8c59-ff055255762f,ad4bed3a-23fc-5e06-8406-b142da7750ae,1,Yeh Rishta,Reena Bhardwaj,4.5,https://www.youtube.com/watch?v=m7qax0MLisA,https://music.youtube.com/watch?v=m7qax0MLisA,https://music.youtube.com/watch?v=qhvtz81hcdE,https://music.youtube.com/watch?v=ASxvyRyOvEk
878b89b1-f079-5edb-b135-897e1230f57a,ad4bed3a-23fc-5e06-8406-b142da7750ae,2,Chinnamma Chilakkamma,Sukhwinder Singh,4.0,http://www.youtube.com/watch?v=uVcRWDoj30I,https://music.youtube.com/watch?v=RCaa8-H_dVc,https://music.youtube.com/watch?v=uVcRWDoj30I,https://music.youtube.com/watch?v=z35BI0BNVGc
7569a7b5-1a06-5519-b18d-ffd2099e8734,ad4bed3a-23fc-5e06-8406-b142da7750ae,3,Do Kadam Aur Sahi,Sonu Nigam,4.0,https://www.youtube.com/watch?v=SQMRZLtUle8,https://music.youtube.com/watch?v=l8XFJLXTNgM,https://music.youtube.com/watch?v=79LvmgEUygg,https://music.youtube.com/watch?v=dzL-JBf5EGE
b6909a82-0e34-5930-83f3-f41e68f99e16,6f1f2056-a7c4-522e-8f26-ec255e1290e3,2,Thaye Yashoda,"Ranjani Ramakrishnan, Sudha Raghunathan",4.0,https://www.youtube.com/watch?v=jywKvidGsoc,https://music.youtube.com/watch?v=oAjvZjxv8lk,https://music.youtube.com/watch?v=9TlztEXLhhc,https://music.youtube.com/watch?v=J3S8Uxoag20
80bd803a-ac32-5857-9bbb-89cd3676b15e,6f1f2056-a7c4-522e-8f26-ec255e1290e3,3,Mathe Malayadhwaja,"Kalyani Menon, Sudha Raghunathan",4.0,https://www.youtube.com/watch?v=rKnsWA1qzMU,https://music.youtube.com/watch?v=mkWDgXZl2qE,,
693e4402-0cab-54e2-86ad-bbfe1960ff96,46750cdb-4d34-52e0-aa8a-dd4c20ed05cb,1,Kaho Na Kaho,Amir Jamal,4.0,https://www.youtube.com/watch?v=S-z6vyR89Ig,https://music.youtube.com/watch?v=okR2elc0AJE,https://music.youtube.com/watch?v=Ql0xHLuWv5U,https://music.youtube.com/watch?v=u4TM5c-rN68
d56c3663-eadf-58a1-a602-b9bf2a41cd87,46750cdb-4d34-52e0-aa8a-dd4c20ed05cb,2,Bheegey Honth Tere,Kunal Ganjawala,4.0,https://www.youtube.com/watch?v=ojUTswFMjyM,https://music.youtube.com/watch?v=L7TU0OH5lAw,https://music.youtube.com/watch?v=OP-8r-jrsco,
3ac2bdfa-9b8e-585c-b71d-b47600e88bdd,46750cdb-4d34-52e0-aa8a-dd4c20ed05cb,4,Dil Ko Hazaar Baar Roka Roka Roka,Alisha Chinai,4.25,https://www.youtube.com/watch?v=h9S27rAX6b4,https://music.youtube.com/watch?v=Wx3i2xPjMk4,https://music.youtube.com/watch?v=XW2dWo0sKYY,https://music.youtube.com/watch?v=vOtEm24xfBA
c281dd80-15a0-5d39-b60f-88aebf2965ba,4cad4103-b5ce-50b3-84c8-aea28e4018b5,1,Jeene Ke Ishaare,Shankar Mahadevan,4.0,http://www.youtube.com/watch?v=akRkuuY25o8,https://music.youtube.com/watch?v=u51Ity54Fm0,https://music.youtube.com/watch?v=9YZ6Ntsbwto,https://music.youtube.com/watch?v=f5M_LVIsFtE
8d0762dc-9ed3-5642-bd0c-e36ddd3be76b,45d78ce4-93d4-5d84-bd3b-f644c7623537,1,Bulla Ki Jaana,Rabbi Shergill,4.5,http://www.youtube.com/watch?v=VzsQ55-LL80,https://music.youtube.com/watch?v=coSX7DqD7MY,https://music.youtube.com/watch?v=dCnB0zI9C60,https://music.youtube.com/watch?v=BTXMniFeHnE
ec34206f-e431-5114-b3c1-1e8e3052c34f,f234f08d-ab07-5a52-a05d-096032bd4d27,1,Yeh Tara Woh Tara Har Tara,"Udit Narayan, Baby Pooja - I, Master Vignesh",4.5,http://www.youtube.com/watch?v=9UzvpM3IwwY&feature=plcp,https://music.youtube.com/watch?v=9UzvpM3IwwY,https://music.youtube.com/watch?v=MNliIHZfnA0,https://music.youtube.com/watch?v=3Kzd0eeLi0o
860e94a6-c121-574a-b95d-0b2a998967ec,f234f08d-ab07-5a52-a05d-096032bd4d27,2,Saanwariya Saanwariya Main To Hui Baanwariya,Alka Yagnik,5.0,http://www.youtube.com/watch?v=wsnGhJy6Ibc&feature=plcp,https://music.youtube.com/watch?v=wsnGhJy6Ibc,https://music.youtube.com/watch?v=7SRoR4sLQAM,
87296395-9611-53c3-ab23-f95e846c470e,f234f08d-ab07-5a52-a05d-096032bd4d27,3,Yun Hi Chala Chal Raahi,"Udit Narayan, Hariharan, Kailash Kher",4.83,http://www.youtube.com/watch?v=LuTy9KGKNbA&feature=plcp,https://music.youtube.com/watch?v=eEeX2QMlSlo,https://music.youtube.com/watch?v=vTBbi3qIC0s,https://music.youtube.com/watch?v=M98CE4Uknv8
e3b05e73-924f-5c19-ab93-fb91df41d2af,f234f08d-ab07-5a52-a05d-096032bd4d27,4,Aahista Aahista Nindiya Tu Aa,"Sadhna Sargam, Udit Narayan",4.5,http://www.youtube.com/watch?v=zKVqFeRLSy4&feature=plcp,https://music.youtube.com/watch?v=gUC39zw3NGg,https://music.youtube.com/watch?v=BVV1iZ8X4wI,https://music.youtube.com/watch?v=zKVqFeRLSy4
2b9ab3dc-672c-5d8b-828d-d121d94e9ace,f234f08d-ab07-5a52-a05d-096032bd4d27,5,Yeh Jo Des Hai Tera,A.R. Rahman,4.7,http://www.youtube.com/watch?v=4tiVPuLbbHg&feature=plcp,https://music.youtube.com/watch?v=4tiVPuLbbHg,https://music.youtube.com/watch?v=i7hVzQTCF-o,https://music.youtube.com/watch?v=kTrQAk_5t7M
d4e20236-17ec-5baa-aa3a-1ecdd042a4ce,f234f08d-ab07-5a52-a05d-096032bd4d27,6,Pal Pal Hai Bhaari,"Madhushree, Vijay Prakash, Ashutosh Gowariker",4.0,http://www.youtube.com/watch?v=dRWr8OsVyjA&feature=plcp,https://music.youtube.com/watch?v=dRWr8OsVyjA,https://music.youtube.com/watch?v=H-0rIefT6pI,https://music.youtube.com/watch?v=rkObdkEM4mU
5a21941a-e6e0-5238-ad49-eeeeb5731a63,f234f08d-ab07-5a52-a05d-096032bd4d27,7,Dekho Naa,"Alka Yagnik, Udit Narayan",4.0,http://www.youtube.com/watch?v=Cm7x27kou7w&feature=plcp,https://music.youtube.com/watch?v=Cm7x27kou7w,https://music.youtube.com/watch?v=spmrzwUtG8U,https://music.youtube.com/watch?v=Fg4CANalLNE
d6bfecb4-7942-5d3c-8cd9-fff9843b95d4,f234f08d-ab07-5a52-a05d-096032bd4d27,9,Yeh Jo Des Hai Tera (Shehnai),,4.33,https://www.youtube.com/watch?v=15LBwhFBRnY,https://music.youtube.com/watch?v=V1bwI8tGgAY,https://music.youtube.com/watch?v=15LBwhFBRnY,
f80b8967-78a1-5066-85ee-b099d6fb1f65,82ab9ab9-c7d8-53a4-9702-43c83d36a92f,1,Tere Liye,"Lata Mangeshkar, Roop Kumar Rathod",4.67,https://www.youtube.com/watch?v=jo6iAkSoraY,https://music.youtube.com/watch?v=jo6iAkSoraY,https://music.youtube.com/watch?v=e7-nd_jZJ9g,https://music.youtube.com/watch?v=iYXzbfqigck
93fe3dca-442d-5f57-a1fd-f37c3260a21a,82ab9ab9-c7d8-53a4-9702-43c83d36a92f,2,Main Yahaan Hoon,Udit Narayan,4.0,https://www.youtube.com/watch?v=m6Y8xEfyXTs,https://music.youtube.com/watch?v=m6Y8xEfyXTs,https://music.youtube.com/watch?v=iVsWizEyKMY,https://music.youtube.com/watch?v=ftmmpzIa4p8
2a6d6531-8c2f-5b35-9a7c-8eb853934f6d,82ab9ab9-c7d8-53a4-9702-43c83d36a92f,4,Yeh Hum Aa Gaye Hain Kahaan,"Lata Mangeshkar, Udit Narayan",4.0,https://www.youtube.com/watch?v=xQ-34j4jKes,https://music.youtube.com/watch?v=xQ-34j4jKes,https://music.youtube.com/watch?v=-DpWHzy6UHQ,https://music.youtube.com/watch?v=ZmZOT9IbaaM
d7d51983-6152-5917-8e77-e154fea26ad9,82ab9ab9-c7d8-53a4-9702-43c83d36a92f,5,Do Pal,"Lata Mangeshkar, Sonu Nigam",4.5,https://www.youtube.com/watch?v=HPsxxBhv9kc,https://music.youtube.com/watch?v=4--a5T_YpCE,https://music.youtube.com/watch?v=FAPuQDOasj4,https://music.youtube.com/watch?v=HPsxxBhv9kc
1e665722-165d-52e8-a74c-50e7027c2488,82ab9ab9-c7d8-53a4-9702-43c83d36a92f,6,Kyon Hawa,"Lata Mangeshkar, Sonu Nigam",4.67,https://www.youtube.com/watch?v=rIx3YkMmX9Y,https://music.youtube.com/watch?v=rIx3YkMmX9Y,https://music.youtube.com/watch?v=X1F_1Q__07I,https://music.youtube.com/watch?v=Vw8Q7n_dWL4
f1a7a222-4ed3-5823-99fe-c9ba38612876,82ab9ab9-c7d8-53a4-9702-43c83d36a92f,8,Aaya Tere Dar Par,"Ahmed Hussain, Mohd. Hussain",4.0,https://www.youtube.com/watch?v=D_ShYllfh9I,https://music.youtube.com/watch?v=D_ShYllfh9I,https://music.youtube.com/watch?v=9c33ALHOx0Q,https://music.youtube.com/watch?v=xmdHDBJAyr0
86c2538a-cc05-5fa3-9356-50450a11e6d5,82ab9ab9-c7d8-53a4-9702-43c83d36a92f,10,Tum Paas Aa Rahe Ho,"Lata Mangeshkar, Jagjit Singh",4.67,https://www.youtube.com/watch?v=2VHJc3BQ2TM,https://music.youtube.com/watch?v=a71FdsMOKOQ,https://music.youtube.com/watch?v=ysknzjRbqDQ,https://music.youtube.com/watch?v=qvnXoxmJc2Q
a5eb34c3-c736-528c-8f80-ffc749b7709a,cdbff1c2-0495-5b13-bd50-95db23d24f85,1,Dhakka Laga Bukka (O Yuva Yuva),"Karthik, Mehboob Kotwal, A.R. Rahman",4.5,https://www.youtube.com/watch?v=L0sjMwmUPF8,https://music.youtube.com/watch?v=NqqqGgbn4Sw,https://music.youtube.com/watch?v=ZNdTv4DJfkY,https://music.youtube.com/watch?v=T_GOpW7dAsg
40411561-bd6d-51e1-9ebf-70ef2e2e7c29,cdbff1c2-0495-5b13-bd50-95db23d24f85,2,Hey Khuda Hafiz Shukriya Meharbani (Anjaana Anjaani),"Karthik, Lucky Ali, Sunitha Sarathy",4.5,https://www.youtube.com/watch?v=WgpMXOxSTo4,https://music.youtube.com/watch?v=z4_X_rvDjho,https://music.youtube.com/watch?v=dfqg_dOsb8s,https://music.youtube.com/watch?v=WgpMXOxSTo4
c537336b-9817-546a-a7b7-fdf1b3a3ceb2,cdbff1c2-0495-5b13-bd50-95db23d24f85,3,Kabhi Neem Neem Kabhi Shahad Shahad,"A.R. Rahman, Madhushree",4.67,https://www.youtube.com/watch?v=2Dh-X9oCHIY,https://music.youtube.com/watch?v=ALQ7MLtEwtI,https://music.youtube.com/watch?v=u-lgTpTcJCg,https://music.youtube.com/watch?v=GOAFq8vRMOM
28ec4155-a4a6-5793-b06b-14b222d60260,cdbff1c2-0495-5b13-bd50-95db23d24f85,4,Dol Dol,"Blaaze, Shaheen Badar",4.0,http://www.youtube.com/watch?v=q_BRKQMCx0w,https://music.youtube.com/watch?v=Lpo9Dr3GcIo,https://music.youtube.com/watch?v=n-fQhJM_PnU,https://music.youtube.com/watch?v=vLqqygPdQR8
73f03b51-4711-5a28-aabe-be1b9322d301,cdbff1c2-0495-5b13-bd50-95db23d24f85,5,Baadal Woh Aaye,"Adnan Sami, Alka Yagnik",4.0,https://www.youtube.com/watch?v=duIyIrD0NpQ,https://music.youtube.com/watch?v=1L2FYkJv3Q8,https://music.youtube.com/watch?v=duIyIrD0NpQ,
13cfd544-b1a1-5d42-8854-7bd0ac55c93f,cdbff1c2-0495-5b13-bd50-95db23d24f85,6,Hone Do Dil Ko Fanaa,"A.R. Rahman, Sunitha Sarathy, Tanvi Shah",4.5,https://www.youtube.com/watch?v=kL3ngGSf73A,https://music.youtube.com/watch?v=ynMLcdY8VA4,https://music.youtube.com/watch?v=pK38O4JadVQ,
