song_uuid,album_uuid,track_number,song_title,song_singers,song_rating,youtube_url,music_yt_url_1,music_yt_url_2,music_yt_url_3
c7c7c871-380e-58d3-b47e-9deff3af5fa9,a480554b-c237-5310-a0db-1e8a27d02a70,1,Bezubaan Phir Se (Bezubaan Kab Se Main Raha),"Vishal Dadlani, Anushka Manchanda, Madhav Krishna",4.33,https://www.youtube.com/watch?v=xutBFUf3LoU,https://music.youtube.com/watch?v=2GnU75ei_W4,https://music.youtube.com/watch?v=Zhb5_y2KNEw,https://music.youtube.com/watch?v=Rx_sxIPbFig
e8121c78-2c7c-55c1-9877-712dbffd7b48,d46f271b-929e-5327-a280-922948af9413,1,Soch Naa Sake,"Amaal Malik, Arijit Singh, Tulsi Kumar",4.0,https://www.youtube.com/watch?v=MRtRcTfszjY,https://music.youtube.com/watch?v=lAsxLc9_45w,https://music.youtube.com/watch?v=hp02FwlpQYU,https://music.youtube.com/watch?v=egBdYiC71b4
82f3ddd3-ed17-561d-8733-9326632fc922,b4595db4-82e6-5a80-9661-0cb94725859b,1,Inayat,"Clinton Cerejo, Vijay Prakash, Bianca Gomes",4.0,https://www.youtube.com/watch?v=-bRIBl9pUVU,https://music.youtube.com/watch?v=-bRIBl9pUVU,https://music.youtube.com/watch?v=atC5CvxpY3k,
f806c4f5-c186-5d9a-89a4-0c19aabe0b51,b4595db4-82e6-5a80-9661-0cb94725859b,6,Paabandiyan Khud Pe Lagayen Na,"Clinton Cerejo, Vijay Prakash, Bianca Gomes",4.0,https://www.youtube.com/watch?v=kGsuSVTqgKk,https://music.youtube.com/watch?v=nV85_u0P9Hs,,
334149fd-2260-5b3b-a98a-5ee515dfcdcc,03e02f00-e3c2-58c0-8989-7baaee1c5717,2,Main Tujhse Pyaar Nahin Karta,Papon,4.0,https://www.youtube.com/watch?v=6GlVn2oK1rw,https://music.youtube.com/watch?v=6GlVn2oK1rw,https://music.youtube.com/watch?v=kHenk2301Mo,https://music.youtube.com/watch?v=BVxdh3C_8Ek
fe08c0e2-d5f8-55b0-9c82-080651af4eb8,abd7993f-0172-5f5d-ba41-f833859c0399,1,Jee Karda,Divya Kumar,4.5,https://www.youtube.com/watch?v=VAJK04HOLd0,https://music.youtube.com/watch?v=VAJK04HOLd0,https://music.youtube.com/watch?v=Jo-R_DYhrQM,https://music.youtube.com/watch?v=Zzovc1H0kL8
3b906a52-1a7b-5d6a-b226-dff12adcb40f,abd7993f-0172-5f5d-ba41-f833859c0399,2,Jeena Jeena,Atif Aslam,4.5,https://www.youtube.com/watch?v=ziTHTlmPdhQ,https://music.youtube.com/watch?v=zFdi834FiZ4,https://music.youtube.com/watch?v=EO5mkPwoO_M,https://music.youtube.com/watch?v=4LGO2ym31Vw
0434aa50-b032-5b12-90ad-9be2e0442f82,abd7993f-0172-5f5d-ba41-f833859c0399,3,Jee Karda (Rock Version),Divya Kumar,4.0,https://www.youtube.com/watch?v=SG9ZWql8A9k,https://music.youtube.com/watch?v=VAJK04HOLd0,https://music.youtube.com/watch?v=Jo-R_DYhrQM,https://music.youtube.com/watch?v=Zzovc1H0kL8
728d260f-9de1-56e3-bfbc-70df5f88a609,abd7993f-0172-5f5d-ba41-f833859c0399,4,Judaai (Chadariya Jhini Re Jhini),"Rekha Bhardwaj, Arijit Singh",4.6,https://www.youtube.com/watch?v=f7dd7aojpUY,https://music.youtube.com/watch?v=f7dd7aojpUY,https://music.youtube.com/watch?v=-2K0-RwxVIE,https://music.youtube.com/watch?v=t2VaF0ZX65w
87a933ca-48f3-598c-bae5-e2670f37209f,186faea1-2a43-5f87-a4be-8f0a29258692,1,Deewani Mastani,"Shreya Ghoshal, Ganesh Chandanshive, Mujtaba Aziz Naza",4.0,https://www.youtube.com/watch?v=h6lHUn20J5g,https://music.youtube.com/watch?v=4whc8stLm8o,https://music.youtube.com/watch?v=eSu6HHRn1UE,https://music.youtube.com/watch?v=h6lHUn20J5g
90b9bd2b-1625-508f-b6bd-1cda3f38d67d,186faea1-2a43-5f87-a4be-8f0a29258692,2,Aayat Ki Tarah,Arijit Singh,4.5,https://www.youtube.com/watch?v=85LA5CKMW_I,https://music.youtube.com/watch?v=vKDsAB1ccn0,https://music.youtube.com/watch?v=ovvUuC0nw2k,
b036e62a-0a48-55a8-9fc4-ce1a6ec5909f,186faea1-2a43-5f87-a4be-8f0a29258692,4,Mohe Rang Do Laal,"Birju Maharaj, Shreya Ghoshal",4.8,https://www.youtube.com/watch?v=UoNnDIu9xQ4,https://music.youtube.com/watch?v=XU3eFkY1BTI,https://music.youtube.com/watch?v=XCf1vEH6bKI,https://music.youtube.com/watch?v=L-blmZxRgJk
dfee7b3f-76dd-5d38-a388-9bddac5b4acb,186faea1-2a43-5f87-a4be-8f0a29258692,5,Albela Sajan Aayo Ri,"Kanika Joshi, Rashi Raagga, Geetikka Manjrekar, Shashi Suman, Kunal Pandit, Prithvi Gandharv",4.5,https://www.youtube.com/watch?v=s36IMcNP8vo,https://music.youtube.com/watch?v=SLCnY8qn1S8,https://music.youtube.com/watch?v=QXAoXAOopuQ,https://music.youtube.com/watch?v=s36IMcNP8vo
5840afac-256f-5c95-a5a1-c6bfb7817058,186faea1-2a43-5f87-a4be-8f0a29258692,6,Ab Tohe Jane Naa Doongi,"Payal Dev, Shreyas Puranik",4.0,https://www.youtube.com/watch?v=y9Mr2Dn3cOI,https://music.youtube.com/watch?v=y9Mr2Dn3cOI,https://music.youtube.com/watch?v=jbBpp9Ja4Yk,https://music.youtube.com/watch?v=gv177Rqkp3I
4ba69935-fc80-58a2-aa1d-d793c830e2af,186faea1-2a43-5f87-a4be-8f0a29258692,7,Pinga Ga Pori,"Shreya Ghoshal, Vaishali Made",4.0,https://www.youtube.com/watch?v=tzRFLMn4kpM,https://music.youtube.com/watch?v=KMuOUIfFOPw,https://music.youtube.com/watch?v=8ML58em4NgE,
aadd4d57-3c97-546e-a655-72352c0a6e7a,186faea1-2a43-5f87-a4be-8f0a29258692,8,Aaj Ibaadat Roobaroo Ho Gayi (Mere Maula Tera Shukriya),Javed Bashir,4.67,https://www.youtube.com/watch?v=jvYNKUqMK_g,https://music.youtube.com/watch?v=jvYNKUqMK_g,https://music.youtube.com/watch?v=Jq_kT_tTco0,https://music.youtube.com/watch?v=v2Ao15rMIpg
8b8418d3-2077-54e8-9fbc-7a0d53030630,d629b837-65be-599d-a902-ccb93c4de79e,6,Zindagi Kuchh Toh Bata (Reprise),Jubin Nautiyal,4.0,https://www.youtube.com/watch?v=bqP-CVhtQfc,https://music.youtube.com/watch?v=jwrCYAIdkeM,https://music.youtube.com/watch?v=-0vjLZtDkq0,
d7b92cc0-a271-5514-888c-f568efc34869,d629b837-65be-599d-a902-ccb93c4de79e,7,Tu Jo Mila To Ho Gaya Main Qabil,KK,4.0,https://www.youtube.com/watch?v=sweoRadEitg,https://music.youtube.com/watch?v=9i1Ri8kPoec,https://music.youtube.com/watch?v=ZAej_pzb8uk,
7275c4e7-38d1-5d32-b91c-0740a6c57e35,d629b837-65be-599d-a902-ccb93c4de79e,9,Tu Jo Mila / Dekhna Naa Mudke,Javed Ali,4.0,https://www.youtube.com/watch?v=-HW_aRcnG6M,https://music.youtube.com/watch?v=-HW_aRcnG6M,https://music.youtube.com/watch?v=j0QTOpUIRBA,https://music.youtube.com/watch?v=u0CMF3p7epw
3fc98655-4d23-5c5b-a9e6-89d64dac99cc,20af79f8-ff1b-5da8-b63f-7b2f2f76c741,4,Nahin Ishwar Maula Mera Mera Maula Ishwar Nahin,"Ram Sampath, Rituraj Mohanty",4.0,https://www.youtube.com/watch?v=7ufA8cOq3xo,https://music.youtube.com/watch?v=Nyh8TIFGDfw,https://music.youtube.com/watch?v=X6oeTas3oh4,https://music.youtube.com/watch?v=V-GMsbQZH0U
d4ebbd64-ae53-59bf-a2ac-e22c7e7d4daf,20af79f8-ff1b-5da8-b63f-7b2f2f76c741,5,Meri Zid Hai Jeene Ki,"Ram Sampath, Siddharth Basrur",4.0,https://www.youtube.com/watch?v=0QU7gNBYnKE,https://music.youtube.com/watch?v=n4DxImqrdnI,https://music.youtube.com/watch?v=r2ejbE7wPDo,https://music.youtube.com/watch?v=aHjwZdzuziw
c2f0c67d-5c7e-5d2e-b11e-95e868c6315c,be2e52d9-a791-569b-8317-623ee2afa379,1,Hey Aam Hindustani Teri Kismat Kharab Hai,Shefali Alvares,4.33,https://www.youtube.com/watch?v=WH80GPVBLLs,https://music.youtube.com/watch?v=U5tjrnXL6D8,,
0aab99bd-5deb-5ff8-94f2-e34030f9a570,be2e52d9-a791-569b-8317-623ee2afa379,2,Mohabbat Buri Bimari - 1,Neeti Mohan,4.5,https://www.youtube.com/watch?v=U5tjrnXL6D8,https://music.youtube.com/watch?v=xZYoxb3w2V0,https://music.youtube.com/watch?v=e-MNLzGL1eQ,https://music.youtube.com/watch?v=AJtNFbZYjUY
4f823a0b-f6d4-53e5-8446-25f9f5784b88,be2e52d9-a791-569b-8317-623ee2afa379,5,Dhadkanen Goonjti Dhadaam Dhadaam,Neeti Mohan,4.5,https://www.youtube.com/watch?v=eV4ItiYXGKM,https://music.youtube.com/watch?v=eV4ItiYXGKM,,
6ff2287b-6ecc-5c25-82ae-ef6af935a165,be2e52d9-a791-569b-8317-623ee2afa379,6,Naak Pe Gussa (Hai Naak Pe Jo Gussa),Neeti Mohan,4.0,https://www.youtube.com/watch?v=MJhPbUikNLA,https://music.youtube.com/watch?v=MJhPbUikNLA,https://music.youtube.com/watch?v=zX0sE3601s8,https://music.youtube.com/watch?v=6_1ViH25O2M
9250d12d-abc2-574d-8442-a05022b20e2d,be2e52d9-a791-569b-8317-623ee2afa379,7,Yeh Kya Kiya Sylvia,Neeti Mohan,4.0,https://www.youtube.com/watch?v=VB42y6eC8_0,https://music.youtube.com/watch?v=VB42y6eC8_0,https://music.youtube.com/watch?v=CG0gvbHKpxc,
9e658b75-7e45-510f-b844-acb0f3bfd149,be2e52d9-a791-569b-8317-623ee2afa379,8,Bas Darwaze Pe Ek Darbaan Hai,Papon,4.33,https://www.youtube.com/watch?v=-uCPiHCr8kE,https://music.youtube.com/watch?v=ulevc5RjTG4,,
e7a97480-1ab3-5f3f-8c0a-dc7045e33226,be2e52d9-a791-569b-8317-623ee2afa379,10,Behroopia Yeh Dil Tune Bas Mein Kiya,"Mohit Chauhan, Neeti Mohan",4.0,https://www.youtube.com/watch?v=01i9x4VtfBo,https://music.youtube.com/watch?v=Dc-NNb-ZB_4,,
bb62490a-1117-5f31-b782-2a5af9e924a0,be2e52d9-a791-569b-8317-623ee2afa379,16,Jaata Kahan Hai Deewane,Neeti Mohan,4.0,https://www.youtube.com/watch?v=FlgVLKCayfk,https://music.youtube.com/watch?v=FlgVLKCayfk,https://music.youtube.com/watch?v=F_EeZO80cVo,https://music.youtube.com/watch?v=ZH8b-SUi23A
0abdd15a-c642-51c0-b6b5-11ef4d0f1a78,a2773742-31f2-5593-9dee-6c8acf0bfcc6,3,Sapna Jahan Dastak Na De,"Neeti Mohan, Sonu Nigam",4.6,https://www.youtube.com/watch?v=lHJp_3g2MAI,https://music.youtube.com/watch?v=Hqajq5jKX10,https://music.youtube.com/watch?v=4_jaUTEK0HM,
28566ed9-eb7b-5bba-b815-fcf5a305d75a,b5b344d7-e88d-5358-82c5-a4646629dbeb,1,Rang De Tu Mohe Gerua,"Arijit Singh, Antara Mitra",4.33,https://www.youtube.com/watch?v=AEIVhBS6baE,https://music.youtube.com/watch?v=reBEkYrqMhA,,
fd1b01c0-da88-573d-ba52-d7fde6838014,b5b344d7-e88d-5358-82c5-a4646629dbeb,3,Janam Janam Janam Saath Chalna Yun Hi,"Arijit Singh, Antara Mitra",4.33,https://www.youtube.com/watch?v=cgmhimjsczk,https://music.youtube.com/watch?v=DsWmEF-NjWU,https://music.youtube.com/watch?v=5rHzi_5rSyw,https://music.youtube.com/watch?v=7KuDBVO8OY0
efc4a2b2-16d0-57e4-bc00-e737121a2e97,fbb82873-b056-54fd-8c91-bca30ea83d13,1,Carbon Copy,Ash King,4.0,https://www.youtube.com/watch?v=95IT38dK0Ig,https://music.youtube.com/watch?v=95IT38dK0Ig,https://music.youtube.com/watch?v=HUMKKPHBvj4,https://music.youtube.com/watch?v=YjfZGGI1FS0
634c4249-85f2-5ff2-8f1e-5cf825d6f1fc,fbb82873-b056-54fd-8c91-bca30ea83d13,2,Dum Ghutta Hai,"Rekha Bhardwaj, Rahat Fateh Ali Khan",4.0,https://www.youtube.com/watch?v=e86Qiv_fymA,https://music.youtube.com/watch?v=e86Qiv_fymA,https://music.youtube.com/watch?v=4uKnwdW-QBc,https://music.youtube.com/watch?v=yEqxbeUqU0M
ce571d6a-e8b6-5763-8be3-3be4023f55f1,29501d79-7be8-5370-a45e-952168da4557,1,Yeh Moh Moh Ke Dhaage (Male),Papon,4.67,https://www.youtube.com/watch?v=T-8vVY-IECk,https://music.youtube.com/watch?v=T-8vVY-IECk,https://music.youtube.com/watch?v=ksBkPJGBk60,https://music.youtube.com/watch?v=AUUel0GmVgI
3186d85f-993e-57ed-9b1c-f29b92a58a4a,29501d79-7be8-5370-a45e-952168da4557,6,Yeh Moh Moh Ke Dhaage (Female),Monali Thakur,4.5,https://www.youtube.com/watch?v=JbDktrsnH40,https://music.youtube.com/watch?v=JbDktrsnH40,https://music.youtube.com/watch?v=Lzuoe8PtzIs,https://music.youtube.com/watch?v=8giVNxBO00Y
45de451a-dc7c-56f6-83da-95074e872176,46f50c33-ca08-5080-8399-db10c1bbe923,2,O Tan Mein Sooiyan Sooiyan Si,"Arijit Singh, Chinmayi Sripada",4.0,https://www.youtube.com/watch?v=izqa2AF_sIo,https://music.youtube.com/watch?v=HWy8xvzPyPE,,
d6f7f545-0a2b-541b-83ff-482e21661757,3a23548f-2a26-5b6a-8441-527552d67e2e,1,Hamari Adhuri Kahani,Arijit Singh,4.5,https://www.youtube.com/watch?v=f3FFOBrMmdg,https://music.youtube.com/watch?v=sVRwZEkXepg,https://music.youtube.com/watch?v=idfnGJ5_ZFQ,https://music.youtube.com/watch?v=4eIl6t6oqhc
f1c92a74-a33c-5782-8c47-4d46ad47f3ed,2a3772b5-c806-5791-b7d8-acf28c079260,4,Paa Ke Tujhe Main Khoya Khoya,"Mohit Chauhan, Priya Panchal",4.0,https://www.youtube.com/watch?v=Auwb4vA4UIA,https://music.youtube.com/watch?v=Auwb4vA4UIA,https://music.youtube.com/watch?v=_IL5T_20sfg,
c88ded3f-37db-5ecc-bb77-bcedccc4854c,efcdc839-470b-532a-890b-fafd5ee5594a,1,Judaa,"Pardeep Chalia, Jassi G.A. Poet",4.0,https://www.youtube.com/watch?v=Pbi6_FaGg58,https://music.youtube.com/watch?v=Pbi6_FaGg58,https://music.youtube.com/watch?v=efhe_KEX9Nw,https://music.youtube.com/watch?v=Fwv6gH6g8Nw
3a4dc289-3957-5073-a9a5-4bf0f97a5ad4,b5e39419-2fdc-52a1-acdd-ce6eb90f09b1,5,Ove Janiya,Mohan Kannan,4.0,https://www.youtube.com/watch?v=6c2bKWg2EUQ,https://music.youtube.com/watch?v=RfRWYJwT8Cw,https://music.youtube.com/watch?v=Tb4jhFpAdlQ,https://music.youtube.com/watch?v=cMpUuh37Yks
6e750e8a-be18-56a5-a517-ace1629f71bd,7c225c20-73a0-5831-af47-0aa7f0f242c8,2,Woh Toh Yahin Hai Lekin,Jonita Gandhi,4.0,https://www.youtube.com/watch?v=5hq_r_rLApw,https://music.youtube.com/watch?v=BN_JUmBgoPk,https://music.youtube.com/watch?v=ji9Pxz__Bs4,https://music.youtube.com/watch?v=UJGAUYQ1ZSE
d9bab828-f308-55ed-bb1c-d407889c458c,1595df2c-c275-5015-b6e8-747f6a8b7dcd,1,Dusokute (Pyar Ho Gaya Koi Shaq) (Duet),"Joi Barua, Sharmistha Chatterjee",4.0,https://www.youtube.com/watch?v=_Gs-zSfO0ys,https://music.youtube.com/watch?v=_Gs-zSfO0ys,https://music.youtube.com/watch?v=8Efdbtwl1oM,https://music.youtube.com/watch?v=zOkSL37G0uw
2fd968a9-bebd-5d27-bb16-b364191aa83a,b72b793e-8556-50cb-aa4d-4e949af4c3d3,1,Tu Kisi Rail Si Guzarti Hai,Swanand Kirkire,4.33,https://www.youtube.com/watch?v=zpf8hrbT2d0,https://music.youtube.com/watch?v=nLdIt92oM5c,https://music.youtube.com/watch?v=bKyhc18RCho,https://music.youtube.com/watch?v=qt9u034aZMI
b56dec13-1718-5e0e-980e-87b9e911e002,16cf40b0-ed56-5763-a4df-a50cbda8a314,5,Naina Tose Laage (Male),Rahat Fateh Ali Khan,4.0,https://www.youtube.com/watch?v=Iwvrtww5HuI,https://music.youtube.com/watch?v=sgHk89covVU,https://music.youtube.com/watch?v=wpka0Q8hlXc,https://music.youtube.com/watch?v=eRBf2Bb2xEc
f7e4b57a-7342-5bc7-b41f-7ab198a34042,ed029e7b-b42a-5cce-9479-e29797bca1a1,1,Mere Gully Mein,"Divine, Naezy",4.0,https://www.youtube.com/watch?v=1bK5dzwhu-I,https://music.youtube.com/watch?v=1bK5dzwhu-I,https://music.youtube.com/watch?v=gvsSzjLYn8o,https://music.youtube.com/watch?v=C5NXb_6HRA0
8ec37986-8e1e-5603-8ad6-72b1584cdacc,cd612ca3-ef4d-5cbe-8ddf-59ac1ced6c22,1,Chhil Gaye Naina,"Kanika Kapoor, Dipanshu Pandit",4.0,https://www.youtube.com/watch?v=Lhn0e7cDKS0,https://music.youtube.com/watch?v=Lhn0e7cDKS0,https://music.youtube.com/watch?v=RUcwQPClszQ,https://music.youtube.com/watch?v=OfztmVH9Eu4
997003fa-7a79-5788-a97c-159d284a3859,cd612ca3-ef4d-5cbe-8ddf-59ac1ced6c22,2,Le Chal Mujhe (Male),Mohit Chauhan,4.0,https://www.youtube.com/watch?v=T9bexYRXnik,https://music.youtube.com/watch?v=MrvJwmJB-hs,https://music.youtube.com/watch?v=FlrgiC-cWJw,https://music.youtube.com/watch?v=T9bexYRXnik
1fe360d6-17c9-507b-b0e1-28c2592992a7,cd612ca3-ef4d-5cbe-8ddf-59ac1ced6c22,3,Main Jo Teri Baaton Mein Gayi Pighal,"Nayantara Bhatkal, Savera Mehta",4.0,https://www.youtube.com/watch?v=tyiVM_02gqI,https://music.youtube.com/watch?v=tK_R6aeMRXQ,,
c03ae134-a433-54da-a935-ca264a96e9ad,cd612ca3-ef4d-5cbe-8ddf-59ac1ced6c22,4,Khoney De (Le Chal Mujhe Door Kahin Door),"Mohit Chauhan, Neeti Mohan",4.0,https://www.youtube.com/watch?v=qZjbCkHZTdU,https://music.youtube.com/watch?v=eu9qP-RR5wE,https://music.youtube.com/watch?v=YlBvXRIpx30,https://music.youtube.com/watch?v=qZjbCkHZTdU
bef9cd9c-c541-5659-8254-bd8007a62a2d,cd612ca3-ef4d-5cbe-8ddf-59ac1ced6c22,9,Le Chal Mujhe (Reprise),Arijit Singh,4.0,https://www.youtube.com/watch?v=AKsbwYE8vrA,https://music.youtube.com/watch?v=AKsbwYE8vrA,https://music.youtube.com/watch?v=X03qFiceeYk,
6a175557-9f50-53d0-9d5b-d3167056d8bd,151e2e8f-bc9a-5f7f-9a04-af4d6853f4e7,2,Saanware (Pehle Kyun Naa Mile Hum),Arijit Singh,4.5,https://www.youtube.com/watch?v=RguA0jevrAc,https://music.youtube.com/watch?v=KptF_0yWr_Q,https://music.youtube.com/watch?v=jdxM0w253Gg,
c277ef0e-5db9-5b97-b169-bef7cd7a1386,bbc9a068-44b0-5051-9f1c-15eddcdb48b0,1,Bezuban (Jheeni Jheeni In Saanson Se),Anupam Roy,4.0,https://www.youtube.com/watch?v=RVRlV53TjzY,https://music.youtube.com/watch?v=3kZ88DDbFvM,https://music.youtube.com/watch?v=-LWNpiWL9-s,
f7bf2c2f-c4b4-5778-81d2-7cbe7c55b4b0,bbc9a068-44b0-5051-9f1c-15eddcdb48b0,2,Journey Song (Hum Chale Bahaaron Mein),"Anupam Roy, Shreya Ghoshal",4.0,https://www.youtube.com/watch?v=oZ7PnR_ZKRE,https://music.youtube.com/watch?v=2__nNm0NK4A,https://music.youtube.com/watch?v=BEJKkdDdKmQ,https://music.youtube.com/watch?v=oZ7PnR_ZKRE
dfb3aabd-76a0-5122-9b62-83d6df9c49d4,bbc9a068-44b0-5051-9f1c-15eddcdb48b0,4,Piku,Sunidhi Chauhan,4.33,https://www.youtube.com/watch?v=Sg0seV_HLao,https://music.youtube.com/watch?v=Sg0seV_HLao,https://music.youtube.com/watch?v=gLyVJZRIV8I,
388c8e8c-d8f9-5e88-bce6-ec2582a75b21,bbc9a068-44b0-5051-9f1c-15eddcdb48b0,5,Teri Meri Baatein,Anupam Roy,4.0,https://www.youtube.com/watch?v=-sr7ip_ykGA,https://music.youtube.com/watch?v=9gpMf6zjcQo,https://music.youtube.com/watch?v=dXK6pGcWjXQ,
b1794c05-45bc-51bc-ba85-3d6043ce0482,85e88d5f-7256-56dd-aa79-276fbd022423,1,Sooraj Dooba Hai Yaaro,"Arijit Singh, Aditi Singh Sharma",4.5,https://www.youtube.com/watch?v=nJZcbidTutE,https://music.youtube.com/watch?v=nJZcbidTutE,https://music.youtube.com/watch?v=kbvceIA2Lz4,https://music.youtube.com/watch?v=gZL0pXq8c2s
2433ed3f-2c66-59c4-a886-316dd4a699f1,62f649e1-0732-5572-a57c-81623896e4ba,1,Shaam Shaandaar,Amit Trivedi,4.25,https://www.youtube.com/watch?v=-fMoLmWlz34,https://music.youtube.com/watch?v=KMQL4X7cTYU,https://music.youtube.com/watch?v=otoW1ybenFc,
14a2bd66-6305-5ede-8ed0-67f82d95f8cf,62f649e1-0732-5572-a57c-81623896e4ba,2,Gulaabo Zara Gandh Phaila Do,"Vishal Dadlani, Anusha Mani",4.6,https://www.youtube.com/watch?v=bUTdUaVmj8o,https://music.youtube.com/watch?v=SQcZ3__0MfY,,
ef34c806-9fec-580a-ada7-f3ac8d6deb3b,62f649e1-0732-5572-a57c-81623896e4ba,5,Raita Phail Gaya,Divya Kumar,4.0,https://www.youtube.com/watch?v=Koz3cfOCiCE,https://music.youtube.com/watch?v=5iW9njzKDw0,https://music.youtube.com/watch?v=RVu_ZtgSMBU,
b88cd049-af81-5a74-88ca-542058cb1167,007d818a-3347-516b-98a9-57b18595938e,1,Matargashti,Mohit Chauhan,4.4,https://www.youtube.com/watch?v=6vKucgAeF_Q,https://music.youtube.com/watch?v=Vkcki2dRCxM,https://music.youtube.com/watch?v=UFIV8ELiQvU,https://music.youtube.com/watch?v=6vKucgAeF_Q
d2c15654-bf45-576d-8077-c8d4cdc75f82,007d818a-3347-516b-98a9-57b18595938e,3,Agar Tum Saath Ho,"Arijit Singh, Alka Yagnik",4.62,https://www.youtube.com/watch?v=xRb8hxwN5zc,https://music.youtube.com/watch?v=6AcUmOGMnak,https://music.youtube.com/watch?v=UXvQ_qsaYio,https://music.youtube.com/watch?v=h51jONgauWc
a0b0f943-4a90-50f8-8c40-9e8b97c29940,007d818a-3347-516b-98a9-57b18595938e,5,Chali Kahani,"Sukhwinder Singh, Haripriya, Haricharan",4.0,https://www.youtube.com/watch?v=8P0iOywzw4g,https://music.youtube.com/watch?v=8P0iOywzw4g,https://music.youtube.com/watch?v=T1YOnx_d7MA,https://music.youtube.com/watch?v=pHhXf3LLZiU
9bf97b2f-ac8c-5442-a5c7-6dae6c8883b5,007d818a-3347-516b-98a9-57b18595938e,9,Tu Koi Aur Hai,"A.R. Rahman, Alma Ferovic, Arjun Chandy",4.0,https://www.youtube.com/watch?v=-0lql0pSSwQ,https://music.youtube.com/watch?v=t3jmHtiWCz0,https://music.youtube.com/watch?v=VZ04UcKUgVU,https://music.youtube.com/watch?v=OowJnEbQFHA
e4c6c194-afd7-5cf7-99f9-1c1f2dc674fe,7df917f5-208d-5073-8e42-fbe3323985e7,1,Banno Tera Swagger Laage Sexy,"Brijesh Shandilya, Swati Sharrma",4.5,https://www.youtube.com/watch?v=Oju9kp8tLpY,https://music.youtube.com/watch?v=jWlYd8CfuDI,https://music.youtube.com/watch?v=o9PQSGc2Ris,
9879206a-6f60-5259-a1c0-53c49e95240d,7df917f5-208d-5073-8e42-fbe3323985e7,3,Main Ghani Bawri,Jyoti Nooran,4.0,https://www.youtube.com/watch?v=IcMUB8qY-qo,https://music.youtube.com/watch?v=IcMUB8qY-qo,https://music.youtube.com/watch?v=s19p0vCmHzg,https://music.youtube.com/watch?v=SFowBdCavE0
f99e2bc7-ec42-5c5b-96ed-31611509edc7,7df917f5-208d-5073-8e42-fbe3323985e7,4,Old School Girl,Anmol Malik,4.0,https://www.youtube.com/watch?v=t9GUjowgnaE,https://music.youtube.com/watch?v=t9GUjowgnaE,https://music.youtube.com/watch?v=JvjVH_bUT3s,https://music.youtube.com/watch?v=gjBzeSJnuM8
4dc158e5-25d5-5670-998b-9c6d4308c168,7df917f5-208d-5073-8e42-fbe3323985e7,7,Ho Gaya Hai Pyar Tumse,Dev Negi,4.33,https://www.youtube.com/watch?v=K7b3e5ALYo4,https://music.youtube.com/watch?v=JNrI0LUnTqg,https://music.youtube.com/watch?v=W6IjJFJh_s0,https://music.youtube.com/watch?v=3jItyB445EM
b5d636bf-1f4b-5521-bc0a-f027761a9891,7df917f5-208d-5073-8e42-fbe3323985e7,8,O Sathi Mere Haathon Mein Tere,Sonu Nigam,4.0,https://www.youtube.com/watch?v=IBZtxWxpDGE,https://music.youtube.com/watch?v=VTkrmUAhNeU,https://music.youtube.com/watch?v=pdZ7x_aaIqs,https://music.youtube.com/watch?v=D78o4kqpCUo
a3c03ee6-555c-52b9-b7b2-6f0c1b11e092,0aa1107a-9a1b-55a7-aae3-6c7fc591ca30,1,Ae Dil Hai Mushkil (Tu Safar Mera),Arijit Singh,4.67,https://www.youtube.com/watch?v=vUCM_0evdQY,https://music.youtube.com/watch?v=6FURuLYrR_Q,https://music.youtube.com/watch?v=uw1FRJauvtE,https://music.youtube.com/watch?v=E3PtGqeQmTo
76c78bbc-bc2d-5d81-93e6-598b681f9b3a,0aa1107a-9a1b-55a7-aae3-6c7fc591ca30,2,Raanjhan De Yaar Bulleya,"Amit Mishra, Shilpa Rao",4.4,https://www.youtube.com/watch?v=hXh35CtnSyU,https://music.youtube.com/watch?v=vrqFJ-yjkRw,,
31bfff2e-1c6f-5d44-bf74-d07d373bd076,0aa1107a-9a1b-55a7-aae3-6c7fc591ca30,3,Channa Mereya,Arijit Singh,4.75,https://www.youtube.com/watch?v=284Ov7ysmfA,https://music.youtube.com/watch?v=2Poa5O5Inyw,https://music.youtube.com/watch?v=2hm3xhJdXsw,https://music.youtube.com/watch?v=GZYP1ZjY498
995b856a-6dcc-5894-96f9-22db056aa77a,0aa1107a-9a1b-55a7-aae3-6c7fc591ca30,6,Ali Ali Ali Alizeh,"Arijit Singh, Ash King, Shashwat Singh",4.0,https://www.youtube.com/watch?v=Bu2JHWqO6Qc,https://music.youtube.com/watch?v=QkYWZSetSrQ,https://music.youtube.com/watch?v=Bu2JHWqO6Qc,https://music.youtube.com/watch?v=oc8Mwu4jmJQ
63e10a86-c993-5f78-8991-ed3659ac0256,0aa1107a-9a1b-55a7-aae3-6c7fc591ca30,7,Raanjhan De Yaar Bulleya (Reprise),"Arijit Singh, Shilpa Rao",4.0,https://www.youtube.com/watch?v=SjkR1dr8zsg,https://music.youtube.com/watch?v=wTgrZE9RWNY,https://music.youtube.com/watch?v=vrqFJ-yjkRw,
2654ebc6-be15-5b1f-b0f4-c92b2ec537f3,0aa1107a-9a1b-55a7-aae3-6c7fc591ca30,8,Channa Mereya (Unplugged),Arijit Singh,4.0,https://www.youtube.com/watch?v=PYzFp5o4lhE,https://music.youtube.com/watch?v=2Poa5O5Inyw,https://music.youtube.com/watch?v=2hm3xhJdXsw,https://music.youtube.com/watch?v=GZYP1ZjY498
b15ea530-a601-5631-8613-5c7400feaa27,0aa1107a-9a1b-55a7-aae3-6c7fc591ca30,9,Aaj Jane Ki Zid Naa Karo,Shilpa Rao,4.0,https://www.youtube.com/watch?v=gbG0SG9flmQ,https://music.youtube.com/watch?v=gbG0SG9flmQ,https://music.youtube.com/watch?v=yjgGTKiQwHA,https://music.youtube.com/watch?v=9DicZEv9RTI
6dc34915-bfbd-5585-9985-ec23182aae19,eb2098b2-52ab-588a-a50e-418c096da4d6,4,Patta Patta Jaanta Hai Ik Tu Hi Na Jaane Haal Mera,"Sonu Nigam, Prakriti Kakkar",4.0,https://www.youtube.com/watch?v=Wx6sIhu2Vj4,https://music.youtube.com/watch?v=Wx6sIhu2Vj4,https://music.youtube.com/watch?v=YVZ9KJmu-08,https://music.youtube.com/watch?v=PsHH1TBrgpo
46bfbabb-6482-5f94-876c-8d2c92253307,44b6cc83-7149-5330-beec-35a6a7d91814,6,Mainu Kaala Chashma Jachda Ey,"Amar Arshi, Badshah, Neha Kakkar, Indeep Bakshi",4.5,https://www.youtube.com/watch?v=4WRJHbL4dAk,https://music.youtube.com/watch?v=CK5dtbG19mo,,
5b32725a-bb46-5bc4-b7fd-9416f984e81f,60ba55a2-6148-5e25-a011-3d17a41b4557,5,Labon Ka Karobaar (Jebon Mein Bikhre Hain Taare),Papon,4.0,https://www.youtube.com/watch?v=o1naAWn2IsY,https://music.youtube.com/watch?v=aCH7RfgELwI,https://music.youtube.com/watch?v=o1naAWn2IsY,https://music.youtube.com/watch?v=U1XD-XIozUo
3d70a46e-167f-598c-8edb-4708574431bb,13a1c863-e7db-5c45-8582-2cbffec07bc3,1,Chhodo Mori Baiyan,Richa Sharma,4.0,https://www.youtube.com/watch?v=Nw9m2x8rUzo,https://music.youtube.com/watch?v=Nw9m2x8rUzo,https://music.youtube.com/watch?v=-fcvOABvIHA,https://music.youtube.com/watch?v=KYOCNMv9vSY
cd5ccc36-e1c8-5c83-848b-7cdafcdb6c90,d16cd4e5-fe73-5ab2-85a7-e213de6dac63,1,Damadum,Arun Daga,4.0,https://www.youtube.com/watch?v=8T2lmbdrYH4,https://music.youtube.com/watch?v=y_jJ7WGNxZ0,https://music.youtube.com/watch?v=5HaAmHc6u1c,https://music.youtube.com/watch?v=KmaK8tUL9hs
393ea6c8-8d11-5719-8731-5199e999f507,d86dd7b5-fb4d-55a8-84cf-86a10ad06b5a,1,Haanikaarak Bapu (Bapu Sehat Ke Liye Tu To Haanikarak Hai),"Sarwar Khan, Sartaz Khan Barna",4.0,https://www.youtube.com/watch?v=Q7F6ZlEoIUI,https://music.youtube.com/watch?v=PqQrZumTd4I,https://music.youtube.com/watch?v=e1Wb29aCBNU,https://music.youtube.com/watch?v=16ysEq1KkUw
a5acf7ab-7a19-5849-a1a6-3d7b83f142f0,f6295942-cafe-5d64-8659-0f9f6a851433,1,Love You Zindagi,Jasleen Kaur Royal,4.4,https://www.youtube.com/watch?v=bw7bVpI5VcM,https://music.youtube.com/watch?v=bw7bVpI5VcM,https://music.youtube.com/watch?v=nBcKS3dhe5U,https://music.youtube.com/watch?v=LcMT9trxH0g
64fa248f-e37e-5179-88ae-093aa1eb4d0c,f6295942-cafe-5d64-8659-0f9f6a851433,2,Tu Hi Hai,Arijit Singh,4.0,https://www.youtube.com/watch?v=wHD6z0vuWiM,https://music.youtube.com/watch?v=UzO9VcDz6h4,https://music.youtube.com/watch?v=Lv3TjjwDjMo,https://music.youtube.com/watch?v=JeOUwBaNJbU
c8cd421f-b43b-5fcb-8faf-6fba5d7b8fd0,f6295942-cafe-5d64-8659-0f9f6a851433,3,Taareefon Se Nahin Tu Maanane Wali,Arijit Singh,4.33,https://www.youtube.com/watch?v=ig1qW8pqK9E,https://music.youtube.com/watch?v=pRfv2mEFsic,,
71ab53b0-25a3-538f-96b5-8646f3d6d313,f6295942-cafe-5d64-8659-0f9f6a851433,7,Ae Zindagi Gale Laga Le (Take 1),Arijit Singh,4.0,https://www.youtube.com/watch?v=xQx5H14YTyQ,https://music.youtube.com/watch?v=UbH076MNqJw,https://music.youtube.com/watch?v=A4vhY6UDJk4,https://music.youtube.com/watch?v=Fhnawyn4ixU
c723b283-5034-5fda-9142-378c91f4c898,a74bf44a-8428-5d9a-94e6-1edadac83d61,2,Besambhle Chal Diya Dil,Arijit Singh,4.0,https://www.youtube.com/watch?v=o06kMQiu2Mk,https://music.youtube.com/watch?v=BECFjAagALw,,
e7339c2d-6e3c-53f6-b50a-4abe77867ad3,67c9040e-e353-50c8-92b5-e51d7d84a03d,1,Yeh Fitoor Mera (Parwardigara),Arijit Singh,4.75,https://www.youtube.com/watch?v=ccw-bhwtLTw,https://music.youtube.com/watch?v=Zkqhiil2kSo,https://music.youtube.com/watch?v=njOwOpZKxSE,https://music.youtube.com/watch?v=upfhBd47aog
6286aec7-5123-5ff2-b946-853008cb0723,67c9040e-e353-50c8-92b5-e51d7d84a03d,2,Pashmina Dhaagon Ke Sang,Amit Trivedi,4.5,https://www.youtube.com/watch?v=uxTXp0-iZrY,https://music.youtube.com/watch?v=6q3NVJYAJdY,,
8edb599d-d20f-5cc1-95e5-1872f9ec9093,67c9040e-e353-50c8-92b5-e51d7d84a03d,3,Haminastu,Zeb Bangash,4.0,https://www.youtube.com/watch?v=hoXSrE3K7yw,https://music.youtube.com/watch?v=hoXSrE3K7yw,https://music.youtube.com/watch?v=umGXZF5Fmlk,https://music.youtube.com/watch?v=C-2fGEd8rPI
3b804ba6-f8d5-5e17-8894-d60f1ae75982,67c9040e-e353-50c8-92b5-e51d7d84a03d,4,Hone Do Batiyan,"Nandini Srikar, Zeb Bangash",4.5,https://www.youtube.com/watch?v=C1jgfpUZFd4,https://music.youtube.com/watch?v=dn6ot3fcd0U,https://music.youtube.com/watch?v=R28NWvwBDTc,https://music.youtube.com/watch?v=H1_Dm3pujhc
ba817392-3407-5fdc-ba0a-df5ce8ced899,67c9040e-e353-50c8-92b5-e51d7d84a03d,6,Ranga Re (Hindi),"Sunidhi Chauhan, Amit Trivedi",4.0,https://www.youtube.com/watch?v=GM7qHTL6i_s,https://music.youtube.com/watch?v=GM7qHTL6i_s,https://music.youtube.com/watch?v=bq6LJ6FtmR0,https://music.youtube.com/watch?v=YikiqAocBQQ
e181c148-f627-5d37-813d-c41ec44c16c0,9e6b2557-9c45-5e5b-b1b5-2de0f224933b,2,Dugg Duggi Dugg,Vishal Bhardwaj,4.0,https://www.youtube.com/watch?v=DdzoCio5pg0,https://music.youtube.com/watch?v=DdzoCio5pg0,https://music.youtube.com/watch?v=82CvRl660bc,
af1d6364-22ed-53d2-9cb4-5e3b4f48a9bd,d6a14b67-9c53-50d5-9fa6-fa7b2e79d1bd,1,Kar Gayi Chull,"Fazilpuria, Neha Kakkar, Sukriti Kakar, Badshah",4.4,https://www.youtube.com/watch?v=-sWXx1mbgtU,https://music.youtube.com/watch?v=nqsBspRl5Ok,https://music.youtube.com/watch?v=iwlUeXLPvf0,
b437e4e6-388c-515c-a14f-f6fedc37b6ce,87ae3eb1-bcdf-50d5-95ea-c45c685a5699,1,Kesariya,Arun Daga,4.0,https://www.youtube.com/watch?v=Bpm33qYa7iA,https://music.youtube.com/watch?v=FwB9lnKh8lc,https://music.youtube.com/watch?v=Bpm33qYa7iA,https://music.youtube.com/watch?v=LVlwpTeXT84
224037b2-4c49-5577-bfec-6f56d63f249e,980efbc8-c8b4-5eff-bde9-cfefade2c6ad,1,Besabriyaan,Armaan Malik,4.33,https://www.youtube.com/watch?v=UBBHpoW3AKA,https://music.youtube.com/watch?v=Dorfmg7buTE,https://music.youtube.com/watch?v=icRYTYahpOk,https://music.youtube.com/watch?v=r7RfITNWats
4d91c121-24d2-537f-b25c-471afe49833b,25063d04-66f7-548f-af66-0ea33b8e17c8,2,Mirzya,"Daler Mehndi, Sain Zahoor, Akhtar Channal, Nooran Sisters",4.0,https://www.youtube.com/watch?v=M2nvnZZeMhU,https://music.youtube.com/watch?v=pv9yYF5GrWg,https://music.youtube.com/watch?v=NLtCQTR-2EQ,https://music.youtube.com/watch?v=WcrZh7zsUJc
fbc582a7-1ef5-5986-bbe7-7697c65278d6,25063d04-66f7-548f-af66-0ea33b8e17c8,3,Teen Gawah Hain Ishq Ke,"Siddharth Mahadevan, Sain Zahoor",4.0,https://www.youtube.com/watch?v=iWcYPQ6Wu4Y,https://music.youtube.com/watch?v=NjdJR2weSlI,https://music.youtube.com/watch?v=rEugMO5CJqM,https://music.youtube.com/watch?v=Zyst62igimw
061947fb-b300-5c09-9985-445621dd709d,25063d04-66f7-548f-af66-0ea33b8e17c8,7,Aave Re Hichki,"Mame Khan, Shankar Mahadevan",4.6,https://www.youtube.com/watch?v=BPA_O7auSFc,https://music.youtube.com/watch?v=o7kVR30r0mI,https://music.youtube.com/watch?v=5fEYIGmJ02M,https://music.youtube.com/watch?v=j2moTDbXNFI
9b4be1c6-f519-5a8d-8c50-0335cee25fb2,25063d04-66f7-548f-af66-0ea33b8e17c8,9,Ishq Mein Hota Hai (Tun Tuna),"Nooran Sisters, Sain Zahoor, Akhtar Chinnal, Daler Mehndi",4.5,https://www.youtube.com/watch?v=bIV_vqtu4to,https://music.youtube.com/watch?v=JEHHTxNBNxc,https://music.youtube.com/watch?v=Ek4gYWP4cdA,
0e38686e-6524-5d0b-a84f-cb4bf7d2847f,25063d04-66f7-548f-af66-0ea33b8e17c8,11,Ek Nadi Thi Dono Kinare,"Nooran Sisters, K. Mohan",4.0,https://www.youtube.com/watch?v=HzdrvH6FgMk,https://music.youtube.com/watch?v=HzdrvH6FgMk,https://music.youtube.com/watch?v=XTw03k1YXuM,https://music.youtube.com/watch?v=BsJVKHzqFLs
ae5c2867-39a8-55a1-b8e2-4d425cc9d770,25063d04-66f7-548f-af66-0ea33b8e17c8,12,Doli Re Doli Chali,"Shankar Mahadevan, Mame Khan",4.0,https://www.youtube.com/watch?v=zM6HEbph4K0,https://music.youtube.com/watch?v=A0mv3J0w3Js,https://music.youtube.com/watch?v=sPF4b7cPo-I,https://music.youtube.com/watch?v=zM6HEbph4K0
0f774f23-0938-5098-8cab-304e996574dc,25063d04-66f7-548f-af66-0ea33b8e17c8,13,Kaaga Re Kaaga Piya Ki Khabar Sunaana,Kaushiki Chakraborty,4.0,https://www.youtube.com/watch?v=q0nJrWbekC0,https://music.youtube.com/watch?v=q0nJrWbekC0,https://music.youtube.com/watch?v=1u2Uix0ou0Y,https://music.youtube.com/watch?v=orSBGbo78Q8
260bd6ed-2905-57c1-bcc4-aa0ec85dbee2,f21bcc1f-f44f-59b9-8508-44adaf73beef,4,Tu Hai Mera Yeh Sansar Saara,"A.R. Rahman, Sanah Moidutty",4.0,https://www.youtube.com/watch?v=UiN3AY7bdBg,https://music.youtube.com/watch?v=UiN3AY7bdBg,https://music.youtube.com/watch?v=VBHfZMDZuZM,https://music.youtube.com/watch?v=yV7bLyT1D7w
3f8a3e00-292b-548c-9b2b-f7e2366bc79e,4780c82a-50e0-52fe-af52-c392f69779af,1,Sanam Re,Arijit Singh,4.0,https://www.youtube.com/watch?v=MiG5jPmyDFI,https://music.youtube.com/watch?v=S8ksWqo3CWU,https://music.youtube.com/watch?v=NXPGwh1bA6Q,https://music.youtube.com/watch?v=FAqq5Nn-p0o
7ebdfc23-9757-5528-9e0d-e9d1348cfae8,37237c31-d2ac-5313-8745-0df9a2df158d,1,Aa Jaao,Ankur Tewari,4.0,https://www.youtube.com/watch?v=T5ljN3069KA,https://music.youtube.com/watch?v=T5ljN3069KA,https://music.youtube.com/watch?v=ActIKLaRKcs,https://music.youtube.com/watch?v=aca36nxjERE
87a7294e-c338-5366-8a6b-f9a27227bc61,37237c31-d2ac-5313-8745-0df9a2df158d,4,Mohabbat Zindabad,Ankur Tewari,4.0,https://www.youtube.com/watch?v=nLEu3ZRnQHs,https://music.youtube.com/watch?v=kk42VxKZz7Q,https://music.youtube.com/watch?v=wjL9yoj0Xj8,https://music.youtube.com/watch?v=nLEu3ZRnQHs
ae938e13-9a06-508d-b9f2-2f4832348b4c,2adc4163-8b2f-54e1-bd0e-542366d3c622,4,Sultan,"Sukhwinder Singh, Shadab Faridi",4.0,https://www.youtube.com/watch?v=gyCArGO-iB0,https://music.youtube.com/watch?v=abiL84EAWSY,https://music.youtube.com/watch?v=sWTLNHPrRrk,https://music.youtube.com/watch?v=tzWLrPUnIwY
f767dca0-629b-55f3-9661-62fbdcc84637,2adc4163-8b2f-54e1-bd0e-542366d3c622,5,Sachchi Muchchi,"Mohit Chauhan, Harshdeep Kaur",4.0,https://www.youtube.com/watch?v=GyJDsCzvgQg,https://music.youtube.com/watch?v=yutKUteoZIA,https://music.youtube.com/watch?v=Ag-BOuDiOgE,https://music.youtube.com/watch?v=x3M5zOhxzU8
a2ad4b94-6439-5eee-83db-353f6ff6ba3e,fb0afc6c-427b-5338-b2a5-83c56f871d8d,2,Rootha Main Khud Mujh Se,"Benny Dayal, Bianca Gomes, Divya Kumar",4.0,https://www.youtube.com/watch?v=_n_hTCPVVAM,https://music.youtube.com/watch?v=ET3nchYvtPA,https://music.youtube.com/watch?v=4WS6B1Nb5yY,
2a9b61fa-8952-5239-9d5e-08f52b71d74c,799f0086-6e65-5bb0-9aec-e172a0301410,4,Kahin Na Kahin,Papon,4.0,https://www.youtube.com/watch?v=5u56NMsgiZM,https://music.youtube.com/watch?v=5u56NMsgiZM,https://music.youtube.com/watch?v=lJ7PUzbUTY0,
85d9c5bf-0fa5-5f14-b448-4dd883dad128,c997bfe8-902b-5539-9963-19002231f9a2,1,Chitta Ve (Udta Punjab),"Babu Haabi, Bhanu Pratap, Shahid Mallya",4.5,https://www.youtube.com/watch?v=BH_i6bIaI9E,https://music.youtube.com/watch?v=D4x2x2WA2pQ,https://music.youtube.com/watch?v=FuNdx2Jjqrw,https://music.youtube.com/watch?v=x8ydCKNPCcc
1cdf64b1-57e0-54ac-afef-7d4af121df65,c997bfe8-902b-5539-9963-19002231f9a2,2,Darr Da Da Dasse,"Kanika Kapoor, Babu Haabi",4.5,https://www.youtube.com/watch?v=5IdGjLg6m5Q,https://music.youtube.com/watch?v=lCaFtzOQU8U,https://music.youtube.com/watch?v=biRzkKpaBrI,https://music.youtube.com/watch?v=siqrilVzjNw
8bc3fdcd-6db2-57e9-b513-dc68d1b2ade7,c997bfe8-902b-5539-9963-19002231f9a2,3,Ikk Kudi Jida Naam Mohabbat Gum Hai,Shahid Mallya,4.5,https://www.youtube.com/watch?v=cyKZXbxx2lc,https://music.youtube.com/watch?v=JvJXEfMLF2k,https://music.youtube.com/watch?v=rd1XFO3pQGk,https://music.youtube.com/watch?v=pAMksXUJjGs
6592d088-eeec-50e4-b5b6-b164c9158f14,c997bfe8-902b-5539-9963-19002231f9a2,4,Ud-Daa Punjab,"Vishal Dadlani, Amit Trivedi",4.5,https://www.youtube.com/watch?v=Ezsb5afVXQQ,https://music.youtube.com/watch?v=6LvetBbpT7E,https://music.youtube.com/watch?v=AV6HMdxnMJc,https://music.youtube.com/watch?v=xnOUGkqOJwE
862f6ab6-ed48-52f2-9361-32926b403f7e,29660b61-382a-510a-ad48-c760c0a57fe7,5,Bandook Meri Laila,"Ash King, Jigar Saraiya, Raftaar, Siddharth Malhotra",4.33,https://www.youtube.com/watch?v=HP0L_U8buwY,https://music.youtube.com/watch?v=wdxebKzUfIM,https://music.youtube.com/watch?v=ruRHmXGCpAE,https://music.youtube.com/watch?v=HP0L_U8buwY
92b38c30-427e-5152-979e-5d1020ab21ec,e6970bdb-505b-5e95-8e95-05abf4f233f8,1,Agla Savera,"Clinton Cerejo, Bianca Gomes, Vasu Dixit",4.0,https://www.youtube.com/watch?v=4stELOC39IA,https://music.youtube.com/watch?v=4stELOC39IA,https://music.youtube.com/watch?v=ONflc5_W1Ug,
17795a97-0e5a-54de-82d6-4cc9b3b4c6c2,b8ee5507-b24a-5d3d-86fb-48eeeba33675,1,Mere Rashke Qamar,"Nusrat Fateh Ali Khan, Rahat Fateh Ali Khan",4.0,https://www.youtube.com/watch?v=3kP6G8D8OxE,https://music.youtube.com/watch?v=fUIxwDkIAws,https://music.youtube.com/watch?v=iyxByIhwrC0,https://music.youtube.com/watch?v=15rvGZUu4Ek
f2b6b31b-8a24-57b0-aabe-25000ec1e929,83343e8c-609c-5aab-a4b4-2220dd48230c,2,Yeh Barfani Raaten Pighal Jane Do (Male),Armaan Malik,4.33,https://www.youtube.com/watch?v=LzETSqumgCY,https://music.youtube.com/watch?v=LzETSqumgCY,https://music.youtube.com/watch?v=YHoywX9bGPI,https://music.youtube.com/watch?v=LTll-WSzsTc
50b0fae1-9c0d-5667-9daf-edb4d54dee2b,78961637-2274-5828-8242-d2343f447eb8,5,Khoya Khoya Raasta,Shahid Mallya,4.0,https://www.youtube.com/watch?v=gv7aqJKwqNg,https://music.youtube.com/watch?v=81pcjhhDoho,https://music.youtube.com/watch?v=K4lPhiOMQZE,https://music.youtube.com/watch?v=gv7aqJKwqNg
e3846ae1-ab2d-58b6-8769-5db5d0d82b4f,e00ea7b0-28b0-5b56-85c0-fcb5e9ec66c7,4,Phir Bhi Tumko Chahoonga,"Arijit Singh, Shashaa Tirupati",4.0,https://www.youtube.com/watch?v=_iktURk0X-A,https://music.youtube.com/watch?v=q1uPPBJ2tcI,https://music.youtube.com/watch?v=jQdDpRTVe9k,https://music.youtube.com/watch?v=6-ZYY1pudI0
7db64aeb-6ba4-5b72-8946-71ed06f90c09,57270065-ef0e-5bc7-a47b-588103a6de5e,3,Safar Ka Hi Tha Main Safar Ka Raha,Arijit Singh,4.5,https://www.youtube.com/watch?v=xORB1S9YvP8,https://music.youtube.com/watch?v=xORB1S9YvP8,,
3b5d76d8-6336-5083-a5e1-418b06991317,57270065-ef0e-5bc7-a47b-588103a6de5e,5,Le Jaye Jaane Kahan Hawayein Hawayein,Arijit Singh,4.67,https://www.youtube.com/watch?v=cs1e0fRyI18,https://music.youtube.com/watch?v=ii9KLQoV78I,,
a7b8d1bb-faad-54e5-8fe2-851815c134b6,57270065-ef0e-5bc7-a47b-588103a6de5e,7,Khaali Hai Jo Tere Bina Main Woh Ghar Hoon Tera,"Nikhita Gandhi, Mohit Chauhan",4.67,https://www.youtube.com/watch?v=xmz_8VX12U8,https://music.youtube.com/watch?v=zVrQUkBmSOc,https://music.youtube.com/watch?v=vetkYdJ31HU,
170e7c34-0a87-5b2e-9b10-10ba48e5d2ee,57270065-ef0e-5bc7-a47b-588103a6de5e,8,Yaadon Mein Jalte Rehna Tera Mera,"Jonita Gandhi, Mohd. Irfan, Cuca Roseta",4.25,https://www.youtube.com/watch?v=3D6p8QL3sJA,https://music.youtube.com/watch?v=IKtKdHmlq9I,https://music.youtube.com/watch?v=W0Fr0SOeMYM,
53692bbf-56a9-5676-a2c3-f8e36aba9caf,c6d1f07c-f864-5974-bff8-815cc21a497b,1,Ullu Ka Pattha,"Arijit Singh, Nikhita Gandhi",4.5,https://www.youtube.com/watch?v=h2GhQBI5YGw,https://music.youtube.com/watch?v=h2GhQBI5YGw,https://music.youtube.com/watch?v=8cs10z1CzxE,https://music.youtube.com/watch?v=f_UWq8lXfYo
afea35e5-01d6-54d1-9a05-b0c14aebfd9f,c6d1f07c-f864-5974-bff8-815cc21a497b,2,Galti Se Mistake,"Arijit Singh, Amit Mishra",4.5,https://www.youtube.com/watch?v=05TA9jNnCdU,https://music.youtube.com/watch?v=05TA9jNnCdU,https://music.youtube.com/watch?v=6y7Rl6ricwk,https://music.youtube.com/watch?v=ROtv13CqjzU
8fc47ee4-7b1d-5dc5-a118-806e45409c40,c6d1f07c-f864-5974-bff8-815cc21a497b,3,Jhumritalaiya,"Arijit Singh, Mohan Kannan",4.0,https://www.youtube.com/watch?v=OSbe_bq_vN4,https://music.youtube.com/watch?v=DfKZFk32Vmg,https://music.youtube.com/watch?v=OSbe_bq_vN4,
a24da372-c982-5460-85f0-6df390ad83a0,a01c4a05-e3a1-580a-b636-a1b577ee800f,1,Juda,MKSHFT,4.0,https://www.youtube.com/watch?v=zJlxyOUOhl8,https://music.youtube.com/watch?v=zJlxyOUOhl8,https://music.youtube.com/watch?v=HMUXtJP95KI,https://music.youtube.com/watch?v=99aLsYO4sPw
e0d2860e-9840-5551-9efd-c6f893592727,b1ec5206-66ad-5a26-9172-ea0231fc4d43,1,Kayanaat,Vijay Prakash,4.0,https://www.youtube.com/watch?v=uvsb_Y8JjjE,https://music.youtube.com/watch?v=uvsb_Y8JjjE,https://music.youtube.com/watch?v=pq7jgXQoFak,
5895bc78-4512-5a61-9293-ca15eb337504,aee82d18-8832-5e95-b9be-9f2a36507877,3,Lafz Ankahe,Jonita Gandhi,4.0,https://www.youtube.com/watch?v=EU8Txe7BXho,https://music.youtube.com/watch?v=NfgTV6A8E_U,https://music.youtube.com/watch?v=Wd272oT_JbQ,
1ce4a0c1-8230-5b4d-9f0f-1142331a137c,aee82d18-8832-5e95-b9be-9f2a36507877,4,Tera Hoon Main,"Shashaa Tirupati, Ajay Singha",4.0,https://www.youtube.com/watch?v=0MXCI_F3bag,https://music.youtube.com/watch?v=0MXCI_F3bag,https://music.youtube.com/watch?v=fNgU-kuhwO8,
33774517-233c-5781-9e01-1f20bedf2e73,aee82d18-8832-5e95-b9be-9f2a36507877,5,Tu Jo Mili,Nikhil D'Souza,4.0,https://www.youtube.com/watch?v=OIPgejkYoUs,https://music.youtube.com/watch?v=OIPgejkYoUs,,
613091b4-aac6-5045-9e39-21a1c8998571,f38b310b-5eaa-5c70-84ec-0ab8ddb62737,3,O Haareya Main Dil Haareya,Arijit Singh,4.0,https://www.youtube.com/watch?v=TyMUY2CDrjc,https://music.youtube.com/watch?v=TyMUY2CDrjc,https://music.youtube.com/watch?v=C14askJ1tO8,https://music.youtube.com/watch?v=ADkPcOh0RJo
c2214d85-04d2-5bb5-a171-9a3f86bb1f8b,f38b310b-5eaa-5c70-84ec-0ab8ddb62737,4,Maana Ke Hum Yaar Nahin (Female),Parineeti Chopra,4.0,https://www.youtube.com/watch?v=k4R39ofX-CQ,https://music.youtube.com/watch?v=k4R39ofX-CQ,https://music.youtube.com/watch?v=FG9lpEFgbuA,https://music.youtube.com/watch?v=Azgxf6KigAU
b46aeb4e-8cdc-5bd4-8255-166598280043,e877612a-f060-5ce3-a1d9-95677bf665e7,2,Enna Sona Kyun Rab Ne Banaya,Arijit Singh,4.33,https://www.youtube.com/watch?v=1I2aa1sf5NA,https://music.youtube.com/watch?v=mrdRHsIkK_c,https://music.youtube.com/watch?v=8dlTXzaP_8Q,https://music.youtube.com/watch?v=ZhqkBBvmZdo
39f0beb4-58cd-5c74-a6bf-ec7c55ee9044,e877612a-f060-5ce3-a1d9-95677bf665e7,7,Sun Sun Bhanwra Kaisi Baaten Banaye,Shashaa Tirupati,4.0,https://www.youtube.com/watch?v=YzMsb6Uv5KQ,https://music.youtube.com/watch?v=sDvAJWdew18,,
d0c84988-69cd-5186-8822-a32ed3f452ec,f920da6f-aad1-5ea2-86cf-a6f8ed4b7145,3,Magar Jaane De,Atif Aslam,4.0,https://www.youtube.com/watch?v=TWfzLpR3Q_E,https://music.youtube.com/watch?v=kL2UG7bNoGA,https://music.youtube.com/watch?v=xvWRTtBB-pk,https://music.youtube.com/watch?v=62QzfErEi7A
b4d8e7e5-18f1-583a-a23c-4fcb15bdc123,4c50ecc5-1c01-5600-a3b3-a8292b50c948,2,O Zaalima,"Arijit Singh, Harshdeep Kaur",4.5,https://www.youtube.com/watch?v=qiglT5BZx58,https://music.youtube.com/watch?v=eXkHvT--DBU,https://music.youtube.com/watch?v=YJZYLQhGQLg,
b9032c36-943d-5c27-8961-504f19911870,e60e781d-fa42-57bf-9a70-7c4b77271a96,2,Yeh Ishq Hai,Arijit Singh,4.0,https://www.youtube.com/watch?v=iXehrgJ-RY4,https://music.youtube.com/watch?v=iXehrgJ-RY4,https://music.youtube.com/watch?v=r08MtsqQxNE,https://music.youtube.com/watch?v=QSnTWImnPPE
ce82ed3c-6081-539a-8849-fce09ae5c88e,f1c9d572-b8b9-5fad-9871-4bcc6925519b,1,Main Kaun Hoon,Meghna Mishra,4.0,https://www.youtube.com/watch?v=XyZ0aXrpJIc,https://music.youtube.com/watch?v=zqhS9mi5Egw,https://music.youtube.com/watch?v=XyZ0aXrpJIc,https://music.youtube.com/watch?v=RsL9cJPbwPo
e5801b93-4fe6-54bf-82e6-d8bb89aec9c7,2a31b255-f82a-572d-96a6-e8b880f3bfbc,2,Kanha Maane Na,Shashaa Tirupati,4.0,https://www.youtube.com/watch?v=6u0TDGt2Bug,https://music.youtube.com/watch?v=lK43SHqqXlU,https://music.youtube.com/watch?v=drASreFx0Uo,https://music.youtube.com/watch?v=N1XzsqKCUwE
32eaf81c-445f-5845-a301-b7c0326fc6b6,5bb905c8-a140-5b46-acbf-6af3ba222e8c,3,Tu Hi Mera Meet Hai Ji,Arijit Singh,4.0,https://www.youtube.com/watch?v=UHNsBcJ6Co0,https://music.youtube.com/watch?v=LlVxeiIoslk,https://music.youtube.com/watch?v=cZ4FmYISBtE,https://music.youtube.com/watch?v=_927Er2ZQMI
c640c0cd-d20a-5ace-b1c7-a391282a6afa,5bb905c8-a140-5b46-acbf-6af3ba222e8c,4,Majaa Ni Life (Single Rehne De),"Shalmali Kholgade, Divya Kumar",4.0,https://www.youtube.com/watch?v=Ggtuoy6txTY,https://music.youtube.com/watch?v=V9bXFI5tbW8,https://music.youtube.com/watch?v=8MPjxx5GcLc,https://music.youtube.com/watch?v=vB8YvgNqDf0
1517d54c-bc58-59dc-adae-3a4f5ae92280,81f53d68-d953-5f91-bc87-c71c4f2e46e3,2,Dil Diyan Gallan,Atif Aslam,4.5,https://www.youtube.com/watch?v=JtnPpxe8K7c,https://music.youtube.com/watch?v=SAcpESN_Fk4,https://music.youtube.com/watch?v=MA9hbox27Zc,https://music.youtube.com/watch?v=eG7omUk8IEw
5c27ea5b-9419-53b8-a373-985e5513f060,b2f783e8-b73f-5cab-a69d-aa28fe9978df,2,Dhoondh Lo Tum Kho Gaya Main Kahin,Arijit Singh,4.0,https://www.youtube.com/watch?v=L2njfa7Ntlc,https://music.youtube.com/watch?v=FQyKzz3NFcc,,
15d42315-fda0-52d8-88ed-bf9024eceb2e,87dd6e93-f4e7-57c9-90b5-a2f296f6d213,4,Main Agar Sitaron Se Chura Ke Laoon Roshni,Atif Aslam,4.0,https://www.youtube.com/watch?v=umqmDe8GFTA,https://music.youtube.com/watch?v=2KX1gtpGmr0,https://music.youtube.com/watch?v=9Zpmpln76vE,https://music.youtube.com/watch?v=8TGgNRbf7fA
e3223da7-27e9-5e9a-bb49-1398583b83aa,e39af680-fcb0-586e-a6da-4518432da177,5,Kuch Tune Si Hain Maine Ki Hai Rafu Yeh Doriyan,Ronkini Gupta,4.5,https://www.youtube.com/watch?v=6AICqitg368,https://music.youtube.com/watch?v=oS-0jES79d8,https://music.youtube.com/watch?v=6AICqitg368,
12724d06-5682-5f94-b623-2312f385f0e3,cd9c2205-0e74-5c01-84ff-4fe470d83e06,3,Wo Ladki Mil Jaye To Kahna,Arijit Singh,4.0,https://www.youtube.com/watch?v=1YqmSp22-60,https://music.youtube.com/watch?v=SVRyNxW2Ry0,,
6f5944d1-c17e-53af-9381-81fbbe1ce0e5,a55fe5f6-68de-5728-b507-67a4d4bf3857,1,Tere Naam Ki Koi Dhadak Hai Na,"Ajay Gogavale, Shreya Ghoshal",4.0,https://www.youtube.com/watch?v=qWnzMwT6SKo,https://music.youtube.com/watch?v=1mGEhLpfXmg,,
e64c6734-a668-5e66-b4f1-ce4e1ee01630,a55fe5f6-68de-5728-b507-67a4d4bf3857,3,Naache Zing Zing Zing Zing Zing Zing Zingaat,Ajay - Atul,4.5,https://www.youtube.com/watch?v=Rd9wF5fAnVw,https://music.youtube.com/watch?v=DPvYavDpPAQ,https://music.youtube.com/watch?v=JHk4O02oYjA,
006763fc-5e69-5b97-af08-d6e374395190,112bf9ed-e678-5cde-ba33-47f3deb847ac,1,Chhota Sa Fasaana (Ki Dil Mera Hai Banjara),Arijit Singh,4.0,https://www.youtube.com/watch?v=4h5aIACGjQo,https://music.youtube.com/watch?v=4h5aIACGjQo,https://music.youtube.com/watch?v=tCi7566EwE4,https://music.youtube.com/watch?v=MjjQYPTOqNs
dda0f031-b469-5d0b-b7e1-ebc030672b3a,31163e5a-e760-5530-8e8d-67eda9b50f2f,1,Aahista Aahista,"Arijit Singh, Jonita Gandhi",4.33,https://www.youtube.com/watch?v=73q3_tWbV4U,https://music.youtube.com/watch?v=zysSVsr3KyE,https://music.youtube.com/watch?v=e7srapDuxIY,
6c774151-d992-5678-8cca-9fd08c23ecee,31163e5a-e760-5530-8e8d-67eda9b50f2f,2,O Meri Laila,"Atif Aslam, Jyotica Tangri",4.5,https://www.youtube.com/watch?v=gR9xawiSy8A,https://music.youtube.com/watch?v=KdRPDNDNho0,https://music.youtube.com/watch?v=5uL82FnMSeM,https://music.youtube.com/watch?v=6tFM-QTzmxU
54b35895-0d7b-5375-a14a-278ecf2f063c,31163e5a-e760-5530-8e8d-67eda9b50f2f,3,Tum Nazar Mein Raho,Atif Aslam,4.0,https://www.youtube.com/watch?v=t900b-LyuEg,https://music.youtube.com/watch?v=3IFiM6DCJ4o,,
93a525b1-4403-5e07-ab39-b458b8ee8b8f,4d507089-4ddd-5435-bf64-c4a6e15a3d54,2,Ho Bah Gaya Hanjuan Da Daryaa (Saara Jag Chhad Ke),"Ammy Virk, Shahid Mallya",4.0,https://www.youtube.com/watch?v=1IIE5kniN8M,https://music.youtube.com/watch?v=1Z_cClBsABE,https://music.youtube.com/watch?v=MspzUBPyw_k,https://music.youtube.com/watch?v=74pvvZAE5_c
c4ed0521-5aea-5333-a3d8-e67b636be7a8,2d49c87a-c0a8-5d49-bef6-3479cdd30f06,1,Ghoomar Ghoomar Ghoomar Ghoomar Ghoome Re,"Shreya Ghoshal, Swaroop Khan",4.5,https://www.youtube.com/watch?v=6cKErCWrb44,https://music.youtube.com/watch?v=4eRdshiNGa4,,
0e54dc9b-0dcb-566d-8440-a3a2766cf65d,2d49c87a-c0a8-5d49-bef6-3479cdd30f06,2,Ek Dil Hai Ek Jaan Hai,Shivam Pathak,4.0,https://www.youtube.com/watch?v=c64I9HNpiOY,https://music.youtube.com/watch?v=c64I9HNpiOY,https://music.youtube.com/watch?v=wfHbPNG5YEI,https://music.youtube.com/watch?v=VjTgMdIZ6r0
528f81fd-5e6f-5c11-827d-62ca73078505,2d49c87a-c0a8-5d49-bef6-3479cdd30f06,6,Binte Dil Misriya Mein,Arijit Singh,4.67,https://www.youtube.com/watch?v=1HVOB3-6YB0,https://music.youtube.com/watch?v=9aoUpCXY7uk,https://music.youtube.com/watch?v=0NBLOILq2jc,https://music.youtube.com/watch?v=1HVOB3-6YB0
fc57871a-95fa-5fb1-be28-cb225a948a65,7d83715e-6440-5d8a-97a7-d9e34ec54ff9,4,Naina Banjare,Arijit Singh,4.0,https://www.youtube.com/watch?v=Sc90cLAkO1k,https://music.youtube.com/watch?v=Sc90cLAkO1k,https://music.youtube.com/watch?v=PBY2vM7dkzE,https://music.youtube.com/watch?v=EswOymNoZyE
ec8a0f8f-3e18-5e26-a3f4-150a0b5d3fcd,4196f617-d814-5114-9f5d-1dc84c60edf4,1,Ae Watan Watan Mere Aabad Rahe Tu (Male),Arijit Singh,4.5,https://www.youtube.com/watch?v=YHmYop9Bc_Q,https://music.youtube.com/watch?v=vkbIymRmzbI,,
d9ba0dcc-52e2-589b-bcf0-0e7f88f93031,4196f617-d814-5114-9f5d-1dc84c60edf4,2,Mud Ke Na Dekho Dilbaro,"Harshdeep Kaur, Vibha Saraf, Shankar Mahadevan",4.0,https://www.youtube.com/watch?v=WqUXVw0WlXc,https://music.youtube.com/watch?v=vGK9PDAqnoM,https://music.youtube.com/watch?v=mIURqzmGx-k,
89f893ed-555b-5cb4-877a-7da535d209ae,252cad6b-5182-50c5-8188-bd5704571f95,1,Jab Tak Jahan Mein Mera Naam Hai Tab Tak Mere Naam Tu,Abhay Jodhpurkar,4.33,https://www.youtube.com/watch?v=VGPmFSB8qVY,https://music.youtube.com/watch?v=TbjbZFqLEtw,https://music.youtube.com/watch?v=6vXG7JOYfn8,
8abbf365-e72d-53c1-b65c-fbd4b0dbe0db,c93ad9e3-7066-5590-a247-3bff19dbca1b,2,Aana Aa Bhi Jaana Intezari Hai Teri,Armaan Malik,4.0,https://www.youtube.com/watch?v=9gGy5SFcUlk,https://music.youtube.com/watch?v=iJZnagaPa5A,https://music.youtube.com/watch?v=GSv7K37sO9U,https://music.youtube.com/watch?v=A2pB5sQB07Q
c61fe74e-9c5b-5a7a-a6bf-c5880a949a62,d3296b66-c964-5de0-8839-fd9d888b6521,2,Ishqe Di Chashni,Abhijeet Srivastava,4.0,https://www.youtube.com/watch?v=yFZvQ1Uv358,https://music.youtube.com/watch?v=jbtaWPH9bjk,https://music.youtube.com/watch?v=lzn7XqdvJss,
a420da89-20ca-5977-bb69-2a0af5e4ae65,aac387f4-4095-5062-9a3a-11049b87b0aa,7,Woh Din Bhi Kya Din The (Arijit Singh Version),Arijit Singh,4.4,https://www.youtube.com/watch?v=xC1cj9zhh6k,https://music.youtube.com/watch?v=xC1cj9zhh6k,https://music.youtube.com/watch?v=XdvgOjHbH5A,
4a71e6b7-80f0-504c-af14-2a7f83b3da9e,caab1a03-ba7e-5457-9cd3-a48cc050fd3e,2,Meri Gully Mein,"Ranveer Singh, Divine, Naezy",4.0,https://www.youtube.com/watch?v=pGmbUdf6lEM,https://music.youtube.com/watch?v=C5NXb_6HRA0,https://music.youtube.com/watch?v=1bK5dzwhu-I,https://music.youtube.com/watch?v=gvsSzjLYn8o
183af683-344d-5b55-a524-6e048c11a80e,caab1a03-ba7e-5457-9cd3-a48cc050fd3e,4,Doori,Ranveer Singh,4.33,https://www.youtube.com/watch?v=QPGmwRNkffc,https://music.youtube.com/watch?v=uWkYEzkwV78,https://music.youtube.com/watch?v=1q5XbWSVfMA,
4f6de94f-f3d5-5765-95cd-a6ddad8c4a10,caab1a03-ba7e-5457-9cd3-a48cc050fd3e,13,Apna Time Aayega,Ranveer Singh,4.67,https://www.youtube.com/watch?v=jFGKJBPFdUA,https://music.youtube.com/watch?v=UBhXquUhomY,https://music.youtube.com/watch?v=7XTAq93QOdM,https://music.youtube.com/watch?v=S5tAVjrc4Sw
3c16f6f1-9373-57e3-a622-f06e3172a225,b0dfe20a-40ba-5c00-859e-fa502c8760ed,8,Bekhayali Mein Bhi Tera Hi Khayal Aaye (Arijit Singh Version),Arijit Singh,4.0,https://www.youtube.com/watch?v=Ps4aVpIESkc,https://music.youtube.com/watch?v=XnCtG7eyQfk,,
78181dbf-4beb-5dba-a7d8-88cc5f00eb67,9e2e63ea-48a9-526c-abbd-86478229426c,1,Ghar More Pardesiya,"Shreya Ghoshal, Vaishali Made",4.0,https://www.youtube.com/watch?v=Fdk3brbEkPw,https://music.youtube.com/watch?v=QVwo3rBMJ_g,https://music.youtube.com/watch?v=eSkgLnpQ9go,https://music.youtube.com/watch?v=FsaP-vXmiIs
134c8a79-1932-59a7-abdd-a0770d57a536,9e2e63ea-48a9-526c-abbd-86478229426c,3,Kalank Nahin Ishq Hai Kaajal Piya (Title Track),Arijit Singh,4.5,https://www.youtube.com/watch?v=wKuP5Hz30ws,https://music.youtube.com/watch?v=if7X8G9c3t0,https://music.youtube.com/watch?v=jgmnJXMw-mA,
1edec35b-2dad-525e-966d-6f75f27f7507,745dd8da-ce68-5dc9-8cab-00a7be4c79bc,4,O Rajaji Naina Chugalkhor Rajaji,"Pratibha Singh Baghel, Ravi Mishra - I",4.5,https://www.youtube.com/watch?v=5w5WP3FJb6g,https://music.youtube.com/watch?v=Aph07tVSgk8,,
07cb695f-f6b7-56fb-b0ff-35ad2dc2f508,a921ab31-e8a4-5ebd-b661-ff9b8286b929,1,Rappan Rappi Rap,Benny Dayal,4.0,https://www.youtube.com/watch?v=-u036N4Moec,https://music.youtube.com/watch?v=yx-Ow3EFdrY,https://music.youtube.com/watch?v=a-PUoN0wFuU,https://music.youtube.com/watch?v=C95f5iqRMYU
f9f3c14e-99d2-585b-b976-696e2a329a9f,77d7102e-1a89-5110-8d34-3e6b4ed85dd7,3,Ruan Ruan Roshan Hua,Arijit Singh,4.0,https://www.youtube.com/watch?v=S6SLveEIMOA,https://music.youtube.com/watch?v=OPazrdwYAm0,https://music.youtube.com/watch?v=SmE5OwoYCxA,
35fe672d-8e8d-5dfa-ba80-48d91f86048f,9ec33b70-938c-587d-8519-0810ac44f1ed,1,Teri Chahat Ne Badla Mere Dil Ka Jugraafiya,"Udit Narayan, Shreya Ghoshal",4.33,https://www.youtube.com/watch?v=gRRMSF0nB0c,https://music.youtube.com/watch?v=X8bu-nEmN5o,,
328ff2fc-17e9-5ea8-b680-c20fe6c476e0,6425220f-40c7-537c-9478-389593c8f4a2,1,Dil Hi Toh Hai,"Arijit Singh, Antara Mitra, Nikhil D'Souza",4.0,https://www.youtube.com/watch?v=hBqxCILVLxQ,https://music.youtube.com/watch?v=0780Oz21Qtc,https://music.youtube.com/watch?v=7buZmqDaUZU,https://music.youtube.com/watch?v=-ok8VtJS7CE
1bf9d231-5ece-5905-a973-b4f6ccf11958,37c6753a-a292-553f-b0b9-9652c1eedca9,1,Ke Ghunghroo Toot Gaye,"Arijit Singh, Shilpa Rao",4.5,https://www.youtube.com/watch?v=qFkNATtc3mc,https://music.youtube.com/watch?v=qFkNATtc3mc,,
3cd456ed-c029-5c35-a6c4-f20af23edc1f,b72df794-2e18-5709-8e87-86878430a82b,1,O Aashiqa Tune Kya Dil Diya,Shashwat Singh,4.4,https://www.youtube.com/watch?v=m8NCfkX3Zb0,https://music.youtube.com/watch?v=_PhTRaDcX3k,,
0e9aa6db-e4b9-5917-b2b5-a5e89e822704,b72df794-2e18-5709-8e87-86878430a82b,2,Sofia,Shashwat Singh,4.0,https://www.youtube.com/watch?v=qbmXSn6eX7Q,https://music.youtube.com/watch?v=1W2nUVGDH1Q,https://music.youtube.com/watch?v=zBXZvefJmyU,
b223909c-7f93-5e61-ad40-032be940769b,b72df794-2e18-5709-8e87-86878430a82b,5,Jwalamukhi,Arijit Singh,4.5,https://www.youtube.com/watch?v=L0NzRDnzUt0,https://music.youtube.com/watch?v=e01g3pC4ZOo,https://music.youtube.com/watch?v=CWbHPCruF5k,https://music.youtube.com/watch?v=IsVa_Jjfv2o
a4d30824-aba9-5cc2-a1e9-5d65e662cc06,b72df794-2e18-5709-8e87-86878430a82b,10,Gori God Bhari (Meetha Meetha Laage Re),"Anuradha Sriram, Shweta Mohan, Alka Yagnik",4.0,https://www.youtube.com/watch?v=sVgyBWQyrwk,https://music.youtube.com/watch?v=sVgyBWQyrwk,https://music.youtube.com/watch?v=und_kYSPTrA,https://music.youtube.com/watch?v=I3c1hQVL3Vk
37631ae1-7e95-591e-b03c-650a8fea2764,b72df794-2e18-5709-8e87-86878430a82b,11,O Mera Chand Hai Tu,Bela Shende,4.0,https://www.youtube.com/watch?v=g9uzGX59E48,https://music.youtube.com/watch?v=g9uzGX59E48,https://music.youtube.com/watch?v=xZFUB2wLM7M,https://music.youtube.com/watch?v=kv6Z2pQxWIw
14432756-bf2e-540d-bd3b-5e576be6e876,751ee9c0-6062-5ca4-8d50-67b8df16fcc1,7,Tum Ho Mere Saare Pehron Mein,Arijit Singh,4.0,https://www.youtube.com/watch?v=9WoNxVbm0bU,https://music.youtube.com/watch?v=fsiPzT50ZiM,,
44c61474-d8bb-5d34-a173-aabdf4ed3fe9,f1ac4e40-6db9-5899-9462-2de8e3f1cb58,1,Do Ka Chaar,Sonu Nigam,4.0,https://www.youtube.com/watch?v=NufRielLPqg,https://music.youtube.com/watch?v=4kSAlidErb8,https://music.youtube.com/watch?v=jbYa-CIHFck,https://music.youtube.com/watch?v=NufRielLPqg
6d723a36-bd34-524d-800b-530b632d83bd,3151fd83-6546-533d-b323-a77885f6c99c,3,Khulne Do,Arijit Singh,4.0,https://www.youtube.com/watch?v=LXMMbT0SCcc,https://music.youtube.com/watch?v=oBRWYKcUXO8,https://music.youtube.com/watch?v=gqFtzzyX_vk,https://music.youtube.com/watch?v=ydv1SV1PlKc
5d3168f1-0d01-5fa0-95c9-d8ef0c5a11fe,2da1aced-2a1d-57f1-bfa5-c7a2c9e28261,1,Jo Mila Hai Tu Zindagi Khushmizaaj Hai,"Arijit Singh, Amartya Bobo Rahut",4.5,https://www.youtube.com/watch?v=aiPBhlRX5lc,https://music.youtube.com/watch?v=FWuO7rqTZ48,https://music.youtube.com/watch?v=NhMTSkDpg5E,
b6d4c429-4373-57de-ab69-57b078e635d6,cc674256-8a43-53ca-907b-401d7def9e90,1,Dil Bechara Friend Zone Ka Maara,A.R. Rahman,4.5,https://www.youtube.com/watch?v=PMCu0JtizCk,https://music.youtube.com/watch?v=cU3fvZfjMsY,https://music.youtube.com/watch?v=CivcnZzvxJQ,https://music.youtube.com/watch?v=PMCu0JtizCk
e5f81bfd-a5e9-55fc-ae43-079135c05a63,cc674256-8a43-53ca-907b-401d7def9e90,2,Taare Ginn,"Mohit Chauhan, Shreya Ghoshal",4.5,https://www.youtube.com/watch?v=HhWum37Mg8o,https://music.youtube.com/watch?v=pr-4GbR4DpQ,https://music.youtube.com/watch?v=TSHYqmWsmHg,https://music.youtube.com/watch?v=5S1HoHqI2m8
e30e4c5b-f8d0-58eb-a898-e6c47ac273a6,cc674256-8a43-53ca-907b-401d7def9e90,4,Tum Naa Hue Mere To Kya Main Tumhara,"Jonita Gandhi, Hriday Gattani",4.0,https://www.youtube.com/watch?v=H8r_WqDjWaM,https://music.youtube.com/watch?v=8Q5d0P6x61k,https://music.youtube.com/watch?v=n5_-uQ1eBZo,https://music.youtube.com/watch?v=-rB7ZGqlHOU
8b078b87-7b75-59cf-9cca-bbfc32d66f3c,f3fc4f35-eeb0-5f21-8130-c32e2893bf21,6,Mann Ki Dori - Male,Armaan Malik,4.0,https://www.youtube.com/watch?v=0xv_eR7OzHU,https://music.youtube.com/watch?v=0xv_eR7OzHU,https://music.youtube.com/watch?v=vIwGV4srFEU,https://music.youtube.com/watch?v=RXRdNCk7aNo
79e65f3b-e987-5f47-b6a5-c834834d824b,82a148cb-274f-552c-97f6-3d8a8229d936,1,Shayad Kabhi Na Kah Sakoon Main (Jo Tum Na Ho),Arijit Singh,4.5,https://www.youtube.com/watch?v=MJyKN-8UncM,https://music.youtube.com/watch?v=EQxEms7gnqs,https://music.youtube.com/watch?v=XZbNCiCEavg,
a26fe254-761f-59cc-8961-0c52aa390eda,82a148cb-274f-552c-97f6-3d8a8229d936,2,Haan Main Galat,"Arijit Singh, Shashwat Singh",4.5,https://www.youtube.com/watch?v=hicN8rVmNXo,https://music.youtube.com/watch?v=aG2PQ8x9F4g,https://music.youtube.com/watch?v=gXKXjZ2kyX0,https://music.youtube.com/watch?v=Eknso52n4xU
8c17a351-30d9-5e0d-9711-5463e0cd9289,82a148cb-274f-552c-97f6-3d8a8229d936,4,Tum To Rahogi Meri,Arijit Singh,4.5,https://www.youtube.com/watch?v=tGs7iLem1cE,https://music.youtube.com/watch?v=tGs7iLem1cE,https://music.youtube.com/watch?v=Mq8hz2F8OAI,
7fe356ab-aa51-5e3f-b261-b2414ddbc118,82a148cb-274f-552c-97f6-3d8a8229d936,5,Aur Tanha (Tu Hi To Hai),KK,4.5,https://www.youtube.com/watch?v=9evpCxyk1hg,https://music.youtube.com/watch?v=9evpCxyk1hg,https://music.youtube.com/watch?v=xXKvKXyhTWY,https://music.youtube.com/watch?v=_iNzo7BSJu4
61c7a1e4-bef2-518c-8135-4ee9af2e4fb9,82a148cb-274f-552c-97f6-3d8a8229d936,10,Haan Tum Ho (Tum To Rahogi Meri),"Arijit Singh, Shilpa Rao",4.5,https://www.youtube.com/watch?v=GbGx16uzzKQ,https://music.youtube.com/watch?v=xGqjZSw4B80,https://music.youtube.com/watch?v=GbGx16uzzKQ,https://music.youtube.com/watch?v=MfA8q8BxMoI
69b753bc-55ae-5cee-b3d8-c08c861a1b38,66002973-0f7e-5ec1-b9ef-33a32211fe3b,1,Aabaad Barbaad (Ya To Barbaad Kar Do),Arijit Singh,4.75,https://www.youtube.com/watch?v=jh66Pjtqr4k,https://music.youtube.com/watch?v=N0ngg3KnFVs,https://music.youtube.com/watch?v=-ePDTGeB5sw,
844edf78-bce2-58bf-8946-22c9ec5ddc42,66002973-0f7e-5ec1-b9ef-33a32211fe3b,2,Hardum Humdum (Yeh Lee Hai Meri Aankhon Ne Kasam Ae Yaar),Arijit Singh,4.67,https://www.youtube.com/watch?v=8SgbcLtZaVY,https://music.youtube.com/watch?v=V4mhJ7_6fc0,https://music.youtube.com/watch?v=_eR1QszbkWY,https://music.youtube.com/watch?v=0SZTnLCMujk
9fcaac6a-042a-5bb5-bbfd-4b329b8fc696,66002973-0f7e-5ec1-b9ef-33a32211fe3b,3,Meri Tum Ho,"Jubin Nautiyal, Ash King",4.0,https://www.youtube.com/watch?v=7GCQEt1sDFI,https://music.youtube.com/watch?v=_LZx6sDhNoc,https://music.youtube.com/watch?v=W3A-gUmyLf0,https://music.youtube.com/watch?v=ucIBIfFW6DU
00840652-c1bf-5cf4-8d6e-2725a85c0bc5,9733625f-7cf7-5d05-83a8-eb75113df256,3,Re Bawree,"Prarthana Indrajith, Govind Vasantha",4.25,https://www.youtube.com/watch?v=-kDWwpls5-8,https://music.youtube.com/watch?v=-kDWwpls5-8,https://music.youtube.com/watch?v=wQmV2JPx4jU,https://music.youtube.com/watch?v=86Tnuan8zdM
f20ab4f7-4ca4-55ee-9c34-5906a9c9d91b,1618975d-ce93-5301-ab9b-baa8b11f4f4f,1,Nayi Dhoop Hai,Zara Khan,4.0,https://www.youtube.com/watch?v=uGgEnQkXp7U,https://music.youtube.com/watch?v=8ZJpvuziitQ,https://music.youtube.com/watch?v=SrIe5Ap1MzA,https://music.youtube.com/watch?v=uGgEnQkXp7U
a38b7977-479c-5598-b54c-9babbfcbc9ce,1618975d-ce93-5301-ab9b-baa8b11f4f4f,3,Sun Le Araj Tu Badarva (Rom Rom Bheegoon Tore Saath Main),"Parth Parekh ,Madhubanti Bagchi",4.0,https://www.youtube.com/watch?v=S8KztLbwrfM,https://music.youtube.com/watch?v=S8KztLbwrfM,,
43f46f80-afc3-5278-90d1-5761ef2184eb,1618975d-ce93-5301-ab9b-baa8b11f4f4f,5,Nayi Dhoop Hai (Reprise),Zara Khan,4.0,https://www.youtube.com/watch?v=SrIe5Ap1MzA,https://music.youtube.com/watch?v=8ZJpvuziitQ,https://music.youtube.com/watch?v=SrIe5Ap1MzA,https://music.youtube.com/watch?v=uGgEnQkXp7U
fa0a8dc6-b1b8-50bf-9dcd-12813b572843,6ee4fb05-90cb-516b-8be6-b66c1166aca7,7,Ram Sita Sang Dware,Rekha Bhardwaj,4.0,https://www.youtube.com/watch?v=Q-f5xjE8DnU,https://music.youtube.com/watch?v=Q-f5xjE8DnU,https://music.youtube.com/watch?v=7sFI-HP4an0,
1dcf9609-e71e-5e10-811e-66875dc4490d,cb7edaa7-4fa0-5452-8c34-b884bfe99370,1,Lehra Do,Arijit Singh,4.0,https://www.youtube.com/watch?v=nDsIy6kRhms,https://music.youtube.com/watch?v=Vr_oPRx-lDw,https://music.youtube.com/watch?v=2KyGLmsVrOw,https://music.youtube.com/watch?v=NhfV-t5v5qI
ab445d9d-f4dc-5f58-83cf-5fb6b536f086,4bd3c369-a14b-5e03-9465-333e688889cf,1,Sang Rehna (Geeli Pucchi),Ronkini Gupta,4.0,https://www.youtube.com/watch?v=eRbgl2gJQYg,https://music.youtube.com/watch?v=1ugLbMohyo8,https://music.youtube.com/watch?v=eRbgl2gJQYg,
536b1452-7770-54b4-90aa-5a6542fb51ea,1530d1ec-f96d-51a0-a274-e8a410225397,2,Haay Chaka Chak Chaka Chak Hai Tu,Shreya Ghoshal,4.0,https://www.youtube.com/watch?v=ZS4V05gAy9k,https://music.youtube.com/watch?v=ZS4V05gAy9k,https://music.youtube.com/watch?v=cW7Y-yFNPAU,https://music.youtube.com/watch?v=Xzm1mBdZ5v8
7ce1de85-6520-5d06-89e0-6085f332e0b8,1530d1ec-f96d-51a0-a274-e8a410225397,3,Tere Rang Ranga (Murli Ki Yeh Dhun Sun Radhike),"Haricharan Seshadri, Shreya Ghoshal",4.5,https://www.youtube.com/watch?v=f8gdO0JePQ0,https://music.youtube.com/watch?v=QvVXaaNKEUY,https://music.youtube.com/watch?v=YTN9hDGtHxA,https://music.youtube.com/watch?v=BkQ6eB_c11w
d0fecc55-0021-5535-8e59-b9031eb1e028,1530d1ec-f96d-51a0-a274-e8a410225397,5,Tumhein Mohabbat Hai (Teri Aankhon Mein Jhaankne Wala),Arijit Singh,4.5,https://www.youtube.com/watch?v=NegGZIlgfNA,https://music.youtube.com/watch?v=2WTvSzXVZvA,https://music.youtube.com/watch?v=R5xpA6UKRHI,https://music.youtube.com/watch?v=5gA2U06auWw
3ead4c3f-2024-57e6-8f95-1d1a5ab83bb7,1530d1ec-f96d-51a0-a274-e8a410225397,6,Ho Jaise Ret Zara Si,"Arijit Singh, Shashaa Tirupati",4.0,https://www.youtube.com/watch?v=aOliIfyH6vI,https://music.youtube.com/watch?v=KWWFMW-sAUY,https://music.youtube.com/watch?v=G2UbdF-AmCM,
52a20534-8783-589c-a0d7-a69693a2f1cf,1530d1ec-f96d-51a0-a274-e8a410225397,7,Toofan Si Kudi Udi,Rashid Ali,4.0,https://www.youtube.com/watch?v=7HIsbzhmNgk,https://music.youtube.com/watch?v=XpP6YblQzfA,https://music.youtube.com/watch?v=UZpdrICymVk,https://music.youtube.com/watch?v=7HIsbzhmNgk
ec6fbca3-675f-537f-8586-b73c3976f597,1b3347af-3df9-5d20-ad9e-a7ddcaa2b0de,4,Ke Sab Kuchh Ab Lakeeraan,"Asees Kaur, Devender Pal Singh",4.0,https://www.youtube.com/watch?v=lXJJ0wabpdk,https://music.youtube.com/watch?v=lXJJ0wabpdk,,
317b5752-adbc-5dbf-9e1b-ffcd1c53d418,19b1870e-d74f-54a4-a98e-a43df7884e8e,1,Mann Kesar Kesar Mahke,"Shashwat Singh, Anandi Joshi, Goldie Sohel",4.0,https://www.youtube.com/watch?v=yJQqmcHmiDM,https://music.youtube.com/watch?v=OAGZRLVnuTk,https://music.youtube.com/watch?v=yJQqmcHmiDM,
d427834b-581c-5cf7-8c47-994ffc4e4c83,19b1870e-d74f-54a4-a98e-a43df7884e8e,3,Tu Yahin Hai,"Abhay Jodhpurkar, Madhushree, Resmi Sateesh",4.0,https://www.youtube.com/watch?v=bMu6FKjxXbQ,https://music.youtube.com/watch?v=bMu6FKjxXbQ,https://music.youtube.com/watch?v=EcUgR3y5LsE,https://music.youtube.com/watch?v=5Lvvgg2sHVk
8fc0c04b-8fa2-5755-a898-b71250b78302,19b1870e-d74f-54a4-a98e-a43df7884e8e,4,Tittar Bittar Dil Mera,"Romy, Goldie Sohel, Prince Bhatra, Mohana Bhogaraju, Hemambiga, Swati Sharma - I, Chitralekha Sen, Yajat Garg",4.0,https://www.youtube.com/watch?v=2JVhuUlnPGs,https://music.youtube.com/watch?v=94XeJ7P_MNM,,
4c05004b-4559-57fb-9deb-8c3d3ffa5df0,19b1870e-d74f-54a4-a98e-a43df7884e8e,5,Ratti Ratti Reza Reza (Jaana Agar Hai To Ja),"Abhay Jodhpurkar, Shreya Ghoshal",4.0,https://www.youtube.com/watch?v=7xcIdpdINLU,https://music.youtube.com/watch?v=vzsWssC83NI,https://music.youtube.com/watch?v=7xcIdpdINLU,https://music.youtube.com/watch?v=SFB8A-qV_A8
cc84ede6-04ae-5f08-9015-6110cb287132,60b19b06-7d5d-58f2-9610-d58544ddfa0f,1,Param Sundari,Shreya Ghoshal,4.0,https://www.youtube.com/watch?v=nfNc0XJdZWk,https://music.youtube.com/watch?v=nfNc0XJdZWk,https://music.youtube.com/watch?v=nMCYTz7AYt0,
ce090738-685a-57de-9d1d-b6e19825d2a5,60b19b06-7d5d-58f2-9610-d58544ddfa0f,2,Rihaai De,A.R. Rahman,4.0,https://www.youtube.com/watch?v=uDFtgQsOYiw,https://music.youtube.com/watch?v=YQpAJ319Np4,https://music.youtube.com/watch?v=QGBCvpIbEqs,
6382f7b5-1f4a-5235-ae01-9b6e66e7e671,60b19b06-7d5d-58f2-9610-d58544ddfa0f,6,Chhoti Si Chiraiya,Kailash Kher,4.0,https://www.youtube.com/watch?v=5HVZLRCd3SQ,https://music.youtube.com/watch?v=310xH61YrJ8,https://music.youtube.com/watch?v=_AGfcGg2E2g,
0d729eef-094c-5e52-a600-c5e407435bfa,593de3f8-035a-51db-8831-261283d9fe07,1,Dil Udd Ja Re,"Neeti Mohan, Sunny M.R.",4.0,https://www.youtube.com/watch?v=s8HxMirkEvs,https://music.youtube.com/watch?v=IcMsGVdLZWY,https://music.youtube.com/watch?v=xnNbp9dw8Q8,https://music.youtube.com/watch?v=Zb2LDwvcn8Q
847122f4-2161-5130-85e6-ae0e7c8c1eb4,593de3f8-035a-51db-8831-261283d9fe07,2,Thode Kam Ajnabi,"Himani Kapoor, Arijit Singh",4.0,https://www.youtube.com/watch?v=jTuMsX43Ubs,https://music.youtube.com/watch?v=EAecBgSxVlE,https://music.youtube.com/watch?v=8XWq-EB2ovo,https://music.youtube.com/watch?v=QD32ues9Ao4
ec3c19f5-394f-5c5c-bb52-35cfca87f875,593de3f8-035a-51db-8831-261283d9fe07,3,Phire Faqeera,"Raja Kumari, Amrita Singh - I, Arijit Singh",4.0,https://www.youtube.com/watch?v=N--SB72jLFY,https://music.youtube.com/watch?v=1gybwfuzGtM,https://music.youtube.com/watch?v=N--SB72jLFY,https://music.youtube.com/watch?v=_kp5tWsSVIU
2e74a905-486e-5923-b717-7a61bdbe0ffe,593de3f8-035a-51db-8831-261283d9fe07,5,Pagglait,"Amrita Singh - I, Raftaar, Arijit Singh",4.0,https://www.youtube.com/watch?v=MLtOcPbjCF0,https://music.youtube.com/watch?v=MLtOcPbjCF0,https://music.youtube.com/watch?v=56vcEca6e98,https://music.youtube.com/watch?v=iNCULQ1DNhk
f481ec87-1b82-5b9a-89a2-5b400ca98d84,593de3f8-035a-51db-8831-261283d9fe07,6,Lamha,Antara Mitra,4.5,https://www.youtube.com/watch?v=VXRyfaBluXk,https://music.youtube.com/watch?v=ifVpr-LTqfQ,https://music.youtube.com/watch?v=SE7Ghxg5CmM,https://music.youtube.com/watch?v=VXRyfaBluXk
0c4ea81e-4f2a-57a0-94b1-159efa940624,593de3f8-035a-51db-8831-261283d9fe07,8,Dil Udd Ja Re (Revisited),"Meghna Mishra, Arijit Singh",4.0,https://www.youtube.com/watch?v=_AgIUto0UuY,https://music.youtube.com/watch?v=xnNbp9dw8Q8,https://music.youtube.com/watch?v=6D7MfdNoysc,https://music.youtube.com/watch?v=dv-_qPHSCx0
b173bd71-426a-5722-a69c-b7114509fc73,8548d52c-1774-5694-aeb9-a6a9b01f4452,2,Srivalli,Javed Ali,4.0,https://www.youtube.com/watch?v=hcMzwMrr1tE,https://music.youtube.com/watch?v=vfv4cATEMmo,https://music.youtube.com/watch?v=ixFITgu1fKw,https://music.youtube.com/watch?v=YY80NjDZ3Yk
6b831f4a-2331-5331-9149-fd097cfbf415,988606ca-b4cd-564a-a3ae-f6786e20f882,5,Main Parinda Kyun Banoon,Amaal Mallik,4.0,https://www.youtube.com/watch?v=1JPlmLKsrB4,https://music.youtube.com/watch?v=LeZE52gkRIw,https://music.youtube.com/watch?v=d3gVrz5tohI,https://music.youtube.com/watch?v=1JPlmLKsrB4
4e2aae1d-a2ec-59d8-b084-ad3760fa0f80,57cd736f-354e-5a1f-a3e1-401ad37e48b6,1,Raataan Lambiyan,"Jubin Nautiyal, Asees Kaur",4.0,https://www.youtube.com/watch?v=GLGuLXKT9Ng,https://music.youtube.com/watch?v=Dm6YRJHy64c,https://music.youtube.com/watch?v=S2BOXJG71FY,https://music.youtube.com/watch?v=OTk2YXBGTPE
ec493e18-0f87-527c-99ab-0ec9475e0752,57cd736f-354e-5a1f-a3e1-401ad37e48b6,2,Ranjha,"B Praak, Jasleen Royal, Romy",4.0,https://www.youtube.com/watch?v=V7LwfY5U5WI,https://music.youtube.com/watch?v=amWKXh9_EQE,https://music.youtube.com/watch?v=rk4gOhyKNAg,https://music.youtube.com/watch?v=7LSOgn6APzE
e08065d6-838b-54ab-8a51-df2322f3e431,6eddd1bc-4753-59ef-86c2-9e847b8c47a4,2,Laayegi Tu Khushi Yeh Kaha Tha Ab Nibha Le Zindagi Tera Vaada,Sonu Nigam,4.0,https://www.youtube.com/watch?v=N0ChCckkReA,https://music.youtube.com/watch?v=zCxmyMxaVJI,,
0769bfdd-77f5-5d8f-a7a0-6ad76b65c8eb,6eddd1bc-4753-59ef-86c2-9e847b8c47a4,3,Laayegi Tu Khushi Yeh Kaha Tha Ab Nibha Le Zindagi Tera Vaada (Unplugged),Rekha Bhardwaj,4.0,https://www.youtube.com/watch?v=sCklpAeQk74,https://music.youtube.com/watch?v=sCklpAeQk74,https://music.youtube.com/watch?v=bN32PlyDGwA,
4bf59c3b-439a-598b-a366-378ca9eede87,e3859498-92f4-500f-aef2-591bc5b2ad59,1,Gulmohar Si Hansi Khile Teri,Shahid Mallya,4.0,https://www.youtube.com/watch?v=pzArgviB4Gg,https://music.youtube.com/watch?v=pzArgviB4Gg,https://music.youtube.com/watch?v=xyg33p2Msgo,https://music.youtube.com/watch?v=X88BifsBr-Y
44d177a7-3e00-5b28-ad17-9b4a53e6ef86,dbabde13-1c2b-5be6-b84b-3ce000e22310,4,Heer Raanjhana (Hai Matlab Teri Yaari Se),"Arijit Singh, Shreya Ghoshal, Amaal Mallik",4.0,https://www.youtube.com/watch?v=QkPxhZO-0hc,https://music.youtube.com/watch?v=1Daf3HwOHus,https://music.youtube.com/watch?v=fBGWvD1GIHc,https://music.youtube.com/watch?v=QkPxhZO-0hc
e95b6979-6d53-5031-b564-8673a8ee40cb,f8636b84-0619-58ca-8adc-fffb11421ebc,2,Mann Atak Gaya Hai (Arijit Version),"Arijit Singh, Rupali Moghe",4.0,https://www.youtube.com/watch?v=XnKbfRvEsRY,https://music.youtube.com/watch?v=icbbdHwBJQQ,https://music.youtube.com/watch?v=t0AsCFArwOI,https://music.youtube.com/watch?v=Y4fxth9cAOU
8b9ad213-3d37-568c-833b-b61d6b201721,f8636b84-0619-58ca-8adc-fffb11421ebc,3,Mann Atak Gaya Hai (Acoustic),Amit Trivedi,4.0,https://www.youtube.com/watch?v=Wuyyk45NYlg,https://music.youtube.com/watch?v=icbbdHwBJQQ,https://music.youtube.com/watch?v=t0AsCFArwOI,https://music.youtube.com/watch?v=Y4fxth9cAOU
62f66eeb-fcde-553d-9612-a429d8c6a0ed,f8636b84-0619-58ca-8adc-fffb11421ebc,5,Hum The Seedhe Saadhe Magar (Shashaa Tirupati),Shashaa Tirupati,4.0,https://www.youtube.com/watch?v=blDC4SR_F5M,https://music.youtube.com/watch?v=jMxr7EqRo18,https://music.youtube.com/watch?v=blDC4SR_F5M,https://music.youtube.com/watch?v=zNL6cpCxcrs
5ee00b08-8644-5eed-a84c-f0b96ece8344,f8636b84-0619-58ca-8adc-fffb11421ebc,7,Dil Pe Kar Gayi Chot Bandi Tot,"Ankit Tiwari, Nikhita Gandhi",4.0,https://www.youtube.com/watch?v=wfRvHNYSxko,https://music.youtube.com/watch?v=XJZiRY9Qe-I,https://music.youtube.com/watch?v=R7gHNpc_u-g,https://music.youtube.com/watch?v=wfRvHNYSxko
a2adac40-2014-5e66-b92f-788ee390f359,f8636b84-0619-58ca-8adc-fffb11421ebc,8,Hum Rang Hain,"Shashaa Tirupati, Nakash Aziz, Amit Trivedi",4.0,https://www.youtube.com/watch?v=fZBI2EXXxaQ,https://music.youtube.com/watch?v=fZBI2EXXxaQ,https://music.youtube.com/watch?v=4lbeU0vijnI,https://music.youtube.com/watch?v=VhgsYSunFq0
34012b3f-ea6f-59f3-a970-bf50115bc40c,a8316eb4-cf2a-5a6a-8368-7f2592e23897,2,Apna Bana Le Piya (Tu Mera Koi Naa Hoke Bhi),Arijit Singh,4.33,https://www.youtube.com/watch?v=ElZfdU54Cp8,https://music.youtube.com/watch?v=YALvuUpY_b0,https://music.youtube.com/watch?v=NR55xGziJn0,https://music.youtube.com/watch?v=dQ2NjBR4DKI
5a27a7c8-0439-5bd9-a2a7-e403504f685e,29cdaaa0-1332-5ab1-a840-1398fae4781f,4,Mere Dholna (Arijit Version),Arijit Singh,4.0,https://www.youtube.com/watch?v=AMug1zbJC4E,https://music.youtube.com/watch?v=AMug1zbJC4E,https://music.youtube.com/watch?v=jmpp4liKD-8,https://music.youtube.com/watch?v=eeONGoA6r3E
a7f65c97-430e-5e4f-af92-da0293f91b98,e67ca5e2-fb50-55b3-a752-23cc33448522,1,Kesariya Tera Ishq Hai Piya,Arijit Singh,4.2,https://www.youtube.com/watch?v=BddP6PYo2gs,https://music.youtube.com/watch?v=NJAv_7lHUIU,https://music.youtube.com/watch?v=6mr4cYJ7yew,
31b9d102-a945-5bc9-9682-4e5a4e34b3d2,e67ca5e2-fb50-55b3-a752-23cc33448522,2,Om Deva Deva,"Arijit Singh, Jonita Gandhi",4.0,https://www.youtube.com/watch?v=L3BGGVJiPS0,https://music.youtube.com/watch?v=WjAPDofGg28,https://music.youtube.com/watch?v=zYnpURpOZvw,https://music.youtube.com/watch?v=dzDWx4hPL2I
5647c7bd-17dd-54fd-acaf-32eb211274ab,e67ca5e2-fb50-55b3-a752-23cc33448522,3,Mainu Chadeya Dance Ka Bhoot Chadeya,Arijit Singh,4.0,https://www.youtube.com/watch?v=o7W9dlz86_Q,https://music.youtube.com/watch?v=xfMN4SpIxIA,https://music.youtube.com/watch?v=TZR-rHceNwc,
01896f55-29f2-5c5f-9cf8-a16bdc6b44b6,e67ca5e2-fb50-55b3-a752-23cc33448522,7,Om Deva Deva (Film Version),"Arijit Singh, Jonita Gandhi",4.0,https://www.youtube.com/watch?v=mNuhKUOD_A0,https://music.youtube.com/watch?v=WjAPDofGg28,https://music.youtube.com/watch?v=zYnpURpOZvw,https://music.youtube.com/watch?v=dzDWx4hPL2I
cb866c02-80e2-5d5e-b679-0031b6c73fc4,e67ca5e2-fb50-55b3-a752-23cc33448522,8,Rasiya (Reprise),Arijit Singh,4.0,https://www.youtube.com/watch?v=aDOs442shYU,https://music.youtube.com/watch?v=aDOs442shYU,https://music.youtube.com/watch?v=JBMAo_RW8RE,https://music.youtube.com/watch?v=yvJUED4ulPU
d97bf62c-3fe5-5c4f-8b63-64af823c653a,1705ea1f-2156-53af-9d2e-3b7136e2fbb7,4,Mera Yaar Ve,Arijit Singh,4.0,https://www.youtube.com/watch?v=LVtKTjRT5iw,https://music.youtube.com/watch?v=sZESaeh_Uk4,https://music.youtube.com/watch?v=2DUinFu7PxI,
7a009687-44bd-5163-bd6d-f2e078846faa,04cf2ebf-7bc6-5778-9a87-df8fe0af6f9f,1,Dil Hamara La Ilaaj Hai,Arijit Singh,4.0,https://www.youtube.com/watch?v=X7cWyX-N_vw,https://music.youtube.com/watch?v=FIjbS3u1Mro,,
d4826d2e-f57c-5666-bd4a-85fbc876b5b9,1f436a30-dbd5-5245-9be5-2ee6d97fe8ec,4,Khwabon Ki Woh Pari,Neeti Mohan,4.0,https://www.youtube.com/watch?v=AXrSSSLl9P0,https://music.youtube.com/watch?v=AXrSSSLl9P0,https://music.youtube.com/watch?v=IlU-OhArIsY,
910321a9-e0eb-52cd-aac5-fbfcec311279,1f436a30-dbd5-5245-9be5-2ee6d97fe8ec,5,Khwabon Ki Woh Pari (Reprise),Gaurav Chatterji,4.0,https://www.youtube.com/watch?v=yKl8v8lrX6E,https://music.youtube.com/watch?v=h6QJzghemTk,https://music.youtube.com/watch?v=AXrSSSLl9P0,
377784f2-50d6-580f-aefa-9a82878e8353,35be02d7-af85-5f06-9e84-6315bc90dedc,2,Ki Jaana Main,"Kavita Seth, Kanishk Seth",4.0,https://www.youtube.com/watch?v=elo1K9-fK3c,https://music.youtube.com/watch?v=hyeiTT23HVQ,https://music.youtube.com/watch?v=QONUF7pnNYI,https://music.youtube.com/watch?v=XCWbIsqxxRg
998c97e2-c04e-5487-9ebe-4b8404e0e78d,35be02d7-af85-5f06-9e84-6315bc90dedc,3,Tumse Mila Doon Tumko Main,Javed Ali,4.0,https://www.youtube.com/watch?v=etf9x6mSE3o,https://music.youtube.com/watch?v=auia16H8G-Q,https://music.youtube.com/watch?v=z4FvI_QGtz4,https://music.youtube.com/watch?v=etf9x6mSE3o
4f954250-c89a-5234-bdbf-e4551fc3817e,35be02d7-af85-5f06-9e84-6315bc90dedc,4,Rangeelo Manva Deep Hawaon Mein Jalaave,"Rekha Bhardwaj, Pratibha Singh Baghel, Shahid Mallya",4.0,https://www.youtube.com/watch?v=SikTNFqnRlM,https://music.youtube.com/watch?v=SikTNFqnRlM,https://music.youtube.com/watch?v=IuB_iG4jAjg,
81fd077e-89f9-52ac-a2e6-c4c78ef5d2ca,3556cd32-e700-56d3-807c-8819568296d9,1,Haan Doobey,Lothika,4.0,https://www.youtube.com/watch?v=_Aketl4J03Y,https://music.youtube.com/watch?v=6eGCi4SVy94,https://music.youtube.com/watch?v=724BgFjKM08,https://music.youtube.com/watch?v=lywdLa1qRcY
32990e7d-6968-5834-9586-a8778ade3f89,6d0d6a34-762c-5210-8477-bea4d7217935,7,Yahan Har Pal Pal Pal Beautiful,Amit Trivedi,4.0,https://www.youtube.com/watch?v=UFk3m6sYEqQ,https://music.youtube.com/watch?v=kCTpFHeadXE,https://music.youtube.com/watch?v=UFk3m6sYEqQ,https://music.youtube.com/watch?v=0m6ywpDUAgk
bd8cb292-2277-5472-99d8-e6759180e914,d6455567-4201-50de-9250-04f995aee1fe,4,Ban Ja Sabka Rehnuma,"A.R. Rahman, Swagat Rathod, Faiz Mustafa",4.0,https://www.youtube.com/watch?v=aShXYv90J9o,https://music.youtube.com/watch?v=aShXYv90J9o,https://music.youtube.com/watch?v=0Mb6VJUCLg0,
2cca7d1a-6d4e-5f5d-a2f2-14fad82f8396,6bb8a1a9-25ba-5cd8-b4b1-7b95d038665e,1,Jaadugari Phir Ishq Ne Ki,Karthik,4.0,https://www.youtube.com/watch?v=2V69tiQ2Dc4,https://music.youtube.com/watch?v=62HUmVtXeYk,,
9f272ac7-decb-596e-a63a-6d7482c2557a,6bb8a1a9-25ba-5cd8-b4b1-7b95d038665e,3,Kya Khela Re Shaabaash (Anthem),Vivek Hariharan,4.0,https://www.youtube.com/watch?v=h4NoWXBSrQY,https://music.youtube.com/watch?v=h4NoWXBSrQY,https://music.youtube.com/watch?v=nm-09M_ulIU,
b7829d4a-2830-56b6-95e8-b69fa66e7aff,6bb8a1a9-25ba-5cd8-b4b1-7b95d038665e,5,Jaadugari Phir Ishq Ne Ki,Tushar Joshi,4.0,https://www.youtube.com/watch?v=gN2fLYU65vw,https://music.youtube.com/watch?v=gN2fLYU65vw,,
2f571497-239a-5334-98f0-6e2d285092e5,6bb8a1a9-25ba-5cd8-b4b1-7b95d038665e,7,Jaadugari Phir Ishq Ne Ki,Nilotpal Bora,4.0,https://www.youtube.com/watch?v=c6-60vdNd00,https://music.youtube.com/watch?v=c6-60vdNd00,https://music.youtube.com/watch?v=gN2fLYU65vw,https://music.youtube.com/watch?v=62HUmVtXeYk
5789e199-3eec-55e9-9483-b667e0bf80a8,01777b1c-e2af-5b55-be51-d3ae95d4b8e5,1,Thehar Ik Pahar Saans Le Zindagi (Female),Shilpa Rao,4.0,https://www.youtube.com/watch?v=vEbmpu7U5ns,https://music.youtube.com/watch?v=vEbmpu7U5ns,https://music.youtube.com/watch?v=QmQQhrmedro,https://music.youtube.com/watch?v=4KxpkM5UmeE
88192bc6-1617-5eff-bd3a-e3facf761825,e936803f-67e0-5e9a-9b3b-a0dd0338f075,3,Yeh Jo Sang Ho Rahin Hain Tafriyan,"Neha Bhasin, Devender Pal Singh",4.0,https://www.youtube.com/watch?v=ja5mA82IOqE,https://music.youtube.com/watch?v=ja5mA82IOqE,,
18cc7888-51a3-5314-99f1-f6f15a673ea6,76888bc6-9d6b-5b84-89c8-be7db1d5231f,3,Rangi Saari Gulabi Chunariya Re,"Kanishk Seth, Kavita Seth",4.0,https://www.youtube.com/watch?v=bSAlE_WgHxY,https://music.youtube.com/watch?v=Ev3w94r5O1U,https://music.youtube.com/watch?v=jY8mAWdQFOA,
8e05bdd8-a62c-5611-879d-7e296d8d19ca,79f1e72c-8f78-5b57-a504-4521a29e3362,4,Varaha Roopam Daiva Va Rishtam,Sai Vignesh,4.5,https://www.youtube.com/watch?v=gH_RYRwVrVM,https://music.youtube.com/watch?v=gH_RYRwVrVM,https://music.youtube.com/watch?v=YgmhfZrZeqg,https://music.youtube.com/watch?v=egkU-6Jvj68
c9d3751f-b881-5a67-a680-176dadce0495,3ffc9290-65a0-573b-aa96-59356e5e9fe6,1,Khamakha Khamakha Gham Na Kar Khamakha,"Vivek Hariharan, Anurag Saikia",4.0,https://www.youtube.com/watch?v=E2dFS1duR0k,https://music.youtube.com/watch?v=nxf0yNzz9Vg,https://music.youtube.com/watch?v=lG0GuYghdX0,https://music.youtube.com/watch?v=M7n_-VxadDc
eea5850f-1e8e-5a67-a33c-75f8dac66a5c,6640a9bd-675e-52dd-94c4-ef110fc03012,1,Par Yeh Dil Ka Mamla Hai Kya Karein,"Ananya Birla, Ankur Tewari",4.5,https://www.youtube.com/watch?v=ZNo82CX48cI,https://music.youtube.com/watch?v=ZNo82CX48cI,https://music.youtube.com/watch?v=TYxCHnJnk0I,
b1b69fbb-c260-51d5-8368-fab17052f5c2,d8600be9-71bb-5b41-9b2b-444ae921fa4b,1,Kahani,Mohan Kannan,4.0,https://www.youtube.com/watch?v=icaiYMmpG94,https://music.youtube.com/watch?v=ZzVyBV9cAXY,https://music.youtube.com/watch?v=ivvwetoZ0bw,
769a029a-dad0-5e19-ba54-9aeb295f6b6e,d8600be9-71bb-5b41-9b2b-444ae921fa4b,2,Main Ki Karaan,"Sonu Nigam, Romy",4.0,https://www.youtube.com/watch?v=uUlQDs2v2ZA,https://music.youtube.com/watch?v=3sgPyoahwbU,https://music.youtube.com/watch?v=TiGgOmRBap4,https://music.youtube.com/watch?v=BcaRmc8hrQc
b2c4b3ed-eaaf-5465-a4af-43d6287dc72f,d8600be9-71bb-5b41-9b2b-444ae921fa4b,5,Kahani,Sonu Nigam,4.0,https://www.youtube.com/watch?v=9AtBylP2W4c,https://music.youtube.com/watch?v=VbJY9sf6lMY,https://music.youtube.com/watch?v=B554oIZGfYQ,https://music.youtube.com/watch?v=jvGn7WUBJmA
af5b52d0-3246-5c5a-8cd1-bd3e8769038e,d8600be9-71bb-5b41-9b2b-444ae921fa4b,6,Tere Hawaale,"Arijit Singh, Shilpa Rao",4.33,https://www.youtube.com/watch?v=KUpwupYj_tY,https://music.youtube.com/watch?v=Z0VbANbyH2o,,
3a9f83a4-164d-5256-ba9d-fb087cdc9b5d,27d20b84-de8b-5beb-b5c6-2db7415f03f2,5,Beqaraar Yeh Mera Dil Hai (Female Version),Ronkini Gupta,4.0,https://www.youtube.com/watch?v=7qpVj9Ubx-Y,https://music.youtube.com/watch?v=GytLPA6oifE,https://music.youtube.com/watch?v=FE3JrkPMe38,
f131a9b1-22aa-51d8-a61d-779cce4b1fd2,275f6def-d7e0-5e55-94aa-effdbcac7cc4,4,Buniyaad 2.0 (Keh Do Ke),Rajan Batra,4.0,https://www.youtube.com/watch?v=etdu8clMg4U,https://music.youtube.com/watch?v=A_dfcNg2MOg,https://music.youtube.com/watch?v=6mlUKlbp98k,https://music.youtube.com/watch?v=M1jL4td5lEA
ced09d54-c2b2-5316-94c4-d0dde58df602,ae1f95c9-5eb3-5c34-b2ac-5def17af389d,1,Tum Bhi Raahi Hum Bhi Raahi (Male),"A.R. Rahman, Shashaa Tirupati",4.0,https://www.youtube.com/watch?v=kyJ1Hs-cyJg,https://music.youtube.com/watch?v=kvpjQysD7Nc,https://music.youtube.com/watch?v=ERAokRCYyCI,https://music.youtube.com/watch?v=kyJ1Hs-cyJg
5be76a5f-dd31-508e-bfa3-2a080f3822dd,ae1f95c9-5eb3-5c34-b2ac-5def17af389d,3,Main Toh Main Hoon,Abhilasha Sinha,4.0,https://www.youtube.com/watch?v=gXEbQ0cZr2U,https://music.youtube.com/watch?v=lokmnRA8BW0,https://music.youtube.com/watch?v=Hn0_KijqZ9A,https://music.youtube.com/watch?v=8YnnlBCJ4ts
4d51086b-8109-5c10-b9e1-e289ee44c546,4ce2121d-b0e0-58be-9405-ec330b8dae8d,5,Kitna Sukoon Hai Is Raat Mein Yahan,Armaan Malik,4.0,https://www.youtube.com/watch?v=71wfYxLrbQE,https://music.youtube.com/watch?v=71wfYxLrbQE,https://music.youtube.com/watch?v=ojRXwV8l4HY,https://music.youtube.com/watch?v=A9KFqWYt52c
30c28145-436c-5a25-8964-fcf45ff12678,2e9473b6-607d-5d24-8839-8ab73298115a,1,Kaveri Se Milne,"A.R. Rahman, Swagat Rathod, Pooja Tiwari",4.0,https://www.youtube.com/watch?v=ij1sNMRV6W8,https://music.youtube.com/watch?v=ncpDXkLlnDo,https://music.youtube.com/watch?v=Vp_T7ZBkccI,
c82a1dcd-80ce-5522-803a-fa54e7033d64,2e9473b6-607d-5d24-8839-8ab73298115a,4,Doobi Doobi Hui Si,Antara Nandy,4.0,https://www.youtube.com/watch?v=5r_PUctsPGs,https://music.youtube.com/watch?v=LpYnuXh45MU,https://music.youtube.com/watch?v=eJRfmoGp1dA,https://music.youtube.com/watch?v=RVe-xgxnCC4
a6d87569-2a90-52f2-9528-bc38ba92076c,30c2fb71-267b-5604-b0ae-d5f4174e1097,1,Besharam Rang Kahan Dekha Duniyawalon Ne,"Shilpa Rao, Caralisa Monteiro, Vishal Dadlani, Sheykhar Ravjiani",4.0,https://www.youtube.com/watch?v=huxhqphtDrM,https://music.youtube.com/watch?v=huxhqphtDrM,https://music.youtube.com/watch?v=Uo_OSlQZlgY,
78aeaa89-812e-5d1d-b318-01c3e3e12eb7,4ac3e825-d06a-57be-a763-af8b66ccf8ce,1,Ghodey Pe Sawaar (Jaane Balma Ghode Pe Kyun Sawaar Hai),Sireesha Bhagavatula,4.5,https://www.youtube.com/watch?v=q05AbgNey6w,https://music.youtube.com/watch?v=PrGylftXLnw,https://music.youtube.com/watch?v=cY4FmcWT0Rc,https://music.youtube.com/watch?v=OC9gl-UEYVo
5d78e497-f5a2-51a5-8bff-42601d56e141,4ac3e825-d06a-57be-a763-af8b66ccf8ce,4,Bikharne Ka Mujhko Shauq Hai Bada,"Swanand Kirkire, Shahid Mallya, Sireesha Bhagavatula",4.5,https://www.youtube.com/watch?v=cJZKEklZhdM,https://music.youtube.com/watch?v=cJZKEklZhdM,https://music.youtube.com/watch?v=vnt65_GElMU,https://music.youtube.com/watch?v=5IfBWvb7x0M
b69618fb-33d5-5091-9f33-c7f936aced41,330e65ca-1bb5-52ed-a146-d988e38e9493,2,Naacho Naacho,"Vishal Mishra, Rahul Sipligunj",4.0,https://www.youtube.com/watch?v=sAzlWScHTc4,https://music.youtube.com/watch?v=sAzlWScHTc4,https://music.youtube.com/watch?v=-eoMTGNtjoQ,https://music.youtube.com/watch?v=zZqUTNOmjd8
2dac5369-1443-571a-bdb9-ee61eae8cdf8,330e65ca-1bb5-52ed-a146-d988e38e9493,5,Raamam Raaghavam,"Vijay Prakash, Chandana Bala Kalyan, Charu Hariharan",4.0,https://www.youtube.com/watch?v=Cn-o7RzUPpU,https://music.youtube.com/watch?v=RHimYV6AWMI,https://music.youtube.com/watch?v=mgK-IBYGk5o,https://music.youtube.com/watch?v=yQCq4eDxikc
f1fc3abe-15cf-511e-bc28-f843e40bb26e,330e65ca-1bb5-52ed-a146-d988e38e9493,6,Sholay,"Vishal Mishra, Benny Dayal, Sahithi Chaganti, Harika Narayan",4.0,https://www.youtube.com/watch?v=2cyzCReoNgU,https://music.youtube.com/watch?v=r1Q5c61vhag,https://music.youtube.com/watch?v=_7UNsk-XnwU,https://music.youtube.com/watch?v=2cyzCReoNgU
b45d4310-dfa7-5eef-9b52-f49ce045a597,330e65ca-1bb5-52ed-a146-d988e38e9493,7,Ambar Se Toda,Raag Patel,4.0,https://www.youtube.com/watch?v=3tI2MH2Ozv4,https://music.youtube.com/watch?v=3tI2MH2Ozv4,https://music.youtube.com/watch?v=Rm5VI32UmDg,https://music.youtube.com/watch?v=f2hhKyNEqDA
adf709a6-3ccd-5000-8dd7-e09b9e63c4e0,c27b5170-7dee-5b0e-a3a6-a705ca2ef3a4,4,Hawaon Mein Yeh Likha Hai,"Neha Tawde, Abhijeet Srivastava",4.0,https://www.youtube.com/watch?v=i9bisxOBkFo,https://music.youtube.com/watch?v=i9bisxOBkFo,,
7c373db7-2fa3-5758-8d86-73c836e5b7ba,03e46ac4-5294-51bb-b356-020cb6a4c522,4,Udd Gayi Re Muniya,Neeraj Arya,4.0,https://www.youtube.com/watch?v=kSgTKMgPpqk,https://music.youtube.com/watch?v=kSgTKMgPpqk,https://music.youtube.com/watch?v=LDkHkO7nLDg,https://music.youtube.com/watch?v=hf-SK0174is
9c036f19-43f2-51f8-a874-1b7e0ce55d1c,1d08f5d5-e114-5da3-a124-39a2b86de16e,1,Dhoop Paani Bahne De,"KK, Rituraj",4.0,https://www.youtube.com/watch?v=f0JfvWsY7k0,https://music.youtube.com/watch?v=f0JfvWsY7k0,https://music.youtube.com/watch?v=PrYKXGE3lmk,https://music.youtube.com/watch?v=zG6qh-u7-Sw
024d31eb-8b34-5a46-ae2d-f1e7f538053b,1d08f5d5-e114-5da3-a124-39a2b86de16e,2,Moko Kahan Dhoondhe Re Bande,Soumya Murshidabadi,4.0,https://www.youtube.com/watch?v=YyAueLvB1sw,https://music.youtube.com/watch?v=FLFHYNrYHh0,https://music.youtube.com/watch?v=GyQWU9R0pF4,
4b8a8363-a975-5682-b0ac-dd7144ab65cd,1d08f5d5-e114-5da3-a124-39a2b86de16e,6,Sab Chala Chali Ka Khela Do Din Jag Ka Mela,Neeraj Arya,4.0,https://www.youtube.com/watch?v=vQc5yOcA7UI,https://music.youtube.com/watch?v=vQc5yOcA7UI,https://music.youtube.com/watch?v=saCe7ri6dh4,
c21d235a-2d57-5bf4-8ed1-313366daebd7,1d08f5d5-e114-5da3-a124-39a2b86de16e,7,Bandho Bandho,Swanand Kirkire,4.0,https://www.youtube.com/watch?v=suSJpdhkG20,https://music.youtube.com/watch?v=M4lOWnToCYY,https://music.youtube.com/watch?v=QZmWWEUMZlU,https://music.youtube.com/watch?v=aIyYHVADEXo
49cb138d-617a-536a-826f-0710908acb1b,1ca1fd73-7743-5c85-ad4a-c9f45ef02e5e,3,Kyun Dekhoon Parchhaiyaan,"Amit Mishra, Jonita Gandhi",4.0,https://www.youtube.com/watch?v=LW8lvH_2aDc,https://music.youtube.com/watch?v=MiVcIGoP3GU,,
31c8ab6a-4dc0-5c77-a865-e9c578dfae29,2f943552-32cc-577f-ba24-955064d5c3fc,1,Bolo Na,"Shaan, Shreya Ghoshal",4.0,https://www.youtube.com/watch?v=zD6PyaGjqtE,https://music.youtube.com/watch?v=dFaKxBz1reQ,https://music.youtube.com/watch?v=dQAKkzjkQO8,
90c5a049-4fa1-5bfa-b5e6-5b55ebd9c3f8,dcb814d8-ea16-5abd-a175-965d3527f04a,1,Jai Shri Ram,Various artists,4.0,https://www.youtube.com/watch?v=VJ-o8y8JqCQ,https://music.youtube.com/watch?v=mBXi3fYbgx4,https://music.youtube.com/watch?v=d4B6sd7FnxU,https://music.youtube.com/watch?v=LQQ3U1s6HTo
637603ec-1947-526f-b88e-56783aa9200a,dcb814d8-ea16-5abd-a175-965d3527f04a,3,Tu Hai Sheetal Dhaara,"Sonu Nigam, Shreya Ghoshal",4.0,https://www.youtube.com/watch?v=MYUnwR5Ait0,https://music.youtube.com/watch?v=F6BKZYJ5Ozg,https://music.youtube.com/watch?v=OwrOev51qn4,
8c788d0a-8aef-56ac-86a7-7bec21a28591,97e06ca7-ee62-5241-aa39-e60a442b0a6d,2,Hua Main,Raghav Chaitanya,4.0,https://www.youtube.com/watch?v=ttvclMhcHkU,https://music.youtube.com/watch?v=pdNVSrwr8Vk,https://music.youtube.com/watch?v=c8Pi4wof5hQ,https://music.youtube.com/watch?v=v89JVKDNQ_I
59a5c0e2-22af-50bc-b3b5-90d16a94e912,97e06ca7-ee62-5241-aa39-e60a442b0a6d,3,Badrang Mein Satranga Hai Yeh Ishq Re,Arijit Singh,4.0,https://www.youtube.com/watch?v=HrnrqYxYrbk,https://music.youtube.com/watch?v=YCwP7X42wfw,https://music.youtube.com/watch?v=xmlK9R3RMds,
9c85df1a-aef7-5087-babd-26a09e21598f,97e06ca7-ee62-5241-aa39-e60a442b0a6d,5,Pehle Bhi Main Tumse Mila Hoon,Vishal Mishra,4.0,https://www.youtube.com/watch?v=iAIBF2ngbWY,https://music.youtube.com/watch?v=9cHq63r1vHQ,https://music.youtube.com/watch?v=RBgwg-I0TFE,https://music.youtube.com/watch?v=wqVGA-XDe1I
5fce6fb0-2ba9-5d03-8f4d-e4205dd2f652,bc5635d1-d4ae-544f-aa54-0a9689e02b99,1,Aaja Re Aa Barkha Re,"Sunidhi Chauhan, Arijit Singh",4.0,https://www.youtube.com/watch?v=teaCcCeFz64,https://music.youtube.com/watch?v=udkYmOO7x5c,https://music.youtube.com/watch?v=9iLvnaQ5UQ8,https://music.youtube.com/watch?v=3KoGPW6dfg4
7ecf7549-28b6-5b71-b801-e027282f0aeb,ed220ec3-38e5-5240-994c-63bfe6165ed2,1,Kal Raat Aaya Mere Ghar Ek Chor,Justh,4.0,https://www.youtube.com/watch?v=Gg48H-lrZHo,https://music.youtube.com/watch?v=Gg48H-lrZHo,https://music.youtube.com/watch?v=fZZFKVbQpoE,https://music.youtube.com/watch?v=k33K_ksxeco
1e8aae6d-6441-5a00-8447-1f3f154e0ec2,a8db09a9-0b18-5fe5-b6fb-874582c8be8f,1,Jaaniye,"Vishal Mishra, Rashmeet Kaur",4.0,https://www.youtube.com/watch?v=H1YR5rsScC8,https://music.youtube.com/watch?v=BJM-Gs0taqA,https://music.youtube.com/watch?v=AdZBbLxPnPY,
2ca315d6-02f6-5014-b6a1-41a79d7bb148,1d51e1a9-96e9-5749-9f65-900aecc876e6,5,Safar Pe Chale,"Amit Trivedi, Anurag Saikia, Abhishek Nailwal",4.0,https://www.youtube.com/watch?v=FSjx5FDnYjo,https://music.youtube.com/watch?v=2nT2CryiXco,https://music.youtube.com/watch?v=FSjx5FDnYjo,https://music.youtube.com/watch?v=Ydo62qU668k
ba18cfc8-fed7-58bb-9bcd-3dacb4945bb0,1d51e1a9-96e9-5749-9f65-900aecc876e6,6,Woh Taara Keench Loon,"Shannon Donald, Shashaa Tirupati",4.0,https://www.youtube.com/watch?v=nZtpazBZzyA,https://music.youtube.com/watch?v=nZtpazBZzyA,,
cc7e8bf7-01c9-5577-b38f-234a105cb63b,a7764549-fc21-5e9e-8371-52684a1adc51,1,Tum Aur Main Dono (Title Track),Armaan Malik,4.0,https://www.youtube.com/watch?v=CWT2N4yGSgU,https://music.youtube.com/watch?v=rQUnDtwjbFc,,
0a91c76f-40e9-559d-830c-8679fd611fce,a7764549-fc21-5e9e-8371-52684a1adc51,4,Raangla Hai Yeh Safar Raangla,"Pratibha Singh Baghel, Shankar Mahadevan",4.0,https://www.youtube.com/watch?v=XHN_QZiYJ9w,https://music.youtube.com/watch?v=XHN_QZiYJ9w,https://music.youtube.com/watch?v=CTgpXMf7oC8,
2b5227dc-a751-5c11-94cf-cd31ea961cd2,a7764549-fc21-5e9e-8371-52684a1adc51,6,Khatti Mitthiyan,Himani Kapoor,4.0,https://www.youtube.com/watch?v=owiOVXFlHlg,https://music.youtube.com/watch?v=owiOVXFlHlg,https://music.youtube.com/watch?v=zeAbOiTRY74,
7ce7cd48-a297-53aa-ad64-879052ebcfde,eeb8345d-c5f8-5fa6-9981-29c2e2a890b7,3,O Maahi,Arijit Singh,4.0,https://www.youtube.com/watch?v=Zlqf9cuaOBw,https://music.youtube.com/watch?v=PesrFCmjdNI,https://music.youtube.com/watch?v=RP_r16F9oE8,https://music.youtube.com/watch?v=xzAQU0qSRHM
0515fa11-aa3f-5aea-93fd-86b7f5bf78fc,fa1fa07c-d973-5f4f-8dd4-4d6bf4fcb7d7,1,Vaishnav Jan To,Shreya Ghoshal,4.0,https://www.youtube.com/watch?v=ikcthEIdz_c,https://music.youtube.com/watch?v=ikcthEIdz_c,https://music.youtube.com/watch?v=SaVvimeHd-0,https://music.youtube.com/watch?v=oQbBto4zt9Y
a656290a-2fa7-5ca2-917e-7fa004894731,fcb4ff9d-10a3-5ca8-970d-471bbbbf8994,1,Ghoom Ghoom Ghoom Ghoomar Ghoome Ghoome Tu,"Dipakshi Kalita, Altamash Faridi",4.0,https://www.youtube.com/watch?v=65KBK7pbogI,https://music.youtube.com/watch?v=65KBK7pbogI,https://music.youtube.com/watch?v=EtfxvAbk1GA,https://music.youtube.com/watch?v=FutDIDJqJbA
c401f55f-2fed-535e-b7cd-c51b3d003330,fcb4ff9d-10a3-5ca8-970d-471bbbbf8994,2,Dil Dum Chhalla Re,Varun Jain,4.0,https://www.youtube.com/watch?v=Y54hz8bCO4M,https://music.youtube.com/watch?v=Y54hz8bCO4M,https://music.youtube.com/watch?v=GfmurxhmeB4,https://music.youtube.com/watch?v=ai1qxWD1iB4
68e0027f-1171-53e7-90cf-e703ee69619c,edee2060-bb66-5d9b-98b4-546a250b35ea,1,Tay Nahin Kiya Abhi,Papon,4.0,https://www.youtube.com/watch?v=kVxWANUyMX8,https://music.youtube.com/watch?v=4ozhTAHkOiY,https://music.youtube.com/watch?v=kVxWANUyMX8,
d1e94ae8-35dc-5640-8b22-8a025753b243,edee2060-bb66-5d9b-98b4-546a250b35ea,2,Bachpan Ki Galiyaan Chhuda Di Piya Ne,Madhubanti Bagchi,4.0,https://www.youtube.com/watch?v=Vzd_0Ae2IKc,https://music.youtube.com/watch?v=2-znKz9T1O4,,
91d92f8d-0d09-5672-8b52-c31aa3cb68a6,edee2060-bb66-5d9b-98b4-546a250b35ea,5,Rut Badle Badle Naa Saajan,Om Bongane,4.0,https://www.youtube.com/watch?v=TWxjNO-0S-4,https://music.youtube.com/watch?v=TWxjNO-0S-4,,
eec34951-6c99-5b0d-b4c0-31497867d1fc,091d2509-8aff-59d6-8b90-d35a05c4d616,1,Hai Tu Jo Mila,Armaan Malik,4.0,https://www.youtube.com/watch?v=NdosadK8t78,https://music.youtube.com/watch?v=NdosadK8t78,https://music.youtube.com/watch?v=g0YejwAd2I8,https://music.youtube.com/watch?v=PkKMHUDVMoE
268df340-3141-501f-9e88-7bdfa02289d5,31f2f81a-2da2-5c17-921d-030c8707a44a,4,Ae Mere Dil,Taba Chake,4.0,https://www.youtube.com/watch?v=_S4OifF_AqM,https://music.youtube.com/watch?v=QV9RSP8XmXs,https://music.youtube.com/watch?v=SEINQXGAvjY,https://music.youtube.com/watch?v=_S4OifF_AqM
f63d623a-ac34-50e8-830e-f212079b5c9e,47e1eefe-89de-5541-babf-01e5d8578968,1,Haay Kasam Se Kasam Se Tumhare Bina,"Arijit Singh, Shekhar Ravjiani",5.0,https://www.youtube.com/watch?v=Yps2aa-I8jY,https://music.youtube.com/watch?v=Yps2aa-I8jY,https://music.youtube.com/watch?v=UV7-2_5tWIA,
f3d8298c-cfa7-5ddd-8dfd-a3cc61beb9fb,90303346-1030-5537-b6bf-186a63bc735d,1,Hone Do Jo Hota Hai,"Savera, Lothika",4.0,https://www.youtube.com/watch?v=YQqajBxeEkI,https://music.youtube.com/watch?v=5cvyKRnQZt0,https://music.youtube.com/watch?v=YQqajBxeEkI,https://music.youtube.com/watch?v=0J3JcHKtdJ8
82c9e2ce-ae03-52e3-85e1-65a8de001831,90303346-1030-5537-b6bf-186a63bc735d,3,Teri Yeh Baatein,Savera,4.0,https://www.youtube.com/watch?v=MkfGqAm_3Sk,https://music.youtube.com/watch?v=ZwgU1Zax6u8,https://music.youtube.com/watch?v=zIKjeDEd79w,
6913efda-e898-53cf-84e8-8163e13993fe,90303346-1030-5537-b6bf-186a63bc735d,4,Baahon Mein Teri,Ankur Tewari,4.0,https://www.youtube.com/watch?v=uoerAbkJfDo,https://music.youtube.com/watch?v=uoerAbkJfDo,https://music.youtube.com/watch?v=sLU5Bcd4skw,https://music.youtube.com/watch?v=GyFzh-wYeBU
c2d09286-d567-5c92-9bf7-1ed06af8d957,90303346-1030-5537-b6bf-186a63bc735d,5,Ishq Nachaawe,"Rashmeet Kaur, Yashraj - II",4.0,https://www.youtube.com/watch?v=l-nDXyVCpTs,https://music.youtube.com/watch?v=l-nDXyVCpTs,https://music.youtube.com/watch?v=NW7n5s5UKBI,https://music.youtube.com/watch?v=oEfEYbAbvoc
75dd9aeb-dfb3-5aa2-b46f-2e03f298d258,a9007b9a-0d4b-5c1c-b6cb-b18b81b68367,3,Naa Hosh Chale Naa Junoon Chale (Part 1),Arijit Singh,4.0,https://www.youtube.com/watch?v=33uIKGwON8E,https://music.youtube.com/watch?v=RMu02gzCbI4,https://music.youtube.com/watch?v=HKPHMhK48gs,
d35538e5-0c8c-5273-830a-41a727ff2335,c4232b37-fb08-5407-84cc-69da4b193c43,1,Nouka Doobi (Female),Shreya Ghoshal,4.0,https://www.youtube.com/watch?v=3cPk33kMtaw,https://music.youtube.com/watch?v=3cPk33kMtaw,https://music.youtube.com/watch?v=p1J4Ew8kl-w,https://music.youtube.com/watch?v=9BrWnhizMcg
862ce484-7cf0-5dd5-b044-f6f7630e8509,c4232b37-fb08-5407-84cc-69da4b193c43,2,Mil Gayi Mujhe Roshni,Papon,4.0,https://www.youtube.com/watch?v=-kTUE6ZPnCs,https://music.youtube.com/watch?v=-GFhgHiho30,,
e1e83e95-87f1-5f67-baa7-795c83894468,c4232b37-fb08-5407-84cc-69da4b193c43,5,Bach Ke Zara Hat Ke,Madhubanti Bagchi,4.0,https://www.youtube.com/watch?v=s1xDko0he0o,https://music.youtube.com/watch?v=V73_EtyyvnI,,
72ebf546-cfd3-58ff-bca3-ae2d6834f4b5,7bbc238f-6a15-5edc-ae34-ff9c0c9cf3cf,3,Phir Se Aaj,Mohan Kannan,4.0,https://www.youtube.com/watch?v=67AkxQF62Cw,https://music.youtube.com/watch?v=aCJH7XWzINk,,
ce25fc65-aae9-5da4-913e-161ef5e79eb8,7bbc238f-6a15-5edc-ae34-ff9c0c9cf3cf,4,Kabhi Kabhi Zindagi,Vijay Prakash,4.0,https://www.youtube.com/watch?v=rQSoMKqbirs,https://music.youtube.com/watch?v=Zrz0lLtn6L4,,
8b8e7e34-a4e7-5197-8206-73fcf659f876,46c8b2ef-1b83-5d0f-8896-4b1ac2863179,1,Farebi Tu Bhi Aur Main Bhi,Lothika,4.0,https://www.youtube.com/watch?v=oA2ciy-wh80,https://music.youtube.com/watch?v=-i3Ilas24X4,https://music.youtube.com/watch?v=H4pdpWKzivM,https://music.youtube.com/watch?v=oA2ciy-wh80
40f9c672-0a31-53ae-9459-69312a3a0625,f4fc843a-c363-570c-910c-e6ca66d2e071,4,Akelo Chal Padiyo,Shradha Mishra,4.0,https://www.youtube.com/watch?v=WTcsflG97UU,https://music.youtube.com/watch?v=-P1conLun-4,https://music.youtube.com/watch?v=WTcsflG97UU,
ea263001-bcf5-5b1c-9741-c7fc03499152,b6fa8109-2664-5fd3-a2ac-ef9ed1ebd181,2,Main Parwaana,"Arijit Singh, Pooja Tiwari, Nisa Shetty, Rakshita Suresh",4.5,https://www.youtube.com/watch?v=BDKjWnPZYPQ,https://music.youtube.com/watch?v=ttETSMzXBX4,https://music.youtube.com/watch?v=KR7FjDRSUzA,https://music.youtube.com/watch?v=1Da3Q4n3Mug
7d77765e-f27c-57a0-a2ed-8eb89509c219,d16b71cd-2308-58b4-b9f2-805bcab4ae56,1,Tum Kya Mile,"Arijit Singh, Shreya Ghoshal",4.5,https://www.youtube.com/watch?v=O9ZtN9C5HMA,https://music.youtube.com/watch?v=S15GwOj_1us,https://music.youtube.com/watch?v=hacByYwJ_a4,https://music.youtube.com/watch?v=XUmBgrGLUBk
b93c91de-1207-518b-bf6f-26b2003a2b8f,d16b71cd-2308-58b4-b9f2-805bcab4ae56,6,Ro Lain De,"Sonu Nigam, Shilpa Rao",4.0,https://www.youtube.com/watch?v=irF2QC5xP2g,https://music.youtube.com/watch?v=tZdU8wk3gRQ,https://music.youtube.com/watch?v=JhYKskD6AE4,https://music.youtube.com/watch?v=pktr7Tahtsg
33c4a729-e2b8-5640-b2c6-5f7893e8aaf0,d16b71cd-2308-58b4-b9f2-805bcab4ae56,11,Tum Kya Mile (Female),Shreya Ghoshal,4.0,https://www.youtube.com/watch?v=XUmBgrGLUBk,https://music.youtube.com/watch?v=NBl0emxm9ck,https://music.youtube.com/watch?v=XUmBgrGLUBk,https://music.youtube.com/watch?v=S15GwOj_1us
2e912439-3d75-5bdd-8534-6478ebdb2f9b,6eaa27d8-97ae-5f37-a287-a34f58afe2c8,1,Rooh Jaga Doon,Arijit Singh,5.0,https://www.youtube.com/watch?v=PLR-uVW1vbs,https://music.youtube.com/watch?v=PLR-uVW1vbs,https://music.youtube.com/watch?v=EEQHaMRcjm8,https://music.youtube.com/watch?v=Q52Y5UGUW1Q
e08589d5-b66d-53de-ac3f-94363a748cfc,b49fadad-4eee-5794-953e-4eee13200445,1,Maangi Hai Tere Liye Us Rab Se Ik Dua,Sonu Nigam,4.0,https://www.youtube.com/watch?v=3cuNGMMiE9E,https://music.youtube.com/watch?v=3cuNGMMiE9E,,
cddd3e70-f909-5e68-918f-2820c764050b,0887f519-98f9-5fca-90cf-79c6f521d973,2,Aaj Humko Dil-E-Naakaam Pe Rona Aaya,Sonu Nigam,4.33,https://www.youtube.com/watch?v=Yyu3_vYKWNo,https://music.youtube.com/watch?v=Yyu3_vYKWNo,,
254d36a3-04d7-533d-a43e-6c18f7eacad0,0887f519-98f9-5fca-90cf-79c6f521d973,4,Unse Kis Baat Ka Gila Karna,Jazim Sharma,4.0,https://www.youtube.com/watch?v=iBG_Xt8eBgk,https://music.youtube.com/watch?v=plvoyFkC_Yo,https://music.youtube.com/watch?v=iBG_Xt8eBgk,
85b21c98-c5d6-5052-91d3-a11f120c847d,f4cb2beb-2188-5b35-a23c-811800bcbd93,3,Itni Si Baat Ankahi Yun Bayaan Ho Gayi,"Shreya Ghoshal, Sonu Nigam",4.67,https://www.youtube.com/watch?v=WkXzhILbZBc,https://music.youtube.com/watch?v=iaLaYdbrD6k,,
9bb6f13f-bd07-50e5-a964-d679baeeb523,a938dfc1-a087-5c05-88cd-b85c61515ee7,5,Pasoori Nu,"Arijit Singh, Tulsi Kumar",4.33,https://www.youtube.com/watch?v=UAuvmx3cPos,https://music.youtube.com/watch?v=vFmozkm9Gxc,https://music.youtube.com/watch?v=y9Gs_CtXHN0,
f74e5102-1190-568b-bbf1-ad8bca63b90d,1a2a77ce-d85b-5679-9869-42219310bb69,5,Khushi Ke Bahaane Aaye,Sonu Nigam,4.33,https://www.youtube.com/watch?v=42ds8qeuoMQ,https://music.youtube.com/watch?v=dRWvt1NHW7s,,
c9727b2c-497e-5b66-83ba-1a5c428cf3bd,df7639bc-5639-5f2b-a596-787c562e318b,5,Shehzada Title Track (Main Banda Seedha Naa Saada),Sonu Nigam,4.0,https://www.youtube.com/watch?v=YrMpWeGach4,https://music.youtube.com/watch?v=rEcq7M2o8Xg,https://music.youtube.com/watch?v=638ZT0r-1dg,
6f9273e7-aa50-5fd3-9c91-6a176221822c,8c6a2853-c3eb-5537-b1da-5e7d345ed40c,1,Dil Dariya (To Masti Kiye Kiye Kiye Ja),Nayantara Bhatkal,4.0,https://www.youtube.com/watch?v=4Vta2Xijd5M,https://music.youtube.com/watch?v=4Vta2Xijd5M,https://music.youtube.com/watch?v=HeS1jvpVnAI,
bc679e83-1fc9-5a12-a6db-42214d8ed6f1,e64661dc-375c-5a13-b757-8a2148900395,3,Bandeya Bandeya Sachche Dil Ki Tu Zubaan Hai Bandeya,Sonu Nigam,4.0,https://www.youtube.com/watch?v=rQ49ejwx8TY,https://music.youtube.com/watch?v=rQ49ejwx8TY,,
9b3051e4-fd1d-5dec-950b-5aa822f4ca38,fb5d6bcb-3026-5ae1-b140-00cfd9785230,1,Sushi Song,When Chai Met Toast,4.0,https://www.youtube.com/watch?v=-qsnDCsRCRU,https://music.youtube.com/watch?v=-qsnDCsRCRU,https://music.youtube.com/watch?v=orAtdgMOvY8,https://music.youtube.com/watch?v=PFf74Ug3_BI
aa99a5c2-51e7-5217-a3c9-082573a3833f,8875b809-1e66-529d-af40-aa86e41eb747,1,Rang Khilen,Nilotpal Bora,4.0,https://www.youtube.com/watch?v=_zf2Z-zD91E,https://music.youtube.com/watch?v=_zf2Z-zD91E,https://music.youtube.com/watch?v=s5Dsv3xFXbo,
433f1adb-27a1-53bc-8ffb-156a31690df9,8875b809-1e66-529d-af40-aa86e41eb747,6,Hum The Jaise Waise Rahe Naa Kyun (Female),Rekha Bhardwaj,4.0,https://www.youtube.com/watch?v=g1sQC9tUoPg,https://music.youtube.com/watch?v=g1sQC9tUoPg,,
2ea3c676-1bcb-57cd-bf98-5c74226703dd,bb0ad2a4-d0bc-5266-be39-d85a4b7fc686,2,Dil Tujhko Pehle Se Hai Jaan Da (Saiyaan Ve) (Male),Arijit Singh,4.0,https://www.youtube.com/watch?v=R6XuEXHvmyU,https://music.youtube.com/watch?v=qx9feFlytSA,https://music.youtube.com/watch?v=_FQd4AIhbOU,
5cfc7274-93ba-578b-9379-f08f1ce3062d,0f99e164-d4b7-5979-95b4-e8ffedbc4559,5,Chehra 2.0 (Tera Chehra Aankhon Ke Aage Rahta Hai),Hanita Bhambri,4.0,https://www.youtube.com/watch?v=6AGPTfyJQSY,https://music.youtube.com/watch?v=6AGPTfyJQSY,https://music.youtube.com/watch?v=9ErHE7W__U4,https://music.youtube.com/watch?v=sqDXRTZD01U
8a4479b5-ad6e-5105-867b-8c9a9f23584f,f42963d6-2e79-5675-8b29-7954efe8a319,1,Sunoh (Aao Kahani Suno),Tejas,4.0,https://www.youtube.com/watch?v=9ozRrelI7jc,https://music.youtube.com/watch?v=9ozRrelI7jc,https://music.youtube.com/watch?v=3hRfyLvxHwU,https://music.youtube.com/watch?v=dp0e3w7KpgY
a6830040-d202-52e2-a099-880f852d7992,f42963d6-2e79-5675-8b29-7954efe8a319,3,In Raahon Mein,Arijit Singh,4.0,https://www.youtube.com/watch?v=DrmruFKZ8sQ,https://music.youtube.com/watch?v=sJTfFfxsv-I,https://music.youtube.com/watch?v=qkYlfh6jFvs,https://music.youtube.com/watch?v=DrmruFKZ8sQ
084b80ed-9341-52f3-8e00-bd30584bc138,f42963d6-2e79-5675-8b29-7954efe8a319,5,O Ruby If Life Were Plum Pudding,"Ankur Tewari, Shibani Akhtar",4.0,https://www.youtube.com/watch?v=7YStGjns4Go,https://music.youtube.com/watch?v=7YStGjns4Go,https://music.youtube.com/watch?v=KlxoaVXnD2Y,
99cc5d1b-3c72-5012-9b21-9a3f0e9bb114,7098881b-b13f-539c-9781-689d7a1f8622,1,Tu Mila Mujhko Meri Khushnaseebi,K.S. Chitra,4.0,https://www.youtube.com/watch?v=ieZyejqOxjs,https://music.youtube.com/watch?v=wToGKDiBoSo,,
d09315e4-8758-5e7b-9d21-5111b62d393b,7098881b-b13f-539c-9781-689d7a1f8622,6,Athira Ravil,K.S. Chitra,4.0,https://www.youtube.com/watch?v=CK0zdEYkDyU,https://music.youtube.com/watch?v=CK0zdEYkDyU,https://music.youtube.com/watch?v=sZC4kIActaU,https://music.youtube.com/watch?v=Cl3jyG3F_oE
df292809-5174-5bc2-97da-f063a701e5b4,9fcc3d01-d78a-5d10-b26b-44eb84215f84,1,Tere Pyaar Mein,"Arijit Singh, Nikhita Gandhi",4.0,https://www.youtube.com/watch?v=IMg_UUJVpMo,https://music.youtube.com/watch?v=pEeLw837Kjg,https://music.youtube.com/watch?v=z-PzYeATp9Y,https://music.youtube.com/watch?v=IMg_UUJVpMo
32d0a934-172b-58e3-8b2d-c1b77a208783,9fcc3d01-d78a-5d10-b26b-44eb84215f84,3,O Bedardeya Yaar Bedardeya,Arijit Singh,4.0,https://www.youtube.com/watch?v=EdftT8GMU1U,https://music.youtube.com/watch?v=iphTneTGXBQ,https://music.youtube.com/watch?v=o-YQ1t2oLRU,
d46367c5-c84b-5e31-84d9-4f2bfcdb4ab8,9fcc3d01-d78a-5d10-b26b-44eb84215f84,4,Show Me The Thumka,"Sunidhi Chauhan, Shashwat Singh",4.0,https://www.youtube.com/watch?v=7TITTxxtA88,https://music.youtube.com/watch?v=4dvPgVeKgbc,https://music.youtube.com/watch?v=leqrM1RRWmk,https://music.youtube.com/watch?v=7TITTxxtA88
4edb2bb9-94d0-52c0-ab81-71c6912b973a,1641003d-a815-543f-bed4-0ead3f1400e1,1,Tu Hai To Mujhe Phir Aur Kya Chahiye,Arijit Singh,4.0,https://www.youtube.com/watch?v=PR_mFnjFidk,https://music.youtube.com/watch?v=9bDYGM9AcEw,https://music.youtube.com/watch?v=PR_mFnjFidk,https://music.youtube.com/watch?v=dd6_n8y7UGY
3dd5f12f-a691-516d-b0d6-90a1a96fd87d,1641003d-a815-543f-bed4-0ead3f1400e1,2,Tere Vaaste Falak Se Main Chand Laoonga,"Varun Jain, Altamash Faridi, Shadab Faridi",4.0,https://www.youtube.com/watch?v=g5WZLO8BAC8,https://music.youtube.com/watch?v=mVWekQAP7vQ,,
7d98e399-002d-5364-9510-9b0f162507f9,0b41af3a-70ac-5182-8b41-1c9bcca75eef,1,Noodle Sa Dil Uljha Hai,Aditi Paul,4.0,https://www.youtube.com/watch?v=M3XqEkl0mi4,https://music.youtube.com/watch?v=gDE7ikZ6Wto,https://music.youtube.com/watch?v=M3XqEkl0mi4,
ca559dbd-c176-5c8d-8d2a-8e88a5139b81,0b41af3a-70ac-5182-8b41-1c9bcca75eef,4,Thehar Zara,Vishal Bhardwaj,4.0,https://www.youtube.com/watch?v=l37ntAyNeyk,https://music.youtube.com/watch?v=iL9DGT2A7uI,,
52e63a33-c04e-5dc1-b8d1-a6d92997667b,57946098-0721-56ab-b4f5-6500cf090c25,1,Ishq Mitaaye Haay Haay (Main Hoon Punjab),Mohit Chauhan,4.0,https://www.youtube.com/watch?v=xwUV6AMd5cM,https://music.youtube.com/watch?v=TmI5_JnlGUU,https://music.youtube.com/watch?v=lyNOehJPpFY,
19b13452-d9a4-50f7-b12c-923e14a56280,57946098-0721-56ab-b4f5-6500cf090c25,3,Tu Kya Jaane Mere Yaar,Yashika Sikka,4.0,https://www.youtube.com/watch?v=n1YrlERXGWc,https://music.youtube.com/watch?v=_LvN-FExN88,https://music.youtube.com/watch?v=zEn_2tDrmu8,
7b28ff9c-77f8-52db-a8c3-1e055a0b793f,57946098-0721-56ab-b4f5-6500cf090c25,6,Mainu Vida Karo,"Arijit Singh, Jonita Gandhi",5.0,https://www.youtube.com/watch?v=lZZmQNi0jHg,https://music.youtube.com/watch?v=2dc63Lhdr-I,https://music.youtube.com/watch?v=qwGggMl2-tE,https://music.youtube.com/watch?v=C-usx9Ka5Fc
0129acc1-b438-5cc0-88f7-0a08f7fde919,f0d5a4e4-115e-5844-8d6b-919b47611956,4,Chadha De Rang Ishq Ka,Vishal Mishra,4.0,https://www.youtube.com/watch?v=jWWAoRNwNso,https://music.youtube.com/watch?v=JRlZjszjKbI,https://music.youtube.com/watch?v=JxH4KL6XLfI,
b15bc514-e049-5d70-bd93-c826d8cc6022,1516d1a2-28ae-5527-a09b-6dce9a54479a,1,Big Dawgs,Hanumankind,4.0,https://www.youtube.com/watch?v=hOHKltAiKXQ,https://music.youtube.com/watch?v=hOHKltAiKXQ,https://music.youtube.com/watch?v=Dygu1vz2HEw,https://music.youtube.com/watch?v=pGu_QtIiwMY
a3e8b7cf-5f96-52c4-89f1-85de950d1e4d,afe7baed-4fd7-53cb-94e5-6c21cb6de28c,1,Chhaila Woh Mera Chhaila,"Sunidhi Chauhan, Shreya Ghoshal",4.0,https://www.youtube.com/watch?v=4UkJ-AziPu0,https://music.youtube.com/watch?v=4UkJ-AziPu0,https://music.youtube.com/watch?v=lz0kR92gwaw,https://music.youtube.com/watch?v=sFMctTKvX3E
1ff1d977-9368-5a52-bb66-533c01a5f572,a3bead71-9023-5ce0-bffc-0f7dbb2e0f05,1,Chhodunga Naa Tujhko Kabhi,Arijit Singh,5.0,https://www.youtube.com/watch?v=gh9FoxuYx8k,https://music.youtube.com/watch?v=gh9FoxuYx8k,https://music.youtube.com/watch?v=3KNeXNLm8vQ,
d3318ad9-3150-5ea7-928b-a7cd1c817fdf,f2ee6d08-fdb1-5aa6-a219-f8a0f2c9e090,3,Chhota Sa Mann (Nange Paon Hai Akash Pe Chalna),"Anurag Saikia, Raghav Chaitanya, Ritrisha Sarmah",4.0,https://www.youtube.com/watch?v=vnQTFeW1B4U,https://music.youtube.com/watch?v=U5oB2XQmPpE,https://music.youtube.com/watch?v=5RiYff9kkYc,
a8bc6809-7465-57a5-b75b-50d374fc780b,81348a09-5f02-5b7c-b428-f8dcc23cdeed,2,Tu Hai Kahaan,Lucky Ali,4.0,https://www.youtube.com/watch?v=h8z6sQBBZXA,https://music.youtube.com/watch?v=FdFAJ4cwC4U,,
a372d046-ccad-5b36-945d-4ddc9c34be00,81348a09-5f02-5b7c-b428-f8dcc23cdeed,5,Aa Bhi Ja,Ashwin Gopakumar,4.0,https://www.youtube.com/watch?v=5yeWaa7utv8,https://music.youtube.com/watch?v=XJVVbD_eFNU,,
34d6527b-458b-50b6-a238-a8b33e901235,81348a09-5f02-5b7c-b428-f8dcc23cdeed,7,Do Kinaare Alag Hue,Shubham Shirule,4.0,https://www.youtube.com/watch?v=saIlx3fh-v4,https://music.youtube.com/watch?v=saIlx3fh-v4,https://music.youtube.com/watch?v=V7gb7rYEsC0,
450faa67-0a2c-59fe-b161-78b80a7ccdff,69bb60e7-f321-5d1a-beb0-fe22c958875c,1,Moh Na Laage,"Arijit Singh, Shreyas Puranik",4.0,https://www.youtube.com/watch?v=LiAjS0887Jo,https://music.youtube.com/watch?v=LiAjS0887Jo,https://music.youtube.com/watch?v=55Er3RRKiUs,https://music.youtube.com/watch?v=xK3THWimrAo
12f45a51-5e9c-5e5d-a4fb-2ee49c52221d,9d2c15c9-f842-5f73-b014-1b5850b0470e,1,Sher Khul Gaye,"Benny Dayal, Shilpa Rao, Vishal Dadlani, Sheykhar Ravjiani",4.0,https://www.youtube.com/watch?v=exdsbFvhocI,https://music.youtube.com/watch?v=J5eEIGw8zNM,https://music.youtube.com/watch?v=e5Bj4Pf86sc,https://music.youtube.com/watch?v=8Kyl_x1rnqY
13adc802-79aa-531e-805c-87b465789e76,9d2c15c9-f842-5f73-b014-1b5850b0470e,2,Ishq Jaisa Kuch,"Shilpa Rao, Mellow D, Vishal Dadlani, Sheykhar Ravjiani",4.0,https://www.youtube.com/watch?v=KUNTKDOjXcY,https://music.youtube.com/watch?v=jazXauylSL8,,
d2a0bb07-1362-5002-9d33-8a461b1750c0,9d2c15c9-f842-5f73-b014-1b5850b0470e,3,Meri Heer Aasmaani,"B Praak, Shilpa Rao, Vishal Dadlani, Sheykhar Ravjiani",4.0,https://www.youtube.com/watch?v=W8J6H92FS88,https://music.youtube.com/watch?v=i8VAQ8Cy5rs,,
9d2c604a-b64a-592e-8891-95e9ad3219ab,fc182b90-1fe0-5adc-aa77-6f038f65e14c,2,Sajni,Arijit Singh,5.0,https://www.youtube.com/watch?v=XJAMVPQWvGY,https://music.youtube.com/watch?v=ksYed4qu-4w,https://music.youtube.com/watch?v=Ys6iPqfvmI0,
a819b141-244d-5d21-9160-e67624d8809b,fc182b90-1fe0-5adc-aa77-6f038f65e14c,3,Dheeme Dheeme Chale Purvaiya,Shreya Ghoshal,4.0,https://www.youtube.com/watch?v=OV2jrgYSQcA,https://music.youtube.com/watch?v=lyA0TDt_fMg,https://music.youtube.com/watch?v=TuifYPqW3y0,
29742a3b-8a8f-5792-a3e9-675abb120d40,9a4d0a03-805d-5747-8078-ddfdb5f56081,1,Ghar Aaya Mera Mirza,"Javed Ali, Richa Sharma",4.0,https://www.youtube.com/watch?v=8hjuVzvDJJ4,https://music.youtube.com/watch?v=A6DyjbQeTcQ,https://music.youtube.com/watch?v=8hjuVzvDJJ4,https://music.youtube.com/watch?v=Ambmb_aEAdA
3e7f2694-01d9-52fc-9b51-8f97e09ffb80,9e6c41f4-6c4e-52ea-9b4e-c3f2738a53db,2,Tujhse Pyaar Hai,Tushar Joshi,4.0,https://www.youtube.com/watch?v=tpK8iDlkx7c,https://music.youtube.com/watch?v=cWau1zVQA9E,https://music.youtube.com/watch?v=tpK8iDlkx7c,https://music.youtube.com/watch?v=elWbF8nFWGc
e767c28d-266f-5a48-bbc0-ef0cd697766f,65d35a27-972f-50c4-b40f-672d65778239,2,Malhar Saaje,"Abhay Jodhpurkar, Priyanka Barve",4.0,https://www.youtube.com/watch?v=yWANTL6LD-A,https://music.youtube.com/watch?v=yWANTL6LD-A,,
247c83db-67c2-5185-8953-86a8012ddeb1,c53cecce-4b7f-5d4b-a729-072b4f367a73,3,Raat Akeli Thi,"Arijit Singh, Antara Mitra",4.5,https://www.youtube.com/watch?v=1EK4-g_GfNw,https://music.youtube.com/watch?v=11Bf89nHffU,https://music.youtube.com/watch?v=QbAJzzB1oBI,https://music.youtube.com/watch?v=1EK4-g_GfNw
7590936d-d328-58ab-8ee7-8f6d7ec79320,7e03d003-76dc-50dc-a4f5-cc5002aef2a8,4,Tu Hai Toh,"Bunny - I, Sagar - II",4.0,https://www.youtube.com/watch?v=TVbI55pDdaI,https://music.youtube.com/watch?v=ohx5VxmQCmM,https://music.youtube.com/watch?v=G5WYGHjXdDw,
87bc8862-8015-5a7f-983e-4fd27c72f553,c059d031-1e0f-5357-9202-3e92ff34fa77,3,Higher,Jonita Gandhi,4.0,https://www.youtube.com/watch?v=_C_Ea6vFj1E,https://music.youtube.com/watch?v=_C_Ea6vFj1E,https://music.youtube.com/watch?v=-uV3gt83Jwk,
37d1287b-a6c5-5a1f-84a8-8575e6dbd2b7,c059d031-1e0f-5357-9202-3e92ff34fa77,4,Awaargi,Sunidhi Chauhan,4.0,https://www.youtube.com/watch?v=jiAk731O-Gc,https://music.youtube.com/watch?v=w3_E-MFx_m4,https://music.youtube.com/watch?v=BbExSRmsvsk,https://music.youtube.com/watch?v=jiAk731O-Gc
ea39b4fb-a236-52b1-9e38-49b17b32d5fa,1b2bca9d-8d83-5841-aad2-2f39bad3a305,1,Ajeeb-O-Gareeb Tarkeeb Lagaye Naseeb,"Arijit Singh, Hansika Pareek",4.0,https://www.youtube.com/watch?v=Tq52ew1vM4I,https://music.youtube.com/watch?v=hvBL2J6q_RI,https://music.youtube.com/watch?v=IEmVZnVmyjA,
9f519be1-75c6-58d6-b3f1-49fa5122f2a2,e9ece23d-98ff-5e68-8d5e-b50209df1dda,2,Kaahe Kare Shringaar Sajaniya,Shankar Mahadevan,4.0,https://www.youtube.com/watch?v=e06O0WYJ1BE,https://music.youtube.com/watch?v=e06O0WYJ1BE,,
3746d980-ee3b-57d1-8e3a-0ee9133eb8f3,e9ece23d-98ff-5e68-8d5e-b50209df1dda,3,Woh Sukoon Shayad Mujhse Hi Hai,Arijit Singh,5.0,https://www.youtube.com/watch?v=WauyidJ8k_4,https://music.youtube.com/watch?v=zriSe53Kl_w,https://music.youtube.com/watch?v=WauyidJ8k_4,https://music.youtube.com/watch?v=XrPd5xLpSuU
f955cd7c-5b03-5b77-8de3-e140cc49bed2,a9f2f519-b645-5525-90f1-9d10032e9c55,1,Qubool,Armaan Khan,4.5,https://www.youtube.com/watch?v=XZjTVt0ilxw,https://music.youtube.com/watch?v=c1xX5Qz3bBQ,https://music.youtube.com/watch?v=aiFwwCQuvcU,
