song_uuid,album_uuid,track_number,song_title,song_singers,song_rating,youtube_url,music_yt_url_1,music_yt_url_2,music_yt_url_3
34cdd5aa-9d26-5281-836d-f715b1fc453d,410a3c2c-8411-53a1-a9b1-32d4e2ee6d8b,1,Yeh Mausam Aaya Hai,"Kishore Kumar, Lata Mangeshkar",4.5,https://www.youtube.com/watch?v=bh7COOUBWkY,https://music.youtube.com/watch?v=vUReGxiU-PA,https://music.youtube.com/watch?v=bh7COOUBWkY,https://music.youtube.com/watch?v=Ifz7wT9pFQ8
a1f448dc-154c-532d-9b09-ffbf4beb5e9a,670f2a16-ca7d-50c7-bbef-b454f1179d0b,2,Is Mod Se Jaate Hain,"Lata Mangeshkar, Kishore Kumar",4.86,https://www.youtube.com/watch?v=STOM6NZfcrs,https://music.youtube.com/watch?v=MdJqz3txQr4,https://music.youtube.com/watch?v=DBfEDGxjTnk,https://music.youtube.com/watch?v=SWFNki1Gh34
fe61fcaf-c8d3-521d-9237-786f51c0dc7f,670f2a16-ca7d-50c7-bbef-b454f1179d0b,3,Tum Aa Gaye Ho Noor Aa Gaya Hai,"Kishore Kumar, Lata Mangeshkar",4.89,https://www.youtube.com/watch?v=tSjrsT8pTbQ,https://music.youtube.com/watch?v=y5tMfIRlZyU,https://music.youtube.com/watch?v=NMeEDsiehNg,https://music.youtube.com/watch?v=KUx9d_Na5Qw
2a3665b5-b037-5578-a4eb-c703df2dfccb,670f2a16-ca7d-50c7-bbef-b454f1179d0b,4,Tere Bina Zindagi Se Koi Shiqwa To Nahin,"Lata Mangeshkar, Kishore Kumar",4.7,https://www.youtube.com/watch?v=8-HnmVg0-O8,https://music.youtube.com/watch?v=oSkbkxlMurA,https://music.youtube.com/watch?v=VEF5PIzts-k,https://music.youtube.com/watch?v=mqGkYix_MCk
2de889e1-5cf5-5506-95e0-e216f62add5b,a3cf8a4d-a645-5f91-ad40-2dbc2b60be95,4,Tere Gaalon Ko Choomoon Jhumka Ban Ke,"Kishore Kumar, Asha Bhosle",4.0,https://www.youtube.com/watch?v=Kuc2-L2n05w,https://music.youtube.com/watch?v=Kuc2-L2n05w,https://music.youtube.com/watch?v=-06Uuud_PEs,
47f20d26-5ca5-5856-ae91-a5238a0f7235,a3cf8a4d-a645-5f91-ad40-2dbc2b60be95,6,Dil Aisa Kisi Ne Mera Toda,Kishore Kumar,4.0,https://www.youtube.com/watch?v=wmNjZjXFDEQ,https://music.youtube.com/watch?v=ONBv85ZY0mY,https://music.youtube.com/watch?v=h_rvXgpznVw,https://music.youtube.com/watch?v=FDvC8m0A_zw
aa21f85c-06d6-59fd-bb55-8e4b61cb3c5d,4e7713b8-5c8d-5d77-859c-af9e862bd45c,1,Dharti Ambar Neend Se Jaage,"Lata Mangeshkar, Manna Dey",4.0,https://www.youtube.com/watch?v=H8AFd7DQlu8,https://music.youtube.com/watch?v=H8AFd7DQlu8,https://music.youtube.com/watch?v=L94TthB2y8w,https://music.youtube.com/watch?v=bUF0-ZlC_UE
de75267b-45f4-570a-a957-cc76b5e918ca,4e7713b8-5c8d-5d77-859c-af9e862bd45c,2,Mehbooba Naam Hai Mera,Lata Mangeshkar,4.0,https://www.youtube.com/watch?v=q_3ORmCE5Jw,https://music.youtube.com/watch?v=q_3ORmCE5Jw,https://music.youtube.com/watch?v=939-pq11rBQ,https://music.youtube.com/watch?v=WDnD-kd8fik
462a77ae-32ba-530a-8b98-fa7070bef99f,4e7713b8-5c8d-5d77-859c-af9e862bd45c,3,Sargam Ke Phoolon Se Geeton Ka Haar Banaoon (Sa Ni Dha Pa),Lata Mangeshkar,4.0,https://www.youtube.com/watch?v=w4ysKaXZRis,https://music.youtube.com/watch?v=v94Q2yqipu4,https://music.youtube.com/watch?v=_UOvFlJH5g4,https://music.youtube.com/watch?v=S16D5I1D5Y4
d01f5074-48da-53f0-ade1-dceed03f7a77,eb849421-ed29-5727-af9c-80cef151078c,1,Na Jaane Kyun Hota Hai Ye,Lata Mangeshkar,4.78,https://www.youtube.com/watch?v=7-x-skKZ0-k,https://music.youtube.com/watch?v=ij6q1iwIi8s,https://music.youtube.com/watch?v=DVYbfgdARVc,https://music.youtube.com/watch?v=3pwE6TBOHzc
5179999c-aca8-5bca-afad-a1dcaa9b21d4,eb849421-ed29-5727-af9c-80cef151078c,2,Yeh Din Kya Aaye Lage Phool Hansne,Mukesh,4.75,https://www.youtube.com/watch?v=Y8iQxUGWnLk,https://music.youtube.com/watch?v=0-lEVmE_j3k,https://music.youtube.com/watch?v=iYGvnUmkink,https://music.youtube.com/watch?v=j1nS5jPwIEM
71209a28-7780-503a-99b2-4537552215e7,eb849421-ed29-5727-af9c-80cef151078c,3,Jaaneman Jaaneman Tere Do Nayan,"Yesudas, Asha Bhosle",4.75,https://www.youtube.com/watch?v=yzzAmatCQ44,https://music.youtube.com/watch?v=9NxOOAxZRDY,https://music.youtube.com/watch?v=8bbOfQNOQ-M,https://music.youtube.com/watch?v=ks58iZ8sQPw
669e06c9-f2d4-53bd-af99-0e8ed6e15e78,864506d8-c94f-5c04-a5f9-e15b99cd7d61,1,Sa Re Ga Ma (Geet Pehle Bana Tha),"Kishore Kumar, Mohammed Rafi",4.0,https://www.youtube.com/watch?v=xuWmGywBm7w,https://music.youtube.com/watch?v=yjE3eCCTDHs,https://music.youtube.com/watch?v=DR5F62TSAlc,
785882b2-807b-5429-ada8-613202e96cc0,864506d8-c94f-5c04-a5f9-e15b99cd7d61,2,Chupke Chupke Chal Ri Purvaiya,Lata Mangeshkar,4.0,https://www.youtube.com/watch?v=xnFY2OCTM5Y,https://music.youtube.com/watch?v=ao8wcx_GXEM,https://music.youtube.com/watch?v=xnFY2OCTM5Y,https://music.youtube.com/watch?v=CxTf3NRxB14
ac602a85-1c0c-5631-b6c0-2a343d4e5b64,864506d8-c94f-5c04-a5f9-e15b99cd7d61,3,Ab Ke Sajan Sawan Mein,Lata Mangeshkar,4.0,https://www.youtube.com/watch?v=fcmJOEoyi8g,https://music.youtube.com/watch?v=Q0durGeArW4,https://music.youtube.com/watch?v=T8NHlFY9_h0,https://music.youtube.com/watch?v=fcmJOEoyi8g
5958563d-a615-5a59-93b3-c597aeee4d22,864506d8-c94f-5c04-a5f9-e15b99cd7d61,4,Baghon Mein Kaise Ye Phool Khilte Hain,"Lata Mangeshkar, Mukesh",4.0,https://www.youtube.com/watch?v=LAN2G86p4aE,https://music.youtube.com/watch?v=wm-hlDml8M8,https://music.youtube.com/watch?v=5v2tmz2-SM8,https://music.youtube.com/watch?v=Ow1l4f61VH8
5339dd60-f111-5079-886b-ae97a3b39bb6,60905c6f-3d8a-5fae-9e9c-06c6aaa18024,2,Keh Doon Tumhen,"Asha Bhosle, Kishore Kumar",4.33,https://www.youtube.com/watch?v=0QlQo5erDJE,https://music.youtube.com/watch?v=vLvd632QbG0,https://music.youtube.com/watch?v=wxywrHHty5I,https://music.youtube.com/watch?v=zzjP_aitCtw
cc20e76d-505e-55c6-9628-c2375a63b8cb,60905c6f-3d8a-5fae-9e9c-06c6aaa18024,5,Maine Tujhe Maanga,"Asha Bhosle, Kishore Kumar",4.33,https://www.youtube.com/watch?v=A2eG-6JGtug,https://music.youtube.com/watch?v=7mPYcfx8_go,https://music.youtube.com/watch?v=iwp_vz48OeY,https://music.youtube.com/watch?v=PKVHxSrAqDI
23843f7f-88f4-5031-88ed-8d8e83760184,60905c6f-3d8a-5fae-9e9c-06c6aaa18024,6,I Am Falling In Love With A Stranger,Ursula Vaz,4.0,https://www.youtube.com/watch?v=XEWebW4_seg,https://music.youtube.com/watch?v=lLqk-TDEKTc,https://music.youtube.com/watch?v=XEWebW4_seg,https://music.youtube.com/watch?v=honflNZTKHk
ab203771-1bd3-558a-a521-544da4e4df50,d91d802e-2c8e-5de7-b99b-62c0622dce15,1,Ek Din Bik Jayega Maati Ke Mol,Mukesh,4.75,https://www.youtube.com/watch?v=qGzEIJRAYYg,https://music.youtube.com/watch?v=QXYD2Zw-_Vw,https://music.youtube.com/watch?v=q6uR125UOfE,https://music.youtube.com/watch?v=qGzEIJRAYYg
6eae0f01-79d7-572e-af8c-a3f8e4b46941,d91d802e-2c8e-5de7-b99b-62c0622dce15,3,Tu Kahan Gayi Thi,"Lata Mangeshkar, Kishore Kumar",4.0,https://www.youtube.com/watch?v=mwLdw4HxePo,https://music.youtube.com/watch?v=ZcU-MPj_kkk,https://music.youtube.com/watch?v=Osyn-G0oc5A,
f03d5a02-f74a-5ea4-841e-fb8f4816f3b3,d91d802e-2c8e-5de7-b99b-62c0622dce15,4,Ek Din Bik Jayega Maati Ke Mol,"Mukesh, Kishore Kumar, Sushma Shrestha",4.6,https://www.youtube.com/watch?v=AeMNTJSBT3Y,https://music.youtube.com/watch?v=s12c4VqnD9I,https://music.youtube.com/watch?v=q6uR125UOfE,https://music.youtube.com/watch?v=nUHFkEbXvcw
7e3ddebb-255f-539f-b208-ad0056f7be7f,d91d802e-2c8e-5de7-b99b-62c0622dce15,8,Ek Din Bik Jayega Maati Ke Mol,"Mukesh, Sushma Shrestha",4.0,https://www.youtube.com/watch?v=3DIKgivPkLg,https://music.youtube.com/watch?v=rfJzJOieTw4,https://music.youtube.com/watch?v=CaFTsZodrN0,https://music.youtube.com/watch?v=q6uR125UOfE
aed25728-3ec7-57ec-9a9f-1d2a6c61ad78,3888408e-9afc-5d7f-becc-7de0b81302be,3,Tumne Kisi Se Kabhi Pyar Kiya Hai,"Mukesh, Kanchan",4.0,https://www.youtube.com/watch?v=41FWDaUFzDY,https://music.youtube.com/watch?v=C9QzJngEI2c,https://music.youtube.com/watch?v=41FWDaUFzDY,https://music.youtube.com/watch?v=lLU3GfnzkGg
61856b40-cf8b-5de5-98f2-c0a9e3c96353,3888408e-9afc-5d7f-becc-7de0b81302be,4,Theme Music (Sad),,4.0,https://www.youtube.com/watch?v=_pwImbe7D80,https://music.youtube.com/watch?v=GdEPSxOIkgE,,
ba950feb-d76a-58e5-bd54-b1030b66256f,3888408e-9afc-5d7f-becc-7de0b81302be,8,Theme Music (Happy),,4.5,https://www.youtube.com/watch?v=By780CD9u4I,https://music.youtube.com/watch?v=GdEPSxOIkgE,,
9e392670-5efa-5ac0-9ef5-da13c9a33ab9,3888408e-9afc-5d7f-becc-7de0b81302be,9,Kya Khoob Lagti Ho Badi Sundar Dikhti Ho,"Mukesh, Kanchan",4.25,https://www.youtube.com/watch?v=g7XhrF-jM74,https://music.youtube.com/watch?v=ZfRkbW0qJKs,https://music.youtube.com/watch?v=ObZI0H-ek3A,https://music.youtube.com/watch?v=47qE1dlDIAg
3cfcce61-92d3-549e-ab84-bab4a4820936,efb52143-516a-5447-afc9-19428ffe3587,4,Haye Re Haye Tera Ghungta,"Kishore Kumar, Asha Bhosle",4.33,https://www.youtube.com/watch?v=H0iG8xZ6ysY,https://music.youtube.com/watch?v=H0iG8xZ6ysY,https://music.youtube.com/watch?v=ylA-gVitG9o,https://music.youtube.com/watch?v=4RpS5TIhtRo
bc29270e-8561-539e-9688-2c615cdc4ae7,9b4f198f-6c7e-54b5-93f5-3b24636bb0fc,3,Dariya Cha Raja Deva Ho Deva (Purvaiya),"Lata Mangeshkar, Shailendra Singh",4.33,http://www.youtube.com/watch?v=YXlvRDMYZ30,https://music.youtube.com/watch?v=phRsgvVhlyg,https://music.youtube.com/watch?v=1h72FgdrXW8,https://music.youtube.com/watch?v=6V9Q7HIzozw
52102006-e4b2-54c0-a224-b428ac3da37f,c1a16e1e-1a6c-5781-b543-282e5127fc12,2,Saathi Milte Hain Badi Mushkil Se,Kishore Kumar,4.0,http://www.youtube.com/watch?v=Ep35TCAuIn0,https://music.youtube.com/watch?v=UHuthOYRZuc,https://music.youtube.com/watch?v=VCz2EtgzZ9Q,https://music.youtube.com/watch?v=WlE3QFYbVUA
4cc31f24-0f23-5ddb-810a-9623da13032e,c1a16e1e-1a6c-5781-b543-282e5127fc12,3,Mere Dil Mein Teri Tasveer Sada Rahti Hai,Asha Bhosle,4.5,http://www.youtube.com/watch?v=29Hr76Yp9KE,https://music.youtube.com/watch?v=49SNIuLMJT0,https://music.youtube.com/watch?v=VLvc1kS-JW4,https://music.youtube.com/watch?v=Ik8lI44aayA
555245b4-e0e4-5c5e-bb55-461e19a807c9,c1a16e1e-1a6c-5781-b543-282e5127fc12,4,Pyaar Se Tum Mile Mil Gayi Har Khushi,"Kishore Kumar, Asha Bhosle",4.0,https://www.youtube.com/watch?v=DpjB5k8Hi2o,https://music.youtube.com/watch?v=ToIPz0aa9mY,https://music.youtube.com/watch?v=DpjB5k8Hi2o,https://music.youtube.com/watch?v=ikO3H-XZRfk
21e8afcd-fa57-56a7-a3a7-b4190fd251ac,fe397f4d-2835-5e40-8ee8-2d6be1cdecc3,1,Main Pyaasa Tum Saawan (Male),Kishore Kumar,4.0,https://www.youtube.com/watch?v=dsfBtcFEIfU,https://music.youtube.com/watch?v=PCbYT4_ZhPE,https://music.youtube.com/watch?v=cZTIo9W6J7o,https://music.youtube.com/watch?v=dsfBtcFEIfU
424a914b-1d55-51c6-9c91-7f4fbcb67420,fe397f4d-2835-5e40-8ee8-2d6be1cdecc3,3,Main Pyaasa Tum Saawan (Duet),"Kishore Kumar, Lata Mangeshkar",4.0,https://www.youtube.com/watch?v=PCbYT4_ZhPE,https://music.youtube.com/watch?v=PCbYT4_ZhPE,https://music.youtube.com/watch?v=cZTIo9W6J7o,https://music.youtube.com/watch?v=EoOjj3X511s
207ab749-f752-5202-be29-86b45efbbeb6,745377ed-45d5-58ab-a2be-8039e214ea70,1,Geet Gata Chal O Saathi Gungunaata Chal,Jaspal Singh,4.33,http://www.youtube.com/watch?v=ncHN7YkUbns,https://music.youtube.com/watch?v=F2OeOEE7tyw,https://music.youtube.com/watch?v=_8SXhgzH7tI,https://music.youtube.com/watch?v=xJyy46uAkQg
6282e285-268b-5f58-9856-045066e93a20,745377ed-45d5-58ab-a2be-8039e214ea70,4,Main Wahi Darpan Wahi,Aarti Mukherji,4.5,https://www.youtube.com/watch?v=U2UIzKcOT1k,https://music.youtube.com/watch?v=LA4bnLs_nXs,https://music.youtube.com/watch?v=2r0Cm8Xw8Yc,https://music.youtube.com/watch?v=U2UIzKcOT1k
82afbee6-3322-5fb7-bdbd-0acc00c589cf,745377ed-45d5-58ab-a2be-8039e214ea70,6,Shyam Teri Bansi Pukare Radha Naam,"Aarti Mukherji, Jaspal Singh",4.5,https://www.youtube.com/watch?v=XJqKbDxAa3U,https://music.youtube.com/watch?v=f44-ex_2n48,https://music.youtube.com/watch?v=UHfoSYeAszw,https://music.youtube.com/watch?v=7dV0fhQCDIY
06216a79-c7f1-5f28-9527-73b27601e5c2,745377ed-45d5-58ab-a2be-8039e214ea70,8,Mangal Bhawan Amangal Haari (Chaupaiyan Ramayan),Jaspal Singh,4.5,http://www.youtube.com/watch?v=JLNUCg2M0LA,https://music.youtube.com/watch?v=bMy_Yj4yzlI,https://music.youtube.com/watch?v=nw4fPB3O4xU,
d10745f8-472d-51c8-adcb-19d9bfdead12,bfa1d51d-711b-5db0-b1bd-2c61677ccb1f,1,Dil Kya Kare Jab Kisi Se Kisi Ko Pyar Ho Jaye,Kishore Kumar,4.75,https://www.youtube.com/watch?v=SzzrIlcYo8k,https://music.youtube.com/watch?v=hx0R3F768Io,https://music.youtube.com/watch?v=uoDUwkdO3aU,https://music.youtube.com/watch?v=IqxBRqL0IlM
431cba02-7347-58f5-bd5c-0ff598911b1b,bfa1d51d-711b-5db0-b1bd-2c61677ccb1f,2,Yeh Raatein Nayi Purani,Lata Mangeshkar,4.0,https://www.youtube.com/watch?v=HrLZOzkSvHM,https://music.youtube.com/watch?v=E8fJUPSIl3o,https://music.youtube.com/watch?v=tyMlbqZpznE,https://music.youtube.com/watch?v=RnnFcXvM2Dk
ec6b0880-458f-567e-a36d-6cfbff82b50c,bfa1d51d-711b-5db0-b1bd-2c61677ccb1f,3,Bhool Gaya Sab Kuchh,"Lata Mangeshkar, Kishore Kumar",4.75,https://www.youtube.com/watch?v=Z-LDe_mIG5Q,https://music.youtube.com/watch?v=eDwR8Z4zABk,https://music.youtube.com/watch?v=isZethpvnM4,https://music.youtube.com/watch?v=U4x0bqW3Kc0
57709cfd-fe3f-5222-a963-89212a00cf18,bfa1d51d-711b-5db0-b1bd-2c61677ccb1f,4,My Heart Is Beating,Preeti Sagar,4.0,https://www.youtube.com/watch?v=wJ0dR6RjIfY,https://music.youtube.com/watch?v=U2lrFrU-bnU,https://music.youtube.com/watch?v=qTOXQhuZwqQ,https://music.youtube.com/watch?v=MSrnQ_aj8mc
0137c8ab-20fe-5971-a524-7356a1767c5d,fd9e83ab-ff18-529f-934b-fb7770fa14d6,2,Koi Aaya Aane Bhi De,Asha Bhosle,4.0,https://www.youtube.com/watch?v=2N7DuQ_YycM,https://music.youtube.com/watch?v=2N7DuQ_YycM,https://music.youtube.com/watch?v=bZN6EYAG6Gk,https://music.youtube.com/watch?v=o18RwPvIYAU
f016a81d-b1da-5669-aaf9-a6eb9b693924,c5964fe3-6a40-5650-b3dd-094006131f71,2,Ambar Ki Ek Paak Suraahi,Asha Bhosle,4.5,https://www.youtube.com/watch?v=mR0ng0Ixve8,https://music.youtube.com/watch?v=mR0ng0Ixve8,https://music.youtube.com/watch?v=4ZM5ue0KlW8,https://music.youtube.com/watch?v=KltRbZ_hYR8
2a5d98d0-cc74-5164-be5b-839cf52fafdd,a47093f3-2e1b-5cee-8bc5-1730ff9f22b2,1,Sapna Mera Toot Gaya,"Asha Bhosle, R.D. Burman",4.67,https://www.youtube.com/watch?v=lIyUCba1Xm0,https://music.youtube.com/watch?v=lIyUCba1Xm0,https://music.youtube.com/watch?v=aIHgiD0iFw8,https://music.youtube.com/watch?v=vywZigBV19s
e5894379-7f93-5cb2-a9ac-d3f55afb3253,a47093f3-2e1b-5cee-8bc5-1730ff9f22b2,2,Ek Main Aur Ek Tu,"Asha Bhosle, Kishore Kumar",4.71,https://www.youtube.com/watch?v=ZZClVneNKW0,https://music.youtube.com/watch?v=A496EtOBg-c,https://music.youtube.com/watch?v=Hy_1A4g2990,https://music.youtube.com/watch?v=bWacAXjjCI8
c4c4ed2b-67d0-50ad-aeb0-569a0c783e60,a47093f3-2e1b-5cee-8bc5-1730ff9f22b2,3,Humne Tumko Dekha Tumne Humko Dekha Aise,Shailendra Singh,4.33,https://www.youtube.com/watch?v=3PKlWvQVm2A,https://music.youtube.com/watch?v=3PKlWvQVm2A,https://music.youtube.com/watch?v=CTvDRYbT2m0,https://music.youtube.com/watch?v=0itFJ8Jt2jo
c5d253e4-f31d-524e-96e4-b891d92fc7f5,a47093f3-2e1b-5cee-8bc5-1730ff9f22b2,5,Khullam Khulla Pyar Karenge Hum Dono,"Asha Bhosle, Kishore Kumar",4.67,https://www.youtube.com/watch?v=3vJGoNM5vTw,https://music.youtube.com/watch?v=_cQvssK2PDQ,https://music.youtube.com/watch?v=nyKkLmpyYWY,https://music.youtube.com/watch?v=2qaVY9Q-Khk
74a8a844-e639-5699-bd81-ade386a83583,a47093f3-2e1b-5cee-8bc5-1730ff9f22b2,6,Aaye Lo Pyar Ke Din Aaye,"Asha Bhosle, Kishore Kumar",4.0,https://www.youtube.com/watch?v=3LXlDvAtU-A,https://music.youtube.com/watch?v=a-d7A6UxBxU,https://music.youtube.com/watch?v=3LXlDvAtU-A,https://music.youtube.com/watch?v=hOzv8hii3eU
097a75c3-c31e-5f66-aef4-46303aad4309,196ba664-5819-5ac4-a86f-90885f3b5b1f,1,Bechaara Dil Kya Kare,Asha Bhosle,4.67,https://www.youtube.com/watch?v=YJfqYObfagA,https://music.youtube.com/watch?v=QQpbdRFQImI,https://music.youtube.com/watch?v=-Jx8hvH8dqE,https://music.youtube.com/watch?v=j4uVGUxvi14
8ac544c7-1ef2-5252-bd4c-202ab055a7bf,196ba664-5819-5ac4-a86f-90885f3b5b1f,2,Ghar Jayegi Tar Jayegi,Asha Bhosle,4.5,https://www.youtube.com/watch?v=qnqo82L2Rko,https://music.youtube.com/watch?v=4n05rD3_Zy4,https://music.youtube.com/watch?v=a68-vu_OkmA,https://music.youtube.com/watch?v=y3KPv3jb78w
1f939b76-2f6c-5bf9-bec5-39e4cbe7124f,196ba664-5819-5ac4-a86f-90885f3b5b1f,3,O Majhi Re Apna Kinara,Kishore Kumar,4.5,https://www.youtube.com/watch?v=vHGHzYFzr-E,https://music.youtube.com/watch?v=Oy5jQJVmgqY,https://music.youtube.com/watch?v=kbCd8DofUSA,https://music.youtube.com/watch?v=mdccBsJRsNA
20cdbc65-bde1-5e51-b9df-c3b8bfc3c4b6,196ba664-5819-5ac4-a86f-90885f3b5b1f,4,Do Nainon Mein Aansoo Bhare Hain,Lata Mangeshkar,4.67,https://www.youtube.com/watch?v=ijLpOHzkwUU,https://music.youtube.com/watch?v=DoFdf9QD3GY,https://music.youtube.com/watch?v=ijLpOHzkwUU,https://music.youtube.com/watch?v=daz-0f2YXhw
83914950-84a3-5df8-ba06-fac0712ad537,592d1808-eecf-5a47-9eb2-6cc375088bdc,1,Ruke Ruke Se Qadam,Lata Mangeshkar,4.0,https://www.youtube.com/watch?v=qffEu_c4zvI,https://music.youtube.com/watch?v=Gmmc9nELKV0,https://music.youtube.com/watch?v=jvWpKN5_omg,https://music.youtube.com/watch?v=BPYNs30axBo
4bec0ba2-1148-519e-ba89-b12a2354b06e,592d1808-eecf-5a47-9eb2-6cc375088bdc,2,Dil Dhoondhta Hai (Duet),"Lata Mangeshkar, Bhupinder Singh",4.5,https://www.youtube.com/watch?v=2RL0XVbs3Us,https://music.youtube.com/watch?v=N60CeuoKBno,https://music.youtube.com/watch?v=tD8e3zvGMKg,https://music.youtube.com/watch?v=zKqzu9Io5Aw
92c84782-c8e2-5c24-a7dc-c3dfca6b863e,592d1808-eecf-5a47-9eb2-6cc375088bdc,4,Dil Dhoondhta Hai (Male),Bhupinder Singh,4.89,https://www.youtube.com/watch?v=O5rCRH3AkXQ,https://music.youtube.com/watch?v=N60CeuoKBno,https://music.youtube.com/watch?v=tD8e3zvGMKg,https://music.youtube.com/watch?v=zKqzu9Io5Aw
25bc280e-bef9-599e-9684-e43a1d636b61,ecbaa978-0e19-5ea4-9db7-9ef548b5ccde,1,Maine Kaha Phoolon Se,Lata Mangeshkar,4.0,https://www.youtube.com/watch?v=6PQ2Dulo9VE,https://music.youtube.com/watch?v=6PQ2Dulo9VE,https://music.youtube.com/watch?v=q5l4HvWWak0,https://music.youtube.com/watch?v=yFLgfn-0cZ0
84655703-e54f-5abc-a437-e6e1d3d93834,ecbaa978-0e19-5ea4-9db7-9ef548b5ccde,2,Badi Sooni Sooni Hai Zindagi Yeh Zindagi,Kishore Kumar,4.5,https://www.youtube.com/watch?v=Sg49wfzCOuk,https://music.youtube.com/watch?v=RwvYhc5z5B0,https://music.youtube.com/watch?v=YTBkvcFmTNY,https://music.youtube.com/watch?v=ZKn5o98Q4uQ
17fa38d3-550f-5959-9526-8d4cc0077416,ecbaa978-0e19-5ea4-9db7-9ef548b5ccde,3,Aaye Tum Yaad Mujhe,Kishore Kumar,4.5,https://www.youtube.com/watch?v=zEKGJBcWEuo,https://music.youtube.com/watch?v=nLpJq5wusV4,https://music.youtube.com/watch?v=vbHpwvXMWFo,https://music.youtube.com/watch?v=Arhggsnm8QQ
b552598a-e2e3-522c-bb32-7106d356d1bb,e592cdad-b69d-5cb2-bac5-85b37c8e51dc,1,Kanha Bole Naa,"Lata Mangeshkar, Manna Dey",4.0,http://www.youtube.com/watch?v=6lRBkjw0xRc,https://music.youtube.com/watch?v=_MTTvqcyp9w,https://music.youtube.com/watch?v=eoeB2vCEbWU,https://music.youtube.com/watch?v=N_FBknuDEN8
4d325c0e-195b-5e77-93de-2e72264bd104,35046b4e-afd2-5793-929f-db98d91066db,3,Baali Umariya Bhajan Karoon Kaise,"Lata Mangeshkar, Mukesh",4.0,https://www.youtube.com/watch?v=cq9gn8NIvlQ,https://music.youtube.com/watch?v=-4URsy__8QA,https://music.youtube.com/watch?v=qOR50FjG_P4,https://music.youtube.com/watch?v=j5cGk4aFeeY
63dfc486-c73e-511e-8619-81bef7231533,35046b4e-afd2-5793-929f-db98d91066db,4,Jaisa Mera Roop Rangeela Waisa Mile Jawaan,Lata Mangeshkar,4.5,https://www.youtube.com/watch?v=9G57EYAsNuk,https://music.youtube.com/watch?v=0DV2ZnUX0Lg,https://music.youtube.com/watch?v=m5TGK8foohs,https://music.youtube.com/watch?v=9G57EYAsNuk
a964b689-768f-5a0b-960f-00191bc2c9bc,03e60fd9-640b-5437-adf0-73091e21b1b4,1,Kahin Ek Masoom Nazuk Si Ladki Bahut Khoobsurat Magar Saanwli Si,Mohammed Rafi,4.0,https://www.youtube.com/watch?v=oyr9QZSxREA,https://music.youtube.com/watch?v=VYUwWKNp_Pg,https://music.youtube.com/watch?v=aPGR0-XBe5A,https://music.youtube.com/watch?v=rO03oBIQ_i0
9e3d1e8a-3bad-555b-88f3-f0ad5ef8ea17,03e60fd9-640b-5437-adf0-73091e21b1b4,2,Apne Aap Raaton Mein Chilmane Sarakti Hain,Lata Mangeshkar,4.0,https://www.youtube.com/watch?v=BF_tz-jRZU4,https://music.youtube.com/watch?v=ufxtbXtuKlQ,https://music.youtube.com/watch?v=yeQVUrCL5oc,https://music.youtube.com/watch?v=Se4xDI6fGoI
649371b5-ad87-5318-931d-c1bc199768c0,03e60fd9-640b-5437-adf0-73091e21b1b4,3,Aap Yun Faaslon Se Guzarte Rahe,Lata Mangeshkar,4.33,https://www.youtube.com/watch?v=Mqy2V0qsWtQ,https://music.youtube.com/watch?v=ENldwXBdkcQ,https://music.youtube.com/watch?v=bBVOjfG6eAQ,https://music.youtube.com/watch?v=ohtItcIA-co
346a46d1-949f-542c-8f0d-4fea5e919aaa,23bf3440-6637-5775-a1d4-995c90be3c7f,1,Yeh Dosti Hum Nahin Todenge (Happy),"Kishore Kumar, Manna Dey",4.5,https://www.youtube.com/watch?v=Bx5sqAE86e0,https://music.youtube.com/watch?v=1T8G_d5o5Gs,https://music.youtube.com/watch?v=T6Cie280Dq8,https://music.youtube.com/watch?v=StY8x7ESLLQ
d8145bd8-1375-51a4-ae12-4eedb22dc174,23bf3440-6637-5775-a1d4-995c90be3c7f,2,Koi Haseena Jab Rooth Jaati Hai Toh,Kishore Kumar,4.0,https://www.youtube.com/watch?v=OInWXQGcGAM,https://music.youtube.com/watch?v=FOD9PfNyfhQ,https://music.youtube.com/watch?v=6S825dWNsWA,
a38686a4-3e6e-5352-a929-70f30d8c9c2e,23bf3440-6637-5775-a1d4-995c90be3c7f,6,Mehbooba Mehbooba,R.D. Burman,4.33,https://www.youtube.com/watch?v=3zbj84zPhQk,https://music.youtube.com/watch?v=CjJvsIUjWFE,https://music.youtube.com/watch?v=cT0eB9tF32s,https://music.youtube.com/watch?v=-nvjEvszPZY
e28675ef-d6a2-5c79-8f75-5ccd7bda5805,f8ab0b60-b61d-5a54-b3dd-45a366e999f0,1,Jo Raah Chuni Tune,Kishore Kumar,4.0,http://www.youtube.com/watch?v=KJPx0Pt8SV8,https://music.youtube.com/watch?v=9S5fgbccZ4M,https://music.youtube.com/watch?v=4aWVjNI8tk8,https://music.youtube.com/watch?v=r9GaNJZWs6c
4718e60f-b10f-5d9d-a448-1fe9ef52d57b,f8ab0b60-b61d-5a54-b3dd-45a366e999f0,3,Do Panchhi Do Tinke,"Kishore Kumar, Aarti Mukherji",4.33,http://www.youtube.com/watch?v=HDXjrfVPXtI,https://music.youtube.com/watch?v=ZYmS06xA250,https://music.youtube.com/watch?v=MYT0hfPq-5E,https://music.youtube.com/watch?v=3xm-k1dMjsc
d983898e-14e0-52f0-95ac-6aa7340acb93,580788c6-9158-519d-9f2d-29c68fdd0284,5,Reshma Mera Naam Hai Naachna Mera Kaam Hai,Asha Bhosle,4.5,http://www.youtube.com/watch?v=7Pe-IT7WZFA,https://music.youtube.com/watch?v=X9SWa16sbJY,https://music.youtube.com/watch?v=gJQIdW97KHA,
2c57487d-ca1a-524e-8d40-0158a04c8a60,580788c6-9158-519d-9f2d-29c68fdd0284,6,O Barkha Mujhe Sach Sach Bata,"Mohammed Rafi, Asha Bhosle",4.0,http://www.youtube.com/watch?v=TArz-txViIE,https://music.youtube.com/watch?v=ypRcLaJ4X4c,https://music.youtube.com/watch?v=5h7xR4aa6Jc,https://music.youtube.com/watch?v=_WvADngkmo4
6c82654b-5eaa-57df-bfb1-b229aff753c7,20f2f2a2-134d-5003-8416-5efc83d03957,5,Apne Jeevan Ki Uljhan Ko Kaise Main Suljhaoon (Female),Lata Mangeshkar,4.0,http://www.youtube.com/watch?v=I2KiWyjAZ1k,https://music.youtube.com/watch?v=bSC4B5E1Alo,https://music.youtube.com/watch?v=jeWqI-j8uuM,https://music.youtube.com/watch?v=I2KiWyjAZ1k
0b9027fa-a21e-581f-a0e8-06ba1c5d7915,adb8ce18-de0f-5035-a1a4-e64dbfe69380,1,Ruk Jana O Jana,Kishore Kumar,4.0,https://www.youtube.com/watch?v=TYOhxVUCe-A,https://music.youtube.com/watch?v=fqhfSaY8oqo,https://music.youtube.com/watch?v=lwsbPuXwRaY,https://music.youtube.com/watch?v=y_k8tJm_ggw
cb0a2716-e002-5c2c-b22b-dd769b63ded8,1ca67b3d-624a-5dca-bc3a-ce8c44c5e2eb,1,Abhi Abhi Thi Dushmani Abhi Hai Dosti,Lata Mangeshkar,4.0,https://www.youtube.com/watch?v=O69xULSwX20,https://music.youtube.com/watch?v=I5tfTVKnH94,https://music.youtube.com/watch?v=Gpo5TwDNFXk,https://music.youtube.com/watch?v=229VdJfnfzI
6fa2c986-64b7-5f24-a2cc-91ca8bdfceda,1ca67b3d-624a-5dca-bc3a-ce8c44c5e2eb,3,Jalta Hai Jiya Mera Bheegi Bheegi Raaton Mein,"Kishore Kumar, Asha Bhosle",4.0,https://www.youtube.com/watch?v=cvasL_ZdYoc,https://music.youtube.com/watch?v=ow6pZ4IlIEo,https://music.youtube.com/watch?v=npp66WEPUIs,https://music.youtube.com/watch?v=1L1tDj-UbrA
fa57272c-39ea-5906-80cf-ef3eb181459b,e2ea0b01-fd1a-5a56-9073-869d1ba4ee25,1,Neela Peela Hara Gulabi,"Lata Mangeshkar, Manna Dey, Mahendra Kapoor",4.0,https://www.youtube.com/watch?v=PReNRpLUTJw,https://music.youtube.com/watch?v=iV8j9Tlfat4,https://music.youtube.com/watch?v=ST2QeZNn_NA,https://music.youtube.com/watch?v=rjO2Ywt7SII
e92661d6-753e-51c2-bcd4-96a8ffa54281,e2ea0b01-fd1a-5a56-9073-869d1ba4ee25,3,Hum To Gharib Hain,Anuradha Paudwal,4.0,https://www.youtube.com/watch?v=D3-USMMSLls,https://music.youtube.com/watch?v=uhpfRWNF0fk,https://music.youtube.com/watch?v=4_z-BZdHapQ,https://music.youtube.com/watch?v=-0YW7SdOv8k
7556c8f3-b22c-54b8-85a7-bd4ddf3d58f2,e2ea0b01-fd1a-5a56-9073-869d1ba4ee25,6,Zara Jaldi Jaldi Mila Karo Naa Ji,Lata Mangeshkar,4.0,https://www.youtube.com/watch?v=EMVr1qg7Qag,https://music.youtube.com/watch?v=bbl0AfbffxI,https://music.youtube.com/watch?v=lxFlNmb0kLE,https://music.youtube.com/watch?v=4Fp65UnSfl4
e64fce5c-0fae-5838-9e2a-fbdeab096d86,89718ea7-1b79-5c1d-a665-a78ac73bee01,4,Peete Peete Kabhi Kabhi Yun Jaam Badal Jaate Hain,"Mohammed Rafi, Asha Bhosle",4.0,https://www.youtube.com/watch?v=HEp7MMOqP3E,https://music.youtube.com/watch?v=uptqARXjBJI,https://music.youtube.com/watch?v=WBjt8nvz-w4,https://music.youtube.com/watch?v=faTVtdkLU-M
e712415e-5e4f-5c67-8678-46d6018f262e,89718ea7-1b79-5c1d-a665-a78ac73bee01,5,Saare Shahar Mein Aap Sa Koi Nahin,"Mohammed Rafi, Asha Bhosle",4.0,https://www.youtube.com/watch?v=101mgW-lGe4,https://music.youtube.com/watch?v=wwDDAOAdgkM,https://music.youtube.com/watch?v=cq-fLKjooCQ,
a6691a33-c2e7-5130-83ec-09a95ce40741,b344be2d-7142-5f79-ab45-ecfce3ae670f,1,Bade Achhe Lagte Hain,Amit Kumar,4.67,https://www.youtube.com/watch?v=p5EeJ9bHAOI,https://music.youtube.com/watch?v=eaiZ25dIDUk,https://music.youtube.com/watch?v=zqJOr8iIOp4,https://music.youtube.com/watch?v=lplaAZBWiqY
bec2aca2-dad0-5cc2-b0bf-ebb289d126ed,3c4b8015-33e7-515f-9bb6-598c6ba05614,2,Dil Kaanton Mein (Ek Dushman Pe Pyar Aaya),Lata Mangeshkar,4.25,https://www.youtube.com/watch?v=_Z8wi0W579Y,https://music.youtube.com/watch?v=_Z8wi0W579Y,https://music.youtube.com/watch?v=_DGzPE4N08Y,
9871517b-69be-581f-bd83-b61227ae29c5,3c4b8015-33e7-515f-9bb6-598c6ba05614,5,Samundar Samundar Yahan Se Wahan Tak,Lata Mangeshkar,4.0,https://www.youtube.com/watch?v=I5Tlho4WnVU,https://music.youtube.com/watch?v=I5Tlho4WnVU,,
28d838aa-e1e0-5fb8-a24f-94af55526293,2a87e32e-9adf-5cb2-ab76-e7bb6f6182e0,1,Jab Tum Chale Jaoge,Lata Mangeshkar,4.0,https://www.youtube.com/watch?v=3l58KMfeM6A,https://music.youtube.com/watch?v=1OQJDqPYCUY,https://music.youtube.com/watch?v=HMO_Br78jlY,https://music.youtube.com/watch?v=baaWzZXVXLU
18c3e828-f3ac-57c1-8673-fe8dff968313,af5cb565-6a1a-5114-86df-bab458afe64e,4,Nagma Hamara Gayega Ye Zamana,"Lata Mangeshkar, Mohammed Rafi",4.0,https://www.youtube.com/watch?v=UkymFYweQuA,https://music.youtube.com/watch?v=8tsHdbSGI3c,https://music.youtube.com/watch?v=l6QYbqzHKMA,https://music.youtube.com/watch?v=Gbec5K7-6pk
d8ed9491-c470-5e06-8fa4-73db118e6d3f,2adef7cc-1461-5f66-9f18-a8b2dbfdf3ec,1,Chalte Chalte Mere Yeh Geet Yaad Rakhna - I,Kishore Kumar,4.75,https://www.youtube.com/watch?v=I9_IkQIFEl0,https://music.youtube.com/watch?v=nZBN-2QEdHo,https://music.youtube.com/watch?v=wzYGh5-2sc4,
8ad860bb-1380-525a-a603-2eef659d3e5f,2adef7cc-1461-5f66-9f18-a8b2dbfdf3ec,2,Door Door Tum Rahe,Lata Mangeshkar,4.0,https://www.youtube.com/watch?v=bCJYrLe2ztw,https://music.youtube.com/watch?v=iQT6sQkM_zw,https://music.youtube.com/watch?v=1EWmXnUJjo0,
af1bef3c-37d4-5e8f-8678-a50daaf4bff3,2adef7cc-1461-5f66-9f18-a8b2dbfdf3ec,5,Pyaar Mein Kabhi Kabhi Aisa Ho Jata Hai,"Lata Mangeshkar, Shailendra Singh",4.33,https://www.youtube.com/watch?v=sLh-PADa3lY,https://music.youtube.com/watch?v=_J3leMDJoEU,https://music.youtube.com/watch?v=1HYSENd9T-c,
9a768980-8d6e-58e8-8201-65e7f06ce299,bcd92389-bfed-5608-88bd-ba2c0f83da7c,1,Gori Tera Gaon Bada Pyara,Yesudas,4.6,http://www.youtube.com/watch?v=vejr2_PXVQo,https://music.youtube.com/watch?v=i6gT0jlM1Wc,https://music.youtube.com/watch?v=rYqaA38jUpI,https://music.youtube.com/watch?v=vejr2_PXVQo
7d8d52f6-0a63-5d98-8ea6-c2ea551ef606,bcd92389-bfed-5608-88bd-ba2c0f83da7c,2,Tu Jo Mere Sur Mein Sur Milaye,"Yesudas, Hemlata",4.75,https://www.youtube.com/watch?v=U06da2bGzys,https://music.youtube.com/watch?v=k9o9d8anaQM,https://music.youtube.com/watch?v=E5rokFTzGtA,https://music.youtube.com/watch?v=U06da2bGzys
d1993034-ae05-545f-98c6-883cf1280ec6,bcd92389-bfed-5608-88bd-ba2c0f83da7c,3,Jab Deep Jale Aana,"Yesudas, Hemlata",4.83,https://www.youtube.com/watch?v=11yh-UCeev4,https://music.youtube.com/watch?v=DJk7tIi8DZk,https://music.youtube.com/watch?v=jjrLHT708rE,https://music.youtube.com/watch?v=BrjCX2SeGHU
a00ecd31-7fd6-50a6-9919-d9d7bb751d7c,bcd92389-bfed-5608-88bd-ba2c0f83da7c,4,Aaj Se Pehle Aaj Se Zyada,Yesudas,4.5,http://www.youtube.com/watch?v=52bcuHsFHfE,https://music.youtube.com/watch?v=GUumzLoVcf8,https://music.youtube.com/watch?v=7B5sQBLAhfE,https://music.youtube.com/watch?v=ZQWsXl2BDt8
ea5b11ce-3310-541d-8561-4cc6dbc2fcd1,b2670ace-67da-5829-89cd-4a4ef1035d3a,1,Tota Maina Ki Kahani To Purani Purani Ho Gayi,"Lata Mangeshkar, Kishore Kumar",4.0,http://www.youtube.com/watch?v=BBg6aLda8cU,https://music.youtube.com/watch?v=0OfPYs309Ks,,
3b0ab179-055a-5af6-ab39-f80289bd99d5,b2670ace-67da-5829-89cd-4a4ef1035d3a,2,Dil Mein Tujhe Bitha Ke,Lata Mangeshkar,4.6,http://www.youtube.com/watch?v=6Nsq8Rja39o,https://music.youtube.com/watch?v=w5Zd0IQvW8M,https://music.youtube.com/watch?v=CYPjDHEIsDo,https://music.youtube.com/watch?v=Dpb3ZidoSDs
28985586-ae27-537f-b120-97d7743eeee4,10e312d9-e22c-51f3-9c56-e97620fd2d27,8,Paagal Paagal Haay Yeh Mausam,"Hemant Kumar, Asha Bhosle",4.0,https://www.youtube.com/watch?v=KsPDBjq-Q-M,https://music.youtube.com/watch?v=KsPDBjq-Q-M,https://music.youtube.com/watch?v=Cp_ZdK1kgcQ,https://music.youtube.com/watch?v=sI3Rtfd4cSk
523c8596-0475-5255-8a76-63973279a984,e0130a45-d758-5a68-b958-8e8ff5528c69,1,Kabhi Kabhi Mere Dil Mein Khayal Aata Hai (Duet),"Lata Mangeshkar, Mukesh",4.5,https://www.youtube.com/watch?v=87DchBGxqV8,https://music.youtube.com/watch?v=MY5ciPz9OOw,https://music.youtube.com/watch?v=S7TYf9-Cbps,https://music.youtube.com/watch?v=GsTiLe5w0GE
301b4eec-c4ab-5140-8238-db4800c2f312,e0130a45-d758-5a68-b958-8e8ff5528c69,2,Main Pal Do Pal Ka Shayar Hoon,Mukesh,4.5,https://www.youtube.com/watch?v=QkGqpVYjLUw,https://music.youtube.com/watch?v=RIIy7SsonwM,https://music.youtube.com/watch?v=B3PUtAotvxs,https://music.youtube.com/watch?v=wW-S3iWjK38
bac45e04-ece5-5713-8e3f-d0d75c318644,e0130a45-d758-5a68-b958-8e8ff5528c69,3,Tere Chehre Se Nazar Nahin Hatati,"Lata Mangeshkar, Kishore Kumar",4.25,http://www.youtube.com/watch?v=WYSVzIsA7Tk,https://music.youtube.com/watch?v=vcEnYBZCB2I,https://music.youtube.com/watch?v=0Nww9kYbDHA,https://music.youtube.com/watch?v=olysxseh804
4f905309-c634-5e97-a9f6-521e6c25e458,e0130a45-d758-5a68-b958-8e8ff5528c69,4,Kabhi Kabhi Mere Dil Mein Khayal Aata Hai,Amitabh Bachchan,4.0,http://www.youtube.com/watch?v=ozjxlrkXQ00,https://music.youtube.com/watch?v=KwOjp3NxH_Y,https://music.youtube.com/watch?v=IJRT8hcp53w,
462bcb62-a6a8-5501-9f28-326a019bd4fc,e0130a45-d758-5a68-b958-8e8ff5528c69,5,Tere Phoolon Jaisa Rang,"Lata Mangeshkar, Kishore Kumar",4.0,http://www.youtube.com/watch?v=mT-uyHc-ZcU,https://music.youtube.com/watch?v=6I-KgFDDpoo,https://music.youtube.com/watch?v=lV3i5g4zl04,https://music.youtube.com/watch?v=HyCJVyohW44
2efc4ec5-1ed1-5151-8628-66a7caf08c99,e0130a45-d758-5a68-b958-8e8ff5528c69,6,Kabhi Kabhi Mere Dil Mein Khayal Aata Hai (Male),Mukesh,4.75,http://www.youtube.com/watch?v=dSBISSs3hEs,https://music.youtube.com/watch?v=GsTiLe5w0GE,,
4dc626d6-b0ae-5466-ad53-88e92970f9ee,e0130a45-d758-5a68-b958-8e8ff5528c69,7,Mere Ghar Aayi Ek Nanhi Pari,Lata Mangeshkar,4.25,http://www.youtube.com/watch?v=lG6xhxSYEN8,https://music.youtube.com/watch?v=JM64R5JQkzs,https://music.youtube.com/watch?v=SX_RmOxRpMk,https://music.youtube.com/watch?v=COV1a8T5PDg
34e2de48-1b37-5ad3-8bae-208fb4112e3d,e0130a45-d758-5a68-b958-8e8ff5528c69,8,Main Har Ek Pal Ka Shayar Hoon,Mukesh,4.25,http://www.youtube.com/watch?v=aOEggB8XBz0,https://music.youtube.com/watch?v=wv0ZVJ4yt8w,https://music.youtube.com/watch?v=K5mCDOM9FWA,https://music.youtube.com/watch?v=ZnI1-fJtsSI
64e2265c-9faa-5583-b7c6-6b3c421e4767,e0130a45-d758-5a68-b958-8e8ff5528c69,10,Pyar Kar Liya To Kya,Kishore Kumar,4.0,https://www.youtube.com/watch?v=tFowqvnNop0,https://music.youtube.com/watch?v=Zt4KwR_PqNo,https://music.youtube.com/watch?v=dmaaLhaM1z4,https://music.youtube.com/watch?v=6XMMfyw0ZOw
7dfc4702-9f6d-5bc1-a2aa-374581250d53,55a646a8-fe11-5c2c-940c-8b40dc85058b,3,Ja Re Ja O Harjaee,Lata Mangeshkar,4.33,https://www.youtube.com/watch?v=dQVbKyhblVk,https://music.youtube.com/watch?v=f7ZxrbcBAfY,https://music.youtube.com/watch?v=44NnD2caz3Q,https://music.youtube.com/watch?v=BY2VGwl63ug
802adecb-21a2-50b0-9516-05373757acc8,f705bd9c-e0d5-537d-a8d9-fe7eaf077d58,2,Is Reshmi Paazeb Ki Jhankar Ke Sadke,"Lata Mangeshkar, Mohammed Rafi",4.0,https://www.youtube.com/watch?v=ofyJjThF_rU,https://music.youtube.com/watch?v=ofyJjThF_rU,https://music.youtube.com/watch?v=oqhaplxbwOs,https://music.youtube.com/watch?v=2qaW9YQVaZM
9bb78293-222e-57d4-9ea5-776fdc515189,f705bd9c-e0d5-537d-a8d9-fe7eaf077d58,4,Tere Dar Pe Aaya Hoon,Mohammed Rafi,4.2,https://www.youtube.com/watch?v=zhRka1Y9geo,https://music.youtube.com/watch?v=zhRka1Y9geo,https://music.youtube.com/watch?v=AgD-i0YJXfc,https://music.youtube.com/watch?v=B_Tl5tMJP_E
bf108c2d-c59b-5dfb-b386-247c16a52c81,f705bd9c-e0d5-537d-a8d9-fe7eaf077d58,6,Husn Hazir Hai Mohabbat Ki Saza Paane Ko,Lata Mangeshkar,4.2,https://www.youtube.com/watch?v=8fijSmoqVnQ,https://music.youtube.com/watch?v=OJMFwF1gN64,https://music.youtube.com/watch?v=ikQXmqMNJac,https://music.youtube.com/watch?v=9iFXKCamz14
a9c84a47-a581-5058-a327-8cc0c7a48629,f705bd9c-e0d5-537d-a8d9-fe7eaf077d58,7,Barbaad-E-Mohabbat Ki Dua Saath Liye Ja,Mohammed Rafi,4.25,https://www.youtube.com/watch?v=FKFtizXYqlo,https://music.youtube.com/watch?v=FKFtizXYqlo,https://music.youtube.com/watch?v=viUORzcdtJA,https://music.youtube.com/watch?v=_3G1ICBKJKI
990ae155-ded5-5d4f-a990-17036cce8227,ce21d306-6d53-5c67-afde-f39629928ac4,1,Mero Gaam Kaatha Paarey,Preeti Sagar,4.33,https://www.youtube.com/watch?v=BkBe1Bu6WpA,https://music.youtube.com/watch?v=BkBe1Bu6WpA,https://music.youtube.com/watch?v=8AN6FFkHpQo,https://music.youtube.com/watch?v=yOxbBhINHzU
400ebd14-66a4-5503-8b5a-00115f0d530f,b4a459c2-a3f6-5c9e-9fa8-9550e45656c2,1,Mere Naina Sawan Bhadon (Female),Lata Mangeshkar,4.8,https://www.youtube.com/watch?v=glLCX8K07Dk,https://music.youtube.com/watch?v=jECuZ1oDqvA,https://music.youtube.com/watch?v=1pFntOjafC4,https://music.youtube.com/watch?v=0ZEEni0Hi8o
557c3266-13a6-5803-938b-7b89bd37bb86,b4a459c2-a3f6-5c9e-9fa8-9550e45656c2,4,Parbat  Ke Peechhe Chambe Da Gaon,"Lata Mangeshkar, Kishore Kumar",4.4,https://www.youtube.com/watch?v=7tJgS2S5elM,https://music.youtube.com/watch?v=uHzWcyrz7ZY,https://music.youtube.com/watch?v=7tJgS2S5elM,https://music.youtube.com/watch?v=jGBYZw1eZho
4304dd46-463d-53dc-a328-d71f11953437,b4a459c2-a3f6-5c9e-9fa8-9550e45656c2,7,Mere Naina Sawan Bhadon (Male),Kishore Kumar,4.83,https://www.youtube.com/watch?v=_4Ccxj_A4UU,https://music.youtube.com/watch?v=kr2F_HtQNPA,https://music.youtube.com/watch?v=5hxhGnprZMI,https://music.youtube.com/watch?v=nG9WKtFfbZ4
125bb9c6-4b81-579b-80e9-5d280954e5a6,2fa47f3b-af49-5e8a-8ef3-c42c2d33cf38,1,Tere Sang Pyar Main Nahin Todna (Female),Lata Mangeshkar,4.0,https://www.youtube.com/watch?v=5tUvq5mKpdI,https://music.youtube.com/watch?v=VgnzDj58pb4,https://music.youtube.com/watch?v=BH3L5KvHlhw,https://music.youtube.com/watch?v=GlsXctSbiW0
d88cfc98-6428-5bb6-b674-a02f97aa35b6,2fa47f3b-af49-5e8a-8ef3-c42c2d33cf38,3,Tere Sang Pyar Main Nahin Todna - 1,"Lata Mangeshkar, Mahendra Kapoor",4.0,https://www.youtube.com/watch?v=OKunC__E12U,https://music.youtube.com/watch?v=p1BJq4wzWEA,https://music.youtube.com/watch?v=97jcbb7WbNc,https://music.youtube.com/watch?v=8UV5BTTuGZ4
9d912286-3de3-5aa3-bde5-faeedf2c9a4b,2b3695c1-018d-58a2-ad1d-5da2181d64f0,1,Waada Karo Jaanam Na Chhodenge Yeh Daaman,"Kishore Kumar, Lata Mangeshkar",4.0,http://www.youtube.com/watch?v=eoD-uSN28F4,https://music.youtube.com/watch?v=Z6_1zZW43Q8,,
50ce09e7-115c-565f-804a-1de07559745d,2b3695c1-018d-58a2-ad1d-5da2181d64f0,3,Sabse Bada Rupaiya,Mehmood,4.0,http://www.youtube.com/watch?v=KlniHtzFgb0,https://music.youtube.com/watch?v=0sxdO3t5AOM,https://music.youtube.com/watch?v=dnH_4wE-qMQ,https://music.youtube.com/watch?v=cXHo3ZcKDFE
5625dc3d-79d1-53ea-854c-fa44543c1040,fcb898f5-3839-5bbd-94cb-5ca61f4ef36a,2,Mushkil Hai Jeena,Lata Mangeshkar,4.0,https://www.youtube.com/watch?v=5z9ZBiUZAHs,https://music.youtube.com/watch?v=bD3Dfh7azIE,https://music.youtube.com/watch?v=AmKo_mSNK74,
70a21a1b-9cb4-5eb3-8061-fdf6eae74055,92dbd5fb-fcb8-5071-9ca9-4ac95f16a90e,8,Nathaniya Ne Haay Ram Bada Dukh Dina,Shobha Gurtu,4.0,https://www.youtube.com/watch?v=8Z9uXc3N2wA,https://music.youtube.com/watch?v=8Z9uXc3N2wA,https://music.youtube.com/watch?v=jw9x1djiHtE,https://music.youtube.com/watch?v=LmicV7c54A8
0019e3b1-c897-5fe8-ba99-404eb70dba69,3672814f-32a4-5240-badd-605f9b8f8c2e,4,Jab Jab Tu Mere Saamne Aaye,Jaspal Singh,4.0,https://www.youtube.com/watch?v=8GazRwrQ2UQ,https://music.youtube.com/watch?v=75T-BAKjBZY,https://music.youtube.com/watch?v=8GazRwrQ2UQ,https://music.youtube.com/watch?v=-7h34U6W3yg
8ac50fdb-2cce-50c1-9a60-e2e417f54075,1291d0f1-9520-5e4d-84ad-41aea4bac7fe,1,Baat Niklegi Toh Phir Door Talak Jayegi,Jagjit Singh,5.0,https://www.youtube.com/watch?v=1MKdWpE_724,https://music.youtube.com/watch?v=6Le7omu5XDw,https://music.youtube.com/watch?v=s9xcO4ZQUyw,https://music.youtube.com/watch?v=1MKdWpE_724
bc3f88ea-e311-575e-87bc-0eafe777f7b0,1291d0f1-9520-5e4d-84ad-41aea4bac7fe,3,Sarakti Jaye Hai Rukh Se Naqab Ahista Ahista,Jagjit Singh,5.0,https://www.youtube.com/watch?v=HfvlmynrZ8s,https://music.youtube.com/watch?v=3YkhPYtMi4c,https://music.youtube.com/watch?v=kI7JpQUV0LA,https://music.youtube.com/watch?v=w3wgHcoDky8
2c4aa216-e037-5fa2-9299-7c6424d6095a,ffb08c22-e74a-507b-99fd-cee30d61191f,2,Tu Laali Hai Sawerewali,"Kishore Kumar, Asha Bhosle",4.0,https://www.youtube.com/watch?v=yl7HijrJYlI,https://music.youtube.com/watch?v=2rOSZDI7mE8,https://music.youtube.com/watch?v=PojWLmYXup4,https://music.youtube.com/watch?v=8T1jZQ208wk
1f3362be-5f97-5740-8305-4aba56bcd9c8,35dad077-f4f9-5b0f-85e9-7b1a4916bcf4,1,Chand Akela Jaaye Sakhi Ri,Yesudas,4.33,https://www.youtube.com/watch?v=Oi52TTE6E14,https://music.youtube.com/watch?v=KqcHRw6SuQI,https://music.youtube.com/watch?v=DtolZEzjjdg,https://music.youtube.com/watch?v=wLKFKxypdRs
6df1630e-2896-5364-be77-98006b73ab64,35dad077-f4f9-5b0f-85e9-7b1a4916bcf4,3,Kaahe Manwa Naache Hamra,Lata Mangeshkar,4.0,https://www.youtube.com/watch?v=C76DmeA9zdU,https://music.youtube.com/watch?v=_D_qr3TqfUs,https://music.youtube.com/watch?v=C76DmeA9zdU,https://music.youtube.com/watch?v=Bm7V0uLKTb4
6ab2e44f-8d85-51bf-8f65-77166ec9c368,35dad077-f4f9-5b0f-85e9-7b1a4916bcf4,4,Aayi Ritu Saawan Ki (Duet),"Bhupinder Singh, Kumari Faiyaz",4.0,https://www.youtube.com/watch?v=2baieZPhsik,https://music.youtube.com/watch?v=_9FB2RJmDKI,https://music.youtube.com/watch?v=CfzwltlnTpU,https://music.youtube.com/watch?v=pemRV7wkY9g
1430edee-0dc7-5cd6-8c75-80aab742a522,35dad077-f4f9-5b0f-85e9-7b1a4916bcf4,6,Maata Saraswati Sharda - I,"Lata Mangeshkar, Dilraj Kaur",4.0,https://www.youtube.com/watch?v=AYex18hqUgw,https://music.youtube.com/watch?v=AYex18hqUgw,https://music.youtube.com/watch?v=rr50OJ3_MT4,https://music.youtube.com/watch?v=Hb51Kunk-bg
aed83a54-c5b6-5ad0-b78d-5e82b5fb22fe,35dad077-f4f9-5b0f-85e9-7b1a4916bcf4,7,Zindagi Ko Sanvaarna Hoga,Yesudas,4.0,https://www.youtube.com/watch?v=8q77zNa0hBE,https://music.youtube.com/watch?v=8q77zNa0hBE,https://music.youtube.com/watch?v=pHBjkRtWDxg,
1a8028ff-f1b9-5052-bd38-90e497cf7237,35dad077-f4f9-5b0f-85e9-7b1a4916bcf4,9,Koi Gaata Main So Jaata,Yesudas,4.67,https://www.youtube.com/watch?v=e7Vj-vQbhQI,https://music.youtube.com/watch?v=I3z-kfq9FOY,https://music.youtube.com/watch?v=5-m2sTyHAPk,https://music.youtube.com/watch?v=e7Vj-vQbhQI
8be86196-3a62-5dda-99a6-b2b935cb5dca,35dad077-f4f9-5b0f-85e9-7b1a4916bcf4,11,Maata Saraswati Sharda - II,"Dilraj Kaur, Yesudas, Madhurani",4.0,https://www.youtube.com/watch?v=uY1B9RU9lhE,https://music.youtube.com/watch?v=n8KN5A6jUEo,https://music.youtube.com/watch?v=uY1B9RU9lhE,https://music.youtube.com/watch?v=xn3n6EinC7g
8fc53771-fedf-5eed-8745-5e5304ded905,f63532f0-3328-55b9-af75-f8bdc3cf8b73,1,Ye Sach Hai Koi Kahani Nahin (Maa Sirf Naata Nahin),Mohammed Rafi,4.33,https://www.youtube.com/watch?v=u2tWqs8a0hY,https://music.youtube.com/watch?v=TiPzmNuG5xM,https://music.youtube.com/watch?v=j12zN6mMNMU,https://music.youtube.com/watch?v=e-vo8ZOyZg8
609e5fe3-13f2-5952-ac18-39d4448a49cb,f63532f0-3328-55b9-af75-f8bdc3cf8b73,3,Humko Tumse Ho Gaya Hai Pyar,"Kishore Kumar, Lata Mangeshkar, Mukesh, Mohammed Rafi",4.0,https://www.youtube.com/watch?v=vxI6wPgeJBQ,https://music.youtube.com/watch?v=vxI6wPgeJBQ,https://music.youtube.com/watch?v=-EI9Q7_T-ZM,https://music.youtube.com/watch?v=e_ASuA3VoWE
19892149-5ed2-5de2-9903-6b1d5dd545fa,f63532f0-3328-55b9-af75-f8bdc3cf8b73,5,Parda Hai Parda,"Mohammed Rafi, Amit Kumar",4.0,https://www.youtube.com/watch?v=Ch-i9iBrCYQ,https://music.youtube.com/watch?v=qWl1Q1rSDL8,https://music.youtube.com/watch?v=fnMUMsWr2Zo,https://music.youtube.com/watch?v=oZgUeNYyDXE
f551c045-7abf-5be7-a8ac-b93b42dbdf98,f63532f0-3328-55b9-af75-f8bdc3cf8b73,6,Shirdi Wale Sai Baba,Mohammed Rafi,4.0,https://www.youtube.com/watch?v=aPKNPvtw4-I,https://music.youtube.com/watch?v=zhfdKhibppU,https://music.youtube.com/watch?v=heood7lmbGY,https://music.youtube.com/watch?v=3iF3W7KOulE
48075ec5-035c-56af-a054-4d2a15e8f2bc,0d2adace-58c1-5ce0-b786-3150ab45f420,3,Saara Pyar Tumhara Maine Baandh Liya Hai Aanchal Mein,"Asha Bhosle, Kishore Kumar",4.25,https://www.youtube.com/watch?v=HHknAr5LUOE,https://music.youtube.com/watch?v=lf-3gZsBxdU,,
5bd04f01-c543-551c-b325-cc4a6bed7b10,2e2d050a-9507-52b8-a3e5-e6322b584a07,1,Ni Sa Ga Ma Pa Ni Sa Re Ga Aa Aa Re Mitwa (Part 1),Yesudas,4.5,https://www.youtube.com/watch?v=NjziC6b_zJc,https://music.youtube.com/watch?v=TRZh-gRjjoo,https://music.youtube.com/watch?v=NjziC6b_zJc,https://music.youtube.com/watch?v=4_QXmdazSCI
1193a5d3-92e9-5c4e-88f0-ca2e0a609cfa,2e2d050a-9507-52b8-a3e5-e6322b584a07,4,Aa Aa Re Mitwa,"Sabita Chowdhury, Yesudas",4.0,https://www.youtube.com/watch?v=4_QXmdazSCI,https://music.youtube.com/watch?v=4_QXmdazSCI,,
0d0ff280-52a2-558f-baa5-4a7e0c3bd7a0,aa91742f-a715-5ebd-af99-e1b38ce5d94d,1,Aapke Anurodh Pe Main Ye Geet Sunaata Hoon,Kishore Kumar,4.0,https://www.youtube.com/watch?v=l2T6YVHDyiw,https://music.youtube.com/watch?v=KcDXv-FU4dA,https://music.youtube.com/watch?v=hsfcCJ034Fk,
160453ee-5ad4-525d-a680-63fb7e021534,aa91742f-a715-5ebd-af99-e1b38ce5d94d,2,Ki Mere Dil Ne Tadap Ke,Kishore Kumar,4.0,https://www.youtube.com/watch?v=du5ZBmVl6eo,https://music.youtube.com/watch?v=3_5q_EL0A_U,https://music.youtube.com/watch?v=aWnTkIMkvEE,
b0da3920-d971-5475-a50f-5ee09b8c8c3e,aa91742f-a715-5ebd-af99-e1b38ce5d94d,4,Aate Jaate Khoobsurat Awara Sadkon Pe,Kishore Kumar,4.2,https://www.youtube.com/watch?v=PDoXHOVmdfM,https://music.youtube.com/watch?v=A0QOP_kRX6Q,https://music.youtube.com/watch?v=HKN3RkwGEaY,https://music.youtube.com/watch?v=tqCZZhesiZA
c7370f1d-b21b-5d58-abe9-210c9dbaaa24,aa91742f-a715-5ebd-af99-e1b38ce5d94d,6,Na Hansna Mere Gham Pe,Kishore Kumar,4.0,https://www.youtube.com/watch?v=-OUiQFr4j1k,https://music.youtube.com/watch?v=Hdd89yBnRrY,https://music.youtube.com/watch?v=-OUiQFr4j1k,
75a38cf1-4433-592d-8fd4-6663ed87c5a6,373299fb-2ea4-5490-8b2b-8a16ba35660d,1,Is Duniya Mein Jeena Hai,"Lata Mangeshkar, Kishore Kumar",4.0,https://www.youtube.com/watch?v=dohxlZE5ioM,https://music.youtube.com/watch?v=en1phmzkwPY,https://music.youtube.com/watch?v=hOR-4L9pNTk,
4408828f-0a09-563e-8f51-dcf66c1f41a0,373299fb-2ea4-5490-8b2b-8a16ba35660d,3,Dil Pe Zara Haath Rakh Lo,Asha Bhosle,4.0,https://www.youtube.com/watch?v=RdlhzjhyRO8,https://music.youtube.com/watch?v=w7BXHIE5XgE,https://music.youtube.com/watch?v=eEAL6QoV-JA,https://music.youtube.com/watch?v=7mG0luyBYbI
a1e62bd0-66b9-5043-8f35-9fb7eb41287d,373299fb-2ea4-5490-8b2b-8a16ba35660d,4,Ek Din Mein Sau Baar,"Anuradha Paudwal, Dilraj Kaur",4.0,https://www.youtube.com/watch?v=b2DFDxCsDN0,https://music.youtube.com/watch?v=OgJgjRsbqLc,,
3b7ab81c-e7c5-5e8f-9cf4-031704f1d17b,373299fb-2ea4-5490-8b2b-8a16ba35660d,5,Aadmi Musafir Hai (Happy),"Lata Mangeshkar, Mohammed Rafi",4.0,https://www.youtube.com/watch?v=ipePh7hAkYc,https://music.youtube.com/watch?v=-CPJNEgJVpU,https://music.youtube.com/watch?v=ipePh7hAkYc,https://music.youtube.com/watch?v=MgAmfQJkhLs
1035db08-7153-59b7-a017-c26b27af28ab,abda2b64-0251-527d-8b81-96185942d038,1,Tumhare Bina Jee Naa Lage Ghar Mein,Preeti Sagar,4.0,https://www.youtube.com/watch?v=cvwKn4ni6co,https://music.youtube.com/watch?v=cvwKn4ni6co,https://music.youtube.com/watch?v=ZAWJxoCQRT0,https://music.youtube.com/watch?v=gzUD6ylMWmA
c5bca067-196b-5f1e-8d27-a10bd12fc405,abda2b64-0251-527d-8b81-96185942d038,2,Sawan Ke Din Aaye Sajanwa Aan Milo,"Preeti Sagar, Bhupinder Singh",4.0,https://www.youtube.com/watch?v=JdcVs0nceOY,https://music.youtube.com/watch?v=cs9o10yBu70,https://music.youtube.com/watch?v=Yu3Ic-zhoyk,https://music.youtube.com/watch?v=o7CIPD6rZPQ
8501aacb-d5af-5682-aada-a366da5b1dda,b4a7bc3d-c60a-5163-b6f2-7cd76b37d6bc,3,Naa Jaane Din Kaise (Part 1),Kishore Kumar,4.33,https://www.youtube.com/watch?v=RSB3XomrEM8,https://music.youtube.com/watch?v=RSB3XomrEM8,https://music.youtube.com/watch?v=3J_MudAlfHE,https://music.youtube.com/watch?v=LwZeSP1URCw
cf2f9764-a2df-5fee-8483-8c7dd604af52,b4a7bc3d-c60a-5163-b6f2-7cd76b37d6bc,4,Paas Aao Naa,"Asha Bhosle, Simi Garewal",4.0,https://www.youtube.com/watch?v=RwVGlH5kaaQ,https://music.youtube.com/watch?v=u1OtrLlrUOs,https://music.youtube.com/watch?v=jyYHYCZbMeA,https://music.youtube.com/watch?v=vOJKzP5ucog
2e6542fb-e337-5d51-b0d9-a2d68f90d874,b4a7bc3d-c60a-5163-b6f2-7cd76b37d6bc,7,Naa Jaane Din Kaise (Part 2),Kishore Kumar,4.0,https://www.youtube.com/watch?v=QQFewZyD9-Y,https://music.youtube.com/watch?v=RSB3XomrEM8,https://music.youtube.com/watch?v=3J_MudAlfHE,https://music.youtube.com/watch?v=Yk-xhxWQlR0
e747f3fa-0416-58f9-8915-572f552ea13e,b4a7bc3d-c60a-5163-b6f2-7cd76b37d6bc,8,Naa Jaane Din Kaise (Instrumental),,4.5,https://www.youtube.com/watch?v=d88KWlWuzWQ,https://music.youtube.com/watch?v=RSB3XomrEM8,https://music.youtube.com/watch?v=QQFewZyD9-Y,
ba97184f-c6da-5992-9ee8-b3f03b477ec9,ffd3ab81-1fda-5ed1-9404-24fa2e0c67fb,5,Aise Na Mujhe Tum Dekho,Kishore Kumar,4.43,https://www.youtube.com/watch?v=sYoOC01KseU,https://music.youtube.com/watch?v=ODNwIFjPw6k,https://music.youtube.com/watch?v=UZSq9PgZfRQ,https://music.youtube.com/watch?v=lm4caA4zyck
14c543ca-7f28-5683-a3fa-aec6c4b608bd,8547e4c6-2fb6-576b-a01f-31d96bfbe207,4,O Meri Mehbooba Mehbooba Mehbooba,Mohammed Rafi,4.0,https://www.youtube.com/watch?v=0buHlSH-W2Q,https://music.youtube.com/watch?v=Yh35b5k8hYo,https://music.youtube.com/watch?v=P2H0v_dB6Ig,https://music.youtube.com/watch?v=ABz1sda-iTA
a5f0da98-553a-5760-9ede-ab8f4ed3e7c2,8547e4c6-2fb6-576b-a01f-31d96bfbe207,5,Band Ho Mutthi To Lakh Ki,"Lata Mangeshkar, Asha Bhosle",4.0,https://www.youtube.com/watch?v=GJWUzjEl-N8,https://music.youtube.com/watch?v=CCDxsaqIV90,https://music.youtube.com/watch?v=qg7eGId1KpU,https://music.youtube.com/watch?v=K20fH5VdGzw
279ee297-51ef-59d0-994d-76bbf26ad400,19151078-4997-5d67-8976-86ce72522765,1,Jiska Mujhe Tha Intezar,"Lata Mangeshkar, Kishore Kumar",4.0,https://www.youtube.com/watch?v=fuABlcEjaS0,https://music.youtube.com/watch?v=fuABlcEjaS0,https://music.youtube.com/watch?v=V5FTBbNUOZQ,https://music.youtube.com/watch?v=Yzxg8gc7l2Y
b28d182f-12da-5cd2-8617-31f1a74e8def,19151078-4997-5d67-8976-86ce72522765,2,Khaike Paan Banaras Wala,Kishore Kumar,4.0,https://www.youtube.com/watch?v=Dp731wPQiNk,https://music.youtube.com/watch?v=Q3EisUe0CAM,https://music.youtube.com/watch?v=BTVVO3pwU3o,https://music.youtube.com/watch?v=6KuC1tHpWSA
c563c155-9248-5dae-b6a1-e796b4706f34,19151078-4997-5d67-8976-86ce72522765,3,Yeh Mera Dil Yaar Ka Deewana,Asha Bhosle,4.67,https://www.youtube.com/watch?v=fDWp6zpRqX0,https://music.youtube.com/watch?v=lUFitnpPihs,https://music.youtube.com/watch?v=IUtYFovuuDg,
98ffca3c-fe4a-5d80-aa1c-02f9271183e2,19151078-4997-5d67-8976-86ce72522765,4,Are Diwano Mujhe Pehchano (Main Hoon Don),Kishore Kumar,4.0,https://www.youtube.com/watch?v=__-bBleeZrE,https://music.youtube.com/watch?v=60LJ1HqNwKM,https://music.youtube.com/watch?v=BvJ24uAf2RE,https://music.youtube.com/watch?v=bBocFI7HMC8
449fc03f-b353-54b9-a0a0-45bfb20c5ff8,99a75391-af55-555e-b0c2-9ffe585f0226,2,Chal Kahin Door Nikal Jayen (Kya Mausam Hai),"Lata Mangeshkar, Kishore Kumar, Mohammed Rafi",4.25,http://www.youtube.com/watch?v=aj9Yz5Xa54U,https://music.youtube.com/watch?v=kCSlqq2DjIw,https://music.youtube.com/watch?v=QhB2jV_4VPA,https://music.youtube.com/watch?v=OrtzBuj8QCk
21e85b42-cfb5-5865-b6ee-82d749dd7411,99a75391-af55-555e-b0c2-9ffe585f0226,5,Angna Aayenge Sanwariya,"Deven Varma, Pamela Chopra",4.0,https://www.youtube.com/watch?v=yxhoA0GF7Vc,https://music.youtube.com/watch?v=to0UVa4obx4,https://music.youtube.com/watch?v=yxhoA0GF7Vc,https://music.youtube.com/watch?v=HkvYfAAN3Wc
7dfd1957-dece-5a83-902f-e8c777ac78f3,99a75391-af55-555e-b0c2-9ffe585f0226,6,Aao Manaayen Jashn-E-Mohabbat,"Lata Mangeshkar, Kishore Kumar",4.0,https://www.youtube.com/watch?v=a27yiNt5vQc,https://music.youtube.com/watch?v=nQ9vPRFOtCQ,,
662ce314-81f0-5f9d-b384-bfb2e44671eb,ffe6d05a-bbdc-5a70-8255-9a25e6a6d805,1,Achra Mein Phulwa Lehke,Ravindra Jain,4.0,http://www.youtube.com/watch?v=YQwfkbBNnHo,https://music.youtube.com/watch?v=Wq5DbmRFwOU,https://music.youtube.com/watch?v=YQwfkbBNnHo,https://music.youtube.com/watch?v=4g9Fhl3cD70
7833ec43-9d47-5f19-ba1c-a05786c64f02,ffe6d05a-bbdc-5a70-8255-9a25e6a6d805,5,Sajna O Sajna (Le To Aaye Ho Hamen Sapnon Ke Gaon Mein),Hemlata,4.5,http://www.youtube.com/watch?v=9swOlDUpMcU,https://music.youtube.com/watch?v=DhbTw54W6ow,https://music.youtube.com/watch?v=p6mC62TPuG0,https://music.youtube.com/watch?v=JYNNHeSJODM
b15bbbc3-d7ce-5a53-8d8a-59463e3c5cc7,ffe6d05a-bbdc-5a70-8255-9a25e6a6d805,7,Khushiyan Hi Kushiyan Hon Daaman Mein Jiske,"Yesudas, Hemlata, Bansree Sengupta",4.4,http://www.youtube.com/watch?v=Xwfj-bvM8r8,https://music.youtube.com/watch?v=JvtNdJDSi8k,https://music.youtube.com/watch?v=z2R3mhwDXhk,https://music.youtube.com/watch?v=9D5RkvOkmPE
94dd7291-e80d-5cdc-8a12-c7456bac2b4b,ffe6d05a-bbdc-5a70-8255-9a25e6a6d805,8,Chaupaiyan (Ramayan),Hemlata,4.0,http://www.youtube.com/watch?v=Ha_O_PJaQD4,https://music.youtube.com/watch?v=9INKvcGOuOM,https://music.youtube.com/watch?v=ozvR1bLSi28,https://music.youtube.com/watch?v=meRLJj5R_Xk
1101707b-9f4d-5090-8658-2754c698f3e0,ffe6d05a-bbdc-5a70-8255-9a25e6a6d805,9,Baj Jayega,"Mohammed Rafi, Hemlata",4.0,http://www.youtube.com/watch?v=vMTcAOW4Tzk,https://music.youtube.com/watch?v=kcVONe_V7GY,https://music.youtube.com/watch?v=FYiQTnaCUds,
3d554b39-147d-5cfc-8cd3-221c4b7407e6,60987962-acc0-5d70-9cf1-928a6351b669,1,Tere Bina Jiya Jaye Na,Lata Mangeshkar,4.83,http://www.youtube.com/watch?v=9j5bnsNS-FE,https://music.youtube.com/watch?v=f53JlpOAr38,https://music.youtube.com/watch?v=9j5bnsNS-FE,https://music.youtube.com/watch?v=WDv_VNnovx0
cd00f8e3-a65a-54c9-8f2c-8d92023d697a,60987962-acc0-5d70-9cf1-928a6351b669,2,Aaj Kal Paon Zamin Par Nahin Padte Mere,Lata Mangeshkar,4.88,http://www.youtube.com/watch?v=MqCzyGLxQeQ,https://music.youtube.com/watch?v=AcXN3SOT8Uo,https://music.youtube.com/watch?v=TUdt36lK4TA,https://music.youtube.com/watch?v=JpKCeEfDZ_0
07864eb2-817b-5238-9f3a-3a5db1a0381e,60987962-acc0-5d70-9cf1-928a6351b669,3,Phir Wohi Raat Hai Khwab Ki,Kishore Kumar,4.8,http://www.youtube.com/watch?v=C-5WjfVmxKQ,https://music.youtube.com/watch?v=BEyMbKGhcNY,https://music.youtube.com/watch?v=h34dmUw_yCQ,https://music.youtube.com/watch?v=k4xNAemnpNM
96521a96-c84d-56ef-aa64-7648f2c6bdb8,60987962-acc0-5d70-9cf1-928a6351b669,4,Aap Ki Ankhon Mein Kuchh,"Lata Mangeshkar, Kishore Kumar",4.82,http://www.youtube.com/watch?v=NbqCWwlNKrA,https://music.youtube.com/watch?v=qn3WEdLtp-g,https://music.youtube.com/watch?v=5S4P14QX9Z4,https://music.youtube.com/watch?v=dmm5lM9BR8o
b29febc6-63bc-53e6-bb6a-3c1420fb4423,3264ffa4-4b09-5a52-a303-7783d9246902,1,Ek Akela Is Shaher Mein,Bhupinder Singh,4.71,https://www.youtube.com/watch?v=EpbjO-Qdfuc,https://music.youtube.com/watch?v=6itqughBHs8,https://music.youtube.com/watch?v=kjvu84BpF78,https://music.youtube.com/watch?v=EpbjO-Qdfuc
f17fb2e1-aa17-5750-af74-a7884bcabe5d,3264ffa4-4b09-5a52-a303-7783d9246902,2,Do Deewane Shaher Mein,"Runa Laila, Bhupinder Singh",4.8,https://www.youtube.com/watch?v=tLC8YVxqnVU,https://music.youtube.com/watch?v=YvK4wEG8-SY,https://music.youtube.com/watch?v=uLi3WcON1CU,https://music.youtube.com/watch?v=4ZfaBNuWwx8
13d89414-8f29-51f1-a6f5-54e65e5f4306,3264ffa4-4b09-5a52-a303-7783d9246902,3,Tumhen Ho Na Ho (Mujhe Pyar Tumse Nahin Hai) - Happy,Runa Laila,4.8,https://www.youtube.com/watch?v=AZXSBVWQ8wo,https://music.youtube.com/watch?v=I-RPAi_66eM,https://music.youtube.com/watch?v=xyuWRbud_78,https://music.youtube.com/watch?v=5LQfS4XlIZA
b5a933bd-d829-50f0-a100-8089cc971831,3264ffa4-4b09-5a52-a303-7783d9246902,4,Tumhen Ho Na Ho (Mujhe Pyar Tumse Nahin Hai) - Sad,Runa Laila,4.0,https://www.youtube.com/watch?v=0WxyTar3xUE,https://music.youtube.com/watch?v=xyuWRbud_78,https://music.youtube.com/watch?v=I-RPAi_66eM,
5910d978-b97b-51ec-9577-6a00371190d5,8f7a7a8d-f6de-5d93-93b9-04913b37ea28,4,Hum Tum Pehli Baar Mile Hain,Lata Mangeshkar,4.0,https://www.youtube.com/watch?v=yPehgM4mXtA,https://music.youtube.com/watch?v=iKrVLkS57uA,https://music.youtube.com/watch?v=bZEKBMJwi18,https://music.youtube.com/watch?v=exppBh9YKCQ
72ae74cd-7519-596f-b276-8ca6f26d3b6c,23d6609c-f1a9-5a6c-9abc-79b539263114,1,Chand Mera Dil Chandni Ho Tum,Mohammed Rafi,4.75,https://www.youtube.com/watch?v=g1Oz3Yfi0Oc,https://music.youtube.com/watch?v=AI9p7boCO2I,https://music.youtube.com/watch?v=rW6VdPb08EQ,https://music.youtube.com/watch?v=mGSjWj55Q5s
4d710d43-67ff-5216-b99d-4c3d53686ad1,23d6609c-f1a9-5a6c-9abc-79b539263114,2,Aa Dil Kya Mehfil Hai Tere,Kishore Kumar,4.5,https://www.youtube.com/watch?v=wP-oqspjwpM,https://music.youtube.com/watch?v=ubbw1PiJfxc,https://music.youtube.com/watch?v=H1ODvP_edJs,https://music.youtube.com/watch?v=Oryxd8HKEfE
8ba94071-058f-580f-a042-f5480c02aa92,23d6609c-f1a9-5a6c-9abc-79b539263114,3,Tum Kya Jaano Mohabbat Kya Hai,R.D. Burman,4.5,https://www.youtube.com/watch?v=PXt8_lIfu5I,https://music.youtube.com/watch?v=KHEupgQ98K4,https://music.youtube.com/watch?v=SRLbTv6yTwQ,https://music.youtube.com/watch?v=qBFCinpYgs4
b362e4ca-8c7f-5548-a6b8-bafa7b2c2a14,23d6609c-f1a9-5a6c-9abc-79b539263114,4,Mil Gaya Hum Ko Saathi Mil Gaya,"Asha Bhosle, Kishore Kumar",4.75,https://www.youtube.com/watch?v=G6kT5oNHP1s,https://music.youtube.com/watch?v=3_meVldwS6s,https://music.youtube.com/watch?v=aptqtgwL6PY,https://music.youtube.com/watch?v=uyjiK9QCU5U
680396ba-c26d-520e-a09f-1a74c30d74bf,23d6609c-f1a9-5a6c-9abc-79b539263114,6,Bachna Ae Haseeno Lo Main Aa Gaya,"Kishore Kumar, Asha Bhosle",4.6,https://www.youtube.com/watch?v=QiIWQvWxkSI,https://music.youtube.com/watch?v=eCecjjrj4uY,https://music.youtube.com/watch?v=KSKd4vIj0xk,https://music.youtube.com/watch?v=7tsOz8pV2Og
96ce7a08-c837-5f5e-8764-3d414cf222a8,23d6609c-f1a9-5a6c-9abc-79b539263114,7,Kya Hua Tera Wada,"Mohammed Rafi, Sushma Shrestha",4.8,https://www.youtube.com/watch?v=W6dKaCV-mJQ,https://music.youtube.com/watch?v=fyZ-sOHj-Vg,https://music.youtube.com/watch?v=OnomKR46aP4,https://music.youtube.com/watch?v=GPpVJWIKTNk
bb31b327-ac06-5678-a4a6-328c0a4c7da6,23d6609c-f1a9-5a6c-9abc-79b539263114,8,Yeh Ladka Haay Allah Kaisa Hai Deewana,"Asha Bhosle, Mohammed Rafi",4.2,https://www.youtube.com/watch?v=XmxBL_2xsss,https://music.youtube.com/watch?v=JzLvouciKRM,https://music.youtube.com/watch?v=q0Z1xD76PTA,https://music.youtube.com/watch?v=LJME1Sao6ZI
9c0d45c3-4ac7-510b-ae11-7e3b36de2654,5f18497b-875d-5bb6-949a-549c08ba6158,2,Mungda Mungda ,Usha Mangeshkar,4.0,https://www.youtube.com/watch?v=GKVxX1lgBmc,https://music.youtube.com/watch?v=3WEWQYiqqpA,,
d0755b79-e89a-5ec8-a911-d2180f2ed467,76641006-14b6-58f9-96e6-f0e4cca3dc84,6,Samay Tu Dheere Dheere Chal,"Asha Bhosle, Kishore Kumar",4.0,https://www.youtube.com/watch?v=W0pp8NIFQDw,https://music.youtube.com/watch?v=2fG9AxKC1tU,https://music.youtube.com/watch?v=Jlnl2HJTGho,https://music.youtube.com/watch?v=CqKM22E_mtM
d135f5c6-1e2f-519e-a99d-cb8283a3b82f,fe2df579-3f40-50af-9809-4fef9f5d5ec2,1,Thoda Hai Thode Ki Zaroorat Hai,"Lata Mangeshkar, Kishore Kumar",4.0,https://www.youtube.com/watch?v=fWvOiVufB-o,https://music.youtube.com/watch?v=beItchGhV78,https://music.youtube.com/watch?v=fWvOiVufB-o,https://music.youtube.com/watch?v=eVTQob2VwYY
7182683a-0646-51a3-8cd4-47104fa646a2,fe2df579-3f40-50af-9809-4fef9f5d5ec2,5,Tumse Mila Tha Pyar,"Lata Mangeshkar, Kishore Kumar",4.0,https://www.youtube.com/watch?v=CUDid7QmqdI,https://music.youtube.com/watch?v=SbvPEuAP6VQ,https://music.youtube.com/watch?v=43GveKRPPQA,https://music.youtube.com/watch?v=zHmqbjWOdf4
c376d4a6-ad13-585d-9408-4cdb1421b5fe,feebcb73-5e75-5e0e-9f1e-ad452104317d,1,Main Teri Ho Gayi Tu Mera Ho Gaya,Lata Mangeshkar,4.0,https://www.youtube.com/watch?v=qG_9cX_qBBI,https://music.youtube.com/watch?v=VnwztJDupCU,https://music.youtube.com/watch?v=qG_9cX_qBBI,https://music.youtube.com/watch?v=ThkGU5ofZas
7bb07c4f-dae4-5a72-82f0-4c78cd762b4e,0b9c5d23-6ad5-576d-a04c-60d2afec16a2,2,Ek Hi Khwaab Kai Baar Dekha,"Bhupinder Singh, Hema Malini",4.0,https://www.youtube.com/watch?v=V-Ym1pm2hDw,https://music.youtube.com/watch?v=K8R4Ob62TlE,https://music.youtube.com/watch?v=67f7kA_8Eq0,https://music.youtube.com/watch?v=V-Ym1pm2hDw
3d2fbea2-429c-5b4e-8ce5-6cfb83c5d164,0b9c5d23-6ad5-576d-a04c-60d2afec16a2,3,Meethe Bol Bole,"Bhupinder Singh, Lata Mangeshkar",4.33,http://www.youtube.com/watch?v=xvEhz4szccI,https://music.youtube.com/watch?v=jt8LlXlgz5k,https://music.youtube.com/watch?v=kzTOFs4F_c0,https://music.youtube.com/watch?v=9VBw0lU85g8
83caed69-56cb-5cc7-962a-f33e6bdac8d7,0b9c5d23-6ad5-576d-a04c-60d2afec16a2,4,Naam Gum Jaayega,"Lata Mangeshkar, Bhupinder Singh",4.75,https://www.youtube.com/watch?v=Hziy9jXQ8VQ,https://music.youtube.com/watch?v=-oWoYN_uimk,https://music.youtube.com/watch?v=Hziy9jXQ8VQ,https://music.youtube.com/watch?v=2LeM3KjZhSo
71e0d28e-6f41-5e72-b1ba-73ca08dfb7f4,0b9c5d23-6ad5-576d-a04c-60d2afec16a2,7,Jaane Kya Soch Kar,Kishore Kumar,4.33,http://www.youtube.com/watch?v=01YdQSBFCrk,https://music.youtube.com/watch?v=wHvouSXgPRc,https://music.youtube.com/watch?v=LeadKBV8PEQ,https://music.youtube.com/watch?v=kqtSxF2RbKE
58db7287-28e6-54b4-8c20-1f5f706c788d,0b9c5d23-6ad5-576d-a04c-60d2afec16a2,8,Koi Nahin Hai Kahin,Bhupinder Singh,4.0,http://www.youtube.com/watch?v=lqEUqLGkhng,https://music.youtube.com/watch?v=SkjGpqvFldE,https://music.youtube.com/watch?v=Bl2L65ovDRc,https://music.youtube.com/watch?v=3df2deai8hk
47e879fa-3ff7-5094-9395-914c521b6918,ce9aecba-63f0-566d-a0f8-d6f8e915c4e6,1,Dhanno Ki Aankhon Mein,R.D. Burman,4.33,https://www.youtube.com/watch?v=iwuk-C39H6k,https://music.youtube.com/watch?v=lOPzWBxF6dM,https://music.youtube.com/watch?v=UPFDYBTvwUM,https://music.youtube.com/watch?v=qYWxIpXTTr8
c631c569-ec68-597e-9c2f-01b4ddd9679b,8bc7dc5c-e906-50d1-a65a-4e2c9c145146,1,Rimjhim Gire Sawan (Female),Lata Mangeshkar,4.71,https://www.youtube.com/watch?v=46yS0EW2cCQ,https://music.youtube.com/watch?v=D7ABqLYZRpM,https://music.youtube.com/watch?v=9CaS_woGbmQ,https://music.youtube.com/watch?v=1yEL1V4r-x0
2eef6803-4170-5eba-b201-ebfdffbaf49f,8bc7dc5c-e906-50d1-a65a-4e2c9c145146,2,Tum Ho Mere Dil Ki Dhadkan,Kishore Kumar,4.67,https://www.youtube.com/watch?v=I3lil9_gFpQ,https://music.youtube.com/watch?v=I3lil9_gFpQ,https://music.youtube.com/watch?v=XaJ9pgB--j8,https://music.youtube.com/watch?v=BqjQ80BAtJ8
34d62f16-33ab-51b0-9fd2-c2c47a4e87a3,8bc7dc5c-e906-50d1-a65a-4e2c9c145146,3,Rimjhim Gire Sawan (Male),Kishore Kumar,4.83,https://www.youtube.com/watch?v=lfJKW2lmQTQ,https://music.youtube.com/watch?v=1yEL1V4r-x0,https://music.youtube.com/watch?v=DqmEJdDZtgA,https://music.youtube.com/watch?v=kAU8_00hAhs
456c5bdb-cb93-57e9-97c1-e7661fd072e7,77ce09a8-ce06-579c-af08-fc8b6177a6f9,1,Pyar Hai Ik Nishan Qadmon Ka - 1,Mohammed Rafi,4.0,https://www.youtube.com/watch?v=4y1tTa9VGvk,https://music.youtube.com/watch?v=4y1tTa9VGvk,https://music.youtube.com/watch?v=Jhj3v6t9Ofw,https://music.youtube.com/watch?v=JLq1p1-6lEI
073f7d7a-175f-5fbb-bfc0-e3958048cab4,77ce09a8-ce06-579c-af08-fc8b6177a6f9,4,Pyar Hai Ik Nishan Qadmon Ka - 2,Mohammed Rafi,4.0,https://www.youtube.com/watch?v=Jhj3v6t9Ofw,https://music.youtube.com/watch?v=4y1tTa9VGvk,https://music.youtube.com/watch?v=Jhj3v6t9Ofw,https://music.youtube.com/watch?v=_9lR--lnnjA
30eebc27-cb3a-5255-aa2d-970fd4a364e7,77ce09a8-ce06-579c-af08-fc8b6177a6f9,5,Suhani Chandni Raaten Hamen Sone Nahin Detin,Mukesh,4.0,https://www.youtube.com/watch?v=VL1zIHi1U4U,https://music.youtube.com/watch?v=BBzDgaS9VLs,https://music.youtube.com/watch?v=xFSV04TPHM4,
8729db94-5a78-592c-a740-a0db0800dbe8,58710081-fb18-5e1f-8912-2ee58aa0141b,3,Sona Kare Jhilmil Jhilmil (Brishti Pade Tapur Tupur),"Hemlata, Suresh Wadkar",4.67,http://www.youtube.com/watch?v=BCS1-tKr3BQ,https://music.youtube.com/watch?v=TYm0JtOI-vo,https://music.youtube.com/watch?v=exr5_8HKI7k,https://music.youtube.com/watch?v=83C8IF3IXL8
6bd4302c-250f-5648-b982-9d82661b9a31,07b9af5e-1aa8-5647-b700-a6ca48a777b4,3,Koi Mere Maathe Ki Bindiya Saja De Re (Ghunghta Gira Hai Zara),Lata Mangeshkar,4.0,https://www.youtube.com/watch?v=KRUCpNzvxy4,https://music.youtube.com/watch?v=nPsSxq-YMqE,https://music.youtube.com/watch?v=6geQG0el_X8,https://music.youtube.com/watch?v=8nYJgOq7XY4
9ace7244-9b81-53de-b1c5-b7acb7e4d019,6ba86f97-5c79-5a32-a174-bad896ac5e9d,1,Koi Roko Naa Deewane Ko,Kishore Kumar,4.0,https://www.youtube.com/watch?v=iwAabtCQcXY,https://music.youtube.com/watch?v=gBbHASvx2Dc,https://music.youtube.com/watch?v=SbFT9nYDRBo,https://music.youtube.com/watch?v=tbOW5EO0sOc
eade0c2e-60f1-53b4-b3e4-815627e64272,c81e5c5e-b3b1-5910-b055-4a8d38018565,1,Zahar Deta Hai Mujhe Koi (Male),Bhupinder Singh,4.0,https://www.youtube.com/watch?v=ham1q15a008,https://music.youtube.com/watch?v=ham1q15a008,https://music.youtube.com/watch?v=uDH-c6gfGRg,https://music.youtube.com/watch?v=IGDUZf5AQqo
a1600a14-7be0-5bcb-bc66-8505e1e76bf5,c81e5c5e-b3b1-5910-b055-4a8d38018565,4,Zahar Deta Hai Mujhe Koi (Female),Asha Bhosle,4.5,https://www.youtube.com/watch?v=uDH-c6gfGRg,https://music.youtube.com/watch?v=uDH-c6gfGRg,https://music.youtube.com/watch?v=ham1q15a008,https://music.youtube.com/watch?v=OBvGa8lbERg
89ae7b28-98fb-5e14-9537-5431c032fc00,314b78d3-ee6e-5553-82d0-a5dcbbf32f68,1,Pal Bhar Mein Yeh Kya Ho Gaya,Lata Mangeshkar,4.33,https://www.youtube.com/watch?v=JVgYYgZ51ps,https://music.youtube.com/watch?v=cprQj-JxIhA,https://music.youtube.com/watch?v=Cw4BmRhLNs8,https://music.youtube.com/watch?v=bLbOQHtpl-w
da6d2ac4-711c-5029-ac9f-541eb48bdbbb,314b78d3-ee6e-5553-82d0-a5dcbbf32f68,2,Ka Karoon Sajni Aaye Na Baalam,Yesudas,4.33,https://www.youtube.com/watch?v=R-bvaFL-IOs,https://music.youtube.com/watch?v=BoCVkAm02ms,https://music.youtube.com/watch?v=RkjvOXFV3IA,https://music.youtube.com/watch?v=Q0XaF-99MUc
7c9ce0f1-f4d4-5e5c-b4db-5e51a71d7ff3,314b78d3-ee6e-5553-82d0-a5dcbbf32f68,3,Yaadon Mein Woh,Kishore Kumar,4.0,https://www.youtube.com/watch?v=B3CnyetqykI,https://music.youtube.com/watch?v=uqtn6FcSukw,https://music.youtube.com/watch?v=anUyeih7Sys,https://music.youtube.com/watch?v=g2TKTJoKiRQ
f0ddb4d6-81af-5f74-ba41-3e1b6b001052,5cada9d5-744b-581f-9f89-a9f24cd621b8,4,Laayi Kahan Ae Zindagi,"Lata Mangeshkar, Asha Bhosle",4.33,https://www.youtube.com/watch?v=fYweg0-BRHc,https://music.youtube.com/watch?v=fYweg0-BRHc,https://music.youtube.com/watch?v=KRft3x7KORE,https://music.youtube.com/watch?v=leQmY8nLluU
41c846ad-cd17-543e-afb7-8f3055cadddc,5cada9d5-744b-581f-9f89-a9f24cd621b8,5,Bhanware Ki Gun Gun Gaaye Meri Dhun (Piya Sun),Asha Bhosle,4.0,https://www.youtube.com/watch?v=dRYZkunRSwQ,https://music.youtube.com/watch?v=dRYZkunRSwQ,https://music.youtube.com/watch?v=Kye_reFwwic,
58bd7dc0-0039-51d8-8733-68c0655bcbb2,5cada9d5-744b-581f-9f89-a9f24cd621b8,6,Jeevan Mein Humsafar Milte To Hain Zaroor (Sad),Kishore Kumar,4.0,https://www.youtube.com/watch?v=dcNmM5WeLA8,https://music.youtube.com/watch?v=WyUVYLgwqNU,https://music.youtube.com/watch?v=3gn1jbkHf3c,https://music.youtube.com/watch?v=dcNmM5WeLA8
9abcaf30-7f7a-53ba-b79e-b5654220aa80,949d2a16-5209-50a9-9238-3a512024787c,1,Maana Ho Tum Behad Hasin (Fast),Yesudas,4.6,https://www.youtube.com/watch?v=IpYuJ6c3un4,https://music.youtube.com/watch?v=-1v_a2cKc8E,https://music.youtube.com/watch?v=9miCwGzTmQU,https://music.youtube.com/watch?v=gcDPUglKVyg
e4d6a57f-88c3-59af-a276-27a88208058c,b7765cc2-7b93-559e-9b52-e3249bb5a9be,1,Ankhiyon Ke Jharokhon Se - I,Hemlata,4.25,http://www.youtube.com/watch?v=KqpIIaCJggY,https://music.youtube.com/watch?v=UQLIylcCB_Y,https://music.youtube.com/watch?v=KqpIIaCJggY,https://music.youtube.com/watch?v=TtyxuBBBZBA
3363351f-0318-5c93-a060-0f4b4e8d3886,b7765cc2-7b93-559e-9b52-e3249bb5a9be,4,Kai Din Se Mujhe,"Hemlata, Shailendra Singh",4.0,http://www.youtube.com/watch?v=NFZbzOCamlA,https://music.youtube.com/watch?v=Um_7kxI4cHU,https://music.youtube.com/watch?v=rmALBhyqPDI,https://music.youtube.com/watch?v=sV3lran60cQ
c93619db-a692-58b6-9ceb-f869ccdd41dc,7e0310f0-c308-5b1e-83c5-60c71824ebce,1,Naghmen Gaao Kaliyaan Barsao,Kishore Kumar,4.0,https://www.youtube.com/watch?v=bALZJKqTkIo,https://music.youtube.com/watch?v=fCGLsQU6jtg,https://music.youtube.com/watch?v=Xtnrlkwf40Q,
6bb600e0-36ba-5ad8-bdc7-e1be88cace5f,7e0310f0-c308-5b1e-83c5-60c71824ebce,3,Hamra Mukhda Chand Ki Tukda,"Asha Bhosle, Mohammed Rafi",4.0,https://www.youtube.com/watch?v=57JP4SHBCoE,https://music.youtube.com/watch?v=zjsmYxd3G5g,https://music.youtube.com/watch?v=KVZTiqzNqkA,
480aaa3c-99d7-5d84-a844-d2ca6e9dbc40,7e0310f0-c308-5b1e-83c5-60c71824ebce,4,Ey Ji Kaho Kya Haal Hai,"Asha Bhosle, Kishore Kumar",4.0,https://www.youtube.com/watch?v=z0yPh7GLoX0,https://music.youtube.com/watch?v=cg-lp3eIZtI,,
37d1c813-d7e0-5cb7-909d-80674349bc30,e02d33ad-4ae0-519e-a68a-ede29b3f9252,4,Jhuk Gayi Aankhen Teri,"Lata Mangeshkar, Kishore Kumar",4.0,https://www.youtube.com/watch?v=3ijFgWwToV8,https://music.youtube.com/watch?v=3ijFgWwToV8,https://music.youtube.com/watch?v=368nYyKbEMw,https://music.youtube.com/watch?v=PS8SX0CcDM8
d6ebd131-4674-5ea8-9b11-dd60aeb02050,50352d80-ddb8-5975-a084-79a7056539eb,3,Pyar Maanga Hai Tumhin Se,Kishore Kumar,4.2,https://www.youtube.com/watch?v=J7o3BD-kUc8,https://music.youtube.com/watch?v=xPl-cM2dDj0,https://music.youtube.com/watch?v=P2WwU42NOkg,https://music.youtube.com/watch?v=40rfTsuhKxU
1e98585e-4c20-56e2-ba5e-08e4aac7f890,6eaebe04-6b2f-590a-93f3-a21a65312d4b,4,Dil Ke Tukde Tukde Karke,Yesudas,4.0,https://www.youtube.com/watch?v=eEN-E7HQw6I,https://music.youtube.com/watch?v=ZYuci-Gq0_c,https://music.youtube.com/watch?v=thEIw5AzJr8,https://music.youtube.com/watch?v=DuP3Etthbf8
cf5e815b-6f2c-5b94-b3f3-0000fa3fb5be,79a8593e-d89b-594c-a147-697270725dc8,2,Aap Kahen Aur Hum Naa Aayen,Lata Mangeshkar,4.0,https://www.youtube.com/watch?v=LZalkmlhJwQ,https://music.youtube.com/watch?v=y6BScRzOqMY,https://music.youtube.com/watch?v=X7V4bRx8MRo,https://music.youtube.com/watch?v=p6-_k8msEDo
763a1d23-4262-533b-a8f9-ab4e7ae7b240,79a8593e-d89b-594c-a147-697270725dc8,5,Nazrana Bheja Kisi Ne Pyar Ka,Kishore Kumar,4.0,https://www.youtube.com/watch?v=M0bU1syCNxs,https://music.youtube.com/watch?v=LWmx6Kms0ok,https://music.youtube.com/watch?v=Q_-X4GjHjrc,https://music.youtube.com/watch?v=qvKXmFmnndg
89651ff1-2736-541e-b088-fbb632e83c50,275f9c19-6b8a-5683-9c2e-65f48063d387,1,Gulmohar Gar Tumhara Naam Hota,"Kishore Kumar, Lata Mangeshkar",4.5,https://www.youtube.com/watch?v=Qj3uIJWS_kI,https://music.youtube.com/watch?v=PTSMkt5vVdg,https://music.youtube.com/watch?v=0qo297_-IBo,https://music.youtube.com/watch?v=Lg_8hMi9qC4
ae670140-94f5-53ed-8db3-80630830151f,275f9c19-6b8a-5683-9c2e-65f48063d387,3,Chand Chura Ke Laaya Hoon,"Kishore Kumar, Lata Mangeshkar",4.0,http://www.youtube.com/watch?v=Qs4lWVCEb0A,https://music.youtube.com/watch?v=bLrV7gcNd9o,,
4e9e669b-f82c-5db5-ba20-021998756c54,9b29cf68-a05a-5f34-aa9d-8438be388eab,1,Rangrejva Tu Rang Aisi Chunri Hamaar (Kar Gayi Mast Mujhe),"Kishore Kumar, Suman Kalyanpur",4.0,https://www.youtube.com/watch?v=UTy6MvxtbtI,https://music.youtube.com/watch?v=NsRTEE8eClQ,https://music.youtube.com/watch?v=k2TZiztwEjs,https://music.youtube.com/watch?v=w2q6gO1sMGA
c41a4253-1595-5fa2-beb8-74a6a3a4e3a6,9b29cf68-a05a-5f34-aa9d-8438be388eab,2,Baadal To Aaye,Lata Mangeshkar,4.0,https://www.youtube.com/watch?v=QveF_lM3hQ8,https://music.youtube.com/watch?v=X3gGcHscQWQ,https://music.youtube.com/watch?v=QveF_lM3hQ8,
c3185b4f-467f-5caa-b8b7-579b7d9f130c,9b29cf68-a05a-5f34-aa9d-8438be388eab,3,Prem Hai Prem Hai,"Lata Mangeshkar, Nitin Mukesh",4.0,https://www.youtube.com/watch?v=jdq9PPIEm9I,https://music.youtube.com/watch?v=T1Yvg692pvE,https://music.youtube.com/watch?v=jdq9PPIEm9I,https://music.youtube.com/watch?v=UVSS-3NVGbU
2c671fa5-275b-570a-8b7b-9622d96646e7,9b29cf68-a05a-5f34-aa9d-8438be388eab,4,Main Kaun Sa Geet Sunaoon,Lata Mangeshkar,4.0,https://www.youtube.com/watch?v=iJDag1rnCG8,https://music.youtube.com/watch?v=E3CTjKy1ULo,https://music.youtube.com/watch?v=iJDag1rnCG8,
30f68235-87cb-5f1d-820d-062c26404cba,7faa3feb-07a5-5f72-a874-c22b6e843e86,1,Dil Se Mile Dil - I,Kishore Kumar,4.0,https://www.youtube.com/watch?v=5ELQ4301f2k,https://music.youtube.com/watch?v=XqrSIMBHsYo,https://music.youtube.com/watch?v=5ELQ4301f2k,https://music.youtube.com/watch?v=XUw_cVh5t8I
9014240c-7ec0-5f78-82ae-471a11fdb857,7faa3feb-07a5-5f72-a874-c22b6e843e86,5,Yeh Naina Yeh Kaajal,Kishore Kumar,4.25,https://www.youtube.com/watch?v=OFHWtU7NKc4,https://music.youtube.com/watch?v=UYj3uOFH7AE,https://music.youtube.com/watch?v=RBzPBVr6B2k,https://music.youtube.com/watch?v=wsz1BRZHUCY
ad3d61cf-ebc3-51e0-b7ae-e3ecc0248ed6,208fc5c7-3b52-5e4e-a7b3-940694bbfa8d,1,Zindagi Zindagi Mere Ghar Aana,"Bhupinder Singh, Anuradha Paudwal",4.67,https://www.youtube.com/watch?v=KtYND8LoVYo,https://music.youtube.com/watch?v=KtYND8LoVYo,https://music.youtube.com/watch?v=WJ5-wCYx1Jw,https://music.youtube.com/watch?v=Ti9uHWoxD1U
a8e0c58a-bb43-58c4-9932-0ea71eff2154,208fc5c7-3b52-5e4e-a7b3-940694bbfa8d,3,Zindagi Mein Jab Tumhare Gham Nahin The,"Bhupinder Singh, Anuradha Paudwal",4.33,https://www.youtube.com/watch?v=GicQ-9FICAE,https://music.youtube.com/watch?v=GicQ-9FICAE,https://music.youtube.com/watch?v=GUaZyk-YkW8,https://music.youtube.com/watch?v=K-E5abqXqrg
842bb650-c5dd-55e5-8cff-c116682256a9,120c3c19-89ea-57a6-ac41-edab274b11cb,2,Aapki Yaad Aati Rahi Raat Bhar,Chaya Ganguly,4.8,https://www.youtube.com/watch?v=Y9iE_CIU9Os,https://music.youtube.com/watch?v=IM_2paoTVvM,https://music.youtube.com/watch?v=nmxvvc4zzG0,https://music.youtube.com/watch?v=FsCkX3LnMPw
d8c718b6-922c-504b-b342-8740f5fb9ec8,120c3c19-89ea-57a6-ac41-edab274b11cb,3,Ajeeb Saaneha Mujh Par Guzar Gaya,Hariharan,4.25,https://www.youtube.com/watch?v=f5x0YKnAeu0,https://music.youtube.com/watch?v=5SJNGRqJj_k,https://music.youtube.com/watch?v=jkuiV5CGg4s,https://music.youtube.com/watch?v=tmKRNibw99w
0869fdc1-0a40-51d5-a644-7f84b35d8614,120c3c19-89ea-57a6-ac41-edab274b11cb,4,Seene Mein Jalan Ankhon Mein Toofan Sa Kyun Hai,Suresh Wadkar,5.0,https://www.youtube.com/watch?v=R6CMl_EOQhw,https://music.youtube.com/watch?v=ze-UUg63QO8,https://music.youtube.com/watch?v=vk2F-q4xReY,https://music.youtube.com/watch?v=JkWWZZVH1tk
dfa89276-95b9-50ad-9a3a-58992b189e8f,45b148e7-cba9-55d7-8d00-2fc9a255220f,1,Maano To Main Ganga Maa Hoon,Lata Mangeshkar,4.0,http://www.youtube.com/watch?v=luQWMvmCrFk,https://music.youtube.com/watch?v=d-aNIr770Fo,https://music.youtube.com/watch?v=saKqaizXS-w,https://music.youtube.com/watch?v=el7keSalDJ8
7cfbf7b6-1a0e-55b9-924e-e155a181dad3,225171d3-42a0-58ea-b818-88bf8745e83a,1,Hum Aur Tum The Saathi - I,Kishore Kumar,4.33,https://www.youtube.com/watch?v=tU5j3MvDiJY,https://music.youtube.com/watch?v=_goZYceSICI,https://music.youtube.com/watch?v=tU5j3MvDiJY,https://music.youtube.com/watch?v=UzgrDRi6uEs
c26b7075-bd6b-58fd-b4b1-f98142c6d292,63637346-c576-514d-b45e-8e092135cc6e,6,Chalo Re Doli Uthao Kahaar,Mohammed Rafi,4.0,https://www.youtube.com/watch?v=foHgTYLItoI,https://music.youtube.com/watch?v=btFk0ufExpg,https://music.youtube.com/watch?v=yvDLN6hXR7M,https://music.youtube.com/watch?v=foHgTYLItoI
043a9746-67d3-5450-a5f4-a2ba78d66355,2a458839-34c1-582b-bf5f-9c4cb915516e,1,Teri Aankhon Ki Chahat Mein,Anwar,4.25,https://www.youtube.com/watch?v=IasMAn0Oak0,https://music.youtube.com/watch?v=fpHn2ndg_CE,https://music.youtube.com/watch?v=IasMAn0Oak0,https://music.youtube.com/watch?v=M2s-UG8NioE
3022b743-73ae-560f-93e9-13f98f59023a,2a458839-34c1-582b-bf5f-9c4cb915516e,4,Humse Ka Bhool Hui,Anwar,4.0,https://www.youtube.com/watch?v=M8zM2kfTrxA,https://music.youtube.com/watch?v=WDL92rEj-_c,https://music.youtube.com/watch?v=aI1LfEfgdik,https://music.youtube.com/watch?v=M8zM2kfTrxA
ed4e40a5-6b77-5576-a548-1d91cfa2bf5f,fbff346b-bdd0-51a7-9906-c8a8d3e83727,1,Sawan Ke Jhoole Pade,Lata Mangeshkar,4.33,http://www.youtube.com/watch?v=cf3sesBDqDA,https://music.youtube.com/watch?v=RmO90P1s2D8,https://music.youtube.com/watch?v=tn5VfdSNQzw,https://music.youtube.com/watch?v=CBP96dX_Ecs
2192b16d-0864-5f89-b0c0-6b88a6af62a0,fbff346b-bdd0-51a7-9906-c8a8d3e83727,2,Ae Sakhi Radhike Bawri Ho Gayi,"Lata Mangeshkar, Manna Dey",4.0,https://www.youtube.com/watch?v=kpDLHwydMIg,https://music.youtube.com/watch?v=IziB4kV8vh8,https://music.youtube.com/watch?v=tgM1Q9gzn2c,https://music.youtube.com/watch?v=v__p2uIlKGQ
9a8ff45a-3550-5580-8760-5c131682b78f,fbff346b-bdd0-51a7-9906-c8a8d3e83727,6,Sawan Ke Jhoole Pade (Sad),Lata Mangeshkar,4.0,https://www.youtube.com/watch?v=0VbyQ5tdavI,https://music.youtube.com/watch?v=RmO90P1s2D8,https://music.youtube.com/watch?v=tn5VfdSNQzw,https://music.youtube.com/watch?v=CBP96dX_Ecs
587a7689-3024-5926-9713-2336e1704497,237ca929-4d90-5476-8ef3-ff5955c9f6c8,1,Kasme Vaade Nibhayenge Hum - I,"Kishore Kumar, Lata Mangeshkar",4.25,https://www.youtube.com/watch?v=P6O_45MUYsM,https://music.youtube.com/watch?v=IQY-CaHuVOY,https://music.youtube.com/watch?v=e3EXEVwm0-c,https://music.youtube.com/watch?v=NAIbl-gXJwI
284340c0-54b4-5bda-9b7a-44ae28c694da,237ca929-4d90-5476-8ef3-ff5955c9f6c8,4,Aati Rahengi Bahaaren (Happy),"Kishore Kumar, Asha Bhosle, Amit Kumar",4.25,https://www.youtube.com/watch?v=8u9ugbiA2PU,https://music.youtube.com/watch?v=LRledmt3CHg,https://music.youtube.com/watch?v=F7pWTWrvL2M,https://music.youtube.com/watch?v=tvl7zONVLlk
ca2afeed-9e0c-513f-97a8-3f10611bac00,ccb7e635-3f1f-5976-8e07-e8c9d5114037,6,Zid Naa Karo Ab To Ruko (Female),Lata Mangeshkar,4.33,https://www.youtube.com/watch?v=YhwkUmNZtQc,https://music.youtube.com/watch?v=YhwkUmNZtQc,https://music.youtube.com/watch?v=Wju13qeO77M,https://music.youtube.com/watch?v=HUcvIuJFLtA
cb388127-a0e4-5206-9e80-4e9de45aa3ed,ccb7e635-3f1f-5976-8e07-e8c9d5114037,7,Zid Naa Karo Ab To Ruko (Male),Yesudas,4.33,https://www.youtube.com/watch?v=HUcvIuJFLtA,https://music.youtube.com/watch?v=2sqHc8-6LRk,https://music.youtube.com/watch?v=HUcvIuJFLtA,https://music.youtube.com/watch?v=vWy_0RzZ6kg
1cfd3758-5e4f-5e02-91b1-b3c495d53a75,50796c31-b7e9-587e-a916-78e6ea23005b,1,Rote Hue Aate Hain Sab (Woh Muqaddar Ka Sikandar),Kishore Kumar,4.67,https://www.youtube.com/watch?v=_O5IQ8dljcQ,https://music.youtube.com/watch?v=IwCMSecW_tM,https://music.youtube.com/watch?v=xcu2Dn_zTZA,https://music.youtube.com/watch?v=MSgbs_NuWoY
6481dfbb-483f-5ff4-acb5-eec979a5fe48,50796c31-b7e9-587e-a916-78e6ea23005b,2,O Saathi Re Tere Bina Bhi Kya Jeena (Female),Asha Bhosle,4.0,https://www.youtube.com/watch?v=t7weF8oBxho,https://music.youtube.com/watch?v=O9E3lZd7Vcc,https://music.youtube.com/watch?v=yMfUfCRWLDM,https://music.youtube.com/watch?v=NrFWAokXglg
ccc96543-7200-5681-8cb0-3e39f0f44f8b,50796c31-b7e9-587e-a916-78e6ea23005b,3,Salaam-E-Ishq Meri Jaan Zara Qubool Kar Lo,"Lata Mangeshkar, Kishore Kumar",4.5,https://www.youtube.com/watch?v=EAqHbsTyG7o,https://music.youtube.com/watch?v=pHMkfrV-Pfc,https://music.youtube.com/watch?v=pdnHmLG9CCk,
2eca28f9-b45f-5016-a4a3-c321c5b03bd1,50796c31-b7e9-587e-a916-78e6ea23005b,5,Pyar Zindagi Hai,"Lata Mangeshkar, Asha Bhosle, Mahendra Kapoor",4.25,https://www.youtube.com/watch?v=30DZ1aFUv8c,https://music.youtube.com/watch?v=3OfE2JIuTNI,https://music.youtube.com/watch?v=ii62Hh7JBjU,https://music.youtube.com/watch?v=C_M2tg-nYz4
2091b944-1344-501f-9f20-d1f63c7f3fc6,50796c31-b7e9-587e-a916-78e6ea23005b,6,Dil To Hai Dil,Lata Mangeshkar,4.0,https://www.youtube.com/watch?v=5NYAsEn6-Uo,https://music.youtube.com/watch?v=HvLpbGSV7x0,https://music.youtube.com/watch?v=hVIZbHbUwzY,https://music.youtube.com/watch?v=5bUIqvaWZZ4
ebc61a6b-8b08-54c9-8eda-24cad9d71c04,50796c31-b7e9-587e-a916-78e6ea23005b,7,O Saathi Re Tere Bina Bhi Kya Jeena (Male),Kishore Kumar,4.6,https://www.youtube.com/watch?v=ozk-LEKq2Vc,https://music.youtube.com/watch?v=EkDtRsNRTjA,https://music.youtube.com/watch?v=F91kiWVwSqM,https://music.youtube.com/watch?v=V0Lx_4d7RS0
2ecdb9d6-e943-507a-aff9-a671811bca14,e485f634-7762-51b9-90df-24fd74fc623c,2,Ab Se Pahle (Aaj Kya Ho Gaya),Usha Mangeshkar,4.0,https://www.youtube.com/watch?v=MOQ_o2TzFLw,https://music.youtube.com/watch?v=QLwD5ILdhFE,https://music.youtube.com/watch?v=G9HsO_fs4I8,
fd8293b4-6914-5bee-8fcf-118d4c89889e,ceaf3005-270c-5c2a-8098-87e45967dfe0,2,Madhuban Khushboo Deta Hai (Male),Yesudas,4.17,https://www.youtube.com/watch?v=ZPT-rm0C0WE,https://music.youtube.com/watch?v=IIdcLc9No-0,https://music.youtube.com/watch?v=3DRVa58kAks,https://music.youtube.com/watch?v=UJffpr9mcdk
d5e5f333-a5d9-527e-8821-22f5fa3c0809,ceaf3005-270c-5c2a-8098-87e45967dfe0,5,Madhuban Khushboo Deta Hai (Duet),"Yesudas, Anuradha Paudwal",4.25,https://www.youtube.com/watch?v=dIZQveCQC00,https://music.youtube.com/watch?v=IIdcLc9No-0,https://music.youtube.com/watch?v=ke8C7W9hQjQ,https://music.youtube.com/watch?v=14FQ40Pfaw0
a1d4b49a-daac-513a-9bdc-d0f0ab063df3,75c128ed-7cf1-5109-a9ea-052d5745abe6,1,Satyam Shivam Sundaram - I,Lata Mangeshkar,4.71,https://www.youtube.com/watch?v=yJjgpqzBXKQ,https://music.youtube.com/watch?v=NQBUtPeZxsg,https://music.youtube.com/watch?v=wgNi5bFUca4,https://music.youtube.com/watch?v=8Y7h567S_pA
662129ff-c106-50cd-bf60-839bf6e2528c,75c128ed-7cf1-5109-a9ea-052d5745abe6,2,Yashomati Maiya Se Bole Nandlala (Duet),"Manna Dey, Lata Mangeshkar",4.0,https://www.youtube.com/watch?v=9_8eHkWO24I,https://music.youtube.com/watch?v=vdUXdBwbIh4,https://music.youtube.com/watch?v=2EBQDAKOvkc,https://music.youtube.com/watch?v=idiLnbZa2r4
f2bec22d-020a-570f-9c36-e41a4b883271,75c128ed-7cf1-5109-a9ea-052d5745abe6,3,Bhor Bhaye Panghat Pe,Lata Mangeshkar,4.33,https://www.youtube.com/watch?v=DgK8DTaAeSE,https://music.youtube.com/watch?v=c6k23PZwlK8,https://music.youtube.com/watch?v=ovOllfeUeTo,
129ef1a5-b394-5599-b3d4-3a5d6492bb1a,75c128ed-7cf1-5109-a9ea-052d5745abe6,4,Woh Aurat Hai Tu Mehbooba,"Nitin Mukesh, Lata Mangeshkar",4.33,https://www.youtube.com/watch?v=kwgST2tYopE,https://music.youtube.com/watch?v=C7ABYpXud0Q,https://music.youtube.com/watch?v=91aMbOFoaC4,https://music.youtube.com/watch?v=LrzgQoqKk-I
419d08a5-6026-5d7b-a853-ea69008060b3,75c128ed-7cf1-5109-a9ea-052d5745abe6,7,Yashomati Maiya Se Bole Nandlala (Female),Lata Mangeshkar,4.0,https://www.youtube.com/watch?v=JIqrqR77tGM,https://music.youtube.com/watch?v=JIqrqR77tGM,https://music.youtube.com/watch?v=sH_Dip_mFKU,https://music.youtube.com/watch?v=JiVqi1JJ2_U
ed1a5cd2-cb49-5a63-92c0-c906ccbf6171,a7bd228f-6516-5cec-9a46-3b2456896c72,18,Zindagi Ki Raat Mein,Talat Mahmood,4.0,https://www.youtube.com/watch?v=Mr5wY9iBmm4,https://music.youtube.com/watch?v=N1OTTpm-U-E,,
b1604ae9-b238-5e58-9c9f-24c7dc38be3c,a7bd228f-6516-5cec-9a46-3b2456896c72,19,Zindagi Ki Udas Raahon Mein,Talat Mahmood,4.0,https://www.youtube.com/watch?v=Ce-QAlzmnFA,https://music.youtube.com/watch?v=Ce-QAlzmnFA,https://music.youtube.com/watch?v=rvPLajJ_MuQ,https://music.youtube.com/watch?v=GyZ5A_QOYuc
3830cbbf-e957-5414-80cc-de5cfd1f1b10,2b8c2f3a-922f-5945-a10c-fa9628f39c03,2,One Two Cha Cha Cha,Usha Uthup,4.0,https://www.youtube.com/watch?v=zxL6Du2wv-Y,https://music.youtube.com/watch?v=bDtokICFGqI,https://music.youtube.com/watch?v=zxL6Du2wv-Y,https://music.youtube.com/watch?v=Aayds_7nLC0
1d26eaa3-4622-5586-ac17-bf24b39c5aaa,2b8c2f3a-922f-5945-a10c-fa9628f39c03,3,Hum Bewafa Hargiz Na The,Kishore Kumar,4.67,https://www.youtube.com/watch?v=2CeEnk_3o5g,https://music.youtube.com/watch?v=2CeEnk_3o5g,https://music.youtube.com/watch?v=upSMy92CqMc,https://music.youtube.com/watch?v=-8gC4_5qEfU
437c0056-a3cf-5dbd-95c5-d4471a33e15b,2b8c2f3a-922f-5945-a10c-fa9628f39c03,9,Mera Pyar Shalimar,Asha Bhosle,4.0,https://www.youtube.com/watch?v=cM3M9vqxzvY,https://music.youtube.com/watch?v=cM3M9vqxzvY,https://music.youtube.com/watch?v=AiXccAMX57w,https://music.youtube.com/watch?v=UyGIwNwr06Q
ffb4ccde-2c7a-573e-847c-4085d76eb29d,7515f2aa-061c-5ed5-9532-8059a61a85d9,1,Sultana Sultana Mera Naam Hai Sultana,Usha Mangeshkar,4.0,http://www.youtube.com/watch?v=GQz3AqDzKGQ,https://music.youtube.com/watch?v=ktyoGAOF5-k,https://music.youtube.com/watch?v=Lnd8J5-0ulE,https://music.youtube.com/watch?v=FMiRJXeCHy0
3ed093e8-f7ea-53e6-8b3c-fe495172c7ee,7515f2aa-061c-5ed5-9532-8059a61a85d9,2,Gunche Lage Hain Kahne,Shailendra Singh,4.0,http://www.youtube.com/watch?v=QB5BJ6JCVbs,https://music.youtube.com/watch?v=PHYzPmNBKy4,https://music.youtube.com/watch?v=-IiFyMMI4cg,https://music.youtube.com/watch?v=CMX0w57HexM
b14e6314-94cb-515c-a870-4e88a108cb08,7515f2aa-061c-5ed5-9532-8059a61a85d9,3,Hum Tum Dono Saath Mein Bheeg Jayenge Barsaat Mein,"Usha Mangeshkar, Shailendra Singh",4.0,http://www.youtube.com/watch?v=vS7sAJUTEg8,https://music.youtube.com/watch?v=D8WGazUMWqA,https://music.youtube.com/watch?v=XGmKQrmhc0k,
fed6c2fc-5653-5d20-951f-ff522f53920f,6d3ad45b-ce9d-5b9a-80f3-65594854f50b,1,Din Ba Din Woh Mere Dil Se,Lata Mangeshkar,4.33,https://www.youtube.com/watch?v=ly5JG15MQoI,https://music.youtube.com/watch?v=h30mzkHXuow,https://music.youtube.com/watch?v=HBDirTz1vNk,https://music.youtube.com/watch?v=m2463bWxt_4
f2832238-39e1-5a5b-907c-0ecff7afc96c,b909a298-8f10-5956-b93c-d17b4881725e,2,Mohabbat Bade Kaam Ki Cheez Hai,"Lata Mangeshkar, Kishore Kumar, Yesudas",4.0,https://www.youtube.com/watch?v=eA4hWjEfDpk,https://music.youtube.com/watch?v=ieh88yQz4AI,https://music.youtube.com/watch?v=smHsw7nBXWc,https://music.youtube.com/watch?v=11tQFfV2KoA
18007e53-8a7a-52a0-a08b-77830e7f0e4b,b909a298-8f10-5956-b93c-d17b4881725e,3,Jaaneman Tum Kamaal Karte Ho,"Kishore Kumar, Lata Mangeshkar",4.0,https://www.youtube.com/watch?v=TyneCzCw6hs,https://music.youtube.com/watch?v=kDVuCc3S7WA,https://music.youtube.com/watch?v=i-1jIGy9p98,https://music.youtube.com/watch?v=en8wwhmZR5Y
ab896abb-ebc0-595a-8cb9-636d9df3df05,b909a298-8f10-5956-b93c-d17b4881725e,4,Gapuchi Gapuchi Gam Gam,"Lata Mangeshkar, Nitin Mukesh",4.0,https://www.youtube.com/watch?v=KxY_F-znJvs,https://music.youtube.com/watch?v=vQbWRJ_n8eQ,https://music.youtube.com/watch?v=9yg5XM7lQ4Y,
a5cdbf3e-ed45-5cc8-9d1d-d52c19fc8604,b909a298-8f10-5956-b93c-d17b4881725e,6,Aap Ki Mahki Hui Zulf Ko Kahte Hain Ghata,"Yesudas, Lata Mangeshkar",4.5,https://www.youtube.com/watch?v=tEXKGXzus7A,https://music.youtube.com/watch?v=LkW1awbejpI,https://music.youtube.com/watch?v=YURtncf0PNQ,https://music.youtube.com/watch?v=SgUt_6OCP8s
60871564-14c8-5809-a59e-b0f6fb366339,51a82dee-56a0-5202-970a-45a7895251c8,1,Tumhen Dekhti Hoon To Lagta Hai Aise,Lata Mangeshkar,4.33,http://www.youtube.com/watch?v=LGPttUlg2Do,https://music.youtube.com/watch?v=xyYj7BFVdx8,,
a59f49e3-81b8-546d-9e70-08a9359d04b7,0dc07b5b-a6f9-5723-b482-843a202e93f8,5,Hum Dono Mil Ke Kagaz Pe Dil Ke Chitthi Likhenge,"Asha Bhosle, Mukesh",4.33,https://www.youtube.com/watch?v=vnwpD2XZ0kM,https://music.youtube.com/watch?v=mMuWwD7Gj8I,https://music.youtube.com/watch?v=G0eG_MQ3-F8,https://music.youtube.com/watch?v=fGoFgrz2nco
c09aa1b8-7bdd-5157-a0ab-87bfc88460f4,ae7fa324-5961-51a5-8a4f-1f5e73d3c787,4,Bhor Bhaye Panchhi Dhun Yeh Sunaye,Lata Mangeshkar,4.0,https://www.youtube.com/watch?v=K9aS7I7jpRE,https://music.youtube.com/watch?v=K9aS7I7jpRE,https://music.youtube.com/watch?v=WdCnUJ3HmwQ,https://music.youtube.com/watch?v=2A4dEtLQIyQ
b4cf628a-5952-5e73-a5e7-158ff5f8c83f,cb6f3e78-4cb9-5db1-b3ae-a2f189218354,2,Saiyan Bina Ghar Soona,"Lata Mangeshkar, Bhupinder Singh",4.5,https://www.youtube.com/watch?v=cOPAN8N1yBg,https://music.youtube.com/watch?v=3XtangZJhWA,https://music.youtube.com/watch?v=YyQ0Dm33JyI,https://music.youtube.com/watch?v=5Uz0Ngl2Ecg
eac9af6c-1077-5cce-81b4-5f4f0262ce80,cb6f3e78-4cb9-5db1-b3ae-a2f189218354,5,Dhoop Bhi Dekhi,Aarti Mukherji,4.0,https://www.youtube.com/watch?v=w5bvlPkAfpE,https://music.youtube.com/watch?v=w5bvlPkAfpE,https://music.youtube.com/watch?v=hZsdydp25rw,
5b973b7d-0486-5f97-88ad-5e588ddfddc0,cb6f3e78-4cb9-5db1-b3ae-a2f189218354,6,Naa Ro Naa Munni (Part 1),Kishore Kumar,4.0,https://www.youtube.com/watch?v=hds5MhiHqYM,https://music.youtube.com/watch?v=6BdTM1a-41M,https://music.youtube.com/watch?v=x2mI57qCsLQ,
9e6a1d8f-f281-59ee-9068-14c41602174b,cb6f3e78-4cb9-5db1-b3ae-a2f189218354,7,Tumhe Kaise Kahun,Lata Mangeshkar,4.33,https://www.youtube.com/watch?v=qbztGFxAu4o,https://music.youtube.com/watch?v=qbztGFxAu4o,https://music.youtube.com/watch?v=GCvPy7BiFyE,https://music.youtube.com/watch?v=e2J14-cwYc8
cce6b953-5c4e-5fad-9b0c-407f2dbab268,3413bed4-2e4a-5bd5-ad9a-b92bd2997bf7,2,Maine Poochha Chaand Se Ke Dekha Hai Kahin Mere Yaar Sa Hasin,Mohammed Rafi,4.67,https://www.youtube.com/watch?v=lq5T-4gn4YA,https://music.youtube.com/watch?v=_3M_D6OTD1Q,https://music.youtube.com/watch?v=3JO60gHwsrM,https://music.youtube.com/watch?v=6Nb3VdaF2VE
ad15ad95-d232-5361-9d5a-f3ccc0b2dfe4,43a6dd7a-3542-5b00-8d68-5b9f17bae27b,1,Jaane Kyun Mujhe Ab Yun Lage,Lata Mangeshkar,4.0,https://www.youtube.com/watch?v=D8MpfMRHiwI,https://music.youtube.com/watch?v=NaR-iudjvT8,https://music.youtube.com/watch?v=9vU9ZV0pZ-w,https://music.youtube.com/watch?v=puxd_NR9Htk
8f00fa7f-52f6-541a-a158-d6721fd17758,27cf7e2b-c650-548a-8657-7e0ebdadd627,1,Sapnon Ke Shahar Hum Banayenge Ghar,Kishore Kumar,4.33,https://www.youtube.com/watch?v=aUifeRBoVb0,https://music.youtube.com/watch?v=UZN16CTpfLA,https://music.youtube.com/watch?v=aUifeRBoVb0,https://music.youtube.com/watch?v=OWAmwbJRr4M
78864f08-2336-5b7f-8112-ef64a5c1b6a1,27cf7e2b-c650-548a-8657-7e0ebdadd627,4,Kitne Raanjhe Tujhe Dekh Ke Bairagi Ban Gaye,Kishore Kumar,4.0,https://www.youtube.com/watch?v=1NyP_fvgyG0,https://music.youtube.com/watch?v=DnD9MhjFmSM,https://music.youtube.com/watch?v=roA9AVpHCtA,https://music.youtube.com/watch?v=swUssu35FdU
2bc0f7e7-9695-52d9-85e2-838a8a29b37a,27cf7e2b-c650-548a-8657-7e0ebdadd627,7,Ahsaas (Instrumental),,4.0,https://www.youtube.com/watch?v=6I0f4uRhaCg,https://music.youtube.com/watch?v=b--LBy4hHYQ,https://music.youtube.com/watch?v=cY01SfdTUJk,https://music.youtube.com/watch?v=pWLp8d_h4vE
87d38d42-98fb-53ec-b695-77a5133bc1aa,27cf7e2b-c650-548a-8657-7e0ebdadd627,8,Rootho Na (Instrumental),,4.0,https://www.youtube.com/watch?v=9Fx8oN6m6IA,https://music.youtube.com/watch?v=sgyS4xaYLmI,,
9c7a422c-50f7-5c4c-bcdc-2bbc7849ca85,0fc9dee8-307a-5590-b6a1-4a9752323c76,1,Uthe Sabke Kadam Dekho Rum Pum Pum,"Lata Mangeshkar, Amit Kumar, Pearl Padamsee",4.5,https://www.youtube.com/watch?v=rx1syXqiQTg,https://music.youtube.com/watch?v=MXxcDyw13s8,https://music.youtube.com/watch?v=Xq5Wdp90KpY,https://music.youtube.com/watch?v=dfvTO0zCyrU
40fb23cc-c622-5639-bbcc-cae475e7eda4,0fc9dee8-307a-5590-b6a1-4a9752323c76,2,Kahan Tak Yeh Man Ko Andhere Chalenge,Kishore Kumar,4.5,https://www.youtube.com/watch?v=BhkfkR4fjSs,https://music.youtube.com/watch?v=LqDhqrx1lBc,https://music.youtube.com/watch?v=VYEB6hUfbFo,https://music.youtube.com/watch?v=TO3sCirssV0
882656fa-40c2-523d-83ef-80aabeafda52,0fc9dee8-307a-5590-b6a1-4a9752323c76,5,Suniye Kahiye Kahiye Suniye,"Kishore Kumar, Asha Bhosle",4.75,https://www.youtube.com/watch?v=E65cWChb4-o,https://music.youtube.com/watch?v=-eMG0ZoTy0Y,https://music.youtube.com/watch?v=E65cWChb4-o,https://music.youtube.com/watch?v=pJSJz6tXvSY
10a15eb5-3b23-5925-b347-405c946b00b6,0fc9dee8-307a-5590-b6a1-4a9752323c76,6,Na Bole Tum Na Maine Kuchh Kaha,"Asha Bhosle, Amit Kumar",4.75,https://www.youtube.com/watch?v=YkVr1wQH0l4,https://music.youtube.com/watch?v=9UQznn1Hvvc,https://music.youtube.com/watch?v=ubzdeo2Ps_Q,https://music.youtube.com/watch?v=5DGcJBFnHHQ
6fc92254-3591-5171-b4f2-9926d0af4b2f,ee398209-dfe7-5b7b-b1d8-51939d521e38,3,Kaise Kahoon Man Ki Baat,Asha Bhosle,4.0,https://www.youtube.com/watch?v=09uwt2Dfir4,https://music.youtube.com/watch?v=FfEUlWyT9sg,https://music.youtube.com/watch?v=a6swiD5fJBc,https://music.youtube.com/watch?v=brHN_umBhVg
3d8fb6d4-026e-55a2-a2cd-6743de81be08,ee398209-dfe7-5b7b-b1d8-51939d521e38,5,Gumsum Kyon Hai Sanam,Asha Bhosle,4.0,https://www.youtube.com/watch?v=8qkGtz25L5A,https://music.youtube.com/watch?v=8qkGtz25L5A,https://music.youtube.com/watch?v=7cwTqzrjUwU,https://music.youtube.com/watch?v=W29sLG5YEEU
f0f7b89c-a9ff-57de-8aff-722723868348,f8925c2e-c22a-5f95-a7d6-c7d853fa43fc,2,Dost Ban Ke Aaye Ho,"Mohammed Rafi, Usha Khanna",4.0,https://www.youtube.com/watch?v=YHML_Nm105w,https://music.youtube.com/watch?v=YHML_Nm105w,https://music.youtube.com/watch?v=F7msJVA8tOM,https://music.youtube.com/watch?v=cwVhZcTpzOs
3ee557e9-3827-57c5-9167-34c9ef63d84f,394a202c-bf78-58c4-9ed0-fa02b56912be,1,Simti Hui Yeh Ghadiyan Phir Se Na Bikhar Jaayen,"Lata Mangeshkar, Mohammed Rafi",4.25,https://www.youtube.com/watch?v=KbtmAG_1CPQ,https://music.youtube.com/watch?v=KbtmAG_1CPQ,https://music.youtube.com/watch?v=mSxyXYd9Uyc,https://music.youtube.com/watch?v=KmeZvPmrCxQ
f9420326-5ae3-575e-bfb5-c1f8d156afec,5ee81c05-246e-5af3-8742-5bd03c282778,2,Golmaal Hai Bhai Sab Golmaal Hai,"R.D. Burman, Sapan Chakraborty",4.2,https://www.youtube.com/watch?v=aLz84fKtq0c,https://music.youtube.com/watch?v=URQ8Qt2e1Xk,https://music.youtube.com/watch?v=YPBmu7nKah4,https://music.youtube.com/watch?v=QiEqpFIOWw4
fb996153-014a-50c4-91c5-eb3bd6dba2ad,5ee81c05-246e-5af3-8742-5bd03c282778,3,Aanewala Pal Janewala Hai,Kishore Kumar,4.6,https://www.youtube.com/watch?v=xobeTscjOM0,https://music.youtube.com/watch?v=tIJBsWXJdhs,https://music.youtube.com/watch?v=CyTecJYollY,https://music.youtube.com/watch?v=VE3SaNOJPGI
7a04106f-9056-5c02-a0d2-7e9c3e39a15e,5ee81c05-246e-5af3-8742-5bd03c282778,4,Ek Baat Kahoon Gar Maano Tum,Lata Mangeshkar,4.0,https://www.youtube.com/watch?v=VmVlEMmeyKM,https://music.youtube.com/watch?v=VmVlEMmeyKM,https://music.youtube.com/watch?v=Qn8QpbLr4gM,https://music.youtube.com/watch?v=crfSr9BAEzo
d6f3816d-a382-5a16-a1d3-4db58dcc0e1b,65e9733c-ee5a-5095-ac53-84c19da5b392,1,Boliye Sureeli Boliyan,"Bhupinder Singh, Sulakshana Pandit",4.25,http://www.youtube.com/watch?v=6YYqC-T8H8Y,https://music.youtube.com/watch?v=rU3ZJVAKQNI,https://music.youtube.com/watch?v=rQtNL0VJj_Y,https://music.youtube.com/watch?v=6YYqC-T8H8Y
8c0d9917-de1b-5881-9d31-6a8563fd3019,65e9733c-ee5a-5095-ac53-84c19da5b392,2,Zindagi Phoolon Ki Nahin,Bhupinder Singh,4.25,http://www.youtube.com/watch?v=dEIsv3syLfE,https://music.youtube.com/watch?v=dEIsv3syLfE,https://music.youtube.com/watch?v=Hst2k5u_MlY,https://music.youtube.com/watch?v=ENVDqtzhkF8
8c196bac-104b-53a8-ac56-a29f6a24fb25,65e9733c-ee5a-5095-ac53-84c19da5b392,3,Logon Ke Ghar Mein Rehta Hoon - I,Bhupinder Singh,4.0,http://www.youtube.com/watch?v=zWKaZrWeJqk,https://music.youtube.com/watch?v=XncDy7pykuw,https://music.youtube.com/watch?v=CNbLoDd6lgU,https://music.youtube.com/watch?v=EYc8bCdVTdY
a2e4c876-99cb-5b30-83ab-fe1094f30383,65e9733c-ee5a-5095-ac53-84c19da5b392,9,Baat Niklegi To Phir Door Talak Jayegi,Jagjit Singh,4.0,http://www.youtube.com/watch?v=IhFimj8IsmU,https://music.youtube.com/watch?v=1MKdWpE_724,https://music.youtube.com/watch?v=M9feNkl5GuM,https://music.youtube.com/watch?v=6Le7omu5XDw
5a747609-38bd-5f33-85d0-6c99b058cf45,a67be7f7-fb9c-52b1-a0d1-ceeccac97f56,4,Jeevan Ke Har Mod Pe Mil Jayenge Humsafar,"Asha Bhosle, Kishore Kumar",4.25,https://www.youtube.com/watch?v=kg1bXtHmZQA,https://music.youtube.com/watch?v=KjiElOl6cNU,https://music.youtube.com/watch?v=jHFqiY4Mac4,https://music.youtube.com/watch?v=-aQimZn4GbM
e0e893bd-5afd-5c86-88ad-5d4ba8a2d0c2,383ed2b6-2469-5c19-b510-62ff3fc84747,1,Ik Raasta Hai Zindagi,"Lata Mangeshkar, Kishore Kumar",4.33,http://www.youtube.com/watch?v=tX8KbMy17A8,https://music.youtube.com/watch?v=YKfg2_j12oc,https://music.youtube.com/watch?v=Z-6A25TrnbM,https://music.youtube.com/watch?v=JTOXKc5mUGU
0cf90154-7a50-5517-a67b-359e19f75a29,383ed2b6-2469-5c19-b510-62ff3fc84747,5,Baahon Mein Teri Masti Ke Ghere,"Lata Mangeshkar, Mohammed Rafi",4.0,http://www.youtube.com/watch?v=8QNPnT-ZDVc,https://music.youtube.com/watch?v=ugZdNDD-oIU,https://music.youtube.com/watch?v=BNs0pnsZDjA,https://music.youtube.com/watch?v=-urcmUU_yV8
c7f15c3c-dc1f-51ae-81f3-8817fcf1ae3e,8ef515e1-2c21-5852-baae-4faeac3ec518,1,Ye Mulaqat Ek Bahana Hai,Lata Mangeshkar,4.25,https://www.youtube.com/watch?v=2xsWwkf8WN0,https://music.youtube.com/watch?v=AMTe7GeS9gM,https://music.youtube.com/watch?v=8MyV8AE9nLE,https://music.youtube.com/watch?v=F8lck4UdQ84
617b5382-c042-552b-9e57-bceb18fae07d,8ef515e1-2c21-5852-baae-4faeac3ec518,4,Maana Teri Nazar Mein Tera Pyar Hum Nahin,Sulakshana Pandit,4.67,https://www.youtube.com/watch?v=70ntqPJXjO4,https://music.youtube.com/watch?v=qRAUT9uWNw4,https://music.youtube.com/watch?v=5tpysG0a5b0,https://music.youtube.com/watch?v=gaiMGBoF4FQ
e3a6fe57-115c-5ed6-b42e-bed469ae919f,e38be2f3-0d6e-56e3-b816-f8b65591dafe,3,Suman Sudha Rajni Chanda Aaj Adhik Kyun Bhaaye,Lata Mangeshkar,4.0,https://www.youtube.com/watch?v=gXQe06Kixns,https://music.youtube.com/watch?v=4Gxk-2tFYYY,https://music.youtube.com/watch?v=O8Tdp4j3eiw,
8a8fba47-6f76-54bc-87a7-c2665ceb415b,e38be2f3-0d6e-56e3-b816-f8b65591dafe,7,Hothon Pe Geet Jaage,Lata Mangeshkar,4.0,https://www.youtube.com/watch?v=NAvkcHC83lI,https://music.youtube.com/watch?v=2mksy5eWxEY,https://music.youtube.com/watch?v=NAvkcHC83lI,
8171c000-bd42-530b-84fd-44518fddbc58,463e450c-0178-59c8-a2fc-e3519d1cffad,4,Tumhara Pyar Chahiye Mujhe Jeene Ke Liye,Bappi Lahiri,4.33,http://www.youtube.com/watch?v=8-RUvF8o-gA,https://music.youtube.com/watch?v=HQnPyabJUSM,https://music.youtube.com/watch?v=ZO6l3Je8vjM,https://music.youtube.com/watch?v=2bTuSPVC5AE
f972df1f-56b5-5c6f-9f93-228f18da4f8d,643cc22b-e727-5c7e-9343-3de003cf3633,1,Mere Toh Girdhar Gopal (Female),Vani Jayaram,4.0,http://www.youtube.com/watch?v=fMdvoMJG6h4,https://music.youtube.com/watch?v=FMtPn6-fjq0,https://music.youtube.com/watch?v=du4LXqMtGH8,https://music.youtube.com/watch?v=2YLjyQBWduI
31bfed02-f684-5268-af23-ec829eaedc77,643cc22b-e727-5c7e-9343-3de003cf3633,4,Bala Main Bairagan Hoongi,Vani Jayaram,4.0,http://www.youtube.com/watch?v=qil36SNLkS0,https://music.youtube.com/watch?v=S3r53SHvg5w,https://music.youtube.com/watch?v=zoI-NkxFs5o,https://music.youtube.com/watch?v=SFbjwcXZR2k
f8369ee9-53b8-59e3-840d-f7f4aac38764,643cc22b-e727-5c7e-9343-3de003cf3633,6,Jo Tum Todo Piya,Vani Jayaram,4.0,https://www.youtube.com/watch?v=pFWdex5-e7g,https://music.youtube.com/watch?v=pFWdex5-e7g,https://music.youtube.com/watch?v=NlS4gqHNaug,https://music.youtube.com/watch?v=2trJu8WLog0
f694af4c-8be5-5358-8b50-d87cda6ab16a,643cc22b-e727-5c7e-9343-3de003cf3633,14,Ae Ri Main Toh Prem Deewani,Vani Jayaram,4.0,http://www.youtube.com/watch?v=Ii06TnHn5vI,https://music.youtube.com/watch?v=TsQug5ULmI4,https://music.youtube.com/watch?v=ouTE_VYBHGM,
4fcb8947-1312-5112-995d-0c28f9b67b1d,2d35c4e7-793a-5f87-9d66-5c38bb0197ca,4,Tauba Tauba Kya Hoga,Asha Bhosle,4.0,https://www.youtube.com/watch?v=gogqGeIZ-cg,https://music.youtube.com/watch?v=eigUGqJNVrw,https://music.youtube.com/watch?v=YKhZ5Ku703k,https://music.youtube.com/watch?v=KWha3iN7Di0
1e712495-1e84-5637-9dc5-6ee64e8adb46,5cdcb4c4-2763-522c-a9d2-63b53585eab5,1,O Goriya Re Tere Aane Se Saj Gayi,Yesudas,4.5,http://www.youtube.com/watch?v=OWTSk4ts90A,https://music.youtube.com/watch?v=wX5P-RHDSME,https://music.youtube.com/watch?v=liRqkm3TlbI,
08aef5cf-3ea4-5586-b9af-858c50691f01,1acfc2cd-567d-5d95-ae24-b23fcd765889,2,Aaya Na Karo Gudiya Mere Paas,Asha Bhosle,4.0,http://www.youtube.com/watch?v=FrxlgpMsgSY,https://music.youtube.com/watch?v=fXxiHWY3xlw,https://music.youtube.com/watch?v=5y1RJ9JCLwE,https://music.youtube.com/watch?v=eSpwSzR7hOU
262de685-ad59-50f6-95d8-92278b01066a,1acfc2cd-567d-5d95-ae24-b23fcd765889,4,Dekhin Hazaron Mehfilen (Teri Ada Kuchh Aur Hai),"Mohammed Rafi, Asha Bhosle",4.0,http://www.youtube.com/watch?v=wf3M8Ikogi0,https://music.youtube.com/watch?v=DA0lH-meWgg,https://music.youtube.com/watch?v=wf3M8Ikogi0,https://music.youtube.com/watch?v=mhYsUyNhCsc
59e4aa36-4447-5c90-9da9-be980c5fda7b,45bbfc09-38c7-5d4a-8f71-00d81ff453bf,1,Aa Ja Re O Mere Dilbar Aaja - I,"Lata Mangeshkar, Nitin Mukesh",4.67,http://www.youtube.com/watch?v=xQ6rhV5_ArY,https://music.youtube.com/watch?v=h7tZI28nuAY,https://music.youtube.com/watch?v=3M1t8tnzCqQ,https://music.youtube.com/watch?v=9zCvFYXNGtw
14c0b2e9-2aad-5e2f-9c7c-9ce2facae8a2,45bbfc09-38c7-5d4a-8f71-00d81ff453bf,2,Chori Chori Koi Aaye Chupke Chupke,Lata Mangeshkar,4.33,http://www.youtube.com/watch?v=NuxoyJpvPrY,https://music.youtube.com/watch?v=79hxOboDXlE,https://music.youtube.com/watch?v=XiK1Uj6vMnQ,https://music.youtube.com/watch?v=ARrie9ptH7U
8e3ea461-964e-5d6a-a07b-0a7903d027c0,45bbfc09-38c7-5d4a-8f71-00d81ff453bf,4,Aa Ja Re O Mere Dilbar Aaja - II,"Lata Mangeshkar, Nitin Mukesh",4.0,http://www.youtube.com/watch?v=tHO6G0FETno,https://music.youtube.com/watch?v=h7tZI28nuAY,https://music.youtube.com/watch?v=3M1t8tnzCqQ,https://music.youtube.com/watch?v=9zCvFYXNGtw
750f6f1f-6cc7-577a-90af-772448f89f42,9ed9c1df-bc76-5c1c-9eb2-f892b9c603a1,3,Aisa Ho To Kaisa Hoga,Asha Bhosle,4.0,https://www.youtube.com/watch?v=opiN2K3mPHE,https://music.youtube.com/watch?v=opiN2K3mPHE,https://music.youtube.com/watch?v=OH-Yu_KIcKQ,https://music.youtube.com/watch?v=gb5ExtKmgZo
38e9610b-cfb2-5922-9098-01ad3534b9b6,9ed9c1df-bc76-5c1c-9eb2-f892b9c603a1,4,Kabhi Kabhi Sapna Lagta Hai,"Asha Bhosle, Kishore Kumar",4.25,https://www.youtube.com/watch?v=Q2AszcDC7fQ,https://music.youtube.com/watch?v=Q2AszcDC7fQ,https://music.youtube.com/watch?v=5kEFkz-BOlk,https://music.youtube.com/watch?v=qVCtjgnVzSQ
4708d221-fd65-5caf-ad55-40c54763ee8a,1c355ed6-f000-5404-a5f4-cc5379cffdd9,4,Ek Ghar Banayen Sapne Sajayen Hum Yahan,"Bhupinder Singh, Asha Bhosle",4.0,https://www.youtube.com/watch?v=fhFzPOYi6co,https://music.youtube.com/watch?v=fhFzPOYi6co,https://music.youtube.com/watch?v=NHQnxaRPChw,
71577363-07a1-5c84-b601-791e1dda87f2,1c355ed6-f000-5404-a5f4-cc5379cffdd9,5,Neela Sajila Sa Yeh Aasman,Bhupinder Singh,4.0,https://www.youtube.com/watch?v=lEO7yx-Y6Hk,https://music.youtube.com/watch?v=lEO7yx-Y6Hk,https://music.youtube.com/watch?v=DqnFDSmw7Qo,https://music.youtube.com/watch?v=bRAqKGDzXg4
01ca7794-d459-52d8-8e4b-35017cd0cfdf,b32982e8-b1b6-5e26-8161-d8a92a400482,1,Dafliwale Dafli Baja,"Lata Mangeshkar, Mohammed Rafi",4.29,http://www.youtube.com/watch?v=uucUbkOn4p8,https://music.youtube.com/watch?v=YyvIE66q1k8,,
dc450d78-3431-5e3d-8443-59e62724d7c8,b32982e8-b1b6-5e26-8161-d8a92a400482,3,Kahan Tera Insaaf Hai,Mohammed Rafi,4.0,https://www.youtube.com/watch?v=V-faGiUw4tg,https://music.youtube.com/watch?v=owb-FDCT2KE,https://music.youtube.com/watch?v=V-faGiUw4tg,
bfb62361-6d6a-5484-9955-4181f90e384f,b32982e8-b1b6-5e26-8161-d8a92a400482,4,Koyal Boli Duniya Doli,"Lata Mangeshkar, Mohammed Rafi",4.2,http://www.youtube.com/watch?v=4tgqOKgvYw0,https://music.youtube.com/watch?v=U1pO2OBsP0c,https://music.youtube.com/watch?v=j783LDIUHTg,https://music.youtube.com/watch?v=yE4SkBzXeR0
947e44b0-f7bd-5b13-8d4b-726de3832339,b32982e8-b1b6-5e26-8161-d8a92a400482,5,Parbat Ke Is Paar Parbat Ke Us Paar,"Lata Mangeshkar, Mohammed Rafi",4.0,https://www.youtube.com/watch?v=uXwmiddQ8DI,https://music.youtube.com/watch?v=ehxH9wALTrg,https://music.youtube.com/watch?v=Hnds3m6KDqY,
2f900098-daca-5463-870f-0ee591f03a1b,b32982e8-b1b6-5e26-8161-d8a92a400482,7,Hum To Chale Pardes Hum Pardesi Ho Gaye,Mohammed Rafi,4.0,http://www.youtube.com/watch?v=r51dkdeuGqA,https://music.youtube.com/watch?v=Ro3YbpD7lJY,https://music.youtube.com/watch?v=CGEtSSDOX8U,https://music.youtube.com/watch?v=VIfOzDgzDII
210aada2-cf3d-5980-9637-c5dcfecf2667,7c013810-054f-543d-ad9e-d594b3d03ab3,1,Chand Jaise Mukhde Pe Bindiya Sitara,Yesudas,4.0,http://www.youtube.com/watch?v=X3QqlHgSQgc,https://music.youtube.com/watch?v=L4_lgprG-rA,https://music.youtube.com/watch?v=u4wmmGrI4pE,https://music.youtube.com/watch?v=6yX7lbnSiwc
2a0e09fd-3377-53b1-a968-ac5bc95bb717,7c013810-054f-543d-ad9e-d594b3d03ab3,3,Tumhen Geeton Mein Dhaaloonga Sawan Ko Aane Do,"Jaspal Singh, Kalyani Mitra",4.5,http://www.youtube.com/watch?v=X6OM1W45yUI,https://music.youtube.com/watch?v=ZFKoxcn72bI,https://music.youtube.com/watch?v=1TyEedG9W4c,https://music.youtube.com/watch?v=lUUZUjVPdgE
2f136104-7c1f-5e76-a4c3-698826d42b97,7c013810-054f-543d-ad9e-d594b3d03ab3,6,Tere Bin Soona Mere Man Ka Mandir,Yesudas,4.0,http://www.youtube.com/watch?v=3MizOhvWKrw,https://music.youtube.com/watch?v=PkoVBI8Ssvs,https://music.youtube.com/watch?v=MNDP4WRI4ho,https://music.youtube.com/watch?v=dnBE0VeEk3w
1fa19fe8-e7f8-5e69-8539-7499535547b4,7c013810-054f-543d-ad9e-d594b3d03ab3,8,Bole To Bansuri Kahin Bajti Sunai De,Yesudas,4.0,http://www.youtube.com/watch?v=fUIxUnGzabw,https://music.youtube.com/watch?v=DoT8VD2WRNQ,https://music.youtube.com/watch?v=YlJWmUFXx9U,https://music.youtube.com/watch?v=y0IwINbQR-A
6367c092-a5df-55e8-a6a1-581f835d3b3a,a00d555b-df12-5f01-85e7-fe04788be2c2,2,Yeh Zuban Humse See Nahin Jaati,Usha Mangeshkar,4.0,http://www.youtube.com/watch?v=svPyzpLuakQ,https://music.youtube.com/watch?v=XlnFxRyz2l8,https://music.youtube.com/watch?v=EfiIukO3M2w,
7ce55502-e5f4-5e7c-bc95-85029e27ca9c,a00d555b-df12-5f01-85e7-fe04788be2c2,5,Mausam Aayega Jaayega Pyar Sada Muskurayega,"Manna Dey, Asha Bhosle",4.33,https://www.youtube.com/watch?v=-ZiIMJAEXXU,https://music.youtube.com/watch?v=-ZiIMJAEXXU,https://music.youtube.com/watch?v=PRCOMJv6ZpA,https://music.youtube.com/watch?v=2qXNAGLFlec
554cb951-fb72-5ec5-b2be-7b0586b4b6ad,89d27841-c9f5-5d06-82d5-e4bb53e1ff83,1,Sunayana Sunayana Aaj In Nazaaron Ko Tum Dekho,Yesudas,4.33,http://www.youtube.com/watch?v=9YlDJPGu9Mc,https://music.youtube.com/watch?v=FZM9tN7EBdE,https://music.youtube.com/watch?v=op6blgiYNa0,https://music.youtube.com/watch?v=njA5leegoqE
daf385f0-c89e-5ee8-8434-0760475842bc,89d27841-c9f5-5d06-82d5-e4bb53e1ff83,4,Aansoo Bhi Hain Khushiyan Bhi Hain,Yesudas,4.0,http://www.youtube.com/watch?v=4Exkop18WoQ,https://music.youtube.com/watch?v=1iGT78Nb7l4,https://music.youtube.com/watch?v=4Exkop18WoQ,
a8200b6c-c22f-560f-961f-020cde9d4ddb,ac4b29b9-d557-5914-b5d1-ac7f0b0018a6,5,Pal Do Pal Ka Saath Humara,"Mohammed Rafi, Asha Bhosle",4.33,https://www.youtube.com/watch?v=bYmfFtHbLPs,https://music.youtube.com/watch?v=imJigp49Yac,https://music.youtube.com/watch?v=1l_LGh-iMPI,https://music.youtube.com/watch?v=DjVs9P61BV8
e303fa9d-1883-55a2-9596-54aebe0421f7,ac4b29b9-d557-5914-b5d1-ac7f0b0018a6,7,Teri Hai Zamin Tera Aasman,"Sushma Shrestha, Padmini Kolhapure",4.0,https://www.youtube.com/watch?v=FgM-0x2VkWE,https://music.youtube.com/watch?v=IsMb717PVHw,https://music.youtube.com/watch?v=A7_50iA3bZI,https://music.youtube.com/watch?v=w7GpiKw2zaQ
91c9bc1d-c195-5a33-9af1-ec63add3bb5c,cb16623a-fd53-5aab-b05b-fc00df8ca8b2,2,Pahle Pahle Pyar Ki Mulaqaten Yaad Hain,"Kishore Kumar, Asha Bhosle",4.0,http://www.youtube.com/watch?v=odFBlamoNEk,https://music.youtube.com/watch?v=XoeP2CteYI4,https://music.youtube.com/watch?v=19-4KLfaLCc,
f286930c-cdf6-5d60-a637-6e809dbdd006,cb16623a-fd53-5aab-b05b-fc00df8ca8b2,4,Do Lafzon Ki Hai Dil Ki Kahani,"Amitabh Bachchan, Asha Bhosle, Sharad Kumar",4.88,http://www.youtube.com/watch?v=waeAGdCvJd8,https://music.youtube.com/watch?v=waeAGdCvJd8,https://music.youtube.com/watch?v=zsWiqBLeKLY,https://music.youtube.com/watch?v=89-sr9Hxm_A
2e8e1e9d-e60e-5b4e-bb59-d09493f79383,cb16623a-fd53-5aab-b05b-fc00df8ca8b2,5,O Deewanon Dil Sambhalo,Asha Bhosle,4.0,https://www.youtube.com/watch?v=yP1cusIP8Ks,https://music.youtube.com/watch?v=IwYdxU5j2Xw,https://music.youtube.com/watch?v=aarbh2MbtAY,https://music.youtube.com/watch?v=kZKx9fFPcoQ
da5f3ea7-73d5-5c9a-b55e-9e144b1d330e,e4f02024-8716-5dd7-b588-38f938e45bf2,1,Mil Kar Juda Hue Toh Na Soya Karenge Hum,"Jagjit Singh, Chitra Singh",4.5,https://www.youtube.com/watch?v=bZByPzZVwac,https://music.youtube.com/watch?v=wLDJenV2oWk,https://music.youtube.com/watch?v=cYZkYSZL4iI,https://music.youtube.com/watch?v=xOULHL6q1jM
0f8b84b5-5e65-5c3e-bc4d-fe0cbfd44612,06cc0316-37ed-5046-988c-10ac5c12c755,1,Tu Is Tarah Se Meri Zindagi Mein Shaamil Hai,Mohammed Rafi,4.75,https://www.youtube.com/watch?v=IEXG222vqA0,https://music.youtube.com/watch?v=0xnp8z2236w,https://music.youtube.com/watch?v=ofRHk831gH8,
eca540bc-0be8-5589-a155-96f41b3f4a1c,06cc0316-37ed-5046-988c-10ac5c12c755,2,Khuda Hi Juda Kare To Kare,"Mohammed Rafi, Kishore Kumar",4.0,https://www.youtube.com/watch?v=BNM5rLR0sfo,https://music.youtube.com/watch?v=Frr2Bj1eBBY,https://music.youtube.com/watch?v=r_ph6iIwMtM,https://music.youtube.com/watch?v=ZQ9afRDK4pI
d7cca165-1b4d-5146-b1a9-50d3c56a09ef,06cc0316-37ed-5046-988c-10ac5c12c755,3,Tu Is Tarah Se Meri Zindagi Mein Shaamil Hai (Female),Hemlata,4.0,https://www.youtube.com/watch?v=dhMCB1CK_TM,https://music.youtube.com/watch?v=ofRHk831gH8,https://music.youtube.com/watch?v=0xnp8z2236w,https://music.youtube.com/watch?v=jNr9NC7HEg4
a4d1867b-6587-574b-a07d-98d64ca94f4f,06cc0316-37ed-5046-988c-10ac5c12c755,4,Tu Is Tarah Se Meri Zindagi Mein Shaamil Hai,Manhar Udhas,4.0,https://www.youtube.com/watch?v=WJVrKhMbh1Q,https://music.youtube.com/watch?v=GznzP17TJI8,https://music.youtube.com/watch?v=UPCuZMp9L8o,https://music.youtube.com/watch?v=0xnp8z2236w
d5172762-1ffd-56f8-8522-1249c5623331,06cc0316-37ed-5046-988c-10ac5c12c755,5,Kismat Ki Baazi Ka Faisla To Ho Gaya Hai,"Asha Bhosle, Suresh Wadkar, Manhar Udhas",4.0,https://www.youtube.com/watch?v=Dotl9ivLhNE,https://music.youtube.com/watch?v=IeB51_ofSZ8,https://music.youtube.com/watch?v=hupVEDdSykA,https://music.youtube.com/watch?v=CGM8uLKbsfg
e7692557-374a-551f-803f-be6848216d70,06cc0316-37ed-5046-988c-10ac5c12c755,7,Yeh Aasmaan Yeh Baadal Yeh Raaste Yeh Hawa,Mohammed Rafi,4.0,https://www.youtube.com/watch?v=Hb13QbtmDtY,https://music.youtube.com/watch?v=rkwS0oMryAQ,,
5b14ab10-825a-534f-a796-b13526f221f0,02109463-0f5b-5d80-8726-5480984cc5e0,4,Sheesha Ho Ya Dil Ho,Lata Mangeshkar,4.14,https://www.youtube.com/watch?v=JFT0d0UJWGk,https://music.youtube.com/watch?v=hA4nOELl6Zw,https://music.youtube.com/watch?v=AzpHWFHLf4A,https://music.youtube.com/watch?v=JFT0d0UJWGk
73abd4ee-8bf0-504d-9e85-d97bfb75d0db,100df7e3-39a1-55c5-80f2-841c618fbb80,3,Halke Halke Aayi Chal Ke,Lata Mangeshkar,4.2,https://www.youtube.com/watch?v=0ivwyx0lGyk,https://music.youtube.com/watch?v=0ivwyx0lGyk,,
c800d666-722c-5394-ab16-7838f65650fe,100df7e3-39a1-55c5-80f2-841c618fbb80,4,Shyam Rang Ranga Re,Yesudas,4.0,https://www.youtube.com/watch?v=SWytt5p37oM,https://music.youtube.com/watch?v=SWytt5p37oM,https://music.youtube.com/watch?v=PQOmx98kBDY,
4e49caa9-3dc6-50ef-a67e-a1e82a62b4c6,b8be7fa2-4f9b-502e-a48c-288fb7b02f57,2,Saiyanji Ne Ghar Banwaya,Asha Bhosle,4.0,https://www.youtube.com/watch?v=kMa-p-BO1JA,https://music.youtube.com/watch?v=iVAxHd-ARYU,https://music.youtube.com/watch?v=kMa-p-BO1JA,
509bb067-c5c3-5bf5-954a-031f3dbfd7c9,b8be7fa2-4f9b-502e-a48c-288fb7b02f57,5,Main Kaun Hoon,Lata Mangeshkar,4.33,https://www.youtube.com/watch?v=MtOVKLM2EXw,https://music.youtube.com/watch?v=IWXJYmYwGbA,https://music.youtube.com/watch?v=mTNxBzteMhU,https://music.youtube.com/watch?v=e-uubcsYgWI
3cf7b205-8bc3-5cac-bcf1-2ea885ba5e84,e515716c-8e41-5b3e-804e-cc0a1032e3b9,2,Are Kya Karoon Kya Karoon,Lata Mangeshkar,4.0,https://www.youtube.com/watch?v=1c_mebA3qc4,https://music.youtube.com/watch?v=1c_mebA3qc4,https://music.youtube.com/watch?v=se3I6-0mO3g,https://music.youtube.com/watch?v=WudkWaRxH_4
c20269ea-3ac9-599d-b034-7e8790d95d4d,e515716c-8e41-5b3e-804e-cc0a1032e3b9,4,Arre Ho Gaye Hum Aapke Kasam Se,"Asha Bhosle, Mohammed Rafi",4.0,https://www.youtube.com/watch?v=rLt_EF9nPCQ,https://music.youtube.com/watch?v=rLt_EF9nPCQ,https://music.youtube.com/watch?v=FKqie0qFoQo,https://music.youtube.com/watch?v=2xLc9bq57iM
986cee9a-a39d-582d-aa48-876adc944980,98e85f7e-0021-543a-9875-10bc15bdaaa3,1,Abhi To Hum Hue Jawan,Kishore Kumar,4.0,https://www.youtube.com/watch?v=9RBwmjk-uY4,https://music.youtube.com/watch?v=zo71ytn5uaU,https://music.youtube.com/watch?v=f8D-hdY2gNQ,https://music.youtube.com/watch?v=tBWPScAL7KE
12a8ee1e-82cb-5ef9-9351-eb9397fdb77f,98e85f7e-0021-543a-9875-10bc15bdaaa3,2,Hum Jab Ek Saath Hain,"Mohammed Rafi, Asha Bhosle",4.5,https://www.youtube.com/watch?v=JOp9QAKRZEg,https://music.youtube.com/watch?v=JOp9QAKRZEg,,
9835954b-f250-5c68-bbca-b3cfe3fe4add,98e85f7e-0021-543a-9875-10bc15bdaaa3,3,Tera Dil O Re Babu,Asha Bhosle,4.0,https://www.youtube.com/watch?v=RLHu71KOqKY,https://music.youtube.com/watch?v=9LLlNb0DjOI,https://music.youtube.com/watch?v=RLHu71KOqKY,https://music.youtube.com/watch?v=Bi74UZNvtgI
c6bc41e7-0b6a-50c2-94b4-70d8fe3cc2df,98e85f7e-0021-543a-9875-10bc15bdaaa3,4,Kaho Kahan Chalen Jahan Tum Le Chalo,"Kishore Kumar, Asha Bhosle",4.0,https://www.youtube.com/watch?v=JwZXCUlprzE,https://music.youtube.com/watch?v=OtpOMk9H1lc,https://music.youtube.com/watch?v=g7QUMWO4fNA,https://music.youtube.com/watch?v=QaUMZZIYll4
d4c9f095-2560-565e-a557-1665c8fb5140,98e85f7e-0021-543a-9875-10bc15bdaaa3,6,Disco Music (Are Dil Se Dil Mile),R.D. Burman,4.0,https://www.youtube.com/watch?v=PfbEe6bNOUg,https://music.youtube.com/watch?v=hoagyHb4jfw,,
55cdcfc3-5b48-5ed3-9fd4-172edd174d48,29074c55-bfec-58f6-a056-263e981afcf6,1,Tune Abhi Dekha Nahin - I,Kishore Kumar,4.2,https://www.youtube.com/watch?v=c6LkW9K_b8A,https://music.youtube.com/watch?v=a4txE5qCKhM,https://music.youtube.com/watch?v=E_aLjeaW3d4,https://music.youtube.com/watch?v=nUnrPGNfgyQ
bc7a1d22-4808-535f-a482-c48c33e6bb06,363eb875-fad1-5af7-8114-d09d141582a5,6,Chaar Din Ki Zindagi Hai,Yesudas,4.0,http://www.youtube.com/watch?v=kQilP0wHCac,https://music.youtube.com/watch?v=n1tJywcxqgE,https://music.youtube.com/watch?v=Z2ngyJgDnmo,https://music.youtube.com/watch?v=kHs5_CNo7lU
e00fc964-5885-5d26-8548-784482d82c4a,2120f079-3eed-5b4c-8d06-af9fe365f2e4,6,Museebaton Ko Bula Raha Hoon,Hemant Kumar,4.0,https://www.youtube.com/watch?v=SsSd8xThDpI,https://music.youtube.com/watch?v=SsSd8xThDpI,,
7fb1f616-732d-5fae-a0d4-3bf7a7d5c6ba,319d4abf-cf74-5dd6-8411-d8585a0d19cd,3,Kya Kahiye Insaan Se Kya Kahiye Bhagwan Se (Part 1),Mohammed Rafi,4.0,https://www.youtube.com/watch?v=sedwd2KVH5Y,https://music.youtube.com/watch?v=sedwd2KVH5Y,https://music.youtube.com/watch?v=CYhM87_prks,
18815b09-f12b-517c-a01c-bd1ad19aaee7,319d4abf-cf74-5dd6-8411-d8585a0d19cd,4,Apnon Se Munh Mod Ke Apne Man Ko Tod Ke (Part 2),Mohammed Rafi,4.0,https://www.youtube.com/watch?v=yy4GDSwLRGU,https://music.youtube.com/watch?v=z_0k94bszi8,https://music.youtube.com/watch?v=WvhpcIEjVhk,
14667a9d-bfcf-5a3e-8196-48edaeefc3a8,319d4abf-cf74-5dd6-8411-d8585a0d19cd,5,Aati Hai Palki Sarkar Ki,"Kishore Kumar, Mahendra Kapoor",4.0,https://www.youtube.com/watch?v=YTLLdSofFIE,https://music.youtube.com/watch?v=YTLLdSofFIE,https://music.youtube.com/watch?v=qyeTt2jNUhk,https://music.youtube.com/watch?v=cPtPa-2kXVU
ea50432a-f70c-5235-a29b-63597709f5b9,319d4abf-cf74-5dd6-8411-d8585a0d19cd,6,Aaiye Meherban Yeh Dil Hai Yeh Hai Jaan,Usha Uthup,4.0,https://www.youtube.com/watch?v=r8LT5nNcd8s,https://music.youtube.com/watch?v=LmQpcGZcUtE,https://music.youtube.com/watch?v=qaAhBIY3wsQ,
6b460af6-c757-5aab-8923-4ad8bd2d2a4a,319d4abf-cf74-5dd6-8411-d8585a0d19cd,8,Ye Soye Insaan Jaag Uthe (Part 3),Mohammed Rafi,4.0,https://www.youtube.com/watch?v=9uQFh_v1pUM,https://music.youtube.com/watch?v=8KRaRHGus8w,https://music.youtube.com/watch?v=FxdR9791eO8,https://music.youtube.com/watch?v=KKjhev1COs4
a8a99aea-3cbd-5ee1-9f63-bd914e6d3091,9c895dfa-2d95-5e28-9bff-e96ce57c352f,1,Om Shanti Om (Meri Umar Ke Naujawanon),Kishore Kumar,4.38,https://www.youtube.com/watch?v=CYCoNpxWWzk,https://music.youtube.com/watch?v=4PBb5cxutro,https://music.youtube.com/watch?v=I_iIY81069o,https://music.youtube.com/watch?v=hIUbxL06awY
5c9d8236-e72f-5ce5-a258-09337629f68d,9c895dfa-2d95-5e28-9bff-e96ce57c352f,2,Dard-E-Dil Dard-E-Jigar,Mohammed Rafi,4.2,https://www.youtube.com/watch?v=LMBalxLNkoM,https://music.youtube.com/watch?v=klZZDnFeSG0,https://music.youtube.com/watch?v=Q7VXM8X5hEo,https://music.youtube.com/watch?v=siO7Whl794Y
8e5d1db2-31ca-5809-9b44-1790fe7486f4,9c895dfa-2d95-5e28-9bff-e96ce57c352f,6,Ek Haseena Thi Ek Deewana Tha (Kya Umar Thi),"Kishore Kumar, Asha Bhosle, Rishi Kapoor",4.5,https://www.youtube.com/watch?v=HVvXCiSqLCQ,https://music.youtube.com/watch?v=8OqaHkHTaAA,https://music.youtube.com/watch?v=H9TscebEk_0,https://music.youtube.com/watch?v=lEbv8mkGNC0
bec6fd21-131c-5dc4-91bc-846ed1c4c0a7,93114c6a-8998-577a-a8d2-89a4e2e172f0,3,Piya Bawri Piya Bawri,"Asha Bhosle, Ashok Kumar",4.17,https://www.youtube.com/watch?v=b9DhcPqGd0g,https://music.youtube.com/watch?v=oOFH1uLWokE,https://music.youtube.com/watch?v=pO3FPr9let0,https://music.youtube.com/watch?v=b9DhcPqGd0g
f670a96f-c6fb-50fd-b316-2ddc1eeab03d,1cd54be5-8bbb-5f53-8c69-a2015dea2f57,1,Baahon Ke Ghere Mein,"Asha Bhosle, Kishore Kumar",4.0,https://www.youtube.com/watch?v=bVXLSR-W7gk,https://music.youtube.com/watch?v=t0rCWJf-d94,https://music.youtube.com/watch?v=y41fd5pGd64,
87c36c1c-01d5-5264-8a06-670fcf497cc7,1cd54be5-8bbb-5f53-8c69-a2015dea2f57,2,Main Nahin Woh Nahin (Ye Dupatta Dupatta Dupatta Mera),Asha Bhosle,4.0,https://www.youtube.com/watch?v=8NLPNrdFK84,https://music.youtube.com/watch?v=HHhyVQfVXQ8,https://music.youtube.com/watch?v=ZILbr_jUyWs,
a1a2ed61-0f67-5e5d-b03c-bcfbc544dcd1,3cc386c2-fbf7-52d7-ae35-fa32661be90d,5,Hum Teenon Ki Woh Yaari,"Kishore Kumar, Mohammed Rafi, Nitin Mukesh",4.0,https://www.youtube.com/watch?v=irjrr-oeEDg,https://music.youtube.com/watch?v=irjrr-oeEDg,https://music.youtube.com/watch?v=ZVA3Bj5Hq10,
f83ffe4b-ed8d-58b6-8549-56c85d2898f3,3cc386c2-fbf7-52d7-ae35-fa32661be90d,6,Tumhen Aise Kaise De Doon Apne Ghar Ka Pata,Asha Bhosle,4.0,https://www.youtube.com/watch?v=bVX7CCQHx5Q,https://music.youtube.com/watch?v=bVX7CCQHx5Q,https://music.youtube.com/watch?v=WtT0A3vXAyc,
4277bcc4-93b6-5d06-9a1a-ccc90677de67,dc55ee51-0749-5899-93a0-6ca9f2c160ef,5,Hothon Pe Jaan Chali Aayegi,Kishore Kumar,4.0,https://www.youtube.com/watch?v=f8n-XA4FIQQ,https://music.youtube.com/watch?v=stZ49ehWhTs,https://music.youtube.com/watch?v=6_y7ipCeFiU,https://music.youtube.com/watch?v=HtiLJctV5rE
77ef19ad-e8be-553f-8c16-1d04cd4d8679,13e8386d-eec6-5d79-900f-72818dbee709,1,Jin Khoja Tin Paaiyan,Jaspal Singh,4.0,http://www.youtube.com/watch?v=A-8MLhp-HPc,https://music.youtube.com/watch?v=uQqlko8IT7g,https://music.youtube.com/watch?v=5SjAw1So8N8,https://music.youtube.com/watch?v=WGrLeOgqLKA
f1b1b2e7-bef8-59ad-9e6c-e3985bdfc00b,13e8386d-eec6-5d79-900f-72818dbee709,3,Saari Daar Dai Mope Rang Gagar,"Purushottam Das Jalota, Sulakshana Pandit",4.0,http://www.youtube.com/watch?v=tbhvaNrmwOQ,https://music.youtube.com/watch?v=Motrr9-VzbY,https://music.youtube.com/watch?v=tbhvaNrmwOQ,https://music.youtube.com/watch?v=PLhZMBbC8vY
0384630d-050b-5ac5-a70b-a4027399f4af,13e8386d-eec6-5d79-900f-72818dbee709,5,Ho Rama Pani Bharne Jaoon To,"Sulakshana Pandit, Anand Kumar C.",4.0,http://www.youtube.com/watch?v=dag1mMPxwnQ,https://music.youtube.com/watch?v=GpK9Bdld8Uw,,
cd22debb-fa47-57cb-a745-26a30c7b6893,13e8386d-eec6-5d79-900f-72818dbee709,6,Nanha Sa Phool Hoon Main,Sulakshana Pandit,4.0,https://www.youtube.com/watch?v=GOsla7kuzTg,https://music.youtube.com/watch?v=ZoQljNLmUrU,https://music.youtube.com/watch?v=7l30FRkVsbk,https://music.youtube.com/watch?v=GOsla7kuzTg
2604bb0f-4ae6-5323-bd44-71186621bacc,13e8386d-eec6-5d79-900f-72818dbee709,7,Dekho Kaanha Nahin Maanat Batiyaan,"Sulakshana Pandit, Yesudas",4.5,http://www.youtube.com/watch?v=wM8rKckwKi4,https://music.youtube.com/watch?v=MhP3wdFK2Uk,https://music.youtube.com/watch?v=8hj2DO1R0bU,
d0ab3e11-d590-5518-b140-acf64753d481,13e8386d-eec6-5d79-900f-72818dbee709,8,Kaun Gali Gaye Shyam,Sulakshana Pandit,4.0,http://www.youtube.com/watch?v=ZqZ8eUcxB7w,https://music.youtube.com/watch?v=D3638UyYeAU,https://music.youtube.com/watch?v=0sGSD4sP97U,https://music.youtube.com/watch?v=V_X9VeuBwrc
8775d27e-fe44-5570-bfb5-d0ff1ae6a31e,13e8386d-eec6-5d79-900f-72818dbee709,10,Kar Singaar Aise Chalat Sundari,"Aarti Mukherji, Sulakshana Pandit",4.0,http://www.youtube.com/watch?v=baiQFDf8if8,https://music.youtube.com/watch?v=ZwrD0O-gGEc,https://music.youtube.com/watch?v=iF3S8-RiUWQ,
0d93c1a2-3893-5f0b-96bd-6cf2747cd26e,13e8386d-eec6-5d79-900f-72818dbee709,11,Sur Bin Taan Nahin,"Aarti Mukherji, Sulakshana Pandit, Purushottam Das Jalota, Anand Kumar C.",4.0,http://www.youtube.com/watch?v=SCA4IMkOyvI,https://music.youtube.com/watch?v=J9k_hQsS7P4,,
a178ff03-3999-5db6-b1e3-f27ef70bac53,9cf77932-f466-5024-87fd-138f92933c8d,4,Bindiya Tarse Kajra Barse,Lata Mangeshkar,4.5,https://www.youtube.com/watch?v=BkJi1TX-MQs,https://music.youtube.com/watch?v=nSMV610ceOY,https://music.youtube.com/watch?v=LsfIMByVBfg,https://music.youtube.com/watch?v=Y1153CRkgp8
a5dec0bb-61c5-558c-b59d-93eb25138965,61d934ea-3a9f-50e2-bed4-4e4f3a8ccaeb,2,Aap Jaisa Koi Meri Zindagi Mein Aaye,Nazia Hassan,4.33,https://www.youtube.com/watch?v=rY8HQYf7B3I,https://music.youtube.com/watch?v=rY8HQYf7B3I,https://music.youtube.com/watch?v=FmL2DrG1jD8,https://music.youtube.com/watch?v=3XsSsLT79qs
2a95be28-5ec2-5944-838e-4ec5a00f2232,61d934ea-3a9f-50e2-bed4-4e4f3a8ccaeb,5,Laila  O Laila,"Kanchan, Amit Kumar",4.29,https://www.youtube.com/watch?v=098gv231xWw,https://music.youtube.com/watch?v=bC_NKZyk_eE,https://music.youtube.com/watch?v=098gv231xWw,https://music.youtube.com/watch?v=1i_MwtbXezY
720eb60e-bc7b-59e5-814c-221540fe1f64,61d934ea-3a9f-50e2-bed4-4e4f3a8ccaeb,6,Kya Dekhte Ho Surat Tumhari,"Asha Bhosle, Mohammed Rafi",4.75,https://www.youtube.com/watch?v=KwJ4GI9pReY,https://music.youtube.com/watch?v=O0YotBwEGbE,https://music.youtube.com/watch?v=s-5r-l-BtCM,https://music.youtube.com/watch?v=oLT1UTP8uos
c22aa39a-6646-55a8-9038-00048ea774e3,7c848e6e-6339-57d1-b0a5-b598c99f31fd,1,Kiski Sadayen Mujhko Bulaye,"Kishore Kumar, Asha Bhosle",4.0,https://www.youtube.com/watch?v=xQ_pqnlD0pU,https://music.youtube.com/watch?v=xQ_pqnlD0pU,https://music.youtube.com/watch?v=aXb3FhdmC3s,https://music.youtube.com/watch?v=Hyg-yV3ixx8
b150e468-e247-5247-b024-03f6d975234b,868aa08c-9b37-5e90-b02b-98fc715f57b4,1,Sau Sau Saal Jiyo Hamaari Saasu Ji,"Asha Bhosle, Hemlata",4.0,http://www.youtube.com/watch?v=pe8sKWkW1K8,https://music.youtube.com/watch?v=pe8sKWkW1K8,https://music.youtube.com/watch?v=w-4q3ZhdzGE,
79660776-10f8-561f-99cd-acbef1551abf,868aa08c-9b37-5e90-b02b-98fc715f57b4,3,Maha Chaalu Hai Dilbar Mera,Asha Bhosle,4.0,http://www.youtube.com/watch?v=2uP_Or4I6J0,https://music.youtube.com/watch?v=2uP_Or4I6J0,https://music.youtube.com/watch?v=UK084mekZ7g,https://music.youtube.com/watch?v=ZFwN21GO4Ek
1c903213-eeb0-5819-b0c9-35ae59619c89,b28a2330-a4f4-5baa-a9de-63b61b886fc7,1,Doston Se Pyar Kiya,Usha Uthup,4.75,https://www.youtube.com/watch?v=e1EfQWdsZw4,https://music.youtube.com/watch?v=l_SZBXlRFGk,https://music.youtube.com/watch?v=TqsEYz0v6fw,https://music.youtube.com/watch?v=rYG0mYD1-gM
9866a95f-7de0-5359-8edc-5e08c73dbcf7,b28a2330-a4f4-5baa-a9de-63b61b886fc7,4,Jaanu Meri Jaan,"Mohammed Rafi, Kishore Kumar, Asha Bhosle, Usha Mangeshkar",4.14,https://www.youtube.com/watch?v=sHzvOKqPSTw,https://music.youtube.com/watch?v=zbkaeHTiB1k,https://music.youtube.com/watch?v=sHzvOKqPSTw,https://music.youtube.com/watch?v=Pm2HAO98_Uw
2fb87b17-2c1b-5203-addf-c2b6cece9a11,b28a2330-a4f4-5baa-a9de-63b61b886fc7,5,Pyar Karne Wale Pyar Karte Hain Shaan Se,Asha Bhosle,4.5,https://www.youtube.com/watch?v=zFVFbjTRovs,https://music.youtube.com/watch?v=ArOCuDMCQzc,https://music.youtube.com/watch?v=B3vNAkalzhw,https://music.youtube.com/watch?v=R7Y431kzOkA
b7539e45-f5cf-5098-b35f-cfb48d32d3dd,b28a2330-a4f4-5baa-a9de-63b61b886fc7,6,Yamma Yamma,"Mohammed Rafi, R.D. Burman",4.4,https://www.youtube.com/watch?v=IQ-iTeN_Yv4,https://music.youtube.com/watch?v=9n8gcr3cLBY,https://music.youtube.com/watch?v=nJs7CN7Xyz0,
c44e03f1-6c65-5ced-9aea-f5d9a5e1a59d,65a3ad2e-e42c-5251-8348-03a85bf4ed21,1,Thodi Si Zamin Thoda Aasman,"Bhupinder Singh, Lata Mangeshkar",4.4,https://www.youtube.com/watch?v=BrGXLOXIFXA,https://music.youtube.com/watch?v=kexhMf6BWR0,https://music.youtube.com/watch?v=n-kOqq0-pLs,https://music.youtube.com/watch?v=1-48brlnYbI
36151829-654c-5609-baa6-003349bfc8c0,65a3ad2e-e42c-5251-8348-03a85bf4ed21,2,Yeh Saaye Hain Yeh Duniya Hai,Asha Bhosle,4.5,https://www.youtube.com/watch?v=_SHlPlXfXFA,https://music.youtube.com/watch?v=GtYrPgjnfQY,https://music.youtube.com/watch?v=Cfkr4g4KfBE,https://music.youtube.com/watch?v=kAfvh129DzA
af4b8a34-0db0-5ee9-9877-56d4bb3050cc,d1694441-7472-50f0-abdb-7b32b27fc4a7,1,Leke Dil Chala Gaya Kahan Mere Dilbar,Asha Bhosle,4.0,https://www.youtube.com/watch?v=dI6QoC8QEMI,https://music.youtube.com/watch?v=B3KythcUNro,,
7051b163-bdec-5c2b-8274-b44564a35f46,d1694441-7472-50f0-abdb-7b32b27fc4a7,2,Aaj Akeli Main Aur Jahan Ki Sitam,Asha Bhosle,4.0,https://www.youtube.com/watch?v=rpuVGVotOjE,https://music.youtube.com/watch?v=FXYPkYBFhw0,,
52d9ebe9-d293-5139-b05f-b2fcff15fb05,d1694441-7472-50f0-abdb-7b32b27fc4a7,5,Aaiye Aur Paas Aur Paas,Asha Bhosle,4.0,https://www.youtube.com/watch?v=w58WoMQBdwc,https://music.youtube.com/watch?v=w58WoMQBdwc,https://music.youtube.com/watch?v=XTlItBEJZ_U,
478fb37b-98a5-51a3-8bad-867244330515,e3332232-325a-57e2-99fa-8ce1fec2fa4b,1,Vaada Hai Kya Kya Hai Kasam,Kishore Kumar,4.33,https://www.youtube.com/watch?v=th7kP8BeBnw,https://music.youtube.com/watch?v=dmSYKOYGRo0,https://music.youtube.com/watch?v=t6MVb0qq-Ak,https://music.youtube.com/watch?v=LQLgSP-G6zY
249120e6-564a-5dd4-8378-838766324dbc,28b38d6f-8f7d-5845-83b2-42aeb6129e19,1,Hazar Raahen Mud Ke Dekhin,"Kishore Kumar, Lata Mangeshkar",4.83,https://www.youtube.com/watch?v=txQnbKw60io,https://music.youtube.com/watch?v=_6OXxUpYN38,https://music.youtube.com/watch?v=FjYvUk7gens,https://music.youtube.com/watch?v=L8jZQocWXms
d39bc389-51fd-5b7c-9511-678c47fbd473,28b38d6f-8f7d-5845-83b2-42aeb6129e19,4,Aankhon Mein Humne Aapke Sapne Sajaye Hain,"Kishore Kumar, Lata Mangeshkar",4.67,https://www.youtube.com/watch?v=GkGAUidq01g,https://music.youtube.com/watch?v=bSmCeUmTxNQ,https://music.youtube.com/watch?v=H8Uxz4f0S1c,
308b5f32-a71f-5b69-a29e-1ef07026ef04,28b38d6f-8f7d-5845-83b2-42aeb6129e19,6,Aaj Bichde Hain Kal Ka Dar Bhi Nahin,Bhupinder Singh,5.0,https://www.youtube.com/watch?v=pDzGdIWKf1M,https://music.youtube.com/watch?v=pygSUW3EiZY,https://music.youtube.com/watch?v=jghphIRg0dc,https://music.youtube.com/watch?v=0TE-Uhzfpag
e6c0a56b-807e-5e4c-9fbe-96bcc5a14a3e,c7665da8-eb1c-5e8e-a729-2fbf7f6bb670,4,Is Mod Se Jaate Hain,Bhupinder Singh,4.5,https://www.youtube.com/watch?v=S13nHb7VAZk,https://music.youtube.com/watch?v=UMnDRgk1NlY,https://music.youtube.com/watch?v=OjrJ5pf1r9w,https://music.youtube.com/watch?v=CONEycsJnYA
c10e1857-4ba5-5d40-b079-336a9ea0362e,b6de9097-d36a-5908-b0e9-4d030ee958f7,1,Nazar Se Phool Chunti Hai,"Asha Bhosle, Anwar",4.0,https://www.youtube.com/watch?v=jDlOSa_J95M,https://music.youtube.com/watch?v=jDlOSa_J95M,https://music.youtube.com/watch?v=kgIlpfdkNYM,https://music.youtube.com/watch?v=-BVLbhHahkM
bbc20dd1-d02e-56cb-a52d-3a2f559e9ee1,b6de9097-d36a-5908-b0e9-4d030ee958f7,3,Kabhi Kisi Ko Muqammal Jahan Nahin Milta (Male),Bhupinder Singh,4.0,https://www.youtube.com/watch?v=ftHwrKS2kYI,https://music.youtube.com/watch?v=NbAHB-N1nHs,https://music.youtube.com/watch?v=ftHwrKS2kYI,https://music.youtube.com/watch?v=VHPuZhMIb8A
55340bbc-02ad-54fc-99d8-d387925c229e,b6de9097-d36a-5908-b0e9-4d030ee958f7,7,Maana Teri Nazar Mein,Sulakshana Pandit,4.0,https://www.youtube.com/watch?v=70ntqPJXjO4,https://music.youtube.com/watch?v=qRAUT9uWNw4,https://music.youtube.com/watch?v=5tpysG0a5b0,https://music.youtube.com/watch?v=gaiMGBoF4FQ
de920189-d366-5a54-bb33-87b4369c9f54,b6de9097-d36a-5908-b0e9-4d030ee958f7,8,Kabhi Kisi Ko Muqammal Jahan Nahin Milta (Female),Asha Bhosle,4.0,https://www.youtube.com/watch?v=xzw7kYH4w7Y,https://music.youtube.com/watch?v=sFOUaNVGGVU,https://music.youtube.com/watch?v=xzw7kYH4w7Y,https://music.youtube.com/watch?v=k82SZZaWgtU
8aeb9f54-1cae-5907-81c5-7d1f746fd43e,da54a910-24bf-5600-bcfb-3fa0ba2fe30f,2,Rambha Ho Ho Ho Sambha Ho Ho Ho,Usha Uthup,4.0,https://www.youtube.com/watch?v=yQ8WUHHxFvA,https://music.youtube.com/watch?v=zS5y8a5wkno,https://music.youtube.com/watch?v=F_-UuraWCFY,https://music.youtube.com/watch?v=MINo9f1hpz8
d8c38996-a7dd-5db0-9014-01d5d52740cd,da54a910-24bf-5600-bcfb-3fa0ba2fe30f,3,Haan Mere Jaisi Haseena Ka Dil,"Bappi Lahiri, Sharon Prabhakar",4.67,https://www.youtube.com/watch?v=HhAICRBhlVc,https://music.youtube.com/watch?v=nFC7YqKnoKE,https://music.youtube.com/watch?v=W2kV1rSfebg,
aab829c8-bf11-5189-8622-ba13e4fa9e05,da54a910-24bf-5600-bcfb-3fa0ba2fe30f,5,Zindagi Ke Raaste Mein,Lata Mangeshkar,4.0,https://www.youtube.com/watch?v=nGq6aGZeQPI,https://music.youtube.com/watch?v=nGq6aGZeQPI,,
b2aa941b-eaf7-53b4-abdc-9fa19c593545,f05e4fc1-75c7-533c-8026-6e214d8e1cb5,1,Apne Pyar Ke Sapne Sach Hue,"Kishore Kumar, Lata Mangeshkar",4.33,https://www.youtube.com/watch?v=hyNDI8Im7VE,https://music.youtube.com/watch?v=mNFI7U9Wp8s,https://music.youtube.com/watch?v=oVE02Sboy5c,https://music.youtube.com/watch?v=ax3xjKejHKE
65290b45-39c2-5aaa-a7f3-20989ac3dff7,f05e4fc1-75c7-533c-8026-6e214d8e1cb5,5,Haay Woh Pardesi Man Mein,Lata Mangeshkar,4.0,https://www.youtube.com/watch?v=t-KhOFANuDA,https://music.youtube.com/watch?v=zFIgm3UllfM,https://music.youtube.com/watch?v=VB1RCBsBMJQ,https://music.youtube.com/watch?v=FRRR2sOnC6E
0ac902ca-94b9-592e-b79e-ab61474259cf,2bc84fb9-51b4-581a-b639-9854c38cbc2c,4,Jahan Pe Sawera Ho Basera Wahin,Lata Mangeshkar,4.0,https://www.youtube.com/watch?v=7El6Mui-jvw,https://music.youtube.com/watch?v=7El6Mui-jvw,https://music.youtube.com/watch?v=xHp1SqxjBNk,https://music.youtube.com/watch?v=aWJc-cT12Mc
ee6d799e-30e7-5904-b6b7-3e0ebb48be01,0aa66553-3ae8-5550-8835-83eedf5b64c2,3,Kahan Se Aaye Badra,"Haimanti Shukla, Yesudas",4.5,https://www.youtube.com/watch?v=MWVZiycLHu4,https://music.youtube.com/watch?v=FrAz_g5WlOk,https://music.youtube.com/watch?v=_BFfuCoWiyA,https://music.youtube.com/watch?v=MWVZiycLHu4
ba5ada6e-d129-5987-a216-d91b0600da67,0aa66553-3ae8-5550-8835-83eedf5b64c2,4,Kaali Ghodi Dwar Khadi,"Haimanti Shukla, Yesudas",4.25,https://www.youtube.com/watch?v=G6fKEu0yiJI,https://music.youtube.com/watch?v=G6fKEu0yiJI,https://music.youtube.com/watch?v=9pa8q-DVBtA,https://music.youtube.com/watch?v=4Vi91ao-S8g
7381f0a0-fefd-5f6b-b07b-e8c5ffbfb870,0aa66553-3ae8-5550-8835-83eedf5b64c2,6,Is Nadi Ko Mera Aaina Maan Lo,"Haimanti Shukla, Shailendra Singh",4.0,https://www.youtube.com/watch?v=Ianmr4THoXk,https://music.youtube.com/watch?v=Ianmr4THoXk,https://music.youtube.com/watch?v=W8UqwnofHZU,https://music.youtube.com/watch?v=qdYO6mFwPA4
f57c2451-9f57-56ea-b865-23b0f01541c1,62d91451-a6fb-5b2a-8ac5-7c51173b1411,3,Pyar Ka Dard Hai,"Asha Bhosle, Kishore Kumar",4.0,https://www.youtube.com/watch?v=oILw5X-VoWI,https://music.youtube.com/watch?v=KqjlkrzyvW0,https://music.youtube.com/watch?v=rp0cynrdjNY,https://music.youtube.com/watch?v=oILw5X-VoWI
a6e01545-d89d-5456-bd1a-a503fb8106a6,62d91451-a6fb-5b2a-8ac5-7c51173b1411,7,Na Jane Kya Hua,Lata Mangeshkar,4.5,http://www.youtube.com/watch?v=nxgYiyM6p4w,https://music.youtube.com/watch?v=mfYjdK5zI9E,https://music.youtube.com/watch?v=qiPXIIxUqMY,https://music.youtube.com/watch?v=m88E8xu09OE
fbc40a3c-12a1-5fbf-961c-ec24f8b31a3c,d46be92c-60ce-5f08-92b6-9e6356ce7395,4,Yeh Ankhen Dekh Kar,"Lata Mangeshkar, Suresh Wadkar",4.33,https://www.youtube.com/watch?v=BpLDacQy39I,https://music.youtube.com/watch?v=BpLDacQy39I,https://music.youtube.com/watch?v=EcfueyP-iks,https://music.youtube.com/watch?v=GqzSsbUTt54
8b5e9729-e413-5909-93ee-d9bb115a874a,d4f9ba14-f6de-5eb4-8cae-e9e4b8963c3c,1,Disco Deewane - I,Nazia Hassan,4.0,https://www.youtube.com/watch?v=Lz4KXGEmUiA,https://music.youtube.com/watch?v=Lz4KXGEmUiA,https://music.youtube.com/watch?v=p68AXWMlTT0,https://music.youtube.com/watch?v=QljTHgNSmHQ
2d65606b-19f2-5f1d-996f-8241492066f5,d4f9ba14-f6de-5eb4-8cae-e9e4b8963c3c,2,Lekin Mera Dil,Nazia Hassan,4.0,https://www.youtube.com/watch?v=9AlXgqihGwQ,https://music.youtube.com/watch?v=d-0IxLkkOU8,https://music.youtube.com/watch?v=cWR-LHmx5-0,https://music.youtube.com/watch?v=Qh74OunnjdQ
910bb885-027a-55c5-89c6-e71eadfa44fc,d4f9ba14-f6de-5eb4-8cae-e9e4b8963c3c,4,Tere Kadmon Ko,"Nazia Hassan, Zoheb Hassan",4.0,https://www.youtube.com/watch?v=YYKTIQvV83M,https://music.youtube.com/watch?v=OUz2J_EavQY,https://music.youtube.com/watch?v=YYKTIQvV83M,https://music.youtube.com/watch?v=7JsznE-lmTA
347ea1f4-ef22-52a2-a8fc-b2f1c23e6015,d4f9ba14-f6de-5eb4-8cae-e9e4b8963c3c,7,Gaayen Mil Kar,Nazia Hassan,4.0,http://www.youtube.com/watch?v=hBZOjQfKqW0,https://music.youtube.com/watch?v=hBZOjQfKqW0,https://music.youtube.com/watch?v=CcHSv_FK3xo,
ea16ed44-f62f-566e-bb40-c7d87234b08a,d4f9ba14-f6de-5eb4-8cae-e9e4b8963c3c,8,Aao Naa Pyar Karen,Nazia Hassan,4.0,https://www.youtube.com/watch?v=TYqOJSsj0vQ,https://music.youtube.com/watch?v=-PMtqAeDbYg,https://music.youtube.com/watch?v=YpD2_kuGudI,https://music.youtube.com/watch?v=WKAV7UhYgiU
e1678cb0-58c2-5c14-aae8-928aaa80ef2b,d4f9ba14-f6de-5eb4-8cae-e9e4b8963c3c,9,Komal,Nazia Hassan,4.0,https://www.youtube.com/watch?v=fAugaLFlxNc,https://music.youtube.com/watch?v=fAugaLFlxNc,https://music.youtube.com/watch?v=W9qw_MhnFOw,https://music.youtube.com/watch?v=oE--qiRsvjI
7abf0189-8367-5fde-a6c8-5d3c2db0b18b,df9a98a7-1436-572c-93a7-15d07d883e9a,1,Tere Mere Beech Mein (Duet),"Lata Mangeshkar, S.P. Balasubramaniam",4.6,https://www.youtube.com/watch?v=c3DIXxIgi0c,https://music.youtube.com/watch?v=mXiBhBP9Xjc,https://music.youtube.com/watch?v=KmC4TRQmREY,https://music.youtube.com/watch?v=-pMMv6-oH_M
d9ab42d8-91bd-5d69-b1ae-9d80397410fe,df9a98a7-1436-572c-93a7-15d07d883e9a,2,Hum Tum Dono Jab Mil Jayenge,"Lata Mangeshkar, S.P. Balasubramaniam",4.5,https://www.youtube.com/watch?v=qFxREQO_ywk,https://music.youtube.com/watch?v=2LhyLjL_T4E,https://music.youtube.com/watch?v=zrALr0r7Qt4,https://music.youtube.com/watch?v=yqK70pzdz_E
5f56ff9d-30db-5cf4-ad3c-9a0326c34e2d,df9a98a7-1436-572c-93a7-15d07d883e9a,3,Mere Jeevan Saathi Pyar Kiye Ja,"S.P. Balasubramaniam, Anuradha Paudwal",4.5,https://www.youtube.com/watch?v=Rq021lXIz9w,https://music.youtube.com/watch?v=op14Xepjd0g,https://music.youtube.com/watch?v=TZPTAprh7Os,https://music.youtube.com/watch?v=b3qboc-42_s
8bc87272-9095-5601-aa43-e1f804eeda21,df9a98a7-1436-572c-93a7-15d07d883e9a,4,Hum Bane Tum Bane Ek Duje Ke Liye,"Lata Mangeshkar, S.P. Balasubramaniam",4.5,https://www.youtube.com/watch?v=c9_mV-aJ1SA,https://music.youtube.com/watch?v=GS3FHPUS4LA,https://music.youtube.com/watch?v=aGWID6lVqbk,https://music.youtube.com/watch?v=zrALr0r7Qt4
4a0ece94-91e2-5f15-a86e-2b4fc62a5416,df9a98a7-1436-572c-93a7-15d07d883e9a,5,Solah Baras Ki Baali Umar Ko Salaam,"Lata Mangeshkar, Anup Jalota",4.33,https://www.youtube.com/watch?v=322FOeeonf4,https://music.youtube.com/watch?v=ne4tpzLY-bg,https://music.youtube.com/watch?v=9tTjKqw0PUY,https://music.youtube.com/watch?v=1RIEPUjTXEA
b6a1b529-974e-514b-b74c-be8475b7dd2f,df9a98a7-1436-572c-93a7-15d07d883e9a,6,Tere Mere Beech Mein (Male),S.P. Balasubramaniam,4.5,https://www.youtube.com/watch?v=h1Td6cvzKvg,https://music.youtube.com/watch?v=h1Td6cvzKvg,https://music.youtube.com/watch?v=u8A2gZFB1EE,https://music.youtube.com/watch?v=To-Uu0QVXvQ
b7a17c2d-d5c4-5ad0-a27d-cd4d90119f73,b01a5386-65e5-580e-a1d9-b3d9f720022a,2,Nishaan Yun To The,Hariharan,4.0,http://www.youtube.com/watch?v=fAfnnzsAoGE,https://music.youtube.com/watch?v=03VC11u5-lA,https://music.youtube.com/watch?v=H3R8pqnMLgo,https://music.youtube.com/watch?v=fAfnnzsAoGE
ab2de0d4-fa3c-5d3f-8b1a-dcaa34fd9d80,c21dfaaa-f0bf-5414-996f-c7be2e36cfaa,1,Kabhi Palkon Pe Ansoo Hain,Kishore Kumar,4.25,https://www.youtube.com/watch?v=sBrpAsGotEM,https://music.youtube.com/watch?v=_qbltG1J8O0,https://music.youtube.com/watch?v=QQyKoPHFN34,https://music.youtube.com/watch?v=yFSdGOOV9Sw
3f101808-8968-58c4-ac07-0fbf2a67e45d,c21dfaaa-f0bf-5414-996f-c7be2e36cfaa,4,Tere Liye Palkon Ki Jhalar Bunoon,Lata Mangeshkar,4.75,https://www.youtube.com/watch?v=k0NnzaKaHOw,https://music.youtube.com/watch?v=s6ll0s38lpE,https://music.youtube.com/watch?v=oxGleKlmqFM,https://music.youtube.com/watch?v=AkikD9iS06Q
d90aacec-5d19-572c-bbc4-eec0eb11b305,c21dfaaa-f0bf-5414-996f-c7be2e36cfaa,5,Yeh Rut Hai Haseen Dard Bhi Hai Jawan,Kishore Kumar,4.0,https://www.youtube.com/watch?v=SDxS38ix8mk,https://music.youtube.com/watch?v=_w3auXl8AB0,https://music.youtube.com/watch?v=8Jiz_ngITcE,https://music.youtube.com/watch?v=ChdT3mSKDfg
2c48a4e9-105b-5171-91c8-6a9d041e9a86,c21dfaaa-f0bf-5414-996f-c7be2e36cfaa,6,Mee Raksam Mee Raksam,"Chandrashekhar Gadgil, Mohammed Rafi",4.0,https://www.youtube.com/watch?v=06FDkhDum20,https://music.youtube.com/watch?v=ovfTqXHHFQg,https://music.youtube.com/watch?v=aufO8tocH5E,https://music.youtube.com/watch?v=kf-h_rRrtR4
74f240eb-2ae4-58bf-bf59-3a2fc688d489,91b35db0-1e25-53fe-b7f9-64078a370a88,5,Tere Jaisa Pyara Koi Nahin,Usha Khanna,4.0,https://www.youtube.com/watch?v=D0CxtTnDLaU,https://music.youtube.com/watch?v=kImQ_RHkXNw,https://music.youtube.com/watch?v=5SBrc4TTHLs,https://music.youtube.com/watch?v=a-aLV0Z_D50
89293f80-4eb3-541b-ae14-8649383e3178,f66f76e3-5457-5596-b17f-231e265d19ac,1,Sooni Sej Saja Doon,Lata Mangeshkar,4.0,https://www.youtube.com/watch?v=OOuL1YDRjUM,https://music.youtube.com/watch?v=OOuL1YDRjUM,https://music.youtube.com/watch?v=mCsCo-P14nE,https://music.youtube.com/watch?v=9FPy_1ru-Qo
8589379d-80bc-5bca-9900-1ca1057a6ba5,1a1e2897-24a7-50b0-bb34-ea36e0c11ee7,1,Jahan Teri Ye Nazar Hai,Kishore Kumar,4.0,http://www.youtube.com/watch?v=3_tZ7GK18dY,https://music.youtube.com/watch?v=CkHw1q7blWQ,https://music.youtube.com/watch?v=BXaqBNTl7zI,https://music.youtube.com/watch?v=DQQlWalAIqo
e97e05af-adad-5e09-817c-47354288f4f3,1a1e2897-24a7-50b0-bb34-ea36e0c11ee7,5,Tum Saath Ho Jab Apne,"Kishore Kumar, Asha Bhosle",4.0,http://www.youtube.com/watch?v=KSuHOgDiq6Y,https://music.youtube.com/watch?v=pEK1_HasZaE,https://music.youtube.com/watch?v=_sjha-oCwh4,https://music.youtube.com/watch?v=KleNYs1Y2I0
a6d78201-5a9e-57d6-92f0-41dbc45134af,f8dd95d9-3bc6-5fe6-88fc-d4f5df8a9b46,3,Karan's Theme,,4.0,https://www.youtube.com/watch?v=99PwYM5kixo,https://music.youtube.com/watch?v=wXF7I14N25U,,
6bdb801d-00ee-5e78-89e6-2323db175a78,b57b0990-f2c7-5670-a161-26d535b8340f,4,Shaam Rangeen Hui Hai Tere Aanchal Ki Tarah,"Suresh Wadkar, Usha Mangeshkar",4.5,https://www.youtube.com/watch?v=UgWCnTwSGTg,https://music.youtube.com/watch?v=UgWCnTwSGTg,,
6b08e8b1-9291-5c8b-be5c-b55824108e45,a0adc688-2348-5a46-a342-eaa31ea47476,1,Kabhi Hoti Nahin Hai Jiski Haar (Male),Kishore Kumar,4.0,https://www.youtube.com/watch?v=sAxLb9nz1Xk,https://music.youtube.com/watch?v=sAxLb9nz1Xk,https://music.youtube.com/watch?v=pPOOq3pslok,https://music.youtube.com/watch?v=M27Hy7uKwFs
58a212cb-aeba-51f4-a8fb-2d21f8171f78,a0adc688-2348-5a46-a342-eaa31ea47476,5,Kabhi Hoti Nahin Hai Jiski Haar (Female),Asha Bhosle,4.0,https://www.youtube.com/watch?v=dGcEtrQhTLw,https://music.youtube.com/watch?v=7AXWzThODNM,https://music.youtube.com/watch?v=0mFMYeC6Rb4,https://music.youtube.com/watch?v=sAxLb9nz1Xk
4ffd4ed7-20aa-5880-9ba9-daaebfe64c1d,0378425a-a973-5e32-b2cc-a4133509f355,1,Zindagi Ki Naa Toote Ladi,"Lata Mangeshkar, Nitin Mukesh",4.0,https://www.youtube.com/watch?v=5AfhgY_yj3o,https://music.youtube.com/watch?v=TOS-mgQEubg,https://music.youtube.com/watch?v=3IjQ87sRIcU,https://music.youtube.com/watch?v=5AfhgY_yj3o
4e66d51c-534b-55f8-a47d-b86bc744e5bc,cf68601a-6b5e-58a9-b003-22b5766c10ff,2,Chal Chameli Bagh Mein Mewa Khilaoonga,"Lata Mangeshkar, Suresh Wadkar",4.0,https://www.youtube.com/watch?v=TAix1ugJGZg,https://music.youtube.com/watch?v=m6PmNval9Q8,https://music.youtube.com/watch?v=_sbux8-pG_k,https://music.youtube.com/watch?v=UoKIzDBb6IY
ddf8ca76-c9af-58c5-be74-cb329cd144c6,96de3c98-163c-5a49-8c1a-4654c255d6f8,2,Humein Tumse Pyar Kitna - Male,Kishore Kumar,4.75,https://www.youtube.com/watch?v=Uusp8b5Q_1I,https://music.youtube.com/watch?v=jZjdl_oNZeE,https://music.youtube.com/watch?v=oqUdGfzKHe8,https://music.youtube.com/watch?v=iTkTrVXwCsA
be2d721d-d3ef-56c6-83e6-06304d7db9fc,96de3c98-163c-5a49-8c1a-4654c255d6f8,3,Chhodo Sanam Kaahe Ka Gham,"Annette Pinto, Kishore Kumar",4.0,https://www.youtube.com/watch?v=Fmw1D8dabTg,https://music.youtube.com/watch?v=70VeSk7kdN0,https://music.youtube.com/watch?v=9XU-wyuA0y8,https://music.youtube.com/watch?v=zdZtLOq5QHs
45d69cb5-436c-57c2-8861-8bd7727e3597,96de3c98-163c-5a49-8c1a-4654c255d6f8,4,Sajti Hai Yun Hi Mehfil,Asha Bhosle,4.0,https://www.youtube.com/watch?v=vKgMNGUe9ik,https://music.youtube.com/watch?v=Y1GBxWqzBJM,https://music.youtube.com/watch?v=69GfLR2lriQ,https://music.youtube.com/watch?v=04dLZtLvYTA
fc0d7380-b9fb-55cc-b34d-8734caa95670,96de3c98-163c-5a49-8c1a-4654c255d6f8,7,Humein Tumse Pyar Kitna - Female,Parveen Sultana,4.33,https://www.youtube.com/watch?v=oCjCTEzkyHM,https://music.youtube.com/watch?v=BZp-hMIC6-M,https://music.youtube.com/watch?v=nj98RhXS1z4,https://music.youtube.com/watch?v=w-BbWJx05hg
9d770e14-f0a5-52d1-994c-0c0d0cf50762,c9dac909-fe98-54eb-a2c2-f068afc779c9,2,Kab Ke Bichhde Hue,"Kishore Kumar, Asha Bhosle",4.0,https://www.youtube.com/watch?v=tA-KPvE-Gi8,https://music.youtube.com/watch?v=MkAyCmItNGI,https://music.youtube.com/watch?v=NlO-82R3wpc,https://music.youtube.com/watch?v=QlFvT7SuaLs
07b78ffe-7f9b-5059-90ac-6c2d5974e70d,c9dac909-fe98-54eb-a2c2-f068afc779c9,7,Apni Toh Jaise Taise,Kishore Kumar,4.33,https://www.youtube.com/watch?v=lY26cgWBLCs,https://music.youtube.com/watch?v=gl_z2cwe_nI,https://music.youtube.com/watch?v=vVXM_8kptDg,https://music.youtube.com/watch?v=-b2dfPU_tCY
99550841-1b00-557b-b54b-ef1e3810554a,402a9d18-542d-5954-980f-beada418e938,4,Teri Yaad Aa Rahi Hai (Duet),"Amit Kumar, Lata Mangeshkar",4.0,https://www.youtube.com/watch?v=NJAvMcJs-V0,https://music.youtube.com/watch?v=Fs0yw3IZQr0,https://music.youtube.com/watch?v=R8mrljv-m2c,https://music.youtube.com/watch?v=yrUjIrWA0g0
b0870b3d-ae50-5baa-84c7-fba23147a06f,402a9d18-542d-5954-980f-beada418e938,5,Kya Ghazab Karte Ho Ji,Asha Bhosle,4.5,https://www.youtube.com/watch?v=-F8SlP971m4,https://music.youtube.com/watch?v=8EymSuOaHgY,https://music.youtube.com/watch?v=LknKwDsBVIE,https://music.youtube.com/watch?v=-F8SlP971m4
b0d397b3-0ed6-5c17-a421-73cffd0dc84b,681bd571-c9c1-5618-a2f1-062e47d54862,3,Tere Liye Ye Saare Nazaare,"Kishore Kumar, Anuradha Paudwal",4.0,https://www.youtube.com/watch?v=eYzEmFEaYuw,https://music.youtube.com/watch?v=GnnERmroND4,https://music.youtube.com/watch?v=H8rGMGFCX4w,
89f91abb-2f82-5812-bdae-eb5263d7352a,3e5e137e-d2b1-5f52-be5e-88715b846889,3,Raat Banoon Main,"Bhupinder Singh, Asha Bhosle",4.0,https://www.youtube.com/watch?v=zxY_LktISew,https://music.youtube.com/watch?v=zxY_LktISew,https://music.youtube.com/watch?v=sCExhhhlJTM,https://music.youtube.com/watch?v=qeu9R4YChms
52658f38-eef8-55a1-8479-84e39989f0f8,0d745e48-1643-5618-8424-d764fc68f917,1,Tum Na Maano Magar Haqeeqat Hai Ishq Insaan Ki Zaroorat Hai,Pankaj Udhas,5.0,https://www.youtube.com/watch?v=CoW-oe2HOq0,https://music.youtube.com/watch?v=NrVXqPKQkak,https://music.youtube.com/watch?v=CoW-oe2HOq0,https://music.youtube.com/watch?v=wPlOvdRm0kw
9b8cbaf4-f69e-52fd-916b-5588674ca067,0d745e48-1643-5618-8424-d764fc68f917,2,Deewaron Se Milkar Rona Achha Lagta Hai,Pankaj Udhas,5.0,https://www.youtube.com/watch?v=nGuHxXOKATE,https://music.youtube.com/watch?v=s6vj5N0cr-Q,https://music.youtube.com/watch?v=Xgo3nCUQ1_E,https://music.youtube.com/watch?v=nGuHxXOKATE
a71614ca-7321-5210-b024-f9084ebe9176,0d745e48-1643-5618-8424-d764fc68f917,3,Jheel Mein Chand Nazar Aaye,Pankaj Udhas,4.0,https://www.youtube.com/watch?v=nq3leiaFT9o,https://music.youtube.com/watch?v=CRFs19d8mec,https://music.youtube.com/watch?v=NnKePdBqmF4,https://music.youtube.com/watch?v=GR-R5Opx-nc
8a1c900a-6f94-53c2-9f45-e9be2d31419f,0d745e48-1643-5618-8424-d764fc68f917,4,Zara Ahista Chal,Pankaj Udhas,5.0,https://www.youtube.com/watch?v=3g9LaFuqE2Q,https://music.youtube.com/watch?v=3g9LaFuqE2Q,https://music.youtube.com/watch?v=jdipUH6EUYk,https://music.youtube.com/watch?v=ZACO5iQKpfo
dcdb5a52-227d-5e38-be0d-df1c014231aa,0d745e48-1643-5618-8424-d764fc68f917,7,Khud Ki Khatir Na Zamane Ke Liye,Pankaj Udhas,4.5,https://www.youtube.com/watch?v=g0pNlFUBWYQ,https://music.youtube.com/watch?v=g0pNlFUBWYQ,https://music.youtube.com/watch?v=S_SDjvdrSOc,https://music.youtube.com/watch?v=Pi6x6WVlDSY
3a6ed5f5-ea9a-5085-83d3-2cdf1de509b7,0d745e48-1643-5618-8424-d764fc68f917,8,Sabko Maloom Hai Main Sharabi Nahin,Pankaj Udhas,5.0,https://www.youtube.com/watch?v=zv1L39r7Kvc,https://music.youtube.com/watch?v=euNZkgTtK1Y,https://music.youtube.com/watch?v=gms1DkRhqgk,https://music.youtube.com/watch?v=imZQhVkmu4Y
83927742-cfc1-5146-bf35-166b3d28b589,27ffa9de-68f4-514f-a7c6-57c5de2cb9a0,1,Huq Ali,"Nusrat Fateh Ali Khan, Mujahad Ali",4.0,http://www.youtube.com/watch?v=alDyyOYJZaI,https://music.youtube.com/watch?v=GwkcmpPs8XQ,https://music.youtube.com/watch?v=iq8ThCRORH4,
1702ff76-2298-5b0c-9c7e-c626da90823b,27ffa9de-68f4-514f-a7c6-57c5de2cb9a0,6,Tumhari Palkon Ki Chilmanon Mein,"Lata Mangeshkar, Nitin Mukesh",4.0,https://www.youtube.com/watch?v=XyWKc4srN7k,https://music.youtube.com/watch?v=xLg39fafC1I,https://music.youtube.com/watch?v=2GZXdq3fgPM,https://music.youtube.com/watch?v=XyWKc4srN7k
b901c4af-7914-5f0b-9948-933e2c3bdca8,1d2d0d20-1cb7-5a16-b115-85629361019a,2,Hamen Raaston Ki Zaroorat Nahin Hai,Asha Bhosle,4.5,https://www.youtube.com/watch?v=Ws27cuYCyjM,https://music.youtube.com/watch?v=Ws27cuYCyjM,https://music.youtube.com/watch?v=sDXMPGKJrTo,https://music.youtube.com/watch?v=r-ygHmPlcG0
8c29bc8c-b858-5a38-a68b-b88a8aa52c45,1d2d0d20-1cb7-5a16-b115-85629361019a,5,Mere Angana Aaye,Asha Bhosle,4.33,https://www.youtube.com/watch?v=6ucBUkRe9UE,https://music.youtube.com/watch?v=BX36EwHXASQ,https://music.youtube.com/watch?v=E-ZoFKv_6N0,https://music.youtube.com/watch?v=eOcOy5QQfjU
6fca8e19-ec93-57bf-bd8b-4310a1ff05de,7a4d8138-9d25-5e0a-b5ea-200528893c26,6,Mohabbat Rang Layegi Janab Ahista Ahista,"Mohammed Rafi, Chandrani Mukherjee",4.5,https://www.youtube.com/watch?v=ScrOw2UfTJQ,https://music.youtube.com/watch?v=CW_KUcYlQZs,https://music.youtube.com/watch?v=KxclVKriRWU,https://music.youtube.com/watch?v=l4uyL0WRSCo
fcbc15a0-8747-5209-a9c8-7d889d311ae2,d42e8eea-867e-5ce0-b46a-c1dbd50d4781,1,Hothon Se Chhoo Lo Tum,Jagjit Singh,4.8,https://www.youtube.com/watch?v=Ee5sDeaNCnw,https://music.youtube.com/watch?v=gR240naAVP0,https://music.youtube.com/watch?v=G49WWhvu2N0,https://music.youtube.com/watch?v=xfQIxLxRJOY
9e68a902-313d-55dd-8e57-d9a79ec5d6b8,d42e8eea-867e-5ce0-b46a-c1dbd50d4781,5,Dekh Lo Awaaz Dekar,Anuradha Paudwal,4.0,https://www.youtube.com/watch?v=S-z2NTNqZx4,https://music.youtube.com/watch?v=S-z2NTNqZx4,https://music.youtube.com/watch?v=U-AdduiQlXM,https://music.youtube.com/watch?v=gIJ_qhJRdvo
2a3d648c-bd23-560e-b072-90696d5da3f1,4f22813c-df73-5fd3-bc2e-4a55fde143ae,1,Megha Re Megha Re,"Lata Mangeshkar, Suresh Wadkar",4.0,https://www.youtube.com/watch?v=KUic5ED9TKs,https://music.youtube.com/watch?v=eNjxMaSqZNE,https://music.youtube.com/watch?v=feIEboK1Dok,https://music.youtube.com/watch?v=v9glNl50sqY
32a81c26-21e4-5444-abac-b7f5a89e24f9,fab03a0b-7462-58ce-9f92-6b0bb10a600d,2,Aa Dekhen Zara Kis Mein Kitna Hai Dum,"R.D. Burman, Kishore Kumar, Asha Bhosle",4.0,https://www.youtube.com/watch?v=JL6UU5MsT68,https://music.youtube.com/watch?v=paJDEjZvCDI,https://music.youtube.com/watch?v=zoV1AA5ibB8,https://music.youtube.com/watch?v=dm29sRBkMlw
208f06e1-0b13-5083-9a90-7cfedb513f03,fab03a0b-7462-58ce-9f92-6b0bb10a600d,3,Kya Yahi Pyar Hai,"Kishore Kumar, Lata Mangeshkar",4.33,https://www.youtube.com/watch?v=L5cQa_QIjBA,https://music.youtube.com/watch?v=L5cQa_QIjBA,https://music.youtube.com/watch?v=9z6EEprP4rA,https://music.youtube.com/watch?v=PQtRRs9Y1ds
b9ee62f2-741e-579b-94fa-31beabd50e91,fab03a0b-7462-58ce-9f92-6b0bb10a600d,5,Hum Tumse Mile,"Kishore Kumar, Lata Mangeshkar",4.33,https://www.youtube.com/watch?v=WIVu6P3R5Q0,https://music.youtube.com/watch?v=WIVu6P3R5Q0,https://music.youtube.com/watch?v=SyzmPLaqhjI,https://music.youtube.com/watch?v=OJxoJxfSti0
384911b8-5458-5f01-bee3-ce722ab5d5e9,f6fb64b0-3fd3-57f7-ad37-f587b914473b,4,Jane Kyon Aisa Lagta Hai (Duet),"Bhupinder Singh, Asha Bhosle",4.2,https://www.youtube.com/watch?v=FCt2xj4NPkI,https://music.youtube.com/watch?v=Qwfsk0vujHM,https://music.youtube.com/watch?v=FCt2xj4NPkI,https://music.youtube.com/watch?v=Zok7m-xTXX8
74ee16e5-7853-54ca-9426-62a0c04a8d76,7a9124db-b244-525f-95b7-180c2cf31ec3,1,Dekha Ek Khwab To (Happy),"Kishore Kumar, Lata Mangeshkar",4.75,https://www.youtube.com/watch?v=7dO_MS9tZ5E,https://music.youtube.com/watch?v=7dO_MS9tZ5E,https://music.youtube.com/watch?v=8WMaw0wCz3w,https://music.youtube.com/watch?v=oPlHNekNTtI
1a854ea5-0362-5538-913b-e10528314902,7a9124db-b244-525f-95b7-180c2cf31ec3,2,Yeh Kahan Aa Gaye Hum,"Lata Mangeshkar, Amitabh Bachchan",4.5,http://www.youtube.com/watch?v=LgaNBJ2pQOs,https://music.youtube.com/watch?v=xB4g6rpVLAg,https://music.youtube.com/watch?v=LOi6aWy9FbA,https://music.youtube.com/watch?v=FG5jSyxo_aY
9c32825c-dc52-5cc2-b6dd-bc4d56ca2bc3,7a9124db-b244-525f-95b7-180c2cf31ec3,4,Neela Aasman So Gaya (Female),Lata Mangeshkar,4.5,http://www.youtube.com/watch?v=hu0KDBF_57M,https://music.youtube.com/watch?v=WgpSUc3f_0w,https://music.youtube.com/watch?v=BzxcAY4c_R4,https://music.youtube.com/watch?v=lE21VQQ0E64
308788f1-f55f-530b-a7da-32df5bea7e46,7a9124db-b244-525f-95b7-180c2cf31ec3,5,Ladki Hai Ya Shola,"Kishore Kumar, Lata Mangeshkar",4.0,http://www.youtube.com/watch?v=7owr7GLHpjU,https://music.youtube.com/watch?v=4mwuFiSDxxM,https://music.youtube.com/watch?v=XJguMcymgMo,https://music.youtube.com/watch?v=CzavuNcWF90
638ecfce-2003-5095-b8d7-e59d5e63560a,7a9124db-b244-525f-95b7-180c2cf31ec3,6,Neela Aasman So Gaya (Male),Amitabh Bachchan,4.0,http://www.youtube.com/watch?v=lNTtNRc32FA,https://music.youtube.com/watch?v=Z9tZU5MSvBQ,https://music.youtube.com/watch?v=tsz18qv-08c,https://music.youtube.com/watch?v=E8F_mTtOv38
ac164177-4962-5582-8448-444ffa64e81f,7a9124db-b244-525f-95b7-180c2cf31ec3,7,Sar Se Sarke Sarke Chunariya,"Kishore Kumar, Lata Mangeshkar",4.33,http://www.youtube.com/watch?v=eBg05DPwKZ0,https://music.youtube.com/watch?v=7bCC8-wHfgA,https://music.youtube.com/watch?v=a8SQTYDd-bY,https://music.youtube.com/watch?v=IlyrsH-asW4
899170a0-3dfb-5117-8c98-221d83cd112c,7a9124db-b244-525f-95b7-180c2cf31ec3,11,Santoor Theme Music,,4.0,https://www.youtube.com/watch?v=raZYYVna_lo,https://music.youtube.com/watch?v=0-19bzs5NoM,https://music.youtube.com/watch?v=NH2TX5aTLaQ,
eae3394c-f91f-5216-843a-39bfd8fa37fd,4d2bfffc-8a88-545b-996b-40abf3adcbcc,1,Dil Cheez Kya Hai Aap Meri Jaan Leejiye,Asha Bhosle,4.8,https://www.youtube.com/watch?v=eFcs3p1moMA,https://music.youtube.com/watch?v=PmcpFGLMxzI,https://music.youtube.com/watch?v=tCEj3yJ2whM,https://music.youtube.com/watch?v=vay1dm7QEkI
b126ca8a-9f63-5f74-896f-bb7a1a12c20f,4d2bfffc-8a88-545b-996b-40abf3adcbcc,2,Justuju Jiski Thi Usko To Na Paaya Humne,Asha Bhosle,4.75,https://www.youtube.com/watch?v=gNuCocoh2oY,https://music.youtube.com/watch?v=XezxWlMlkdU,https://music.youtube.com/watch?v=tmVm_cLlFR4,https://music.youtube.com/watch?v=chebSuC0AtE
fe974725-a6a5-5efd-a997-2121f0eac39b,4d2bfffc-8a88-545b-996b-40abf3adcbcc,4,Zindagi Jab Bhi Teri Bazm Mein Laati Hai Hamen,Talat Aziz,4.67,https://www.youtube.com/watch?v=h7_HXdmks_4,https://music.youtube.com/watch?v=iweA6zEcXsA,https://music.youtube.com/watch?v=Ae5QiBz6x24,https://music.youtube.com/watch?v=g-_CY0iP1CM
0f4e93d3-07e8-5c81-bc29-fa424c6f929a,4d2bfffc-8a88-545b-996b-40abf3adcbcc,5,In Aankhon Ki Masti Ke Mastane Hazaron Hain,Asha Bhosle,5.0,http://www.youtube.com/watch?v=cXdJJvpgTvw,https://music.youtube.com/watch?v=Y2UMmn8k368,https://music.youtube.com/watch?v=bzTBf-l3RQs,https://music.youtube.com/watch?v=Irv2cnM_63Y
09838fa6-ec6c-5b86-8069-85a16851ec45,4d2bfffc-8a88-545b-996b-40abf3adcbcc,6,Yeh Kya Jagah Hai Doston,Asha Bhosle,4.8,https://www.youtube.com/watch?v=bL0H7x6pqDY,https://music.youtube.com/watch?v=a3erugrY03I,https://music.youtube.com/watch?v=0HMANpVcYG4,https://music.youtube.com/watch?v=GbWqaTVknHs
66e819bf-f9c7-5421-b369-196c8f9cbcd8,4d2bfffc-8a88-545b-996b-40abf3adcbcc,7,Pratham Dhar Dhyan - Raag Mala,"Ustad Ghulam Mustafa Khan, Runa Prasad, Shahida Khan",4.0,https://www.youtube.com/watch?v=a9FBsslWEsg,https://music.youtube.com/watch?v=WTdybLJgYUQ,https://music.youtube.com/watch?v=a9FBsslWEsg,https://music.youtube.com/watch?v=gyBFtZr9_p4
7426cd81-d123-5a07-b054-386214b00e08,4d2bfffc-8a88-545b-996b-40abf3adcbcc,8,Jab Bhi Milti Hai,Asha Bhosle,4.33,https://www.youtube.com/watch?v=hPvYqwt8UZ0,https://music.youtube.com/watch?v=UTKmNdYYu4I,https://music.youtube.com/watch?v=kSfJzWabQUE,https://music.youtube.com/watch?v=hPvYqwt8UZ0
be143fc8-001d-5246-a59e-1dc587b26da8,8dbd418b-5d99-5ca8-8abb-bd2bcea0e290,5,Sara Jahaan Chhod Ke Tujhe,"Mohammed Rafi, Usha Mangeshkar",4.0,https://www.youtube.com/watch?v=wsd2Mdgq_ks,https://music.youtube.com/watch?v=SM4FUUebpag,https://music.youtube.com/watch?v=OD-pIMV3l44,https://music.youtube.com/watch?v=PSYoizVadwc
2a105e79-2799-5b10-87f9-f0b821567ca0,8dbd418b-5d99-5ca8-8abb-bd2bcea0e290,6,Tu Mujhe Jaan Se Bhi Pyara Hai,"Bappi Lahiri, Usha Uthup",4.0,https://www.youtube.com/watch?v=WXOuA9xy3JI,https://music.youtube.com/watch?v=MzYRWRPoXjA,https://music.youtube.com/watch?v=WXOuA9xy3JI,https://music.youtube.com/watch?v=vWhZSb-gqX8
e37e3515-a3a5-5038-b811-4c12efa5fbca,1fefa66f-59f0-5811-8390-e953c3c9ed07,1,Chhoo Kar Mere Man Ko Kiya Tune Kya Ishara,Kishore Kumar,4.75,https://www.youtube.com/watch?v=BOLYNw3x1lE,https://music.youtube.com/watch?v=smBX9WxLJho,https://music.youtube.com/watch?v=pcv9aejCo6k,https://music.youtube.com/watch?v=Hhy2oES74eQ
35b7ae11-d847-5c5b-8316-97f321d68dfa,1fefa66f-59f0-5811-8390-e953c3c9ed07,2,Tere Jaisa Yaar Kahan,Kishore Kumar,4.0,https://www.youtube.com/watch?v=9dcBy2uXL7E,https://music.youtube.com/watch?v=zyQW5nZTVWQ,https://music.youtube.com/watch?v=IgM1lAXppwI,https://music.youtube.com/watch?v=Lv5rl9KD2-k
b7a562f8-1540-591d-95e2-fd389638a81e,1fefa66f-59f0-5811-8390-e953c3c9ed07,3,Sara Zamana Haseeno Ka Diwana,Kishore Kumar,4.33,https://www.youtube.com/watch?v=0AwkZihdw6E,https://music.youtube.com/watch?v=--a4O0F3VUs,https://music.youtube.com/watch?v=XuFenMx1PMo,https://music.youtube.com/watch?v=0AwkZihdw6E
b7829fe6-4a3a-5296-af9c-697b2ddfb56b,1fefa66f-59f0-5811-8390-e953c3c9ed07,4,Bhole O Bhole,Kishore Kumar,4.0,https://www.youtube.com/watch?v=Nqmp8-iD_As,https://music.youtube.com/watch?v=8ji_hX7kmM8,https://music.youtube.com/watch?v=FH2VrQ-ift4,https://music.youtube.com/watch?v=EOkDO9dOp9w
338ee6f6-3cd9-575b-af42-92ea1788d130,1fefa66f-59f0-5811-8390-e953c3c9ed07,6,Bishan Chacha Kuchh Gao,Mohammed Rafi,4.0,https://www.youtube.com/watch?v=Vl0rRF8RcPo,https://music.youtube.com/watch?v=g__MDz3oQ1c,https://music.youtube.com/watch?v=RisMsD_ICwE,https://music.youtube.com/watch?v=Vl0rRF8RcPo
108b545a-29d3-5a24-aeb5-882ad7f17eae,9d6207ef-44ad-5983-a159-ff1853e46a05,1,Dil Lena Khel Hai Dildaar Ka,R.D. Burman,4.33,https://www.youtube.com/watch?v=sbKfWDUbhj0,https://music.youtube.com/watch?v=SG5g_vaTxTQ,https://music.youtube.com/watch?v=A_pCKiSaYRI,https://music.youtube.com/watch?v=Sqmg94WNgGY
a859f4f4-788d-585c-b932-178da189129e,9d6207ef-44ad-5983-a159-ff1853e46a05,2,Hoga Tumse Pyara Kaun,Shailendra Singh,4.33,https://www.youtube.com/watch?v=gAQksIXMTo0,https://music.youtube.com/watch?v=SpJSmK9PwII,https://music.youtube.com/watch?v=yJ78Y1snmOA,https://music.youtube.com/watch?v=lGlDUOSEH8o
38089fd2-124a-5a17-96b6-be0b564f90f9,9d6207ef-44ad-5983-a159-ff1853e46a05,3,Poochho Naa Yaar Kya Hua,"Mohammed Rafi, Asha Bhosle",4.33,https://www.youtube.com/watch?v=loVqPKwILWw,https://music.youtube.com/watch?v=98Fq-rtmO9I,https://music.youtube.com/watch?v=PppL00cH-mE,https://music.youtube.com/watch?v=K4gJe8H8Oi0
5d6e76b8-6de7-5b9e-b54e-b0e4c076516e,9d6207ef-44ad-5983-a159-ff1853e46a05,4,Bolo Bolo Kuch To Bolo,"Mohammed Rafi, Asha Bhosle",4.0,https://www.youtube.com/watch?v=NFCkT1cF9PQ,https://music.youtube.com/watch?v=Lh4opLpFzkY,https://music.youtube.com/watch?v=aUucsBGf9J4,https://music.youtube.com/watch?v=NFCkT1cF9PQ
2c2fe9b6-80e7-5bfc-97ac-397a642ef8de,73648da7-faf8-5106-b77d-5e3d0cab8d56,1,Zindagi Jua Hai,Kishore Kumar,4.0,http://www.youtube.com/watch?v=At4mQ1fo-lI,https://music.youtube.com/watch?v=a8mWeljs26k,https://music.youtube.com/watch?v=iGuuvpQR2As,https://music.youtube.com/watch?v=ezFlis906RA
4c1151ad-6e9f-55d4-a49d-0e1f065cd4f4,db77e497-cde9-5d30-a09a-379c6f97d28f,4,Tum Se Hi To Shuroo Hai (Happy),Lata Mangeshkar,4.0,https://www.youtube.com/watch?v=EBvak8B9c6Y,https://music.youtube.com/watch?v=U040k2SiAvI,https://music.youtube.com/watch?v=zcHpsMMkpno,
2698c78e-684b-5acc-bf6f-0a72df131c3e,de331385-401b-5d30-a5b1-b6f762c1b430,1,Hothon Pe Beeti Baat Aayi Hai,Asha Bhosle,4.25,https://www.youtube.com/watch?v=rdoCaHT-GGg,https://music.youtube.com/watch?v=8_j7KaHY3fQ,https://music.youtube.com/watch?v=eTy4JF1PFmU,https://music.youtube.com/watch?v=lO0wmy7IM5s
409c4816-60a1-568c-a693-b9a771ab34c0,de331385-401b-5d30-a5b1-b6f762c1b430,2,Roz Roz Daali Daali,Asha Bhosle,4.5,https://www.youtube.com/watch?v=uR_Rco4jr74,https://music.youtube.com/watch?v=8KEYIfd5CoE,,
55e17c59-3148-596f-9433-463f600b319e,908a967f-643c-526a-9598-9bfa6161f430,1,Tere Khushboo Mein Base Khat,Jagjit Singh,4.67,https://www.youtube.com/watch?v=4A3jXSSJe1o,https://music.youtube.com/watch?v=NmV4FsQlTWk,https://music.youtube.com/watch?v=SFkHO6OKiYg,
47804524-108c-5b2d-b22e-b560ad8a1180,908a967f-643c-526a-9598-9bfa6161f430,2,Tum Itna Jo Muskura Rahe Ho,Jagjit Singh,4.71,https://www.youtube.com/watch?v=C8eAKT-zQXk,https://music.youtube.com/watch?v=PSn9mLj1Z7k,https://music.youtube.com/watch?v=otCD71egKXM,https://music.youtube.com/watch?v=V5Vzkp0Z1eQ
3b248ba9-af8a-5414-b5e4-9e8f62c56391,908a967f-643c-526a-9598-9bfa6161f430,4,Jhuki Jhuki Si Nazar,Jagjit Singh,4.5,https://www.youtube.com/watch?v=xY2P6IAd0MI,https://music.youtube.com/watch?v=rNw4Hnyq1b0,https://music.youtube.com/watch?v=gIc1Ww8MNuY,https://music.youtube.com/watch?v=1ipbY2wNlr8
db93e1b8-9dc1-5310-9301-ceb5416d98e0,908a967f-643c-526a-9598-9bfa6161f430,5,Koi Yeh Kaise Bataye,Jagjit Singh,4.43,https://www.youtube.com/watch?v=UByuXScv3CA,https://music.youtube.com/watch?v=wrydKesTXNA,https://music.youtube.com/watch?v=XJv-zUBuhTU,https://music.youtube.com/watch?v=vG1ybmliuS0
9cfd00e2-5f2e-50e5-bc3b-a3496ceed0b0,2c4e6083-0436-50d1-afcb-cfb15d4d1d54,1,Phir Chhidi Raat Baat Phoolon Ki,"Lata Mangeshkar, Talat Aziz",4.67,http://www.youtube.com/watch?v=vWZ2-OdFx4I,https://music.youtube.com/watch?v=G-AiQZkLVqE,https://music.youtube.com/watch?v=6h_BZAIPOPc,https://music.youtube.com/watch?v=SHsipw9FLqY
acac8e7b-ed73-579f-bdd4-8668ca6eebd6,2c4e6083-0436-50d1-afcb-cfb15d4d1d54,2,Dikhai Diye Yun Ke Bekhud Kiya,Lata Mangeshkar,4.6,http://www.youtube.com/watch?v=zVsIxzMgwVY,https://music.youtube.com/watch?v=8BiIHtXZ234,https://music.youtube.com/watch?v=7KgyhgnnRRE,https://music.youtube.com/watch?v=rHzROF_M8CM
c372bb59-f26b-50a6-83f1-7a9c4b8ec3d4,2c4e6083-0436-50d1-afcb-cfb15d4d1d54,3,Karoge Yaad To Har Baat Yaad Aayegi,Bhupinder Singh,4.67,https://www.youtube.com/watch?v=VtWy83xhu2k,https://music.youtube.com/watch?v=sjgHbqbn_s0,https://music.youtube.com/watch?v=CJ9bevvjKy0,https://music.youtube.com/watch?v=ieywRmgkrkg
56c986b6-144e-5646-b32c-d89b27b480e0,2c4e6083-0436-50d1-afcb-cfb15d4d1d54,4,Dekh Lo Aaj Humko Jee Bhar Ke,Jagjeet Kaur,4.33,http://www.youtube.com/watch?v=CWOlf_4B3J4,https://music.youtube.com/watch?v=V3A1OarLLx8,https://music.youtube.com/watch?v=VzRlmyJ9Rec,https://music.youtube.com/watch?v=hYqH2i0MC60
452713c5-b05c-5b47-a826-5642e5fe1ebb,21b3e5a6-5e32-5cd3-9976-1b5307909358,1,Ae Ri Pawan,Lata Mangeshkar,4.25,http://www.youtube.com/watch?v=Cu2zpXIBWKI,https://music.youtube.com/watch?v=TXXeJeskpYI,https://music.youtube.com/watch?v=MHH0HVQS0is,https://music.youtube.com/watch?v=G-fZeCe1Rr4
aab8d2b9-c576-57a5-8510-e435b828fbbf,21b3e5a6-5e32-5cd3-9976-1b5307909358,2,Ek Roz Main Tadap Kar,Kishore Kumar,4.6,http://www.youtube.com/watch?v=AmQHiMk_Qxw,https://music.youtube.com/watch?v=HrbiT0ntqZw,https://music.youtube.com/watch?v=8ni2P457TSk,https://music.youtube.com/watch?v=Xf9ZQ34Exzw
56dd0372-5dee-5459-8f54-ec53f1a6031d,21b3e5a6-5e32-5cd3-9976-1b5307909358,3,Kitni Khoobsoorat Yeh Tasveer Hai,"Kishore Kumar, Lata Mangeshkar, Suresh Wadkar",4.0,http://www.youtube.com/watch?v=h3yQJZagDTw,https://music.youtube.com/watch?v=SAd3VyXQ5T4,https://music.youtube.com/watch?v=E6MNuLT2Sm0,https://music.youtube.com/watch?v=LiGtRBGrHXU
e1d97bad-29f2-55ae-bca7-8fb685fbb90b,21b3e5a6-5e32-5cd3-9976-1b5307909358,4,Khafa Hoon Khafa Hoon,Kishore Kumar,4.25,http://www.youtube.com/watch?v=eyRxwb6PnNc,https://music.youtube.com/watch?v=A0bz-YH9T_s,https://music.youtube.com/watch?v=Z1wzLAgCsCE,https://music.youtube.com/watch?v=a7J0epTXtHs
963cc2f9-a4f4-5112-8855-db34e38a4b92,5aef7826-bcfe-5492-95d1-6107ac8498b2,1,Ang Se Achhi Hai,Lata Mangeshkar,4.0,https://www.youtube.com/watch?v=Y_r-hV-0sDI,https://music.youtube.com/watch?v=Y_r-hV-0sDI,,
f1a298fd-f695-5e47-ad28-4787ac34b130,5aef7826-bcfe-5492-95d1-6107ac8498b2,2,Kehta Hai Dil,Kishore Kumar,4.0,https://www.youtube.com/watch?v=uewTiQHVcgM,https://music.youtube.com/watch?v=nvQBT91GzDA,,
611875d2-b3f5-50a3-a4a0-d7280717e28c,5aef7826-bcfe-5492-95d1-6107ac8498b2,3,Chorni Hoon Main,Lata Mangeshkar,4.0,https://www.youtube.com/watch?v=-70wvy3XaNk,https://music.youtube.com/watch?v=-70wvy3XaNk,https://music.youtube.com/watch?v=qJ5gZEEGVmU,https://music.youtube.com/watch?v=I7VFrMwwmWQ
488c4647-c00a-5276-a716-d35011cf6e2a,1e29b6a1-cd45-5c57-9ff1-29517ee9b7fb,1,Dil Aakhir Dil Hai - Female,Lata Mangeshkar,4.5,https://www.youtube.com/watch?v=BL79EtldPJM,https://music.youtube.com/watch?v=bOjouDC8jmI,https://music.youtube.com/watch?v=T7M-2Mlvhho,https://music.youtube.com/watch?v=BL79EtldPJM
f2a7d00c-214b-51be-a1ad-a705a390bd79,1e29b6a1-cd45-5c57-9ff1-29517ee9b7fb,3,Jabse Dekha Hai Tumhe,"Suresh Wadkar, Lata Mangeshkar",4.0,https://www.youtube.com/watch?v=JqCKAFH3M5g,https://music.youtube.com/watch?v=JqCKAFH3M5g,https://music.youtube.com/watch?v=vp6pkaKuAOQ,https://music.youtube.com/watch?v=XriHgCsIEE4
a9362fe3-8dbd-5c4f-849d-d55a30b0c36f,1e29b6a1-cd45-5c57-9ff1-29517ee9b7fb,5,Dil Aakhir Dil Hai - Male,Bhupinder Singh,4.67,https://www.youtube.com/watch?v=0iImPbs3VwI,https://music.youtube.com/watch?v=0iImPbs3VwI,https://music.youtube.com/watch?v=UT2ugk7Rik8,
0e16f8da-512e-5ffc-a87f-e7ef99bde46e,a6159c4b-633e-561f-89de-22f42b14174b,1,Chandni Raat Mein,"Kishore Kumar, Lata Mangeshkar",4.33,http://www.youtube.com/watch?v=W8UbQ4ktfJY,https://music.youtube.com/watch?v=_hlBU3mnp_I,https://music.youtube.com/watch?v=nf6AhRlf3AE,https://music.youtube.com/watch?v=6JCS_RD_6Wg
7b0598ed-0edc-5d0f-9951-7177b7d3da31,091b1701-ddec-58d3-aa2a-b0121e9d9637,4,Jimmy Jimmy Jimmy Aaja Aaja Aaja,Parvati Khan,4.0,http://www.youtube.com/watch?v=ZUdJQSUcK_Y,https://music.youtube.com/watch?v=fRSLPx0HSvw,https://music.youtube.com/watch?v=qafDbOHOztk,
736b6aa7-be1d-506c-b8ff-115919e7ed81,091b1701-ddec-58d3-aa2a-b0121e9d9637,6,Yaad Aa Raha Hai Tera Pyar,Bappi Lahiri,4.0,http://www.youtube.com/watch?v=v7B1_y2LAeI,https://music.youtube.com/watch?v=pMnX0SAcj8E,https://music.youtube.com/watch?v=v7B1_y2LAeI,https://music.youtube.com/watch?v=MvparwTkDfY
209c036d-fec0-5826-8f55-f6058d9740ee,5e95e32a-6446-5389-80bc-fba16a0009fb,5,Kaun Disa Mein Leke Chala Re Batohiya,"Hemlata, Jaspal Singh",4.0,http://www.youtube.com/watch?v=fO94zt1Tb88,https://music.youtube.com/watch?v=nlLJrqrI76A,https://music.youtube.com/watch?v=D61BvxAOxm0,https://music.youtube.com/watch?v=V8au78UtkwQ
b23ba7ab-7a09-5ea1-9343-a3a822fe75b8,d6cd9b6c-929e-5082-8345-ef37c40ef363,1,Raat Baaki Baat Baaki,"Shashi Kapoor, Bappi Lahiri, Asha Bhosle",4.5,http://www.youtube.com/watch?v=FVhIPVDxsPQ,https://music.youtube.com/watch?v=-Q8iTTv0xz0,https://music.youtube.com/watch?v=oMMMUtF-KJI,https://music.youtube.com/watch?v=FVhIPVDxsPQ
59de88f6-2c9e-5d88-ae20-03950d9c8f31,d6cd9b6c-929e-5082-8345-ef37c40ef363,5,Jawani Jaaneman Haseen Dilruba,Asha Bhosle,4.75,http://www.youtube.com/watch?v=f5bEkgKTZmw,https://music.youtube.com/watch?v=WSf5HtFdS_k,https://music.youtube.com/watch?v=f5bEkgKTZmw,
85cdca49-74e3-5991-a01a-18f1ce0bdbf6,d1390ced-2ad0-5ed5-a259-6467fdcbcbf6,1,Raah Pe Rahte Hain,Kishore Kumar,4.17,https://www.youtube.com/watch?v=ae3yAZvFd6A,https://music.youtube.com/watch?v=8HfojDxlOj4,https://music.youtube.com/watch?v=CpYuH4Cc8Mk,https://music.youtube.com/watch?v=7kHqwLzR89E
b7efe7a2-d23e-5b2d-8034-5687829fa64e,d1390ced-2ad0-5ed5-a259-6467fdcbcbf6,2,Phir Se Aaiyo Badra Bidesi,Asha Bhosle,4.75,https://www.youtube.com/watch?v=nNVJZf1Momw,https://music.youtube.com/watch?v=WaC-Qbv9Bi0,https://music.youtube.com/watch?v=BfeJ-tuUoIc,https://music.youtube.com/watch?v=nNVJZf1Momw
7f922b39-a221-501d-9f38-b75190b97560,376a9655-76a4-5df7-a77c-2ae6e077b404,1,Dil Ki Yeh Arzoo Thi,"Salma Agha, Mahendra Kapoor",4.0,https://www.youtube.com/watch?v=hUcs3QMYuNA,https://music.youtube.com/watch?v=wPu9Olcbw-k,https://music.youtube.com/watch?v=eFdLQ8hMGww,
f98773de-071f-5e91-b502-5720e436c36e,376a9655-76a4-5df7-a77c-2ae6e077b404,2,Faza Bhi Hai Jawan Jawan,Salma Agha,4.25,https://www.youtube.com/watch?v=zr7TrDf7AxM,https://music.youtube.com/watch?v=sU5phTlw32E,https://music.youtube.com/watch?v=ilDBlVtupGE,https://music.youtube.com/watch?v=HezvSgaOWMg
0dd3059c-9e44-58c1-9318-4df30f0ac074,376a9655-76a4-5df7-a77c-2ae6e077b404,3,Chupke Chupke Raat Din Aansoo Bahaana Yaad Hai,Ghulam Ali,4.75,https://www.youtube.com/watch?v=csXvdIfAnpc,https://music.youtube.com/watch?v=75VnN1dLA-Q,https://music.youtube.com/watch?v=ipLEPP34-w4,https://music.youtube.com/watch?v=MWjaK_nW72E
dd13013e-3bed-59b5-b410-882cdd1dafd6,98fb3c30-f0a7-5413-9e85-2f732c83402d,4,Dard Ki Ragini,Lata Mangeshkar,4.33,https://www.youtube.com/watch?v=7zP-RNpakpg,https://music.youtube.com/watch?v=7zP-RNpakpg,https://music.youtube.com/watch?v=Om4Ahpalk38,https://music.youtube.com/watch?v=EdbiKl0B0uw
b59aa4ab-b667-51c6-8a65-62def17793bb,2fea9131-226a-5d32-ac68-0652e96b17c9,1,Ab To Mere Huzoor (Natasha I Love You),"Kishore Kumar, Lata Mangeshkar",4.0,http://www.youtube.com/watch?v=VyPdACuIFXo,https://music.youtube.com/watch?v=Wt2X6MldgY0,https://music.youtube.com/watch?v=25bs_vcdBAc,https://music.youtube.com/watch?v=Vx4XSvf9l8U
f13a9ea6-95f4-539c-b589-2c9d68e02310,5ecc13b2-4c95-5f61-b63b-3d22911c4c8f,1,Main Tum Mein Sama Jaaoon (Yeh Waqt Na Kho Jaye),"Lata Mangeshkar, S.P. Balasubramaniam",4.0,https://www.youtube.com/watch?v=1LfOj-i4Obc,https://music.youtube.com/watch?v=zTD5XIpNpm0,https://music.youtube.com/watch?v=1yy-QYnHsE4,https://music.youtube.com/watch?v=VYqJW1W0Na0
c8796e3e-fb8c-5112-9d99-fb59ea281f92,bd5043e5-a956-5759-b221-1c333e39c2da,1,Pyar Mujh Se Jo Kiya,Jagjit Singh,4.71,http://www.youtube.com/watch?v=prtrsIG7564,https://music.youtube.com/watch?v=prtrsIG7564,https://music.youtube.com/watch?v=7ncsLuDynlk,https://music.youtube.com/watch?v=32-SpEJYFm4
80147757-f8e2-5d89-a958-93c92cbd1d3e,bd5043e5-a956-5759-b221-1c333e39c2da,2,Yun Zindagi Ki Raah Mein,Chitra Singh,4.33,http://www.youtube.com/watch?v=JyXSPgFaioM,https://music.youtube.com/watch?v=ehDDcBzIp5w,https://music.youtube.com/watch?v=n_sUj4GWgOc,https://music.youtube.com/watch?v=fT_sKFx1h4I
c5f60860-1376-5a04-8993-865c1e53b4eb,bd5043e5-a956-5759-b221-1c333e39c2da,3,Yeh Bata De Mujhe Zindagi,"Jagjit Singh, Chitra Singh",4.75,https://www.youtube.com/watch?v=AumU9YhxaR8,https://music.youtube.com/watch?v=RXopXIj2cVk,https://music.youtube.com/watch?v=VgdjV6gM6fU,
dbd2421e-c068-5e56-8364-48e6d37f745b,bd5043e5-a956-5759-b221-1c333e39c2da,4,Tum Ko Dekha To Yeh Khayal Aaya,"Jagjit Singh, Chitra Singh",4.6,https://www.youtube.com/watch?v=-GRqHkV9Bls,https://music.youtube.com/watch?v=YJWR_MVFigs,https://music.youtube.com/watch?v=Th6ZUEDVGa4,https://music.youtube.com/watch?v=WtPbNKk9XpU
2433cae8-50ad-5bc8-8de9-a58d54b1c5fa,bd5043e5-a956-5759-b221-1c333e39c2da,5,Yeh Tera Ghar Yeh Mera Ghar,"Jagjit Singh, Chitra Singh",4.75,http://www.youtube.com/watch?v=UOMjKWrfI0U,https://music.youtube.com/watch?v=iOIuZiBltzU,https://music.youtube.com/watch?v=NySx6fmKipk,
957dd3be-b186-5eab-b65a-50654e83adf9,76ad561a-f1a7-5666-96f7-99b24ae5e242,1,Kitne Bhi Tu Karle Sitam (Sanam Teri Kasam) - Male,Kishore Kumar,4.0,https://www.youtube.com/watch?v=qmNWNc-Auik,https://music.youtube.com/watch?v=m0D5mLbyJc4,https://music.youtube.com/watch?v=b_zBi0vgqes,https://music.youtube.com/watch?v=pVXWYvMiyPE
c1972c71-5cb8-56e0-bc75-adecd19ed9ec,76ad561a-f1a7-5666-96f7-99b24ae5e242,2,Jaane Jaan O Meri Jaane Jaan,"Asha Bhosle, R.D. Burman",4.0,https://www.youtube.com/watch?v=V7ufDlfufBE,https://music.youtube.com/watch?v=ZelYcRW_CEg,https://music.youtube.com/watch?v=ll51tue40C0,https://music.youtube.com/watch?v=bNBm4Ymm2qw
aecf5f32-394f-5e59-bdab-4d9bc6701cd8,76ad561a-f1a7-5666-96f7-99b24ae5e242,3,Sheeshe Ke Gharon Mein,Kishore Kumar,4.0,https://www.youtube.com/watch?v=kej1-eIj3ME,https://music.youtube.com/watch?v=Qs6yx2z4qwE,https://music.youtube.com/watch?v=kej1-eIj3ME,https://music.youtube.com/watch?v=-IWo_GFB6K0
9ab176d4-4b1b-5f1d-8d60-2f27a1496144,f19f1b40-f4b3-595d-9c43-7874c24a0878,1,Dukki Pe Dukki Ho,"R.D. Burman, Kishore Kumar, Asha Bhosle, Bhupinder Singh, Sapan Chakraborty, Basu Chakraborty",4.0,https://www.youtube.com/watch?v=C-8TuDKTEIk,https://music.youtube.com/watch?v=C-8TuDKTEIk,https://music.youtube.com/watch?v=YItv7oBcM3k,https://music.youtube.com/watch?v=sZ-RPQncC80
f55b5fdc-9813-55cc-80c2-b59efa531436,f19f1b40-f4b3-595d-9c43-7874c24a0878,3,Dilbar Mere Kab Tak Mujhe,"Kishore Kumar, Annette Pinto",4.29,https://www.youtube.com/watch?v=dDfx5xM7yno,https://music.youtube.com/watch?v=cocLgiQ3FQw,https://music.youtube.com/watch?v=a-Le9kjFG0o,https://music.youtube.com/watch?v=p1UHlGHpgjA
0c8332a2-92b1-5b04-937c-6b29be241854,f19f1b40-f4b3-595d-9c43-7874c24a0878,4,Zindagi Milke Bitayenge (Happy),"R.D. Burman, Kishore Kumar, Sapan Chakraborty, Bhupinder Singh",4.5,https://www.youtube.com/watch?v=ZsvT3oEb9zM,https://music.youtube.com/watch?v=ZsvT3oEb9zM,https://music.youtube.com/watch?v=hRKKqb61ya8,https://music.youtube.com/watch?v=nf-mnilyhy8
42db7e83-cc2a-5438-933b-b555a04eb82c,f19f1b40-f4b3-595d-9c43-7874c24a0878,5,Mausam Mastana,"Asha Bhosle, Dilraj Kaur",4.33,https://www.youtube.com/watch?v=m3jWuZVJ8W4,https://music.youtube.com/watch?v=PGOHRgavaNM,https://music.youtube.com/watch?v=m3jWuZVJ8W4,https://music.youtube.com/watch?v=H4YOdxQZkYg
9843bd9d-1a80-5041-8560-ca132dbcc62a,f19f1b40-f4b3-595d-9c43-7874c24a0878,6,Pyar Hamen Kis Mod Pe Le Aaya,"R.D. Burman, Kishore Kumar, Gulshan Bawra, Sapan Chakraborty, Bhupinder Singh",4.67,https://www.youtube.com/watch?v=lTEkQ9Uyjiw,https://music.youtube.com/watch?v=kAPpl_4UtPw,https://music.youtube.com/watch?v=0mXqRqASqhY,https://music.youtube.com/watch?v=0pU7hdlZvhQ
642007c9-e64c-56b3-b30c-5a0f4b77b1f7,473d42bd-9a2a-5043-ab97-e5c2fedde5f7,1,Are Jaane Kaise Kab Kahan Iqrar Ho Gaya,"Kishore Kumar, Lata Mangeshkar",4.5,https://www.youtube.com/watch?v=UI_Unc7-CFI,https://music.youtube.com/watch?v=sxcshUaiSLY,https://music.youtube.com/watch?v=7sbny3hbbFA,
eab6a47b-f024-5fe7-bdd5-a8095379073b,1079ec8a-ca6a-5589-8a6a-ba93b62888d2,2,Wahin Chal Mere Dil,Suresh Wadkar,4.0,https://www.youtube.com/watch?v=PbHXkytsuJ4,https://music.youtube.com/watch?v=3vj5WtZgis4,https://music.youtube.com/watch?v=wuTZiL0u6J8,https://music.youtube.com/watch?v=-8Q1O7Cqx50
c7e685cd-05d2-534e-8f11-e417f7233395,1079ec8a-ca6a-5589-8a6a-ba93b62888d2,3,Chalo Haseen Geet Ek Banayein,"Ashok Kumar, Chirashree Bhattacharya",4.25,https://www.youtube.com/watch?v=jO2OyCDhgaE,https://music.youtube.com/watch?v=K8zFZUH_9Gk,https://music.youtube.com/watch?v=0cJfk4bBiEo,https://music.youtube.com/watch?v=Z2WiKENMtCU
e07b87e7-f0b2-5fea-bdf2-f2960bd0417d,1079ec8a-ca6a-5589-8a6a-ba93b62888d2,5,Jab Bhi Koi Kangna Bole,Kishore Kumar,4.5,https://www.youtube.com/watch?v=TcbuH5tpULU,https://music.youtube.com/watch?v=xwuzVSUnEgI,https://music.youtube.com/watch?v=wTUmSD-Y5CI,https://music.youtube.com/watch?v=vbLPPkyXf2w
83dcc3a2-7c19-5586-aefa-de4d9071e109,1f747f6c-8ec2-59f7-9e9a-aa489bd70019,2,Aankhon Ko Zara Sone Do (Saara Din Jaage To Bejaan Si Ho Jaati Hain),Asha Bhosle,4.0,https://www.youtube.com/watch?v=yit9xxPldGM,https://music.youtube.com/watch?v=qJ4gRUkkRyQ,,
b46aeb59-163a-5bca-9803-5e575bd683f1,9b1830e5-a45d-585b-a676-a48d0cf11ecb,7,Dil Bole Boom Boom,Nazia Hassan,4.0,https://www.youtube.com/watch?v=gZcPSpMJNrg,https://music.youtube.com/watch?v=oWhWlc_NKG8,https://music.youtube.com/watch?v=JclpgUEYhzY,https://music.youtube.com/watch?v=M5x-7joLUuo
c176e697-0ea5-5a3d-bdc3-4c94435f29a6,a5ddc379-9cd7-5f67-9343-24eca82480e2,1,Tum Aasha Vishwas Hamare,Lata Mangeshkar,4.5,https://www.youtube.com/watch?v=3GvAIV4ZkDw,https://music.youtube.com/watch?v=DQ7MdXBXUx0,https://music.youtube.com/watch?v=3GvAIV4ZkDw,https://music.youtube.com/watch?v=KPM-EehxB4E
b36cc1db-4eca-5d82-a115-f1cc974a30d7,80b88c1b-0f67-5ff6-9584-7856085bd7bc,3,Udi Baba,Asha Bhosle,4.0,https://www.youtube.com/watch?v=lv4N9V5HjRA,https://music.youtube.com/watch?v=UV7k2tu3jvc,https://music.youtube.com/watch?v=mxVKcUZ4NlA,https://music.youtube.com/watch?v=CO0e9i_9gx4
33790d22-539d-5ba3-9555-0f4a40a77db2,8954443b-59d6-5a6b-b209-8e91d678aad0,1,Man Anand Anand Chhaayo,"Asha Bhosle, Satyasheel Deshpande",4.33,http://www.youtube.com/watch?v=kPc_dyJbs1U,https://music.youtube.com/watch?v=kPc_dyJbs1U,https://music.youtube.com/watch?v=sJj2RUiMV64,https://music.youtube.com/watch?v=q21CTtW_Pvc
7527905f-d590-511b-aba8-cbe429c5d35f,913dc34e-955f-5a6b-8c8a-ab530c800ae2,1,Tu Tu Hai Wahi Dil Ne Jise (Yeh Vaada Raha),"Kishore Kumar, Asha Bhosle",4.8,https://www.youtube.com/watch?v=bLxLaVS4ZXQ,https://music.youtube.com/watch?v=QU8QI9FVp0c,https://music.youtube.com/watch?v=9cDN-s8mLvU,https://music.youtube.com/watch?v=MrCj0ERRFJg
1cd2de8d-8ff9-57f4-a25d-d965b67b86c5,985d4af7-bfb0-5122-8745-d77c85ff6f1b,5,Agar Tum Na Hote (Male),Kishore Kumar,4.25,https://www.youtube.com/watch?v=5njKPHuc2Ik,https://music.youtube.com/watch?v=fE4WaKDHBFo,https://music.youtube.com/watch?v=YzZeY0BzGLI,https://music.youtube.com/watch?v=jbG10gl-oic
9d1fcf4c-46c3-53f2-b821-9f8b15b37ef9,78bcf6d4-42de-55d4-bebb-0a2cbafc5bd9,2,Mohabbat Ab Tijarat Ban Gayi Hai,Anwar,4.0,https://www.youtube.com/watch?v=kkhi9kuiOlU,https://music.youtube.com/watch?v=Kw7pXWbaqa4,https://music.youtube.com/watch?v=kkhi9kuiOlU,https://music.youtube.com/watch?v=foiR0TgeHlw
47f49b37-eeb3-50a3-9dab-177c3e4885b7,78bcf6d4-42de-55d4-bebb-0a2cbafc5bd9,6,Asa Hun Tur Jana (Likhne Wale Ne Likh Dale),"Lata Mangeshkar, Suresh Wadkar",4.0,https://www.youtube.com/watch?v=ub2zgoLJxUU,https://music.youtube.com/watch?v=nuw1E7XvhjM,https://music.youtube.com/watch?v=glCIZDhmWnI,https://music.youtube.com/watch?v=6ezAzQLIDOI
04784333-ef84-51ed-a4f3-92054abd5a6c,f0b7ce6f-d9bf-50df-96e4-0df3e9deb80a,3,Aaj Kahin Na Ja,"Kishore Kumar, Lata Mangeshkar",4.6,https://www.youtube.com/watch?v=Gk2DHr1yqZM,https://music.youtube.com/watch?v=QZL6HlCXUNI,https://music.youtube.com/watch?v=1y-g7jHDgeI,https://music.youtube.com/watch?v=-9bFm_ICK9M
71c7f12a-474d-5b57-bf53-5d9115ca7529,b07f221b-2e2d-5a8f-9de7-3eec1c9de5f2,1,Jeena Toh Hai Par Ae Dil Kahan,Kishore Kumar,4.0,https://www.youtube.com/watch?v=avzBzybmv34,https://music.youtube.com/watch?v=avzBzybmv34,https://music.youtube.com/watch?v=SNKJ1kWP7nU,https://music.youtube.com/watch?v=nNEwJR4N8mY
d6ad5241-67ea-5c5c-9816-d951091bfb6e,456639d1-819c-5fbb-9454-dd7f36b1bb86,2,Pyar Ke Dhaage Tode Nahin Toote,"Sadhna Sargam, Manhar Udhas",4.5,http://www.youtube.com/watch?v=P43GZJ7lP2E,https://music.youtube.com/watch?v=PyubKquK2lA,https://music.youtube.com/watch?v=oKkp7lDmyYU,https://music.youtube.com/watch?v=5GhzEAmlm50
968a79fc-8033-5bd9-aba2-70358a824b57,456639d1-819c-5fbb-9454-dd7f36b1bb86,3,Tere Daras Ke Pyase (Version 1),Sadhna Sargam,4.0,https://www.youtube.com/watch?v=xDX6ojt0r2I,https://music.youtube.com/watch?v=3HYn3xNpMRI,https://music.youtube.com/watch?v=8Wa3vhrSWBY,https://music.youtube.com/watch?v=_yb0y7VQ4SE
06460b2c-aeb6-5f92-8262-8e88bfdd5bb9,456639d1-819c-5fbb-9454-dd7f36b1bb86,4,Tere Daras Ke Pyase (Version 2),Sadhna Sargam,4.0,https://www.youtube.com/watch?v=xDX6ojt0r2I,https://music.youtube.com/watch?v=3HYn3xNpMRI,https://music.youtube.com/watch?v=8Wa3vhrSWBY,https://music.youtube.com/watch?v=_yb0y7VQ4SE
6e06d960-0927-5d15-a674-8dd5d3583fd3,456639d1-819c-5fbb-9454-dd7f36b1bb86,6,Tohfa Qubool Hai Hamen,Asha Bhosle,4.0,https://www.youtube.com/watch?v=dRbxVFQyRkw,https://music.youtube.com/watch?v=tQ7g-QvQdiY,https://music.youtube.com/watch?v=NzclTWzl8ng,https://music.youtube.com/watch?v=eqCWLe_PIs4
d0560423-293c-57f6-843c-691af4a8eb23,a0972fd9-c56c-5af7-9ba8-0b633c2d56ab,2,Yeh Bombay Sheher Haadason Ka Sheher Hai,Amit Kumar,4.0,https://www.youtube.com/watch?v=Ngw8og_5Lno,https://music.youtube.com/watch?v=2oE0hm6zeIU,https://music.youtube.com/watch?v=Ngw8og_5Lno,https://music.youtube.com/watch?v=wbg25DF34Lo
4a00b6da-c229-58ed-a4cb-3de8f36939a5,bc1fa659-4cea-5787-a838-61ccd256dec6,1,Lambi Judai,Reshma,4.0,https://www.youtube.com/watch?v=8BvM1BEzDS8,https://music.youtube.com/watch?v=u7wnUPiuN4c,https://music.youtube.com/watch?v=kowARsNeMqo,https://music.youtube.com/watch?v=GZQlcwUIUYQ
9a4db0c9-3ad3-5fb0-867b-51ca8072396c,bc1fa659-4cea-5787-a838-61ccd256dec6,2,Ding Dong O Baby Sing A Song,"Anuradha Paudwal, Manhar Udhas",4.0,https://www.youtube.com/watch?v=rAHC-6406kg,https://music.youtube.com/watch?v=lUaaYmRdPm4,https://music.youtube.com/watch?v=gV1LHD9vXys,https://music.youtube.com/watch?v=pQRUJHQMQXA
8df4c40a-d2bd-56fc-8244-dfdb8c07113e,bc1fa659-4cea-5787-a838-61ccd256dec6,4,Nindiya Se Jaagi Bahaar,Lata Mangeshkar,4.0,https://www.youtube.com/watch?v=Z2hxjGmyruA,https://music.youtube.com/watch?v=ey2LaPBJ9jY,https://music.youtube.com/watch?v=oJQqAIRYt8c,
25e51f7f-df6a-562b-bc62-45bc06516e7d,bc1fa659-4cea-5787-a838-61ccd256dec6,7,Hero Theme (Instrumental),,4.0,https://www.youtube.com/watch?v=poGbrnVHSKM,https://music.youtube.com/watch?v=b--LBy4hHYQ,https://music.youtube.com/watch?v=cY01SfdTUJk,https://music.youtube.com/watch?v=pWLp8d_h4vE
ba286f3b-0809-52dd-a659-14804db38af7,448a399f-03f4-51c7-aa9d-369de6f582ac,1,Neele Neele Ambar Par (Male),Kishore Kumar,4.5,https://www.youtube.com/watch?v=nEnLt3pasxE,https://music.youtube.com/watch?v=LHlaLfujm_k,https://music.youtube.com/watch?v=q0_ZuLDoadM,https://music.youtube.com/watch?v=H6iPGZmQf-Q
41ddd729-af4c-5dbc-b025-12ec8a7f4a47,061801a2-3152-5fa6-8752-89d3a0656f68,1,Maine Tumse Kuchh Nahin Maanga,Kishore Kumar,4.33,https://www.youtube.com/watch?v=4Wgb2Orvhss,https://music.youtube.com/watch?v=4Wgb2Orvhss,https://music.youtube.com/watch?v=7vzXlY89gf8,https://music.youtube.com/watch?v=Tu1ONI5mbwY
52dc150d-9194-5fd1-a399-c1b6c95161bb,061801a2-3152-5fa6-8752-89d3a0656f68,2,Tum Sundar Ho,"Rajkamal, Preeti Sagar, Winnie Joglekar",4.0,https://www.youtube.com/watch?v=K8y3Wnh0cz4,https://music.youtube.com/watch?v=K8y3Wnh0cz4,https://music.youtube.com/watch?v=l0hOXgiPmFc,https://music.youtube.com/watch?v=HnJT6-2-Hb4
99992148-f0a9-594e-b0fe-847a728af81a,061801a2-3152-5fa6-8752-89d3a0656f68,4,Kya Hua Kya Hua,"Sushma Shrestha, Hariharan, Priti Chawla",4.0,https://www.youtube.com/watch?v=0iSzde2xEMg,https://music.youtube.com/watch?v=A98Kd45Z-24,https://music.youtube.com/watch?v=PqQpxM1K0Us,https://music.youtube.com/watch?v=0iSzde2xEMg
2a78913d-961c-5271-9014-934db0bb4afe,30e65584-e438-5e65-b0ae-61b4dc4c759b,9,Aaye Hain Samjhaane Log,"Jagjit Singh, Chitra Singh",4.5,https://www.youtube.com/watch?v=iop5ukY9da4,https://music.youtube.com/watch?v=-lc_T-83tUk,https://music.youtube.com/watch?v=jgr3pjB-5ts,https://music.youtube.com/watch?v=KfspPCmhFlg
bce37710-0a02-5d24-b4f8-05ae51af1410,30e65584-e438-5e65-b0ae-61b4dc4c759b,13,Sarakti Jaye Hai Rukh Se Naqab Aahista Aahista,Jagjit Singh,4.0,https://www.youtube.com/watch?v=igDa-uW67FQ,https://music.youtube.com/watch?v=3YkhPYtMi4c,https://music.youtube.com/watch?v=g_j79wkBV5U,https://music.youtube.com/watch?v=G3g7JthW1SE
2f0abe51-0c3a-50c0-93d0-c917d8d5021d,cba969d6-91c0-53b5-b95e-8f8050f4462f,3,Pyar Mein Dil Pe Maar De Goli,"Kishore Kumar, Asha Bhosle",4.25,http://www.youtube.com/watch?v=1dULpY3iWHo,https://music.youtube.com/watch?v=1dULpY3iWHo,https://music.youtube.com/watch?v=h4dawc0rdCk,https://music.youtube.com/watch?v=1g_7_yNH1PY
6aac2276-739d-5657-8f52-222dff761cce,cba969d6-91c0-53b5-b95e-8f8050f4462f,4,Jidhar Dekhoon Teri Tasveer Nazar Aati Hai - I,Kishore Kumar,4.17,http://www.youtube.com/watch?v=3A5xez59mrg,https://music.youtube.com/watch?v=4BqhHF1CjOM,https://music.youtube.com/watch?v=3A5xez59mrg,https://music.youtube.com/watch?v=BG09erBqh8U
d9c1c49e-cf96-506d-b047-488fe1cd03d9,521f5ce0-dfb2-53e8-8c52-24d66472f7e7,6,Shamsheer Barahna Maang Ghazab,Preeti Sagar,4.0,http://www.youtube.com/watch?v=fg_yG47DBRs,https://music.youtube.com/watch?v=1DPRIFjG0xY,,
268116dd-b18a-59f5-b329-a71546e7f988,9a346de8-0928-51dd-9d28-a6d3b387ff54,1,Tujhse Naraaz Nahin Zindagi (Female),Lata Mangeshkar,4.8,https://www.youtube.com/watch?v=M64QdDmTM3Q,https://music.youtube.com/watch?v=tHK7f4VpJ48,https://music.youtube.com/watch?v=DOObtX20bJ4,https://music.youtube.com/watch?v=9u-DCn0wDVI
512adb41-e5e9-5f8b-854b-c0c2fc384666,9a346de8-0928-51dd-9d28-a6d3b387ff54,2,Lakdi Ki Kaathi Kaathi Pe Ghoda,"Vanita Mishra, Gauri Bapat, Gurpreet Kaur",4.0,https://www.youtube.com/watch?v=chXKA41cec4,https://music.youtube.com/watch?v=TdXqbBIdBTU,https://music.youtube.com/watch?v=Oz34iA8rOSI,
461c15ef-580c-5209-be00-62268414df58,9a346de8-0928-51dd-9d28-a6d3b387ff54,3,Huzur Is Kadar Bhi Na Itra Ke Chaliye,"Suresh Wadkar, Bhupinder Singh",4.25,https://www.youtube.com/watch?v=wM1kBO2lrYQ,https://music.youtube.com/watch?v=1_mp-JVoMvs,https://music.youtube.com/watch?v=KQ_2xiI3ikc,
5180033a-9d53-5178-99ea-426daa844cc5,9a346de8-0928-51dd-9d28-a6d3b387ff54,4,Do Naina Aur Ek Kahani,Aarti Mukherji,4.4,https://www.youtube.com/watch?v=T1NtFQHEZhQ,https://music.youtube.com/watch?v=mH5l_Jrdpzc,https://music.youtube.com/watch?v=XxZscFWKVAA,https://music.youtube.com/watch?v=s5gQRvZXRno
7caadd89-3852-5fb7-8275-b9e92ea0756e,9a346de8-0928-51dd-9d28-a6d3b387ff54,5,Tujhse Naraaz Nahin Zindagi (Male),Anup Ghoshal,4.38,https://www.youtube.com/watch?v=LZ_YUOr-tYw,https://music.youtube.com/watch?v=GQLnC6ds44k,https://music.youtube.com/watch?v=KgPoWxY1Fis,https://music.youtube.com/watch?v=TBVU0kFrK0w
2ae5a6e3-9cfe-5bdb-89d1-e4449f29ab83,fa632450-3ead-5a61-ac07-a9a30e9168dc,3,Dulha Dulhan Ki Jodi (Dil Pe Dilbar),Kishore Kumar,4.0,https://www.youtube.com/watch?v=8hRhYeouHVA,https://music.youtube.com/watch?v=qV5FqPwn4Yw,https://music.youtube.com/watch?v=0ogcHorhdF8,https://music.youtube.com/watch?v=l4A-u57kjjE
69a468dd-8c80-59df-82c0-028233ba88ce,fa632450-3ead-5a61-ac07-a9a30e9168dc,8,Sagre Jagat Ka Ek Rakhwala (Male),"Mahendra Kapoor, Manhar Udhas",4.0,https://www.youtube.com/watch?v=fCRbgfXP8a4,https://music.youtube.com/watch?v=WAgPBxjReYk,https://music.youtube.com/watch?v=vutMDX7R-cw,https://music.youtube.com/watch?v=N1kyklQuzig
1766dfa4-44a4-59a5-9959-e7ca7d477ffa,afae3701-55e4-5faa-8e93-5c9325c11895,1,Bachke Rehna Re Baba,"Kishore Kumar, Asha Bhosle, R.D. Burman",4.0,https://www.youtube.com/watch?v=Dws7hVkMBOY,https://music.youtube.com/watch?v=e3j7ZF1B0XE,https://music.youtube.com/watch?v=wT0yvVp9Wbw,https://music.youtube.com/watch?v=b3KuzgFOsTg
3a77dbc1-bd19-54e1-b33c-64cae0c98d4a,afae3701-55e4-5faa-8e93-5c9325c11895,2,Samandar Mein Nahake Aur Bhi Namkeen Ho Gayi Ho,R.D. Burman,4.0,https://www.youtube.com/watch?v=UMJ6z-H9znQ,https://music.youtube.com/watch?v=iZ4Kbhokl9s,https://music.youtube.com/watch?v=A1VHnrBfi8Y,https://music.youtube.com/watch?v=FAlaNsuRAzI
794cfa1b-b4a8-5346-b5cf-6a41f8ccbbf3,afae3701-55e4-5faa-8e93-5c9325c11895,3,Jaane Jigar Duniya Mein Tu Sabse Hasin Hai,"Kishore Kumar, R.D. Burman",4.0,https://www.youtube.com/watch?v=E7Lfq9w8Zfw,https://music.youtube.com/watch?v=0SeqsVTmeiY,,
3d22fdfa-dcf0-5abe-9287-791ad6b0c2f6,621915ad-c097-53c1-8601-d04c5f57d67d,1,Kabhi Kuchh Pal Jeevan Ke,"Anuradha Paudwal, Aarti Mukherji",4.0,https://www.youtube.com/watch?v=8gjCEyO7OlM,https://music.youtube.com/watch?v=8gjCEyO7OlM,https://music.youtube.com/watch?v=azY3xrLiyh4,https://music.youtube.com/watch?v=K3qGXUeWAD8
999b91e2-442a-57bd-be9e-b2d49b24aed1,acda0402-48fc-5e0d-b7dd-7712a142410f,1,Aye Dil-E-Naadan,Lata Mangeshkar,4.67,https://www.youtube.com/watch?v=Ube5XhN_lpM,https://music.youtube.com/watch?v=VFtDel0Gb8M,https://music.youtube.com/watch?v=5D3iuE-b7aQ,https://music.youtube.com/watch?v=Hy7I-wCb06M
fdc98d3a-b277-5690-8b70-2689fbf2afe1,acda0402-48fc-5e0d-b7dd-7712a142410f,3,Jalta Hai Badan,Lata Mangeshkar,4.33,https://www.youtube.com/watch?v=UGHXh4m7qmM,https://music.youtube.com/watch?v=YF7LvF3ahJQ,https://music.youtube.com/watch?v=VeJvwS6Q4Z8,https://music.youtube.com/watch?v=FJZ1TbdE6LE
ebf873d6-7ab5-5c1c-b5d7-0ff285dee85a,e244d20c-dd10-51cc-ba41-66303a33f933,2,Yeh Zindagi Kuchh Bhi Sahi,R.D. Burman,4.0,https://www.youtube.com/watch?v=VMdpoJoaJ9o,https://music.youtube.com/watch?v=PmBklXYfFGE,https://music.youtube.com/watch?v=9jAdKgogI5E,https://music.youtube.com/watch?v=l4mrc9fMEz0
963606f2-cd2c-5361-9c7c-64e3fddbb487,f894caca-abd9-533c-8bd0-d2196c55aeee,3,Koi Hum Par Daya Karo Re - II,Dilraj Kaur,4.0,https://www.youtube.com/watch?v=KycQnMS21_o,https://music.youtube.com/watch?v=KycQnMS21_o,https://music.youtube.com/watch?v=izqKsoVICqA,https://music.youtube.com/watch?v=DCQ8ryMTxFY
a6147ed0-584c-5ab7-924b-d1f1858856d2,f894caca-abd9-533c-8bd0-d2196c55aeee,6,Yeh Baat Hai Bilkul Sachchi,Lata Mangeshkar,4.0,https://www.youtube.com/watch?v=lbe6pESY3tQ,https://music.youtube.com/watch?v=lbe6pESY3tQ,https://music.youtube.com/watch?v=pqcebo9X_qk,https://music.youtube.com/watch?v=63rspngmHu4
a048a28e-430e-516a-9e53-d907dc52ad55,501aad0d-bec0-5a4f-af43-d8741e0bb058,1,Ae Zindagi Gale Laga Le,Suresh Wadkar,4.75,https://www.youtube.com/watch?v=aw5FN0Dpy3Y,https://music.youtube.com/watch?v=F1vjtS7ODVU,https://music.youtube.com/watch?v=TnhQqhkWmho,https://music.youtube.com/watch?v=Fn7yrCXnqKo
22e260c8-1a49-5a6b-befc-618d11f246f0,501aad0d-bec0-5a4f-af43-d8741e0bb058,3,Surmayee Ankhiyon Mein,Yesudas,4.75,https://www.youtube.com/watch?v=Mr-CmAgS5-Q,https://music.youtube.com/watch?v=sRuqY4avjiQ,https://music.youtube.com/watch?v=dD3Oa0y8n70,https://music.youtube.com/watch?v=4KCMnCdU5r0
03ba20db-088e-58ce-8d6b-c988fa706e46,4bc85c2a-4eb6-5e3f-9ead-e80e96ad6259,2,Koi Pehna Gaya Pyar Se Pyar Ki Nishani Choodiyan,Asha Bhosle,4.0,https://www.youtube.com/watch?v=tI152G2NyqI,https://music.youtube.com/watch?v=7vAN5wcNbUk,,
6f4fc935-79bc-5e68-8c90-dd2b49b509a8,4bc85c2a-4eb6-5e3f-9ead-e80e96ad6259,5,Main Makke Ki Khet Mein Baithi,Dilraj Kaur,4.0,https://www.youtube.com/watch?v=NozewT_T0xk,https://music.youtube.com/watch?v=_x0OkxL0t2M,,
134f27e7-cfaa-5db7-b805-d29299af1ed2,e806dbd2-611c-5126-9fad-b0566f0a3f5a,4,Hawa Yeh Prabhati,Lata Mangeshkar,4.0,https://www.youtube.com/watch?v=ZXEUmnInCFs,https://music.youtube.com/watch?v=ZXEUmnInCFs,https://music.youtube.com/watch?v=BIdC7eNGzPs,https://music.youtube.com/watch?v=9TqinN50XrU
8a0afce8-c87c-5293-8022-cc172cda8d41,e4bcdb4b-37a1-58cc-9ff2-64283d9fea68,1,Zindagi Pyar Ka Geet Hai (Male) - Part 1,Kishore Kumar,4.0,http://www.youtube.com/watch?v=tFfYG4e--ao,https://music.youtube.com/watch?v=Ws82XjyTXE0,https://music.youtube.com/watch?v=oZL9AhJUM_U,https://music.youtube.com/watch?v=wFpnVDkPmpw
9cba3d6e-2792-55b0-8830-41c31901a922,e4bcdb4b-37a1-58cc-9ff2-64283d9fea68,3,Jab Apne Ho Jayen Bewafa To Dil Toote,Asha Bhosle,4.0,http://www.youtube.com/watch?v=iIUuSoK6J4A,https://music.youtube.com/watch?v=fshSJv266As,https://music.youtube.com/watch?v=9ZWHlhjS4ZQ,https://music.youtube.com/watch?v=_aD2PTsERcc
72513c9c-f1b4-5d0f-8f1b-43d79ed724c7,e4bcdb4b-37a1-58cc-9ff2-64283d9fea68,7,Zindagi Pyar Ka Geet Hai (Female),Lata Mangeshkar,4.33,http://www.youtube.com/watch?v=M9YGUkKphsg,https://music.youtube.com/watch?v=4wMZGiobVIs,https://music.youtube.com/watch?v=vbrysJFMyI8,https://music.youtube.com/watch?v=wFpnVDkPmpw
e00a0a39-ccfa-5aca-ad34-faa82a8de496,4f6dae91-0414-5bb0-905f-8517e491397b,1,Ajnabi Kaun Ho Tum,Lata Mangeshkar,4.33,https://www.youtube.com/watch?v=cStDKC7PB40,https://music.youtube.com/watch?v=nG9poLdCYUw,https://music.youtube.com/watch?v=JMEfiYQw5FM,https://music.youtube.com/watch?v=e91bfcMsqUg
a9bc74fc-b815-52b1-a708-a032c042fd9c,6586fc08-bd7c-5a7c-92e3-ec54e4f7e5b6,1,Andar Baahar Baahar Andar,Suresh Wadkar,4.0,https://www.youtube.com/watch?v=J_J3Oz9ryH0,https://music.youtube.com/watch?v=hLlFMcacyds,https://music.youtube.com/watch?v=2TmbOGmrBRg,https://music.youtube.com/watch?v=LGtWLCMDWyE
c88c9d26-f92e-57c5-beeb-bd6780fdd129,77b10c9d-7523-5563-8577-6ab1360e3c85,2,Kaun Thagva Nagariya,Asha Bhosle,4.0,https://www.youtube.com/watch?v=BhaykhMkphE,https://music.youtube.com/watch?v=fw6BzHMOsqw,https://music.youtube.com/watch?v=BhaykhMkphE,https://music.youtube.com/watch?v=6kgiD0NDQu8
48dbb8a4-99fc-5233-9b63-963ffdce218c,77b10c9d-7523-5563-8577-6ab1360e3c85,4,Raghuvar Tumko Meri Laaj,Bhimsen Joshi,4.2,https://www.youtube.com/watch?v=wZd1emGajmw,https://music.youtube.com/watch?v=JM8uR7ro3sU,https://music.youtube.com/watch?v=keYtUjqubc8,https://music.youtube.com/watch?v=wZd1emGajmw
37e35686-565e-592a-8e21-9a9502cabaac,77b10c9d-7523-5563-8577-6ab1360e3c85,5,Thumak Thumak Pag Dumak Kunj,Bhimsen Joshi,4.5,https://www.youtube.com/watch?v=YFP31PGaXYU,https://music.youtube.com/watch?v=YFP31PGaXYU,https://music.youtube.com/watch?v=pIn5js225RA,https://music.youtube.com/watch?v=7EcTuC1YTtM
368f0033-2f83-565a-a2fe-9d4abf987d6f,745fa549-c6ec-5f73-9916-12051ae62c46,3,Mere Dil Mein Tu Hi Tu Hai,"Jagjit Singh, Chitra Singh",4.4,https://www.youtube.com/watch?v=Ul3fNGM7Aao,https://music.youtube.com/watch?v=0ApSSMBxHas,https://music.youtube.com/watch?v=RTlBYde_EZo,https://music.youtube.com/watch?v=NMpDC95DS5w
223a9b9e-aa21-5382-ac73-6e25833ed285,e3c0ed33-b630-5bae-a7d1-ff7858534d34,1,Don't Leave Me,,4.5,https://www.youtube.com/watch?v=XBgfIRAisxw,https://music.youtube.com/watch?v=g_lb9KYwUlQ,https://music.youtube.com/watch?v=K3LjWArqWQY,https://music.youtube.com/watch?v=rUdw7V-FC_Q
2fd5a833-bb99-5f36-a0e0-7b8b6ad4fdf9,e3c0ed33-b630-5bae-a7d1-ff7858534d34,2,Memories,,4.0,https://www.youtube.com/watch?v=GUjL5CMseSE,https://music.youtube.com/watch?v=SlPhMPnQ58k,https://music.youtube.com/watch?v=q0xYcMXty0Y,https://music.youtube.com/watch?v=HUAHzmIlvmA
34cca4b4-9d29-5331-a1ba-b163b68adbec,e3c0ed33-b630-5bae-a7d1-ff7858534d34,3,Paganani Caprice No. 5,,4.0,https://www.youtube.com/watch?v=Bp9xQEIJm_k,https://music.youtube.com/watch?v=0jXXWBt5URw,https://music.youtube.com/watch?v=HLgBejh5TLA,https://music.youtube.com/watch?v=__KySvEnRpg
789f369b-2e42-591d-866c-47230a654c5f,e3c0ed33-b630-5bae-a7d1-ff7858534d34,4,Conversations,,4.5,https://www.youtube.com/watch?v=qpxtjvbAwFE,https://music.youtube.com/watch?v=xi42syCzbDk,,
472c4921-85d2-5c78-bb54-63686c1ce6ec,e3c0ed33-b630-5bae-a7d1-ff7858534d34,5,Walking In A Dream,,4.0,https://www.youtube.com/watch?v=Yrbks_HxD6g,https://music.youtube.com/watch?v=doask8BnwFc,https://music.youtube.com/watch?v=rXsQmkz1T7A,
a9351e06-acdb-553c-8a44-9e48c1fc29ba,e3c0ed33-b630-5bae-a7d1-ff7858534d34,6,Illusion,,4.0,https://www.youtube.com/watch?v=yvPKgmB-cpg,https://music.youtube.com/watch?v=6sNufuhu8nA,https://music.youtube.com/watch?v=ejOEzs1Rbis,https://music.youtube.com/watch?v=JhgF4WKPyeQ
f4942ab7-a1eb-5eaa-b397-9e36e7b2376b,e3c0ed33-b630-5bae-a7d1-ff7858534d34,7,Tribute To Mani,,4.0,https://www.youtube.com/watch?v=wu1kAud9zR0,https://music.youtube.com/watch?v=AJmqVcC3PFM,,
91d8ba94-fd85-554e-95ab-14ce3d691378,1ae59eda-b891-5367-8a48-81a69febec75,4,Main Aur Meri Awargi,Kishore Kumar,4.5,https://www.youtube.com/watch?v=rGAlqBqjdXA,https://music.youtube.com/watch?v=1uFjiKJ2a5s,https://music.youtube.com/watch?v=rGAlqBqjdXA,https://music.youtube.com/watch?v=wRU9S7Urr5s
3a5e3538-855e-58b3-b42b-b08e8be52dc3,a6873b61-6d2b-5371-be50-dd4ee640ede5,4,Dheere Dheere Subah Hui,Yesudas,4.0,https://www.youtube.com/watch?v=qqieb54NMfE,https://music.youtube.com/watch?v=iS7lZjF4eFI,https://music.youtube.com/watch?v=9gEewcooKWo,https://music.youtube.com/watch?v=Y17tx36QExA
9dd2d0d0-65d1-5777-b43f-270d6e06ca13,8373f65c-29dc-5141-854d-0c591985e158,4,Jab Kabhi Mud Ke Dekhta Hoon Main,"Bhupinder Singh, Asha Bhosle",4.0,https://www.youtube.com/watch?v=iONQQ6Y2Kls,https://music.youtube.com/watch?v=fCHOFoPWGGU,https://music.youtube.com/watch?v=D2QN7E-EJ4s,
f27b8d69-9f5c-52ff-8196-c1f4d232e752,d951ee0d-a05e-53d2-acd4-537f508b54a3,1,Roshan Roshan Raatein Apni,"Kishore Kumar, Asha Bhosle",4.0,http://www.youtube.com/watch?v=ePp8HxlcAFY,https://music.youtube.com/watch?v=XRDbS-IOTTk,https://music.youtube.com/watch?v=JxlEarzAxws,
0ac9ee10-51c1-51f3-9a4e-c17078d8691b,4afcba1a-479a-5257-8019-409acc3c71e3,1,Tu Rootha To Main Ro Doongi Sanam,"Asha Bhosle, Amit Kumar",4.25,https://www.youtube.com/watch?v=UubPaNbDEqU,https://music.youtube.com/watch?v=sKJtWZ_P6yA,https://music.youtube.com/watch?v=eLAePK7Y9ko,https://music.youtube.com/watch?v=DOricbk0wDw
d6c09b0a-c6f6-5bfa-8013-be7adc888848,4afcba1a-479a-5257-8019-409acc3c71e3,2,Saajna Main Sada Tere Saath Hoon,Lata Mangeshkar,4.0,https://www.youtube.com/watch?v=HbG4UelgDg4,https://music.youtube.com/watch?v=wfPxV3shgMw,https://music.youtube.com/watch?v=8_SEywAwqXM,
0b098dfe-fbde-5abb-a09e-c8124ea14a65,2314149b-8b66-53e1-8a95-b0cb496c5491,1,Kaisi Lag Rahi Hoon Main,"Kishore Kumar, Lata Mangeshkar",4.0,https://www.youtube.com/watch?v=AHNrRoQOFDQ,https://music.youtube.com/watch?v=534Y9PD5uwo,https://music.youtube.com/watch?v=cG1k0RKKMx0,https://music.youtube.com/watch?v=Bi-Oicls-fM
92e73236-4f4f-5ed6-8974-8c9b2574f5cf,404be0ca-e417-5956-88bc-a7fa4527d9a6,4,Ye Dil Ye Paagal Dil Mera (Awaargi),Ghulam Ali,4.25,https://www.youtube.com/watch?v=OdE4r-8FnDI,https://music.youtube.com/watch?v=-XkIE26n0vQ,https://music.youtube.com/watch?v=U5KNEja-FtM,https://music.youtube.com/watch?v=GmONiUjvx44
9d86defa-19c4-57d2-8ec4-2715514cc1d8,88c69bdc-420c-59f5-a190-788e34e91376,1,O Meri Jaan O Meri Jaan Ab Nahin Rehna Tere Bina,"Asha Bhosle, Shailendra Singh",4.5,https://www.youtube.com/watch?v=pGCM8dyycgA,https://music.youtube.com/watch?v=jbeFs27Utd8,https://music.youtube.com/watch?v=pGCM8dyycgA,https://music.youtube.com/watch?v=l2COwmCTQGc
ebb589de-96a7-5e20-916c-7fd87d5862c7,88c69bdc-420c-59f5-a190-788e34e91376,2,Jhalak Dikhake Kar Gayi Deewana,Shailendra Singh,4.25,https://www.youtube.com/watch?v=FmMKX0WOKKY,https://music.youtube.com/watch?v=FmMKX0WOKKY,https://music.youtube.com/watch?v=DmV3dx7VthA,https://music.youtube.com/watch?v=OyhuTw1voYw
f773eef6-2ca3-56ef-b6b0-0b1c39325825,88c69bdc-420c-59f5-a190-788e34e91376,3,Hey Baba Hey Baba Milte Hain Ek Din Hey Baba,Asha Bhosle,4.0,https://www.youtube.com/watch?v=mSkR9IkUiM8,https://music.youtube.com/watch?v=mSkR9IkUiM8,https://music.youtube.com/watch?v=9lLzUy2i6aM,
5bd82ed0-9ee5-5a4d-ae00-0878f485d954,42f0ee9e-fedb-55c4-9f23-40eca3240d97,3,Zindagi Aa Raha Hoon Main,Kishore Kumar,4.6,http://www.youtube.com/watch?v=KXlRUvG4DVs,https://music.youtube.com/watch?v=s__8bWTBYqI,https://music.youtube.com/watch?v=KXlRUvG4DVs,https://music.youtube.com/watch?v=Xe17eRTdLUM
167ac9aa-b198-5402-ac87-cbf4b3f3b16a,42f0ee9e-fedb-55c4-9f23-40eca3240d97,4,Footpathon Ke Hum,"Shailendra Singh, Hariharan, Suresh Wadkar, Anup Jalota",4.0,http://www.youtube.com/watch?v=pLFO1QCp_38,https://music.youtube.com/watch?v=HBpJ6CGVig8,https://music.youtube.com/watch?v=cY_y7XTOSxU,https://music.youtube.com/watch?v=n08XZzKJogk
af1d35fd-5d82-511f-a7b0-ddfc8907af37,42f0ee9e-fedb-55c4-9f23-40eca3240d97,5,Mujhe Tum Yaad Karna,"Kishore Kumar, Lata Mangeshkar",4.0,http://www.youtube.com/watch?v=OB3FvRrstgs,https://music.youtube.com/watch?v=Q8v9oX30qjI,https://music.youtube.com/watch?v=Mck78aR0wq0,https://music.youtube.com/watch?v=7B1rLeBQzh8
dcfb7f35-194c-5e79-b4f9-39580dae3c11,6134eed0-5e45-57c0-b38e-cacfb6cd3fcb,1,Sawan Saanwari Ankhiyan Choome,Asha Bhosle,4.0,https://www.youtube.com/watch?v=hIFvXVPYUGs,https://music.youtube.com/watch?v=qd5L5iD7zEs,https://music.youtube.com/watch?v=3lCl4YRNWVQ,
5a9b69af-2440-5879-95e0-d3d1cab010a3,6134eed0-5e45-57c0-b38e-cacfb6cd3fcb,3,Ho Bahut Raat Huyi Thak Gaya Hoon,Kishore Kumar,4.5,http://www.youtube.com/watch?v=SH7GBWAq608,https://music.youtube.com/watch?v=fSpLsC1vZO0,https://music.youtube.com/watch?v=0qP9Zmi8pUI,https://music.youtube.com/watch?v=QZC-qpVAYV8
1eb0aa2a-d115-5e66-b3f5-0194b87e8ba0,9c9e37e5-6b96-5ecf-b1de-a4c63f14da0a,2,Andhiyara Gehraya,Bhupinder Singh,4.0,http://www.youtube.com/watch?v=z1yH5aCu_L8,https://music.youtube.com/watch?v=gjavKg6FW1k,https://music.youtube.com/watch?v=l6dAgqrIkWY,
a19e62db-6580-5daf-82c3-ba6e73af5100,031aee2c-1de4-5274-a03f-de699409c47d,4,Manzilen Apni Jagah Hain Raaste Apni Jagah,Kishore Kumar,4.62,https://www.youtube.com/watch?v=0-CZJ-aZGcY,https://music.youtube.com/watch?v=_Xeh00OJCpM,https://music.youtube.com/watch?v=-7iWJUOfS8Y,https://music.youtube.com/watch?v=5z5724Cc9Jg
d54959f6-2bfc-5fca-91b2-c208bbd5ceee,031aee2c-1de4-5274-a03f-de699409c47d,5,Inteha Ho Gayi Intezar Ki,"Kishore Kumar, Asha Bhosle",4.33,https://www.youtube.com/watch?v=Awvq_0H-vdo,https://music.youtube.com/watch?v=SwYWKKvQbjI,https://music.youtube.com/watch?v=05RQcXKXm-g,https://music.youtube.com/watch?v=dIolaq-Cd9E
88c47294-bff1-595f-a6d0-8bf2bf07528d,c03a6b13-7d28-505e-939c-db6ef6d264cc,1,Sohni Chenab De Kinare - 1,Anupama Deshpande,4.0,https://www.youtube.com/watch?v=C8qQcpg212U,https://music.youtube.com/watch?v=1XYC5J9QY24,https://music.youtube.com/watch?v=tZ93VTQ_frA,https://music.youtube.com/watch?v=C8qQcpg212U
1eab5509-97e2-5c53-bb9d-7e6eb2f8c309,c03a6b13-7d28-505e-939c-db6ef6d264cc,3,Sohni Meri Sohni,"Asha Bhosle, Anwar",4.0,https://www.youtube.com/watch?v=LkoQeJRo_1E,https://music.youtube.com/watch?v=jYp61o8ei7M,https://music.youtube.com/watch?v=XC_nr_3pdtA,https://music.youtube.com/watch?v=LkoQeJRo_1E
81305881-9566-507e-bba9-ef38ffea74aa,c03a6b13-7d28-505e-939c-db6ef6d264cc,4,Bol Do Meethe Bol Sohniye,"Shabbir Kumar, Asha Bhosle",4.0,https://www.youtube.com/watch?v=nVxpqd3NXGk,https://music.youtube.com/watch?v=wEs_Uk5iA1U,https://music.youtube.com/watch?v=nVxpqd3NXGk,https://music.youtube.com/watch?v=MfXGyUJlwEE
c4491489-34b9-5dea-9076-2429e84c1fea,c03a6b13-7d28-505e-939c-db6ef6d264cc,6,Sohni Chenab De Kinare - 2,"Anwar, Anupama Deshpande",4.0,https://www.youtube.com/watch?v=fHt66sdFUNE,https://music.youtube.com/watch?v=tZ93VTQ_frA,https://music.youtube.com/watch?v=C8qQcpg212U,https://music.youtube.com/watch?v=qUG_NCbX8N0
f58c027b-6579-54f9-9d97-e0125733e4f9,660f8866-1964-5120-a93a-5af3bf98644c,1,Jaane Kya Baat Hai,Lata Mangeshkar,4.6,https://www.youtube.com/watch?v=IE406E_JAC0,https://music.youtube.com/watch?v=IE406E_JAC0,https://music.youtube.com/watch?v=pmHq7SUGbtw,https://music.youtube.com/watch?v=umbfcqWkX-E
85ec2c8e-46c5-58f0-a5ba-41fd8cb08f64,660f8866-1964-5120-a93a-5af3bf98644c,2,Aur Kya Ahde Wafa (Male),Suresh Wadkar,4.6,https://www.youtube.com/watch?v=hM7V-JaMm3k,https://music.youtube.com/watch?v=q0o3YIVvN2k,https://music.youtube.com/watch?v=M3CpXhSopUw,https://music.youtube.com/watch?v=1d7Sjf3Dr9Q
d2940f27-55e9-522b-9786-e6df195e02f1,660f8866-1964-5120-a93a-5af3bf98644c,3,Aur Kya Ahde Wafa (Female),Asha Bhosle,4.6,https://www.youtube.com/watch?v=SlRtQMkTkvQ,https://music.youtube.com/watch?v=SlRtQMkTkvQ,https://music.youtube.com/watch?v=y1MZfPaIJVo,https://music.youtube.com/watch?v=0OE4wvCqTmA
78c42fe4-fce5-5df5-b159-c6aa11a78c17,2faab200-b93c-5684-83d8-9826b64a5415,1,Barse Ghan Saari Raat,Lata Mangeshkar,4.0,https://www.youtube.com/watch?v=q6ZO2B63e_w,https://music.youtube.com/watch?v=q6ZO2B63e_w,https://music.youtube.com/watch?v=FVJoryl50Jk,https://music.youtube.com/watch?v=s1sMmCHXka4
9fc217d7-9ff8-52f7-bfea-062f93f84237,96383e4b-916e-5f33-9c79-e4f1018248d9,2,Tohfa Tohfa Laya Laya (Pyar Ka Tohfa Tera),"Kishore Kumar, Asha Bhosle",4.0,https://www.youtube.com/watch?v=Yx7v-zvvX1I,https://music.youtube.com/watch?v=EeguXO4hsSA,https://music.youtube.com/watch?v=oYsD2HYBaWg,https://music.youtube.com/watch?v=J1kwpWw-SN4
feb1e3d7-8d4c-51ba-83ff-22a82614ed25,96383e4b-916e-5f33-9c79-e4f1018248d9,5,O Milan,"Asha Bhosle, S.P. Balasubramaniam",4.0,https://www.youtube.com/watch?v=J6muJeE3FEg,https://music.youtube.com/watch?v=bXIf6HK3pdw,https://music.youtube.com/watch?v=_aRGYw_uu4w,https://music.youtube.com/watch?v=0JVNTdgGzcw
7e7e47f8-9d1e-53cc-a362-1fe0688aac99,7480922e-dac5-511b-aa06-55c4f70bb8c3,1,Mann Kyun Behka Re Behka Aadhi Raat Ko,"Lata Mangeshkar, Asha Bhosle",4.6,https://www.youtube.com/watch?v=tyOAj-4sPdw,https://music.youtube.com/watch?v=m2XMiqcrg0E,https://music.youtube.com/watch?v=WDE0JHgk31I,
bbf0a1fb-c144-54b2-a1a7-55814c682879,7480922e-dac5-511b-aa06-55c4f70bb8c3,3,Saanjh Dhale Gagan Tale Hum Kitne Ekaki,Suresh Wadkar,4.5,https://www.youtube.com/watch?v=IlmCmBC400c,https://music.youtube.com/watch?v=GcWDQ1VHGVc,https://music.youtube.com/watch?v=pvtArORv4jg,
905989b1-b732-5d67-ba2f-f1913b0a2dbf,0199ef59-01fe-5b2c-a2a0-2fb8f9bba410,4,Taj Mahal Mein Aa Jana,"Rajendra Mehta, Nina Mehta",4.0,https://www.youtube.com/watch?v=gyX2UXSSVJo,https://music.youtube.com/watch?v=Jmrtw_dFbYo,https://music.youtube.com/watch?v=F2Tqp6HkFM0,https://music.youtube.com/watch?v=7uZvL9-eYt0
de9c38cd-085c-5cd1-b8e2-b789da4bd030,15f36b41-97fe-5436-8aa8-0621ab266429,1,Yaar Ko Salaam Pyar Ko Salaam,"Suresh Wadkar, Usha Mangeshkar",4.0,https://www.youtube.com/watch?v=0YXY4PDhWto,https://music.youtube.com/watch?v=2CwBXLrT8_I,https://music.youtube.com/watch?v=0YXY4PDhWto,https://music.youtube.com/watch?v=ZwFaRDnkygQ
2010d17f-4f2f-5c8f-ae12-70e2b59d7761,d05d97ff-0a81-5245-9923-2dceb749fd8b,2,Dum Dum Dee Dee,Nazia Hassan,4.0,http://www.youtube.com/watch?v=ZzmVOxH0Oqc,https://music.youtube.com/watch?v=lOiUg3OL7ro,https://music.youtube.com/watch?v=P0BGZe20qLw,https://music.youtube.com/watch?v=xssv5Je-6xk
a5e90600-5f44-5499-9c72-99adb8211dcd,0289a100-87d4-577e-bb45-bc0df7b29def,5,Aisa Sama Na Hota,Lata Mangeshkar,4.67,https://www.youtube.com/watch?v=vDFyP6gliFQ,https://music.youtube.com/watch?v=vDFyP6gliFQ,https://music.youtube.com/watch?v=2wrznZoQG5A,https://music.youtube.com/watch?v=1YSvz21lug8
