song_uuid,album_uuid,track_number,song_title,song_singers,song_rating,youtube_url,music_yt_url_1,music_yt_url_2,music_yt_url_3
a045fea9-1a1d-5524-ab61-2a28364b23b6,13f57eeb-c505-5e48-97ed-87946d7bd4de,1,Naa Bole Naa Bole Naa Bole Re,Lata Mangeshkar,4.75,https://www.youtube.com/watch?v=bMd_Ab7U8VU,https://music.youtube.com/watch?v=FGkDe6cau_Y,https://music.youtube.com/watch?v=lNKYsK8eGf0,https://music.youtube.com/watch?v=qUiOJ-WU8K0
c8262136-f546-5b1d-bbff-6f36b2ac9dac,13f57eeb-c505-5e48-97ed-87946d7bd4de,5,Kitna Hasin Hai Mausam,"Lata Mangeshkar, C. Ramchandra",4.67,https://www.youtube.com/watch?v=rrzcIwGwvik,https://music.youtube.com/watch?v=6vnEoT9Q_3U,https://music.youtube.com/watch?v=q9OvvL8K_Tc,https://music.youtube.com/watch?v=jBF4nPm_DOI
452d5b81-8670-5080-85b9-1b0501665cb2,3c0b202f-14ee-548b-bf80-c1349d40814d,6,Piya Piya Piya Mera Jiya Pukare,"Asha Bhosle, Kishore Kumar",4.5,https://www.youtube.com/watch?v=5kiZPy8Ghb8,https://music.youtube.com/watch?v=JpYfxqsKVYk,https://music.youtube.com/watch?v=OSlIUUwSGqw,https://music.youtube.com/watch?v=04jHZC61zW0
b2156f91-d981-5566-8a73-b6e2f68215bc,741220a0-36c3-5ace-8131-d0fd8bec6e3c,1,Bhula Nahin Dena Ji,"Lata Mangeshkar, Mohammed Rafi",4.0,https://www.youtube.com/watch?v=V3JKsOmIttM,https://music.youtube.com/watch?v=wVIYXaTq3xE,https://music.youtube.com/watch?v=Ccxg8RWwDeo,https://music.youtube.com/watch?v=eRCCJqzAcqM
6d570813-414f-50c6-8ae0-671573c999ea,741220a0-36c3-5ace-8131-d0fd8bec6e3c,7,Tasveer Banaata Hoon Tasveer Nahin Banti,Talat Mahmood,4.5,https://www.youtube.com/watch?v=eOnw5V1SPVs,https://music.youtube.com/watch?v=zXuuWgw0KxA,https://music.youtube.com/watch?v=LpUenkGr1KU,https://music.youtube.com/watch?v=NNW34zmeUU0
0f68f6c9-9e98-59bd-a101-9d73e25e87ed,d6a5605a-a0eb-533d-a19e-3f312f46c53f,2,Aan Milo Shyam Saanwre,"Geeta Dutt, Manna Dey",4.25,https://www.youtube.com/watch?v=oSdyEpeGjiA,https://music.youtube.com/watch?v=Ye3bX1vd6PU,https://music.youtube.com/watch?v=foS4NCsWnV8,https://music.youtube.com/watch?v=C0oSYtziaik
1c071dfc-5646-5729-b76f-77d982df2bd1,0232c1b2-da2b-5bce-bc91-7d8ff55aff7a,1,Teri Duniya Mein Jeene Se,Hemant Kumar,4.8,https://www.youtube.com/watch?v=8rJhomw8HPg,https://music.youtube.com/watch?v=KDRwYThiIis,https://music.youtube.com/watch?v=B1covEDNwTQ,https://music.youtube.com/watch?v=7RJXz3y2WQU
e8604c2a-aad7-5e13-a561-25ac9af2e155,0232c1b2-da2b-5bce-bc91-7d8ff55aff7a,3,Chup Hai Dharti Chup Hain Chand Sitare,Hemant Kumar,4.4,https://www.youtube.com/watch?v=msMWpxTS194,https://music.youtube.com/watch?v=F3MKlocJgyg,https://music.youtube.com/watch?v=kPXgbJBvnDU,https://music.youtube.com/watch?v=tQxEu-LYbZE
82cb8ae0-ff11-54d4-9499-d568b75ee629,0232c1b2-da2b-5bce-bc91-7d8ff55aff7a,4,Phaili Hui Hain Sapnon Ki Baahen,Lata Mangeshkar,4.33,https://www.youtube.com/watch?v=CrwaKcyjyNY,https://music.youtube.com/watch?v=W13FnVTPaDo,https://music.youtube.com/watch?v=Lxf-n4eMkHw,https://music.youtube.com/watch?v=LZYtg9MEZi8
2e0dc365-45dd-5147-a150-0cf1a3bc8fb8,65e2d835-be50-5c93-88d3-4be3788553bb,1,Jhanak Jhanak Payal Baaje,Ustad Amir Khan,4.0,https://www.youtube.com/watch?v=OlMt-ev6sRE,https://music.youtube.com/watch?v=2vo_HTAgpE4,https://music.youtube.com/watch?v=ybTMtd0sIgE,https://music.youtube.com/watch?v=pkFrEKd4d-0
87010716-295e-565e-a5e7-d3f1ca67f894,65e2d835-be50-5c93-88d3-4be3788553bb,3,Raag Malika (Rut Basant Aayi),"Lata Mangeshkar, Manna Dey",4.0,https://www.youtube.com/watch?v=D3TN-JnyuHQ,https://music.youtube.com/watch?v=fl7njYYCOes,https://music.youtube.com/watch?v=iN_qBX0LTJo,https://music.youtube.com/watch?v=YFp1u-JnCS8
fe7027ab-3efb-593f-b39e-6b57e8034150,65e2d835-be50-5c93-88d3-4be3788553bb,6,Nain So Nain Naahi Milao,"Hemant Kumar, Lata Mangeshkar",4.67,https://www.youtube.com/watch?v=L6kNKzN3zPo,https://music.youtube.com/watch?v=LAN1tq6T1O4,https://music.youtube.com/watch?v=NJxYX5Tq3LI,https://music.youtube.com/watch?v=1BlH-okPYsw
c78f6ff6-a39e-5e86-8ac7-a3713eb9980b,65e2d835-be50-5c93-88d3-4be3788553bb,9,Mere Ae Dil Bata Pyar Tune Kiya,Lata Mangeshkar,4.33,https://www.youtube.com/watch?v=rJ-uQkCgJeA,https://music.youtube.com/watch?v=LoPiwqR7HT4,https://music.youtube.com/watch?v=rFREpNWSlaw,https://music.youtube.com/watch?v=KIqzFJd_CCs
67bbd237-4abe-534e-9609-63c23b635394,65e2d835-be50-5c93-88d3-4be3788553bb,12,Jo Tum Todo Piya,Lata Mangeshkar,4.25,https://www.youtube.com/watch?v=UQIO-SNvEe4,https://music.youtube.com/watch?v=b2E0ulE_CLo,https://music.youtube.com/watch?v=AZT3vZF4UH0,https://music.youtube.com/watch?v=bYI1x44swHw
89a58686-0cc9-51c2-a1b4-909391e8ec38,5a26376e-ac29-513a-a7f7-1bff3ebd7731,4,Subah Ka Intezaar Kaun Kare,Lata Mangeshkar,4.33,https://www.youtube.com/watch?v=_CXfT5HOYMY,https://music.youtube.com/watch?v=HLDEoxcRcCw,https://music.youtube.com/watch?v=H37PoYeSi4c,https://music.youtube.com/watch?v=dhi4Kn_YEnE
00a3a66d-d0c4-5042-a041-0eb1d6d7c51f,5a26376e-ac29-513a-a7f7-1bff3ebd7731,7,Teri Zulfon Se Pyar Kaun Kare,Talat Mahmood,4.0,https://www.youtube.com/watch?v=jHlvtEV7wdw,https://music.youtube.com/watch?v=ayrPQwfeMkQ,https://music.youtube.com/watch?v=vy3c6Ozk4M8,https://music.youtube.com/watch?v=tRJ-w4vOfWM
01ef9a21-9405-50b0-9bc5-00fe02a13f13,88007b19-5da9-53ce-aaf6-e619b90e5a14,4,Jahan Wale Hamen Duniya Mein,Lata Mangeshkar,4.0,http://www.youtube.com/watch?v=SD7-Rl3SWXM,https://music.youtube.com/watch?v=RHD6a0W-zPM,https://music.youtube.com/watch?v=SD7-Rl3SWXM,
b37423a5-91bd-5ce9-9206-709d8513b30b,88007b19-5da9-53ce-aaf6-e619b90e5a14,9,Shikayat Kya Karoon Dono Taraf Gham Ka Fasana Hai,Lata Mangeshkar,4.0,http://www.youtube.com/watch?v=Ty--Ocyvxok,https://music.youtube.com/watch?v=og0CVwPCh4U,https://music.youtube.com/watch?v=uHCvTzQfGko,https://music.youtube.com/watch?v=Ncdn1lNbFpU
225e2c3d-48a7-5fe2-84a0-163b96cd56a8,95f9dd84-93dd-593f-bb88-4dcf76a6e25e,5,Bahaye Chand Ne Aansoo,Hemant Kumar,4.0,https://www.youtube.com/watch?v=HZ8mPmEWxlg,https://music.youtube.com/watch?v=HZ8mPmEWxlg,https://music.youtube.com/watch?v=VhLlh9ZfHTo,https://music.youtube.com/watch?v=u6yOXmX7oGU
a459dc73-1f44-5268-8669-ba730200a704,b1aed759-10f8-5f9d-836b-239e65f3580e,1,Ae Ji Dil Par Hua Aisa Jadoo,Mohammed Rafi,5.0,https://www.youtube.com/watch?v=EGDCtWNyIZQ,https://music.youtube.com/watch?v=ukzRnbRhI6U,https://music.youtube.com/watch?v=EGDCtWNyIZQ,https://music.youtube.com/watch?v=TLBIkfPg8H8
86240e84-2a1a-5fb4-8bf6-242cae53e1a6,b1aed759-10f8-5f9d-836b-239e65f3580e,2,Thandi Hawa Kaali Ghata Aa Hi Gayi Jhoom Ke,Geeta Dutt,5.0,https://www.youtube.com/watch?v=z91UKyXA9Mc,https://music.youtube.com/watch?v=y32hUB9X940,https://music.youtube.com/watch?v=yj7fF3PZWX8,https://music.youtube.com/watch?v=PvXhWRwAwMg
8072d100-b37c-5916-88c3-4e93f2e4ae4a,b1aed759-10f8-5f9d-836b-239e65f3580e,3,Jaane Kahan Mera Jigar Gaya Ji,"Geeta Dutt, Mohammed Rafi",5.0,https://www.youtube.com/watch?v=GDaKhhssr2g,https://music.youtube.com/watch?v=shDZohUn9HQ,https://music.youtube.com/watch?v=24DniPhZGwQ,https://music.youtube.com/watch?v=pC5Eyfl8WuA
6e4379c3-f343-5ef2-856b-9e0de6811b9b,b1aed759-10f8-5f9d-836b-239e65f3580e,5,Neele Aasmani,Geeta Dutt,4.0,https://www.youtube.com/watch?v=mgVoExvvSqU,https://music.youtube.com/watch?v=CNpz0rMbbJc,https://music.youtube.com/watch?v=mFp_6_kUXBU,https://music.youtube.com/watch?v=JZQlZT34pBU
1422db08-d1f8-5cad-933a-3e8508035f70,b1aed759-10f8-5f9d-836b-239e65f3580e,6,Chal Diye Banda Nawaz,"Geeta Dutt, Mohammed Rafi",4.4,https://www.youtube.com/watch?v=j2z0NNFPBkk,https://music.youtube.com/watch?v=8ibRHvAh3rc,https://music.youtube.com/watch?v=-8ejLaPVljk,https://music.youtube.com/watch?v=oEzpEt5hDJE
6dc7122a-b615-5049-9b16-87bb4f490d0d,b1aed759-10f8-5f9d-836b-239e65f3580e,7,Udhar Tum Hasin Ho Idhar Dil Jawan Hai,"Geeta Dutt, Mohammed Rafi",5.0,https://www.youtube.com/watch?v=oWi_LZ97cTE,https://music.youtube.com/watch?v=23jTOnCw_WY,https://music.youtube.com/watch?v=1_GQO65AGvQ,https://music.youtube.com/watch?v=-DihGgaozvw
1f6d5536-0d0e-5153-8a86-b32a0bffd08b,d4d64d0e-6a1c-5fea-add6-236144dcd0fd,1,Jeevan Ke Safar Mein Raahi (Male),Kishore Kumar,4.7,http://www.youtube.com/watch?v=_9kjx2ngbRc,https://music.youtube.com/watch?v=QUtqKaZPGao,https://music.youtube.com/watch?v=mDWeGe51lhc,https://music.youtube.com/watch?v=T62du3kDyEE
15ab7bc2-1dc2-5a0a-ba26-bd30e97b0a69,d4d64d0e-6a1c-5fea-add6-236144dcd0fd,6,Dil Ki Umangen Hain Jawan,"Geeta Dutt, Hemant Kumar, Thakur - I",4.0,http://www.youtube.com/watch?v=Q5rRt2jt5Aw,https://music.youtube.com/watch?v=q8GY2I5AQl4,https://music.youtube.com/watch?v=p3wieJHSygk,
71deadf9-9a3a-5552-89da-c2e5a6c7a6cc,d4d64d0e-6a1c-5fea-add6-236144dcd0fd,8,Jeevan Ke Safar Mein Raahi (Female),Lata Mangeshkar,4.2,http://www.youtube.com/watch?v=RfFjQ09j6AE,https://music.youtube.com/watch?v=nfKprO9HY_E,https://music.youtube.com/watch?v=QUtqKaZPGao,
2da76d97-f7c3-577c-9acb-5d5b678b1459,d4d64d0e-6a1c-5fea-add6-236144dcd0fd,9,Saajan Bin Neend Na Aave,Lata Mangeshkar,4.0,https://www.youtube.com/watch?v=rnkSzaHSv1c,https://music.youtube.com/watch?v=o3Lj7HKl3kM,https://music.youtube.com/watch?v=Zk5FcbueWfU,https://music.youtube.com/watch?v=R1ed8CiX-44
d69a6d25-24b1-5c6b-b61a-a8097f43201a,26160aea-45cc-51a4-ab2c-f32ccaa6a326,1,Basti Basti Parbat Parbat Gaata Jaaye Banjara - I,Mohammed Rafi,4.0,https://www.youtube.com/watch?v=6KdBxkdDvuo,https://music.youtube.com/watch?v=Ec4V8REAT5I,https://music.youtube.com/watch?v=tyTkHVG8BUk,https://music.youtube.com/watch?v=zTMlGszECiI
062faaa4-4961-5db9-a015-aef5bcb7c356,8ff23772-d7bd-595c-9032-7e80189808db,3,Tu Kahan Chali Kuchh Bol Nadi Ki Dhaara,Lata Mangeshkar,4.0,https://www.youtube.com/watch?v=zGTceC30lCk,https://music.youtube.com/watch?v=Xt7qZBElGrs,https://music.youtube.com/watch?v=j49Oel7X-84,https://music.youtube.com/watch?v=jI5mmBjd0WU
d9c79f7c-c3c1-5d70-85ab-9fd602a66b43,8ff23772-d7bd-595c-9032-7e80189808db,5,Aise Hain Sukh Sapan Hamare,Lata Mangeshkar,4.0,https://www.youtube.com/watch?v=jsyqRhvacbk,https://music.youtube.com/watch?v=FLSzaCV_tC4,https://music.youtube.com/watch?v=-qfhymK1GKk,https://music.youtube.com/watch?v=f-xAMX9j2jY
c6a14686-32b8-599f-891f-0b8eb6dfc120,ac513596-c53c-53a5-8151-6c25451ba8ef,3,Yeh Chaar Din Bahaar Ke,"Asha Bhosle, Kishore Kumar",4.0,https://www.youtube.com/watch?v=oHG2oZ3ClY4,https://music.youtube.com/watch?v=oHG2oZ3ClY4,https://music.youtube.com/watch?v=hlKEWQUV05U,
fbd01682-02ac-57aa-95b3-c67a6614e7cd,ac513596-c53c-53a5-8151-6c25451ba8ef,7,Tere Jahan Se Chal Diye Dete Hue Duaen Hum (Duet),"Asha Bhosle, Kishore Kumar",4.0,https://www.youtube.com/watch?v=zsiTnV1OO3w,https://music.youtube.com/watch?v=cMwEHipUy1U,https://music.youtube.com/watch?v=heWqSnoLwgg,https://music.youtube.com/watch?v=DyJKgYjjFok
52e02147-0631-5d10-800e-f61ee6f8a4e2,ac513596-c53c-53a5-8151-6c25451ba8ef,9,Tere Jahan Se Chal Diye Dete Hue Duaen Hum (Female),Asha Bhosle,4.0,https://www.youtube.com/watch?v=A5-u90osb5k,https://music.youtube.com/watch?v=A5-u90osb5k,https://music.youtube.com/watch?v=heWqSnoLwgg,https://music.youtube.com/watch?v=DyJKgYjjFok
a0dede0c-3fae-5816-81b8-e13ef0cc1c9b,a4483919-0412-531e-8a27-188f02f1ebf0,9,Pyar Ki Yeh Talkhiyan Jo Na Sah Sakoon,Lata Mangeshkar,4.4,https://www.youtube.com/watch?v=YCWetgOVqiM,https://music.youtube.com/watch?v=AN02gow-HdQ,https://music.youtube.com/watch?v=KKFS5Ze34wU,https://music.youtube.com/watch?v=YCWetgOVqiM
f4432a7e-f440-5d47-b92f-4e5c953921d5,a0208dd7-4bc4-583f-b436-6f7840ef0865,1,Suno Chhoti Si Gudiya Ki Lambi Kahani - I,Lata Mangeshkar,4.0,https://www.youtube.com/watch?v=ob0B_vlEG24,https://music.youtube.com/watch?v=W5_6wReZjNw,https://music.youtube.com/watch?v=FrYP4dveExc,https://music.youtube.com/watch?v=LBq5okmzUZI
a56c1671-1a34-5721-ac4b-61a934c68a44,a0208dd7-4bc4-583f-b436-6f7840ef0865,3,Tu Pyar Ka Saagar Hai - I,Manna Dey,4.8,https://www.youtube.com/watch?v=XJGU_QduotA,https://music.youtube.com/watch?v=OMexlBIxXmU,https://music.youtube.com/watch?v=q7y7kMAlG3o,https://music.youtube.com/watch?v=hbHUz29sVnw
c492e570-551f-5ae5-90e7-870c7311d89f,a0208dd7-4bc4-583f-b436-6f7840ef0865,6,Man Mohana Bade Jhoothe,Lata Mangeshkar,4.17,https://www.youtube.com/watch?v=Xd1hgsyNvbs,https://music.youtube.com/watch?v=Xd1hgsyNvbs,https://music.youtube.com/watch?v=uXGMxTTB_Dg,https://music.youtube.com/watch?v=7O8gsPLyWqU
0a710350-3857-5984-a316-d1387e569964,a0208dd7-4bc4-583f-b436-6f7840ef0865,8,Tu Pyar Ka Saagar Hai - II,Manna Dey,4.25,https://www.youtube.com/watch?v=8P_aQo2wYY8,https://music.youtube.com/watch?v=OMexlBIxXmU,https://music.youtube.com/watch?v=q7y7kMAlG3o,https://music.youtube.com/watch?v=vzFbn9w0VBc
2e24130e-f0ce-5950-8185-54f94a70f262,5511badb-40f1-530d-937b-d7d9c3eb4487,1,Mera Joota Hai Japani,Mukesh,4.43,https://www.youtube.com/watch?v=C2nZfZXPSrY,https://music.youtube.com/watch?v=Wgmfz0A4wpA,https://music.youtube.com/watch?v=fy7P_Uu3alA,https://music.youtube.com/watch?v=iVx7za1WEgw
693142b0-f143-5820-9e51-77aca703c7e1,5511badb-40f1-530d-937b-d7d9c3eb4487,2,Dil Ka Haal Sune Dilwala,Manna Dey,4.0,https://www.youtube.com/watch?v=cNF745Uy4KM,https://music.youtube.com/watch?v=wxda1bTg8cg,https://music.youtube.com/watch?v=a47OaIkTcUE,https://music.youtube.com/watch?v=vxVNswJ5PEM
c1531a80-647a-5339-a0f5-63030d68938f,5511badb-40f1-530d-937b-d7d9c3eb4487,3,Ichak Dana Beechak Dana,"Lata Mangeshkar, Mukesh",4.0,https://www.youtube.com/watch?v=_v2n8bBRCkg,https://music.youtube.com/watch?v=P0r5x8Xmb2Q,https://music.youtube.com/watch?v=6zpCTRobqAo,https://music.youtube.com/watch?v=A_zQsltSAEQ
f9b9e5ce-98a2-59de-ac19-1dfe7edbee20,5511badb-40f1-530d-937b-d7d9c3eb4487,4,Pyar Hua Iqrar Hua,"Manna Dey, Lata Mangeshkar",4.83,https://www.youtube.com/watch?v=Rt35wSnWIUw,https://music.youtube.com/watch?v=xkl1QwNEuYs,https://music.youtube.com/watch?v=Ortl_xn0lYk,https://music.youtube.com/watch?v=zakNRpLby24
88540ff2-ea9f-5b38-aa92-ec7107dd54d8,5511badb-40f1-530d-937b-d7d9c3eb4487,6,Mud Mud Ke Na Dekh Mud Mud Ke,"Asha Bhosle, Manna Dey",4.33,https://www.youtube.com/watch?v=TtJNT03beXk,https://music.youtube.com/watch?v=HTUv9fXLc58,https://music.youtube.com/watch?v=uP0SSBOaWDU,https://music.youtube.com/watch?v=m8QSR4pnPqc
5db839e8-9702-5321-ab4d-2fcdc14b03ce,5511badb-40f1-530d-937b-d7d9c3eb4487,7,O Janewale Mud Ke Zara,Lata Mangeshkar,4.0,https://www.youtube.com/watch?v=T9Lwp5e1JlQ,https://music.youtube.com/watch?v=cEMH2wsqY9Y,https://music.youtube.com/watch?v=C8TCcHGMx_I,https://music.youtube.com/watch?v=LfFdy3eyHzM
1098ae6e-65ea-54aa-8e25-898fc0df0bd3,5511badb-40f1-530d-937b-d7d9c3eb4487,8,Ramaiya Vastavaiya Ramaiya Vastavaiya,"Lata Mangeshkar, Mohammed Rafi, Mukesh",4.38,https://www.youtube.com/watch?v=JVlBVcKbIqA,https://music.youtube.com/watch?v=kV68R2Z3sf8,https://music.youtube.com/watch?v=er25OtFmu2A,https://music.youtube.com/watch?v=DvFYplCzqPk
55aa0dfd-50fe-572c-97b9-4868a5bbee47,462cdb2c-6f0e-5306-be2b-7182b8f17711,3,Rim Jhim Jhim Jhim Badarwa Barse,Lata Mangeshkar,4.0,https://www.youtube.com/watch?v=fOImeRipwfk,https://music.youtube.com/watch?v=fOImeRipwfk,https://music.youtube.com/watch?v=GASvKLulOrg,https://music.youtube.com/watch?v=ATyOHptQfUc
851422b0-9f83-518a-93d8-de0d1364721a,f4a1f81e-f63c-5b7f-b654-ac3b009a26fd,11,O Door Ke Musafir,Mohammed Rafi,4.0,https://www.youtube.com/watch?v=cwT4Kd5YDJo,https://music.youtube.com/watch?v=F_GNt42DCpE,https://music.youtube.com/watch?v=tDcTUMFwV3Q,https://music.youtube.com/watch?v=jWzr7IZ2Cak
f66fb37a-ca33-5155-85e0-26fce73edf6e,e33d3b1d-2287-5764-bd5b-7088f7a61152,6,Chanda Mama Door Ke,Asha Bhosle,4.0,https://www.youtube.com/watch?v=U4zZbpGR778,https://music.youtube.com/watch?v=WYOtRVUtVqk,https://music.youtube.com/watch?v=IW9gxVnc1d4,https://music.youtube.com/watch?v=U4zZbpGR778
97cdc0f7-9595-5330-9724-5ab928845d65,ce060b56-afd0-5f72-aae0-256a8a913ffa,9,Tere Dwar Khada Bhagwan,Kavi Pradeep,4.33,http://www.youtube.com/watch?v=FqajbDR8W8k,https://music.youtube.com/watch?v=gbm7ssO0N_g,https://music.youtube.com/watch?v=spKuUDoxpgE,https://music.youtube.com/watch?v=z1qLhVmTbk8
440c86ba-b83d-5558-815c-a0438fbe870a,6bd2c5c2-ff99-53ec-ad07-c7d18c210c60,4,Ab Woh Raatein Kahan Ab Wo Baatein Kahan,Lata Mangeshkar,4.2,https://www.youtube.com/watch?v=Y1IaDqeQipE,https://music.youtube.com/watch?v=LE_F9h_zDeQ,https://music.youtube.com/watch?v=OJsH_H-HHVY,
79cc4a89-c254-5e99-9e87-0cf36399b043,6bd2c5c2-ff99-53ec-ad07-c7d18c210c60,7,Mujhpe Ilzaam-E-Bewafai Hai,Lata Mangeshkar,4.33,https://www.youtube.com/watch?v=tq0eDu5lkb8,https://music.youtube.com/watch?v=lSt8WOJMIu8,https://music.youtube.com/watch?v=tq0eDu5lkb8,https://music.youtube.com/watch?v=w7meF0aVNUs
109fa4a3-252e-59b5-946c-a779454a3c1c,6bd2c5c2-ff99-53ec-ad07-c7d18c210c60,9,Tum Apni Yaad Bhi Dil Se Bhula Jaate Toh,"Lata Mangeshkar, Talat Mahmood",4.0,https://www.youtube.com/watch?v=BJfGNe47kSI,https://music.youtube.com/watch?v=pXwCopjjlbU,https://music.youtube.com/watch?v=9cyd3eXNjqc,https://music.youtube.com/watch?v=vIrFxL0Xu38
12cc2c6f-f8b7-5dc3-a39b-6ab19eff2630,b8033bd1-6590-5f26-b0b1-c9fbc89c239b,7,Dhitang Dhitang Bole Dil Tere Liye Dole,Lata Mangeshkar,4.0,https://www.youtube.com/watch?v=ywBrdB9QOWQ,https://music.youtube.com/watch?v=r8Bs-H49NEk,https://music.youtube.com/watch?v=ywBrdB9QOWQ,https://music.youtube.com/watch?v=MlOpWa1fdIw
85333b91-491e-560d-8afd-9757af3ee5a8,94ee5dd2-f98a-52b0-adc0-480c1a85dc17,3,Kise Yaad Rakhoon Kise Bhool Jaaoon,Mukesh,4.5,https://www.youtube.com/watch?v=f_r4TiEHdRw,https://music.youtube.com/watch?v=f_r4TiEHdRw,https://music.youtube.com/watch?v=ixIDISrrXpQ,https://music.youtube.com/watch?v=Zh4M_MGmnmY
679d439e-f900-58e5-ae68-5157eb4d618c,94ee5dd2-f98a-52b0-adc0-480c1a85dc17,8,Tere Bin Soona Soona Laage Is Duniya Ka Mela,Lata Mangeshkar,4.0,https://www.youtube.com/watch?v=eaem0p2Jj0I,https://music.youtube.com/watch?v=1d_O4qk1ny8,https://music.youtube.com/watch?v=ykjrAJkuyN4,https://music.youtube.com/watch?v=jfjTkRcXEfQ
4e8a26aa-7441-5e5d-9e25-4075235a81aa,3d67d2d6-6a17-5d0b-85da-b874f07afe36,2,Main Piya Teri Tu Maane Ya Na Maane,Lata Mangeshkar,4.0,https://www.youtube.com/watch?v=9AD6EvZ4S44,https://music.youtube.com/watch?v=FmOumZ7plG4,https://music.youtube.com/watch?v=dFgE9Z63wa8,https://music.youtube.com/watch?v=80GrgvvnG-M
ec8bae64-2333-5eb4-bf48-eaa00e2ab798,3d67d2d6-6a17-5d0b-85da-b874f07afe36,3,Sur Naa Saje Kya Gaaoon Main,Manna Dey,4.67,https://www.youtube.com/watch?v=0jGUBOCmB_I,https://music.youtube.com/watch?v=0jGUBOCmB_I,https://music.youtube.com/watch?v=1Mqdi_bFV0g,https://music.youtube.com/watch?v=ZjUK1-qgZNQ
311ecef7-3aba-56af-ad33-557bd72d97d8,3d67d2d6-6a17-5d0b-85da-b874f07afe36,6,Bhay Bhanjana Vandana Sun Hamari,Manna Dey,4.0,https://www.youtube.com/watch?v=US476-eahII,https://music.youtube.com/watch?v=US476-eahII,https://music.youtube.com/watch?v=lTUMmmoaeaM,https://music.youtube.com/watch?v=Uec_mdMrDkc
f9091675-7569-58d2-9eea-019f70ec6b56,3d67d2d6-6a17-5d0b-85da-b874f07afe36,7,Duniya Na Bhaaye Mohe Ab To Bula Le Charanon Mein Charanon Mein,Mohammed Rafi,4.0,https://www.youtube.com/watch?v=6aSZl22CFiQ,https://music.youtube.com/watch?v=6aSZl22CFiQ,https://music.youtube.com/watch?v=LNqvHTZctos,
76df72ea-ba7e-57d9-bb18-81bb0535b869,3d67d2d6-6a17-5d0b-85da-b874f07afe36,8,Ketaki Gulab Juhi Champak Ban Phoole,"Manna Dey, Bhimsen Joshi",4.33,https://www.youtube.com/watch?v=wJJ9Ji8qZyA,https://music.youtube.com/watch?v=wJJ9Ji8qZyA,https://music.youtube.com/watch?v=larpWTAPtpY,https://music.youtube.com/watch?v=Z_BnTMD2vDM
c0cbb0e7-2546-52e1-885e-2105a015d764,3d67d2d6-6a17-5d0b-85da-b874f07afe36,9,Ja Ja Re Ja Baalamwa,Lata Mangeshkar,4.5,https://www.youtube.com/watch?v=yNibKdhdIIY,https://music.youtube.com/watch?v=yNibKdhdIIY,https://music.youtube.com/watch?v=DuhtHyxuV8s,https://music.youtube.com/watch?v=X9dGaNBrHyc
ee619b2a-f0af-5c5d-add3-f67f375e2fb2,9621db86-0e0f-5b53-9190-256529559836,3,Ae Dil Mujhe Bata De,Geeta Dutt,4.75,https://www.youtube.com/watch?v=X1CL6nMxiXc,https://music.youtube.com/watch?v=VnuJ3adwhVo,https://music.youtube.com/watch?v=hKcaNydkNMg,https://music.youtube.com/watch?v=ev3CjeYM-R0
8db8ceda-1bb2-557b-b99d-9215d68736ca,9621db86-0e0f-5b53-9190-256529559836,8,Kadar Jaane Naa Mora Baalam Bedardi,Lata Mangeshkar,4.0,https://www.youtube.com/watch?v=NdAj_-R-ZSI,https://music.youtube.com/watch?v=r0zx8I18FSg,https://music.youtube.com/watch?v=CCX5VHqBVs0,https://music.youtube.com/watch?v=ktk9U9Cm4No
988bd051-f17c-5989-bc82-23601c110434,7a5275f8-11cb-5df4-881f-89ff299e56d0,1,Boojh Mera Kya Naam Re,Shamshad Begum,4.5,https://www.youtube.com/watch?v=7GlT2SQ6IQA,https://music.youtube.com/watch?v=og3OS9uSduQ,https://music.youtube.com/watch?v=zmm4vol9d6E,https://music.youtube.com/watch?v=shFt7sGaujc
79e47ead-f20a-58f9-8b7a-9038e16c5fa4,7a5275f8-11cb-5df4-881f-89ff299e56d0,2,Yeh Hai Bombay Meri Jaan (Ae Dil Hai Mushkil Jeena Yahan),"Mohammed Rafi, Geeta Dutt",5.0,https://www.youtube.com/watch?v=OShZhbjDA98,https://music.youtube.com/watch?v=2UJby3n3uB4,https://music.youtube.com/watch?v=HlAOZrst6fQ,https://music.youtube.com/watch?v=sG8ViPpoYzM
e0a1d03e-c9f7-55b3-a898-8fed5ad78e75,7a5275f8-11cb-5df4-881f-89ff299e56d0,3,O Le Ke Pehla Pehla Pyar - I,"Shamshad Begum, Mohammed Rafi",4.5,https://www.youtube.com/watch?v=ICtD8TPVUPQ,https://music.youtube.com/watch?v=qTiwqpBZmtk,https://music.youtube.com/watch?v=gvL3q9o7s0E,https://music.youtube.com/watch?v=78NL8OxFxho
af67eccf-8853-5902-917f-8ea31a375e40,7a5275f8-11cb-5df4-881f-89ff299e56d0,4,Aankhon Hi Aankhon Mein Ishara Ho Gaya,"Mohammed Rafi, Geeta Dutt",5.0,https://www.youtube.com/watch?v=jv4eQQoOS74,https://music.youtube.com/watch?v=4u7ctSLUzQs,https://music.youtube.com/watch?v=iPHIN7RqS-Y,https://music.youtube.com/watch?v=J9ANgzH9Pwc
74e68422-79a0-528d-9bb5-db764168935c,7a5275f8-11cb-5df4-881f-89ff299e56d0,5,Jaata Kahan Hai Diwane,Geeta Dutt,4.5,https://www.youtube.com/watch?v=_enoPblukPo,https://music.youtube.com/watch?v=1_pkqDuyZBs,https://music.youtube.com/watch?v=skpwlb3LYGE,https://music.youtube.com/watch?v=F_EeZO80cVo
43e76b3e-735c-5279-b6ce-f83a18161dab,7a5275f8-11cb-5df4-881f-89ff299e56d0,6,O Le Ke Pehla Pehla Pyar - II,"Asha Bhosle, Mohammed Rafi, Shamshad Begum",4.0,http://www.youtube.com/watch?v=6DmXhbbj1Uk,https://music.youtube.com/watch?v=qTiwqpBZmtk,https://music.youtube.com/watch?v=jS9vlho3PDQ,https://music.youtube.com/watch?v=gvL3q9o7s0E
25546880-92f9-5658-a5b3-8400ba343c8b,7a5275f8-11cb-5df4-881f-89ff299e56d0,7,Kahin Pe Nigahen Kahin Pe Nishana,Shamshad Begum,4.5,http://www.youtube.com/watch?v=PoHnHnB4_js,https://music.youtube.com/watch?v=08wxVCRHkkE,https://music.youtube.com/watch?v=PoHnHnB4_js,https://music.youtube.com/watch?v=Kl0PzEKjYgk
0de20c9d-dead-5c5f-996e-68e0813068ea,91d55170-d4cd-5405-a4df-aeb132ed516b,2,Aaja Re Aaja Na Sata Re Piya,Asha Bhosle,4.0,https://www.youtube.com/watch?v=E2RU2ifH5Cc,https://music.youtube.com/watch?v=E2RU2ifH5Cc,https://music.youtube.com/watch?v=gvM2IkaQl6E,https://music.youtube.com/watch?v=2zK6EWN5znQ
1cca407f-d66e-5c52-ac14-91ef4a626e05,91d55170-d4cd-5405-a4df-aeb132ed516b,6,Gham Nahin Kar Muskura,"Geeta Dutt, Mohammed Rafi",4.0,https://www.youtube.com/watch?v=4jgd_XEJtBY,https://music.youtube.com/watch?v=DFI58PO8B2U,https://music.youtube.com/watch?v=4jgd_XEJtBY,https://music.youtube.com/watch?v=4AmGW5shz9Y
9798e41e-e69e-50ed-b889-fc7592c9d6db,91d55170-d4cd-5405-a4df-aeb132ed516b,7,Jab Baadal Lehraya Jiya Jhoom Jhoom Ke Gaaya,Geeta Dutt,4.0,https://www.youtube.com/watch?v=GQvzRIinxmk,https://music.youtube.com/watch?v=GQvzRIinxmk,https://music.youtube.com/watch?v=QF3DsePbMcM,https://music.youtube.com/watch?v=fwhLTSVDcYw
4bded9e5-35ee-5b86-882e-3fc65816d2cd,91d55170-d4cd-5405-a4df-aeb132ed516b,8,Main Toh Baanke Nainon Wali,"Asha Bhosle, Mohammed Rafi",4.0,https://www.youtube.com/watch?v=dt0x9HDVy8w,https://music.youtube.com/watch?v=dt0x9HDVy8w,https://music.youtube.com/watch?v=bM2Wc0bU4nY,https://music.youtube.com/watch?v=TtnbvCJYZ94
72671f24-6d18-5850-a210-7daeaab71495,91d55170-d4cd-5405-a4df-aeb132ed516b,9,Raat Nasheeli Rangrangeeli Mast Hawa,Geeta Dutt,4.0,https://www.youtube.com/watch?v=HQHZBEkwI0U,https://music.youtube.com/watch?v=BeNo8fC6C4Y,https://music.youtube.com/watch?v=eGm9iSpRLU4,https://music.youtube.com/watch?v=VQC9IHufidU
8509d279-f4ec-59fa-acc5-710c62a84b4a,91d55170-d4cd-5405-a4df-aeb132ed516b,10,Tumhi Ne Dard Diya Hai (Ghareeb Jaan Ke) (Duet),"Geeta Dutt, Mohammed Rafi",4.0,https://www.youtube.com/watch?v=gPhRtNy_VFw,https://music.youtube.com/watch?v=RvBCaU6glUE,https://music.youtube.com/watch?v=lkbgPOXpSyk,https://music.youtube.com/watch?v=KEllJMQk_1c
f5be909a-95a9-5dc9-a336-3d57aaeea207,393a6885-da24-5732-b6a6-ef13148d113b,1,Us Paar Saajan Is Paar Dhaare,Lata Mangeshkar,4.0,https://www.youtube.com/watch?v=GhZdivn9yjg,https://music.youtube.com/watch?v=SmjYchUDH10,https://music.youtube.com/watch?v=k7H9B8q6Q2I,https://music.youtube.com/watch?v=Y-Yo7DsjkkM
0d8bbc35-d0b0-57f2-8f80-fa401695a9df,393a6885-da24-5732-b6a6-ef13148d113b,3,Panchhi Banoon Udti Phiroon,"Lata Mangeshkar, Manna Dey",4.5,https://www.youtube.com/watch?v=1ZZya7ptG-U,https://music.youtube.com/watch?v=tWSVT-dD3WM,https://music.youtube.com/watch?v=14opx3FVWCM,https://music.youtube.com/watch?v=UzrETxa--LI
9f673182-7380-588c-a07c-89a58212c234,393a6885-da24-5732-b6a6-ef13148d113b,4,Yeh Raat Bheegi Bheegi,"Lata Mangeshkar, Manna Dey",4.9,https://www.youtube.com/watch?v=h85EgLkIYl0,https://music.youtube.com/watch?v=ZzJjm25YCnM,https://music.youtube.com/watch?v=-wGDnGMfmf8,https://music.youtube.com/watch?v=CkdJPrDocGA
4582e919-d797-5992-b34c-4c7111f1b198,393a6885-da24-5732-b6a6-ef13148d113b,5,Jahan Main Jaati Hoon Wahin Chale Aate Ho,"Lata Mangeshkar, Manna Dey",4.25,https://www.youtube.com/watch?v=lYLaLndjMs4,https://music.youtube.com/watch?v=p-4-FLfZ_xk,https://music.youtube.com/watch?v=mIwaTjKB4kA,https://music.youtube.com/watch?v=NyDRj2e-Quk
d4da5d53-cfcb-5e80-bf37-c0a76b79ef70,393a6885-da24-5732-b6a6-ef13148d113b,7,Aaja Sanam Madhur Chandni Mein Hum,"Lata Mangeshkar, Manna Dey",4.8,https://www.youtube.com/watch?v=9s0eGmSBktY,https://music.youtube.com/watch?v=lIp-yNyghDI,https://music.youtube.com/watch?v=kFTwURMqwSs,https://music.youtube.com/watch?v=1woHHtY0DLg
e69bcfc2-642b-50b1-bd48-fe4e9ddebca3,393a6885-da24-5732-b6a6-ef13148d113b,8,Rasik Balma Haay Dil Kyon Lagaya Tose,Lata Mangeshkar,4.75,https://www.youtube.com/watch?v=LzPpv_kehAA,https://music.youtube.com/watch?v=MNaUIvw-aVg,https://music.youtube.com/watch?v=vtWFA8eTvJ0,https://music.youtube.com/watch?v=WlIWMXqQ79Q
4d0a91c5-c9b7-57da-8346-27772070b6ef,24c4649b-b753-552c-872b-6f13180feb98,3,Doosron Ka Dukhda Door Karnewale,Kavi Pradeep,4.0,https://www.youtube.com/watch?v=Mukd5TwVL68,https://music.youtube.com/watch?v=Mukd5TwVL68,https://music.youtube.com/watch?v=Cgx-HPD7138,
6a5401f1-e0ed-5bf6-bcd2-cffba89eb6d7,7b455e0e-4483-5185-8521-570428ea3c5f,1,Chali Gori Pee Se Milan Ko,Hemant Kumar,4.0,https://www.youtube.com/watch?v=eJzaXWfmu0A,https://music.youtube.com/watch?v=mMHY7M97sik,https://music.youtube.com/watch?v=-BJaxFkWR4E,https://music.youtube.com/watch?v=dbOW8Y2j5TY
6a42eb32-ec75-58d9-9cff-9cb95caaad52,7b455e0e-4483-5185-8521-570428ea3c5f,2,Saanwale Salone Aaye Din Bahaar Ke,"Lata Mangeshkar, Hemant Kumar",4.0,https://www.youtube.com/watch?v=WjsL0ocfMiU,https://music.youtube.com/watch?v=rUV7ypQpmoE,https://music.youtube.com/watch?v=Dh1we4bZ3EQ,https://music.youtube.com/watch?v=85coK_zqLYA
c278e053-3d69-5128-82a0-0b09f326a19e,22b37c26-a5f5-5773-b7fe-ec47936dd0ce,1,Ae Meri Topi Palat Ke Aa,Kishore Kumar,4.33,https://www.youtube.com/watch?v=FuuYt9OZFxM,https://music.youtube.com/watch?v=5Hak3VM75hg,https://music.youtube.com/watch?v=_CA3hvuWSOI,https://music.youtube.com/watch?v=oVE8zvQPINM
2baa5d87-b396-5aeb-a0c1-e6f1432dc531,22b37c26-a5f5-5773-b7fe-ec47936dd0ce,2,Dukhi Man Mere Sun Mera Kehna,Kishore Kumar,4.75,https://www.youtube.com/watch?v=NbSKgX52mKw,https://music.youtube.com/watch?v=slkSJL_f10g,https://music.youtube.com/watch?v=j_5J-KXny-c,https://music.youtube.com/watch?v=ePIA1A76WY0
3911d844-b711-5092-be25-1c0d6a71bd54,22b37c26-a5f5-5773-b7fe-ec47936dd0ce,5,Woh Dekhen Toh Unki Inayat,"Asha Bhosle, Kishore Kumar",4.5,https://www.youtube.com/watch?v=4_PkM0xwF08,https://music.youtube.com/watch?v=FiH0YYYost4,https://music.youtube.com/watch?v=UEbxNBA7Q2o,
3581fc13-2b0d-5532-9a47-c80d72b26f3b,22b37c26-a5f5-5773-b7fe-ec47936dd0ce,6,Phool Gendwa Na Maaro,Asha Bhosle,4.0,https://www.youtube.com/watch?v=hZ82uJvsvBk,https://music.youtube.com/watch?v=8JqIDdKht08,https://music.youtube.com/watch?v=Imdh3O7xJ-Q,https://music.youtube.com/watch?v=KCRknjdGG0I
1a3a76c9-6869-50a0-b126-ef916fe83ffa,93febd12-b136-5d92-a5ed-ba71ae5e063d,2,Aa Ja Ke Intezar Mein,"Lata Mangeshkar, Mohammed Rafi",4.0,https://www.youtube.com/watch?v=olQOKkhd9Tg,https://music.youtube.com/watch?v=gA9wWULK0pA,https://music.youtube.com/watch?v=Y-HFlcRhzUE,https://music.youtube.com/watch?v=FE5E8ZvhW-I
658e10d1-39f4-5f9b-adc5-5fd1aef20542,93febd12-b136-5d92-a5ed-ba71ae5e063d,4,O Sunta Ja Dil Ka Naghma,Lata Mangeshkar,4.0,https://www.youtube.com/watch?v=Dipn_xgq0iI,https://music.youtube.com/watch?v=aZHVs7hLuWo,https://music.youtube.com/watch?v=EaBEAiGTikk,https://music.youtube.com/watch?v=8oR_z2B-654
95880de8-98ef-5a08-b1e1-d3093f3663e9,93febd12-b136-5d92-a5ed-ba71ae5e063d,6,Yeh Chand Yeh Sitare Yeh Saath Tera Mera,Lata Mangeshkar,4.0,https://www.youtube.com/watch?v=i-cKOIsNPWw,https://music.youtube.com/watch?v=i-cKOIsNPWw,https://music.youtube.com/watch?v=aWai-JHWrOI,https://music.youtube.com/watch?v=j1cLI_U9qLw
47c13862-4514-541c-b0e2-3208815ddb62,90c0f218-c021-50ec-94c8-09f2ff81c00d,8,Do Dil Dhadak Rahe Hain Aur Awaz Ek Hai,"Asha Bhosle, Talat Mahmood",4.0,https://www.youtube.com/watch?v=3_JuHzzpzGE,https://music.youtube.com/watch?v=3_JuHzzpzGE,https://music.youtube.com/watch?v=993_4MM0yH0,https://music.youtube.com/watch?v=xFaRxMZ-DIM
b15e9f42-a326-551a-8081-08fc8889d796,5a059c4f-4caf-59ad-92d1-4e619ebd5f7e,1,Zindagi Khwab Hai,Mukesh,4.0,https://www.youtube.com/watch?v=dyYhXafFq2Y,https://music.youtube.com/watch?v=FbT17gu2T8Q,https://music.youtube.com/watch?v=BbG7ZJZ-qVg,https://music.youtube.com/watch?v=XLXN1RhQZ4Q
febb0599-b210-5811-956c-2d1f4be454d7,5a059c4f-4caf-59ad-92d1-4e619ebd5f7e,2,Thandi Thandi Sawan Ki Phuhar,Asha Bhosle,4.0,https://www.youtube.com/watch?v=APOJMaDGNRE,https://music.youtube.com/watch?v=3AGPJ5pfU0s,https://music.youtube.com/watch?v=UbuRFoAXK1g,
6f509671-1a44-5716-881f-26661bf654f2,5a059c4f-4caf-59ad-92d1-4e619ebd5f7e,4,Jaago Mohan Pyaare,Lata Mangeshkar,4.67,https://www.youtube.com/watch?v=RfujgHkrBGU,https://music.youtube.com/watch?v=0pd-OsZCQFw,https://music.youtube.com/watch?v=lF55PGL6c6Q,
5a8b229e-e9c4-58dc-aa0d-4d07f218753b,ee9020e4-b11b-5db9-b801-b3b9174c9cdb,7,Dil Dil Se Mila Kar Dekho (Male),Kishore Kumar,4.0,https://www.youtube.com/watch?v=rt7z-U3wGyM,https://music.youtube.com/watch?v=Vh8DP9bLkwk,https://music.youtube.com/watch?v=rt7z-U3wGyM,https://music.youtube.com/watch?v=rM7uZViqY60
2d0ba79e-c1d0-57cc-9c1c-bc9aaac5bd2e,3726b438-e4e3-5b08-bf6f-7c5aa6ea608f,5,Ae Raat Tere Sathi Hain Chand Aur Taare,Asha Bhosle,4.33,https://www.youtube.com/watch?v=wOOr-cqm1mA,https://music.youtube.com/watch?v=ZuGdUEd7Fk0,,
3bdeea68-2283-526c-955f-a138bc8bf430,441356fd-6ccf-51bd-bbfc-49ecef6f641a,6,Meri Neendon Mein Tum,"Shamshad Begum, Kishore Kumar",4.75,https://www.youtube.com/watch?v=mF-3pSi2n9o,https://music.youtube.com/watch?v=KWoEK2J8Dso,https://music.youtube.com/watch?v=LJvcB5wWDvU,https://music.youtube.com/watch?v=forktznUJJA
57d941b3-91da-5c9d-bfa9-00bebac26cc6,441356fd-6ccf-51bd-bbfc-49ecef6f641a,8,Yeh Raat Aashiqana Chhaya Samaa Suhana,"Asha Bhosle, Mohammed Rafi",4.0,https://www.youtube.com/watch?v=HcOKbrHKvcY,https://music.youtube.com/watch?v=UvqrVMKQ6ws,https://music.youtube.com/watch?v=aYo868qmAs4,https://music.youtube.com/watch?v=cAb7lEftuHs
fa305838-18e7-5e2e-8374-7eb53537e907,0138d1ac-a605-58c1-9426-1805518b6e4e,2,Milte Hi Nazar,Kishore Kumar,4.0,https://www.youtube.com/watch?v=PHiYN2xhyo0,https://music.youtube.com/watch?v=S-eRBXPB4Dc,https://music.youtube.com/watch?v=PHiYN2xhyo0,https://music.youtube.com/watch?v=t-QwJaofKnw
df283218-c71f-5086-8d0e-b8b76f608a03,0138d1ac-a605-58c1-9426-1805518b6e4e,5,Nakhrewali,Kishore Kumar,4.0,https://www.youtube.com/watch?v=EjAvFjqsViU,https://music.youtube.com/watch?v=0sUateKhu6Q,https://music.youtube.com/watch?v=axXU1TjPqh0,https://music.youtube.com/watch?v=Sm31bE6HxsQ
5d1dae7d-baaf-56fb-966a-26805fd0962f,1b737102-eddd-5611-9998-b380d278e125,1,Ja Tose Nahin Boloon Kanhaiya,"Lata Mangeshkar, Manna Dey",4.5,http://www.youtube.com/watch?v=7nyJFCFXLFk,https://music.youtube.com/watch?v=mG4RwVIqSCY,https://music.youtube.com/watch?v=K7gKrX6bsHQ,https://music.youtube.com/watch?v=uqVKV6nPHqg
13dc0e5f-cd2b-5f50-ac2c-c35d0db43b63,0946e28b-9fd3-59da-ac17-aca49579d2c1,7,Yeh Nayi Nayi Preet Hai,"Lata Mangeshkar, Talat Mahmood",4.0,http://www.youtube.com/watch?v=9ZE6UmaWVB8,https://music.youtube.com/watch?v=l27pjddOK8s,https://music.youtube.com/watch?v=XcJ00sRnYWg,https://music.youtube.com/watch?v=k22r8LVurA0
6fc21d5b-b772-5d18-bfe0-53744a1bd26a,29a3a43c-504f-5722-ab62-4bf6f86e1c8d,2,Ja Re Chandra Aur Kahin Ja Re,Lata Mangeshkar,4.33,https://www.youtube.com/watch?v=0nJb0EfhxrQ,https://music.youtube.com/watch?v=0nJb0EfhxrQ,https://music.youtube.com/watch?v=CTNsg-mz8Ys,https://music.youtube.com/watch?v=ejMcXjDolIo
2806fd99-df95-5b5f-9a96-ff53dda9da02,15777a4d-abda-57e8-b3bf-edeabd8387ad,5,Dil Jawan Hai Aarzoo Jawan (Duet),"Asha Bhosle, Talat Mahmood",4.0,http://www.youtube.com/watch?v=_uZFRrCeWZ8,https://music.youtube.com/watch?v=1RLLFfg9uY0,https://music.youtube.com/watch?v=15-rqBeeRLw,https://music.youtube.com/watch?v=R_rfxEgksUI
be8ed21f-4aaf-5ac7-936b-5c6f960540b6,126387ab-4d8d-5c67-a2ca-8bfd757f2708,2,Reh Reh Ke Dil Yeh Pukare,Asha Bhosle,4.0,https://www.youtube.com/watch?v=AtD4h7Mr5RI,https://music.youtube.com/watch?v=zWXhUV15YDc,https://music.youtube.com/watch?v=GT2LOrpfR2A,https://music.youtube.com/watch?v=PKNeWo65bbM
f9e0dff8-4441-5bed-a5d8-9fa50bcb62c2,126387ab-4d8d-5c67-a2ca-8bfd757f2708,5,Guzra Hua Zamana Aata Nahin Dubara Hafiz Khuda Tumhara,Lata Mangeshkar,4.0,https://www.youtube.com/watch?v=pf9ew0K3h1g,https://music.youtube.com/watch?v=7APK_k-jlP4,https://music.youtube.com/watch?v=H_am3wjSN6c,https://music.youtube.com/watch?v=QMlq6XGYZss
c8b9a836-62b3-53d9-9910-5107f0e2eb0b,6ac352bc-2061-5e56-b214-c5b3a82e2a01,1,Yahan Hum Wahan Tum,"Geeta Dutt, Mohammed Rafi",4.0,https://www.youtube.com/watch?v=hX2AfDhoL60,https://music.youtube.com/watch?v=VbU3ghYhPdQ,https://music.youtube.com/watch?v=kkOLZrnPF5U,https://music.youtube.com/watch?v=xJoQdAUG6yk
6638e852-2492-5625-9844-4b2042186ae9,94536a3e-7e0c-5f38-a53b-7a22e9d1f900,5,Eena Meena Deeka (Female),Asha Bhosle,4.6,https://www.youtube.com/watch?v=Y2XXeon6Vo4,https://music.youtube.com/watch?v=1EZtlwxvrKQ,https://music.youtube.com/watch?v=rY0Li5QtELQ,https://music.youtube.com/watch?v=CVClYZ5x-6g
a6790b9c-3031-5a1e-b1a3-6c3ed71a4b34,94536a3e-7e0c-5f38-a53b-7a22e9d1f900,6,Eena Meena Deeka (Male),Kishore Kumar,4.75,https://www.youtube.com/watch?v=Se1EZCE_zLo,https://music.youtube.com/watch?v=FVB8o3ISyaM,https://music.youtube.com/watch?v=rY0Li5QtELQ,https://music.youtube.com/watch?v=2xKB_Th0Vzg
46d4e850-ff89-5f95-b487-b58d461c4a71,5d7acce0-bae0-569e-ba5f-cb120eecbbce,1,Maalik Tere Jahan Mein,Sudha Malhotra,4.33,https://www.youtube.com/watch?v=eTDLJXKLDZw,https://music.youtube.com/watch?v=eexgMPqu89k,https://music.youtube.com/watch?v=2qOfZsEXDf8,https://music.youtube.com/watch?v=6Wu5lakdJQ8
d3c92166-368b-55dd-9a84-05a9066f98d8,dfa2a97b-239b-54a4-b977-29462069a639,7,Phir Wahi Chand Wahi Hum Wahi Tanhai Hai,"Lata Mangeshkar, Chitalkar",4.25,http://www.youtube.com/watch?v=ayrJfNGoul0,https://music.youtube.com/watch?v=p9V9SG-DRGA,https://music.youtube.com/watch?v=PninKRDaMA0,
e5dd5d79-f489-51dd-bb69-58e33446e9da,dfa2a97b-239b-54a4-b977-29462069a639,9,Yeh Arzoo Thi Kabhi Hum Bahaar Dekhenge,Lata Mangeshkar,4.0,https://www.youtube.com/watch?v=aqJpUE21vzI,https://music.youtube.com/watch?v=186swlfpYPg,https://music.youtube.com/watch?v=aqJpUE21vzI,https://music.youtube.com/watch?v=BSJRwffoTCk
42fd4a6d-d2b2-566e-86a5-3569b9f889f7,b4e6f2a0-0189-57c2-a12f-442fcc633dc4,1,Chal Ud Ja Re Panchhi - I,Mohammed Rafi,4.5,https://www.youtube.com/watch?v=1acRdIRjPTA,https://music.youtube.com/watch?v=ONxUATDzS3A,https://music.youtube.com/watch?v=lscS_eej2JE,https://music.youtube.com/watch?v=iVlwti6iVGE
a091e351-01bd-52ef-bb6a-0c175956aac5,b4e6f2a0-0189-57c2-a12f-442fcc633dc4,9,Chal Ud Ja Re Panchhi - II,Mohammed Rafi,4.0,http://www.youtube.com/watch?v=HyUP1NwVj4U,https://music.youtube.com/watch?v=ONxUATDzS3A,https://music.youtube.com/watch?v=lscS_eej2JE,https://music.youtube.com/watch?v=iVlwti6iVGE
a4c6ba59-26a3-52bd-be72-4954d58e71d9,33e207b7-b168-50e9-82ad-1602e83e5255,7,Chhup Gaya Koi Re Door Se Pukar Ke,Lata Mangeshkar,4.5,http://www.youtube.com/watch?v=xlX12YK3M8I,https://music.youtube.com/watch?v=yGmPL_IVuAk,https://music.youtube.com/watch?v=3aFWgH6oyWY,https://music.youtube.com/watch?v=oKdzi1YxgcI
d62ebf5e-3007-5700-80f6-a9b413438682,1e31420d-7fb7-52c1-b18f-a51fcf0cd3ad,2,Kaun Aaya Mere Man Ke Dware,Manna Dey,4.8,https://www.youtube.com/watch?v=3w33Weqynfo,https://music.youtube.com/watch?v=mMD2V-3WYk4,https://music.youtube.com/watch?v=JGdwt1Z2y-0,https://music.youtube.com/watch?v=hl3aTWMHz7I
1970f25d-4fc6-5aab-b9e6-6545924c6235,1e31420d-7fb7-52c1-b18f-a51fcf0cd3ad,4,Hum Panchhi Mastane,"Lata Mangeshkar, Geeta Dutt, Seeta Agarwal",4.33,https://www.youtube.com/watch?v=HtlaxvKvkvg,https://music.youtube.com/watch?v=AVBMrh6_rvU,https://music.youtube.com/watch?v=vlE1oL9jRys,https://music.youtube.com/watch?v=LmsNLIbu4HM
a70d5b51-40cb-572f-9c5d-39be0a77a2b9,1e31420d-7fb7-52c1-b18f-a51fcf0cd3ad,6,Humse Aaya Na Gaya Tumse Bulaya Na Gaya,Talat Mahmood,4.4,https://www.youtube.com/watch?v=3keJVnjwlFo,https://music.youtube.com/watch?v=6k3bhfkjLI4,https://music.youtube.com/watch?v=Ms4Zk51Ajvc,https://music.youtube.com/watch?v=COJ4fmh13m4
5fb66a90-56af-5186-bdee-7ce3c7e42e5c,1e31420d-7fb7-52c1-b18f-a51fcf0cd3ad,7,Meri Veena Tum Bin Roye,Lata Mangeshkar,4.33,https://www.youtube.com/watch?v=7SIWWFCA7xc,https://music.youtube.com/watch?v=3OE7-MgKCdg,https://music.youtube.com/watch?v=7SIWWFCA7xc,https://music.youtube.com/watch?v=wE17lrJiZ-0
85215706-4bf4-5d2c-8904-49f98e213fa7,b80f55fc-398c-519f-ae97-b5c3f5f6aade,1,Ae Malik Tere Bande Hum  (Male),V. Shantaram,4.33,https://www.youtube.com/watch?v=HXw51e82784,https://music.youtube.com/watch?v=WxsvWFSZVh0,https://music.youtube.com/watch?v=uAkolVl7j9Y,https://music.youtube.com/watch?v=YmYFRNXrPdk
c7ce9b45-bd25-5e17-b177-411e9c75db5d,b80f55fc-398c-519f-ae97-b5c3f5f6aade,6,Ae Malik Tere Bande Hum (Female),Lata Mangeshkar,4.5,https://www.youtube.com/watch?v=RL378uiSy-Y,https://music.youtube.com/watch?v=2rToSXz0KHc,https://music.youtube.com/watch?v=f3pelbm0fhE,https://music.youtube.com/watch?v=uAkolVl7j9Y
2110720d-49ef-5d4f-b286-220e8f35afe9,855967d6-c768-5331-9079-751fb38cdfeb,3,Yeh Hansta Hua Karvaan Zindagi Ka,"Asha Bhosle, Hemant Kumar",4.0,https://www.youtube.com/watch?v=8TVPnc6AJR8,https://music.youtube.com/watch?v=RaGZIrd2DuU,https://music.youtube.com/watch?v=ziyGDiScWC8,https://music.youtube.com/watch?v=VomBTotzCGo
5448c77c-274c-5861-ae15-f4f851ad9215,855967d6-c768-5331-9079-751fb38cdfeb,6,Yeh Hawa Yeh Fiza Yeh Raat Hai,Lata Mangeshkar,4.0,https://www.youtube.com/watch?v=WlxYrZWFPjY,https://music.youtube.com/watch?v=6-_y0E20kn0,https://music.youtube.com/watch?v=qRaQHaQRM7g,https://music.youtube.com/watch?v=kxBpvq3DTDw
4c792a67-e9a0-5bdf-9b6d-9dd5e342060a,ed3c6473-465a-5ad4-bd85-c522d2dbec6b,8,Do Ghadi Woh Jo Paas Aa Baithe,"Mohammed Rafi, Lata Mangeshkar",4.33,https://www.youtube.com/watch?v=pl9H5bRMZ2E,https://music.youtube.com/watch?v=tsggHZ_A0ns,https://music.youtube.com/watch?v=uoVX_QHexZQ,https://music.youtube.com/watch?v=b2Q8B2jLvVM
38e90f82-4e7d-55aa-b5bf-ab4e5fb9f190,1e085110-88fa-5506-9ac0-5beb12e3b478,6,Rooth Ke Tum Toh Chal Diye,Lata Mangeshkar,4.0,https://www.youtube.com/watch?v=JGT5iyFOnRY,https://music.youtube.com/watch?v=KNKSDzKQu80,https://music.youtube.com/watch?v=YTLbD0WpFTY,https://music.youtube.com/watch?v=OjhusfvSrxM
371b9118-8127-503d-92c0-cb4762420b64,a3bad2cc-b988-5c08-adcf-8e7a97bf4394,7,Zara Saamne Toh Aa O Chhaliye,"Lata Mangeshkar, Mohammed Rafi",4.33,https://www.youtube.com/watch?v=nasvsYpo2H0,https://music.youtube.com/watch?v=mZAx5SNOgXk,https://music.youtube.com/watch?v=nbwJ4gN1rLs,https://music.youtube.com/watch?v=ykaOxr0J6Dc
553859e1-214d-5e86-89c8-0b16dc5125d1,c6493777-bdc7-5879-ab5a-f4b1b330d86f,6,Aa Dil Ki Baazi Laga,Geeta Dutt,4.0,https://www.youtube.com/watch?v=6qzOZRaEwTY,https://music.youtube.com/watch?v=6qzOZRaEwTY,https://music.youtube.com/watch?v=_aBjfuRDkDU,
b18f00c7-e0ab-571d-8c3a-42ed8df7c0bb,566e839a-72b2-5d40-abf4-7f85ca95a919,4,Thandi Thandi Hawa Poochhe Unka Pata,"Asha Bhosle, Geeta Dutt",4.0,https://www.youtube.com/watch?v=A9XrO3F9Ji8,https://music.youtube.com/watch?v=IRP5Jq2wjP4,https://music.youtube.com/watch?v=3hUvd9Mc50I,https://music.youtube.com/watch?v=lDNSTtcpZD8
370b4105-0e65-5130-994a-417ac1bd3508,a33aee6e-a66a-5769-b6dd-67ee96e282b4,1,Bol Ri Kathputli Dori Kaun Sang Baandhi - I,Lata Mangeshkar,4.0,https://www.youtube.com/watch?v=FHzz9SSo2Rw,https://music.youtube.com/watch?v=iPlCMRHT3oQ,https://music.youtube.com/watch?v=FHtxxXcBCEg,https://music.youtube.com/watch?v=pRhZgkUlBoQ
009648e8-cea3-5ae3-9063-916fe58a6868,1e5b7f47-7666-5b34-99f1-cf75399992c4,8,O Raat Ke Musafir Chanda Zara Bata De,"Lata Mangeshkar, Mohammed Rafi",4.0,https://www.youtube.com/watch?v=xtel91wtlHQ,https://music.youtube.com/watch?v=yG3xck86O5s,https://music.youtube.com/watch?v=kOjZBTNnEcE,https://music.youtube.com/watch?v=rUAEFAXcVFg
cac1d58d-0d71-5338-b747-674cfdfece0b,210b6a02-b078-53f1-8578-469b75553313,5,Duniya Mein Hum Aaye Hain To Jeena Hi Padega,"Lata Mangeshkar, Meena Mangeshkar, Usha Mangeshkar",4.0,https://www.youtube.com/watch?v=RjYhUk6M0iM,https://music.youtube.com/watch?v=DOjQVjxWTbQ,https://music.youtube.com/watch?v=ntYvYbwmonc,https://music.youtube.com/watch?v=SEJDtL2ohQY
7707b2cc-ced6-5319-a698-cf93b6e0df50,5dc999d7-6f2f-5813-9fdc-4ab5fb449c25,3,Kitna Hasin Hai Jahan Jadoo Bhara Hai Sama,Asha Bhosle,4.33,https://www.youtube.com/watch?v=48J5ByBex08,https://music.youtube.com/watch?v=48J5ByBex08,https://music.youtube.com/watch?v=-vMGsFktx-Q,https://music.youtube.com/watch?v=aYjvBj75v4Q
f66c1109-26c9-5e4c-a634-6a8b63781832,718030dc-a2cb-5ce0-af99-8d63174ef266,5,Laagi Naahi Chhoote Ram (Part I),"Dilip Kumar, Lata Mangeshkar",4.0,http://www.youtube.com/watch?v=uXLXIs2Sx8k,https://music.youtube.com/watch?v=eKgVMdMea-Q,https://music.youtube.com/watch?v=DC8Rg7OzscA,https://music.youtube.com/watch?v=9zN41JkHmd4
bf5f3882-5a49-569c-8fb3-76676afc177a,d7224419-17dd-5cdf-80ed-1c598c1ffbe9,8,Pinjre Ke Panchhi Re Tera Dard Na Jane Koy,Kavi Pradeep,5.0,https://www.youtube.com/watch?v=G4ogBHtZhJY,https://music.youtube.com/watch?v=G4ogBHtZhJY,https://music.youtube.com/watch?v=Fc0IrT8nQwQ,
e3d6a87d-7a0a-5aab-bb37-5c27bd9ee1c9,7a16760e-9ca4-5503-9085-fc0282cd6bb1,5,Darshan Do Ghanshyam,"Hemant Kumar, Sudha Malhotra, Manna Dey",4.0,https://www.youtube.com/watch?v=lbZe18pJ8U0,https://music.youtube.com/watch?v=E8_CD_XLIFY,https://music.youtube.com/watch?v=atvMDVIb9a4,https://music.youtube.com/watch?v=0UYtyMXwEuo
1582dfaf-3587-57b9-98cb-16eb5836077a,a4b2f47e-7b59-5b26-9ad0-e2cb736fb05f,1,Hum Hain Raahi Pyar Ke,Kishore Kumar,4.92,https://www.youtube.com/watch?v=CpGGMvcYh3A,https://music.youtube.com/watch?v=eHRlFQB0S8M,https://music.youtube.com/watch?v=CpGGMvcYh3A,https://music.youtube.com/watch?v=bDTKe2MwZG8
e2e5ae95-6267-50f4-bd02-4b34dc811294,a4b2f47e-7b59-5b26-9ad0-e2cb736fb05f,2,Kali Ke Roop Mein,"Mohammed Rafi, Asha Bhosle",4.0,https://www.youtube.com/watch?v=ftWgK010glM,https://music.youtube.com/watch?v=SXGXttOtlvE,https://music.youtube.com/watch?v=C044TqHrhWY,https://music.youtube.com/watch?v=vuTBEVsZPVQ
92b6ae2e-8884-5af3-98c0-39c7870e5757,a4b2f47e-7b59-5b26-9ad0-e2cb736fb05f,3,Aankhon Mein Kya Ji,"Kishore Kumar, Asha Bhosle",5.0,https://www.youtube.com/watch?v=B3DZPwsSOr0,https://music.youtube.com/watch?v=pJVZfSBy2KM,https://music.youtube.com/watch?v=-wAP0QXKe70,https://music.youtube.com/watch?v=f5DG-I71hB8
25678d63-20c0-5f74-85ee-b49285c1b2bb,a4b2f47e-7b59-5b26-9ad0-e2cb736fb05f,4,Aaja Panchhi Akela Hai,"Mohammed Rafi, Asha Bhosle",4.75,https://www.youtube.com/watch?v=jR8kHh0jjis,https://music.youtube.com/watch?v=J3-qDvLluy0,https://music.youtube.com/watch?v=uab6HhEB1Cw,https://music.youtube.com/watch?v=XlQp1qbW0sc
64d14b08-df73-56b6-b586-dc6e56168871,a4b2f47e-7b59-5b26-9ad0-e2cb736fb05f,5,Kya Ho Phir Jo Din Rangeela Ho,"Asha Bhosle, Geeta Dutt",4.0,https://www.youtube.com/watch?v=perdoTa4Zhc,https://music.youtube.com/watch?v=perdoTa4Zhc,https://music.youtube.com/watch?v=RA--zNraTdw,https://music.youtube.com/watch?v=lHkSTd-QNVs
a5397ab1-e62f-5c3b-9f23-d6212361887a,a4b2f47e-7b59-5b26-9ad0-e2cb736fb05f,6,Dhalki Jaye Chundariya Hamari,Asha Bhosle,4.5,https://www.youtube.com/watch?v=zV9cFF8v9Gs,https://music.youtube.com/watch?v=UJFTug1ZUnk,https://music.youtube.com/watch?v=CWrHE-0UavA,https://music.youtube.com/watch?v=R_OWMJps9xs
d638aa2b-2239-5e0e-83ce-be2b1a909a3a,4b520278-7b99-5e03-9597-171adb3e9819,3,Bheeni Bheeni Hai Meethi Meethi Hai,Lata Mangeshkar,4.0,https://www.youtube.com/watch?v=4U3dIdLTXmQ,https://music.youtube.com/watch?v=i-EGI1ohAg4,https://music.youtube.com/watch?v=hICAdIuNads,https://music.youtube.com/watch?v=51YL27XLJvc
07e8894f-d61f-5235-81d5-2818cbc47599,47cfed95-c91d-57e7-88f3-0f9b7a78979a,6,Maang Ke Saath Tumhara,"Mohammed Rafi, Asha Bhosle",4.5,https://www.youtube.com/watch?v=SlvqNGf_DxM,https://music.youtube.com/watch?v=Cz5RBqLeC-M,https://music.youtube.com/watch?v=8qjuMyuTr4s,https://music.youtube.com/watch?v=16XQitqWty4
4a67e013-699e-53c1-9ca3-6b3fec87bbf6,47cfed95-c91d-57e7-88f3-0f9b7a78979a,7,Uden Jab Jab Zulfen Teri,"Mohammed Rafi, Asha Bhosle",4.0,https://www.youtube.com/watch?v=Hr6SAJ5CfYc,https://music.youtube.com/watch?v=dei7DI97OUY,https://music.youtube.com/watch?v=uRuanDoYuYk,https://music.youtube.com/watch?v=xdh0VaKi2jQ
4af0ed34-804f-5875-8e1a-4468fa0c7387,47cfed95-c91d-57e7-88f3-0f9b7a78979a,8,Saathi Haath Badhana,"Mohammed Rafi, Asha Bhosle",4.0,https://www.youtube.com/watch?v=wYiZrYFIRR8,https://music.youtube.com/watch?v=rZbq9wRvaXM,https://music.youtube.com/watch?v=mXh1pdRxnCA,https://music.youtube.com/watch?v=zWNG4L6MOVk
0f7f5bdf-e09b-5a25-8b7d-717460c7fcab,020a41b9-a061-5891-a155-2e5581ca8a90,3,Rasiya Re Man Basiya Re,Meena Kapoor,4.0,https://www.youtube.com/watch?v=o9n-ynPAHDk,https://music.youtube.com/watch?v=vGBs_Bf9_JM,https://music.youtube.com/watch?v=Un-lLDqfH8w,https://music.youtube.com/watch?v=p-JCdV_82mw
66a1be89-d87e-5362-aacc-a3f871f2e7d0,7fe08ef1-5fcb-518f-bea8-17e5d7739418,1,Maana Janaab Ne Pukara Nahin,Kishore Kumar,5.0,http://www.youtube.com/watch?v=kT3WKSb1q_Q,https://music.youtube.com/watch?v=1ZCwrh7UKcI,https://music.youtube.com/watch?v=bCHYqa-9G6k,https://music.youtube.com/watch?v=JNduCJxr9tc
dec0ab81-c423-5926-a3e1-3eb7fc40b56c,7fe08ef1-5fcb-518f-bea8-17e5d7739418,3,Chhod Do Aanchal Zamana Kya Kahega,"Kishore Kumar, Asha Bhosle",5.0,http://www.youtube.com/watch?v=SuMgYRG3vPU,https://music.youtube.com/watch?v=oXDuppoIrYA,https://music.youtube.com/watch?v=QUyFoyHT8s8,https://music.youtube.com/watch?v=gD6xh4z1a2s
d84388f9-16e2-53f4-87b6-8dbab504a890,7fe08ef1-5fcb-518f-bea8-17e5d7739418,4,O Nigahen Mastana ,"Kishore Kumar, Asha Bhosle",4.75,http://www.youtube.com/watch?v=xv1Bu7nSmmY,https://music.youtube.com/watch?v=hAM5ZlF2jX0,,
204d1811-b1ed-5418-94cc-c776f20affe4,7fe08ef1-5fcb-518f-bea8-17e5d7739418,5,Haye Haye Haye Yeh Nigahein,Kishore Kumar,4.67,http://www.youtube.com/watch?v=3EoQ0XqOp3s,https://music.youtube.com/watch?v=RYPV-_9b5uU,https://music.youtube.com/watch?v=3EoQ0XqOp3s,https://music.youtube.com/watch?v=JbVYIbNJqCU
9606af14-314f-536a-b63c-d6e2aafe5ff6,7fe08ef1-5fcb-518f-bea8-17e5d7739418,6,Chand Phir Nikla Magar Tum Na Aaye,Lata Mangeshkar,5.0,http://www.youtube.com/watch?v=ii8D7gNn318,https://music.youtube.com/watch?v=i21C1LY7HzA,https://music.youtube.com/watch?v=Nj7oDk4ldFU,https://music.youtube.com/watch?v=3pKjgedjdOQ
ed8dc38e-8306-5fb8-b5a9-530e1936c032,7fe08ef1-5fcb-518f-bea8-17e5d7739418,7,Chupke Chupke Rukte Rukte Maine Dekha Tune Dekha,Lata Mangeshkar,4.0,http://www.youtube.com/watch?v=ejerRIRkB1k,https://music.youtube.com/watch?v=VnrDKHCAMzg,https://music.youtube.com/watch?v=P-nHiyMs9is,
0ac473db-5742-5f6a-b108-e1559ca4de07,c954d4ed-11d2-52d3-bd38-75da19169f96,1,Jane Kya Tune Kahi Jane Kya Maine Suni,Geeta Dutt,5.0,http://www.youtube.com/watch?v=mLGCAGHNTJU,https://music.youtube.com/watch?v=UVx0srwVb3U,https://music.youtube.com/watch?v=CI6bML9UZNM,https://music.youtube.com/watch?v=Udj9tRkj7y8
708baf4f-6492-5a6d-96d5-79ac3acb2b83,c954d4ed-11d2-52d3-bd38-75da19169f96,2,Sar Jo Tera Chakraye,Mohammed Rafi,4.5,http://www.youtube.com/watch?v=rJiohcg-gKo,https://music.youtube.com/watch?v=9eXFwBLM5x8,https://music.youtube.com/watch?v=rJiohcg-gKo,https://music.youtube.com/watch?v=Ha_2mtLLK4A
577cc484-6451-566a-91ea-c53ad54e71b9,c954d4ed-11d2-52d3-bd38-75da19169f96,3,Hum Aap Ki Aankhon Mein Is Dil Ko Basa Den To,"Mohammed Rafi, Geeta Dutt",4.83,http://www.youtube.com/watch?v=vBTcsTd2kF0,https://music.youtube.com/watch?v=nzBrdIZ8ur8,https://music.youtube.com/watch?v=UAlfzC1AEJM,https://music.youtube.com/watch?v=suwo7X1Ok_o
b841a0a1-4e3a-5828-9ba8-8476b60b009e,c954d4ed-11d2-52d3-bd38-75da19169f96,4,Jane Woh Kaise Log The Jinke Pyar Ko Pyar Mila,Hemant Kumar,4.56,http://www.youtube.com/watch?v=EhDCAmXKBBs,https://music.youtube.com/watch?v=HsroKFDGr_0,https://music.youtube.com/watch?v=EhDCAmXKBBs,https://music.youtube.com/watch?v=6MoZcTcERB8
127f5373-c92b-5bf4-9bbf-ec8aade6cabf,c954d4ed-11d2-52d3-bd38-75da19169f96,5,Aaj Sajan Mohe Ang Laga Lo,Geeta Dutt,4.33,https://www.youtube.com/watch?v=7BD9SvJXrkw,https://music.youtube.com/watch?v=488z4VTdBjs,https://music.youtube.com/watch?v=AXItyNV06PU,https://music.youtube.com/watch?v=TlLeM7wZeSs
cc5e9809-cea3-5117-ae27-98275b5246d3,c954d4ed-11d2-52d3-bd38-75da19169f96,6,Jinhen Naaz Hai Hind Par Wo Kahan Hain,Mohammed Rafi,4.8,http://www.youtube.com/watch?v=3ta4BmumQKc,https://music.youtube.com/watch?v=S5qnXQFmrxg,https://music.youtube.com/watch?v=DQW6D6yoehU,https://music.youtube.com/watch?v=j9PPyNMGJUw
28209ee2-73bd-55bd-a44c-1f21eaddbafb,c954d4ed-11d2-52d3-bd38-75da19169f96,7,Yeh Duniya Agar Mil Bhi Jaye To Kya Hai,Mohammed Rafi,4.94,http://www.youtube.com/watch?v=7Z6Lr0JYAro,https://music.youtube.com/watch?v=PiQyK1xpvIs,https://music.youtube.com/watch?v=WHXyvPH6cmw,https://music.youtube.com/watch?v=o0cmUYcNAAE
9f53977f-29d6-5df7-a48e-e6a8553193a8,c954d4ed-11d2-52d3-bd38-75da19169f96,10,Tang Aa Chuke Hain Kashmakash-E-Zindagi Se Hum,Mohammed Rafi,4.33,http://www.youtube.com/watch?v=_wGlInTcjW4,https://music.youtube.com/watch?v=-Og6sHkmBxE,https://music.youtube.com/watch?v=Yu0D75Rc-zQ,https://music.youtube.com/watch?v=n0UFvi0bGj0
112a3677-7c89-539f-ac12-b1d51f50b23e,193a0257-7378-5f76-90bc-1c3d5833b498,6,Chain Nahin Aaye Kahan Dil Jaaye,Lata Mangeshkar,4.4,https://www.youtube.com/watch?v=II5KhGtOov8,https://music.youtube.com/watch?v=8gyGlUwvtSw,https://music.youtube.com/watch?v=jXs_0SWtW6Y,https://music.youtube.com/watch?v=Y5v28jz__aI
0ed6e56d-99a1-54a3-b85b-eff47b84791b,97ba1456-d1f2-5119-aa98-83039a0950e9,2,O Chand Jahaan Woh Jaayen,"Lata Mangeshkar, Asha Bhosle",4.33,https://www.youtube.com/watch?v=uXmKpud3Abw,https://music.youtube.com/watch?v=WlA6nvmW1Vg,https://music.youtube.com/watch?v=k2Cdu2Tq18k,https://music.youtube.com/watch?v=TYxifE-oYC8
abc6aad4-befc-5c22-8475-430e3d66a707,2a9bf13a-b83d-5a9e-a12e-1b5735fc4ae1,1,Jawaniyan Yeh Mast Mast Bin Piye,Mohammed Rafi,4.5,https://www.youtube.com/watch?v=eWvUeEfSDd0,https://music.youtube.com/watch?v=YzFwz3-37Us,https://music.youtube.com/watch?v=6IcwY_KQVsg,https://music.youtube.com/watch?v=C8Vu3uAExiI
8f2ad3b1-3da4-5e31-9a35-7eefb09c770f,2a9bf13a-b83d-5a9e-a12e-1b5735fc4ae1,2,Tumsa Nahin Dekha,Mohammed Rafi,4.75,https://www.youtube.com/watch?v=XuWZvyFTg2Y,https://music.youtube.com/watch?v=Cd1eCRyOIFs,https://music.youtube.com/watch?v=XzbGMM3HC0U,https://music.youtube.com/watch?v=epP8owgj1II
4c6062a3-d48b-55ac-bf03-56d61fc67652,2a9bf13a-b83d-5a9e-a12e-1b5735fc4ae1,3,Chhupnewale Saamne Aa,Mohammed Rafi,4.0,http://www.youtube.com/watch?v=wAusUy6wyOE,https://music.youtube.com/watch?v=baTEWfbbjig,https://music.youtube.com/watch?v=kk-TvYm4BSc,https://music.youtube.com/watch?v=iyuieMJfqys
9e17e865-46da-525d-8a53-9b203d615000,2a9bf13a-b83d-5a9e-a12e-1b5735fc4ae1,4,Aaye Hain Door Se Milne Huzoor Se,"Mohammed Rafi, Asha Bhosle",4.0,https://www.youtube.com/watch?v=fcf1e6o-Qi8,https://music.youtube.com/watch?v=J9NkqXY0E0Q,https://music.youtube.com/watch?v=LkVW3pMuYHw,https://music.youtube.com/watch?v=vjdjSCgfb0E
cd6a5fd4-0721-5e62-88af-e8d242e680c9,2a9bf13a-b83d-5a9e-a12e-1b5735fc4ae1,5,Dekho Kasam Se Kehte Hain,"Mohammed Rafi, Asha Bhosle",4.67,http://www.youtube.com/watch?v=vBpIDOSp8hg,https://music.youtube.com/watch?v=kNsgpbvdYt8,https://music.youtube.com/watch?v=vBpIDOSp8hg,https://music.youtube.com/watch?v=l8OBdVkMT4g
40c35326-d67a-527e-8115-f6272deb5c1d,2a9bf13a-b83d-5a9e-a12e-1b5735fc4ae1,6,Sar Par Topi Lal,"Mohammed Rafi, Asha Bhosle",4.0,https://www.youtube.com/watch?v=3hAX4kwdxNE,https://music.youtube.com/watch?v=zJW8EhK3zQc,https://music.youtube.com/watch?v=MwobIXSBjqE,https://music.youtube.com/watch?v=yQT5iDUkQuY
9b121795-5e64-5eb9-8b6a-63e501411708,d18518db-b18b-56ee-8661-b9eb98a8181e,6,Chale Bajaate Seeti Jeevan Ki Raahon Mein,"Asha Bhosle, Anil Biswas",4.0,https://www.youtube.com/watch?v=xJYYFIFXSqg,https://music.youtube.com/watch?v=Qgf_52OzWnc,https://music.youtube.com/watch?v=BpxB532hyV8,https://music.youtube.com/watch?v=Tiy8iFlxD30
9bacd615-1260-57db-abc9-be2d2328c0c7,9457d6a2-31f2-585d-9f15-f3dd4e8d3752,3,Kaisa Jaadoo Balam Tune Daara,Geeta Dutt,4.0,https://www.youtube.com/watch?v=h3UDBFmMCT4,https://music.youtube.com/watch?v=Zco7SCRuECY,https://music.youtube.com/watch?v=PXEHyZGnnWo,https://music.youtube.com/watch?v=J2p5h8FoYWQ
489d5935-0cd8-57a2-adfc-a7f5a8113de7,9457d6a2-31f2-585d-9f15-f3dd4e8d3752,4,Tum Jo Hue Mere Humsafar,"Mohammed Rafi, Geeta Dutt",4.83,https://www.youtube.com/watch?v=46gfs7reBCQ,https://music.youtube.com/watch?v=glGeLwt2hwI,https://music.youtube.com/watch?v=MeueLZUmQ6A,https://music.youtube.com/watch?v=1owHPuotf7w
42112410-91aa-5491-9b9f-661db41d30e4,cb38a111-47e8-59ff-95fd-ccae526a0a52,2,Tujhe Kya Sunaoon Main Dilruba,Mohammed Rafi,4.0,http://www.youtube.com/watch?v=6UAD7gUJEKE,https://music.youtube.com/watch?v=LJ8m-UUz-7U,https://music.youtube.com/watch?v=6UAD7gUJEKE,https://music.youtube.com/watch?v=YuW7NrTGzfw
0c7e5187-8df6-54c7-aa56-55eefcca2647,cb38a111-47e8-59ff-95fd-ccae526a0a52,4,Haye Unki Woh Nigahen Dil Dekhe Jinki Raahen,Asha Bhosle,4.33,http://www.youtube.com/watch?v=I66cqXXrNbM,https://music.youtube.com/watch?v=KoFp8unfMqM,https://music.youtube.com/watch?v=LmbjtGCi70M,
9a2046ee-41ab-54a8-a08a-64f4d8610b77,0bfd4fb2-d7c3-5061-8022-264c3c1b8e65,3,Zamin Se Hamen Aasman Par,"Mohammed Rafi, Asha Bhosle",4.75,https://www.youtube.com/watch?v=9zHbMQWRJTg,https://music.youtube.com/watch?v=0elFD7YxxnU,https://music.youtube.com/watch?v=VA-vFcyJqgc,https://music.youtube.com/watch?v=XqfhoqqIcaQ
0d332f55-f39d-5ccd-96a4-6c9a4238fa3b,0bfd4fb2-d7c3-5061-8022-264c3c1b8e65,4,Jaana Tha Humse Door,Lata Mangeshkar,4.25,https://www.youtube.com/watch?v=kDrtxRif8k8,https://music.youtube.com/watch?v=x5FCzOoZylU,https://music.youtube.com/watch?v=Lu3oSenb4WI,https://music.youtube.com/watch?v=pvwC9c81esY
71445938-7b73-5ae8-bac3-cf41467242ef,0bfd4fb2-d7c3-5061-8022-264c3c1b8e65,5,Yun Hasraton Ke Dagh Mohabbat Mein Dho Liye,Lata Mangeshkar,4.8,https://www.youtube.com/watch?v=i0XYKC2YQ9w,https://music.youtube.com/watch?v=eUY1uKlGO6E,https://music.youtube.com/watch?v=4LOUUI7J-JY,https://music.youtube.com/watch?v=JP2vWqb0TMA
d0ea05cc-05ea-5b01-a8ca-0735e8bf123f,0bfd4fb2-d7c3-5061-8022-264c3c1b8e65,7,Unko Yeh Shikayat Hai Ki Hum Kuch Nahin Kahte,Lata Mangeshkar,4.75,https://www.youtube.com/watch?v=g78X1OMFcb0,https://music.youtube.com/watch?v=d1pw7_Ua1Fs,https://music.youtube.com/watch?v=60WXPWBK55w,https://music.youtube.com/watch?v=OQrmfr6_YAM
b517a07a-db54-5cdf-bbc2-578546d6e367,ee27afdc-397c-5325-babc-88fe47a3965d,6,Saari Saari Raat Teri Yaad Sataaye,Lata Mangeshkar,4.33,https://www.youtube.com/watch?v=yWgPx_Br5Hg,https://music.youtube.com/watch?v=FaEOBkMkyuk,https://music.youtube.com/watch?v=PNNSZXqposk,https://music.youtube.com/watch?v=ukAkGpboCTI
2ed2dbae-f5b5-5100-8352-a941c7454451,074aab7f-439b-5622-943c-9900b9448d2b,5,Hamen To Loot Liya Milke Husn Walon Ne (Part 1),Ismail Azad Qawwal,4.0,https://www.youtube.com/watch?v=IGWNezMNC2g,https://music.youtube.com/watch?v=SWo3fCtrZE8,https://music.youtube.com/watch?v=YUr0zsqtNPY,https://music.youtube.com/watch?v=glDU0x0p4zo
26524608-01c5-5f23-91d0-f7732c9c7c6b,58353995-d333-513b-8e4e-79bf2bd88fdb,1,Babu Samjho Ishare Horn Pukar Pam Pam Pam,"Kishore Kumar, Manna Dey",4.0,https://www.youtube.com/watch?v=xlbAlfzIPo0,https://music.youtube.com/watch?v=RhWE355hb2Q,https://music.youtube.com/watch?v=PZv5ZjDcs2o,https://music.youtube.com/watch?v=gBBgBnmb7Y8
17eb8644-3300-5073-9434-fe973beba061,58353995-d333-513b-8e4e-79bf2bd88fdb,2,Ek Ladki Bheegi Bhaagi Si,Kishore Kumar,4.8,https://www.youtube.com/watch?v=mxYNdy-0CEs,https://music.youtube.com/watch?v=kBKA3g8WTuE,https://music.youtube.com/watch?v=DoDlXaPKWY4,https://music.youtube.com/watch?v=cu-UwiKB4KM
08fa61b3-dd1d-566a-81d5-472c6a300ccb,58353995-d333-513b-8e4e-79bf2bd88fdb,3,Main Sitaron Ka Tarana (Paanch Rupaiya Barah Aana),"Kishore Kumar, Asha Bhosle",4.5,https://www.youtube.com/watch?v=Ob56hsABMts,https://music.youtube.com/watch?v=cYBjIhtqVAo,https://music.youtube.com/watch?v=XPhZ2yXxJTc,https://music.youtube.com/watch?v=LmOuv8156sg
a866347f-27b5-55ba-bc24-805d538c2ebb,58353995-d333-513b-8e4e-79bf2bd88fdb,4,Hum The Woh Thi Aur Sama Rangeen Samajh Gaye Na,Kishore Kumar,4.67,https://www.youtube.com/watch?v=k7S79fOgikc,https://music.youtube.com/watch?v=4ivELflXTxs,,
a3e53e52-082e-5fee-ae12-6234e5c44344,58353995-d333-513b-8e4e-79bf2bd88fdb,6,Haal Kaisa Hai Janab Ka,"Asha Bhosle, Kishore Kumar",5.0,https://www.youtube.com/watch?v=bFPDaDoruTY,https://music.youtube.com/watch?v=KbYp97TXdBc,https://music.youtube.com/watch?v=TEO1Pvwdl3Y,https://music.youtube.com/watch?v=I5y7bGZVSOE
c295ac23-263d-502a-a446-034dd1a8a915,8da6a87a-6063-55a5-b168-cf167d0d353f,6,Mujh Ko Tum Jo Mile Yeh Jahan Mil Gaya (Duet),"Geeta Dutt, Hemant Kumar",4.0,https://www.youtube.com/watch?v=x7IX8NaLb0I,https://music.youtube.com/watch?v=aeUbVhYiBE4,https://music.youtube.com/watch?v=r_AKKWy4ayg,
2f564a65-ade3-59ad-a6cd-831edbb53fd3,c218829a-587d-549e-b716-579cd3cdd388,7,C A T Cat Cat Maane Billi,"Kishore Kumar, Asha Bhosle",4.0,https://www.youtube.com/watch?v=cYwowBIQcxo,https://music.youtube.com/watch?v=kSY4vYRtcQw,https://music.youtube.com/watch?v=Eu3sD3kYLfw,https://music.youtube.com/watch?v=cQ-mvs4vpTs
6c54dd03-4274-5189-94a0-d3705878f557,c218829a-587d-549e-b716-579cd3cdd388,8,Yeh Raaten Yeh Mausam Nadi Ka Kinara,"Kishore Kumar, Asha Bhosle",4.75,https://www.youtube.com/watch?v=r3CWmNpoHfU,https://music.youtube.com/watch?v=xus5LtPJC-0,https://music.youtube.com/watch?v=BQJVOJUPJ30,https://music.youtube.com/watch?v=UQn_G22w8PA
eb90c2b6-3191-5849-b10b-2c8ee19d0b23,40aa7f7f-fa3e-5a2d-bc8e-ead01e0798b5,2,Mukti Ka Mantra Do Aatma Swatantra Do (Jai Aaryadevta Hey Suryadevta),Manna Dey,4.0,https://www.youtube.com/watch?v=j1ZrNbm3cB4,https://music.youtube.com/watch?v=ufhxDR38hbY,,
eb090a27-25bc-578a-acc4-71199456c343,5a4b4ae2-7046-580b-8517-728d32cbde7b,2,Yeh Hawa Yeh Nadi Ka Kinara,"Asha Bhosle, Manna Dey",4.0,https://www.youtube.com/watch?v=Dw4bkzaw7KM,https://music.youtube.com/watch?v=ajcGogBR1Jk,https://music.youtube.com/watch?v=56XqFs3OgxY,https://music.youtube.com/watch?v=V8bt2nNAo8Q
07b56dd4-bdae-50b5-ba6f-cf7c4fe0b2d3,7e7cc949-ce9f-5e8d-ab03-ffb1bcb4508b,2,Rut Aaye Rut Jaaye Suhagan - Part 1,Asha Bhosle,4.0,https://www.youtube.com/watch?v=tR3qqaeVu7Q,https://music.youtube.com/watch?v=tR3qqaeVu7Q,https://music.youtube.com/watch?v=VHWM2pNmzJ4,https://music.youtube.com/watch?v=15paUiqNWXU
b249ce75-0ee7-5f57-a80c-04aa982ea931,a90120e9-7d9d-5f8e-95ec-9a483b90af16,1,Mera Naam Chin Chin Chu,Geeta Dutt,4.67,https://www.youtube.com/watch?v=jZwYAz20kvg,https://music.youtube.com/watch?v=uZFDt8S9rxo,https://music.youtube.com/watch?v=1a36P2xldQg,https://music.youtube.com/watch?v=wr-TjICX4K4
fbb3bfeb-c8e4-5f20-9632-6a024cce4f1e,a90120e9-7d9d-5f8e-95ec-9a483b90af16,2,Aaiye Meharban,Asha Bhosle,4.67,https://www.youtube.com/watch?v=uiJCFEooM5U,https://music.youtube.com/watch?v=qaAhBIY3wsQ,https://music.youtube.com/watch?v=MaqRHOlN9sk,
08b34cc5-23c3-5b70-8965-952e697acbad,a90120e9-7d9d-5f8e-95ec-9a483b90af16,5,Yeh Kya Kar Daala Tune,Asha Bhosle,4.0,https://www.youtube.com/watch?v=fQUFW52RkT0,https://music.youtube.com/watch?v=2LLj9QPV_Tk,https://music.youtube.com/watch?v=zBFvMG9MMWo,https://music.youtube.com/watch?v=IdnX25pgOSQ
00bd85bd-841a-5938-b81c-35f5c93ee8e9,32c51d33-b321-5e4e-b18f-cf17b93eb106,8,Hum Pyar Mein Jalnewalon Ko,Lata Mangeshkar,4.5,https://www.youtube.com/watch?v=h4QYNzsLeTQ,https://music.youtube.com/watch?v=nsHzRPpN70w,https://music.youtube.com/watch?v=dR54zQWLBKQ,https://music.youtube.com/watch?v=zp0aiW8vo9I
fd9b189f-6751-57f1-877c-6706629c70ce,bb07f83d-932a-54c6-ae38-65fbb8cdc569,2,Hum Bekhudi Mein Tumko Pukare Chale Gaye,Mohammed Rafi,4.67,https://www.youtube.com/watch?v=R0QR83kmM-Q,https://music.youtube.com/watch?v=e1Afd9UsLl4,https://music.youtube.com/watch?v=UWDj6wI3XGM,https://music.youtube.com/watch?v=DZssTzfamNE
b9ac2d4d-79c3-59e5-a467-b81f11092afc,bb07f83d-932a-54c6-ae38-65fbb8cdc569,5,Achha Ji Main Haari Chalo Maan Jao Na,"Asha Bhosle, Mohammed Rafi",4.75,https://www.youtube.com/watch?v=KS4s8-OLJ9A,https://music.youtube.com/watch?v=tXJt73woao4,https://music.youtube.com/watch?v=ZN_XrB_St-8,https://music.youtube.com/watch?v=Duxu1AqD_vI
afce47e2-947c-5a46-bfb1-7387403e1b89,ed204ef5-efac-56b2-af64-6fd54267f31c,5,Tang Aa Chuke Hain Kashmakash-E-Zindagi Se Hum,Asha Bhosle,4.0,https://www.youtube.com/watch?v=bKvkL--3ROg,https://music.youtube.com/watch?v=-Og6sHkmBxE,https://music.youtube.com/watch?v=Yu0D75Rc-zQ,https://music.youtube.com/watch?v=bKvkL--3ROg
c4e847e4-4f46-5f9c-a2da-612bb3696499,fb0003f1-bbc9-5a71-bd2e-72313258f972,1,Suhana Safar Aur Yeh Mausam Hasin,Mukesh,4.75,https://www.youtube.com/watch?v=nSVFBRWslCo,https://music.youtube.com/watch?v=Txd0KWKKYdY,https://music.youtube.com/watch?v=EQM0R4CXgBQ,
ca44609c-c3a2-5456-b08b-4778e0311f0a,fb0003f1-bbc9-5a71-bd2e-72313258f972,2,Aaja Re Pardesi,Lata Mangeshkar,4.75,https://www.youtube.com/watch?v=AlfhLsEgW2Y,https://music.youtube.com/watch?v=utA0VWGtigE,https://music.youtube.com/watch?v=xw5NMKNhuSA,https://music.youtube.com/watch?v=Z2TUavWaY48
1ffbcac2-0be4-5e3a-ab78-d338aadfd075,fb0003f1-bbc9-5a71-bd2e-72313258f972,6,Ghadi Ghadi Mora Dil Dhadke,Lata Mangeshkar,4.67,https://www.youtube.com/watch?v=hYGI2LeZzkI,https://music.youtube.com/watch?v=VlQkGM3yHS0,https://music.youtube.com/watch?v=C9oizHXVEVc,https://music.youtube.com/watch?v=8Hm2VS5rO8A
291ae4b8-77e9-5b0c-95a7-ea6e287a4364,fb0003f1-bbc9-5a71-bd2e-72313258f972,7,Dil Tadap Tadap Ke Kah Raha Hai,"Mukesh, Lata Mangeshkar",4.67,https://www.youtube.com/watch?v=8ORF2S12iNk,https://music.youtube.com/watch?v=ymXQAXvZUGA,https://music.youtube.com/watch?v=PLzV2T1_j7o,https://music.youtube.com/watch?v=sijn1e_ipcw
b5bad2c3-d677-5d61-a1ed-eaa3acddfd2c,fb0003f1-bbc9-5a71-bd2e-72313258f972,8,Chadh Gayo Papi Bichhua,"Lata Mangeshkar, Manna Dey",4.0,https://www.youtube.com/watch?v=M0prEueTYTA,https://music.youtube.com/watch?v=4owNbsL3O6g,https://music.youtube.com/watch?v=wPHav4Bcbak,https://music.youtube.com/watch?v=CnDeN-iSZo0
c088b66a-b19c-580d-9ecc-80e396e612b2,fb0003f1-bbc9-5a71-bd2e-72313258f972,10,Toote Huye Khwabon Ne,Mohammed Rafi,4.5,https://www.youtube.com/watch?v=MK6mGbul8rg,https://music.youtube.com/watch?v=zw-XIas0nVE,https://music.youtube.com/watch?v=TEQitO44FJU,https://music.youtube.com/watch?v=nPDWJ8NbQBw
e2795cfd-544d-53d0-be60-4671366ac0ae,ef78af37-c787-556e-bea2-b7ddfb790d70,7,Haye Jiya Roye Roye,Lata Mangeshkar,4.33,https://www.youtube.com/watch?v=Ylzs5Yqy5fs,https://music.youtube.com/watch?v=Ylzs5Yqy5fs,https://music.youtube.com/watch?v=W1GQAwj_VQo,https://music.youtube.com/watch?v=4j_H_Hf8O1g
e725e918-6388-5903-a907-0386fb04f3c4,a4ef1c8c-4746-53c9-b727-22c3cc6dccaa,1,Tim Tim Tim Taaron Ke Deep Jale,"Lata Mangeshkar, Talat Mahmood",4.0,https://www.youtube.com/watch?v=Gt3CUhjnx6E,https://music.youtube.com/watch?v=Gt3CUhjnx6E,https://music.youtube.com/watch?v=g97CFq4GkU0,
9e55b11d-7fab-5349-b0e1-8990824a4bc0,f747ca6c-9c81-5596-8126-942fb74ea6ee,3,Mera Dil Ghabraye Meri Aankh Sharmaye,"Asha Bhosle, Mohammed Rafi",4.0,https://www.youtube.com/watch?v=rVi6EYUPJ3E,https://music.youtube.com/watch?v=O9e9BlGO8wE,https://music.youtube.com/watch?v=d49nE3V2Mmo,https://music.youtube.com/watch?v=vu-IX8WoKR4
be495005-6020-53dc-a3a3-5afd01c35e75,6f62e79d-4acd-5a96-a7b1-117ab48141fc,2,Ta Thaiya Karke Aana O Jaadugar More Saiyan,"Lata Mangeshkar, Geeta Dutt",4.0,http://www.youtube.com/watch?v=XGs48om9zRI,https://music.youtube.com/watch?v=3ZmpF_N4WAE,https://music.youtube.com/watch?v=TrSmgQb44Fw,
e853b9e3-8aaa-59da-ae51-44ead00be8b5,6f62e79d-4acd-5a96-a7b1-117ab48141fc,10,Main Gun Gaoon Tera Tu Hi Shyam Mera,Lata Mangeshkar,4.0,https://www.youtube.com/watch?v=r0IQLiS7ttM,https://music.youtube.com/watch?v=bxcS_Q4ZtIM,https://music.youtube.com/watch?v=rjn_mH4mjOg,https://music.youtube.com/watch?v=r0IQLiS7ttM
03db9435-cf94-598d-830f-4c364d09ed95,f432a4e5-ecc7-5917-8548-2711ef64f4b9,1,Jhoome Re Jhoome Re,Asha Bhosle,4.0,https://www.youtube.com/watch?v=1ubZelwAQZY,https://music.youtube.com/watch?v=23QqeI0mVa8,https://music.youtube.com/watch?v=BX-FVAovNlc,https://music.youtube.com/watch?v=7PzXjKzs0bM
ac0fa549-e1fb-58c2-a63a-a49729a5890f,f432a4e5-ecc7-5917-8548-2711ef64f4b9,4,Masti Bhara Hai Sama,"Lata Mangeshkar, Manna Dey",4.6,https://www.youtube.com/watch?v=StB3f4u2yEI,https://music.youtube.com/watch?v=hdpdn0iziQY,https://music.youtube.com/watch?v=bmRnYCc5UP0,
493e7630-5824-5aff-991d-654102dd0c8a,f432a4e5-ecc7-5917-8548-2711ef64f4b9,7,Aansoo Bhari Hai Yeh Jeevan Ki Raahen,Mukesh,4.75,https://www.youtube.com/watch?v=WCiqwH-VQkU,https://music.youtube.com/watch?v=ixFea4SJ_zY,https://music.youtube.com/watch?v=XY2YcxST9lg,https://music.youtube.com/watch?v=EUVsSz_D5xY
4a23f993-b5a4-515c-8390-2991b08cab76,42e1dda2-05f9-52e0-8612-08fcfa5eaff3,3,Chhun Chhun Ghunghroo Bole,Asha Bhosle,4.5,https://www.youtube.com/watch?v=w5ERJ4bkdTM,https://music.youtube.com/watch?v=t3_v5uhjzwY,https://music.youtube.com/watch?v=IdE0K5vIsk4,https://music.youtube.com/watch?v=xJCMmKiF-xE
7edc37ce-31b2-5a7e-aff4-7d1dffa7afa7,42e1dda2-05f9-52e0-8612-08fcfa5eaff3,4,Main Soya Ankhiyan Meeche,"Asha Bhosle, Mohammed Rafi",4.33,https://www.youtube.com/watch?v=iBMJ0Z-plRU,https://music.youtube.com/watch?v=_9bEEmQ8jUU,https://music.youtube.com/watch?v=_9bEEmQ8jUU,https://music.youtube.com/watch?v=1JsDbiY7qqk
54854437-0e71-5268-88a7-c7eedfc2d566,42e1dda2-05f9-52e0-8612-08fcfa5eaff3,6,Ik Pardesi Mera Dil Le Gaya,"Asha Bhosle, Mohammed Rafi",4.33,https://www.youtube.com/watch?v=2lWGSMlmm6E,https://music.youtube.com/watch?v=F2s07I8srOo,https://music.youtube.com/watch?v=D44Ug2KTi2U,https://music.youtube.com/watch?v=AW7bHauskG8
7f1ee15d-4f4a-5a20-a6ee-9421163f70f2,42e1dda2-05f9-52e0-8612-08fcfa5eaff3,7,Shokh Shokh Aankhen Tujhko Bula Rahi Hain,Asha Bhosle,4.0,https://www.youtube.com/watch?v=3K5cEuK0Dzc,https://music.youtube.com/watch?v=cB4Wq7y3caE,https://music.youtube.com/watch?v=Hun3pxNU04E,https://music.youtube.com/watch?v=ZzQBKkNxPc4
1de5a71c-10fb-55d9-b5d3-91e195417897,ead7b68c-3a26-526d-844a-8fba28a9c84d,1,Woh Subah Kabhi Toh Aayegi (Duet),"Mukesh, Asha Bhosle",4.75,https://www.youtube.com/watch?v=wiSDgIa-zLo,https://music.youtube.com/watch?v=ovW01iue82A,https://music.youtube.com/watch?v=1gYnqYxrOjk,https://music.youtube.com/watch?v=F5DlwZZuNQY
cf709dc8-c8eb-560c-9913-6e43ce0b03f4,ead7b68c-3a26-526d-844a-8fba28a9c84d,2,Cheen-O-Arab Hamara Hindustan Hamara,Mukesh,4.4,https://www.youtube.com/watch?v=GHnKVOezOR4,https://music.youtube.com/watch?v=tYFpioyOsOM,https://music.youtube.com/watch?v=KNCCVsEDJ7A,https://music.youtube.com/watch?v=e49MDbuBF6A
34d1b168-8f0b-534a-ba19-0d8c35681e22,ead7b68c-3a26-526d-844a-8fba28a9c84d,7,Woh Subah Kabhi Toh Aayegi (Male),Mukesh,4.25,http://www.youtube.com/watch?v=zs_SHadpPtU,https://music.youtube.com/watch?v=ovW01iue82A,https://music.youtube.com/watch?v=1gYnqYxrOjk,https://music.youtube.com/watch?v=9SFre23dwZk
2e0bb59e-9fbe-5ab2-8540-ec6044d22369,87c2279d-03ca-5d9f-878f-4e014c6cf513,4,O Neend Na Mujhko Aaye,"Hemant Kumar, Lata Mangeshkar",4.33,http://www.youtube.com/watch?v=RG3i3InLEUo,https://music.youtube.com/watch?v=hMYotLrJCPU,https://music.youtube.com/watch?v=BbzhLxSUTxw,https://music.youtube.com/watch?v=2Dc3uVa_P70
aa5d376f-c213-549c-bf01-c38f7bd45210,ed9c5dac-0e03-526c-807d-abe87ef5d503,9,Chhota Sa Baalma,Asha Bhosle,4.33,https://www.youtube.com/watch?v=DlpJZs0YuK8,https://music.youtube.com/watch?v=U14M3UB26ZI,https://music.youtube.com/watch?v=TZl0iaFkipY,https://music.youtube.com/watch?v=U14M3UB26ZI
8552589f-acf7-5849-9c76-034884de98b1,ed9c5dac-0e03-526c-807d-abe87ef5d503,12,Jogiya Mere Ghar Aaye (Title Song),Ustad Amir Khan,4.0,https://www.youtube.com/watch?v=FywE9nvU4yk,https://music.youtube.com/watch?v=FywE9nvU4yk,https://music.youtube.com/watch?v=FywE9nvU4yk,https://music.youtube.com/watch?v=mMbwbcLUqQE
3b27f709-6db4-5fdb-8e59-57348b8e7f95,90bbc929-a808-5998-b3d4-a228775d2977,4,Chanda Ki Chandni Ka Jadoo,Asha Bhosle,4.0,https://www.youtube.com/watch?v=ZO6oTQX2PMA,https://music.youtube.com/watch?v=NU5OrnhyyJY,https://music.youtube.com/watch?v=ZO6oTQX2PMA,https://music.youtube.com/watch?v=myA0HMWNtcE
14434486-23d2-551d-aa82-cf0c94368006,2bc0e56e-03a8-5759-9102-afb3be51285e,2,Hai Apna Dil Toh Aawara (Happy),Hemant Kumar,5.0,https://www.youtube.com/watch?v=07dfqQ0cvl8,https://music.youtube.com/watch?v=VQZY7S0zUR8,https://music.youtube.com/watch?v=Kpjo3Cxc_90,https://music.youtube.com/watch?v=IpKw-rgzD24
ff348f51-f570-5a09-b11f-5291995a7683,0fd38685-0e03-567a-8e0e-a2739999483d,1,Deepak Toh Akela Hai (Bekas Ki Tabahi Ke),Asha Bhosle,4.0,http://www.youtube.com/watch?v=zQlObwv_xGU,https://music.youtube.com/watch?v=y_0hBb1-BYQ,https://music.youtube.com/watch?v=PDfGCYdNdZw,
ee8d3ad7-1774-595e-ad3b-12597a762d02,0fd38685-0e03-567a-8e0e-a2739999483d,3,Pyar Par Bas Toh Nahi Hai (Duet),"Asha Bhosle, Talat Mahmood",4.67,http://www.youtube.com/watch?v=dYchgFUtmgo,https://music.youtube.com/watch?v=8Dd4d8dpIVk,https://music.youtube.com/watch?v=t6hlDeM1YfE,https://music.youtube.com/watch?v=m39xhcVFGPA
d9451116-a4cc-5fbc-afae-9c828cf80078,0fd38685-0e03-567a-8e0e-a2739999483d,4,Pyar Par Bas Toh Nahi Hai (Female),Asha Bhosle,4.0,https://www.youtube.com/watch?v=eiSYqKmbj58,https://music.youtube.com/watch?v=m39xhcVFGPA,https://music.youtube.com/watch?v=8Dd4d8dpIVk,https://music.youtube.com/watch?v=t6hlDeM1YfE
4cc212f0-df89-5773-a8bd-d848a7ea9ce9,0fd38685-0e03-567a-8e0e-a2739999483d,8,Raat Bhar Ka Hai Mehman Andhera,"Asha Bhosle, Mohammed Rafi",4.5,http://www.youtube.com/watch?v=NufQfRt0uCQ,https://music.youtube.com/watch?v=iSltuA820uw,https://music.youtube.com/watch?v=RQCGX5nw-4Y,https://music.youtube.com/watch?v=xwmY7hIAX_Q
34a89e0b-4db2-5697-ba45-d8f2251a4310,d08cd094-3cf8-52ea-a8a3-c0f15bb83bfe,6,Kuhu Kuhu Bole Koyaliya,"Lata Mangeshkar, Mohammed Rafi",4.0,https://www.youtube.com/watch?v=nYCAwJnQrJE,https://music.youtube.com/watch?v=nvfMbZJab2g,https://music.youtube.com/watch?v=ANfV8VnzrYs,https://music.youtube.com/watch?v=xPXS4DiQ1-s
193d6f5c-a9b3-5df2-8ec9-e7e780ae7166,c486df7f-a8f0-5059-9e95-b3131f4eb799,4,Yeh Mera Deewanapan Hai,Mukesh,4.67,https://www.youtube.com/watch?v=jBxDcoFVdVQ,https://music.youtube.com/watch?v=bVrh07enaIo,https://music.youtube.com/watch?v=Uua3IJ4Yh9w,https://music.youtube.com/watch?v=pgD8kiYqC7k
ab2c8cab-b139-5761-8a08-9b34453acc03,71504eb4-d276-577f-9e81-39e1a93712c1,1,Kisi Ki Muskurahaton Pe Ho Nisar (Jeena Isi Ka Naam Hai),Mukesh,4.91,http://www.youtube.com/watch?v=69pPYkGiEAQ,https://music.youtube.com/watch?v=pNQTYCXTD-E,https://music.youtube.com/watch?v=g2OhyJVxveU,https://music.youtube.com/watch?v=Nj70q9bAmc4
9d04e2e7-86c4-572c-ad23-1c796c57dd98,71504eb4-d276-577f-9e81-39e1a93712c1,2,Woh Chand Khila Woh Taare Hanse,"Lata Mangeshkar, Mukesh",4.67,http://www.youtube.com/watch?v=OvtU5FYxK-c,https://music.youtube.com/watch?v=qiYuvDZXIhk,https://music.youtube.com/watch?v=corZ3-BUjck,https://music.youtube.com/watch?v=XblHmb4nmwc
e434c3b8-f9a6-5f6d-83ee-41f1ff7099b1,71504eb4-d276-577f-9e81-39e1a93712c1,3,Tera Jaana,Lata Mangeshkar,4.75,http://www.youtube.com/watch?v=URfoTtyxOdU,https://music.youtube.com/watch?v=y6QEZECV9Ug,https://music.youtube.com/watch?v=CAQT_RlSAMo,https://music.youtube.com/watch?v=4ApGsxh580Y
a43d455c-7182-5f18-abfd-286fc69473b4,71504eb4-d276-577f-9e81-39e1a93712c1,4,Dil Ki Nazar Se,"Mukesh, Lata Mangeshkar",4.83,https://www.youtube.com/watch?v=rC73RFJUfr8,https://music.youtube.com/watch?v=W4bdhclMgK0,https://music.youtube.com/watch?v=E0o0D2CDOm8,https://music.youtube.com/watch?v=0mNtXRHG8SY
ffe914e5-3f8b-5dcc-94b6-b91785c81d6e,71504eb4-d276-577f-9e81-39e1a93712c1,5,Sab Kuchh Seekha Humne Na Seekhi Hoshiyari,Mukesh,4.0,https://www.youtube.com/watch?v=QUSnoRB8TAQ,https://music.youtube.com/watch?v=qYlqxEhMThM,https://music.youtube.com/watch?v=NRpaP6dZA1U,
763609ea-8be1-5662-8b8f-3a63c1aea837,f059a4c6-9a60-51bc-918c-088057e6131c,3,Saare Jahaan Se Achha Hindostan Humara,Asha Bhosle,4.0,https://www.youtube.com/watch?v=zXHIXiMd4TI,https://music.youtube.com/watch?v=zXHIXiMd4TI,https://music.youtube.com/watch?v=Kd4cQq489RU,https://music.youtube.com/watch?v=tBc_eMEWh9Y
87b05c47-a7b2-5ba8-9547-b6838fcaa665,ff2c851c-cbad-5405-8c8c-5ecbec335697,1,Main Tumhi Se Poochhti Hoon (Duet),"Lata Mangeshkar, Mohammed Rafi",4.2,https://www.youtube.com/watch?v=sLJsynok8ko,https://music.youtube.com/watch?v=Lo5W-kX5aHg,https://music.youtube.com/watch?v=XDHYzhswp74,https://music.youtube.com/watch?v=Q1lDsEpLwDI
2f8ce5ee-bd4a-5760-a2d8-6e037d12be0e,ff2c851c-cbad-5405-8c8c-5ecbec335697,6,Main Tumhi Se Poochhti Hoon (Female),Lata Mangeshkar,4.67,https://www.youtube.com/watch?v=XDHYzhswp74,https://music.youtube.com/watch?v=Lo5W-kX5aHg,https://music.youtube.com/watch?v=XDHYzhswp74,https://music.youtube.com/watch?v=Q1lDsEpLwDI
90a86aef-2a4b-58cd-b503-0dd663828bac,12f7f609-5f70-5ba3-9bfa-9646be82302e,1,Preetam Daras Dikhao,"Lata Mangeshkar, Manna Dey",4.33,https://www.youtube.com/watch?v=mnI-jXpsNlc,https://music.youtube.com/watch?v=oX7DUhIMvRg,https://music.youtube.com/watch?v=bnOQFXcGxTQ,https://music.youtube.com/watch?v=rKLmp953jTM
b91a818c-36cf-54f6-8557-2bf0828bf9d2,12f7f609-5f70-5ba3-9bfa-9646be82302e,5,Nazren Utha Ke Zara Dekh Le,Asha Bhosle,4.0,https://www.youtube.com/watch?v=Hdd8qdUvh6c,https://music.youtube.com/watch?v=i1Q5Hw-FrZw,https://music.youtube.com/watch?v=RCJe-dMmUPA,https://music.youtube.com/watch?v=H0jItsaPOzQ
e328c627-2a9e-513e-93db-c324f93e4c78,b853097f-c200-568f-9add-7a2528811963,3,Intezar Aur Abhi,Lata Mangeshkar,4.0,https://www.youtube.com/watch?v=ZWE8M7WH3Fg,https://music.youtube.com/watch?v=i8kClXzWmGY,https://music.youtube.com/watch?v=8dZcvtYk7FU,https://music.youtube.com/watch?v=eheiMOPEOsA
1cd2e5b3-5efd-52eb-989c-c69febd09efc,b853097f-c200-568f-9add-7a2528811963,6,Kachchi Hai Umariya,Meena Kapoor,4.0,https://www.youtube.com/watch?v=5Vyegsdz2TM,https://music.youtube.com/watch?v=zuZFufkttbw,https://music.youtube.com/watch?v=LERbQ7prkns,https://music.youtube.com/watch?v=5Vyegsdz2TM
4ce01a03-1b3d-50df-b532-20e9569eb1e9,2f9241b8-a864-53d8-a9c3-afad51dbbf4b,4,Main Rangeela Pyar Ka Raahi,"Lata Mangeshkar, Subir Sen",4.0,http://www.youtube.com/watch?v=wC2YZqqFOmk,https://music.youtube.com/watch?v=ZW0anaBFD78,https://music.youtube.com/watch?v=ph_vu_GweU0,https://music.youtube.com/watch?v=dqdSfaNlKKg
92e1ee4a-a872-52f4-bf3a-54044cf1a14f,2f9241b8-a864-53d8-a9c3-afad51dbbf4b,8,Jaoon Kahan Bataa Ae Dil,Mukesh,5.0,http://www.youtube.com/watch?v=R15OyGa6Q50,https://music.youtube.com/watch?v=NS2-8JxD0cI,https://music.youtube.com/watch?v=YiUvZE3fGWo,https://music.youtube.com/watch?v=WeNAVN_Beas
401e36b7-3847-5616-8935-ddfebdc9c576,4b37847e-6eaf-564b-8f6d-e25e56895696,1,Tere Pyar Ka Aasra Chahta Hoon,"Mahendra Kapoor, Lata Mangeshkar",4.25,https://www.youtube.com/watch?v=9xmQ0MqL_zw,https://music.youtube.com/watch?v=9CjV5362L_A,https://music.youtube.com/watch?v=X-49ax4Zt3o,
88f2909c-1e11-5673-817d-53926bcf4239,4b37847e-6eaf-564b-8f6d-e25e56895696,2,Jo Tum Muskura Do,"Mahendra Kapoor, Asha Bhosle",4.0,https://www.youtube.com/watch?v=9d4EeM7X1Ng,https://music.youtube.com/watch?v=_I-wj5BlJxQ,https://music.youtube.com/watch?v=0-RH4o1CS6c,https://music.youtube.com/watch?v=01s_O5pjJWI
daed2689-45c6-586b-9220-93a902453df9,3ea0a870-567d-5257-84a2-039e12fe5f45,5,Tum Mujhe Bhool Bhi Jao To,"Sudha Malhotra, Mukesh",4.75,https://www.youtube.com/watch?v=42EMUa7KC4k,https://music.youtube.com/watch?v=ynsYAJv_xHs,https://music.youtube.com/watch?v=L7N0U304DOE,https://music.youtube.com/watch?v=ljV9eYKqpmE
51ece0ed-d097-5e1f-b5e8-0ddfefde8c95,2e9353e6-51d3-50f8-b54c-45076c8423f7,6,Hum Aur Tum Aur Ye Sama Kya Nasha Nasha Sa Hai,Mohammed Rafi,4.33,https://www.youtube.com/watch?v=ZuqjSF5Gxus,https://music.youtube.com/watch?v=tw8ejqel1mo,https://music.youtube.com/watch?v=qHC1maIOEK4,https://music.youtube.com/watch?v=OqVVa4UFjGA
8feed1e0-1f10-58f6-a6e2-ef003815ef17,2e9353e6-51d3-50f8-b54c-45076c8423f7,8,Kaun Ye Aaya Mehfil Mein (Dilruba Meri Neeta),"Mohammed Rafi, Usha Khanna",4.0,https://www.youtube.com/watch?v=bWnojnzOhp8,https://music.youtube.com/watch?v=e7M8MCicy2I,https://music.youtube.com/watch?v=7XRibZvrIN8,https://music.youtube.com/watch?v=u-xTnQkcl0U
9a958f74-576d-56df-8d3b-620fccda665b,2e9353e6-51d3-50f8-b54c-45076c8423f7,10,Bade Hain Dil Ke Kaale,"Mohammed Rafi, Asha Bhosle",4.67,https://www.youtube.com/watch?v=vXO9FpruVXk,https://music.youtube.com/watch?v=g7mwYRjQbwU,https://music.youtube.com/watch?v=8QWDR96Rk9Y,https://music.youtube.com/watch?v=WwLHQmaldiI
9831ff56-0304-5c6a-86d8-1a2707fbd846,c78f40cd-3deb-551f-8e7e-f48a343fbda2,7,Mukhda Dekh Le Prani Zara Darpan Mein,Kavi Pradeep,4.0,https://www.youtube.com/watch?v=aXMDWejREeg,https://music.youtube.com/watch?v=MeSZxG5pLmg,https://music.youtube.com/watch?v=GxXOr8Rez6o,https://music.youtube.com/watch?v=4Y5QdgDrvsE
4b717495-308d-5170-9591-11e18384f69a,9b2e1a21-77a7-59c0-9232-114601b3a525,1,Tere Sur Aur Mere Geet,Lata Mangeshkar,4.5,https://www.youtube.com/watch?v=e7UQcFwamxE,https://music.youtube.com/watch?v=sHlRFe0nDAU,https://music.youtube.com/watch?v=NutnvFvgc6Y,https://music.youtube.com/watch?v=TiW-wm7jY58
5b0d0a35-2cc5-5bc0-b897-25b95d53628f,9b2e1a21-77a7-59c0-9232-114601b3a525,5,Jeevan Mein Piya Tera Saath Rahe,"Lata Mangeshkar, Mohammed Rafi",4.0,https://www.youtube.com/watch?v=1kl3pkHBmhs,https://music.youtube.com/watch?v=qoz5TA9CKUY,https://music.youtube.com/watch?v=5Kcc5uHBQss,https://music.youtube.com/watch?v=Hekj4MgNRG4
723fd78e-af68-54a6-8820-bea307b60652,e67ab91b-fe36-5ea5-93b0-0e3ff0a3507f,7,Jaanu Jaanu Ri,"Asha Bhosle, Geeta Dutt",4.0,https://www.youtube.com/watch?v=CASEeT-axjU,https://music.youtube.com/watch?v=fms5O0cBBg8,https://music.youtube.com/watch?v=LrdccupaK9A,https://music.youtube.com/watch?v=N_f6NWZ0Tug
e0e810b5-e5dc-5424-953e-3ef5760418f9,8704055d-766f-5e31-aa0b-c23481a2ec5a,1,Dekhi Zamane Ki Yaari Bichhde Sabhi Baari Baari,Mohammed Rafi,5.0,https://www.youtube.com/watch?v=MijXDNR9YmA,https://music.youtube.com/watch?v=WmBVqrhoR1w,https://music.youtube.com/watch?v=bel9oKzrR2I,https://music.youtube.com/watch?v=s3LFjzxFKbw
ce2a574a-1d7d-5301-a5af-37e0e7c085ff,8704055d-766f-5e31-aa0b-c23481a2ec5a,2,San San San Woh Chali Hawa,"Mohammed Rafi, Asha Bhosle, Sudha Malhotra",4.0,https://www.youtube.com/watch?v=EYF-CXZus08,https://music.youtube.com/watch?v=FMXVidMlmyM,https://music.youtube.com/watch?v=-h8CXsb0lL4,https://music.youtube.com/watch?v=PUeTZ5pYosU
c289a156-8f26-58ef-b7d0-adb519a6d745,8704055d-766f-5e31-aa0b-c23481a2ec5a,3,Waqt Ne Kiya Kya Hasin Sitam,Geeta Dutt,4.86,http://www.youtube.com/watch?v=MZ3S4-bm70s,https://music.youtube.com/watch?v=chuyRh6RNMo,https://music.youtube.com/watch?v=ADRt0dkt9Bo,https://music.youtube.com/watch?v=ow77t0Ul2fQ
20513611-49f4-5942-b815-f6cc82bc0135,8704055d-766f-5e31-aa0b-c23481a2ec5a,7,Ud Ja Ud Ja Pyase Bhanwre,Mohammed Rafi,4.33,https://www.youtube.com/watch?v=zGgZOc0KIrw,https://music.youtube.com/watch?v=KwKsIE2HvjI,https://music.youtube.com/watch?v=zGgZOc0KIrw,https://music.youtube.com/watch?v=GOwXl8z9wW8
f531d3df-ccc7-5762-9f19-6629da07b944,9dea05b0-8b8f-546b-8030-6db7a9c5d980,4,Laagi Chhoote Naa Ab To Sanam,"Lata Mangeshkar, Mohammed Rafi",4.0,https://www.youtube.com/watch?v=C332cjcAjpM,https://music.youtube.com/watch?v=KKGrVCZB34U,https://music.youtube.com/watch?v=k5wuLq3O0z8,https://music.youtube.com/watch?v=SPOe4HWTB7c
121316df-a170-59a1-a728-ce8a3dda1423,a61b5294-c521-5b90-bc8d-9dd99644bc4c,8,Mujhe Tumse Kuchh Bhi Na Chahiye Mujhe Mere Haal Pe Chhod Do,Mukesh,4.67,https://www.youtube.com/watch?v=4RaoB9usogQ,https://music.youtube.com/watch?v=4RaoB9usogQ,https://music.youtube.com/watch?v=LTtwl6ClS1Q,https://music.youtube.com/watch?v=li1Q_lfWQA8
6787118c-36c1-568c-990e-8a39e61fc83a,0e7f8d6e-1a90-5882-a209-1fb2efe467c0,5,Dheere Dheere Chal Chaand Gagan Mein,"Lata Mangeshkar, Mohammed Rafi",4.5,https://www.youtube.com/watch?v=kMBD0AeYTL8,https://music.youtube.com/watch?v=gqR1yUxZr6M,https://music.youtube.com/watch?v=sIuqg5WbdSA,https://music.youtube.com/watch?v=06LjEH37jmM
93128b53-2467-5b82-a86a-cc89c39329e5,c440c60b-089d-52ab-8040-41af2fe182ce,4,Kadam Kadam Pe Baharen Lutata,"Mohammed Rafi, Lata Mangeshkar",4.0,https://www.youtube.com/watch?v=GTNRxAk7Oqc,https://music.youtube.com/watch?v=ejLETO0r9L4,https://music.youtube.com/watch?v=CNMY8Q01-iY,https://music.youtube.com/watch?v=tINxSvmNSbc
1dc2a9bd-5c8f-50c2-87ad-d65a96dcfed3,da8a2e27-68e5-5f7d-b81e-5c52a09f0949,8,Sajan Sang Kaahe Neha Lagaaye,Lata Mangeshkar,4.0,http://www.youtube.com/watch?v=uc9HRX0eXms,https://music.youtube.com/watch?v=oKtWlf9ozEQ,https://music.youtube.com/watch?v=kk7xqCcuH6A,https://music.youtube.com/watch?v=dRbIg-ZncEI
a34a5b99-35c9-5706-b806-77f0b48ec46a,0b7f4dd9-9f12-54cc-9215-30d75dc98470,1,Yeh Zameen Yeh Gagan,Asha Bhosle,4.0,https://www.youtube.com/watch?v=VqInDTbPba8,https://music.youtube.com/watch?v=VmdZ2JzbcRk,https://music.youtube.com/watch?v=VqInDTbPba8,https://music.youtube.com/watch?v=r6uFqQcvJ9o
2a3326e6-d58a-5d28-a640-d567eaeb4f48,105649eb-449c-542b-ae86-8072325953f1,2,Ye Maati Sabhi Ki Kahaani,Mahendra Kapoor,4.0,https://www.youtube.com/watch?v=1P5EEXXjIk0,https://music.youtube.com/watch?v=RZ7hqP2Ef30,,
151d64cf-639a-5cdd-aaf0-354058dc1b70,105649eb-449c-542b-ae86-8072325953f1,10,Aa Dil Se Dil Mila Le,Asha Bhosle,5.0,https://www.youtube.com/watch?v=FVWFCUY3i_g,https://music.youtube.com/watch?v=cgusVHuU638,https://music.youtube.com/watch?v=m27B5KYlZ5o,https://music.youtube.com/watch?v=FVWFCUY3i_g
c171f7e2-0c2f-5545-9d83-f47f10c50f29,105649eb-449c-542b-ae86-8072325953f1,11,Aadha Hai Chandrama Raat Aadhi,"Asha Bhosle, Mahendra Kapoor",4.5,https://www.youtube.com/watch?v=7k2OeRXNNf8,https://music.youtube.com/watch?v=mf3KK5J1-ZA,https://music.youtube.com/watch?v=e6BqsNQR6AQ,
cf54e02e-b748-5f46-9ebb-062e4840cff8,105649eb-449c-542b-ae86-8072325953f1,12,Tu Chhupi Hai Kahan,"Asha Bhosle, Manna Dey",4.0,https://www.youtube.com/watch?v=xzZoSVCJP0M,https://music.youtube.com/watch?v=gomp1_BGr6g,https://music.youtube.com/watch?v=alfm4VgXyKg,https://music.youtube.com/watch?v=UgpC7HvGb4I
fa564d8c-ade4-523a-92fb-8d8b5212f19f,2067f14a-62ac-59dc-8634-472b30af5708,1,Tere Teer Ko Humne Pyar Se Dil Mein Rakh Liya,Lata Mangeshkar,4.0,http://www.youtube.com/watch?v=T7ya51_Vgis,https://music.youtube.com/watch?v=tFYkiH3YxLM,https://music.youtube.com/watch?v=zP-m732pCmY,https://music.youtube.com/watch?v=5U5Ru0nTiUM
7a9241c5-d0ef-5687-ae27-07aec872e389,881f6667-3453-5182-9c41-5600fb4fda68,6,Laut Ke Aa (Aa Laut Ke Aaja Mere Meet) - Male,Mukesh,4.5,https://www.youtube.com/watch?v=hyIVG9SM46Y,https://music.youtube.com/watch?v=DAGa_z8rPp8,https://music.youtube.com/watch?v=M5345pKhPe4,
9219c920-7677-58db-8b27-0fff39af2d1b,7dae3f42-7e82-545d-ab1a-16b6b9f29f40,6,Tumhen Yaad Hoga Kabhi Hum Mile The,"Lata Mangeshkar, Hemant Kumar",4.5,https://www.youtube.com/watch?v=CT37gZ3LyKU,https://music.youtube.com/watch?v=CT37gZ3LyKU,https://music.youtube.com/watch?v=cUFudhg2o6c,https://music.youtube.com/watch?v=uLNVAACUDjg
35cbd087-5bcc-5a23-a9d0-01aa6dee5c79,4182ccd5-d7d2-5eb5-b137-103157b6b4e1,3,Nain Dwar Se Man Mein Woh Aake (Duet),"Lata Mangeshkar, Mukesh",4.0,http://www.youtube.com/watch?v=ZBGLgkV0oIQ,https://music.youtube.com/watch?v=sxMPnAYG1Pc,https://music.youtube.com/watch?v=oj2KvTy3TaI,https://music.youtube.com/watch?v=ZBGLgkV0oIQ
c91901fd-ed1b-5714-95fe-1d4f7d588ac5,24f8a816-6778-5c34-a7f8-f87291b4a0c1,1,Hum Matwale Naujawan Manzilon Ke Ujale,Kishore Kumar,4.5,http://www.youtube.com/watch?v=ENC2bbnk-0w,https://music.youtube.com/watch?v=x2dTFIf7nFE,https://music.youtube.com/watch?v=E_gs0cN2i2E,https://music.youtube.com/watch?v=ZtrTDY7_zSg
18e481bb-969b-51d5-a85c-f87c5c5c31dc,f74bfbb3-310c-56d4-ab47-0c97dc4694bb,1,Nanhi Kali Sone Chali Hawa Dheere Aana,Geeta Dutt,4.33,https://www.youtube.com/watch?v=MGUGnPoNHM0,https://music.youtube.com/watch?v=DedogYRkw5E,https://music.youtube.com/watch?v=4JdoD7LSf58,https://music.youtube.com/watch?v=5En3TilcOjU
2b2536c8-0df2-5070-9935-21d4ceaf0b6f,f74bfbb3-310c-56d4-ab47-0c97dc4694bb,3,Tum Jiyo Hazaron Saal,Asha Bhosle,4.67,https://www.youtube.com/watch?v=2krvkcn_tF8,https://music.youtube.com/watch?v=oGYRrA66iB0,https://music.youtube.com/watch?v=wa1NfgBuYTo,https://music.youtube.com/watch?v=floRWzqYDWs
7c20a10d-8b38-5ce7-bfca-33191f113c56,f74bfbb3-310c-56d4-ab47-0c97dc4694bb,4,Kaali Ghata Chhaye Mora Jiya Tarsaye,Asha Bhosle,4.5,https://www.youtube.com/watch?v=yZMyPcef_ws,https://music.youtube.com/watch?v=nbJgftAQqzA,https://music.youtube.com/watch?v=1NwiNkYH-PI,https://music.youtube.com/watch?v=1LLF48v7Jes
125742a2-9ea8-5a91-93aa-7e6052b23d8c,f74bfbb3-310c-56d4-ab47-0c97dc4694bb,5,Sun Mere Bandhu Re Sun Mere Mitwa,S.D. Burman,4.5,https://www.youtube.com/watch?v=g9eppdrcyHI,https://music.youtube.com/watch?v=FgesjQV5TfM,https://music.youtube.com/watch?v=g9eppdrcyHI,https://music.youtube.com/watch?v=CvfnQbdBpR8
79cb5228-2a02-557c-a998-e7a1b5a5c92c,f74bfbb3-310c-56d4-ab47-0c97dc4694bb,6,Jalte Hain Jiske Liye,Talat Mahmood,5.0,https://www.youtube.com/watch?v=jsaKIKHmz3M,https://music.youtube.com/watch?v=cjyOOsX-jIo,https://music.youtube.com/watch?v=LP4AzUt1iWc,https://music.youtube.com/watch?v=0BN0TGX4HqM
68267077-5f4b-509f-abc2-db634fe5513f,012c9c14-40cf-5001-aa4a-c98c3ebac7cd,1,Suraj Zara Paas Aa,Manna Dey,4.0,https://www.youtube.com/watch?v=ycKIyUa-09w,https://music.youtube.com/watch?v=xM5Yaz1U-BE,https://music.youtube.com/watch?v=f0C22_3f7cM,https://music.youtube.com/watch?v=6z0Xnh1zNPo
cca53312-dcc7-50b5-ab72-556e336b83c3,012c9c14-40cf-5001-aa4a-c98c3ebac7cd,2,Tera Jalwa Jisne Dekha Woh Tera Ho Gaya,Lata Mangeshkar,4.0,https://www.youtube.com/watch?v=KVLvnK4VlGc,https://music.youtube.com/watch?v=mwMRiHlLq8k,https://music.youtube.com/watch?v=4npvpntRDso,https://music.youtube.com/watch?v=wMcH-j3sEoU
2dcc5909-2610-5076-a910-00405708a52f,012c9c14-40cf-5001-aa4a-c98c3ebac7cd,4,Jhoomta Mausam Mast Mahina (Ya Allah Ya Allah Dil Le Gayi),"Lata Mangeshkar, Manna Dey",4.0,https://www.youtube.com/watch?v=em6LGJBksMs,https://music.youtube.com/watch?v=H-406pP8dNc,https://music.youtube.com/watch?v=72obe2gz5x0,https://music.youtube.com/watch?v=8JT78d-9OyU
8ed757aa-c3df-5a1d-8da9-78760fcdbe4e,012c9c14-40cf-5001-aa4a-c98c3ebac7cd,5,Ab Kahan Jaayen Hum,Manna Dey,4.0,https://www.youtube.com/watch?v=g_NKFOuHXHE,https://music.youtube.com/watch?v=fQWefAC_5U0,https://music.youtube.com/watch?v=vN3q86Tdml4,https://music.youtube.com/watch?v=rtFDKWiAyl8
3ce1d818-8f36-5d94-8a89-a5973b7af798,89079b3f-1da4-5176-ac1b-b8643db137b8,3,Kaise Din Beete Kaise Beeteen Ratiyaan,Lata Mangeshkar,4.0,https://www.youtube.com/watch?v=j_EIGKY0fmA,https://music.youtube.com/watch?v=j_EIGKY0fmA,https://music.youtube.com/watch?v=Xzz37s_Yf1Q,https://music.youtube.com/watch?v=yPMF_vNlnVw
8c3d799b-18b3-5a80-908a-29289f0bc9c6,89079b3f-1da4-5176-ac1b-b8643db137b8,4,Haay Re Woh Din Kyun Na Aaye,Lata Mangeshkar,4.67,https://www.youtube.com/watch?v=zgmgnNqjov8,https://music.youtube.com/watch?v=ywXJNFQo06g,https://music.youtube.com/watch?v=v57QxIkF3nI,https://music.youtube.com/watch?v=Ref9LfiJU6g
c58e8e7f-53d3-57db-9539-2c6049878b9e,89079b3f-1da4-5176-ac1b-b8643db137b8,6,Saanware Kaahe Mose Karo Jora Jori,Lata Mangeshkar,4.0,https://www.youtube.com/watch?v=7EptMAyq1FI,https://music.youtube.com/watch?v=D8klgoVYnws,https://music.youtube.com/watch?v=7EptMAyq1FI,
760151e9-8219-56d9-8328-63dc105a0619,b3d2c354-3167-5810-9481-d019de0d91a4,2,Salaam-E-Hasrat Qubool Kar Lo,Sudha Malhotra,4.0,http://www.youtube.com/watch?v=rAtTf-cGzJY,https://music.youtube.com/watch?v=_HSKb31n1kc,https://music.youtube.com/watch?v=cXFUo3DhlHY,https://music.youtube.com/watch?v=rAtTf-cGzJY
165e761c-28ea-5e45-8fdf-395d0ae9e85d,31364ab0-2477-50ba-869a-f2a6eeeb2dbf,3,Ja Re Badra Bairi Ja,Lata Mangeshkar,4.25,http://www.youtube.com/watch?v=wXvs32Mp1k0,https://music.youtube.com/watch?v=M0nph25iqEY,https://music.youtube.com/watch?v=olxXEHYLcBo,https://music.youtube.com/watch?v=82psY6mJZFY
34cd59cd-94bb-553d-ac80-eba32d996bef,31364ab0-2477-50ba-869a-f2a6eeeb2dbf,4,Berahem Aasman Meri Manzil Bata De Kahan (Part I),Talat Mahmood,4.33,https://www.youtube.com/watch?v=EsX8HGqQzU4,https://music.youtube.com/watch?v=EsX8HGqQzU4,https://music.youtube.com/watch?v=zv5kb_Tp9QI,https://music.youtube.com/watch?v=KXLQOBH3MqY
a053a335-365b-5805-9887-3500901ae8f9,31364ab0-2477-50ba-869a-f2a6eeeb2dbf,7,Bereham Aasmaan Meri Manzil Bata (Part II),Talat Mahmood,4.0,https://www.youtube.com/watch?v=vknlg29TGhA,https://music.youtube.com/watch?v=EsX8HGqQzU4,https://music.youtube.com/watch?v=zv5kb_Tp9QI,https://music.youtube.com/watch?v=uv9rbJEKu9Y
6da4fdfc-194c-5567-b434-8ec1cc67b589,ca7bc96d-bb3f-54f0-bc1e-bf73b43e9d9e,8,Muft Huye Badnaam Kisi Se Haye Dil Ko Laga Ke,Mukesh,4.0,http://www.youtube.com/watch?v=JtYiroPAOSg,https://music.youtube.com/watch?v=SOBm2lwU2H4,https://music.youtube.com/watch?v=JtYiroPAOSg,
5101292e-99f4-5513-a6c2-5fa623f1fdaf,eb3b0eed-325a-51a3-a886-cb43559ff64b,1,Garjat Barsat Saawan Aayo Re,"Suman Kalyanpur, Kamal Barot",4.4,https://www.youtube.com/watch?v=7TnuhH3Ij-I,https://music.youtube.com/watch?v=7TnuhH3Ij-I,https://music.youtube.com/watch?v=H8Pq8Ickt28,https://music.youtube.com/watch?v=r2LAdBwgCe4
1f58be77-6335-5fd4-814b-1400b2efc882,eb3b0eed-325a-51a3-a886-cb43559ff64b,2,Zindagi Bhar Nahin Bhoolegi Woh Barsaat Ki Raat (Male),Mohammed Rafi,4.5,https://www.youtube.com/watch?v=SwasEdyZv-A,https://music.youtube.com/watch?v=yFvzWRblT3U,https://music.youtube.com/watch?v=OM_PENyjSHw,https://music.youtube.com/watch?v=hjft_AaVmik
5669c12e-37fd-5e93-ba18-32a0a3ac2a58,eb3b0eed-325a-51a3-a886-cb43559ff64b,3,Maine Shayad Tumhe Pehle Bhi Kahin Dekha Hai,Mohammed Rafi,4.0,https://www.youtube.com/watch?v=omJzKQUNcp4,https://music.youtube.com/watch?v=omJzKQUNcp4,https://music.youtube.com/watch?v=pBcOWZQfJbI,https://music.youtube.com/watch?v=tc5MsCyMkdA
8947033b-01a8-592b-9ec0-ac3b8564ecb4,eb3b0eed-325a-51a3-a886-cb43559ff64b,6,Zindagi Bhar Nahin Bhoolegi Woh Barsaat Ki Raat (Duet),"Lata Mangeshkar, Mohammed Rafi",4.67,https://www.youtube.com/watch?v=xO1luzq_z68,https://music.youtube.com/watch?v=yFvzWRblT3U,https://music.youtube.com/watch?v=OM_PENyjSHw,https://music.youtube.com/watch?v=hjft_AaVmik
58ac691c-b253-5a98-a2ca-8a190872d454,eb3b0eed-325a-51a3-a886-cb43559ff64b,9,Jee Chahta Hai Choom Loon,"Asha Bhosle, Sudha Malhotra, Bande Hasan, S. Balbir",4.0,https://www.youtube.com/watch?v=rEOMk2P1a3g,https://music.youtube.com/watch?v=En5EtHHzIYw,https://music.youtube.com/watch?v=r9ogK412Zjs,
63f548ed-2d66-5583-a783-2973d2c5bfb4,eb3b0eed-325a-51a3-a886-cb43559ff64b,10,Na To Karvan Ki Talash Hai,"Manna Dey, Asha Bhosle, Sudha Malhotra, S.D. Batish",4.8,https://www.youtube.com/watch?v=VUIFvEnWa-o,https://music.youtube.com/watch?v=66Gul7oNVhA,https://music.youtube.com/watch?v=RBGDn2FdZfc,
15f3b1f4-ca5e-59e3-bb47-8dcd94b24053,eb3b0eed-325a-51a3-a886-cb43559ff64b,11,Yeh Hai Ishq Ishq (Part I),"Mohammed Rafi, Manna Dey, S.D. Batish, Sudha Malhotra",4.6,https://www.youtube.com/watch?v=tm-ivJY_OO4,https://music.youtube.com/watch?v=tm-ivJY_OO4,https://music.youtube.com/watch?v=fKy4BjfoXJA,https://music.youtube.com/watch?v=QaDSX8GP4Qs
e3e879a7-a5a4-5680-bcce-9103f22889af,e96924c6-57f7-5e8f-ad35-7dd10f89b870,4,Deewana Mastana Hua Dil,"Asha Bhosle, Mohammed Rafi",4.0,https://www.youtube.com/watch?v=bzFTEJBPBt4,https://music.youtube.com/watch?v=77vDujhbTqU,https://music.youtube.com/watch?v=Mf7PBnFrH5A,https://music.youtube.com/watch?v=dZ2zApP3T-s
63090b8f-e057-573d-a605-c58f7ed3e257,f1a9eba2-30b4-599d-9aa1-1eac0ae434ee,5,Chaudhvin Ka Chand Ho,Mohammed Rafi,4.83,https://www.youtube.com/watch?v=7gnFnRaKNsQ,https://music.youtube.com/watch?v=6TjnOu7zhEI,https://music.youtube.com/watch?v=wRbBORKhGYg,https://music.youtube.com/watch?v=xFEBOFZnIdE
e2500b73-90a5-5701-baf2-2f4871bbe935,740668aa-4747-5da5-9dab-8026086f3815,2,Lehron Pe Lehar Ulfat Hai Jawan (Male),Hemant Kumar,4.67,https://www.youtube.com/watch?v=LETMfz7X6Mo,https://music.youtube.com/watch?v=LETMfz7X6Mo,https://music.youtube.com/watch?v=a0XwsjDvDrQ,
ba76068a-1ea9-557a-88e7-21e464dad0f9,740668aa-4747-5da5-9dab-8026086f3815,7,Lehron Pe Lehar Ulfat Hai Jawan (Duet),"Nutan, Hemant Kumar",4.0,https://www.youtube.com/watch?v=DzCVjtjPzCI,https://music.youtube.com/watch?v=LETMfz7X6Mo,https://music.youtube.com/watch?v=a0XwsjDvDrQ,
9ebf47bf-9730-5a60-9fa5-371bd63dbf64,3b9b50d3-ce79-5ff1-b979-7cc48bda0ce5,4,Teri Raahon Mein Khade Hain,Lata Mangeshkar,4.0,https://www.youtube.com/watch?v=R53o0zR5C1k,https://music.youtube.com/watch?v=QNrTaDxg9cM,https://music.youtube.com/watch?v=a43KZ1-k4WQ,https://music.youtube.com/watch?v=CE_ONRJcQrE
25afdecb-1e52-57f3-a835-1151034ba098,3b9b50d3-ce79-5ff1-b979-7cc48bda0ce5,6,Mere Toote Hue Dil Se,Mukesh,4.5,https://www.youtube.com/watch?v=lvG2Pp68rNY,https://music.youtube.com/watch?v=uaSn5YSsDXw,https://music.youtube.com/watch?v=mTlrPwpTREo,https://music.youtube.com/watch?v=lvG2Pp68rNY
e98fa783-c19c-54de-add4-35cb3b79ef57,36866759-54ad-5659-9f96-9216daa31a1d,1,Sheesha-E-Dil Itna Na Uchhaalo,Lata Mangeshkar,4.0,https://www.youtube.com/watch?v=-COvkMYHcNI,https://music.youtube.com/watch?v=xBE_TpV1sFw,https://music.youtube.com/watch?v=K1npFl3YFKM,
52323b24-66a1-5138-956a-770034779db2,36866759-54ad-5659-9f96-9216daa31a1d,2,Ajeeb Daastan Hai Yeh,Lata Mangeshkar,4.86,https://www.youtube.com/watch?v=m0olBMYEaT4,https://music.youtube.com/watch?v=9UZ0-Z1Q7EU,https://music.youtube.com/watch?v=4nTk3cUAQgU,https://music.youtube.com/watch?v=_-gwBB_UCoo
62c5112a-2715-5db7-a47d-3e35da523b6c,36866759-54ad-5659-9f96-9216daa31a1d,4,Andaz Mera Mastana,Lata Mangeshkar,4.0,https://www.youtube.com/watch?v=mdx4Agx0FxI,https://music.youtube.com/watch?v=2COjzoeTk4w,https://music.youtube.com/watch?v=tUAuYBswjWc,
84f71997-f0a5-5591-9219-849ee5fb9ff4,5064db6a-f16a-5f3c-b15f-098b5a012822,7,Mujhko Is Raat Ki Tanhai Mein (Male),Mukesh,4.6,https://www.youtube.com/watch?v=9xl2Cv3vpMs,https://music.youtube.com/watch?v=GbJ4ex5DFUM,https://music.youtube.com/watch?v=9xl2Cv3vpMs,https://music.youtube.com/watch?v=xfjS2hET-ek
703ec0f5-0a30-587a-be4b-5a7b5caeea61,5064db6a-f16a-5f3c-b15f-098b5a012822,9,Mujhko Is Raat Ki Tanhai Mein (Female),Lata Mangeshkar,4.33,https://www.youtube.com/watch?v=xfjS2hET-ek,https://music.youtube.com/watch?v=xfjS2hET-ek,https://music.youtube.com/watch?v=Vr7jx-iyjEM,https://music.youtube.com/watch?v=r2a6xvrCcfg
757dd457-9701-5b48-a3fa-7ae4bd7ed292,090cd5be-0f75-5a2b-b660-0dbe7e274199,7,O Meri Baby Doll,Mohammed Rafi,4.0,https://www.youtube.com/watch?v=NMTS6noR8IQ,https://music.youtube.com/watch?v=f05em1JxYmw,https://music.youtube.com/watch?v=Koa0zkkOtjA,https://music.youtube.com/watch?v=a5DhAVuopng
1ee3d98a-9e8f-5341-91e3-613d7d28f276,aa0b223d-a3e6-5e17-a178-27752218fd92,1,Ghazab Kiya Tere Vaade Pe Aitbaar Kiya,Mohammed Rafi,4.0,https://www.youtube.com/watch?v=FlbXCl_dRRw,https://music.youtube.com/watch?v=FlbXCl_dRRw,https://music.youtube.com/watch?v=T76YNawxqMU,https://music.youtube.com/watch?v=ZkQYUh9RLr8
f23610bc-60cd-54d0-a540-70043ce105dc,d4aa38d6-33b1-5593-aff4-5cabdc00c52c,5,Aaj Mujhe Kuchh Kehna Hai,"Kishore Kumar, Sudha Malhotra",4.5,https://www.youtube.com/watch?v=WJL8CYgKELw,https://music.youtube.com/watch?v=WJL8CYgKELw,https://music.youtube.com/watch?v=-2_XGkl3KSA,https://music.youtube.com/watch?v=VjRZ1cadVIg
00125c15-481f-59b5-80aa-e218405a10f0,180b5eae-282b-54f4-90a5-2281298611e1,3,Mere Khwabon Mein Khayalon Mein (Male),"Mukesh, Lata Mangeshkar",4.0,https://www.youtube.com/watch?v=9P8i-j6pshc,https://music.youtube.com/watch?v=9P8i-j6pshc,https://music.youtube.com/watch?v=lPQiaduZPiA,https://music.youtube.com/watch?v=czXpIH3Hls0
443c8083-1b10-5e7b-8a7a-8afd9d76c99f,180b5eae-282b-54f4-90a5-2281298611e1,4,Mere Khwabon Mein Khayalon Mein (Female),Lata Mangeshkar,4.0,https://www.youtube.com/watch?v=B86tUuqyukk,https://music.youtube.com/watch?v=Zxgvob1Ew0c,https://music.youtube.com/watch?v=RLm5CsFHJKc,https://music.youtube.com/watch?v=JNoUOvRYV_0
a049d3ed-b734-5032-b73f-23be1e54c19c,d56c6cdb-e237-56e8-b417-449e87fb4dec,3,Hum Hindustani (Chhodo Kal Ki Baatein Kal Ki Baat Purani),Mukesh,4.2,https://www.youtube.com/watch?v=Vyp4z-d4fNk,https://music.youtube.com/watch?v=YYOagD7cNkY,https://music.youtube.com/watch?v=6ki2gGPlpFk,https://music.youtube.com/watch?v=lnPa2nY23u8
88d3a69d-0bd4-5d7e-8bf2-8b023e334cb0,98148d96-725d-540a-9729-a1d7b4d6190e,3,Jis Desh Mein Ganga Behti Hai (Hothon Pe Sachchai Rahti Hai),Mukesh,4.5,https://www.youtube.com/watch?v=lL79NdvMcSY,https://music.youtube.com/watch?v=_AzK4Risrzc,https://music.youtube.com/watch?v=lL79NdvMcSY,
29465d1f-1db6-5922-82c8-61c32561d155,98148d96-725d-540a-9729-a1d7b4d6190e,9,O Basanti Pavan Paagal,Lata Mangeshkar,4.67,https://www.youtube.com/watch?v=t6D7hD-qmbI,https://music.youtube.com/watch?v=g8lC-GCOssc,https://music.youtube.com/watch?v=YhPhrhWivzA,https://music.youtube.com/watch?v=Bx4jXYMoL4U
6f11f37e-14f1-53e7-bd44-72ce225b0641,98148d96-725d-540a-9729-a1d7b4d6190e,10,Jis Desh Mein Ganga Behti Hai - 1,Mukesh,4.33,https://www.youtube.com/watch?v=UQzYUywW45o,https://music.youtube.com/watch?v=z_l9WChDM1k,https://music.youtube.com/watch?v=_AzK4Risrzc,
5b4f7044-2531-585d-9b9d-810b5c81c437,98148d96-725d-540a-9729-a1d7b4d6190e,11,Aa Ab Laut Chalen,"Lata Mangeshkar, Mukesh",4.5,https://www.youtube.com/watch?v=ryWsVskIE3Y,https://music.youtube.com/watch?v=-axgKQ-IM1s,https://music.youtube.com/watch?v=5W_MUqV0srI,
33b692f1-d134-534b-b3d5-bb4b9fa58127,d27e6313-6416-5dc2-9714-4f0ec6480902,5,Dil Dhoondhta Hai Sahare Sahare,Mukesh,4.0,https://www.youtube.com/watch?v=DEKfSiRWUYI,https://music.youtube.com/watch?v=uHj58fI1rdw,https://music.youtube.com/watch?v=CN6RyyaUXNA,https://music.youtube.com/watch?v=zTQopCVMbtw
373d5ff5-9fa3-55d7-98b8-306a6e092dc2,00d633b3-ec3e-51db-800f-51b672509df5,2,Naa Main Dhan Chahoon,"Geeta Dutt, Sudha Malhotra",4.33,https://www.youtube.com/watch?v=gYbljv_GM6c,https://music.youtube.com/watch?v=TqJi-C7gjbs,https://music.youtube.com/watch?v=slH9Cko2v30,https://music.youtube.com/watch?v=UNPlSvrZwFQ
95f6dd79-0ac7-54da-9e88-f9b5d89cb98f,00d633b3-ec3e-51db-800f-51b672509df5,3,Apni Toh Har Aah Ik Toofan Hai,Mohammed Rafi,4.0,https://www.youtube.com/watch?v=NIyQLdqjWMI,https://music.youtube.com/watch?v=s8RmknVb4q4,https://music.youtube.com/watch?v=cWIMjJor5GA,https://music.youtube.com/watch?v=1qjTd4FR1X4
0db1f7ad-566a-5c5e-8027-5d2f67b6edeb,00d633b3-ec3e-51db-800f-51b672509df5,5,Khoya Khoya Chaand Khula Aasman,Mohammed Rafi,5.0,https://www.youtube.com/watch?v=EsENO8IjmoY,https://music.youtube.com/watch?v=wynQT0ZNF74,https://music.youtube.com/watch?v=Luh1HXCzML0,
96cbfc2b-47d9-5648-8d1b-1a7258e390b3,00d633b3-ec3e-51db-800f-51b672509df5,8,Rimjhim Ke Tarane Leke Aayi Barsaat,"Geeta Dutt, Mohammed Rafi",4.0,https://www.youtube.com/watch?v=VOKtdd4u10A,https://music.youtube.com/watch?v=C9kSwIYEAzQ,https://music.youtube.com/watch?v=1GJxFLDy81E,https://music.youtube.com/watch?v=2OhCrl9NcDg
304c7fe9-3f1a-50d6-9386-9ba3109f5f95,6c142aac-d598-509f-9db2-567e62dba7cd,7,Tu Hai Mera Prem Devta,"Mohammed Rafi, Manna Dey",4.5,https://www.youtube.com/watch?v=HwHLjV7xZoc,https://music.youtube.com/watch?v=nH9fS2RiGYA,https://music.youtube.com/watch?v=rjchAQP4EbU,https://music.youtube.com/watch?v=20AA4WoeXHA
f4ecf4b1-f994-57fb-9c65-ae87805bf5c2,64a0863e-afae-581b-86bd-d19d866d1ce1,2,Madhuban Mein Radhika Nache Re,Mohammed Rafi,4.67,https://www.youtube.com/watch?v=zjw_hBkkyZc,https://music.youtube.com/watch?v=uAeSpSBQQBM,https://music.youtube.com/watch?v=5DfwDvX5gYo,https://music.youtube.com/watch?v=qYwAguSCd5k
79357d85-0640-5606-8cdc-01e15731b7e6,64a0863e-afae-581b-86bd-d19d866d1ce1,3,Do Sitaron Ka Zamin Par Hai Milan Hai Aaj Ki Raat,"Lata Mangeshkar, Mohammed Rafi",4.67,https://www.youtube.com/watch?v=liFXgM99bhM,https://music.youtube.com/watch?v=2j2WP677t4E,https://music.youtube.com/watch?v=thw71pK-tAA,
bd6106ef-a316-5b34-9a33-ffbedc5148cf,7fa1f772-41e3-5bcc-a9c3-64197de3217e,3,Poochho Na Hamen Hum Unke Liye,Asha Bhosle,4.5,https://www.youtube.com/watch?v=OJVKSkOXsXE,https://music.youtube.com/watch?v=OJVKSkOXsXE,https://music.youtube.com/watch?v=w7j8JFECjcY,https://music.youtube.com/watch?v=sntXTKQiTPI
c435badc-ad82-5874-8da6-04c2244723e2,6c5cb04f-e85d-57cb-90f2-4eb20dce5f85,1,Shubh Din Aayo Raj Dulara,Bade Ghulam Ali Khan,4.5,https://www.youtube.com/watch?v=pJ_sPvFpoWA,https://music.youtube.com/watch?v=pJ_sPvFpoWA,https://music.youtube.com/watch?v=u2cKMGbokKI,https://music.youtube.com/watch?v=8UpT9799e1Y
abfdd68d-43b9-5e4d-b7c2-c143b881c1c5,6c5cb04f-e85d-57cb-90f2-4eb20dce5f85,2,Mohe Panghat Pe Nandlal,Lata Mangeshkar,4.0,https://www.youtube.com/watch?v=_IlUksdo6U8,https://music.youtube.com/watch?v=Ssfr8dugs4Y,https://music.youtube.com/watch?v=hqgHVgybpb4,https://music.youtube.com/watch?v=8_Pp3b9n0Qo
2199e66c-ef50-54bf-ac73-fce08d0944f6,6c5cb04f-e85d-57cb-90f2-4eb20dce5f85,3,Teri Mehfil Mein Kismat Aazma Kar,"Lata Mangeshkar, Shamshad Begum",4.25,https://www.youtube.com/watch?v=0KyVir4-fyY,https://music.youtube.com/watch?v=-xP3rwdc86s,https://music.youtube.com/watch?v=7haD1FacVYU,https://music.youtube.com/watch?v=gM8a-lFFYAA
ba6c2d9b-38fd-5f6d-8b6e-2d3ed2fa85af,6c5cb04f-e85d-57cb-90f2-4eb20dce5f85,5,Prem Jogan Ban Ke,Bade Ghulam Ali Khan,4.25,https://www.youtube.com/watch?v=r4BIkkXO8dI,https://music.youtube.com/watch?v=1o9c8GAnA2o,https://music.youtube.com/watch?v=VPiRfxZ1EZ8,https://music.youtube.com/watch?v=sydSC6tv9vA
89d01154-d936-5e4a-a458-08ced94d9f06,6c5cb04f-e85d-57cb-90f2-4eb20dce5f85,6,Mohabbat Ki Jhoothi Kahani Pe Roye,Lata Mangeshkar,4.0,https://www.youtube.com/watch?v=Z2ANcAqe5N0,https://music.youtube.com/watch?v=IImM8wTVZyU,https://music.youtube.com/watch?v=Gzmsd-rD5K8,https://music.youtube.com/watch?v=1O_Ly7OYzzo
4d41dc8a-6476-5493-b542-6c15e5787a0a,6c5cb04f-e85d-57cb-90f2-4eb20dce5f85,8,Pyar Kiya To Darna Kya,Lata Mangeshkar,4.75,https://www.youtube.com/watch?v=IkyxGIH152Q,https://music.youtube.com/watch?v=_XM8CH5Vb9I,https://music.youtube.com/watch?v=HVSU0GUJMOM,https://music.youtube.com/watch?v=5Xif0evTuVk
0a5f0a4a-68e3-5e52-9060-f2951d129b8e,6c5cb04f-e85d-57cb-90f2-4eb20dce5f85,9,Bekas Pe Karam Kijiye,Lata Mangeshkar,4.5,https://www.youtube.com/watch?v=lmpQD_elLn4,https://music.youtube.com/watch?v=lc9cezeG05s,https://music.youtube.com/watch?v=-K9rMJgpOeY,https://music.youtube.com/watch?v=B3X411sSUSo
d4e1d07a-77de-5a33-91b4-733a72531f84,6c5cb04f-e85d-57cb-90f2-4eb20dce5f85,10,Ae Mohabbat Zindabad,Mohammed Rafi,4.0,https://www.youtube.com/watch?v=sn9Wgli1vNc,https://music.youtube.com/watch?v=hl7Hdb6IU0s,https://music.youtube.com/watch?v=LVqMOYJ7WGc,
4ee8aaa1-6077-5209-bbd4-e9df347b0517,3359da91-d60c-50d9-9553-7808f323c557,1,Mila Hai Kisi Ka Jhumka,Lata Mangeshkar,4.5,https://www.youtube.com/watch?v=V4lir4gcLt8,https://music.youtube.com/watch?v=oyCxkprlxUQ,https://music.youtube.com/watch?v=h8oc_k4NV1Y,
606bf9e1-a9a7-5e38-9f6e-9c2ac394ebf1,3359da91-d60c-50d9-9553-7808f323c557,3,O Sajna Barkha Bahaar Aayi,Lata Mangeshkar,5.0,https://www.youtube.com/watch?v=wwjtKZBYFRo,https://music.youtube.com/watch?v=agldEo689fc,https://music.youtube.com/watch?v=ygCF_zOXqLw,https://music.youtube.com/watch?v=SYEzJfSZm2w
11c636fc-7c38-569f-8b05-c56ef6391c14,3359da91-d60c-50d9-9553-7808f323c557,4,Mere Man Ke Diye Yun Hi,Lata Mangeshkar,4.6,http://www.youtube.com/watch?v=tkVxXZVx7l8,https://music.youtube.com/watch?v=tkVxXZVx7l8,https://music.youtube.com/watch?v=uX1PdjO8Ukc,https://music.youtube.com/watch?v=0QRTG2_c1Jg
5b7110cc-e367-58b7-91c3-3522c6081867,e11ea5da-dbb6-539f-9708-0ecf9f934817,4,Saaranga Teri Yaad Mein - I,Mohammed Rafi,4.0,https://www.youtube.com/watch?v=UalS2UZRMn4,https://music.youtube.com/watch?v=mJzehD-SKLg,https://music.youtube.com/watch?v=_TdZ_pqxvVw,https://music.youtube.com/watch?v=syUmQjYQ1fA
f1e0a30c-30c4-5ec7-a0b3-4287b47c83c0,e11ea5da-dbb6-539f-9708-0ecf9f934817,9,Saaranga Teri Yaad Mein - II,Mukesh,4.33,https://www.youtube.com/watch?v=dNkxgoAFzCk,https://music.youtube.com/watch?v=Eal1adsPux4,https://music.youtube.com/watch?v=IQSGfiPnjXU,
38db2479-bdd6-56ad-b013-2556e9781567,e11ea5da-dbb6-539f-9708-0ecf9f934817,11,Haan Deewana Hoon Main,Mukesh,4.0,https://www.youtube.com/watch?v=FMQNKWB67_w,https://music.youtube.com/watch?v=JiGm2hGm54M,https://music.youtube.com/watch?v=xWI994x8Dw8,https://music.youtube.com/watch?v=P62UfjqjkyY
16ac5098-9301-5fc7-a12e-701dc12b2fa0,0075f680-9e23-5adb-b009-86e8ab625840,7,Haal-E-Dil Hamara Jaane Naa,Mukesh,4.25,http://www.youtube.com/watch?v=ITG7Y6eJY4A,https://music.youtube.com/watch?v=IFduDJPqvrw,https://music.youtube.com/watch?v=CKPCiy2suMk,https://music.youtube.com/watch?v=kdv5UvCVsJ4
5355a1f4-909a-5bdb-9efa-ba8c704f23f1,3ca4266a-50f8-5dc4-beee-d6e591a97289,3,Aaha Rim Jhim Ke Ye Pyare Pyare,"Lata Mangeshkar, Talat Mahmood",4.5,https://www.youtube.com/watch?v=rmYMk1YOJWM,https://music.youtube.com/watch?v=ckV5n3uF5FM,https://music.youtube.com/watch?v=LQ0uiS_eNns,https://music.youtube.com/watch?v=gYY7UW3HVhk
580f35bd-0115-561c-a16d-8a1a4976d1c8,879d7654-ea8c-5a43-a5b5-a5b59dbb3d98,1,Aaj Ke Insaan Ko Ye Kya Ho Gaya,Kavi Pradeep,4.0,https://www.youtube.com/watch?v=hSeIgF_k7tE,https://music.youtube.com/watch?v=McSy2_weosc,https://music.youtube.com/watch?v=Bd6E2M4O9Eg,https://music.youtube.com/watch?v=_qqCUL-8Mx0
fad50da9-076c-524b-bf73-46f6e9f39dc7,1e25d51f-360f-591c-8ec4-1605319c89b0,2,Jyoti Kalash Chhalke,Lata Mangeshkar,4.67,https://www.youtube.com/watch?v=ajb-SgmNevg,https://music.youtube.com/watch?v=xxfte0uRcVI,https://music.youtube.com/watch?v=VgeePWRp-WM,https://music.youtube.com/watch?v=BH5RDNLjMYw
c886f72a-0872-5a8d-a734-c5a4a5fd53a5,1e25d51f-360f-591c-8ec4-1605319c89b0,3,Kahan Ud Chale Hain Man Pran Mere,"Asha Bhosle, Mukesh",4.0,https://www.youtube.com/watch?v=zFmUuscQOmE,https://music.youtube.com/watch?v=zFmUuscQOmE,https://music.youtube.com/watch?v=L2mwY-PDnXc,https://music.youtube.com/watch?v=Yb1B7WSEmPw
fb54ba57-9d97-5708-84a9-be7d81981a8e,1e25d51f-360f-591c-8ec4-1605319c89b0,5,Lau Lagaati Geet Gaati,Lata Mangeshkar,4.0,https://www.youtube.com/watch?v=hAHf1sc4Upc,https://music.youtube.com/watch?v=6ByqAvAUnyk,https://music.youtube.com/watch?v=hAHf1sc4Upc,https://music.youtube.com/watch?v=0yypac9Y020
416cbe42-858a-5cf2-bdbc-a3e9b321bf8d,793c665e-1099-5295-bc5f-b02b3fae3ec9,1,Chham Chham Naachat Aayi Bahar,Lata Mangeshkar,4.0,http://www.youtube.com/watch?v=G8WdeRlVca4,https://music.youtube.com/watch?v=6YbTBZGIRls,https://music.youtube.com/watch?v=gMDRYF-CRnc,https://music.youtube.com/watch?v=V0p8BCaFqRY
276263a9-5269-5a0d-a485-da17676ef557,793c665e-1099-5295-bc5f-b02b3fae3ec9,2,Ankhon Mein Masti Sharab Ki,Talat Mahmood,4.0,http://www.youtube.com/watch?v=YoTIFYtOGgo,https://music.youtube.com/watch?v=hPYgh-3SYAY,https://music.youtube.com/watch?v=yu5tOcNWCTs,https://music.youtube.com/watch?v=btcGGBh-OUw
58afc06b-b6e4-57a4-9404-e7dbcb7bc1da,793c665e-1099-5295-bc5f-b02b3fae3ec9,3,Aansoo Samajh Ke Kyon Mujhe,Talat Mahmood,4.0,http://www.youtube.com/watch?v=_w8KSpiLm14,https://music.youtube.com/watch?v=Io6IsxzhoXY,https://music.youtube.com/watch?v=v7znHKridVA,https://music.youtube.com/watch?v=shQyWPVYTFg
70fbfca6-a38e-536a-ab0f-d7b5a7de8b12,793c665e-1099-5295-bc5f-b02b3fae3ec9,4,Itna Na Mujhse Tu Pyar Badha (Male),Talat Mahmood,4.6,http://www.youtube.com/watch?v=0OblBifWzUs,https://music.youtube.com/watch?v=ETbFRFB3krE,https://music.youtube.com/watch?v=pYnZy7Zv8gU,https://music.youtube.com/watch?v=HnWbDI0_GZE
57127667-03ca-5997-96a5-d89a8e6cbd49,793c665e-1099-5295-bc5f-b02b3fae3ec9,5,Itna Na Mujhse Tu Pyar Badha (Duet),"Lata Mangeshkar, Talat Mahmood",4.67,https://www.youtube.com/watch?v=ClAXd0itpsA,https://music.youtube.com/watch?v=pYnZy7Zv8gU,https://music.youtube.com/watch?v=U4DzHdOX9gI,
c0207b4f-e6c6-501d-9c7e-2e717e735da7,f28f10dd-1886-58aa-b3b4-3909e6ef85f6,1,Ghar Aaja Ghir Aaye Badra Saanwariya,Lata Mangeshkar,4.5,http://www.youtube.com/watch?v=GAUXqsaLYd0,https://music.youtube.com/watch?v=cxo5SgaeTpc,https://music.youtube.com/watch?v=ZJ7cbONHVrM,https://music.youtube.com/watch?v=8rajA_KwvhM
581d4a2b-6eba-5087-a355-b9c9f3894e34,f28f10dd-1886-58aa-b3b4-3909e6ef85f6,2,Matwali Ankhonwale,"Lata Mangeshkar, Mohammed Rafi",4.2,http://www.youtube.com/watch?v=3l6Wf5owzIg,https://music.youtube.com/watch?v=SHorFaehq2g,https://music.youtube.com/watch?v=qKGrsm-QsYY,https://music.youtube.com/watch?v=CwAiiWv0vjo
eae374ce-384f-5522-b55d-aa55eda5d302,f28f10dd-1886-58aa-b3b4-3909e6ef85f6,4,Aaj Hua Mera Dil Matwala,"Lata Mangeshkar, Mohammed Rafi",4.0,http://www.youtube.com/watch?v=WHexLpQD7Yo,https://music.youtube.com/watch?v=zZupVESxW44,https://music.youtube.com/watch?v=JljcqqfIGms,https://music.youtube.com/watch?v=OhxOL_jIPng
fce2894a-e7bd-5025-bcf1-3defbaf6617b,f28f10dd-1886-58aa-b3b4-3909e6ef85f6,5,Jeenewale Muskura Ke Jee,"Lata Mangeshkar, Mohammed Rafi",4.0,http://www.youtube.com/watch?v=RaiFG2AcOlw,https://music.youtube.com/watch?v=ghWwyzc0yFY,https://music.youtube.com/watch?v=Tm5NdAn3W60,https://music.youtube.com/watch?v=2tOz5Jdpirw
69468d05-7e99-539a-8773-acd7ab38d023,f28f10dd-1886-58aa-b3b4-3909e6ef85f6,7,Aam Chhum Taam Chhum (Haar Ho Ki Jeet Ho),Mohammed Rafi,4.0,http://www.youtube.com/watch?v=DJt9oB9zGwg,https://music.youtube.com/watch?v=pWGwHVo390U,https://music.youtube.com/watch?v=1cIeApFREV0,https://music.youtube.com/watch?v=DJt9oB9zGwg
897a5e5d-f412-588e-a050-fafe546fd082,f28f10dd-1886-58aa-b3b4-3909e6ef85f6,8,Ilahi Tu Sun Le Hamari Dua,Mohammed Rafi,4.0,http://www.youtube.com/watch?v=cTeRWTod9Hs,https://music.youtube.com/watch?v=mwgHt6CXs7w,https://music.youtube.com/watch?v=cTeRWTod9Hs,https://music.youtube.com/watch?v=wtcVmHiIj80
3bd27fad-7557-5f26-ae9a-4d89a26964b2,8a0fe06a-91c3-5862-9b58-7fff41f50310,3,Husnwale Tera Jawab Nahin,Mohammed Rafi,4.33,http://www.youtube.com/watch?v=1Pn81ApIsfs,https://music.youtube.com/watch?v=yrqcS3Z4l6g,https://music.youtube.com/watch?v=1Pn81ApIsfs,https://music.youtube.com/watch?v=pEdoGj4mrfk
db38a978-6584-5221-b6a0-8e490cc53580,915f6265-e449-524f-92e1-ba9c7bba071e,6,Insaaf Ki Dagar Pe Bachchon Dikhao Chal Ke,Hemant Kumar,4.0,https://www.youtube.com/watch?v=oUy9P6da_1s,https://music.youtube.com/watch?v=ddcbfHWXU9M,https://music.youtube.com/watch?v=juvdOB-5jf0,https://music.youtube.com/watch?v=oUy9P6da_1s
f2bc0dd0-408c-5a85-9bf9-6ceef270d299,a54794e2-b81f-5de4-b2d3-2cf24fba79ed,1,Kabhi Tanhaiyon Mein Yun Hamari Yaad Aayegi,Mubarak Begum,4.33,https://www.youtube.com/watch?v=8q7edeXI9kc,https://music.youtube.com/watch?v=VCYRcwzurec,https://music.youtube.com/watch?v=iAdkoyCKFb8,https://music.youtube.com/watch?v=8ayWUCnyqis
1fd68518-7869-5902-a5d3-0abb757ffcc5,36630422-b38c-5344-9341-5b8f62e49abb,1,Allah Tero Naam Ishwar Tero Naam,Lata Mangeshkar,4.71,https://www.youtube.com/watch?v=CXuWxfmtmN4,https://music.youtube.com/watch?v=hS1wq8ZYsKI,https://music.youtube.com/watch?v=CXuWxfmtmN4,https://music.youtube.com/watch?v=5DOk2Ia6NZs
e093d017-7b2f-537d-82a8-f3461e02033c,36630422-b38c-5344-9341-5b8f62e49abb,2,Abhi Naa Jao Chhod Kar,"Asha Bhosle, Mohammed Rafi",4.92,https://www.youtube.com/watch?v=yKF9e5WFzIc,https://music.youtube.com/watch?v=YHd3rYyP9Yk,https://music.youtube.com/watch?v=oDfK3RfSlKk,https://music.youtube.com/watch?v=91NfetSKaCo
4345b444-6c10-58ff-902e-f168a319d51d,36630422-b38c-5344-9341-5b8f62e49abb,3,Jahan Mein Aisa Kaun Hai (Dukh Aur Sukh Ke Raaste),Asha Bhosle,4.67,https://www.youtube.com/watch?v=2FmbIzlh7FM,https://music.youtube.com/watch?v=9Y0y8jI_-8w,https://music.youtube.com/watch?v=oLQIvcD57pM,https://music.youtube.com/watch?v=W7k-ggkI-PQ
96f74848-9ed7-5a8a-bc80-3b5e4347efcd,36630422-b38c-5344-9341-5b8f62e49abb,4,Main Zindagi Ka Saath Nibhata Chala Gaya,Mohammed Rafi,4.75,https://www.youtube.com/watch?v=vljFJm8lLYU,https://music.youtube.com/watch?v=LMAlMnDyW84,https://music.youtube.com/watch?v=QCGh8s3mShQ,https://music.youtube.com/watch?v=ZwDvIZA-H9A
b5700362-7458-58c8-b9e7-392e711c6a1f,36630422-b38c-5344-9341-5b8f62e49abb,5,Kabhi Khud Pe Kabhi Haalaat Pe Rona Aaya,Mohammed Rafi,4.9,https://www.youtube.com/watch?v=9bzkFvxYt7Y,https://music.youtube.com/watch?v=by_876Mu1lQ,https://music.youtube.com/watch?v=ysKmgl2Zyrc,https://music.youtube.com/watch?v=ZgXVbZck3oo
57405276-7f77-52f0-8989-361d21595a72,36630422-b38c-5344-9341-5b8f62e49abb,6,Prabhu Tero Naam,Lata Mangeshkar,4.33,https://www.youtube.com/watch?v=F8jiA051fE4,https://music.youtube.com/watch?v=zYcIhmrqBJI,https://music.youtube.com/watch?v=92l48zbMBOw,https://music.youtube.com/watch?v=F8jiA051fE4
643a8fb1-ce97-5dce-a547-3a641480706d,2e224861-7982-54bd-8afa-914fb792ca76,2,Badi Mushkil Hai Badi Mushkil Hai Tumhen Bhool Jana,"Lata Mangeshkar, Talat Mahmood",4.0,https://www.youtube.com/watch?v=ze3YZmT-1Co,https://music.youtube.com/watch?v=5t_T2hA9kN4,https://music.youtube.com/watch?v=ze3YZmT-1Co,https://music.youtube.com/watch?v=agAI5g77R48
d80293a2-0369-595a-a225-02894ea86986,2e224861-7982-54bd-8afa-914fb792ca76,3,Raaz Seene Mein Mohabbat Ka,"Lata Mangeshkar, Talat Mahmood",4.25,https://www.youtube.com/watch?v=3-0tcBhUBU0,https://music.youtube.com/watch?v=FOganZpw2To,https://music.youtube.com/watch?v=RFQvBtq2z_w,https://music.youtube.com/watch?v=_Vt7Z3I8KkA
f27ad927-dbe6-5b6f-94c5-9770e455ba34,2e224861-7982-54bd-8afa-914fb792ca76,4,Raat Lagake Aayi Chanda Ki Bindiya,Lata Mangeshkar,4.0,https://www.youtube.com/watch?v=yAvqxeap8p4,https://music.youtube.com/watch?v=yAvqxeap8p4,https://music.youtube.com/watch?v=CcfT2zcAb9w,https://music.youtube.com/watch?v=t9f92pHrjfE
c323cce3-b0a7-5e55-9f8b-bc23ca5a7339,2e224861-7982-54bd-8afa-914fb792ca76,6,Zindagi Haseen Hai Zindagi Se Pyar Kar,Talat Mahmood,4.0,https://www.youtube.com/watch?v=kzekqHlnRZc,https://music.youtube.com/watch?v=YOs0SAYZx8o,https://music.youtube.com/watch?v=Us_cOy_BBjM,https://music.youtube.com/watch?v=rmEcnQidWQI
1aa21dcb-f896-5b15-bcf8-796077270eba,f7ff7729-955a-5783-9a30-b9fe4dcf6898,5,Dil Ne Kuchh Aise Pukara,Lata Mangeshkar,4.5,http://www.youtube.com/watch?v=WeloINngsJ0,https://music.youtube.com/watch?v=pdIOBekW70A,https://music.youtube.com/watch?v=TlEXdinc7Vc,https://music.youtube.com/watch?v=-jG9q_53-Ac
1eca04eb-4ad9-5738-bdce-ee66648acc79,63c5bce8-72e6-53cf-b73a-f7c6a0ffb869,4,Sau Saal Pehle Mujhe Tumse Pyar Tha,"Lata Mangeshkar, Mohammed Rafi",4.0,https://www.youtube.com/watch?v=6_5bcqwM6Qs,https://music.youtube.com/watch?v=hkaQHkOKAb4,https://music.youtube.com/watch?v=dL4Po4-Dh2A,
261ddf7b-0286-5cad-b1e8-cdfe9304b1d0,63c5bce8-72e6-53cf-b73a-f7c6a0ffb869,6,Jab Pyar Kisi Se Hota Hai (Jiya O Jiya O Jiya Kuch Bol Do) - Male,Mohammed Rafi,4.0,https://www.youtube.com/watch?v=TRaaaDixdZ4,https://music.youtube.com/watch?v=kvVd9kZ_xo4,https://music.youtube.com/watch?v=MLUWt4l1RaY,
88116cac-392a-511c-956f-5b27ca6d621c,63c5bce8-72e6-53cf-b73a-f7c6a0ffb869,9,Mohabbat Isko Kahte Hain (Bin Dekhe Aur Bin Pehchane),Mohammed Rafi,4.0,https://www.youtube.com/watch?v=j4DOHF820mw,https://music.youtube.com/watch?v=2n34g8hNBMI,https://music.youtube.com/watch?v=Qp524G-jQ6U,
e61b6197-44a0-51dc-81e8-8864a9cbdc61,63c5bce8-72e6-53cf-b73a-f7c6a0ffb869,10,Sito Pito Rito Sito Rito Pito Re,Lata Mangeshkar,4.0,https://www.youtube.com/watch?v=rdOjqsYa51A,https://music.youtube.com/watch?v=K1VOSkyZ2FA,https://music.youtube.com/watch?v=1PYBXK1UHOw,https://music.youtube.com/watch?v=-m9zv3P7QUU
8d818478-b4ff-59c8-9612-623c89411871,7be9a1fb-3c18-5ade-8f27-3b6975abb0bd,1,Main Hoon Jhum Jhum Jhum Jhum Jhumroo,Kishore Kumar,4.33,https://www.youtube.com/watch?v=U40ueG4yKiY,https://music.youtube.com/watch?v=-OnYETPz6iU,https://music.youtube.com/watch?v=iR9B3GAUWfM,https://music.youtube.com/watch?v=RJ8jY5Qwwn0
cb9963cc-257c-55b6-9ee0-f3ae52333148,7be9a1fb-3c18-5ade-8f27-3b6975abb0bd,7,Koi Humdam Na Raha Koi Sahara Naa Raha,Kishore Kumar,4.67,https://www.youtube.com/watch?v=oCSqcW8Gt4o,https://music.youtube.com/watch?v=WcDtDHjt_cc,https://music.youtube.com/watch?v=4dAAnIV0P94,https://music.youtube.com/watch?v=sH1eJKgRKpI
9cac6698-24d9-5525-8087-505407c07c1e,7be9a1fb-3c18-5ade-8f27-3b6975abb0bd,8,Thandi Hawa Yeh Chandni Suhani,Kishore Kumar,4.5,https://www.youtube.com/watch?v=72cyicbXYmE,https://music.youtube.com/watch?v=vAsgLUo2Jsw,https://music.youtube.com/watch?v=HxsUKLRkVQg,https://music.youtube.com/watch?v=O7Imv6rK5qY
d1ba4e7b-9de7-5ebc-82e1-a391559d07da,7be9a1fb-3c18-5ade-8f27-3b6975abb0bd,10,Ae Bhola Bhaala Mann Mera,"Asha Bhosle, Kishore Kumar",4.0,https://www.youtube.com/watch?v=wK7EVIBubO0,https://music.youtube.com/watch?v=LTDsrIegtoY,https://music.youtube.com/watch?v=NIUV8AMigbQ,
28654091-0bc3-547f-81d6-e9dbadfe8dfd,8b3c1b11-7391-5786-9c99-047ea60c8ee6,1,Ehsaan Tera Hoga Mujh Par (Female),Lata Mangeshkar,4.4,https://www.youtube.com/watch?v=ugX4mBcivxs,https://music.youtube.com/watch?v=6LaxJzOc7Q4,https://music.youtube.com/watch?v=_UNYuJSau4Q,https://music.youtube.com/watch?v=90Dix3U7p08
13a5340a-c798-55ba-91fb-b13237bbe6a1,8b3c1b11-7391-5786-9c99-047ea60c8ee6,2,Nain Tumhare Mazedar O Janaabe Aali,"Asha Bhosle, Mukesh",4.0,https://www.youtube.com/watch?v=X08jiy2yAOA,https://music.youtube.com/watch?v=YoqX_efLK-U,https://music.youtube.com/watch?v=RaWnidtIar4,https://music.youtube.com/watch?v=sEPGO5y_XHo
6c0ec6d6-ddd1-5237-b7bc-2363661283c9,8b3c1b11-7391-5786-9c99-047ea60c8ee6,4,Aai Aai Ya Sukoo Sukoo,Mohammed Rafi,4.0,https://www.youtube.com/watch?v=2im28k3WbUk,https://music.youtube.com/watch?v=LsUbFIJpmVA,https://music.youtube.com/watch?v=O9aDdUVnRhY,https://music.youtube.com/watch?v=EUrqrH-5bsE
993ed424-0c15-59b9-b123-8d9dcdacc568,8b3c1b11-7391-5786-9c99-047ea60c8ee6,5,Ehsaan Tera Hoga Mujh Par (Male),Mohammed Rafi,4.5,https://www.youtube.com/watch?v=ZUcoeFO5cbw,https://music.youtube.com/watch?v=hGAS7RY7uhU,https://music.youtube.com/watch?v=_UNYuJSau4Q,https://music.youtube.com/watch?v=1obTLZq-UT0
ad05cc6d-c14f-5d14-89ee-498722cac7bf,8b3c1b11-7391-5786-9c99-047ea60c8ee6,6,Din Saara Guzaara Tore Angana (Mere Yaar Shabba Khair),"Lata Mangeshkar, Mohammed Rafi",4.0,https://www.youtube.com/watch?v=mexagH377N0,https://music.youtube.com/watch?v=AY6VUR3GdF8,https://music.youtube.com/watch?v=iawqLhXHs1c,https://music.youtube.com/watch?v=BnUfsQ8HbcA
240b1d00-fafd-5705-bf3e-6089cf586c51,8b3c1b11-7391-5786-9c99-047ea60c8ee6,7,Ja Ja Ja Mere Bachpan,Lata Mangeshkar,4.0,https://www.youtube.com/watch?v=YPXazY04Vzc,https://music.youtube.com/watch?v=8LTPvBV8Uvc,https://music.youtube.com/watch?v=RLX4fTYWJhs,https://music.youtube.com/watch?v=h9FaxaI8MA8
54507614-bfca-5eb1-9e8b-e076e518dabd,8b3c1b11-7391-5786-9c99-047ea60c8ee6,8,Yahoo! Chaahe Koi Mujhe Junglee Kahe,Mohammed Rafi,4.2,https://www.youtube.com/watch?v=WQuWuJtqqIs,https://music.youtube.com/watch?v=8amIt5pM54k,https://music.youtube.com/watch?v=q3sU5D8FCVA,
a5cd197f-4d15-5f10-b465-79da12740608,5c3edadb-d276-547b-afb8-98a6230306d1,2,Ae Mere Pyare Watan,Manna Dey,4.25,https://www.youtube.com/watch?v=YNZ1n4v9e6k,https://music.youtube.com/watch?v=44x4iBdpJRY,https://music.youtube.com/watch?v=Kqr_S8j1or0,https://music.youtube.com/watch?v=FHy7Wml2e5g
d6744cc5-3921-5c4a-bf8f-cb8e1675d4fd,140e1202-c802-5b78-b418-8339afff295f,6,Hum Apne Gham Ko Saja Kar Bahaar Kar Lenge,Asha Bhosle,4.0,https://www.youtube.com/watch?v=EPFbBOym0RI,https://music.youtube.com/watch?v=EPFbBOym0RI,https://music.youtube.com/watch?v=TMn6sF0ooZE,https://music.youtube.com/watch?v=ooesGuT6c_Q
b4778a06-313f-51a3-8f5b-9bcbbce1869d,9a0595d8-85e4-521c-aea4-7f731ee4bd39,1,Tasveer Teri Dil Mein,"Lata Mangeshkar, Mohammed Rafi",4.75,https://www.youtube.com/watch?v=tKM58M7nwk0,https://music.youtube.com/watch?v=U0qDnrJ43xY,https://music.youtube.com/watch?v=NGhOE6YFlTc,https://music.youtube.com/watch?v=G1Gq5aFfUWI
0f3e46c2-7487-5444-80ec-2bb21697a560,9a0595d8-85e4-521c-aea4-7f731ee4bd39,2,Ja Re Ja Re Ud Ja Re Panchhi,Lata Mangeshkar,4.8,https://www.youtube.com/watch?v=RtsgWRX4Txo,https://music.youtube.com/watch?v=mQY0Zzt0M8k,https://music.youtube.com/watch?v=5jnJSLCWlQE,
5a6d8cd7-bd4d-5346-8b93-5078976c1ce7,9a0595d8-85e4-521c-aea4-7f731ee4bd39,5,Ae Dil Kahan Teri Manzil,"Dwijen Mukherjee, Lata Mangeshkar",4.0,https://www.youtube.com/watch?v=UjO7Mzkc0Cw,https://music.youtube.com/watch?v=TC2e4NTgscY,https://music.youtube.com/watch?v=FwdOIeY3I1w,https://music.youtube.com/watch?v=8qoWQQhhaF0
248abfe4-e7a1-5c42-8333-54c6197807c8,9a0595d8-85e4-521c-aea4-7f731ee4bd39,6,Ae Dil Kahan Teri Manzil,Lata Mangeshkar,4.0,https://www.youtube.com/watch?v=tj5Vb2NGATc,https://music.youtube.com/watch?v=nRUWW9sVlvg,https://music.youtube.com/watch?v=FwdOIeY3I1w,https://music.youtube.com/watch?v=TC2e4NTgscY
ea4046f8-997c-590a-8ffb-7af170e744e1,9a0595d8-85e4-521c-aea4-7f731ee4bd39,7,Koi Sone Ke Dilwala,Mohammed Rafi,4.33,https://www.youtube.com/watch?v=GtSBDLuW2yA,https://music.youtube.com/watch?v=Gh18nfZZBW8,https://music.youtube.com/watch?v=2s2dSd_RJIE,https://music.youtube.com/watch?v=R-Weazo7OKU
b464c287-ad3c-569f-bdc7-68f318689040,917b2bfb-8443-5c76-ba83-1b62feaafa08,3,Yeh Mausam Rangeen Sama,"Suman Kalyanpur, Mukesh",4.33,http://www.youtube.com/watch?v=YXj-zYCe5QA,https://music.youtube.com/watch?v=V_nqe8YN_aA,https://music.youtube.com/watch?v=EOd81d-Ejs8,https://music.youtube.com/watch?v=Rm8vztwdxsk
321b7534-5344-5cd0-b41a-0ceb4d1f6f5a,935ad6c9-bd10-5d88-9ef3-3269a7c90f83,7,Mujhe Raat Din Yeh Khayal Hai,Mukesh,4.0,https://www.youtube.com/watch?v=5-ydz6wXRvc,https://music.youtube.com/watch?v=Gl9_gnVZroI,https://music.youtube.com/watch?v=6RwOJfFEJp4,https://music.youtube.com/watch?v=X72Trwm4trM
dd297323-2977-5c00-bcb3-6d2d770bcea9,324d3365-1fea-5659-9e21-c82f3fef8492,5,Dekho Mausam Kya Bahaar Hai,"Lata Mangeshkar, Mukesh",4.0,https://www.youtube.com/watch?v=9lgWKqVcWH0,https://music.youtube.com/watch?v=0F0SrgAUm9M,https://music.youtube.com/watch?v=GvO__NXYmBk,https://music.youtube.com/watch?v=9lgWKqVcWH0
e3190b25-08cf-560b-b5c9-a692cd98c25a,e18ea2e4-e653-5ad6-b904-ee25c0867ad5,2,Saaz-E-Dil Chhed De,"Lata Mangeshkar, Mohammed Rafi",4.0,https://www.youtube.com/watch?v=FDjpTpJwO2Y,https://music.youtube.com/watch?v=40o0V_ZtOe8,https://music.youtube.com/watch?v=knd5qo3ABk0,https://music.youtube.com/watch?v=tRMuFSjJpzM
5cda7f40-f609-5d59-8b79-21afdfdce50b,52d8da1b-27ee-508a-a856-e8b085ac6cba,7,Dhalti Jaaye Raat,"Asha Bhosle, Mohammed Rafi",4.5,https://www.youtube.com/watch?v=bRtX2ehqlqs,https://music.youtube.com/watch?v=UCS-lUQC-XQ,https://music.youtube.com/watch?v=mktpsweSEqw,https://music.youtube.com/watch?v=PF7Wj5GPU70
d5ff4480-0ed7-52d9-8587-b8093f006635,23ebe797-96d7-5ded-9c16-e84cb42d9861,1,Aajaa Re Aaja Re Aaja Aaja Nain Dware,"Asha Bhosle, Subir Sen",4.0,https://www.youtube.com/watch?v=GGELwgqWjdQ,https://music.youtube.com/watch?v=GGELwgqWjdQ,https://music.youtube.com/watch?v=khWjGouVQ4w,https://music.youtube.com/watch?v=2zK6EWN5znQ
2cd64f04-77dd-5989-a869-8da0b85030e3,23ebe797-96d7-5ded-9c16-e84cb42d9861,2,Tum To Dil Ke Taar Chhed Kar (Male),Talat Mahmood,4.33,https://www.youtube.com/watch?v=91TY3A8c4cI,https://music.youtube.com/watch?v=vJwUXabllnY,https://music.youtube.com/watch?v=hDVb7i9MLNo,https://music.youtube.com/watch?v=-OvKM8EGclQ
cd63df23-f7e7-506a-8dc7-75452949bd3f,23ebe797-96d7-5ded-9c16-e84cb42d9861,4,Kahan Jaate Hain Woh,"Lata Mangeshkar, Mahendra Kapoor",4.0,https://www.youtube.com/watch?v=Ayp5KjcwEkg,https://music.youtube.com/watch?v=bGHoQOgKpAg,https://music.youtube.com/watch?v=v-vDgkuChTw,
e487bb54-510f-592d-a143-756681a3195d,23ebe797-96d7-5ded-9c16-e84cb42d9861,5,Tum To Dil Ke Taar Chhed Kar (Female),Lata Mangeshkar,4.33,https://www.youtube.com/watch?v=pOHfVQataUM,https://music.youtube.com/watch?v=pOHfVQataUM,https://music.youtube.com/watch?v=sNGzqwDQy1w,https://music.youtube.com/watch?v=hDVb7i9MLNo
02086446-37ba-5646-accd-94f623336962,3a66f74b-b55e-5040-9482-17fdecb633b4,1,Bhooli Hui Yaadon Mujhe Itna Na Sataao,Mukesh,4.5,https://www.youtube.com/watch?v=XnUJZI1Pow8,https://music.youtube.com/watch?v=hj83EqfFNgM,https://music.youtube.com/watch?v=UbIhMvTZ-9g,https://music.youtube.com/watch?v=DP5V9PSD84w
79cf185e-c51b-5638-acfc-c256ff6d9632,3a66f74b-b55e-5040-9482-17fdecb633b4,2,Woh Bhooli Daastan Lo Phir Yaad Aa Gayi,Lata Mangeshkar,4.8,https://www.youtube.com/watch?v=d6n8kekViOk,https://music.youtube.com/watch?v=jV-JIhygXjU,https://music.youtube.com/watch?v=LEsHUyrq0es,https://music.youtube.com/watch?v=bA3mWuNhDVE
8fcb0e0d-4d56-5bef-b0e9-92339ab2b2ee,3a66f74b-b55e-5040-9482-17fdecb633b4,7,Kahte Hain Chand Jisko,Asha Bhosle,4.0,http://www.youtube.com/watch?v=m6PX6cVTceM,https://music.youtube.com/watch?v=JAT6HhM1CAI,https://music.youtube.com/watch?v=_YfclL-JAv4,https://music.youtube.com/watch?v=TQVR79iAx8Y
6ae33f05-78ee-54dc-89fa-511c0cfaa757,39439dfe-bb61-5cf7-bcf0-4851e70f19fe,7,Chand Kabhi Tha Baahon Mein,Savita Banerjee,4.0,https://www.youtube.com/watch?v=hk7S2cRqSNw,https://music.youtube.com/watch?v=hk7S2cRqSNw,https://music.youtube.com/watch?v=j42GQeWgibk,https://music.youtube.com/watch?v=B5JLlZa15Ho
529579d8-56b4-56ea-9cde-cdfbc3def27f,1eec89ec-da42-5e96-b0e0-cf74db9af657,4,Kya Mil Gaya Haye Kya Kho Gaya,"Lata Mangeshkar, Mohammed Rafi",4.0,https://www.youtube.com/watch?v=3qygwcEqWiU,https://music.youtube.com/watch?v=NteD64VMiLw,https://music.youtube.com/watch?v=dQl07vV9SKs,
fa42ce2b-0e7d-59c9-93c8-00552e25b8ec,1eec89ec-da42-5e96-b0e0-cf74db9af657,6,Apni Ulfat Pe Zamane Ka,"Lata Mangeshkar, Mukesh",4.0,https://www.youtube.com/watch?v=uFbWRiJJwqc,https://music.youtube.com/watch?v=l4yOSzf5O60,https://music.youtube.com/watch?v=6kZSih8KW7U,https://music.youtube.com/watch?v=b4OMJOcB-GM
d7d882d1-fd06-56d6-bd6b-71d1e2ad2ca8,1eec89ec-da42-5e96-b0e0-cf74db9af657,8,Sataa Le Ae Jahan,Mukesh,4.0,https://www.youtube.com/watch?v=9jSnScv_HSA,https://music.youtube.com/watch?v=lvsqo9dFc0c,https://music.youtube.com/watch?v=dHqV1du-RAA,https://music.youtube.com/watch?v=eyKlQiVexx4
bc1b05ab-f33e-5d45-873a-e2b395cfd1e0,0205507b-f0a6-56bf-b715-223b7ea001fe,1,Mummy Aur Daddy Mein Ladai Ho Gayi,Asha Bhosle,4.0,https://www.youtube.com/watch?v=lT9MKpH_K9E,https://music.youtube.com/watch?v=vXDzmdVLFTA,https://music.youtube.com/watch?v=ySqSVjpH4lQ,https://music.youtube.com/watch?v=UOHo8GBoVX8
66edf79f-0a78-5257-8a91-f198a6654e95,0205507b-f0a6-56bf-b715-223b7ea001fe,2,Jeet Hi Lenge Baazi Hum Tum,"Lata Mangeshkar, Mohammed Rafi",4.75,https://www.youtube.com/watch?v=ENogPU877b4,https://music.youtube.com/watch?v=MoGfefYRfXQ,https://music.youtube.com/watch?v=DAXGiEqtGu8,https://music.youtube.com/watch?v=CfssinEglbE
800a50df-5c30-53a6-a3bf-5e63f9179044,0205507b-f0a6-56bf-b715-223b7ea001fe,3,Phir Wohi Sawan Aaya,Jagjeet Kaur,4.0,https://www.youtube.com/watch?v=f_cBecnI7vA,https://music.youtube.com/watch?v=f_cBecnI7vA,https://music.youtube.com/watch?v=TUcKJmFHrbQ,https://music.youtube.com/watch?v=pqhKFsjMB-Q
29eee9ee-e7c0-5b22-8582-2aff697597f1,0205507b-f0a6-56bf-b715-223b7ea001fe,8,Jaane Kya Dhoondhti Rahti Hain,Mohammed Rafi,4.4,https://www.youtube.com/watch?v=VWW6lsU9pcE,https://music.youtube.com/watch?v=UqNb9FoQyzI,https://music.youtube.com/watch?v=i7kgXT2YyZw,
a3ad3eee-adab-55c8-b167-5b43379db3c0,0205507b-f0a6-56bf-b715-223b7ea001fe,10,Pahle To Aankh Milaana,"Jagjeet Kaur, Mohammed Rafi",4.0,https://www.youtube.com/watch?v=FkYlRbN4Z8M,https://music.youtube.com/watch?v=FkYlRbN4Z8M,,
ea63b563-85cf-5f6d-bf1f-a6f8d1989f0f,b4dbb19d-45e0-5d45-9518-1659ceb4e982,1,Teri Duniya Se Door Chale Hoke Majboor,"Lata Mangeshkar, Mohammed Rafi",4.0,https://www.youtube.com/watch?v=m2vu0ByWaO4,https://music.youtube.com/watch?v=0BmK4QeNZyg,https://music.youtube.com/watch?v=Aw4_gK72pBU,https://music.youtube.com/watch?v=Snw6McLX7q0
f83398c6-bef2-5cc3-a3ef-483f6607d2b3,5fcecf82-64cf-587c-b3ec-f2a37e2ac783,5,Na Jaane Kahaan Tum The,"Suman Kalyanpur, Manna Dey",4.5,https://www.youtube.com/watch?v=uuxSq6N7OW8,https://music.youtube.com/watch?v=TY4-rfWvizI,https://music.youtube.com/watch?v=wU1pdUUhmkg,https://music.youtube.com/watch?v=OedlZacYFb0
287cb2c4-02ac-5e9f-b15b-a35677e6fd43,9d0d47c3-778c-5792-b367-c6c3a1c53e3c,3,Aapne Yaad Dilaya To Mujhe Yaad Aaya,"Lata Mangeshkar, Mohammed Rafi",4.6,http://www.youtube.com/watch?v=eIYFPfiftXw,https://music.youtube.com/watch?v=G0LnAj2C6Bo,https://music.youtube.com/watch?v=ClIuOHxYMw0,https://music.youtube.com/watch?v=TVyrSzHSYm0
5fa6e803-1d99-5832-a779-449b1f505c55,9d0d47c3-778c-5792-b367-c6c3a1c53e3c,5,Kabhi To Milegi Kahin To Milegi,Lata Mangeshkar,4.0,http://www.youtube.com/watch?v=UMZWtjM7Xa8,https://music.youtube.com/watch?v=WDdVAMGDaF4,https://music.youtube.com/watch?v=uhFNEMPqNIw,https://music.youtube.com/watch?v=hUwQ3CntUGI
c361cd19-d2e2-5c58-94e7-19f7921738a8,9d0d47c3-778c-5792-b367-c6c3a1c53e3c,6,Ab Kya Misaal Doon Main Tumhare Shabab Ki,Mohammed Rafi,4.2,http://www.youtube.com/watch?v=ad5BcGFpxog,https://music.youtube.com/watch?v=hmfF5b_RwkI,https://music.youtube.com/watch?v=WchI8cTVxi8,https://music.youtube.com/watch?v=MWH1u6ZZxa8
808dd442-e160-594a-801f-dd6793124a18,9d0d47c3-778c-5792-b367-c6c3a1c53e3c,7,Tere Bin Saajan Laage Na Jiya Hamaar,"Lata Mangeshkar, Mohammed Rafi",4.0,http://www.youtube.com/watch?v=sAjy3E3lQPU,https://music.youtube.com/watch?v=bNATzzI6XDg,,
01847672-d6ae-5f84-98e7-c609d8da2be4,29482fc9-082a-59e9-8e54-c97b70f81976,1,Aap Ki Nazron Ne Samjha,Lata Mangeshkar,4.89,https://www.youtube.com/watch?v=Wv-VlQMD0VY,https://music.youtube.com/watch?v=r2yk5WkkOlk,https://music.youtube.com/watch?v=L39LUVvWnU0,https://music.youtube.com/watch?v=Wv-VlQMD0VY
0d6c3f48-2184-5999-9b00-2ace175c915b,29482fc9-082a-59e9-8e54-c97b70f81976,2,Hai Isi Mein Pyar Ki Aabroo,Lata Mangeshkar,4.75,https://www.youtube.com/watch?v=AlgzFrPoXlA,https://music.youtube.com/watch?v=JpHelTGYGzs,https://music.youtube.com/watch?v=AlgzFrPoXlA,https://music.youtube.com/watch?v=9sZcztBvxBE
45f8a532-368d-579b-b374-ae3beb0eecc4,29482fc9-082a-59e9-8e54-c97b70f81976,4,Jiya Le Gayo Ji Mora Sanwariya,Lata Mangeshkar,4.5,https://www.youtube.com/watch?v=sXqZz8M34xg,https://music.youtube.com/watch?v=sXqZz8M34xg,https://music.youtube.com/watch?v=Ty8Js132VZo,https://music.youtube.com/watch?v=pnVPxL6Ba-s
6be9c5db-d751-5feb-bef0-76799ff5b44f,1f981881-cdc7-5d7a-ad88-09acc5e3f97f,3,Tera Mera Pyar Amar,Lata Mangeshkar,4.25,https://www.youtube.com/watch?v=pz0WQl2s9v0,https://music.youtube.com/watch?v=QVhJimEpZoM,https://music.youtube.com/watch?v=FfTRwfysQEE,https://music.youtube.com/watch?v=1YHz_1IqOHg
79712f98-76e6-56a2-b41a-e5646cb1967f,1f981881-cdc7-5d7a-ad88-09acc5e3f97f,6,Gori Zara Hans De Tu Hans De Tu,Mohammed Rafi,4.0,http://www.youtube.com/watch?v=7F4RYna1AlA,https://music.youtube.com/watch?v=7F4RYna1AlA,https://music.youtube.com/watch?v=d9raU77Tnww,https://music.youtube.com/watch?v=Rmwcd4HPlH0
414f7ae7-3ac5-54c2-b706-bc6873b83568,1f981881-cdc7-5d7a-ad88-09acc5e3f97f,7,Chheda Mere Dil Ne Tarana Tere Pyar Ka (Pyar Ka Saaz Bhi Hai),Mohammed Rafi,4.0,http://www.youtube.com/watch?v=DS9BlwEG6FU,https://music.youtube.com/watch?v=7Lei2Am9OOA,https://music.youtube.com/watch?v=l14fRq2f9AA,https://music.youtube.com/watch?v=FYVbVJyAt68
4f0e8a24-808e-516d-92e9-fe90f3cb3d39,876fe4c0-9035-59df-a0c2-44de034540a5,1,Akela Hoon Main Is Duniya Mein,Mohammed Rafi,4.33,https://www.youtube.com/watch?v=5lZLjgxMxLg,https://music.youtube.com/watch?v=WbTP2ip5vEY,https://music.youtube.com/watch?v=ozjxf6WHDpo,https://music.youtube.com/watch?v=3wjZTdONxqc
3dbd543e-0565-5ffa-9843-0b94c549c2af,876fe4c0-9035-59df-a0c2-44de034540a5,2,Na Tum Hamen Jaano (Male),"Hemant Kumar, Suman Kalyanpur",4.8,https://www.youtube.com/watch?v=AuF-N8V3JXg,https://music.youtube.com/watch?v=yB--o8FQggE,https://music.youtube.com/watch?v=bsAswMEVKQ8,
6f4d672f-6b95-5e79-b30a-c3fb38c7e3fd,876fe4c0-9035-59df-a0c2-44de034540a5,5,Na Tum Hamen Jaano (Female),Suman Kalyanpur,4.67,https://www.youtube.com/watch?v=bsAswMEVKQ8,https://music.youtube.com/watch?v=4l1v9XZDIvQ,https://music.youtube.com/watch?v=bsAswMEVKQ8,https://music.youtube.com/watch?v=yB--o8FQggE
4662a0af-e505-5628-bb73-a0534a0eb3ae,fdb6bda6-02a1-5010-b4c2-746ece5ca44c,2,Kahin Deep Jale Kahin Dil,Lata Mangeshkar,4.75,https://www.youtube.com/watch?v=kKnyg_ZkFlY,https://music.youtube.com/watch?v=cfuE6_pJhqo,https://music.youtube.com/watch?v=WHgnUHtS1hU,https://music.youtube.com/watch?v=EdFsb35rulc
56f4b318-8233-5f02-8cf8-df3e03cd181f,fdb6bda6-02a1-5010-b4c2-746ece5ca44c,4,Beqarar Karke Humein Yun Na Jaiye,Hemant Kumar,4.8,https://www.youtube.com/watch?v=n9BXZ80xt-k,https://music.youtube.com/watch?v=CRpJGltYhew,https://music.youtube.com/watch?v=WgP_2Bw4qlI,https://music.youtube.com/watch?v=v-YnO4ZED6c
e621af87-cf9a-5cf9-aee6-792625c61206,1aad5c41-30ad-5931-bc75-534005db55de,6,Diwane Tum Diwane Hum,Lata Mangeshkar,4.0,http://www.youtube.com/watch?v=8X9Y4G_3YiQ,https://music.youtube.com/watch?v=SoKL6kMrP8I,https://music.youtube.com/watch?v=4H56OrBjhg4,https://music.youtube.com/watch?v=eARxK7IWgKs
9a0db24a-6776-54cd-bbc7-b76cd4868277,43537f0f-c204-506a-8471-9e053d4a32ad,1,Baar Baar Dekho Hazar Baar Dekho,Mohammed Rafi,4.67,https://www.youtube.com/watch?v=Bw13doEUod4,https://music.youtube.com/watch?v=xFWq3QWKDMs,https://music.youtube.com/watch?v=l-LthjvYVk8,https://music.youtube.com/watch?v=ijD4LAg5QBc
2255f789-a2f4-5ef0-97a0-1774c123c312,43537f0f-c204-506a-8471-9e053d4a32ad,8,Rangin Baharon Se Hai Gulzar China Town,Asha Bhosle,4.0,https://www.youtube.com/watch?v=e9gSFxZ2qG8,https://music.youtube.com/watch?v=gig8Mp_OInM,https://music.youtube.com/watch?v=MLKVNDuHj0M,https://music.youtube.com/watch?v=LVrp821_VgE
e197ff63-bc98-549c-8bd7-dc4660e85ac7,af58ab2d-2832-5b19-b82b-f6016cc50328,3,Mujhe Kitna Pyar Hai Tumse,"Lata Mangeshkar, Mohammed Rafi",4.0,http://www.youtube.com/watch?v=7rKX_9IrdwI,https://music.youtube.com/watch?v=C_oeEu91obA,https://music.youtube.com/watch?v=3UOnMZjjduc,https://music.youtube.com/watch?v=woFyj14OuQY
ff6e308a-0437-50c2-ba1a-bc0af60f88fd,e4503066-d670-5e51-b056-33df61244303,1,Pawan Diwani Na Maane,Lata Mangeshkar,4.0,https://www.youtube.com/watch?v=8khKmlWbOTM,https://music.youtube.com/watch?v=_USdxv3Ng9E,https://music.youtube.com/watch?v=8khKmlWbOTM,https://music.youtube.com/watch?v=PBs9hvOJx04
7ed242a2-3148-517e-910a-a65d9e3b0dce,e4503066-d670-5e51-b056-33df61244303,5,Jaani Tum To Dole Daga Dai Ke,Lata Mangeshkar,4.0,https://www.youtube.com/watch?v=WfWrqMQ9oXs,https://music.youtube.com/watch?v=SDRlZOLrZ5k,https://music.youtube.com/watch?v=qO7MFkv21Uk,
f8a1b6ce-ec29-5b41-b78b-bdf0ced5f561,e4503066-d670-5e51-b056-33df61244303,6,Ae Dil-E-Awara Chal,Mukesh,4.0,https://www.youtube.com/watch?v=cYOfJ8oI9bQ,https://music.youtube.com/watch?v=cYOfJ8oI9bQ,https://music.youtube.com/watch?v=jNp63arV5Pk,https://music.youtube.com/watch?v=JCMLPoGAU2Q
bcc489ac-48ec-5289-98f0-7199549281b7,746d5973-c545-5be8-85b3-a2eece75ad3a,2,Bahut Shukriya Badi Meharbani,"Asha Bhosle, Mohammed Rafi",4.5,https://www.youtube.com/watch?v=n2aSBlqu8sk,https://music.youtube.com/watch?v=_k5QdAqpJ1s,https://music.youtube.com/watch?v=eqgZ4zg6Ofk,https://music.youtube.com/watch?v=ygL6de0YVYg
c39f3b07-9ba8-5e50-b2ed-acf3227fd20e,746d5973-c545-5be8-85b3-a2eece75ad3a,3,Mujhe Dekh Kar Aap Ka Muskurana,Mohammed Rafi,4.75,https://www.youtube.com/watch?v=OHeZYbbD3tE,https://music.youtube.com/watch?v=fNt2PHTIOYw,https://music.youtube.com/watch?v=MLgvTcs_tt8,https://music.youtube.com/watch?v=Y7lzLDK-Gps
f28a263f-4574-508c-8573-3fdea0a710f6,746d5973-c545-5be8-85b3-a2eece75ad3a,9,Meri Nazren Hasin Hain Ki Tum Ho Hasin,Asha Bhosle,4.0,https://www.youtube.com/watch?v=8nnO7y1dUDo,https://music.youtube.com/watch?v=sSKBJo_fi7U,https://music.youtube.com/watch?v=Nnqyi68ZlVk,https://music.youtube.com/watch?v=8nnO7y1dUDo
e9bbf1de-51ec-5f60-a62a-cdf000ee6f88,746d5973-c545-5be8-85b3-a2eece75ad3a,10,Main Pyar Ka Raahi Hoon,"Asha Bhosle, Mohammed Rafi",5.0,https://www.youtube.com/watch?v=WtP8VL136uI,https://music.youtube.com/watch?v=uHe02Kfi_ks,https://music.youtube.com/watch?v=WtP8VL136uI,https://music.youtube.com/watch?v=r-ePM6XRr7w
ce9606ef-7775-5d2f-928d-d33f8977ead9,e293a567-9abc-5fb0-ade1-a8da914ed156,4,Dil Ki Tamanna Thi Masti Mein (Duet),"Asha Bhosle, Mohammed Rafi",4.0,https://www.youtube.com/watch?v=YmY9aaAmXEQ,https://music.youtube.com/watch?v=AzfxstVInwU,https://music.youtube.com/watch?v=KyIzslcPwx0,https://music.youtube.com/watch?v=-jAEfxe9hyU
0ae8d51a-bee2-5fbf-b085-f0d622629c15,e293a567-9abc-5fb0-ade1-a8da914ed156,6,Dil Ki Tamanna Thi Masti Mein (Male),Mohammed Rafi,4.33,https://www.youtube.com/watch?v=YmY9aaAmXEQ,https://music.youtube.com/watch?v=KyIzslcPwx0,https://music.youtube.com/watch?v=AzfxstVInwU,https://music.youtube.com/watch?v=QdrwjJAq3FM
8cf043f8-ecc5-5586-b632-0f0a1f06eb0c,76689e01-c33c-5775-a017-240b74d12b52,2,Woh Ek Nigah Kya Mili,"Lata Mangeshkar, Kishore Kumar",4.0,https://www.youtube.com/watch?v=ZYr2P9ei8PI,https://music.youtube.com/watch?v=TWHWj57j-ck,https://music.youtube.com/watch?v=uZ3J0hFh0-s,
d8bb5416-0456-50d9-bd34-c8230aea40d2,76689e01-c33c-5775-a017-240b74d12b52,3,Aake Seedhi Lagi Dil Pe Jaise Katariya,Kishore Kumar,4.5,https://www.youtube.com/watch?v=ZJwOzpW3k7g,https://music.youtube.com/watch?v=4MJKMzetqUg,https://music.youtube.com/watch?v=DbuZZUHkeBI,https://music.youtube.com/watch?v=XGhMrUlyChI
31eb1cbd-949f-51e6-8e21-c3682c6d600f,76689e01-c33c-5775-a017-240b74d12b52,5,Aankhon Mein Tum Dil Mein Tum Ho,"Geeta Dutt, Kishore Kumar",4.0,http://www.youtube.com/watch?v=zAhFP43X5fE,https://music.youtube.com/watch?v=KNpTp86m6Dc,,
a5bb384f-7c44-59cf-8a8e-07e8ea4f0b9a,76689e01-c33c-5775-a017-240b74d12b52,6,Chand Raat Tum Ho Saath,"Lata Mangeshkar, Kishore Kumar",4.5,http://www.youtube.com/watch?v=zFO9QvDV3JI,https://music.youtube.com/watch?v=pwOiubK5H4g,,
e29d14f1-a778-5495-abf9-1b0c9afd14b2,2be102dd-13e7-57ae-87a3-d41a0e1d6233,1,Bol Meri Taqdeer Mein Kya Hai (Duet),"Lata Mangeshkar, Mukesh",4.0,https://www.youtube.com/watch?v=UnivK3qAg1s,https://music.youtube.com/watch?v=LfFX1VLuxXQ,https://music.youtube.com/watch?v=_bH77G6S_is,https://music.youtube.com/watch?v=olyuC1UXfXc
ba218bde-f2a3-5369-86ce-2dcd70e6999c,2be102dd-13e7-57ae-87a3-d41a0e1d6233,3,Kho Gaya Hai Mera Pyar,Mahendra Kapoor,4.33,https://www.youtube.com/watch?v=MDWjClHx4hY,https://music.youtube.com/watch?v=_qcIYom_x-U,https://music.youtube.com/watch?v=3CgIqyGD8XA,
4c04f912-6403-51a3-bbc0-db95857a7101,2be102dd-13e7-57ae-87a3-d41a0e1d6233,4,Yeh Hariyali Aur Yeh Raasta,Lata Mangeshkar,4.0,https://www.youtube.com/watch?v=JDkcUAjInNo,https://music.youtube.com/watch?v=ePZC5T4Bgn0,https://music.youtube.com/watch?v=NZP7uYRvBeg,https://music.youtube.com/watch?v=9BW0a3ojfss
2ad47e3f-b431-5fc8-9061-d7b2444d8103,2be102dd-13e7-57ae-87a3-d41a0e1d6233,5,Teri Yaad Dil Se Bhulane Chala Hoon,Mukesh,4.67,https://www.youtube.com/watch?v=BtqJbZIBIVw,https://music.youtube.com/watch?v=3XW6Dv-FWxA,https://music.youtube.com/watch?v=-8kSVDwPk80,https://music.youtube.com/watch?v=ZIjVr-Y5W2Y
94ef3688-1c61-5709-a82e-39ac32b2c7e9,882b068e-a6f3-586c-8e77-adddc62c206a,6,Honolulu,Asha Bhosle,4.33,https://www.youtube.com/watch?v=tgl74O9kIZg,https://music.youtube.com/watch?v=tgl74O9kIZg,https://music.youtube.com/watch?v=_7HAHBVfcxY,https://music.youtube.com/watch?v=FkG2m2PlOLQ
45de400f-e519-5ddc-a572-fcf35fd6cb38,857116bc-2dcb-50f1-bf79-411ce8c5ab3d,2,Chand Jane Kahan Kho Gaya,"Lata Mangeshkar, Mohammed Rafi",4.5,http://www.youtube.com/watch?v=O9QfWt_Agvc,https://music.youtube.com/watch?v=sCELhWeZB2c,https://music.youtube.com/watch?v=H1xW6Un59VQ,https://music.youtube.com/watch?v=a2mnxk5u5WY
097134c6-6735-59d6-8d56-41817f74952f,857116bc-2dcb-50f1-bf79-411ce8c5ab3d,4,Tumhi Ho Mata Pita Tumhi Ho,Lata Mangeshkar,4.0,http://www.youtube.com/watch?v=qDlNiRIlPDQ,https://music.youtube.com/watch?v=qDlNiRIlPDQ,https://music.youtube.com/watch?v=x9tZxqJOnu4,https://music.youtube.com/watch?v=s_n24owBvdk
411f327b-302c-532e-ba96-a58edde63f47,9359f5cc-c36f-535c-b46f-df12770d953d,6,Albeli Naar Preetam Dware,Manna Dey,4.0,https://www.youtube.com/watch?v=NserAVNQalQ,https://music.youtube.com/watch?v=JbLeN2JiVuE,https://music.youtube.com/watch?v=NE2kkQ8TN4k,https://music.youtube.com/watch?v=m5vIjopysZM
e2d80f88-3997-5c91-8d4d-e49e1e3b8d80,fc9280be-e537-5a97-b786-0006cf1df9ab,4,Zaroorat Hai Zaroorat Hai,Kishore Kumar,4.33,http://www.youtube.com/watch?v=1zmb_8F4HuE,https://music.youtube.com/watch?v=2x2TOyG_Jb4,https://music.youtube.com/watch?v=j-aM6dkKFJQ,https://music.youtube.com/watch?v=xxp6PwyTaMg
e6e28c2b-f241-509d-a026-96fd56215a14,fc9280be-e537-5a97-b786-0006cf1df9ab,5,Main Toh Tum Sang Nain Mila Ke Haar Gayi Sajna,Lata Mangeshkar,4.5,http://www.youtube.com/watch?v=eYhH4PK1WbA,https://music.youtube.com/watch?v=5P6j-YEA1CA,https://music.youtube.com/watch?v=1UpAZ0Ikzo0,
bf595235-78b5-58d6-8cf3-d4f2b46a6c74,539c632b-7fc7-56ab-856a-736574479076,5,Yeh Mere Andhere Ujaale Na Hote,"Lata Mangeshkar, Talat Mahmood",4.0,https://www.youtube.com/watch?v=kgn_Rpd4ZCI,https://music.youtube.com/watch?v=9_94v8zoYDQ,https://music.youtube.com/watch?v=mnS3jbSyP74,https://music.youtube.com/watch?v=kgn_Rpd4ZCI
8a500b05-2480-5968-9536-dab2db745b05,287b8066-680a-58b8-b096-43db9950b70a,1,Aye Gulbadan,Mohammed Rafi,4.33,https://www.youtube.com/watch?v=jroIBI4mH5g,https://music.youtube.com/watch?v=5rvlYjjgoFg,https://music.youtube.com/watch?v=jroIBI4mH5g,https://music.youtube.com/watch?v=XFndN3_0CkQ
d85a70ed-a818-5748-82c9-4b7173e7be7c,287b8066-680a-58b8-b096-43db9950b70a,4,Main Chali Main Chali,"Lata Mangeshkar, Mohammed Rafi",4.5,https://www.youtube.com/watch?v=xomPMEUi7aE,https://music.youtube.com/watch?v=EQSfKZ2JI8A,https://music.youtube.com/watch?v=EbRP5K5ffaI,https://music.youtube.com/watch?v=WPf-CWW0Z7k
5ee66a78-6974-57c0-bb24-bd1eb74143d3,287b8066-680a-58b8-b096-43db9950b70a,6,Awaz De Ke Humen Tum Bulao,"Lata Mangeshkar, Mohammed Rafi",4.67,https://www.youtube.com/watch?v=nOTxejJPvHY,https://music.youtube.com/watch?v=SMuvkuPkUn8,https://music.youtube.com/watch?v=pX9l83bANgQ,https://music.youtube.com/watch?v=jDFF9IBB_Ow
18542da9-3049-50ee-8763-5006e6c0b6aa,b12b7ad5-626d-5f4f-8474-0f1926aa590a,1,Chhoti Si Yeh Duniya Pehchane Raaste Hain (Female),Lata Mangeshkar,4.0,https://www.youtube.com/watch?v=4ctWJTAOAdM,https://music.youtube.com/watch?v=4ctWJTAOAdM,https://music.youtube.com/watch?v=zMmKRhg-GFE,https://music.youtube.com/watch?v=ApyHxBoyvCU
20f1f895-b8b2-51a1-83d6-66650d43684a,b12b7ad5-626d-5f4f-8474-0f1926aa590a,5,Chhoti Si Yeh Duniya Pehchane Raaste Hain (Male),Kishore Kumar,4.5,http://www.youtube.com/watch?v=6AwXJT8mL8Y,https://music.youtube.com/watch?v=ApyHxBoyvCU,https://music.youtube.com/watch?v=4ctWJTAOAdM,https://music.youtube.com/watch?v=AFlzD56J5Oc
77145748-0bc8-5cab-8240-d8443db73041,fef8d978-8516-5a5c-aaff-aa1017ce95a4,2,Bhanwara Bada Naadaan Hai,Asha Bhosle,4.67,http://www.youtube.com/watch?v=DHyRikMZXqw,https://music.youtube.com/watch?v=uFigUNGkNBo,https://music.youtube.com/watch?v=9tolO_VXMuI,https://music.youtube.com/watch?v=o0ta7Q23hfs
2dff0a70-b480-5dde-afb6-69f6974c04e4,fef8d978-8516-5a5c-aaff-aa1017ce95a4,3,Meri Baat Rahi Mere Man Mein,Asha Bhosle,4.67,http://www.youtube.com/watch?v=yH90122MXws,https://music.youtube.com/watch?v=nriUeCqCOmk,https://music.youtube.com/watch?v=pkVD-xcfXd4,https://music.youtube.com/watch?v=FijllT6FqOI
19087a87-9177-5ae5-9662-55facac25e96,fef8d978-8516-5a5c-aaff-aa1017ce95a4,4,Saqiya Aaj Mujhe Neend Nahin Aayegi,Asha Bhosle,4.33,http://www.youtube.com/watch?v=RIRVQ4vJrY4,https://music.youtube.com/watch?v=fu_C-VAV7Kk,https://music.youtube.com/watch?v=rvaYjVU2DT4,https://music.youtube.com/watch?v=3dD8Z6DlW_M
d24ab738-ce2c-54f9-b2bc-c388ce0fecd6,fef8d978-8516-5a5c-aaff-aa1017ce95a4,5,Chale Aao Chale Aao,Geeta Dutt,4.33,http://www.youtube.com/watch?v=7pqVaX6-n1M,https://music.youtube.com/watch?v=0ygugMc9s7E,https://music.youtube.com/watch?v=qAS4TokIiq8,https://music.youtube.com/watch?v=7pqVaX6-n1M
593f0bc9-e3dd-5568-909c-72f31d6f927d,fef8d978-8516-5a5c-aaff-aa1017ce95a4,7,Piya Aiso Jiya Mein Samaay Gayo Re,Geeta Dutt,4.0,http://www.youtube.com/watch?v=tUn8NNFKXQs,https://music.youtube.com/watch?v=DgQvLoM7k3I,https://music.youtube.com/watch?v=SgIJ1G3scpw,https://music.youtube.com/watch?v=JDBMGCMw0-Q
c0da0fed-0b7a-533e-a8fd-5350a047c407,fef8d978-8516-5a5c-aaff-aa1017ce95a4,8,Na Jao Saiyan Chhuda Ke Baiyan,Geeta Dutt,4.2,http://www.youtube.com/watch?v=TCDbIT13MRY,https://music.youtube.com/watch?v=aTJJD5ipCD0,https://music.youtube.com/watch?v=TCDbIT13MRY,https://music.youtube.com/watch?v=8ovYF5svC14
356b9187-c617-5f3e-9a4b-6067cf37f191,b2424cbd-1f59-5095-aeeb-28faaf033ff8,5,Tum Jo Aao To Pyar Aa Jaaye,"Suman Kalyanpur, Manna Dey",4.0,https://www.youtube.com/watch?v=dbFBX5yUJdg,https://music.youtube.com/watch?v=dbFBX5yUJdg,https://music.youtube.com/watch?v=sey4T0dtO6o,https://music.youtube.com/watch?v=E0dNUQK1908
a0d13986-8056-5c0f-ad5a-2fbf5b03b319,a3a9c45b-a73a-5c78-9023-32118eaf78c8,4,Sapta Suran Teen Gram - I,Manna Dey,4.0,https://www.youtube.com/watch?v=_yo-KS1DgZ4,https://music.youtube.com/watch?v=_yo-KS1DgZ4,https://music.youtube.com/watch?v=7eU4Bfy-ZOQ,https://music.youtube.com/watch?v=dgfd23HOLwk
6e51689b-985c-5db0-b752-dfc23d995051,d0949c25-eaef-54b7-af51-27e5efb9d51b,4,Ja Main Tose Naahi Boloon,Lata Mangeshkar,4.5,https://www.youtube.com/watch?v=Be2WtEUCCyo,https://music.youtube.com/watch?v=WTcXSp2KvNs,https://music.youtube.com/watch?v=qFV0PBAuXz0,https://music.youtube.com/watch?v=K7gKrX6bsHQ
0b98ee4d-e506-5cd0-a7f6-d6a017ba8b4a,d0949c25-eaef-54b7-af51-27e5efb9d51b,8,Ab Laagi Naahi Chhoote Rama,"Meena Kapoor, Lata Mangeshkar",4.0,https://www.youtube.com/watch?v=f0ONu5GPe7Q,https://music.youtube.com/watch?v=tNXznyRWDFU,https://music.youtube.com/watch?v=52ZybMjm-QQ,https://music.youtube.com/watch?v=u2uJ2yDleFc
a4f94f9b-41b9-5d7e-9714-969a3540e25b,934e797e-bbd2-541a-9aad-8daf5a9dfe2e,1,Nanha Munna Raahi Hoon Desh Ka Sipahi Hoon,Shanti Mathur,4.0,https://www.youtube.com/watch?v=9RikqSfmFxU,https://music.youtube.com/watch?v=9RikqSfmFxU,https://music.youtube.com/watch?v=FPHCmIzieIw,https://music.youtube.com/watch?v=JylVnnM2tbA
2470575d-99b5-5004-9af2-3dcf6ccd6162,934e797e-bbd2-541a-9aad-8daf5a9dfe2e,2,Diya Naa Bujhe Ri Aaj Hamara,Lata Mangeshkar,4.0,https://www.youtube.com/watch?v=XG6yBnPVAqk,https://music.youtube.com/watch?v=XG6yBnPVAqk,https://music.youtube.com/watch?v=k2j_0LieZ6s,https://music.youtube.com/watch?v=vkYprBmD2mQ
2056d281-ee2d-5617-a280-f79d7c3e1c12,934e797e-bbd2-541a-9aad-8daf5a9dfe2e,3,Mujhe Huzoor Tumse Pyar Hai,Geeta Dutt,4.0,https://www.youtube.com/watch?v=BcUODB7FrVo,https://music.youtube.com/watch?v=BcUODB7FrVo,https://music.youtube.com/watch?v=TvCegV1vZss,
9be4bc79-a8fc-55eb-bfd2-1d01f7c35a55,934e797e-bbd2-541a-9aad-8daf5a9dfe2e,4,Dil Todne Wale Tujhe Dil Dhoondh Raha Hai,"Lata Mangeshkar, Mohammed Rafi",4.0,https://www.youtube.com/watch?v=55ra1fnEwQQ,https://music.youtube.com/watch?v=ppa9-zxYric,https://music.youtube.com/watch?v=YmQslBz6pF8,
97cc9f41-3799-5adf-919d-94f3749b3e42,934e797e-bbd2-541a-9aad-8daf5a9dfe2e,5,Aaj Ki Taaza Khabar,Shanti Mathur,4.0,https://www.youtube.com/watch?v=nuSxEWVHhRA,https://music.youtube.com/watch?v=GJUxjFTLkIA,https://music.youtube.com/watch?v=nuSxEWVHhRA,https://music.youtube.com/watch?v=fMmk_pni9_g
e717b591-7db4-5aff-8783-e1a273217f0f,934e797e-bbd2-541a-9aad-8daf5a9dfe2e,8,Chal Diye De Ke Gham,Lata Mangeshkar,4.0,https://www.youtube.com/watch?v=2ZNe1KQSNDg,https://music.youtube.com/watch?v=2ZNe1KQSNDg,https://music.youtube.com/watch?v=q2CQruCKQ_Y,
a6d5c9a5-0c69-51b0-8bed-63ac23993fb4,38ec08bd-b6bc-5384-b9b8-406ded6a0b0d,2,Bahut Diya Dene Wale Ne Tujhko,Mukesh,4.67,https://www.youtube.com/watch?v=lF2QHMw61gs,https://music.youtube.com/watch?v=NmwlVQSDm4g,https://music.youtube.com/watch?v=y-cSeV61XBo,https://music.youtube.com/watch?v=zMblWdFfoho
3f3d9b7b-4902-5543-a209-1c89d0c9c45d,38ec08bd-b6bc-5384-b9b8-406ded6a0b0d,3,Geet Mera Sulaye Jagaye Tujhe,Lata Mangeshkar,4.0,https://www.youtube.com/watch?v=fiwnvD4TLXI,https://music.youtube.com/watch?v=ZPLdy0UGLYI,https://music.youtube.com/watch?v=E2Txw4b_yQs,https://music.youtube.com/watch?v=6P1oxoI2YA8
af8eda04-d116-5fdd-9b70-7eeea782f258,f7f3c821-c6af-5869-aac0-49baefe06ff9,3,Mujhe Tumse Mohabbat Hai,Mohammed Rafi,4.0,https://www.youtube.com/watch?v=uIefoTwgn4s,https://music.youtube.com/watch?v=V5n4Z1te8ak,https://music.youtube.com/watch?v=ENuzw0y7vUo,https://music.youtube.com/watch?v=QQ6lNNaNMok
4790bd00-2538-5a23-8804-ffe842017341,0edc0eff-73de-5fae-9730-f575c9e132f6,4,Balma Anari Man Bhaaye,Lata Mangeshkar,4.0,https://www.youtube.com/watch?v=m6doOa6A9g8,https://music.youtube.com/watch?v=tnoHZ1h9qVA,https://music.youtube.com/watch?v=v4OMcDDfzCA,https://music.youtube.com/watch?v=im-q1dO24Mw
0f7f1e55-c994-5566-91b0-cb1801f5a5d3,0edc0eff-73de-5fae-9730-f575c9e132f6,7,Umr Hui Tumse Mile,"Lata Mangeshkar, Hemant Kumar",4.33,https://www.youtube.com/watch?v=PIUtQ30EaAw,https://music.youtube.com/watch?v=ezOuyJdw0dA,https://music.youtube.com/watch?v=VC9UYUhvdKg,https://music.youtube.com/watch?v=kv58nO1mohw
7ec68f67-db79-557f-a3c9-46f5063102f6,dee127f0-7b98-5c16-8868-9561491a37e7,1,O Panchhi Pyare Sanjh Sakare,Asha Bhosle,4.0,https://www.youtube.com/watch?v=mIg8Q26p1VI,https://music.youtube.com/watch?v=mIg8Q26p1VI,https://music.youtube.com/watch?v=e9XK6X1CxDk,https://music.youtube.com/watch?v=0TaUiievthc
8d3d751e-19ff-5744-b257-038bc1227ed2,dee127f0-7b98-5c16-8868-9561491a37e7,2,Ab Ke Baras Bhej Bhaiya Ko Babul,Asha Bhosle,4.0,https://www.youtube.com/watch?v=tBwxdhX3m34,https://music.youtube.com/watch?v=H62rWNjnDbU,https://music.youtube.com/watch?v=8P9houGePbg,
7f37bfc9-0f1d-5e83-9d11-7536328dd1f9,dee127f0-7b98-5c16-8868-9561491a37e7,4,Mora Gora Ang Laile,Lata Mangeshkar,5.0,https://www.youtube.com/watch?v=77dP8x5rKAc,https://music.youtube.com/watch?v=hI1N35PGLiE,https://music.youtube.com/watch?v=MALZbc6034g,https://music.youtube.com/watch?v=8xRt86xmPU0
47ff92e3-5ee1-54ac-97da-363a38ff7a98,dee127f0-7b98-5c16-8868-9561491a37e7,6,O Janewale Ho Sake To Laut Ke Aana,Mukesh,4.5,https://www.youtube.com/watch?v=YSdjKg6CEaU,https://music.youtube.com/watch?v=pmRVFAV_9fg,https://music.youtube.com/watch?v=YSdjKg6CEaU,https://music.youtube.com/watch?v=t0h7yAtno6A
9c0a8311-1066-5909-ac25-49595e024890,dee127f0-7b98-5c16-8868-9561491a37e7,7,Mere Saajan Hain Us Paar (O Re Majhi),S.D. Burman,4.5,https://www.youtube.com/watch?v=Q99vM5N-CZM,https://music.youtube.com/watch?v=c8iRjVLH6xI,https://music.youtube.com/watch?v=Q99vM5N-CZM,https://music.youtube.com/watch?v=l4ixTXAntGY
18903620-9580-5fc8-891a-4c318912f68d,d6d258a2-cb3f-5a43-b5db-fe049ceddc69,3,Phir Woh Bhooli Si Yaad Aayi Hai,Mohammed Rafi,4.0,https://www.youtube.com/watch?v=TG5nfiiJGfc,https://music.youtube.com/watch?v=vULVvz9CzYw,https://music.youtube.com/watch?v=dlvpcbIrVcU,https://music.youtube.com/watch?v=TG5nfiiJGfc
9a5964ef-bb23-5e0f-9f48-b44ecc3e72e9,09b4fea0-f714-5276-a31d-96edb2176230,1,Yeh Jhuke Jhuke Naina,Mohammed Rafi,4.0,https://www.youtube.com/watch?v=MszEhdQIZzg,https://music.youtube.com/watch?v=MszEhdQIZzg,https://music.youtube.com/watch?v=yog1C1ZT0d4,
fe290374-487b-50e1-a472-9b0b326bf5b9,09b4fea0-f714-5276-a31d-96edb2176230,2,Woh Dil Kahan Se Laoon,Lata Mangeshkar,4.0,https://www.youtube.com/watch?v=pDRGaT03JFo,https://music.youtube.com/watch?v=pDRGaT03JFo,https://music.youtube.com/watch?v=G5l1NmIVO_g,https://music.youtube.com/watch?v=G9Q3RJ2Ks6Y
d0b5bb58-4aea-5f74-87a9-a271fb05c41e,09b4fea0-f714-5276-a31d-96edb2176230,4,Yaaro Yeh Jo Duniya Hai,Mohammed Rafi,4.0,https://www.youtube.com/watch?v=XXjVFL7HOIQ,https://music.youtube.com/watch?v=XXjVFL7HOIQ,https://music.youtube.com/watch?v=dSXrEhion20,https://music.youtube.com/watch?v=T7PbJVSLnLI
d5fe5764-86c6-5cb5-9ea9-b75ce701b0fa,09b4fea0-f714-5276-a31d-96edb2176230,5,Is Bhari Duniya Mein,Mohammed Rafi,4.25,https://www.youtube.com/watch?v=up4Gkxb66ac,https://music.youtube.com/watch?v=aZCubmiwCjE,https://music.youtube.com/watch?v=K7nA9mFrrwc,https://music.youtube.com/watch?v=up4Gkxb66ac
271dacef-c3e7-5c2b-934f-10597805a2a6,8fe1b9c2-a82d-5231-8981-516a682e7d32,6,Ae Dil Ab Kahin Le Ja,Hemant Kumar,4.0,https://www.youtube.com/watch?v=znNJoXP25BY,https://music.youtube.com/watch?v=oFV8YkfEFqM,https://music.youtube.com/watch?v=nRLp0AMqLFw,https://music.youtube.com/watch?v=BgNidA6Sp9c
ebb41a0b-54d5-5d3d-a732-9cfec3662cce,91816de1-b95b-5960-90ff-8919b1c29d52,2,Yaad Na Jaaye Beete Dinon Ki,Mohammed Rafi,4.33,https://www.youtube.com/watch?v=sxrw-OCRdgU,https://music.youtube.com/watch?v=pOkY5VEJ8aA,https://music.youtube.com/watch?v=pf0BIrQFVjU,https://music.youtube.com/watch?v=EzbXcIvspkE
0391a894-e364-5b64-aec3-8ab018a86a58,91816de1-b95b-5960-90ff-8919b1c29d52,5,Hum Tere Pyar Mein Saara Aalam Kho Baithe,Lata Mangeshkar,4.33,https://www.youtube.com/watch?v=vuVn1r0DpeE,https://music.youtube.com/watch?v=vuVn1r0DpeE,https://music.youtube.com/watch?v=xdZiUuwZeOI,
405101dc-3e33-5a85-9a7f-a49e201b0628,91816de1-b95b-5960-90ff-8919b1c29d52,6,Ruk Ja Raat Thahar Ja Re Chanda,Lata Mangeshkar,4.4,http://www.youtube.com/watch?v=i3Euu6uw1Bw,https://music.youtube.com/watch?v=ZxjaB39sp6I,https://music.youtube.com/watch?v=u1uBsddARzE,https://music.youtube.com/watch?v=BTnFq3JWlyQ
b614f8e3-f844-5889-b51c-a7b3a8b676cf,b2605f55-e244-5652-a9c7-1e7647500530,5,Laaga Chunari Mein Daag Chhupaoon Kaise,Manna Dey,4.71,https://www.youtube.com/watch?v=GEfhyZC0jAY,https://music.youtube.com/watch?v=2GcITYzRp_A,https://music.youtube.com/watch?v=h6lBftmTUp0,https://music.youtube.com/watch?v=BolP20-jJto
af1624e0-da93-524b-8c72-e24561fcddd3,b2605f55-e244-5652-a9c7-1e7647500530,6,Bhoole Se Mohabbat Kar Baitha,Mukesh,4.0,https://www.youtube.com/watch?v=urU29yM2e1k,https://music.youtube.com/watch?v=yM6A-QKxks4,https://music.youtube.com/watch?v=urU29yM2e1k,https://music.youtube.com/watch?v=CmFW--P5Eg4
187ff3a2-fe54-59c1-bd62-6cb39b203025,b2605f55-e244-5652-a9c7-1e7647500530,9,Tum Agar Mujhko Na Chaho To,Mukesh,4.4,https://www.youtube.com/watch?v=_f4q-rQLjz8,https://music.youtube.com/watch?v=VssLXlhsVt4,https://music.youtube.com/watch?v=RdK-EaVMrXY,https://music.youtube.com/watch?v=_f4q-rQLjz8
6709e2ae-39be-5bd0-ba76-4760393f4613,b2605f55-e244-5652-a9c7-1e7647500530,10,Nigahen Milane Ko Jee Chahta Hai,Asha Bhosle,5.0,https://www.youtube.com/watch?v=4Ig6N3t0LK8,https://music.youtube.com/watch?v=iGrfqMnX5O4,https://music.youtube.com/watch?v=BoDl_Ns6eA0,https://music.youtube.com/watch?v=OfRURnB4EMA
5eb73010-4611-5f2b-b290-0ac8d43318bc,418a1745-8348-57fb-9f3c-6e4ae2a8cfb0,1,O Jadugar Pyar Ke Yeh Bata,Lata Mangeshkar,4.0,https://www.youtube.com/watch?v=UXUbmcsaVy8,https://music.youtube.com/watch?v=UXUbmcsaVy8,https://music.youtube.com/watch?v=vHWbUJ_s_4M,
ce6c3b92-1430-51ec-9122-31866c54f4b0,418a1745-8348-57fb-9f3c-6e4ae2a8cfb0,2,Tum Hi Tum Ho Mere Jeevan Mein,"Lata Mangeshkar, Mohammed Rafi",4.25,http://www.youtube.com/watch?v=Ag2XtqWZ5jE,https://music.youtube.com/watch?v=E3EVRLMYuCw,https://music.youtube.com/watch?v=61meJnl611E,https://music.youtube.com/watch?v=Ag2XtqWZ5jE
580b4e65-d3e7-5c44-a170-de255e2ed155,418a1745-8348-57fb-9f3c-6e4ae2a8cfb0,5,Door Ke O Chanda Aa Meri Baahon Mein Aa,Lata Mangeshkar,4.33,https://www.youtube.com/watch?v=OiwY9snYOJQ,https://music.youtube.com/watch?v=OiwY9snYOJQ,https://music.youtube.com/watch?v=v2PQEkDFLQA,https://music.youtube.com/watch?v=K766PD-J6yQ
75f9c12e-b509-57fe-8b8a-bef22adab75e,df1815ed-9955-59be-9695-780be87ec156,7,Agar Sun Le To Ek Naghma,Kishore Kumar,4.0,https://www.youtube.com/watch?v=loBc_BPX6AI,https://music.youtube.com/watch?v=rQ5_99ADSPs,https://music.youtube.com/watch?v=loBc_BPX6AI,https://music.youtube.com/watch?v=M6oABiqyzzo
c9e915ba-6b5e-5a9c-ac00-f77d03204f4e,1874f2fe-8bb1-578e-9962-68cdd5fde477,1,Aaja Aaja Re Tujhko Mera Pyaar Pukaare (Happy),"Asha Bhosle, Mahendra Kapoor",4.0,https://www.youtube.com/watch?v=ZD0B45emj-U,https://music.youtube.com/watch?v=E5w9aDZT2uI,,
2f40b4e2-9a66-564a-bd08-a2445f524378,1874f2fe-8bb1-578e-9962-68cdd5fde477,4,Yeh Hawa Yeh Fiza Hai Udaas Jaise Mera Dil Aa Bhi Ja,Mahendra Kapoor,4.33,https://www.youtube.com/watch?v=6-_y0E20kn0,https://music.youtube.com/watch?v=6-_y0E20kn0,https://music.youtube.com/watch?v=n6KUDu4MCxk,
3fc2943a-b10c-5926-8c5a-92de7adab643,1874f2fe-8bb1-578e-9962-68cdd5fde477,6,Chalo Ek Baar Phir Se Ajnabi Ban Jaayein Hum Dono,Mahendra Kapoor,4.5,https://www.youtube.com/watch?v=GxdKkMeLuUA,https://music.youtube.com/watch?v=5UgKJMXVCYc,https://music.youtube.com/watch?v=0BNJsiOv3hA,https://music.youtube.com/watch?v=3ADKYBCej8s
f502ae01-5704-5d87-b369-097ff87dc0cf,24ff76a3-35b2-57e8-8a39-03eb1852ee15,3,Mujhko Apne Gale Laga Lo Ae Mere Hamrahi,"Mubarak Begum, Mohammed Rafi",4.5,https://www.youtube.com/watch?v=0Y8wylRjxRQ,https://music.youtube.com/watch?v=RdpB3j9qbq8,https://music.youtube.com/watch?v=dhkaWXX8a5k,https://music.youtube.com/watch?v=mNuGHO97JaI
09f3b3f9-e1cc-5f03-9854-289c708bf641,c500faf4-5726-59d0-9ee4-85cab2a7f90e,5,Har Aas Ashq Baar Hai,Lata Mangeshkar,4.0,https://www.youtube.com/watch?v=Jnl14AV-WdE,https://music.youtube.com/watch?v=lpMp-0sOWvY,https://music.youtube.com/watch?v=Jnl14AV-WdE,https://music.youtube.com/watch?v=kAildsXOmho
5ef8e8d9-c733-5cea-965b-610737d36c78,c500faf4-5726-59d0-9ee4-85cab2a7f90e,7,Chale Ja Rahe Hain (Kinare Kinare),Manna Dey,4.0,https://www.youtube.com/watch?v=WnLeUsqF12g,https://music.youtube.com/watch?v=VEO9L3IZNrQ,https://music.youtube.com/watch?v=Od9wz7WKQMY,https://music.youtube.com/watch?v=b-Jm373nZX4
84a0b20e-5bd7-5c76-acb0-e534967b2b66,0c13a64f-4213-595f-b501-bee5be4be26a,1,Mere Mehboob Tujhe Meri Muhabbat Ki Kasam (Male),Mohammed Rafi,4.25,https://www.youtube.com/watch?v=xcC_y62SOJ0,https://music.youtube.com/watch?v=nBzKqJE5144,https://music.youtube.com/watch?v=M454MQuATEU,
84f2888d-df6e-546a-983d-f454c24b58f4,0c13a64f-4213-595f-b501-bee5be4be26a,3,Ae Husn Zara Jaag Tujhe Ishq Jagaye,Mohammed Rafi,4.0,https://www.youtube.com/watch?v=lmeN8Ox0pTI,https://music.youtube.com/watch?v=lmeN8Ox0pTI,https://music.youtube.com/watch?v=vtz6bJxg420,https://music.youtube.com/watch?v=8NI-WH8i3nw
ea0ad767-fec5-57d8-9ca4-eb97b7bb20aa,0c13a64f-4213-595f-b501-bee5be4be26a,5,Mere Mehboob Tujhe Meri Muhabbat Ki Kasam (Female),Lata Mangeshkar,4.0,https://www.youtube.com/watch?v=kSqQxcw864I,https://music.youtube.com/watch?v=nBzKqJE5144,https://music.youtube.com/watch?v=M454MQuATEU,
3f343029-65c6-5a24-baab-3b5e57830c25,449b408d-86cf-5a6d-8bd6-a946f0f1c55f,1,Yeh Kisne Geet Chheda,"Suman Kalyanpur, Mukesh",4.0,https://www.youtube.com/watch?v=9k06yLiFwCM,https://music.youtube.com/watch?v=CtDiV4uBRXI,https://music.youtube.com/watch?v=9k06yLiFwCM,https://music.youtube.com/watch?v=QuOrhSTcpG0
933f11d9-e215-5f3e-8de7-3487734d7b0a,449b408d-86cf-5a6d-8bd6-a946f0f1c55f,4,Poochho Na Kaise Maine Rain Bitai - 1,Manna Dey,4.69,https://www.youtube.com/watch?v=0vh8_1ruoRo,https://music.youtube.com/watch?v=RVrWERU4B7k,https://music.youtube.com/watch?v=oLWa49qhUGs,https://music.youtube.com/watch?v=0vh8_1ruoRo
30f2c181-87b1-5b17-9f86-87d9c1e54417,449b408d-86cf-5a6d-8bd6-a946f0f1c55f,5,Naache Man Mora Magan,Mohammed Rafi,4.0,https://www.youtube.com/watch?v=5as7b0Zz8GI,https://music.youtube.com/watch?v=7ISlvTg7FC4,https://music.youtube.com/watch?v=3soN98XrIdI,https://music.youtube.com/watch?v=xlGW1416kPQ
9d251fef-288d-54a8-8614-6eadbba1b597,449b408d-86cf-5a6d-8bd6-a946f0f1c55f,6,Poochho Na Kaise Maine Rain Bitai - 2,"Manna Dey, S.D. Batish",4.29,https://www.youtube.com/watch?v=mKksC_XKCGM,https://music.youtube.com/watch?v=bhPUxr_lSQ0,https://music.youtube.com/watch?v=0vh8_1ruoRo,https://music.youtube.com/watch?v=s0XXy00dEvU
73f8e09e-d3bf-5631-88f4-cbd8564fc4fa,449b408d-86cf-5a6d-8bd6-a946f0f1c55f,7,Tere Bin Soone Nain Hamare,"Lata Mangeshkar, Mohammed Rafi",4.0,https://www.youtube.com/watch?v=CJnDIEKSPkk,https://music.youtube.com/watch?v=i8m57gyGuGE,https://music.youtube.com/watch?v=ElkQDfQgZ-c,https://music.youtube.com/watch?v=nibW58BhkR4
3a403c91-4775-5fb9-8aa2-ca6f9d4fc723,2163d682-524f-5b7f-8a19-5122d4566938,2,Hansta Hua Noorani Chehra,"Lata Mangeshkar, Kamal Barot",4.0,http://www.youtube.com/watch?v=5KkkDRCj3l8,https://music.youtube.com/watch?v=IsshBAv7Tp4,https://music.youtube.com/watch?v=znw_Sbf4ER0,https://music.youtube.com/watch?v=-V_v3WvFQqI
a44d53f6-7017-5975-b2b6-8cac36cb5f0e,2163d682-524f-5b7f-8a19-5122d4566938,5,Woh Jab Yaad Aaye,"Lata Mangeshkar, Mohammed Rafi",4.6,http://www.youtube.com/watch?v=lJti8tOpG0o,https://music.youtube.com/watch?v=9p1_qmZldvc,https://music.youtube.com/watch?v=d8GTxkXV5fM,https://music.youtube.com/watch?v=gW2jgJRRzTs
4581b7c3-04f9-5934-97ce-6d5a709dca24,2163d682-524f-5b7f-8a19-5122d4566938,7,Mere Dil Mein Halki Si,Lata Mangeshkar,4.0,http://www.youtube.com/watch?v=YYu9pF_RK1Q,https://music.youtube.com/watch?v=tCvygAz5AII,https://music.youtube.com/watch?v=tYZvHyWE89w,https://music.youtube.com/watch?v=lEaWsC9-1c8
d7b89cb6-c7f5-52be-8ab9-03f93a2b0b0c,8597e70b-f880-5771-8bf0-d33eaa7d3f27,1,Phir Wohi Dil Laya Hoon (Banda Parvar Thaam Lo Jigar),Mohammed Rafi,4.67,https://www.youtube.com/watch?v=P7Z-pnrPDnY,https://music.youtube.com/watch?v=8hqcmvg5k7Q,,
e0288967-0722-5228-b54b-96976f8752ef,8597e70b-f880-5771-8bf0-d33eaa7d3f27,2,Dekho Bijli Dole Bin Baadal Ki,"Asha Bhosle, Usha Mangeshkar",4.0,https://www.youtube.com/watch?v=qyLvgCTR9z4,https://music.youtube.com/watch?v=qyLvgCTR9z4,https://music.youtube.com/watch?v=Bt4EQ04apmo,https://music.youtube.com/watch?v=wb1zw0xyANM
0aaad13a-6180-5108-b636-a8aa76404508,8597e70b-f880-5771-8bf0-d33eaa7d3f27,3,Aanchal Mein Saja Lena Kaliyan,Mohammed Rafi,4.5,https://www.youtube.com/watch?v=zUAwJUsYBBY,https://music.youtube.com/watch?v=Cit77TV81eU,https://music.youtube.com/watch?v=zUAwJUsYBBY,
acd69ec5-d315-5b64-8c65-22340f345e2d,8597e70b-f880-5771-8bf0-d33eaa7d3f27,4,Aankhon Se Jo Utri Hai Dil Mein,Asha Bhosle,4.25,https://www.youtube.com/watch?v=YsgxrT4pLHg,https://music.youtube.com/watch?v=9KfgSU1JbJo,https://music.youtube.com/watch?v=mj5cUbt-XyE,https://music.youtube.com/watch?v=7VetxZl8HEw
fe10a481-5715-5b57-bfd9-0145261e044b,8597e70b-f880-5771-8bf0-d33eaa7d3f27,6,Lakhon Hain Nigahon Mein,Mohammed Rafi,4.67,https://www.youtube.com/watch?v=75O740Cbhm0,https://music.youtube.com/watch?v=kOBRCCfprA8,https://music.youtube.com/watch?v=75O740Cbhm0,https://music.youtube.com/watch?v=VulU-Y_2dN4
bba694bc-9e5c-5cdd-89b9-4419a987002d,8597e70b-f880-5771-8bf0-d33eaa7d3f27,9,Hamdam Mere (Nazneen Bada Rangin Hai Wada Tera),"Asha Bhosle, Mohammed Rafi",4.0,https://www.youtube.com/watch?v=APzIhIU0U7w,https://music.youtube.com/watch?v=kRZPtWCxy8M,https://music.youtube.com/watch?v=QL60X0OzYc4,https://music.youtube.com/watch?v=2o4ofPqID-w
629c77fc-e84f-5fc7-b6ed-029ea4902f52,df118c22-025f-5b25-b7ed-35a8df4d20cf,2,Chand Aahen Bharega,Mukesh,4.33,https://www.youtube.com/watch?v=mxFFPxWiyIo,https://music.youtube.com/watch?v=mxFFPxWiyIo,https://music.youtube.com/watch?v=JW5Or3DEecU,
a10310b5-211b-53d8-b550-aa02fab6a8f3,4e091579-acd3-5517-a55a-393426af28e9,5,Jaan-E-Bahaar Husn Tera Bemisal Hai,Mohammed Rafi,4.0,https://www.youtube.com/watch?v=1L3LhBQ39bM,https://music.youtube.com/watch?v=1L3LhBQ39bM,https://music.youtube.com/watch?v=Q6dVti1YVwM,https://music.youtube.com/watch?v=DFY4JnXC_E0
2a2325b9-67c3-52e9-a6a2-e955f43fbe48,4e091579-acd3-5517-a55a-393426af28e9,8,Zindagi Kya Hai Gham Ka Dariya Hai,Mohammed Rafi,4.0,https://www.youtube.com/watch?v=jn5EySu7cNc,https://music.youtube.com/watch?v=jn5EySu7cNc,https://music.youtube.com/watch?v=Y9veEKtguK0,https://music.youtube.com/watch?v=dsxzJNDT0c8
cac9dc81-c36e-594a-bd9a-e9424620eefb,eb6bbc13-3ff3-5a26-b293-ac23ecdf2c24,1,Yeh Kaisi Ajab Daastan Ho Gayi Hai,Suraiya,4.56,https://www.youtube.com/watch?v=j85uH5ffEWM,https://music.youtube.com/watch?v=UVSamJjY8QI,https://music.youtube.com/watch?v=j85uH5ffEWM,https://music.youtube.com/watch?v=97otjre1psI
6a131a50-ce12-534b-88e5-6986b1dca5db,70b2b746-e486-5f17-b1c4-c1194ae14e77,2,Ja Ja Jaare Tujhe Hum Jaan Gaye,"Lata Mangeshkar, Mohammed Rafi",4.0,https://www.youtube.com/watch?v=RUM7fIRdNNk,https://music.youtube.com/watch?v=DXkmZdC0DQ8,https://music.youtube.com/watch?v=OB7XxiaAx9M,https://music.youtube.com/watch?v=PE6sGfEvQpI
3b5c8300-abe4-5e08-becf-c28cb4bf9258,70b2b746-e486-5f17-b1c4-c1194ae14e77,4,Taqdeer Ka Fasana (Female),Lata Mangeshkar,4.0,http://www.youtube.com/watch?v=YdnZt2wsPtA,https://music.youtube.com/watch?v=xUfzmC16vIk,https://music.youtube.com/watch?v=QeEWGjqXy1c,
0cf70eaf-56c4-51a8-90d6-7f1cc2d71a5b,70b2b746-e486-5f17-b1c4-c1194ae14e77,5,Pankh Hote To Ud Aati Re,Lata Mangeshkar,4.5,https://www.youtube.com/watch?v=qPLBEp17eoc,https://music.youtube.com/watch?v=qPLBEp17eoc,https://music.youtube.com/watch?v=zfSo_j96NJM,https://music.youtube.com/watch?v=gO-N8uy4d9g
87d61c28-7fa2-5e6c-9ba0-365fde338255,70b2b746-e486-5f17-b1c4-c1194ae14e77,7,Tum To Pyar Ho Sajna,"Lata Mangeshkar, Mohammed Rafi",4.5,https://www.youtube.com/watch?v=8jCti1H2eEY,https://music.youtube.com/watch?v=6qNDpc-oSEg,https://music.youtube.com/watch?v=o0gaiTltKBo,https://music.youtube.com/watch?v=2IypDeoIDnY
850d02cb-76d7-58eb-ab7c-b3cd81a491f1,70b2b746-e486-5f17-b1c4-c1194ae14e77,8,Taqdeer Ka Fasana (Male),Mohammed Rafi,4.33,https://www.youtube.com/watch?v=QeEWGjqXy1c,https://music.youtube.com/watch?v=Bts_hSNsP4s,https://music.youtube.com/watch?v=_mfJ7YK0d1c,https://music.youtube.com/watch?v=hcZaFMbAb4Y
c9ad4cfb-f63f-5cb8-8eba-1fa7857cfd06,f20686c2-129b-5f74-a719-625c7095f61c,1,Jo Wada Kiya Woh Nibhana Padega - I,"Lata Mangeshkar, Mohammed Rafi",4.93,https://www.youtube.com/watch?v=u-ioONenaAQ,https://music.youtube.com/watch?v=A2IMY2gMgDA,https://music.youtube.com/watch?v=NaJlJ7CrWQY,https://music.youtube.com/watch?v=u-ioONenaAQ
2ca3c8da-6980-5139-b8aa-4593165f6734,f20686c2-129b-5f74-a719-625c7095f61c,2,Jo Baat Tujh Mein Hai Teri Tasveer Mein Nahin,Mohammed Rafi,4.43,https://www.youtube.com/watch?v=UEF6E6Cd8As,https://music.youtube.com/watch?v=9vcpg58IZRw,https://music.youtube.com/watch?v=uBT3j07NXk8,https://music.youtube.com/watch?v=Kr0uxN8ZdfY
6b1340aa-d0b2-5ce8-b9a9-b32377d35b13,f20686c2-129b-5f74-a719-625c7095f61c,4,Jo Wada Kiya Woh Nibhana Padega - II,"Lata Mangeshkar, Mohammed Rafi",4.25,https://www.youtube.com/watch?v=xbSYxL-Vo7w,https://music.youtube.com/watch?v=NaJlJ7CrWQY,https://music.youtube.com/watch?v=u-ioONenaAQ,
406104c4-ee02-5bb0-b5ca-9a0a07e654c9,f20686c2-129b-5f74-a719-625c7095f61c,5,Jurm-E-Ulfat Pe Hamen Log Saza Dete Hain,Lata Mangeshkar,4.5,https://www.youtube.com/watch?v=1SrWY5bXTeE,https://music.youtube.com/watch?v=vsb1q9Qx0QI,https://music.youtube.com/watch?v=OTugg8HAtEc,https://music.youtube.com/watch?v=r8JEYU2VjZY
0e754fdb-d0c7-55b1-be4e-3a14b3fd7e73,f20686c2-129b-5f74-a719-625c7095f61c,6,Paon Chhoo Lene Do Phoolon Ko,"Lata Mangeshkar, Mohammed Rafi",4.6,https://www.youtube.com/watch?v=xFNfWpzwQ8k,https://music.youtube.com/watch?v=DRcPv99NzYg,https://music.youtube.com/watch?v=X2kSVvZwWyc,https://music.youtube.com/watch?v=shhLS01ELHo
10c0a0a9-da8e-54b7-80c9-45cd50bc3f73,f21ad0c9-3901-51df-93dd-dd2fcc79bbae,4,Tu Kahan Yeh Bata,Mohammed Rafi,4.0,https://www.youtube.com/watch?v=KrXbWQMzX4U,https://music.youtube.com/watch?v=5RXY6k-2i2g,https://music.youtube.com/watch?v=KgezoiBPgWI,https://music.youtube.com/watch?v=fr6DdWAd_7k
94b00fd1-014c-56b9-a69e-7f464a128c13,f21ad0c9-3901-51df-93dd-dd2fcc79bbae,6,Dekho Rootha Naa Karo,"Lata Mangeshkar, Mohammed Rafi",4.4,https://www.youtube.com/watch?v=1DnNZD36gMQ,https://music.youtube.com/watch?v=Kr2CE66O0eE,https://music.youtube.com/watch?v=gaZk48ORegU,https://music.youtube.com/watch?v=StUdTFMb7B4
09e36d3b-9ab5-5ba2-9957-a161033b16a9,f21ad0c9-3901-51df-93dd-dd2fcc79bbae,7,Dil Ka Bhanwar Kare Pukar,Mohammed Rafi,4.67,https://www.youtube.com/watch?v=z-c9rL5ZZXs,https://music.youtube.com/watch?v=85LeoSAR-e8,https://music.youtube.com/watch?v=dekQT5J3JqU,https://music.youtube.com/watch?v=1mSCenmEWTI
2bca637a-a178-5305-8b71-5c1fe512270c,6b97a80f-0045-57ce-97af-e722860c72f6,2,Sau Baar Janam Lenge,Mohammed Rafi,4.0,https://www.youtube.com/watch?v=2X1BnrYsLcI,https://music.youtube.com/watch?v=njtBN9YPN3E,https://music.youtube.com/watch?v=slIsX7dWnxk,https://music.youtube.com/watch?v=AWT6cqQvX9g
06f8d4dd-5beb-5b13-bc58-1812c9d582c7,f01dd7ed-2733-5ca6-a06f-f529d033f32d,4,Humen Dum Dai Ke Sautan Ghar Jana,"Asha Bhosle, Mubarak Begum",4.0,https://www.youtube.com/watch?v=NWmKbiN9gZM,https://music.youtube.com/watch?v=JNxO5bEbvLA,https://music.youtube.com/watch?v=-CbydxiyWXA,https://music.youtube.com/watch?v=qEMy-UG-Hl4
6a709450-5a17-570f-b6f8-cd500b2cfaf7,df90a471-5e31-538f-9130-5f8cf403da02,1,Jahan Tu Hai Wahan Phir Chandni (Bahaar-E-Husn Teri),Mohammed Rafi,4.0,https://www.youtube.com/watch?v=2yvqOFdcVj0,https://music.youtube.com/watch?v=LIvVS2_CpZY,https://music.youtube.com/watch?v=vVsvgTE-riw,
3f63b6ed-de0c-5958-ab70-9337d013df99,df90a471-5e31-538f-9130-5f8cf403da02,4,Ek Sunehri Sham Thi,Lata Mangeshkar,4.0,https://www.youtube.com/watch?v=h_ugAvdB0rY,https://music.youtube.com/watch?v=h_ugAvdB0rY,https://music.youtube.com/watch?v=MlLjqT9vagY,https://music.youtube.com/watch?v=X2wns34Xr9o
8cf7990a-bc2d-50c3-ae20-c131340b8abb,df90a471-5e31-538f-9130-5f8cf403da02,7,Meri Dastan Mujhe Hi Mera Dil,Lata Mangeshkar,4.0,https://www.youtube.com/watch?v=LBRwY_HzuRA,https://music.youtube.com/watch?v=Foo3CnOX7Sg,https://music.youtube.com/watch?v=uWaomuBhl38,https://music.youtube.com/watch?v=erlk7XPeWek
f72cee4d-4fff-517e-91dd-5936cc35bc7a,c74c9e74-51c6-5feb-89ea-1d8e77799992,3,Agar Mujhse Mohabbat Hai,Lata Mangeshkar,4.2,https://www.youtube.com/watch?v=7j0uT7DVHzI,https://music.youtube.com/watch?v=uuJWR2H0sKA,https://music.youtube.com/watch?v=eaVt9Gaz1yI,https://music.youtube.com/watch?v=gOqA3l5UAvY
904b7e14-2fa8-5b55-99f9-97e01b7ea71a,c74c9e74-51c6-5feb-89ea-1d8e77799992,5,Yehi Hai Tamanna Tere Dar Ke Saamne,Mohammed Rafi,4.25,https://www.youtube.com/watch?v=Ze5uyjVxFiw,https://music.youtube.com/watch?v=jf29PZ8bHFg,https://music.youtube.com/watch?v=GG3W0pAILgA,https://music.youtube.com/watch?v=xZkvWGms1W8
15e9256a-fde7-5d2a-acba-d2809cd972e1,a1b23c7a-b418-597e-b160-fb5c4c5e5ca4,3,O Sanam Tere Ho Gaye Hum,"Lata Mangeshkar, Mohammed Rafi",4.0,https://www.youtube.com/watch?v=LE_RHVhOWeU,https://music.youtube.com/watch?v=xCoE872VlCM,https://music.youtube.com/watch?v=TFDkzrtIgnE,https://music.youtube.com/watch?v=2TCHz8GSs9Q
bfc4201c-795a-5f97-9c0a-6e847a3a7ed1,a8bf7135-3756-53e3-9c04-e3d60d2c623a,1,Radhike Tune Bansari Churayi,Mohammed Rafi,4.0,https://www.youtube.com/watch?v=RvLV4IpJPnw,https://music.youtube.com/watch?v=1T4BepwHkDc,https://music.youtube.com/watch?v=-zJU3HSSuik,https://music.youtube.com/watch?v=mS2jago6ZzU
96c4aa70-7ca0-521e-b03d-2a0e94dc25fd,a8bf7135-3756-53e3-9c04-e3d60d2c623a,5,Aaj Kal Mein Dhal Gaya Din (Male),Mohammed Rafi,4.0,http://www.youtube.com/watch?v=Bf87JpFSwLE,https://music.youtube.com/watch?v=RJZC9j4xCIU,https://music.youtube.com/watch?v=Rtsjd42p1Eg,https://music.youtube.com/watch?v=4mLMFXZz84U
52999545-2426-59ae-84ad-573b4a2fa4f4,9cb66868-786a-5fa2-be46-08fd7c467e4e,3,Ek Chameli Ke Mandve Tale,"Asha Bhosle, Mohammed Rafi",4.0,https://www.youtube.com/watch?v=Tju7grodk6E,https://music.youtube.com/watch?v=BBOJ1rxv0Kg,https://music.youtube.com/watch?v=WXAJPNJQ_rQ,https://music.youtube.com/watch?v=_A-BAt4k2gU
5e1709b7-f546-5dd5-a0f6-7e497bcbff0e,9cb66868-786a-5fa2-be46-08fd7c467e4e,5,Subah Na Aayi Sham Na Aayi,Mohammed Rafi,4.0,https://www.youtube.com/watch?v=KhdImxepGq8,https://music.youtube.com/watch?v=LBqHR0RbRR4,https://music.youtube.com/watch?v=G6Tf_rKucW0,
61e75740-f443-5f59-a64b-08835f1590b1,fd201837-e9a3-5614-841e-4de103643a83,2,Laage Tose Nain Daras Bina Paoon Chain,"Asha Bhosle, Talat Mahmood",4.0,https://www.youtube.com/watch?v=6rd80gOT-HQ,https://music.youtube.com/watch?v=Svenukig4OI,https://music.youtube.com/watch?v=qq1LxHVnti4,
e42e8894-86c5-5b53-89b2-366f44816caf,fd201837-e9a3-5614-841e-4de103643a83,6,Ashkon Ne Jo Paya Hai,Talat Mahmood,4.0,https://www.youtube.com/watch?v=z9Oii-1au4A,https://music.youtube.com/watch?v=z9Oii-1au4A,https://music.youtube.com/watch?v=lS1rdrzY84E,https://music.youtube.com/watch?v=tA6KSxJhrTM
f19a5589-1436-5744-95cd-8ab1cb6112a9,fc94ce7b-edef-57bc-8423-bdf9ec02923d,1,Sansaar Se Bhaage Phirte Ho,Lata Mangeshkar,4.33,http://www.youtube.com/watch?v=7bDwOaa61bQ,https://music.youtube.com/watch?v=yB32buWipHw,https://music.youtube.com/watch?v=4UOg7GWgEdk,https://music.youtube.com/watch?v=17kq4TkpeUE
ea119ca4-c02d-52d4-8407-a125a5d8aded,fc94ce7b-edef-57bc-8423-bdf9ec02923d,2,Kaahe Tarsaaye Jiyara,"Asha Bhosle, Usha Mangeshkar",4.4,https://www.youtube.com/watch?v=tQC6Prnwm2c,https://music.youtube.com/watch?v=tQC6Prnwm2c,https://music.youtube.com/watch?v=ze9vK3TTmnc,https://music.youtube.com/watch?v=iiziBoTKVvU
3df39791-9eae-56c1-8494-19f9e0321095,fc94ce7b-edef-57bc-8423-bdf9ec02923d,3,Man Re Tu Kaahe Na Dheer Dhare,Mohammed Rafi,4.75,https://www.youtube.com/watch?v=Acordc7r_SM,https://music.youtube.com/watch?v=3ditSvNfUkc,https://music.youtube.com/watch?v=Acordc7r_SM,https://music.youtube.com/watch?v=ES5yOtqQGks
7e109f41-4b7a-5d42-b71e-2ef6290dbf2a,fc94ce7b-edef-57bc-8423-bdf9ec02923d,7,Ae Ri Jaane Na Doongi,Lata Mangeshkar,4.0,https://www.youtube.com/watch?v=24qQ1GTqEAQ,https://music.youtube.com/watch?v=24qQ1GTqEAQ,https://music.youtube.com/watch?v=35QD-TOwrJY,https://music.youtube.com/watch?v=bAh89E6gWLA
95f2cb3f-287d-540c-a28a-5d0955ee72f5,031773fd-2c2d-5e09-ab29-5789f5e183b6,9,Lo Apna Jahan Duniyawalon,Asa Singh Mastana,4.0,https://www.youtube.com/watch?v=ksTzPuG4FZo,https://music.youtube.com/watch?v=VM3C_BkXu4E,https://music.youtube.com/watch?v=cq1W4otytH0,https://music.youtube.com/watch?v=ggnSP5ITOgM
d798a84b-994b-51c2-8fe7-8750f6c8f304,13f3d4e2-7713-542e-80ee-0995b6e4324c,1,Aa Chal Ke Tujhe Main Le Ke Chaloon,Kishore Kumar,4.75,https://www.youtube.com/watch?v=Tf5rQ8t5ngU,https://music.youtube.com/watch?v=8MwHRkFnHcE,https://music.youtube.com/watch?v=zImRafApHxs,https://music.youtube.com/watch?v=Zrd4x9qcLME
d0c9fe91-b28b-58a9-8793-b55cf8b14477,13f3d4e2-7713-542e-80ee-0995b6e4324c,5,Koi Lauta De Mere Beete Hue Din,Kishore Kumar,4.4,https://www.youtube.com/watch?v=ex0W1O9S41c,https://music.youtube.com/watch?v=it9kXbUCAIo,https://music.youtube.com/watch?v=eUbGZ-5T5Ac,https://music.youtube.com/watch?v=NhRBt0vu-HU
c920d515-c1c3-5b73-8acd-7f292ad491df,13f3d4e2-7713-542e-80ee-0995b6e4324c,6,Raahi Tu Mat Ruk Jaana (Door Gagan Ki Chhaon Mein),Hemant Kumar,4.4,https://www.youtube.com/watch?v=7nr6ZKshH-Y,https://music.youtube.com/watch?v=kQVuNDXoJ9k,https://music.youtube.com/watch?v=-IXJcUP_LJQ,https://music.youtube.com/watch?v=iZdEb29_TU4
bb541a02-eece-51fc-a998-db8244bb55e9,0269c426-a587-5e8b-903d-e32dc2553110,2,Chahoonga Main Tujhe Sanjh Savere,Mohammed Rafi,4.6,http://www.youtube.com/watch?v=C1CLFK9T028,https://music.youtube.com/watch?v=-FBnDXgIyA4,https://music.youtube.com/watch?v=5WIndyfT6ZQ,https://music.youtube.com/watch?v=qnqwYQSqOIM
75b4ecda-8b77-55d2-be20-4348ccb2a774,0269c426-a587-5e8b-903d-e32dc2553110,3,Raahi Manwa Dukh Ki Chinta Kyun Sataati Hai,Mohammed Rafi,4.25,http://www.youtube.com/watch?v=J7UK80PQkoo,https://music.youtube.com/watch?v=ZyOhoWGO89w,https://music.youtube.com/watch?v=cVMLsFSaBio,
ddb0e5dd-8101-5280-b3e7-840564e5c8dd,0269c426-a587-5e8b-903d-e32dc2553110,4,Mera To Jo Bhi Kadam Hai,Mohammed Rafi,4.0,https://www.youtube.com/watch?v=G0me1yF1wUw,https://music.youtube.com/watch?v=FI0x9_u7Sa8,https://music.youtube.com/watch?v=OjBS2OEDjoU,https://music.youtube.com/watch?v=_zJGZt_dfxA
39202682-3714-5298-a39e-26d79c5953a8,0269c426-a587-5e8b-903d-e32dc2553110,5,Jaanewalo Zara Mud Ke Dekho Mujhe,Mohammed Rafi,4.5,http://www.youtube.com/watch?v=tjB61sfhojo,https://music.youtube.com/watch?v=w45kXEjQKcE,https://music.youtube.com/watch?v=5q4PKpmy4_o,https://music.youtube.com/watch?v=jZFADMPm97A
4ecbe022-4dc0-5d4d-971d-78537f82709a,0269c426-a587-5e8b-903d-e32dc2553110,7,Meri Dosti Mera Pyar,Mohammed Rafi,4.0,http://www.youtube.com/watch?v=Nn_brPYTjpc,https://music.youtube.com/watch?v=8Sb0GK1ofJA,https://music.youtube.com/watch?v=HlpgAU86h3U,https://music.youtube.com/watch?v=7DEBPA9oVI4
56e2f48c-6f8c-505a-bfa6-7f54cad538d5,2a89ec5d-bd1a-58d6-9279-e67d8fcec93e,6,Jo Pyar Tune Mujhko Diya Tha,Mukesh,4.33,https://www.youtube.com/watch?v=d2GlSgjfn5Q,https://music.youtube.com/watch?v=X52L_UjRFEE,https://music.youtube.com/watch?v=sNDmom_r4Gw,https://music.youtube.com/watch?v=tP_tt8Ko7zQ
d68251f0-f19b-5ab4-983e-8ac982344434,de51ff4d-2191-576c-8b3e-350cf40c407f,1,Hamare Sang Sang Chalein Ganga Ki Lahren,"Lata Mangeshkar, Kishore Kumar",4.0,https://www.youtube.com/watch?v=jjBumGEtl4M,https://music.youtube.com/watch?v=gy1vFPwZhK4,https://music.youtube.com/watch?v=68WX00f20Y4,https://music.youtube.com/watch?v=DdHi85HIlVY
ecaa9535-e1a4-5919-9876-f571846f03f7,de51ff4d-2191-576c-8b3e-350cf40c407f,5,Chhedo Na Meri Zulfen,"Lata Mangeshkar, Kishore Kumar",4.33,https://www.youtube.com/watch?v=fni5hAG3EtA,https://music.youtube.com/watch?v=ww6BSqgvqHw,https://music.youtube.com/watch?v=PNqHtbeBuq4,https://music.youtube.com/watch?v=BiQnVePwcu0
5d7bc584-ea43-564b-9655-3ee44eda658e,fe789f59-9f12-51cf-b272-9392256a7773,1,Rang Aur Noor Ki Baraat Kise Pesh Karoon,Mohammed Rafi,4.5,https://www.youtube.com/watch?v=1lXHDG8lmiI,https://music.youtube.com/watch?v=ZO0qLQRxlQs,https://music.youtube.com/watch?v=4MBzPfIYRU8,https://music.youtube.com/watch?v=FHxzxECnj84
f261bfc3-42e0-571f-bb92-96b38f966054,fe789f59-9f12-51cf-b272-9392256a7773,2,Unse Nazren Mili Aur Hijab Aa Gaya,"Lata Mangeshkar, Suman Kalyanpur",4.0,https://www.youtube.com/watch?v=ObTtyzD4CYA,https://music.youtube.com/watch?v=fHe3zBiliUU,https://music.youtube.com/watch?v=iXu2tiSrwl4,https://music.youtube.com/watch?v=7pi_CvkqKbM
2ee4ebf2-5bd0-5f15-a8fc-8641e7235502,fe789f59-9f12-51cf-b272-9392256a7773,4,Naghma-O-Sher Ki Saughat Kise Pesh Karoon,Lata Mangeshkar,4.0,https://www.youtube.com/watch?v=YP2nQpbdpBo,https://music.youtube.com/watch?v=PNiBjQBd4QQ,https://music.youtube.com/watch?v=GL1tSZsklnE,https://music.youtube.com/watch?v=lBtRYsJ6ovU
236b8c8f-c269-556a-9e21-e4a5d1c8b812,fe789f59-9f12-51cf-b272-9392256a7773,8,Meri Mehboob Kahin Aur Mila Kar Mujhse (Taj Tere Liye),Mohammed Rafi,4.0,https://www.youtube.com/watch?v=olSvFW30L3s,https://music.youtube.com/watch?v=-KuL5vrYFi8,https://music.youtube.com/watch?v=G-u4r6xEHPs,https://music.youtube.com/watch?v=ZnnLoIZUWCA
b9307525-0e19-5a67-b330-23bb92ce6c80,cac9c2dc-cb48-58e7-914b-3e768bc5326c,1,Geet Gaaya Pattharon Ne (Duet),"Asha Bhosle, Mahendra Kapoor",4.0,https://www.youtube.com/watch?v=bNLoG9opY4s,https://music.youtube.com/watch?v=02FZJilIAg0,https://music.youtube.com/watch?v=w0mK5yUakuo,https://music.youtube.com/watch?v=bNLoG9opY4s
c7bfd4ae-1d30-5ba0-8749-ca4b2b79712c,cac9c2dc-cb48-58e7-914b-3e768bc5326c,5,Tere Khayalon Mein Hum,Asha Bhosle,4.0,https://www.youtube.com/watch?v=V2sSAjtTqUw,https://music.youtube.com/watch?v=V2sSAjtTqUw,https://music.youtube.com/watch?v=877Kwhr91E0,https://music.youtube.com/watch?v=0pv1ZlEcNWw
7658486d-1737-52bd-8e44-69267abbf309,cac9c2dc-cb48-58e7-914b-3e768bc5326c,8,Geet Gaaya Pattharon Ne (Solo),Kishori Amonkar,4.25,https://www.youtube.com/watch?v=OBfkGe4W-8g,https://music.youtube.com/watch?v=IJ24FkciAvw,https://music.youtube.com/watch?v=OBfkGe4W-8g,
700d8088-d517-5d86-a077-5a61f560fa56,efd86833-6499-54b8-8b83-e4569ab2800e,2,Main Yeh Soch Kar Uske Dar Se Utha Tha,Mohammed Rafi,4.0,https://www.youtube.com/watch?v=1NpoCiyJMp0,https://music.youtube.com/watch?v=bS6Fuf-GCYA,https://music.youtube.com/watch?v=1NpoCiyJMp0,https://music.youtube.com/watch?v=hoQNRBMwFQA
f304e305-3b57-5886-8e11-7e70b3c15482,efd86833-6499-54b8-8b83-e4569ab2800e,3,Zara Si Aahat Hoti Hai (Kahin Yeh Woh To Nahin),Lata Mangeshkar,4.57,https://www.youtube.com/watch?v=nfzqObzkzVg,https://music.youtube.com/watch?v=7-CCYBATVpI,https://music.youtube.com/watch?v=nfzqObzkzVg,https://music.youtube.com/watch?v=Hu8KqUGY7GI
31a2d2f0-c549-5859-a6fc-5beb546f3a43,efd86833-6499-54b8-8b83-e4569ab2800e,4,Khelo Naa Mere Dil Se,Lata Mangeshkar,4.25,https://www.youtube.com/watch?v=ogLvpJ2QzHY,https://music.youtube.com/watch?v=ogLvpJ2QzHY,https://music.youtube.com/watch?v=rIBNbpbkIWU,https://music.youtube.com/watch?v=i7g7FiVuq1g
9f45816a-ecf2-5206-8d3b-854da2f8bf35,efd86833-6499-54b8-8b83-e4569ab2800e,5,Hoke Majboor Mujhe Usne Bhulaya Hoga,"Bhupinder Singh, Mohammed Rafi, Talat Mahmood, Manna Dey",4.43,https://www.youtube.com/watch?v=2AHJBQ2T_Wk,https://music.youtube.com/watch?v=dSfa_qlJrL8,https://music.youtube.com/watch?v=2AHJBQ2T_Wk,https://music.youtube.com/watch?v=Kd4JhJ_ssic
35a200b7-435f-5f06-a1a5-1d78df24c070,efd86833-6499-54b8-8b83-e4569ab2800e,6,Kar Chale Hum Fida Jaan-O-Tan Sathiyo Ab Tumhare Hawale Watan Sathiyo,Mohammed Rafi,4.5,https://www.youtube.com/watch?v=wxIFAFV9Za8,https://music.youtube.com/watch?v=QnJyY9xIa9c,https://music.youtube.com/watch?v=dQO6XowcrHU,https://music.youtube.com/watch?v=UdBtNtlM8Qw
bc8a89be-85c6-558c-a35a-373d90ec15f4,354bc154-f4f0-5764-a094-8f688fa5f326,3,Dil Beqarar Sa Hai (Male),Mohammed Rafi,4.0,http://www.youtube.com/watch?v=gLPrStGNfq4,https://music.youtube.com/watch?v=YLnH_4k0w-0,https://music.youtube.com/watch?v=gLPrStGNfq4,https://music.youtube.com/watch?v=G1z2K8CEyxk
4cb33ee4-5995-55df-b6e2-bd2d5abc15b8,354bc154-f4f0-5764-a094-8f688fa5f326,5,Dil Beqarar Sa Hai (Female),Lata Mangeshkar,4.0,http://www.youtube.com/watch?v=ffRGNHQsJww,https://music.youtube.com/watch?v=G1z2K8CEyxk,https://music.youtube.com/watch?v=YLnH_4k0w-0,https://music.youtube.com/watch?v=EkTxgj8Ezo8
777fbebb-41f7-52f9-9dca-0a2edfe192e3,e5f23c6d-69d6-54fe-b889-547841af6742,2,Main Teri Nazar Ka Suroor Hoon,Talat Mahmood,4.6,https://www.youtube.com/watch?v=FczvXbvw9Vc,https://music.youtube.com/watch?v=4HqKHy11Hds,https://music.youtube.com/watch?v=FczvXbvw9Vc,https://music.youtube.com/watch?v=-_UZ_oObH2o
54704e72-0fa4-580e-9141-e7bb7920babb,e5f23c6d-69d6-54fe-b889-547841af6742,3,Woh Chup Rahen Toh Mere,Lata Mangeshkar,4.0,https://www.youtube.com/watch?v=v5hhHRZn8Os,https://music.youtube.com/watch?v=_PWFF8Dfh7k,https://music.youtube.com/watch?v=3P1Yn95vU5w,https://music.youtube.com/watch?v=v5hhHRZn8Os
bf3ddd0a-2ce7-50f4-bc51-d0e06e5791f0,e5f23c6d-69d6-54fe-b889-547841af6742,4,Phir Wohi Sham Wohi Gham Wohi Tanhai Hai,Talat Mahmood,4.5,https://www.youtube.com/watch?v=aYHxWmLTtpg,https://music.youtube.com/watch?v=wV7JnWb6gac,https://music.youtube.com/watch?v=LUnx-zw6LPU,https://music.youtube.com/watch?v=XRIYbRc4ERE
9842acdb-581b-5ac8-a4e1-48a4f0ebcee6,e5f23c6d-69d6-54fe-b889-547841af6742,5,Haal-E-Dil Yun Unhen Sunaya Gaya,Lata Mangeshkar,4.0,https://www.youtube.com/watch?v=EWaBAF8AM3c,https://music.youtube.com/watch?v=bwmEl2ekByo,https://music.youtube.com/watch?v=AyUWGGqUyhg,https://music.youtube.com/watch?v=lST9fVamN3Y
e45881dc-c3f4-56bb-9436-061deb1ed3a5,e5f23c6d-69d6-54fe-b889-547841af6742,9,Kisi Ki Yaad Mein Duniya Ko,Mohammed Rafi,4.0,https://www.youtube.com/watch?v=6a_dYvGxRUA,https://music.youtube.com/watch?v=6a_dYvGxRUA,https://music.youtube.com/watch?v=v84P39KdN9o,https://music.youtube.com/watch?v=8Ur26QOttrs
6539e50a-79e2-5d21-8c9f-99d2c7f4a9e7,63a49dea-419e-5d12-bdce-af110e7310bb,1,Taarif Karoon Kya Uski (Ye Chand Sa Roshan Chehra),Mohammed Rafi,4.6,https://www.youtube.com/watch?v=VueN49P7JyU,https://music.youtube.com/watch?v=YYeG_cW0Om0,https://music.youtube.com/watch?v=u1FP8sV2hPo,https://music.youtube.com/watch?v=JVrsDRiGYbs
9e62a9a8-ff12-5781-8404-b8f78959061d,63a49dea-419e-5d12-bdce-af110e7310bb,2,Hai Duniya Usi Ki Zamana Usi Ka,Mohammed Rafi,4.67,https://www.youtube.com/watch?v=WO_aMRsEIIY,https://music.youtube.com/watch?v=pQTRfYyrGmQ,https://music.youtube.com/watch?v=LkzijaDC-Os,https://music.youtube.com/watch?v=EUsj883ytC0
c2971535-2dc4-54c1-9d76-dbea1b638849,63a49dea-419e-5d12-bdce-af110e7310bb,5,Balma Khuli Hawa Mein,Asha Bhosle,4.75,https://www.youtube.com/watch?v=onVWG2kDRQ4,https://music.youtube.com/watch?v=onVWG2kDRQ4,https://music.youtube.com/watch?v=D_Njm-_bAAA,
756a5f07-ec3e-5ffa-9720-3feb9884d3f3,63a49dea-419e-5d12-bdce-af110e7310bb,6,Diwana Hua Baadal,"Asha Bhosle, Mohammed Rafi",4.75,https://www.youtube.com/watch?v=O0I61W2pMss,https://music.youtube.com/watch?v=oeFYjfnS56U,https://music.youtube.com/watch?v=EkiWV4tZkeg,
cbfae6eb-e96f-53b0-bc8f-ca5f1c92ab38,63a49dea-419e-5d12-bdce-af110e7310bb,7,Isharon Isharon Mein Dil Lene Wale,"Asha Bhosle, Mohammed Rafi",4.5,https://www.youtube.com/watch?v=zNsNuCitZys,https://music.youtube.com/watch?v=muZQ11iEzPg,https://music.youtube.com/watch?v=27ZAOT6g_dE,
46c25a86-4038-5466-89ba-2378995138bd,63a49dea-419e-5d12-bdce-af110e7310bb,9,Kahin Na Kahin Dil Lagana Padega,Mohammed Rafi,4.5,https://www.youtube.com/watch?v=7iMSypHQVbY,https://music.youtube.com/watch?v=6xHzT1Ligcc,https://music.youtube.com/watch?v=PO24d9NJHOU,https://music.youtube.com/watch?v=CN7MUjIbL_Q
b1e55970-2f09-50d2-b784-26fcd9be9315,d8132542-9cfd-5475-8591-22fbb80d8f21,1,Jhoom Jhoom Dhalti Raat,Lata Mangeshkar,4.25,https://www.youtube.com/watch?v=eArec8UyNh0,https://music.youtube.com/watch?v=2n9siFH2sZw,https://music.youtube.com/watch?v=eArec8UyNh0,https://music.youtube.com/watch?v=ojpY9buaS0c
a74bbd63-4449-5239-a6d6-7c28895f6828,d8132542-9cfd-5475-8591-22fbb80d8f21,3,Yeh Nayan Dare Dare,Hemant Kumar,4.75,https://www.youtube.com/watch?v=BCDU8nHryaE,https://music.youtube.com/watch?v=eZnHtNWNQL8,https://music.youtube.com/watch?v=2gMhbWeo30o,https://music.youtube.com/watch?v=eSxnVAqFXZ4
771d4ecc-0368-5d67-b162-429eadcfb91a,d8132542-9cfd-5475-8591-22fbb80d8f21,4,O Bekarar Dil Ho Chuka Hai Mujhko Aansuon Se Pyar,Lata Mangeshkar,4.0,https://www.youtube.com/watch?v=ZLoGU8nNTAw,https://music.youtube.com/watch?v=ZLoGU8nNTAw,https://music.youtube.com/watch?v=4e2rRjYzwDQ,
cbf8652d-5088-513e-a896-3b9c050a583c,d8132542-9cfd-5475-8591-22fbb80d8f21,5,Raah Bani Khud Manzil,Hemant Kumar,4.25,https://www.youtube.com/watch?v=pSl5-LRn-uE,https://music.youtube.com/watch?v=pSl5-LRn-uE,https://music.youtube.com/watch?v=GuxHKHrQdsE,https://music.youtube.com/watch?v=Niqb2jmr8Xo
5b9ede96-e363-5c18-ae9e-29bea9703660,841d2da1-6ca9-5f39-bb1f-b94442576048,1,Tere Husn Ki Kya Tareef Karoon,"Lata Mangeshkar, Mohammed Rafi",4.5,https://www.youtube.com/watch?v=hE0GJkY_R7c,https://music.youtube.com/watch?v=9Si2xsPWktc,https://music.youtube.com/watch?v=l9gbU0Qd3bI,https://music.youtube.com/watch?v=3621OJC0p4E
ee1fa4ca-8bfa-585b-bdce-e6b7aa4326cb,841d2da1-6ca9-5f39-bb1f-b94442576048,2,Ek Shahenshah Ne Banwa Ke Hasin Taj Mahal,"Lata Mangeshkar, Mohammed Rafi",4.33,https://www.youtube.com/watch?v=6MRIUSZw2ck,https://music.youtube.com/watch?v=I140g9E0cvk,https://music.youtube.com/watch?v=o_gPmSYejTE,https://music.youtube.com/watch?v=IamkXhPuFPY
bc741189-e530-5344-9e59-1c7cb6f1a634,1b22b3a7-e2aa-55c5-b2ec-0f9a37185701,4,Chanda Se Hoga Woh Pyara,"Lata Mangeshkar, P.B. Sreenivas",4.0,http://www.youtube.com/watch?v=o2hndnspKeA,https://music.youtube.com/watch?v=x1eb7iZmTj4,https://music.youtube.com/watch?v=NnxKk5QXR6s,https://music.youtube.com/watch?v=u53H9Hz0FSM
126a37e4-532f-5777-a2d4-fc5c15df685c,bf4a744b-2356-5f28-98de-4c1de68480ec,1,Tu Shokh Kali Main Mast Pawan (Duet),"Asha Bhosle, Mohammed Rafi",4.0,https://www.youtube.com/watch?v=n7BWuxrqIrY,https://music.youtube.com/watch?v=7pJu9aHX_E4,https://music.youtube.com/watch?v=n7BWuxrqIrY,https://music.youtube.com/watch?v=Hq_7WN-H39M
20647cfc-29bd-549f-a3fd-947b28c4b403,6a364a40-a558-549b-bf89-997cf429e6c0,1,Mere Mehboob Qayamat Hogi - 1,Kishore Kumar,4.67,http://www.youtube.com/watch?v=Rfd4116vZ18,https://music.youtube.com/watch?v=x2TeJYkWbjg,https://music.youtube.com/watch?v=odrhc32fiLo,
107e1512-49bf-57d3-8606-7179625fa77e,6a364a40-a558-549b-bf89-997cf429e6c0,2,Mere Mehboob Qayamat Hogi - 2,Kishore Kumar,4.0,http://www.youtube.com/watch?v=OyrfNNL7gao,https://music.youtube.com/watch?v=Sff99TyZDLw,https://music.youtube.com/watch?v=eTliqrlJP-U,https://music.youtube.com/watch?v=x2TeJYkWbjg
46a8a7b9-0974-56e3-87e2-97e208dca925,4aa399d7-7748-5239-82a3-bba2e87a83b7,4,Paas Baitho Tabiyat Bahal Jaayegi,Mohammed Rafi,4.0,https://www.youtube.com/watch?v=ENw8rjZ3Kdw,https://music.youtube.com/watch?v=59NCMVxEGxQ,https://music.youtube.com/watch?v=C2L18SWM2Ac,https://music.youtube.com/watch?v=xF_vThGgguE
9832ef71-5e59-5f74-8bca-0379d19991c5,806f6a8e-8ac1-578b-acfe-10e3e0f80f4f,5,Is Rang Badalti Duniya Mein,Mohammed Rafi,4.33,https://www.youtube.com/watch?v=TMbHY5S7WUs,https://music.youtube.com/watch?v=aHpEOmEIj5w,https://music.youtube.com/watch?v=ici6JMY4eyA,https://music.youtube.com/watch?v=TMbHY5S7WUs
5417ae6e-9478-5612-80e9-4e8826824f35,0d9270d9-3e2e-5ea3-9d80-1a3eb7c8efbd,2,Main Tumhari Ragini Tum Geet Ho,Lata Mangeshkar,4.5,http://www.youtube.com/watch?v=F2I_mjwCUzQ,https://music.youtube.com/watch?v=F2I_mjwCUzQ,https://music.youtube.com/watch?v=L3T1JBeBdbE,https://music.youtube.com/watch?v=CcX34mRicrs
d7c5adc3-88d0-51a3-841d-c98f86d61e09,296ae021-2df3-5cc4-9161-2e6aab15c516,2,Har Dil Jo Pyar Karega Woh Gaana Gaayega,"Lata Mangeshkar, Mukesh, Mahendra Kapoor",4.0,https://www.youtube.com/watch?v=OIzQRPILpqs,https://music.youtube.com/watch?v=lYAXGQTAejI,https://music.youtube.com/watch?v=zHGqsztl6pw,
c51ed178-1153-5a5f-87ed-d722b95c3e1a,296ae021-2df3-5cc4-9161-2e6aab15c516,3,O Mehbooba,Mukesh,4.0,https://www.youtube.com/watch?v=mYyJHAj8Hl0,https://music.youtube.com/watch?v=kZRyvw0Y9Pw,https://music.youtube.com/watch?v=9dnfY47bWLA,https://music.youtube.com/watch?v=ug37SzYU_V0
14ece9f5-7fb8-58fa-994b-df8ec408504d,296ae021-2df3-5cc4-9161-2e6aab15c516,7,Dost Dost Naa Raha Pyar Pyar Naa Raha,Mukesh,4.5,https://www.youtube.com/watch?v=QukYmySLq_o,https://music.youtube.com/watch?v=F2TAUqfb4hY,https://music.youtube.com/watch?v=KZCo8XPJe7Y,https://music.youtube.com/watch?v=92qjo_iBWwU
142ab478-9a50-5932-b787-6422ed89fd0c,296ae021-2df3-5cc4-9161-2e6aab15c516,8,O Mere Sanam,"Lata Mangeshkar, Mukesh",4.33,https://www.youtube.com/watch?v=E5-0lz64HvU,https://music.youtube.com/watch?v=7qhlsYUZUeg,https://music.youtube.com/watch?v=E5-0lz64HvU,https://music.youtube.com/watch?v=AzY_cLTIDNg
3cafea21-ca1d-5dd3-a109-45a0bf29610d,88fb2b8b-9d8d-59d7-ba0d-020c91115f59,6,Jyot Se Jyot Jagaate Chalo Prem Ki Ganga Bahaate Chalo,Mukesh,4.0,https://www.youtube.com/watch?v=qf1Q_dkneOE,https://music.youtube.com/watch?v=Xgy3mAa-mRA,https://music.youtube.com/watch?v=k5aMgdtYSB0,https://music.youtube.com/watch?v=Y7pEcdb7jrM
636fabd7-6428-5d17-9d85-4f230f629c40,88fb2b8b-9d8d-59d7-ba0d-020c91115f59,8,Main To Chhail Chhabeeli Naar (Darpan Dekhoon Roop Niharoon),Lata Mangeshkar,4.5,https://www.youtube.com/watch?v=PiNAGzVN5uA,https://music.youtube.com/watch?v=PiNAGzVN5uA,https://music.youtube.com/watch?v=G0nCj1yN9-o,
c000354c-da8e-5a3a-865e-dc214426ce1b,29f94e13-0d82-58ba-a396-f4ca0b61f9cf,1,Tum Gagan Ke Chandrama Ho,"Lata Mangeshkar, Manna Dey",4.0,https://www.youtube.com/watch?v=mBbd53FtxWA,https://music.youtube.com/watch?v=ndULojMOtkA,https://music.youtube.com/watch?v=9wTKcqx9xQU,https://music.youtube.com/watch?v=mBbd53FtxWA
ffedbb69-1cb3-5fc0-9246-2abf44d68e1f,29f94e13-0d82-58ba-a396-f4ca0b61f9cf,2,Itni Jaldi Kya Hai Gori,"Usha Mangeshkar, Kamal Barot, Lata Mangeshkar",4.0,https://www.youtube.com/watch?v=fHiW6G8OG-g,https://music.youtube.com/watch?v=fHiW6G8OG-g,https://music.youtube.com/watch?v=5G8SDF8DoYU,https://music.youtube.com/watch?v=kBoKGnQmh7w
71d3e73a-2518-5f35-a779-b6c0d3bc3c22,29f94e13-0d82-58ba-a396-f4ca0b61f9cf,3,Jeevan Dor Tumhin Sang Baandhi,Lata Mangeshkar,4.0,http://www.youtube.com/watch?v=ww6BYhEDlrI,https://music.youtube.com/watch?v=AjG0Gh0UBhk,https://music.youtube.com/watch?v=ww6BYhEDlrI,https://music.youtube.com/watch?v=jBFo1tny81E
36fe1d3f-3cb4-5d9d-a47b-073dcb8be32f,29f94e13-0d82-58ba-a396-f4ca0b61f9cf,6,Mujhe Loot Ke Na Jana,Lata Mangeshkar,4.0,https://www.youtube.com/watch?v=0Y6N2ueZn2o,https://music.youtube.com/watch?v=0Y6N2ueZn2o,https://music.youtube.com/watch?v=FBn9T7ANcAk,https://music.youtube.com/watch?v=BiUxLBwNsno
df9c8e0b-5eea-53fe-8093-72e7893cf660,dabdeb90-a992-5b83-a502-4bb4a8c230a6,1,Maine Rakha Hai Mohabbat Apne Afsaane Ka Naam,Mohammed Rafi,4.0,http://www.youtube.com/watch?v=zVh8yiDkUi0,https://music.youtube.com/watch?v=CbQt7ekvcuQ,https://music.youtube.com/watch?v=R1UgEKyd3Oo,
bf31bb84-b328-5dd9-bae8-ae2997cf74a4,75f09ee4-09f6-5578-b083-4aee212dc8f4,1,Parbaton Ke Pedon Par Shaam Ka Basera,"Suman Kalyanpur, Mohammed Rafi",4.5,https://www.youtube.com/watch?v=OMvCgHPKugU,https://music.youtube.com/watch?v=oj47vwoMJZQ,https://music.youtube.com/watch?v=EFzH1eWQPZc,https://music.youtube.com/watch?v=u6anMLCoZks
2369818b-47ea-59a2-8c58-0b07a3755c6f,75f09ee4-09f6-5578-b083-4aee212dc8f4,2,Tum Chali Jaogi Parchhaiyan Rah Jayengi,Mohammed Rafi,4.25,https://www.youtube.com/watch?v=Z_E3U2uRFuM,https://music.youtube.com/watch?v=dm9jbBrvnAk,https://music.youtube.com/watch?v=YNFcPuHemiM,https://music.youtube.com/watch?v=g37ZOv7TBdo
5bf41b5c-ba4b-57d9-a2db-db3e41c61f05,75f09ee4-09f6-5578-b083-4aee212dc8f4,4,Tum Apna Ranj-O-Gham Apni Pareshani Mukhe De Do,Jagjeet Kaur,4.57,https://www.youtube.com/watch?v=smVd3lcLc_k,https://music.youtube.com/watch?v=ajeJVzrg7oY,https://music.youtube.com/watch?v=A8Yr1OOeOT8,https://music.youtube.com/watch?v=PmXOtVurWqg
b2407c6f-2672-5718-a77c-76559672828a,ca17ba73-9804-5c40-8d70-f2e2106d116d,1,Kabhi Na Kabhi Kahin Na Kahin,Mohammed Rafi,4.0,http://www.youtube.com/watch?v=btL7pfkFiNU&feature=related,https://music.youtube.com/watch?v=3WS1jR4iKRU,https://music.youtube.com/watch?v=T4iOgKMV7HE,https://music.youtube.com/watch?v=fM_6m8pqKTo
2b5ed4d5-476b-5247-93ba-50fff8718e30,3944bad4-3ec8-5b3c-88ae-5f3262ae9f33,4,Tu Mere Samne Hai,Mohammed Rafi,4.0,https://www.youtube.com/watch?v=Cqz9koi2kJE,https://music.youtube.com/watch?v=Cqz9koi2kJE,https://music.youtube.com/watch?v=lJ8LjGTTm_8,https://music.youtube.com/watch?v=MQ4YKgeZDPA
981608d2-0490-575c-b06b-3d414122ca0c,3944bad4-3ec8-5b3c-88ae-5f3262ae9f33,5,Bheegi Chandni Chhai Bekhudi,"Lata Mangeshkar, Manna Dey",4.25,https://www.youtube.com/watch?v=h-6tMARlAYQ,https://music.youtube.com/watch?v=z_RE-k-aEos,https://music.youtube.com/watch?v=h-6tMARlAYQ,https://music.youtube.com/watch?v=REVfxQTUyNM
a7e7a0ff-832f-5249-a210-a0c9300e6297,516a695d-0b84-5287-943c-be357a5da96f,1,Naina Barse Rim Jhim Rim Jhim,Lata Mangeshkar,4.8,https://www.youtube.com/watch?v=MWUugzwoVFo,https://music.youtube.com/watch?v=lnZDyHcb9Gc,https://music.youtube.com/watch?v=gkemjqC43G0,https://music.youtube.com/watch?v=DOK-V8u7F9A
b946cf5d-a2b2-54ef-a92e-a392dedcf3cf,516a695d-0b84-5287-943c-be357a5da96f,2,Jo Hamne Dastan Apni Sunai Aap Kyun Roye,Lata Mangeshkar,4.67,https://www.youtube.com/watch?v=4ow0062sG1Y,https://music.youtube.com/watch?v=etgUhXkrpx4,https://music.youtube.com/watch?v=RQ3cqrpIxgY,https://music.youtube.com/watch?v=vdYxotP0RZQ
594aaef7-911b-58a4-a410-06f65b7440a8,516a695d-0b84-5287-943c-be357a5da96f,4,Shokh Nazar Ki Bijliyan,Asha Bhosle,4.71,https://www.youtube.com/watch?v=9mf-zKUQsrk,https://music.youtube.com/watch?v=--tlnm3TjJE,https://music.youtube.com/watch?v=McgLhupzMS4,https://music.youtube.com/watch?v=E1J5CQjOMmI
88cebc6d-263a-58fd-921d-457d57703680,516a695d-0b84-5287-943c-be357a5da96f,5,Lag Jaa Gale Ke Phir,Lata Mangeshkar,4.92,https://www.youtube.com/watch?v=TFr6G5zveS8,https://music.youtube.com/watch?v=gI7hyn18Xn8,https://music.youtube.com/watch?v=aS_NfWJzPN8,
9cf15017-bff1-574e-8833-b70aabba310c,914778e0-9b1b-578d-b104-daceb68913eb,2,Yeh Meri Zindagi,Lata Mangeshkar,4.0,https://www.youtube.com/watch?v=TMYllAJCEEs,https://music.youtube.com/watch?v=TMYllAJCEEs,https://music.youtube.com/watch?v=6DodLC6k0Q4,https://music.youtube.com/watch?v=7NwwmkWMG9s
0bd91a75-864a-57fd-9c0a-38595ce03dfb,914778e0-9b1b-578d-b104-daceb68913eb,5,Raat Ka Samaa Jhoome Chandrama,Lata Mangeshkar,4.0,https://www.youtube.com/watch?v=xCyX84NC6Ro,https://music.youtube.com/watch?v=REITeWorn20,https://music.youtube.com/watch?v=xCyX84NC6Ro,https://music.youtube.com/watch?v=HkzxfHmXeQk
