song_uuid,album_uuid,track_number,song_title,song_singers,song_rating,youtube_url,music_yt_url_1,music_yt_url_2,music_yt_url_3
0f46effd-1491-5b91-8eb7-a12da0d6b2b9,06419ce6-1fc8-5753-a958-a361827a1c3b,3,Kalpana Ke Ghan Baraste Geet Geele Ho Rahe,"Lata Mangeshkar, Mahendra Kapoor",4.0,https://www.youtube.com/watch?v=snd3IunCuo0,https://music.youtube.com/watch?v=1oTXyyDpv4Q,https://music.youtube.com/watch?v=snd3IunCuo0,https://music.youtube.com/watch?v=bP8yYuAo6u4
acda4a59-967f-590f-b808-4b8c3432125a,9298a398-3a6b-5ad2-a4cf-844b5258320b,4,Jaane Woh Kaun Hai Kya Naam Hai,Mohammed Rafi,4.0,https://www.youtube.com/watch?v=6UKpRypf6vM,https://music.youtube.com/watch?v=0cXOP9co1Gg,https://music.youtube.com/watch?v=e8q5kPH4FQQ,https://music.youtube.com/watch?v=zhIV_JYTUl4
075151b3-fbee-59ce-a69c-2a7927721bb9,9298a398-3a6b-5ad2-a4cf-844b5258320b,5,Dil Jo Na Keh Saka (Female),Lata Mangeshkar,4.33,http://www.youtube.com/watch?v=IFEwzBJlpb4,https://music.youtube.com/watch?v=6L3hcY8ID9Y,https://music.youtube.com/watch?v=IFEwzBJlpb4,https://music.youtube.com/watch?v=hZhtIhQgpaM
5731bbd6-e635-512b-be10-b832da87fad6,9298a398-3a6b-5ad2-a4cf-844b5258320b,6,Dil Jo Na Keh Saka (Male),Mohammed Rafi,4.33,https://www.youtube.com/watch?v=-_t8RVlTQ6A,https://music.youtube.com/watch?v=CxtzLx4C2UM,https://music.youtube.com/watch?v=IFEwzBJlpb4,https://music.youtube.com/watch?v=w3VwYconjX4
536a87ff-980d-507a-9602-3140c1acbbc7,1c3add0b-a2bf-5e66-8903-ba69e0e72ac2,1,Mere Humnashin Mere Humnawa,Geeta Dutt,4.0,https://www.youtube.com/watch?v=-pix-V-egoU,https://music.youtube.com/watch?v=-pix-V-egoU,https://music.youtube.com/watch?v=OAL5Lh46deM,https://music.youtube.com/watch?v=VxbtS1JzQXM
e397cb49-2dc7-56b0-b695-92e3d1b38ce4,d9dd889b-e46c-5bbf-972e-426b263eb651,1,Jaago Sone Walon Suno Meri Kahaani,Kishore Kumar,4.25,http://www.youtube.com/watch?v=luaTQG0pvQY,https://music.youtube.com/watch?v=ZXZsZLYK6is,,
61dd8a63-58d5-5213-8fa8-dc960bc61e4e,d9dd889b-e46c-5bbf-972e-426b263eb651,2,O Mere Pyar Aaja,Lata Mangeshkar,4.33,http://www.youtube.com/watch?v=BdfBbmT-_Aw,https://music.youtube.com/watch?v=BdfBbmT-_Aw,https://music.youtube.com/watch?v=RNorlDhAr_M,https://music.youtube.com/watch?v=046yn85TaD0
c4c422ea-259a-59ea-876c-d63cad36b93e,d9dd889b-e46c-5bbf-972e-426b263eb651,4,Aao Twist Karein,Manna Dey,4.2,http://www.youtube.com/watch?v=lokpohoCyF8,https://music.youtube.com/watch?v=DzTelsI6kHk,https://music.youtube.com/watch?v=TKyr8Ym1P28,https://music.youtube.com/watch?v=aOdFZ6G89EM
4bd474ef-294d-5469-99ef-e91b59e44749,b0fb4fba-ee48-5782-95f2-6a9e7cee2627,1,Baagh Mein Kali Khili,Asha Bhosle,4.67,https://www.youtube.com/watch?v=5ms3EygjbKI,https://music.youtube.com/watch?v=c9xFDQWvyVc,https://music.youtube.com/watch?v=EXuvH7z-W-o,https://music.youtube.com/watch?v=s9MDbfAQinA
2acd7470-5cb5-5f86-bbb0-8010a600ca14,b0fb4fba-ee48-5782-95f2-6a9e7cee2627,2,Jhanan Jhanan Baaje Bicchua Baaje,Lata Mangeshkar,4.0,https://www.youtube.com/watch?v=Jhv5nFidBxs,https://music.youtube.com/watch?v=RA4W6KCSGvM,https://music.youtube.com/watch?v=fr8TV3I6W84,https://music.youtube.com/watch?v=tqDO8NOULv4
038df6f3-5593-5a08-89d1-be579d2d1391,b0fb4fba-ee48-5782-95f2-6a9e7cee2627,4,Teri Yaad Na Dil Se Ja Saki,Lata Mangeshkar,4.0,https://www.youtube.com/watch?v=T_jGSBV9Sck,https://music.youtube.com/watch?v=MF5d2y1HasQ,https://music.youtube.com/watch?v=T_jGSBV9Sck,https://music.youtube.com/watch?v=EhOBiDExc4w
71d5e061-8108-54ac-ae3f-859b70265a1e,4f746f36-55c4-5960-9d6d-c8fca5f5bdf2,1,Andhi Hai Duniya Pyare Matlab Ki Duniya,Manna Dey,4.0,https://www.youtube.com/watch?v=B8bTy2VKGgY,https://music.youtube.com/watch?v=aSZquwIPvzY,https://music.youtube.com/watch?v=DvE7Csdn1jw,https://music.youtube.com/watch?v=A0FDCeEdewc
7212d4fe-d2c3-52f6-82f0-47bbd2ba9c39,4f746f36-55c4-5960-9d6d-c8fca5f5bdf2,2,Kuchh Aur Zamana Kehta Hai,Meena Kapoor,4.0,http://www.youtube.com/watch?v=E5a0hB0bbHU,https://music.youtube.com/watch?v=2BUdZ93hOsQ,https://music.youtube.com/watch?v=MolMq2LKCcU,https://music.youtube.com/watch?v=koo7xMaFlC8
6eaa6cf5-1b2e-5871-b11c-a7d6c8a211ee,66426975-599d-5aab-b054-c3df4d09b65e,4,Pyasi Hirni Ban Ban Dole,Lata Mangeshkar,4.0,https://www.youtube.com/watch?v=qbQcDakBfTM,https://music.youtube.com/watch?v=qbQcDakBfTM,https://music.youtube.com/watch?v=V7lDblZzbn0,https://music.youtube.com/watch?v=54E4T2sR5Bo
54763cdf-206d-5554-945a-2b1c23e78253,66426975-599d-5aab-b054-c3df4d09b65e,5,Man Mora Naache Tan Mora Naache,Lata Mangeshkar,4.0,https://www.youtube.com/watch?v=FQgsmDJYxxQ,https://music.youtube.com/watch?v=FQgsmDJYxxQ,https://music.youtube.com/watch?v=0TH6PjC-PU0,https://music.youtube.com/watch?v=3soN98XrIdI
3998deb4-dff5-52a7-9f2b-ce98a1060aca,925f99ae-d32a-567b-ab7d-6269a566450d,1,Gaata Rahe Mera Dil,"Lata Mangeshkar, Kishore Kumar",4.54,https://www.youtube.com/watch?v=LGjDtDvrcRc,https://music.youtube.com/watch?v=gYiwh6EvOiI,https://music.youtube.com/watch?v=ecJCWt9X2Jw,https://music.youtube.com/watch?v=D4eH5y2SZJ0
8d350a66-0575-5dcb-9aba-d3f66645be46,925f99ae-d32a-567b-ab7d-6269a566450d,2,Wahan Kaun Hai Tera Musafir,S.D. Burman,4.5,https://www.youtube.com/watch?v=nezFXDk4jYA,https://music.youtube.com/watch?v=nezFXDk4jYA,https://music.youtube.com/watch?v=QC-hZgcCnPE,https://music.youtube.com/watch?v=NdGJ1FpjXbE
cbd2e3dd-5e22-5612-a4ff-b7d099439599,925f99ae-d32a-567b-ab7d-6269a566450d,3,Piya Tose Naina Laage Re,Lata Mangeshkar,4.9,https://www.youtube.com/watch?v=SMKOwKskomc,https://music.youtube.com/watch?v=EF3Tlo-jSq4,https://music.youtube.com/watch?v=Q2wHr0mQi7s,https://music.youtube.com/watch?v=wAgfrdTcTHw
d221d409-be05-546e-9268-3789758bff3b,925f99ae-d32a-567b-ab7d-6269a566450d,4,Din Dhal Jaye Haye Raat Na Jaye,Mohammed Rafi,4.88,https://www.youtube.com/watch?v=6gcGxoGiOTE,https://music.youtube.com/watch?v=hu2khgJn7Vg,https://music.youtube.com/watch?v=6gcGxoGiOTE,https://music.youtube.com/watch?v=d3VY0NSYMCk
8d8699fe-0698-52d6-8563-e4c035749e49,925f99ae-d32a-567b-ab7d-6269a566450d,5,Aaj Phir Jeene Ki Tamanna Hai,Lata Mangeshkar,4.93,https://www.youtube.com/watch?v=sACLGUkLo3Q,https://music.youtube.com/watch?v=I3dIOG39ZHA,https://music.youtube.com/watch?v=Eylt4Rbq-RA,https://music.youtube.com/watch?v=pvQaiXjNmKo
e86d681b-27b4-572f-93d8-932a42ae4504,925f99ae-d32a-567b-ab7d-6269a566450d,6,Tere Mere Sapne Ab Ek Rang Hain,Mohammed Rafi,4.9,https://www.youtube.com/watch?v=KDkaXiRNSHw,https://music.youtube.com/watch?v=IInhcBm-FB8,https://music.youtube.com/watch?v=eowwDKsGpPo,https://music.youtube.com/watch?v=iG0xd1RBtmQ
ea78142f-fe17-5ca1-8a47-8d901a06ad3e,925f99ae-d32a-567b-ab7d-6269a566450d,7,Mose Chhal Kiye Jaye Haay Re Haay Dekho Saiyan Beimaan,Lata Mangeshkar,4.89,https://www.youtube.com/watch?v=NfH4KDqztL0,https://music.youtube.com/watch?v=NfH4KDqztL0,https://music.youtube.com/watch?v=8ChzI6CgsAk,https://music.youtube.com/watch?v=Y-r4yMtq6y0
392facdf-4855-5e3a-b0b7-08d906419b3d,925f99ae-d32a-567b-ab7d-6269a566450d,8,Kya Se Kya Ho Gaya Bewafa Tere Pyar Mein,Mohammed Rafi,4.75,https://www.youtube.com/watch?v=j0yhX_VDu-o,https://music.youtube.com/watch?v=11JbDATmL-s,https://music.youtube.com/watch?v=oO06VuepdW0,https://music.youtube.com/watch?v=1Gn0fsXVjGA
bee08494-26f4-5652-b332-64cd85ccb8d8,3e65c3d0-3320-5052-a29b-3f76f97fc14d,1,Gumnaam Hai Koi Badnaam Hai Koi,Lata Mangeshkar,4.25,http://www.youtube.com/watch?v=Kjyr9JYd3-I,https://music.youtube.com/watch?v=iJoFBB9Gnvs,https://music.youtube.com/watch?v=HvBp8UwMRSo,https://music.youtube.com/watch?v=qEKpSzZ0PHw
2c4b7b11-20d0-5849-b5d3-68d5ecdada47,3e65c3d0-3320-5052-a29b-3f76f97fc14d,2,Jaane Chaman Shola Badan,"Sharda, Mohammed Rafi",4.0,http://www.youtube.com/watch?v=B2f0NzCohyY,https://music.youtube.com/watch?v=M9Y0MDx-gCQ,https://music.youtube.com/watch?v=hk1QkrHZmLQ,https://music.youtube.com/watch?v=H5rLzVNMxRM
0accf99a-dd61-5ed2-98d4-99786cb40fab,3e65c3d0-3320-5052-a29b-3f76f97fc14d,7,Gham Chhod Ke Manao Rang Reli (Is Duniya Mein Jeena Ho Toh),Lata Mangeshkar,4.0,http://www.youtube.com/watch?v=pZox7N7uCAc,https://music.youtube.com/watch?v=AbMwl-LdPYQ,https://music.youtube.com/watch?v=FfFqiCL0VA0,
6d590bc1-8937-53ba-bd54-0f8d5e867d50,3e65c3d0-3320-5052-a29b-3f76f97fc14d,8,Jaan Pehchan Ho,Mohammed Rafi,4.5,http://www.youtube.com/watch?v=XnBbjc5hmho,https://music.youtube.com/watch?v=KX6t1AuoD6c,https://music.youtube.com/watch?v=XnBbjc5hmho,https://music.youtube.com/watch?v=3IbdnTeMGpM
ce935411-f8ba-5224-a972-e8eab93edd8d,e2ef4512-8e61-5bc1-a583-05a752d49d11,5,Main To Ek Khwab Hoon,Mukesh,4.25,https://www.youtube.com/watch?v=jRhr_030040,https://music.youtube.com/watch?v=Av4Ri_tUJCs,https://music.youtube.com/watch?v=c-S-EmLesSY,https://music.youtube.com/watch?v=MVyNXI7kUfw
95b64fa6-9282-5393-a848-036b279e0650,67f4e72e-ea1c-5acf-bcaf-eca038776557,3,Ajnabi Tum Jane Pehchane Se Lagte Ho (Male),Kishore Kumar,4.4,https://www.youtube.com/watch?v=q3TTsBpNSSQ,https://music.youtube.com/watch?v=ZrCDwaVsqGU,https://music.youtube.com/watch?v=Kxk21D1PNNk,https://music.youtube.com/watch?v=bL7ucGNJmFY
bfdb0934-f4f4-5a9e-bd1b-6fc8788ca7dc,cf1baa24-9b50-5951-85a6-001f73db46ce,1,Pardesiyon Se Naa Ankhiya Milaana (Female),Lata Mangeshkar,4.0,https://www.youtube.com/watch?v=K4mghN3xjMI,https://music.youtube.com/watch?v=jo_kGQHNgGM,https://music.youtube.com/watch?v=msKDW4IFTUs,https://music.youtube.com/watch?v=XDvuVVJ-faw
1b8b72e3-bcd5-5717-bb57-8cfc71dab97c,cf1baa24-9b50-5951-85a6-001f73db46ce,4,Pardesiyon Se Naa Ankhiya Milaana (Sad),Mohammed Rafi,4.0,https://www.youtube.com/watch?v=R6tTMd0v43Q,https://music.youtube.com/watch?v=_rQLkRhiv-8,https://music.youtube.com/watch?v=wvJwMr4YDms,https://music.youtube.com/watch?v=7gzZPoylPI4
21ea1267-2010-5d96-9429-dc01208467b1,cf1baa24-9b50-5951-85a6-001f73db46ce,5,Yeh Sama Sama Hai Ye Pyar Ka,Lata Mangeshkar,4.5,https://www.youtube.com/watch?v=Sd4dVbmPSAA,https://music.youtube.com/watch?v=lzYnTE1ZkRQ,https://music.youtube.com/watch?v=h27t_puF9Ws,https://music.youtube.com/watch?v=6RtHkptRWFA
7ed731c5-361a-5b9f-b5e6-38992e419478,cf1baa24-9b50-5951-85a6-001f73db46ce,8,Pardesiyon Se Naa Ankhiya Milaana (Male),Mohammed Rafi,4.2,https://www.youtube.com/watch?v=ZYF3MSFrBOk,https://music.youtube.com/watch?v=_rQLkRhiv-8,https://music.youtube.com/watch?v=wvJwMr4YDms,https://music.youtube.com/watch?v=7gzZPoylPI4
537e3b86-bca7-50fd-93c4-0b26152fb53b,a7478a53-39f9-5b14-83ea-af35a01b1b5c,1,Mere Sang Ga Gunguna,Suman Kalyanpur,4.0,https://www.youtube.com/watch?v=dCBwcJ7noek,https://music.youtube.com/watch?v=dCBwcJ7noek,https://music.youtube.com/watch?v=drG3lkYBrVg,https://music.youtube.com/watch?v=UskPhStLPwM
a5ef0455-ab3c-58b4-8d2e-41e4bd29040b,a7478a53-39f9-5b14-83ea-af35a01b1b5c,2,Meri Mohabbat Jawan Rahegi,Mohammed Rafi,4.0,https://www.youtube.com/watch?v=Y1OlhOxo8ZY,https://music.youtube.com/watch?v=Y1OlhOxo8ZY,https://music.youtube.com/watch?v=Xj5grtLbhaQ,https://music.youtube.com/watch?v=gl6_aOf6B60
a3f5dea9-a346-5ae5-bed0-4536a82c747c,a7478a53-39f9-5b14-83ea-af35a01b1b5c,4,Dekho Ab To Kisko Nahin Hai Khabar,"Asha Bhosle, Mohammed Rafi, S.D. Batish, S. Balbir",4.0,https://www.youtube.com/watch?v=3R5W6UG_L1c,https://music.youtube.com/watch?v=3R5W6UG_L1c,https://music.youtube.com/watch?v=PF2jjWSdIwg,https://music.youtube.com/watch?v=XSSaxO63rVM
be463416-1c0a-5f86-8696-d08277bdb047,a7478a53-39f9-5b14-83ea-af35a01b1b5c,5,Laal Chhadi Maidan Khadi,Mohammed Rafi,4.0,https://www.youtube.com/watch?v=akAHy5kjF_M,https://music.youtube.com/watch?v=SWvVaA04lqU,https://music.youtube.com/watch?v=_oSkrFQyz04,https://music.youtube.com/watch?v=aiy5KbeNmOI
82f77d61-b698-5cdd-b1d6-9b734e4af695,1b7995cf-2f21-5d65-be59-dd636b352d72,1,Tora Man Darpan Kahlaye,Asha Bhosle,4.0,http://www.youtube.com/watch?v=c44Ah24hr9M,https://music.youtube.com/watch?v=2BuQOjl30DE,https://music.youtube.com/watch?v=c44Ah24hr9M,https://music.youtube.com/watch?v=Jzj8e2aMSjw
ce1f96f7-430e-5d6d-9496-774d862efd96,1b7995cf-2f21-5d65-be59-dd636b352d72,6,Chhoo Lene Do Nazuk Hothon Ko,Mohammed Rafi,4.0,https://www.youtube.com/watch?v=oCXF6zn95E0,https://music.youtube.com/watch?v=8kOP97zq44A,https://music.youtube.com/watch?v=htLbxQsG_8I,https://music.youtube.com/watch?v=vb9DN75I4Qg
850a7cbc-9126-5035-a93f-9e32c53f4dd0,d04ffda1-946b-5117-8c76-7cd1b63f189d,5,Tumhin Meri Mandir Tumhin Meri Pooja Tumhin Devta Ho,Lata Mangeshkar,4.5,https://www.youtube.com/watch?v=URrRzFikcD0,https://music.youtube.com/watch?v=Nu8kLF9J-KY,https://music.youtube.com/watch?v=zmwpWYwYKpw,https://music.youtube.com/watch?v=M0cSjJGBXAk
f51f6727-4624-554e-b279-2bc38f8db83c,3efc2a3d-806d-5181-a50b-30636eb7938d,1,Yeh Hai Reshmi Zulfon Ka Andhera Na Ghabraiye,Asha Bhosle,4.75,https://www.youtube.com/watch?v=lgWnO5IlWxY,https://music.youtube.com/watch?v=H-1UVGB7XIY,https://music.youtube.com/watch?v=zzlMOtmjak8,https://music.youtube.com/watch?v=kexksZ9tYm0
e7dcce2b-c717-5a50-bbb8-d40c86de165b,3efc2a3d-806d-5181-a50b-30636eb7938d,2,Yeh Ab Aap Sochiye (Humne To Dil Ko Aap Ke),"Asha Bhosle, Mohammed Rafi",4.5,https://www.youtube.com/watch?v=IhKGLfQzU40,https://music.youtube.com/watch?v=ezWRYJVzALg,https://music.youtube.com/watch?v=fCs1SbPXHgk,https://music.youtube.com/watch?v=2dmG8VEaw0U
f38f62ad-6c3a-5fda-a61c-09663183620c,3efc2a3d-806d-5181-a50b-30636eb7938d,3,Pukarta Chala Hoon Main,Mohammed Rafi,4.75,https://www.youtube.com/watch?v=rElkhrkfavw,https://music.youtube.com/watch?v=mBWxGosJ4Cw,https://music.youtube.com/watch?v=Lbh_skI9NMY,https://music.youtube.com/watch?v=GRo1dONJ74o
5c13cd8f-0330-5641-bd83-4bcb341cef5c,3efc2a3d-806d-5181-a50b-30636eb7938d,4,Jaiye Aap Kahan Jayenge,Asha Bhosle,4.71,https://www.youtube.com/watch?v=kENOkRBbsHs,https://music.youtube.com/watch?v=MpawL4IZfKg,https://music.youtube.com/watch?v=2CNPjc76nDk,https://music.youtube.com/watch?v=OUGG5RLGQGI
4e2a4e67-37c3-55e7-b944-e3f603d55398,3efc2a3d-806d-5181-a50b-30636eb7938d,5,Humdum Mere Maan Bhi Jao,Mohammed Rafi,4.0,https://www.youtube.com/watch?v=wGV3T2TO7Yw,https://music.youtube.com/watch?v=dv842IPhG3Q,https://music.youtube.com/watch?v=EHd52LQwoVA,https://music.youtube.com/watch?v=xe9Z6abC1jU
a70462d0-798b-5acc-aef1-757961b45da7,3efc2a3d-806d-5181-a50b-30636eb7938d,7,Tukde Hain Mere Dil Ke,Mohammed Rafi,4.5,https://www.youtube.com/watch?v=gX0V_Aof23o,https://music.youtube.com/watch?v=KIvjtv9Cv8o,https://music.youtube.com/watch?v=G_UsJDYAfbc,https://music.youtube.com/watch?v=2ulm1Uc5lL4
c21bca8a-ef45-5dc4-b255-8e97f0e5631e,c5c17e5c-f870-5e63-b79f-93f3b3cf399b,2,Thahariye Hosh Mein Aa Loon To Chale Jaaiyega,"Suman Kalyanpur, Mohammed Rafi",4.5,https://www.youtube.com/watch?v=4NhwjNDqiuA,https://music.youtube.com/watch?v=4NhwjNDqiuA,https://music.youtube.com/watch?v=o7mTIXuHqos,https://music.youtube.com/watch?v=D3Xuyky_Ukc
d28a2348-8a34-5d30-a1c4-4b551ab58bc1,c5c17e5c-f870-5e63-b79f-93f3b3cf399b,4,Itna Husn Pe Huzoor Na Guroor Kijiye,Mukesh,4.0,https://www.youtube.com/watch?v=cfmdD20NhTw,https://music.youtube.com/watch?v=cfmdD20NhTw,https://music.youtube.com/watch?v=GfTib7dBdMY,https://music.youtube.com/watch?v=zSOAdWJLIUc
0f0acd78-8fc0-5ddb-80c4-08ffaf0c7a37,c5c17e5c-f870-5e63-b79f-93f3b3cf399b,5,Jo Hum Pe Guzarti Hai Tanha,Suman Kalyanpur,4.0,https://www.youtube.com/watch?v=D7VQJkT5fo4,https://music.youtube.com/watch?v=r9UOPOzXOJ0,https://music.youtube.com/watch?v=8Zer-s2nxD8,https://music.youtube.com/watch?v=Kx9Lq-KgC0s
329371e8-8ffe-5cc3-9a26-1e540f0d9229,ec93208c-81b5-5d18-8277-1f888252b843,7,Karvan Guzar Gaya Gubar Dekhte Rahe (Swapn Jhare Phool Se),Mohammed Rafi,4.33,https://www.youtube.com/watch?v=75mB-zadZgI,https://music.youtube.com/watch?v=3xRuybDNVGw,https://music.youtube.com/watch?v=75mB-zadZgI,https://music.youtube.com/watch?v=X4148KaVae4
864dc45f-c6d0-5917-ad85-891be15927c2,23da6f34-3af4-5935-b55f-556e7145d8f7,2,Tere Paas Aa Ke Mera Waqt Guzar Jaata Hai,"Asha Bhosle, Mohammed Rafi",4.0,https://www.youtube.com/watch?v=WWlQwy2-4_M,https://music.youtube.com/watch?v=aKrWV6zMeg0,https://music.youtube.com/watch?v=mX766jW0k34,https://music.youtube.com/watch?v=kuM97m4ybU8
dd23c90d-f3f3-50f5-bc87-4b16751f7a2d,3517ed19-7c5e-5cd1-a789-bed557602909,2,Aapki Adaon Pe Fida Dil Mera,Asha Bhosle,4.0,http://www.youtube.com/watch?v=xDzbXRUzFaM,https://music.youtube.com/watch?v=2UpJBONr23I,https://music.youtube.com/watch?v=YVtLt3dLr_g,https://music.youtube.com/watch?v=CeL5VAKwA5s
1d95159e-f231-5354-9ec2-9602ffa5be99,3517ed19-7c5e-5cd1-a789-bed557602909,4,Haye Tabassum Tera,Mohammed Rafi,4.0,http://www.youtube.com/watch?v=3ZTcMRPekuY,https://music.youtube.com/watch?v=qO_UpsZREm8,https://music.youtube.com/watch?v=jjXe_woahXA,https://music.youtube.com/watch?v=idBg7AmDXNc
7c629f1d-7693-5d58-b507-e918dba88654,96ae4954-575d-5a11-915f-2244945af8ec,1,Mere Mehboob Na Ja Aaj Ki Raat Na Ja,Suman Kalyanpur,4.33,https://www.youtube.com/watch?v=hEP9_zCeX5I,https://music.youtube.com/watch?v=m0o53u0h0XY,https://music.youtube.com/watch?v=-6qdlcfvLdk,https://music.youtube.com/watch?v=BSFF2bx0iFk
5e44041f-8ed5-5883-a7d0-263a485be405,0e53e7f4-f8e5-5903-923d-66ccba74e64c,1,Jaag Dil-E-Deewana Rut Jaagi Vasl-E-Yaar Ki,Mohammed Rafi,4.4,https://www.youtube.com/watch?v=e4YDtwvdhkU,https://music.youtube.com/watch?v=6VUCKqbddOw,https://music.youtube.com/watch?v=Qk7ZVnBbupw,
e4b5d392-83b8-5330-a28e-491255d8ddd6,0e53e7f4-f8e5-5903-923d-66ccba74e64c,2,Aaja Re Mere Pyar Ke Raahi,"Lata Mangeshkar, Mahendra Kapoor",4.33,https://www.youtube.com/watch?v=Tp1NBgr5c3U,https://music.youtube.com/watch?v=Tp1NBgr5c3U,https://music.youtube.com/watch?v=6jB4t7SINlE,https://music.youtube.com/watch?v=__QLijRToPo
429e6002-6603-5c6e-846b-c24b70e59d7f,9d5fc655-294f-5312-9f32-21744f2f01fd,5,Saathi Re Tujh Bin Jiya Udaas Re,Lata Mangeshkar,4.33,https://www.youtube.com/watch?v=GXbE6SMsINU,https://music.youtube.com/watch?v=rYuVQxqQ-KA,https://music.youtube.com/watch?v=2o1Wl4BUCeA,https://music.youtube.com/watch?v=GXbE6SMsINU
0ab5e9be-1a0e-5c76-8ab4-73ac04f30090,639fa210-9c08-51a4-97c3-51be6d63c145,1,Tumhen Zindagi Ke Ujale Mubarak,Mukesh,4.0,http://www.youtube.com/watch?v=4Iq_pfISaEc,https://music.youtube.com/watch?v=233SOwyU6Tg,https://music.youtube.com/watch?v=MJ20qmILP1M,https://music.youtube.com/watch?v=udLEKJ1fUkI
63032cf6-6998-5249-bb7e-9c954c2cc6f8,639fa210-9c08-51a4-97c3-51be6d63c145,3,Ajab Khel Kismat Ka,Mohammed Rafi,4.0,http://www.youtube.com/watch?v=ksSlVM8pU6U,https://music.youtube.com/watch?v=yhBTZCnUcyg,https://music.youtube.com/watch?v=Z9CesXz1k4k,https://music.youtube.com/watch?v=s51A8wJBL2A
a5497823-ffac-5d54-9f9e-f2d4b43db627,639fa210-9c08-51a4-97c3-51be6d63c145,4,O Is Des Ke Rehne Walon,Lata Mangeshkar,4.0,http://www.youtube.com/watch?v=Ls3VIrLvcBE,https://music.youtube.com/watch?v=m5ZfWe1BDik,,
54f34989-a1b1-533f-8658-e2bf18f4efee,639fa210-9c08-51a4-97c3-51be6d63c145,5,Humsafar Mere Humsafar,"Lata Mangeshkar, Mukesh",4.5,http://www.youtube.com/watch?v=9Pv3_gqJQ8k,https://music.youtube.com/watch?v=qqG3gxs_lgE,https://music.youtube.com/watch?v=-CXCeWCF_NA,https://music.youtube.com/watch?v=-u1ZMAOhF6Y
e7c4d698-9816-5be4-b4f0-24fe95edabf5,639fa210-9c08-51a4-97c3-51be6d63c145,8,Gori Nain Tumhare Kya Kahne,Mukesh,4.0,https://www.youtube.com/watch?v=RaXQXREwI2M,https://music.youtube.com/watch?v=H29N8MtJfUI,https://music.youtube.com/watch?v=hPPT2XGO_ew,https://music.youtube.com/watch?v=Ok4_QZvDcBo
f27c768c-dc27-5d31-8633-225fe2048cec,713742d3-4c80-5348-9b96-6d537b10a9cc,1,Kaahe Tu Been Bajaye Sapere,Lata Mangeshkar,4.0,http://www.youtube.com/watch?v=JUVaPUJgdxI,https://music.youtube.com/watch?v=wZdOGQojjwI,https://music.youtube.com/watch?v=W46mfIlKjno,https://music.youtube.com/watch?v=YIFj-O5pjLY
76a70091-9f9a-5f07-91ec-b37d7ccc85df,713742d3-4c80-5348-9b96-6d537b10a9cc,2,Bahane Kyun Karti Ho,Mohammed Rafi,4.0,https://www.youtube.com/watch?v=3KFPodhug9Q,https://music.youtube.com/watch?v=p8TfEnt_sSo,https://music.youtube.com/watch?v=BnU9GY1Z9gQ,https://music.youtube.com/watch?v=JuVMgDus-do
a735fed0-f57a-50af-b806-faed3ef1ef6e,713742d3-4c80-5348-9b96-6d537b10a9cc,6,Jis Dil Mein Basa Tha Pyar Tera (Male),Mukesh,4.0,http://www.youtube.com/watch?v=T3OksPT-jiQ,https://music.youtube.com/watch?v=xdk4HX4VnY4,https://music.youtube.com/watch?v=RRwhqYHodKE,https://music.youtube.com/watch?v=Ju0xvLASXLI
f9081fc7-e65b-5aa8-89ed-d5bbec834668,2595c4e9-67ef-5fb6-a98f-e0c2b5cf9275,3,Aye Watan Aye Watan Humko Teri Kasam (Fast),Mohammed Rafi,4.0,https://www.youtube.com/watch?v=2qh9YdsIXVI,https://music.youtube.com/watch?v=AitxlROyN90,https://music.youtube.com/watch?v=iuYrgHLTk8s,https://music.youtube.com/watch?v=dvYkR-bj1XQ
c93e1128-2f19-5ec6-83c3-5ec0b8242bf6,551228eb-578f-5ff8-9c09-b403dec9f67a,1,Woh Jharokhe Se Jo Jhanke To Itna Poochhoon,Kishore Kumar,4.0,https://www.youtube.com/watch?v=SZ4nZOJLsS4,https://music.youtube.com/watch?v=MEPgQDKXP4g,,
beba14d6-73a5-58a0-a692-62735768dec8,551228eb-578f-5ff8-9c09-b403dec9f67a,3,Yeh Dard Bhara Afsana,Kishore Kumar,4.5,https://www.youtube.com/watch?v=pU8PtgQ8R04,https://music.youtube.com/watch?v=kTxkULhR91E,https://music.youtube.com/watch?v=5ImkM__sPvY,https://music.youtube.com/watch?v=eXKBnIo5ouI
bebe1d80-15bb-5652-90df-8cefede0aeb6,551228eb-578f-5ff8-9c09-b403dec9f67a,4,Balma Kitna Naadaan Hai Tu,Lata Mangeshkar,4.0,https://www.youtube.com/watch?v=J2FMb_nagbY,https://music.youtube.com/watch?v=J2FMb_nagbY,https://music.youtube.com/watch?v=duML3ZayGVc,https://music.youtube.com/watch?v=lPVtzqvNmmg
8a81bcd8-c8b1-5dbf-959c-87c4cd54033e,af3ea941-d4a0-5ffd-a1f3-8528d5d9412c,2,Jahan Daal Daal Par Sone Ki Chidiya Karti Hai Basera,Mohammed Rafi,4.0,https://www.youtube.com/watch?v=QnPQBKrNuPI,https://music.youtube.com/watch?v=lhIQjLo2sss,https://music.youtube.com/watch?v=CN4W1kiys7g,
c9ef8fd6-a446-5cbc-be51-3c3fa52aafcd,2c1a27cf-6604-533f-ac7c-6bac9a278fde,3,Likha Hai Teri Ankhon Mein Kiska Fasana,"Lata Mangeshkar, Kishore Kumar",4.4,http://www.youtube.com/watch?v=7a0OeTM9rqM,https://music.youtube.com/watch?v=S6zBs0OlMpk,https://music.youtube.com/watch?v=7a0OeTM9rqM,https://music.youtube.com/watch?v=MSDH6mswtQY
3b598282-509f-54e3-a8db-bc6973b4390e,2c1a27cf-6604-533f-ac7c-6bac9a278fde,4,Arre Yaar Meri Tum Bhi Ho Ghazab,"Asha Bhosle, Kishore Kumar",4.4,https://www.youtube.com/watch?v=M9oQZQvCQqE,https://music.youtube.com/watch?v=euA1n10OriY,https://music.youtube.com/watch?v=txbDNbb7PGg,https://music.youtube.com/watch?v=M9oQZQvCQqE
55b038ff-2cc8-54a8-aa2a-2f6b4ff58893,2c1a27cf-6604-533f-ac7c-6bac9a278fde,5,Khwab Ho Tum Ya Koyi Haqeeqat,Kishore Kumar,4.4,https://www.youtube.com/watch?v=Jw4wLVnFJ-E,https://music.youtube.com/watch?v=bKn1SgHaJBA,https://music.youtube.com/watch?v=y7Z0qM5t06M,https://music.youtube.com/watch?v=xj5ru2vdhfI
d563c2ad-00b1-5db1-a363-ca43a02eed68,2c1a27cf-6604-533f-ac7c-6bac9a278fde,6,Kahin Bekhayal Ho Kar,Mohammed Rafi,4.33,http://www.youtube.com/watch?v=Dtxp-e1U5i0,https://music.youtube.com/watch?v=94xePOCF6yU,https://music.youtube.com/watch?v=vsnrEY7g6Tg,https://music.youtube.com/watch?v=kQuBY39LBVo
f4242cc8-cd0f-53e4-9fb9-7180b88e4e31,14076d33-9cf9-5b7e-b367-542f6cf56ce3,3,Ae Meri Zohra Jabeen,Manna Dey,4.4,https://www.youtube.com/watch?v=yzvnFNHCeK4,https://music.youtube.com/watch?v=K0sGmxlP68g,https://music.youtube.com/watch?v=Izy-gwR4jF8,
4b5683bf-48d4-5bbb-9a00-287854e4f61c,14076d33-9cf9-5b7e-b367-542f6cf56ce3,6,Kaun Aaya Ki Nigahon Mein Chamak Jaag Uthi,Asha Bhosle,4.5,https://www.youtube.com/watch?v=Nvrs80glMns,https://music.youtube.com/watch?v=Nvrs80glMns,https://music.youtube.com/watch?v=5NEX05-0kQM,https://music.youtube.com/watch?v=7eH1kPG1i1E
a5507f4d-14c6-588a-b205-705ef7533102,14076d33-9cf9-5b7e-b367-542f6cf56ce3,8,Aage Bhi Jaane Na Tu,Asha Bhosle,4.83,https://www.youtube.com/watch?v=Cm2MqoCvTw8,https://music.youtube.com/watch?v=rUcpOOQCtyU,https://music.youtube.com/watch?v=QWRZeYiRBZs,https://music.youtube.com/watch?v=DwYQZonAfF8
92e2e972-2212-5333-84c2-0e830af8f200,1c2cdf92-e9d1-5862-81db-b4fe31213ee5,4,Dil Laga Kar Hum Yeh Samjhe (Male),Mahendra Kapoor,4.0,https://www.youtube.com/watch?v=-EPbuXHMxY0,https://music.youtube.com/watch?v=C5vajOz4lE8,https://music.youtube.com/watch?v=9sNRzkY9Ujg,https://music.youtube.com/watch?v=-EPbuXHMxY0
f0ea41c1-32d6-5638-a05a-a7887627451d,1c2cdf92-e9d1-5862-81db-b4fe31213ee5,6,Dil Laga Kar Hum Yeh Samjhe (Female),Asha Bhosle,4.5,https://www.youtube.com/watch?v=ayKkn5Xi2GU,https://music.youtube.com/watch?v=akTA3M6ox8g,https://music.youtube.com/watch?v=9sNRzkY9Ujg,https://music.youtube.com/watch?v=C5vajOz4lE8
a233ce43-e4a2-570b-b75a-e8e553a3bcc7,5985e861-b547-5d46-b963-ba3c66588b86,2,Aur Kuch Der Thehar,Mohammed Rafi,4.33,https://www.youtube.com/watch?v=9cgyClZmaVc,https://music.youtube.com/watch?v=UbtuiyyMIJo,https://music.youtube.com/watch?v=9cgyClZmaVc,https://music.youtube.com/watch?v=iyEyQRhgiqg
de19261b-8269-5532-8471-e007d37c42c2,5985e861-b547-5d46-b963-ba3c66588b86,3,Baharo Mera Jeevan Bhi Sanwaro,Lata Mangeshkar,4.0,https://www.youtube.com/watch?v=6yRWMVbW5oY,https://music.youtube.com/watch?v=-88ZnwU0KPA,https://music.youtube.com/watch?v=ZeguDD5RURQ,https://music.youtube.com/watch?v=vP1iTLJM-gs
9feef4be-ea52-549c-924f-1e6e6b759b47,5985e861-b547-5d46-b963-ba3c66588b86,5,Rut Jawan Jawan Raat Meharban,Bhupinder Singh,4.4,https://www.youtube.com/watch?v=HWsfaGiIWlg,https://music.youtube.com/watch?v=cox-d7MEerM,https://music.youtube.com/watch?v=Ov8eyVbnpFo,https://music.youtube.com/watch?v=4JeLUNj80yU
5e36d25c-8096-5fe7-9675-67c00f859e40,e9417206-3587-58f0-9875-e2cbb023c744,4,Neend Kabhi Rahti Thi Aankhon Mein,Lata Mangeshkar,4.0,https://www.youtube.com/watch?v=8j63PX-O4Jg,https://music.youtube.com/watch?v=OC-n_dHQiuc,https://music.youtube.com/watch?v=8j63PX-O4Jg,https://music.youtube.com/watch?v=1-2eXNii6GA
90ee1746-af08-5b64-9425-7cde8a3034c1,660ba8c6-5541-54bc-ad44-c68dfd64655d,3,Suno Sajna Papihe Ne Kaha,Lata Mangeshkar,4.5,https://www.youtube.com/watch?v=iCsa5eG9oo0,https://music.youtube.com/watch?v=koD4c5Fyp0E,https://music.youtube.com/watch?v=iCsa5eG9oo0,https://music.youtube.com/watch?v=2i8B7AJRgT0
4fbfa57a-8d6a-556f-a34b-fbdc75ff08fe,3dccc468-0f71-5e27-b1cd-7b6ea1ac7cb2,3,Pyase Huye Nain Sulag Gayi,Lata Mangeshkar,4.0,https://www.youtube.com/watch?v=2MSlm8tFFo0,https://music.youtube.com/watch?v=2MSlm8tFFo0,https://music.youtube.com/watch?v=1P3lyDPlM64,https://music.youtube.com/watch?v=qUD4TNMd4UA
b2a6923d-7aa9-591a-a0cf-5063bff3ae83,377545ab-5e94-54a7-a1f0-a227f8035933,1,Jao Re Jogi Tum Jao Re,Lata Mangeshkar,4.33,https://www.youtube.com/watch?v=tFRmLkTCTpc,https://music.youtube.com/watch?v=tFRmLkTCTpc,https://music.youtube.com/watch?v=9-a9Ggv_PSo,https://music.youtube.com/watch?v=Qoed74liEmk
6b32c121-dbd1-5cca-97d8-968e1e103e71,377545ab-5e94-54a7-a1f0-a227f8035933,3,Tadap Yeh Din Raat Ki,Lata Mangeshkar,4.33,https://www.youtube.com/watch?v=jow10yFXiD4,https://music.youtube.com/watch?v=F_YrsUl_SzM,https://music.youtube.com/watch?v=jow10yFXiD4,https://music.youtube.com/watch?v=flkTG_TlNWg
57fc11ea-5768-5630-ae04-1205090f8eda,377545ab-5e94-54a7-a1f0-a227f8035933,5,Neel Gagan Ki Chhaon Mein,Lata Mangeshkar,4.0,https://www.youtube.com/watch?v=55LRrp3XNA4,https://music.youtube.com/watch?v=tJL_RlG-ML0,https://music.youtube.com/watch?v=55LRrp3XNA4,https://music.youtube.com/watch?v=k3bf1XLGmJA
0c6d1617-88a0-5ea1-910e-8c4e2cdf44a9,377545ab-5e94-54a7-a1f0-a227f8035933,6,Tumhen Yaad Karte Karte,Lata Mangeshkar,4.0,https://www.youtube.com/watch?v=yIlCqg__Nvg,https://music.youtube.com/watch?v=WzZZZUGSeAg,https://music.youtube.com/watch?v=yIlCqg__Nvg,https://music.youtube.com/watch?v=JpU3wJvriIE
d72d5520-f684-5a9d-a14b-19607f5d5eb2,91da9271-d3e9-51d9-9059-831f4f863d80,1,Dheere Dheere Machal Ae Dil-E-Beqarar,Lata Mangeshkar,4.2,http://www.youtube.com/watch?v=e3RiMIAZ1vY,https://music.youtube.com/watch?v=2UvYb8wSHh4,https://music.youtube.com/watch?v=KKkNgcraGdI,https://music.youtube.com/watch?v=MpfEnFbPLh8
9dee0183-c0ac-5a68-baba-a8b600c14015,91da9271-d3e9-51d9-9059-831f4f863d80,2,Kuch Dil Ne Kaha Kuch Bhi Nahin,Lata Mangeshkar,4.67,http://www.youtube.com/watch?v=69dnqIFfrnE,https://music.youtube.com/watch?v=69dnqIFfrnE,https://music.youtube.com/watch?v=IHVHdCmCftk,https://music.youtube.com/watch?v=UMM9Y6rLWa8
0044458b-106d-59cf-a05f-66deb8b48ae2,91da9271-d3e9-51d9-9059-831f4f863d80,5,Ya Dil Ki Suno Duniyawalo,Hemant Kumar,4.33,http://www.youtube.com/watch?v=poXBa76JNKk,https://music.youtube.com/watch?v=yYn_d1pMVbc,https://music.youtube.com/watch?v=y_orl_Fl7fQ,https://music.youtube.com/watch?v=FAo673zsfiE
c49bf22a-d634-5686-b605-e453121c18a2,761ded84-5e70-5ada-81ea-ba4a1672e84f,1,Badal Jaye Agar Maali,Mahendra Kapoor,4.0,http://www.youtube.com/watch?v=MwpaXBguDlw,https://music.youtube.com/watch?v=pg-gsJzFAbA,https://music.youtube.com/watch?v=k76_ccZ2sCQ,
4d93ca6b-c761-525f-98b9-6efe6ba144c2,761ded84-5e70-5ada-81ea-ba4a1672e84f,4,Woh Hanske Mile Hum Se,Asha Bhosle,4.0,http://www.youtube.com/watch?v=tXdzHNX79Ds,https://music.youtube.com/watch?v=xv9iHtDKbuI,https://music.youtube.com/watch?v=MlkB7WSUuZc,
9b9bb139-d13d-5b28-8bc7-ac3a8a3c6596,761ded84-5e70-5ada-81ea-ba4a1672e84f,5,Aap Ke Haseen Rukh Pe Aaj Naya Noor Hai,Mohammed Rafi,4.75,http://www.youtube.com/watch?v=GQblX2TmEZI,https://music.youtube.com/watch?v=yQCu3aWeHc8,https://music.youtube.com/watch?v=dMZyuWMn178,https://music.youtube.com/watch?v=mL6t-SXZmJQ
ba836349-a238-52d1-8e23-35db699eab75,27a8d1e9-5dc6-574b-927d-8be1b88a7074,1,Usko Nahin Dekha Humne Kabhi,"Manna Dey, Mahendra Kapoor",4.33,https://www.youtube.com/watch?v=I1XWUbWIO9c,https://music.youtube.com/watch?v=OKINDsiebGI,https://music.youtube.com/watch?v=-eTl6WqrizE,https://music.youtube.com/watch?v=TjFijlkXnwc
c5d54e62-5f8e-5b6d-8e70-35ada9f713f6,553ed7cc-13ee-5508-b60d-3e5259797ea4,1,Duniya Mein Aisa Kahan Sab Ka Naseeb Hai,Lata Mangeshkar,4.33,https://www.youtube.com/watch?v=HpFwrKCaXiA,https://music.youtube.com/watch?v=_15_zW2EtQ4,https://music.youtube.com/watch?v=MBVL026DzF4,https://music.youtube.com/watch?v=JZfRP6Xr_VU
fcbfcc44-10f2-5fb9-8e11-ce172487c940,553ed7cc-13ee-5508-b60d-3e5259797ea4,4,Aaya Hai Mujhe Phir Yaad,Mukesh,4.0,https://www.youtube.com/watch?v=_ZEdHNikBx4,https://music.youtube.com/watch?v=BiCkqhmxtbQ,https://music.youtube.com/watch?v=H-40dMbJysw,https://music.youtube.com/watch?v=eM2srENIgoM
b55d6d68-e48d-54c4-ac1a-15c016243061,553ed7cc-13ee-5508-b60d-3e5259797ea4,6,Baharon Ne Mera Chaman Loot Kar,Mukesh,4.25,https://www.youtube.com/watch?v=EO8M-Tz69WA,https://music.youtube.com/watch?v=EO8M-Tz69WA,https://music.youtube.com/watch?v=6L01xUHwLwc,https://music.youtube.com/watch?v=qryu_ZrOtaU
fb9edf33-b372-5830-8d1f-22e6cb273dcf,0f274751-1be9-5a9b-9a24-a45b18f5603c,4,Koi Sagar Dil Ko Bahlata Nahin,Mohammed Rafi,4.75,https://www.youtube.com/watch?v=vNUgAbFQ5lU,https://music.youtube.com/watch?v=vNUgAbFQ5lU,https://music.youtube.com/watch?v=9QYMvPtrJ2k,https://music.youtube.com/watch?v=88jdRlGmypQ
84e3c3e4-0286-5385-856d-8b15cac7dbc9,9df055d6-c728-51b3-9bb6-b32fa8cc94e6,1,Dil Ne Phir Yaad Kiya,"Suman Kalyanpur, Mukesh, Mohammed Rafi",4.0,https://www.youtube.com/watch?v=UxO_kVwpZ38,https://music.youtube.com/watch?v=IJBB3ocueSM,https://music.youtube.com/watch?v=uRk15scBE0o,https://music.youtube.com/watch?v=ysrEwmhiVlo
3f822050-82f9-53c9-a847-c97cdac506d3,0c5af4a8-2ae7-582b-bfd1-488696ae4f82,1,Bhari Duniya Mein Aakhir Dil,Mohammed Rafi,4.0,https://www.youtube.com/watch?v=OYf-YnlPwMQ,https://music.youtube.com/watch?v=K7nA9mFrrwc,https://music.youtube.com/watch?v=OYf-YnlPwMQ,https://music.youtube.com/watch?v=aZCubmiwCjE
f48b0aa2-789d-55d3-b2ad-74e93d9b0c21,0c5af4a8-2ae7-582b-bfd1-488696ae4f82,2,Jab Chali Thandi Hawa,Asha Bhosle,4.5,https://www.youtube.com/watch?v=O3Tc3FHgB9Q,https://music.youtube.com/watch?v=P6Lj8JjnW4g,https://music.youtube.com/watch?v=FFt2iiWS8YA,https://music.youtube.com/watch?v=O3Tc3FHgB9Q
2539e312-9902-51d8-bbb7-8aabe1565d96,0c5af4a8-2ae7-582b-bfd1-488696ae4f82,3,Naseeb Mein Jiske Jo Likha Tha,Mohammed Rafi,4.0,https://www.youtube.com/watch?v=kGfnq8R_yHA,https://music.youtube.com/watch?v=80M7eO1tEY4,https://music.youtube.com/watch?v=tZYIy0-09Wk,https://music.youtube.com/watch?v=3Xwg6bCf4Us
3e092285-b068-59cc-81c1-0c932a6cd182,0c5af4a8-2ae7-582b-bfd1-488696ae4f82,4,Raha Gardishon Mein Hardam,Mohammed Rafi,4.5,https://www.youtube.com/watch?v=__OMS-hI9Pk,https://music.youtube.com/watch?v=v2LFMSkoGqE,https://music.youtube.com/watch?v=856dF9vWTLQ,https://music.youtube.com/watch?v=PMzTwX_F9ds
6fb5c6e0-b603-5a82-8795-8d6e80ffc62f,0c5af4a8-2ae7-582b-bfd1-488696ae4f82,6,Lo Aa Gayi Unki Yaad,Lata Mangeshkar,4.0,https://www.youtube.com/watch?v=avWOYXWQGjA,https://music.youtube.com/watch?v=vrqYMghvbD4,https://music.youtube.com/watch?v=dJc7X9hB8iY,https://music.youtube.com/watch?v=rR2YChMtzCU
4f97eddb-bd2d-58a9-b046-795044d8da9e,c213a387-8729-58dc-b377-2fa2bfb020cd,1,Ek Hasin Shaam Ko Dil Mera Kho Gaya,Mohammed Rafi,4.0,https://www.youtube.com/watch?v=YHyinOFAcnk,https://music.youtube.com/watch?v=8eYXKj0htho,https://music.youtube.com/watch?v=9eMQRQW2Ze4,https://music.youtube.com/watch?v=bue1fn4m8Bo
856b8bda-1692-54cd-8f06-65d9339597aa,c213a387-8729-58dc-b377-2fa2bfb020cd,4,Sapnon Mein Agar Mere Tum Aao To So Jaoon,Lata Mangeshkar,4.0,https://www.youtube.com/watch?v=RVO2B_OXVPg,https://music.youtube.com/watch?v=L4frJDeIBRk,https://music.youtube.com/watch?v=GsRVyG9GS0Y,https://music.youtube.com/watch?v=Fzm7xtN3b0M
91391d6b-95e9-5f2e-8d63-992602c20cde,c213a387-8729-58dc-b377-2fa2bfb020cd,6,Kai Din Se Jee Hai Bekal,Lata Mangeshkar,4.0,https://www.youtube.com/watch?v=sP2vfVIoZ-Y,https://music.youtube.com/watch?v=Z_43X66m1Sk,https://music.youtube.com/watch?v=sP2vfVIoZ-Y,https://music.youtube.com/watch?v=xteMwL9NT-k
4c9a557a-b740-50f3-960d-f06903af129b,c213a387-8729-58dc-b377-2fa2bfb020cd,9,Zindagi Dulhan Hai Ek Raat Ki,Bhupinder Singh,4.0,https://www.youtube.com/watch?v=ldFhaguLywQ,https://music.youtube.com/watch?v=lexADH5Ps8M,https://music.youtube.com/watch?v=P2twsHzxhzM,https://music.youtube.com/watch?v=WJ5-wCYx1Jw
66da0717-5a40-5df0-a86f-c4ae9a658f5e,5e37b518-af8b-571b-b4f4-26c56cc51f0d,2,Koi Matwala Aaya Mere Dware,Lata Mangeshkar,4.33,https://www.youtube.com/watch?v=NcEYnnNGuBg,https://music.youtube.com/watch?v=Ak2_YTWSmqI,https://music.youtube.com/watch?v=gq02gotqVUI,https://music.youtube.com/watch?v=NcEYnnNGuBg
820ec35e-f53e-5909-83f7-19e88af56091,5e37b518-af8b-571b-b4f4-26c56cc51f0d,4,Mujhe Tum Mil Gaye Humdum,Lata Mangeshkar,4.67,https://www.youtube.com/watch?v=Lz8MAtdu-10,https://music.youtube.com/watch?v=Lz8MAtdu-10,https://music.youtube.com/watch?v=k3jv6NsKC5Y,https://music.youtube.com/watch?v=9m2q2sr3fn8
d62189dc-f6ea-5a36-81e1-6fc0b09e0210,5e37b518-af8b-571b-b4f4-26c56cc51f0d,8,Aaja Re Aa Zara,Mohammed Rafi,4.0,https://www.youtube.com/watch?v=_DPDgbH2XJI,https://music.youtube.com/watch?v=_DPDgbH2XJI,https://music.youtube.com/watch?v=xuUEkcxHc9A,https://music.youtube.com/watch?v=J5CvvxKs37E
810fada5-722b-505d-b1f1-2ea081540ae6,8b538388-9cb9-595a-bfe5-a6d89971c998,3,Rahte The Kabhi Jinke Dil Mein Hum,Lata Mangeshkar,4.75,https://www.youtube.com/watch?v=f0qm2lsEEyo,https://music.youtube.com/watch?v=c6OWlc_riLE,https://music.youtube.com/watch?v=EOjouKj3x0E,https://music.youtube.com/watch?v=Ld0w4DtZ1zo
c449ec1d-340a-5764-affe-53258095ad2d,8b538388-9cb9-595a-bfe5-a6d89971c998,4,In Bahaaron Mein Akele Naa Phiro,"Asha Bhosle, Mohammed Rafi",4.25,https://www.youtube.com/watch?v=jY8Od-RZzyc,https://music.youtube.com/watch?v=jY8Od-RZzyc,https://music.youtube.com/watch?v=vXOj7KdXGBs,https://music.youtube.com/watch?v=CyIAC9ZDViw
e55239e3-a0cc-5ee4-936e-1e090a4c56e7,8b538388-9cb9-595a-bfe5-a6d89971c998,6,Rahen Na Rahen Hum (Female),Lata Mangeshkar,5.0,https://www.youtube.com/watch?v=pBosIPDWyr4,https://music.youtube.com/watch?v=gg8GejKsiWc,https://music.youtube.com/watch?v=BDAyzXC-ayE,https://music.youtube.com/watch?v=G9pwxhneRzk
f466c9a1-5a6e-5251-9348-df581f4cd604,8b538388-9cb9-595a-bfe5-a6d89971c998,7,Vikal Mora Manwa Un Bin Haye - Hum Gaganwa Na Jaibe - Sakal Ban Gagan Pavan Chalat,Lata Mangeshkar,4.0,https://www.youtube.com/watch?v=vhcoJHFG05Q,https://music.youtube.com/watch?v=u_HXBqp8YRI,https://music.youtube.com/watch?v=GyzmOwsRK1k,https://music.youtube.com/watch?v=EC1Y1A0rOl8
0769bceb-4d9b-5f5c-bf2a-a0c7af569624,8b538388-9cb9-595a-bfe5-a6d89971c998,8,Chhupa Lo Yun Dil Mein Pyar Mera,"Lata Mangeshkar, Hemant Kumar",4.8,https://www.youtube.com/watch?v=PCYoxU5DQOg,https://music.youtube.com/watch?v=rVr29AqvST4,https://music.youtube.com/watch?v=xDcahj-21gc,https://music.youtube.com/watch?v=GXgKgZt9Jik
4a2e4d4b-2632-582f-a331-157b2e0cd9ad,8b538388-9cb9-595a-bfe5-a6d89971c998,9,Rahen Na Rahen Hum (Duet),"Suman Kalyanpur, Mohammed Rafi",4.2,https://www.youtube.com/watch?v=GmJwRU6kJoI,https://music.youtube.com/watch?v=GmJwRU6kJoI,https://music.youtube.com/watch?v=nnps6JVzHl0,https://music.youtube.com/watch?v=BDAyzXC-ayE
56bc225a-c41e-5d0c-8418-5a51123a9f0c,78edbbce-ec40-52ec-b730-ae31e7825771,2,Aapke Pahlu Mein Aa Kar Ro Diye,Mohammed Rafi,4.0,https://www.youtube.com/watch?v=gT4m-6HHiPY,https://music.youtube.com/watch?v=3Pfi5rrSCqw,https://music.youtube.com/watch?v=zFAwmShyNBc,
cf80ee71-45da-59b3-9def-19c53ac5d6ba,78edbbce-ec40-52ec-b730-ae31e7825771,3,Naino Me Badra Chhaye,Lata Mangeshkar,4.67,https://www.youtube.com/watch?v=u-g_ocszYeE,https://music.youtube.com/watch?v=izkzefFNGhU,https://music.youtube.com/watch?v=2XoSzFFQ9lI,https://music.youtube.com/watch?v=bl_qbws8vNo
198dd14b-da9b-5917-923f-7c9ed418fe71,78edbbce-ec40-52ec-b730-ae31e7825771,4,Tu Jahan Jahan Chalega Mera Saaya Saath Hoga (Happy),Lata Mangeshkar,4.8,https://www.youtube.com/watch?v=IB1gg-F0eZY,https://music.youtube.com/watch?v=9st5jt9Kwpw,https://music.youtube.com/watch?v=nBTKTB4k1iQ,https://music.youtube.com/watch?v=Pdz0V0vqA4Y
1eb57a12-c7f3-568a-ab09-64981f5d1667,78edbbce-ec40-52ec-b730-ae31e7825771,6,Tu Jahan Jahan Chalega Mera Saaya Saath Hoga (Sad),Lata Mangeshkar,4.0,https://www.youtube.com/watch?v=m0wa3QN-jws,https://music.youtube.com/watch?v=9st5jt9Kwpw,https://music.youtube.com/watch?v=nBTKTB4k1iQ,https://music.youtube.com/watch?v=Pdz0V0vqA4Y
dcaefbfb-d773-5b5d-8bd3-802b3dd37f3e,de34b178-8004-51a5-94b4-497f2b0c934b,2,Raaton Ko Chori Chori,Asha Bhosle,4.0,http://www.youtube.com/watch?v=zBiMLZhPT2Q&feature=results_video&playnext=1&list=PLA3900CFA12E7E401,https://music.youtube.com/watch?v=Irixe4_3o2A,https://music.youtube.com/watch?v=a5pe6B8AKtU,https://music.youtube.com/watch?v=UQWpZdr6aLA
877ada54-0d94-513b-91b5-def5db2dd5d0,de34b178-8004-51a5-94b4-497f2b0c934b,3,Na Jaane Kyun Hamaare Dil Ko,Mohammed Rafi,4.0,https://www.youtube.com/watch?v=7linJnXThac,https://music.youtube.com/watch?v=lPMiXNLrzFw,https://music.youtube.com/watch?v=7linJnXThac,https://music.youtube.com/watch?v=HyNxteW_oXQ
3adcf5b3-2c70-53e9-a085-5ce56c0eae23,e7e59666-ebdc-568e-a0de-9e5d63d35ae6,1,Maar Daalega Dard-E-Jigar,Asha Bhosle,4.5,http://www.youtube.com/watch?v=kOSzjSTjNXg,https://music.youtube.com/watch?v=jnSbbiv0GKw,https://music.youtube.com/watch?v=Xka3_CFjLMc,https://music.youtube.com/watch?v=TlS5hLzg-wo
7b315f85-7eb9-5f03-9670-28aa4ec2566b,e7e59666-ebdc-568e-a0de-9e5d63d35ae6,3,Kajre Badarwa Re,Lata Mangeshkar,4.75,http://www.youtube.com/watch?v=o5UZZXyD73w,https://music.youtube.com/watch?v=PSjVNLdFArw,https://music.youtube.com/watch?v=ZgZv8Qu53I8,https://music.youtube.com/watch?v=d4dxyXBRiNs
94c16a34-b633-5d54-85c4-13f993403c82,22c0e882-8eb4-58bf-8dcc-c098e49bd9a3,1,Zindagi Mein Pyar Karna Seekh Le,Asha Bhosle,4.0,https://www.youtube.com/watch?v=ouXznqLQrkE,https://music.youtube.com/watch?v=ouXznqLQrkE,https://music.youtube.com/watch?v=zSo7l1M4eag,https://music.youtube.com/watch?v=59bNk1bb2u0
2d26c1eb-c110-51b2-a1c9-e83dea1e0449,22c0e882-8eb4-58bf-8dcc-c098e49bd9a3,3,Sheeshe Se Pee Ya Paimane Se Pee,Asha Bhosle,4.0,https://www.youtube.com/watch?v=n9r1i5-7SPA,https://music.youtube.com/watch?v=f6LSPEooo5g,https://music.youtube.com/watch?v=n9r1i5-7SPA,https://music.youtube.com/watch?v=tdRAzNQdooQ
492dbe61-868f-57e4-8c9d-266bd93c26d9,8f2e8cbe-7cfe-578d-879e-6f5a4c93aa31,2,Mere Nayan Paakhi Bechare,Lata Mangeshkar,4.0,https://www.youtube.com/watch?v=3Rdwale28fg,https://music.youtube.com/watch?v=3Rdwale28fg,https://music.youtube.com/watch?v=vawbfGhFeBY,
4bbc0855-761b-5845-8e38-e503e86351d5,505f27de-1ff6-507b-9a70-f04aa05fc339,5,Bas Ek Chup Si Lagi Hai - Female,Lata Mangeshkar,4.33,https://www.youtube.com/watch?v=O8dek7eiEj0,https://music.youtube.com/watch?v=O8dek7eiEj0,https://music.youtube.com/watch?v=b2UCn-Rkwmw,https://music.youtube.com/watch?v=5omcMCiaDBw
8aee0780-ade9-5914-8507-1d1caf30b13f,fd77884b-4061-53ab-824a-b61c07a25512,7,Zara Haule Haule Chalo More Saajna,Asha Bhosle,4.75,https://www.youtube.com/watch?v=4e-I6IDBgK0,https://music.youtube.com/watch?v=uVkoyT2x_1c,https://music.youtube.com/watch?v=mri8nUtG6eY,https://music.youtube.com/watch?v=-PgGxCZFD5E
1f1585a4-ec7d-5d44-9b31-5d03e8f22c57,1d958c78-1c8c-5467-826c-8e4d502f4a14,6,Ek Ritu Aaye Ek Ritu Jaye,"Lata Mangeshkar, Manna Dey",4.5,http://www.youtube.com/watch?v=UFXMazdxgUE,https://music.youtube.com/watch?v=8y_JV2RpTOo,https://music.youtube.com/watch?v=GiprGvFdeXY,https://music.youtube.com/watch?v=Gm-TwhcEaAQ
f6473f00-8bcb-51c7-9e60-02d43943acb1,827a69bd-5302-5f42-b06a-e4ed884fedf1,1,Chehre Pe Girin Zulfein (Gustakhi Maaf),Mohammed Rafi,4.0,http://www.youtube.com/watch?v=trKD0fI0Noc,https://music.youtube.com/watch?v=2fdzvUR9Mq8,https://music.youtube.com/watch?v=SL6ir3LT2Ag,https://music.youtube.com/watch?v=FvQyFaREL1Q
aff7d771-e264-566e-8733-3f59d3769370,827a69bd-5302-5f42-b06a-e4ed884fedf1,2,Baharo Phool Barsao Mera Mehboob Aaya Hai,Mohammed Rafi,4.2,http://www.youtube.com/watch?v=McP9D114BfU,https://music.youtube.com/watch?v=2PNy79-tT44,https://music.youtube.com/watch?v=1a1rcIqrpxk,
0521b8aa-8bde-5450-b9a6-f0356c489e42,827a69bd-5302-5f42-b06a-e4ed884fedf1,8,Titli Udi Ud Jo Chali,Sharda,4.0,http://www.youtube.com/watch?v=uh-12QyOpZc,https://music.youtube.com/watch?v=Mt4mOl-XUnc,https://music.youtube.com/watch?v=-c-CGlXOy3g,https://music.youtube.com/watch?v=9mJUSSeGXDI
1aa0f3fc-33ec-5b9f-93e3-6c3bef952785,86d72b07-db5b-50eb-90f9-e0b273eb7970,3,Gham Ki Andheri Raat Mein,"Talat Mahmood, Mohammed Rafi",4.25,https://www.youtube.com/watch?v=gK1GfgrPkFY,https://music.youtube.com/watch?v=gK1GfgrPkFY,https://music.youtube.com/watch?v=fWaiun7gt4M,https://music.youtube.com/watch?v=5W1wwaqyz4k
b26a1899-c49f-523d-a2d3-0ce3f3e56623,272017a6-5f66-5288-9ade-c2e6bbea8a79,1,Aa Aa Bhi Ja Raat Dhalne Lagi,Lata Mangeshkar,4.67,https://www.youtube.com/watch?v=y_pNIhzE1kU,https://music.youtube.com/watch?v=Ev8qnuFTMQo,https://music.youtube.com/watch?v=y_pNIhzE1kU,https://music.youtube.com/watch?v=7_OVD5yi2QI
3314a462-c1f8-5891-b67c-73c1c14f867f,272017a6-5f66-5288-9ade-c2e6bbea8a79,2,Duniya Banane Wale Kya Tere Man Mein Samaai,Mukesh,4.5,https://www.youtube.com/watch?v=MKkCp0lxuRI,https://music.youtube.com/watch?v=nidBtsSu-AQ,https://music.youtube.com/watch?v=b4nDex-MQNc,https://music.youtube.com/watch?v=dMHzWayYmM0
3651331c-95c8-585c-84af-95d7f4f4b37a,272017a6-5f66-5288-9ade-c2e6bbea8a79,3,Paan Khaye Saiyan Hamaro,Asha Bhosle,4.0,https://www.youtube.com/watch?v=dt780KeAITs,https://music.youtube.com/watch?v=K0dycK64DnA,https://music.youtube.com/watch?v=zB3aGlSv95I,https://music.youtube.com/watch?v=0QQvqkUVmyk
2e43c97a-4911-55f8-bbc2-37062dab4de5,272017a6-5f66-5288-9ade-c2e6bbea8a79,5,Sajanwa Bairi Ho Gayi Hamaar,Mukesh,4.0,https://www.youtube.com/watch?v=qDHEdXUb7Is,https://music.youtube.com/watch?v=UYBlX08asj4,https://music.youtube.com/watch?v=DLyqLheAd8M,https://music.youtube.com/watch?v=BOixMstbUcw
815c6e6f-4c9c-5960-8c87-dfae615209c9,272017a6-5f66-5288-9ade-c2e6bbea8a79,7,Maare Gaye Gulfam,Lata Mangeshkar,4.0,https://www.youtube.com/watch?v=NcBqzFX8pgs,https://music.youtube.com/watch?v=NcBqzFX8pgs,https://music.youtube.com/watch?v=BTL-tdctarw,https://music.youtube.com/watch?v=7UJ1Drd1UMg
6e82cc38-55d8-509c-b9f5-fa7d49e9b50a,272017a6-5f66-5288-9ade-c2e6bbea8a79,8,Sajan Re Jhooth Mat Bolo,Mukesh,4.25,https://www.youtube.com/watch?v=Pbh-D-foNYQ,https://music.youtube.com/watch?v=hN3AcBN5KgI,https://music.youtube.com/watch?v=i3ZGNd9tzSo,https://music.youtube.com/watch?v=39zMxMMWcrc
4cac6a88-dd92-52c7-8168-0ae252ad310e,532cfd96-4f8c-590c-b9c8-0eaf5d1b9fdb,2,Aaja Aaja Main Hoon Pyar Tera,"Asha Bhosle, Mohammed Rafi",4.6,https://www.youtube.com/watch?v=EOgirs8vE_A,https://music.youtube.com/watch?v=giVM3P2YA58,https://music.youtube.com/watch?v=QXfehez1NlU,https://music.youtube.com/watch?v=02GWrdH4720
fee40df8-6cf9-5b53-b8fc-8a1c1c24fcc2,532cfd96-4f8c-590c-b9c8-0eaf5d1b9fdb,3,Deewana Mujhsa Nahin Is Ambar Ke Neeche,Mohammed Rafi,4.6,https://www.youtube.com/watch?v=bzg_UveiNMk,https://music.youtube.com/watch?v=4edUZF5CoUQ,https://music.youtube.com/watch?v=0YKUBaUnVUs,https://music.youtube.com/watch?v=uDVgVL67GRM
e1415beb-dcbc-593e-b995-cda0250ec720,532cfd96-4f8c-590c-b9c8-0eaf5d1b9fdb,5,O Haseena Zulfonwali Jane Jahan,"Asha Bhosle, Mohammed Rafi",4.67,http://www.youtube.com/watch?v=fc6DTHi9Z2s,https://music.youtube.com/watch?v=faGO0J7bw7Q,https://music.youtube.com/watch?v=qz-tzGSv9do,https://music.youtube.com/watch?v=9Wk-JnaEVCo
407e7bda-54b9-5059-9f5c-0bec4a58af0d,532cfd96-4f8c-590c-b9c8-0eaf5d1b9fdb,6,Tumne Mujhe Dekha Ho Kar Meherban,Mohammed Rafi,4.8,https://www.youtube.com/watch?v=_Xvb3MiOfNg,https://music.youtube.com/watch?v=hJO5G8q202s,https://music.youtube.com/watch?v=8KuNPEAEsTc,https://music.youtube.com/watch?v=9B-bo1cW2L4
8d712c6d-1659-5f42-9dbd-95f9cad486eb,532cfd96-4f8c-590c-b9c8-0eaf5d1b9fdb,7,O Mere Sona Re Sona Re Sona Re,"Asha Bhosle, Mohammed Rafi",4.0,https://www.youtube.com/watch?v=sITOjxJVY2c,https://music.youtube.com/watch?v=V9IMYFa5qtw,https://music.youtube.com/watch?v=bUucRnkUOkY,https://music.youtube.com/watch?v=TX4XLHulck4
bcae15a8-3e70-5f94-ada2-bffa66cf28fb,fb3093a3-1992-5bb3-a5c9-b2e77d908708,1,Aaj Ki Kaali Ghata,Geeta Dutt,4.0,http://www.youtube.com/watch?v=i-rugjj4Efw,https://music.youtube.com/watch?v=1SVlcu7vfro,https://music.youtube.com/watch?v=_a2qF_xZb2Q,https://music.youtube.com/watch?v=2sDfjK01-6o
0f78c7f3-ca13-5089-a1d7-b751b0655977,23b97d26-d5c4-5dd1-ba92-0c0022e5cff6,4,Yehi Woh Jagah Hai Yehi Woh Fizayen,Asha Bhosle,4.8,https://www.youtube.com/watch?v=lUWbc5MaTI0,https://music.youtube.com/watch?v=Mgoao9urHgg,https://music.youtube.com/watch?v=8h3EfEtSNdY,https://music.youtube.com/watch?v=MvEjDRwz-N8
c73703f6-c94e-5e25-beb0-f5b490ec42ae,23b97d26-d5c4-5dd1-ba92-0c0022e5cff6,5,Huzoorewala Jo Ho Ijazat Toh,"Meenu Purushottam, Asha Bhosle",4.0,https://www.youtube.com/watch?v=-6ym4uOOtEo,https://music.youtube.com/watch?v=CGad0eCo9IM,https://music.youtube.com/watch?v=q0yoTb_TkO8,
4e40551f-bcb2-5202-972c-8adeae61ec9c,a7d817cd-3c11-5590-a2db-0e04b12bd0dc,1,Kabhi Raat Din Hum Door The,"Lata Mangeshkar, Mohammed Rafi",4.0,https://www.youtube.com/watch?v=0buOspoqD-k,https://music.youtube.com/watch?v=caPNTAdoWVs,https://music.youtube.com/watch?v=tggv4xEAb8I,https://music.youtube.com/watch?v=89bxr2HJpSs
c49348fe-9171-505f-93af-60905e5dac73,41654340-9b54-55ac-82db-c5934f93d4e7,1,An Evening In Paris (Aisa Mauka Phir Kahan Milega),Mohammed Rafi,4.12,https://www.youtube.com/watch?v=EaggkmC2pJ0,https://music.youtube.com/watch?v=kC_EPs-deh4,https://music.youtube.com/watch?v=B7RfazPOK84,
b8d75003-9c8f-59b1-8015-b50533fcc0dc,41654340-9b54-55ac-82db-c5934f93d4e7,2,Akele Akele Kahan Ja Rahe Ho,Mohammed Rafi,4.2,https://www.youtube.com/watch?v=aCdajhElEII,https://music.youtube.com/watch?v=86a7rDzAJ6Y,https://music.youtube.com/watch?v=_cP6fl3aX64,https://music.youtube.com/watch?v=nTslwZ2X_PM
f0e2fee4-e09d-5d8f-a805-9a4455fd3264,41654340-9b54-55ac-82db-c5934f93d4e7,3,Deewane Ka Naam To Poochho,Mohammed Rafi,4.0,https://www.youtube.com/watch?v=OxAg62y86VE,https://music.youtube.com/watch?v=0wDUdg9zW-0,https://music.youtube.com/watch?v=PkAr8Kscgqo,
65ee194c-b23b-570b-99a7-bef5668de892,41654340-9b54-55ac-82db-c5934f93d4e7,4,Raat Ke Humsafar Thak Ke Ghar Ko Chale,"Asha Bhosle, Mohammed Rafi",4.8,https://www.youtube.com/watch?v=3qWPATzUorI,https://music.youtube.com/watch?v=gaiLaqFiHkg,https://music.youtube.com/watch?v=le5mLkEurco,https://music.youtube.com/watch?v=050ukw4brrA
9e2a0483-5cbd-55a8-bd6c-7ffc29d42a13,41654340-9b54-55ac-82db-c5934f93d4e7,5,Aasmaan Se Aaya Farishta,Mohammed Rafi,4.33,https://www.youtube.com/watch?v=D9WKFml_dtw,https://music.youtube.com/watch?v=eAwXty7rxBM,https://music.youtube.com/watch?v=UMwRQsn4p4Y,
b7e3b756-403b-5f21-847f-2ad0fcc09dfa,7fdea98b-96dd-5b7c-9291-b09ea99a948e,3,Tum Bin Jeevan Kaise Beeta,Mukesh,4.0,http://www.youtube.com/watch?v=GqxVC2ocYfo,https://music.youtube.com/watch?v=FojaO-TEaFo,https://music.youtube.com/watch?v=bInDRAmwSTI,https://music.youtube.com/watch?v=ZrVqCB7Cjm8
3c3c7131-73bc-58a1-a313-1106268fb9c5,a8660f02-25ce-5e75-8f54-025baa9c81d5,2,Kya Janoon Sajan Hoti Hai Kya Gham Ki Sham,Lata Mangeshkar,4.67,https://www.youtube.com/watch?v=mye8B9u4sSw,https://music.youtube.com/watch?v=ADYDEx1pvEg,https://music.youtube.com/watch?v=8u3vDCjVVZg,https://music.youtube.com/watch?v=QO8H-lppSxQ
d60b8aa4-917d-5dbf-bb7a-bed52db18de4,a8660f02-25ce-5e75-8f54-025baa9c81d5,5,Aaja Piya Tohe Pyar Doon,Lata Mangeshkar,4.5,https://www.youtube.com/watch?v=SSgRiQ6vACg,https://music.youtube.com/watch?v=VPfhI-6UnUg,https://music.youtube.com/watch?v=DN6tt8WLAWs,https://music.youtube.com/watch?v=p9kxCM8blfk
297358af-d54d-53e9-abc8-5563ab280b3c,6e383152-7c10-5e2f-a87f-19ecd5c07294,2,Duniya Kare Sawal To Hum Kya Jawab Den,Lata Mangeshkar,5.0,http://www.youtube.com/watch?v=YHqdKJMoEoE,https://music.youtube.com/watch?v=Ac1QzSzo1vI,https://music.youtube.com/watch?v=MosDWr_ORAI,https://music.youtube.com/watch?v=Iur9t0pUUfU
abfecbba-169d-56a7-aa9f-e80f44918b98,1551e10e-5ff3-50da-807b-31cc8da2f573,3,Yeh Kaun Chitrakaar Hai,Mukesh,4.0,http://www.youtube.com/watch?v=K9b63nSt9jY,https://music.youtube.com/watch?v=WVEk5wxxg-0,https://music.youtube.com/watch?v=nsGFBICGsgY,https://music.youtube.com/watch?v=V64ciGAXWe8
ba073c70-7a3a-5432-b8df-8465a6b07d8c,bc986775-c061-52f2-aab0-5bc0a81494d2,1,Dekha Hai Sabhi Ne Chand Ko,Mohammed Rafi,4.0,https://www.youtube.com/watch?v=agfTBIgha1E,https://music.youtube.com/watch?v=PJPQ1ipjN1c,https://music.youtube.com/watch?v=agfTBIgha1E,https://music.youtube.com/watch?v=_UjTLk0l5ac
a521e6b0-2877-5b4c-9be0-08f6bda86e2e,bc986775-c061-52f2-aab0-5bc0a81494d2,5,Waqt Karta Jo Wafa Aap Hamare Hote,Mukesh,4.0,https://www.youtube.com/watch?v=6wWxGPWrUz8,https://music.youtube.com/watch?v=ef6hqoMSuHA,https://music.youtube.com/watch?v=K06GEUtCzcQ,https://music.youtube.com/watch?v=JC7D5k5qtoY
56fed083-4dd1-5643-93f8-6ecc3cdee933,816699b3-d64c-5339-838d-aaf43d6edfc7,6,Ae Sanam Jisne Tujhe,Mukesh,4.33,https://www.youtube.com/watch?v=Kcm4PmdFA80,https://music.youtube.com/watch?v=n9L04sYRA-U,https://music.youtube.com/watch?v=uIKgDXZJ-CQ,https://music.youtube.com/watch?v=Kcm4PmdFA80
43b95229-a3de-55bc-9e30-5ecd07730739,eb583390-edf7-5037-ac56-35ae01d92489,3,Tum Agar Saath Dene Ka Vaada Karo,Mahendra Kapoor,4.0,https://www.youtube.com/watch?v=Y_Cu6L6VDV0,https://music.youtube.com/watch?v=JwWzIimColg,https://music.youtube.com/watch?v=urZD_E0WJdE,https://music.youtube.com/watch?v=c-2VZQxjdiY
d4d2a877-1d57-56dc-a6f8-1a0b54b57c3d,eb583390-edf7-5037-ac56-35ae01d92489,4,Kisi Patthar Ki Moorat Se,Mahendra Kapoor,4.0,https://www.youtube.com/watch?v=CYaWoAamnDE,https://music.youtube.com/watch?v=CYaWoAamnDE,https://music.youtube.com/watch?v=JV6bu0HJwps,https://music.youtube.com/watch?v=tNE4QpOAZOY
fb089fed-52c7-51dc-a807-c35e0e63515a,6424b99c-7a19-57a4-9039-9b72d9f248fa,1,Yeh Dil Na Hota Bechara,Kishore Kumar,4.6,https://www.youtube.com/watch?v=OG86VR9pTGc,https://music.youtube.com/watch?v=jpbPgpiyATQ,https://music.youtube.com/watch?v=FKRdfz466wE,https://music.youtube.com/watch?v=uoAZfQrdLCY
f3274626-c25d-579d-bcfe-400a69b4352c,6424b99c-7a19-57a4-9039-9b72d9f248fa,2,Rula Ke Gaya Sapna Mera,Lata Mangeshkar,5.0,https://www.youtube.com/watch?v=dCbG9xLTFDs,https://music.youtube.com/watch?v=ybLu7Xgv5nE,https://music.youtube.com/watch?v=o88fLubMHBU,https://music.youtube.com/watch?v=z_JF28HaSLo
7258d914-b632-5c05-ad81-153003c29050,6424b99c-7a19-57a4-9039-9b72d9f248fa,3,Aasman Ke Neeche Hum Aaj Apne Peechhe,"Lata Mangeshkar, Kishore Kumar",4.6,https://www.youtube.com/watch?v=bz6W0YfiG9U,https://music.youtube.com/watch?v=ntx0nr4P-kQ,https://music.youtube.com/watch?v=ZtIv4YhFeVU,https://music.youtube.com/watch?v=bbfQ32vgV0I
003bde24-cec1-523b-928c-dc39dd9ebc16,6424b99c-7a19-57a4-9039-9b72d9f248fa,4,Baithe Hain Kya Uske Paas,Asha Bhosle,4.2,https://www.youtube.com/watch?v=3_uabOEokoc,https://music.youtube.com/watch?v=kCKAJ6bivvw,https://music.youtube.com/watch?v=vpho--9EAbA,https://music.youtube.com/watch?v=QBujDFiNERQ
05500ef6-98f5-53fe-aad6-11f62db1b1c4,6424b99c-7a19-57a4-9039-9b72d9f248fa,6,Raat Akeli Hai Bujh Gaye Diye,Asha Bhosle,4.67,https://www.youtube.com/watch?v=iznL4WD1MJ8,https://music.youtube.com/watch?v=jTN_GFzlS7o,https://music.youtube.com/watch?v=0IO4NE21Ic4,https://music.youtube.com/watch?v=Su4vvd2thG8
fe354825-941c-5b56-8dd9-94e2e1a4e976,6424b99c-7a19-57a4-9039-9b72d9f248fa,7,Hothon Mein Aisi Baat Main Daba Ke Chali Aayi,"Lata Mangeshkar, Bhupinder Singh",5.0,https://www.youtube.com/watch?v=5gSCbjB_52E,https://music.youtube.com/watch?v=5A85BobsR7w,https://music.youtube.com/watch?v=5gSCbjB_52E,https://music.youtube.com/watch?v=ogV8mErXLWY
aa7d0f5d-0a34-5908-94ab-dbd28cdf3181,6424b99c-7a19-57a4-9039-9b72d9f248fa,8,Dil Pukare Aa Re Aa Re Aa Re,"Lata Mangeshkar, Mohammed Rafi",4.5,https://www.youtube.com/watch?v=oZ3H0MEPXMM,https://music.youtube.com/watch?v=WbSmNEN3wmY,https://music.youtube.com/watch?v=gAQx83ZkuQg,https://music.youtube.com/watch?v=sAXp8N0MYC4
03c0eb55-c5f1-54f6-8d0d-8792bc853863,650aba17-2d2c-5779-a6d1-8731e66caf61,1,Jaane Mera Dil Kise Dhoondh Raha Hai,Mohammed Rafi,4.0,https://www.youtube.com/watch?v=_99GrbGJS1E,https://music.youtube.com/watch?v=2yeSGDuUqk8,https://music.youtube.com/watch?v=_99GrbGJS1E,https://music.youtube.com/watch?v=CGIZbI5Fo7Q
0fde0cba-30b3-5217-ab20-6938d2e5f7f2,954433f3-90d0-50ba-a746-c50a24601283,4,Ram Kare Aisa Ho Jaye,Mukesh,4.0,https://www.youtube.com/watch?v=hpQ3jD0rQog,https://music.youtube.com/watch?v=JMlkHCZPRjI,https://music.youtube.com/watch?v=WCd1CQX5CGA,https://music.youtube.com/watch?v=CMiyQSgDSEI
25aa8d44-a976-5d8e-9325-38a7654d3aa1,d915da18-0c7f-5a57-9c90-f2e7e99a885b,2,Tumhari Zulf Ke Saaye Mein,Mohammed Rafi,4.33,http://www.youtube.com/watch?v=U6zOPOhx_Zk,https://music.youtube.com/watch?v=kuzOhJVcmR0,https://music.youtube.com/watch?v=QCqP3oNwlF0,https://music.youtube.com/watch?v=U6zOPOhx_Zk
779212bc-fb5d-5b0a-afc0-c31dca0b9e7b,d915da18-0c7f-5a57-9c90-f2e7e99a885b,7,Meri Aawaaz Suno,Mohammed Rafi,4.25,http://www.youtube.com/watch?v=0jlpfBbzLCI,https://music.youtube.com/watch?v=5TEJhKBGWjE,https://music.youtube.com/watch?v=Qg44UEWr9E0,https://music.youtube.com/watch?v=TOuQEbXkibI
4881064b-ade0-5474-8ef7-69e391330f47,46153603-e9a4-5d9d-bf7b-ae36a57e380f,4,Nazar Na Lag Jaye Kisi Ki Raahon Mein (O My Love),Mohammed Rafi,4.0,https://www.youtube.com/watch?v=HPHAvJa23kg,https://music.youtube.com/watch?v=jdBttflQyys,https://music.youtube.com/watch?v=ThPiEfE-tYA,
697120ef-f585-5f63-b8f9-a48304736749,7045abe3-0901-5c3f-8e29-a0de2759bec4,1,Kitne Pyare Din Aa Gaye (Aayi Baade Bahaarein Le Ke),Suman Kalyanpur,4.0,https://www.youtube.com/watch?v=9JijSlsNtiU,https://music.youtube.com/watch?v=9JijSlsNtiU,https://music.youtube.com/watch?v=9RzZ2byAT-Q,https://music.youtube.com/watch?v=Jd78Qh0zu7A
87f41d14-6fb5-55e9-9615-d711ffa2ed93,7045abe3-0901-5c3f-8e29-a0de2759bec4,7,Woh Mohabbat Woh Wafayen,Mohammed Rafi,4.0,https://www.youtube.com/watch?v=fcuKnKAe5ew,https://music.youtube.com/watch?v=EVCG7_hme_A,https://music.youtube.com/watch?v=f1V1HXaVlls,https://music.youtube.com/watch?v=yMWzH5w9sjI
1bf12ddd-9b2f-5ea1-a6a7-f6b39c7ef57f,43ef964f-e101-5d54-8cad-e3d1ad17185b,2,Koi Nahin Hai Phir Bhi Hai Mujhko,Lata Mangeshkar,4.0,https://www.youtube.com/watch?v=iDNbYdrUTFo,https://music.youtube.com/watch?v=wd-a3Wn3BXA,https://music.youtube.com/watch?v=iDNbYdrUTFo,
5ab7cb14-9c07-5a51-9dd9-beccb2f15653,98dce3c7-d723-5e8d-b5b4-fbfd7de4f295,1,Raat Aur Din Diya Jale (Female),Lata Mangeshkar,4.0,https://www.youtube.com/watch?v=88QJL20VxE8,https://music.youtube.com/watch?v=JL9d5jDtaqw,https://music.youtube.com/watch?v=i9sYzV8QTbM,https://music.youtube.com/watch?v=88QJL20VxE8
3f65b57e-4d6c-5ffe-9b2f-460fbcc0ea1e,98dce3c7-d723-5e8d-b5b4-fbfd7de4f295,3,Dil Ki Girah Khol Do,"Lata Mangeshkar, Manna Dey",4.5,https://www.youtube.com/watch?v=O9t-67wFUKY,https://music.youtube.com/watch?v=b_OCiMojEY4,https://music.youtube.com/watch?v=JyZ-i4uJFeY,https://music.youtube.com/watch?v=NiVf8OAbySk
0689af29-4e9b-58a1-9f2d-9c4c57808b24,98dce3c7-d723-5e8d-b5b4-fbfd7de4f295,4,Awara Ae Mere Dil (Slow),Lata Mangeshkar,4.5,https://www.youtube.com/watch?v=od52eJ0p4FQ,https://music.youtube.com/watch?v=c22Ypbgjqck,https://music.youtube.com/watch?v=D4_LVBw7MJc,https://music.youtube.com/watch?v=LTEVTPZmT6w
49c09759-0300-5226-aed2-b6ab6bd73921,98dce3c7-d723-5e8d-b5b4-fbfd7de4f295,6,Na Chhedo Kal Ke Afsane,Lata Mangeshkar,4.0,https://www.youtube.com/watch?v=aj-Xsd9ef80,https://music.youtube.com/watch?v=7jKNM3jG3pU,https://music.youtube.com/watch?v=8nRxfSAi0XA,https://music.youtube.com/watch?v=7_D9q-T8tTk
5de05c56-5c62-5e66-8eb5-878b0a62d66a,98dce3c7-d723-5e8d-b5b4-fbfd7de4f295,9,Awara Ae Mere Dil (Fast),Lata Mangeshkar,5.0,https://www.youtube.com/watch?v=-402m4K7Apc,https://music.youtube.com/watch?v=c22Ypbgjqck,https://music.youtube.com/watch?v=D4_LVBw7MJc,https://music.youtube.com/watch?v=LTEVTPZmT6w
08b063e4-5c23-571f-8151-9746388b1fca,f16db815-732a-5a1c-8e41-c6724c4aa318,1,Akele Hain Chale Aao Jahan Ho (Female),Lata Mangeshkar,4.5,https://www.youtube.com/watch?v=IruJ9kUOYO4,https://music.youtube.com/watch?v=lQPukbFGu_k,https://music.youtube.com/watch?v=IruJ9kUOYO4,https://music.youtube.com/watch?v=wnD5K-cgls0
a2b64185-8db8-5b0c-a44b-75efd3867e28,f16db815-732a-5a1c-8e41-c6724c4aa318,4,Akele Hain Chale Aao Jahan Ho (Male),Mohammed Rafi,4.5,https://www.youtube.com/watch?v=tcETwRZ2nic,https://music.youtube.com/watch?v=IkrLvHqMv4A,https://music.youtube.com/watch?v=6SniipGPRE8,https://music.youtube.com/watch?v=5GRkGqfhw6Q
c98a8492-92d2-56e1-89e8-5955fb93533d,c251d484-0054-5b50-b05b-7aa734cb17d1,3,Ruk Ja Ae Hawa,Lata Mangeshkar,4.0,https://www.youtube.com/watch?v=T6Ov6y2wrGE,https://music.youtube.com/watch?v=T6Ov6y2wrGE,https://music.youtube.com/watch?v=2FEMUczA7eg,
90851e39-f88a-5d76-9058-025730e3355c,c251d484-0054-5b50-b05b-7aa734cb17d1,4,Bade Miyan Deewane Aise Na Bano,"Mohammed Rafi, Manna Dey, I.S. Johar",4.0,https://www.youtube.com/watch?v=GvrkrO_mmnM,https://music.youtube.com/watch?v=AV2rO39Fgsg,https://music.youtube.com/watch?v=PqbWhPOBX9k,
d4dce9b1-ea93-59ea-ae64-33e509085bb4,c251d484-0054-5b50-b05b-7aa734cb17d1,5,Woh Hain Zara Khafa Khafa,"Lata Mangeshkar, Mohammed Rafi",4.0,https://www.youtube.com/watch?v=YkEHvTuoEDU,https://music.youtube.com/watch?v=RGG1z1n6TQ0,https://music.youtube.com/watch?v=FUBl_FrsdEs,https://music.youtube.com/watch?v=TlZ59KMp1mA
551dce6a-f944-5644-bc2d-906523e1c658,37a8b340-c88a-5ab2-b813-a1a0f185a152,4,Jab Jab Bahaar Aayee  (Female),Lata Mangeshkar,4.0,http://www.youtube.com/watch?v=3nBDCLP0ui8,https://music.youtube.com/watch?v=mQ0ZWCGNljs,https://music.youtube.com/watch?v=NM8EJdAjiJE,https://music.youtube.com/watch?v=ek_EdGzanoE
bfc6c02c-5d0a-53bb-8a31-777e5c226f30,37a8b340-c88a-5ab2-b813-a1a0f185a152,8,Jab Jab Bahaar Aayee,"Mahendra Kapoor, Usha Timothy, Usha Mangeshkar",4.0,http://www.youtube.com/watch?v=UPfki7lFL04,https://music.youtube.com/watch?v=NM8EJdAjiJE,https://music.youtube.com/watch?v=JBCTRLlVYHc,
615c112e-ef60-53dc-9194-9edbac214ceb,57601a4e-d787-5ce2-a119-e81fa424fdcd,1,Mere Desh Ki Dharti Sona Ugle (Happy),Mahendra Kapoor,4.0,https://www.youtube.com/watch?v=jwlyMhykshM,https://music.youtube.com/watch?v=F5GPstAAuSM,https://music.youtube.com/watch?v=Y_R4FKMoTV4,
09015c7a-ce72-5915-8a6a-2da19e80abd7,57601a4e-d787-5ce2-a119-e81fa424fdcd,3,Kasme Waade Pyar Wafa Sab,Manna Dey,4.0,https://www.youtube.com/watch?v=jBFshGdCQPo,https://music.youtube.com/watch?v=wj3fq-PYS6s,https://music.youtube.com/watch?v=jBFshGdCQPo,https://music.youtube.com/watch?v=FsOsr28ZyRg
ae947720-5c02-5ff8-bb15-f50e86f7ef97,57601a4e-d787-5ce2-a119-e81fa424fdcd,4,Deewanon Se Yeh Mat Poochho,Mukesh,4.0,https://www.youtube.com/watch?v=J4mt6stNyao,https://music.youtube.com/watch?v=fJ8A7eQcMQ4,https://music.youtube.com/watch?v=p7FBG7BNwR0,https://music.youtube.com/watch?v=7eEgZkaBcfo
a1289718-b836-5647-aed9-6c2c50d2a15e,af47589f-d918-54b7-b7ca-a087f83823b3,2,Aaj Purani Raahon Se Koi Mujhe Awaz Na De,Mohammed Rafi,4.0,https://www.youtube.com/watch?v=P9lQYZh2aN4,https://music.youtube.com/watch?v=znPLh6s6ZkY,https://music.youtube.com/watch?v=P9lQYZh2aN4,
1994d8b7-ceb9-5653-92a3-c5bf5dbc8c2f,af47589f-d918-54b7-b7ca-a087f83823b3,3,Kaisi Haseen Aaj Bahaaron Ki Raat Hai,"Talat Mahmood, Mohammed Rafi",4.0,https://www.youtube.com/watch?v=WcnkLfHf3ZE,https://music.youtube.com/watch?v=BH8O7juTD18,https://music.youtube.com/watch?v=WcnkLfHf3ZE,
ee83a917-9544-5af4-8a17-4fd0ab3165b5,ceb8675f-e52e-5dd8-8b4a-b9db0fe9bdff,5,Jhir Jhir Barse Sawani Ankhiyan,Lata Mangeshkar,4.5,https://www.youtube.com/watch?v=5nqsAsIZ_x4,https://music.youtube.com/watch?v=5nqsAsIZ_x4,https://music.youtube.com/watch?v=q-1fTwXld2A,https://music.youtube.com/watch?v=tAJJcwimIOs
e5e3f7e2-81b1-5a08-bde7-9a545beeb358,ceb8675f-e52e-5dd8-8b4a-b9db0fe9bdff,6,Ek Tha Bachpan,Lata Mangeshkar,4.0,https://www.youtube.com/watch?v=j1vFkr9LXDs,https://music.youtube.com/watch?v=j1vFkr9LXDs,https://music.youtube.com/watch?v=yGXSW54A9eY,https://music.youtube.com/watch?v=4isd7eet82M
caf3a1cf-2088-5bd6-92bb-69897b948255,7955d04e-f51e-5a03-ae20-20453ec27724,1,Wadiyan Mera Daaman (Male),Mohammed Rafi,4.0,https://www.youtube.com/watch?v=nvtjhafNPU4,https://music.youtube.com/watch?v=Tv3vvTIuldE,https://music.youtube.com/watch?v=AUx8tozFeYY,https://music.youtube.com/watch?v=Mcvo5BRYeWQ
4663d4fc-b22e-5b7e-976c-a07440dd0d8b,7955d04e-f51e-5a03-ae20-20453ec27724,6,Wadiyan Mera Daaman (Female),Lata Mangeshkar,4.67,https://www.youtube.com/watch?v=HUjxJrh2sNc,https://music.youtube.com/watch?v=iOL7viYdbuQ,https://music.youtube.com/watch?v=k5TJnLPsB2w,https://music.youtube.com/watch?v=HUjxJrh2sNc
6cf2f360-1807-587a-8529-7626cab57041,2cec5456-bae0-51dd-bb25-89bc608f55c3,1,Mehlon Ka Raja Mila,Lata Mangeshkar,4.5,http://www.youtube.com/watch?v=9H6m056i-tU,https://music.youtube.com/watch?v=9H6m056i-tU,https://music.youtube.com/watch?v=AV7fLSw7Mbo,https://music.youtube.com/watch?v=LcUWhSOZNKo
975ea98a-58f7-5e28-8293-0383c777bf9f,2cec5456-bae0-51dd-bb25-89bc608f55c3,4,Oh Re Taal Mile Nadi Ke Jal Mein,Mukesh,4.25,http://www.youtube.com/watch?v=9Za8ZtfHXXY,https://music.youtube.com/watch?v=voxPccWO6M8,https://music.youtube.com/watch?v=XwtpFCPw6q0,https://music.youtube.com/watch?v=_cGrOoeCYqA
7df4af8e-40e3-51c2-989b-7f7baa55e9ba,d2811278-35dd-5b5c-8bba-829ed50dee03,2,Nazuk Nazuk Badan Mora,"Lata Mangeshkar, Mohammed Rafi",4.0,https://www.youtube.com/watch?v=qUCcUcCsLfw,https://music.youtube.com/watch?v=CvDnSRLgp94,https://music.youtube.com/watch?v=GB2XPdZIaA8,https://music.youtube.com/watch?v=qUCcUcCsLfw
2164ae6a-8c72-59b4-8956-ab88e9eb8604,d2811278-35dd-5b5c-8bba-829ed50dee03,5,Dagabaazi Piya Tere Dil Mein Hai,Suman Kalyanpur,4.0,https://www.youtube.com/watch?v=dp0Ovg6xe5U,https://music.youtube.com/watch?v=dp0Ovg6xe5U,https://music.youtube.com/watch?v=TepJv7IgJvc,https://music.youtube.com/watch?v=70BB98DEf3w
ab7d5141-a15f-5941-83c7-4b6a2be754aa,bbcab80b-e73f-5ece-8dc7-c7564d358055,1,Main Gaaoon Tum So Jao (Happy),Mohammed Rafi,4.5,https://www.youtube.com/watch?v=BcPWX2_0SGc,https://music.youtube.com/watch?v=Ub1QXugRkl8,https://music.youtube.com/watch?v=qeMzP4eZggg,https://music.youtube.com/watch?v=QCAepNfopyg
11f59f88-5d22-5f84-894f-5071c9f2574d,bbcab80b-e73f-5ece-8dc7-c7564d358055,2,Main Gaaoon Tum So Jao (Sad),Mohammed Rafi,4.0,https://www.youtube.com/watch?v=yyKCdB7WEkQ,https://music.youtube.com/watch?v=Ub1QXugRkl8,https://music.youtube.com/watch?v=qeMzP4eZggg,https://music.youtube.com/watch?v=QCAepNfopyg
af4f4295-4649-5e2e-9e68-7f11c374c20f,bbcab80b-e73f-5ece-8dc7-c7564d358055,5,Dil Ke Jharokhe Mein Tujhko Bitha Kar,Mohammed Rafi,4.33,https://www.youtube.com/watch?v=BbV4DpbMrTg,https://music.youtube.com/watch?v=0mnB31dGni4,https://music.youtube.com/watch?v=ToWO_XY6hg8,
d995b5d9-966f-5503-acf6-cc72962c2444,551c40e4-d1dd-5e31-a727-a901dede7620,4,Haath Aaya Hai Jab Se Tera Haath Mein,"Asha Bhosle, Mahendra Kapoor",4.5,https://www.youtube.com/watch?v=uKNlthx3Bpo,https://music.youtube.com/watch?v=GCd64vDMuuA,https://music.youtube.com/watch?v=zBS5CnGBlbo,
00aa02c0-a95e-5b0d-808b-a6e9ab289f2b,cd7d0d9e-a7ea-58de-845e-196b01d466c9,2,Hawaon Pe Likh Do Hawaon Ke Naam,Kishore Kumar,4.75,https://www.youtube.com/watch?v=q7qWj3nnwRA,https://music.youtube.com/watch?v=A3CU4rAK4e8,https://music.youtube.com/watch?v=eniiuHJAL3Q,
54de8394-b9f2-55c8-8af7-3473109fde0b,804b9bbc-a7f5-5943-8197-c6dbfe194dd6,1,Tumhari Nazar Kyon Khafa Ho Gayi (Happy),"Lata Mangeshkar, Mohammed Rafi",4.0,https://www.youtube.com/watch?v=GcDsdj_w95A,https://music.youtube.com/watch?v=mwIPKKQ8udY,https://music.youtube.com/watch?v=Fx6Yjqq9uQg,
4490086b-666a-5170-81ca-b21b81d117ea,5f9e8212-65e2-5222-b7ea-61bd938bc2c2,2,Na Tum Bewafa Ho Na Hum Bewafa Hain,Lata Mangeshkar,4.5,https://www.youtube.com/watch?v=RLEt1sza-Rk,https://music.youtube.com/watch?v=RLEt1sza-Rk,https://music.youtube.com/watch?v=by-bYFBx3sg,https://music.youtube.com/watch?v=hsr82fJBorU
140d25b1-86b5-577c-a413-b3e58317e54f,927541cd-f02f-55da-a27d-a60132064e4c,5,Chale The Saath Milke,Mohammed Rafi,4.25,https://www.youtube.com/watch?v=djslo8l9dXI,https://music.youtube.com/watch?v=EX15vlEY-ME,https://music.youtube.com/watch?v=HmMwho9BcJs,https://music.youtube.com/watch?v=djslo8l9dXI
1464b326-a507-5b47-b887-0f14da70fdc7,c02d628c-bb37-59c3-b13a-f8b8a7cbeb67,1,Dil Ki Aawaaz Bhi Sun,Mohammed Rafi,4.75,https://www.youtube.com/watch?v=ZCVJzCWco9U,https://music.youtube.com/watch?v=FCVaZI-j_Ww,https://music.youtube.com/watch?v=ZCVJzCWco9U,https://music.youtube.com/watch?v=jNsPpeqO4BY
210544e7-6f2a-50ae-b459-2a6c30fa5f17,c02d628c-bb37-59c3-b13a-f8b8a7cbeb67,4,Woh Haseen Dard De Do,Asha Bhosle,4.75,https://www.youtube.com/watch?v=ZWCwYIYyMpo,https://music.youtube.com/watch?v=Cpadpk2zFt0,https://music.youtube.com/watch?v=ZWCwYIYyMpo,https://music.youtube.com/watch?v=GokjC0Pmq_o
8926382c-80e8-5d81-b206-c4e96a6f4721,95ce2abb-3914-56df-b505-91becb829a06,6,Ye Dil Tum Bin Kahin Lagta Nahin,"Lata Mangeshkar, Mohammed Rafi",4.0,https://www.youtube.com/watch?v=UbrJ0QmAxiQ,https://music.youtube.com/watch?v=iYefx1LqfWI,https://music.youtube.com/watch?v=xvMiGQNEcM0,https://music.youtube.com/watch?v=UbrJ0QmAxiQ
b7b75a00-55f5-5088-9f70-cc326a4d73eb,87a5e4c0-dde1-5728-80cc-f60a434afd58,1,Kaun Hai Jo Sapnon Mein Aaya (O Priya),Mohammed Rafi,4.0,http://www.youtube.com/watch?v=exD5okdopWc,https://music.youtube.com/watch?v=sFOV7rILTcU,https://music.youtube.com/watch?v=xRgzMA1T-eM,https://music.youtube.com/watch?v=R4D9pLjg7lA
7fc3b321-f55b-50af-b084-da1d811e349b,87a5e4c0-dde1-5728-80cc-f60a434afd58,6,Unse Mili Nazar Ke Mere Hosh Ud Gaye,Lata Mangeshkar,4.0,http://www.youtube.com/watch?v=5i160jmz6JI,https://music.youtube.com/watch?v=5zOaUp7tKG8,https://music.youtube.com/watch?v=uU2BNPl8Rmo,https://music.youtube.com/watch?v=bAPY_ceGVVc
77e373b6-4425-52ce-b8c2-0f37a0d06c4a,5626ec9f-5495-578c-9698-14af680637c7,3,Humsafar Ab Ye Safar Kat Jayega,"Lata Mangeshkar, Mukesh",4.0,http://www.youtube.com/watch?v=fNQ5MGomiYY,https://music.youtube.com/watch?v=fNQ5MGomiYY,https://music.youtube.com/watch?v=AiPSS9BfNk8,https://music.youtube.com/watch?v=Df2j9-Q_oS0
e8a01489-1026-5f88-a090-326fd93c7d51,5626ec9f-5495-578c-9698-14af680637c7,4,Neend Ud Jaye Teri,"Krishna Bose, Mubarak Begum, Suman Kalyanpur",4.0,https://www.youtube.com/watch?v=kd8X6rWlL9s,https://music.youtube.com/watch?v=8cHbJMGJNGA,https://music.youtube.com/watch?v=XBItQ8-hyEQ,https://music.youtube.com/watch?v=kd8X6rWlL9s
c579e97e-0640-52ef-a19c-6e2bfbbb9671,b6f0b37f-7b46-5fc0-aaa4-b257c8eb257e,1,Likhe Jo Khat Tujhe Woh Teri Yaad Mein,Mohammed Rafi,4.5,https://www.youtube.com/watch?v=E1xPY3OiuzI,https://music.youtube.com/watch?v=7Ku7g4OPEk4,https://music.youtube.com/watch?v=eAXSrnHDlfQ,https://music.youtube.com/watch?v=tDq9ts-9tI0
9c647089-30ee-5156-8412-561692a59ccd,4a7f33aa-6f1b-5f55-be71-6cfb901e0571,2,Kajra Mohabbat Wala Ankhiyon Mein Aisa Daala,"Asha Bhosle, Shamshad Begum",4.5,https://www.youtube.com/watch?v=zTjxCSvY9cs,https://music.youtube.com/watch?v=i7OMJ8-whDc,https://music.youtube.com/watch?v=bDoDLp71LU8,https://music.youtube.com/watch?v=15sI-BGml5Q
41bad7a3-6c29-5b2e-a88d-4b122c887e95,4a7f33aa-6f1b-5f55-be71-6cfb901e0571,4,Aao Huzoor Tumko Sitaron Mein Le Chaloon,Asha Bhosle,4.67,https://www.youtube.com/watch?v=J5mRZ2Lz1ds,https://music.youtube.com/watch?v=zGlGq14lClg,https://music.youtube.com/watch?v=S4x7gRhdQlY,https://music.youtube.com/watch?v=BstpI8pyP24
6f1042af-0096-5c52-9645-260d3f24e623,4a7f33aa-6f1b-5f55-be71-6cfb901e0571,5,Lakhon Hain Yahan Dilwale,Mahendra Kapoor,4.33,https://www.youtube.com/watch?v=ZFY5pPpDeCg,https://music.youtube.com/watch?v=TXLxM3dLQZY,https://music.youtube.com/watch?v=hIOXNiP7HJo,https://music.youtube.com/watch?v=apdGSq-Et8w
9780b7bf-7e24-52d3-aa9d-aa48d580d53b,80fed10e-a956-5c68-a4df-0c73db71051e,1,Chhalkayen Jaam Aaiye Aapki Aankhon Ke Naam,Mohammed Rafi,4.0,https://www.youtube.com/watch?v=psnEtPFvniw,https://music.youtube.com/watch?v=psnEtPFvniw,https://music.youtube.com/watch?v=lj3fA3Bor3g,
cb8b2adb-bfa0-5a12-9ef7-592a0dfa5545,80fed10e-a956-5c68-a4df-0c73db71051e,5,Hui Shaam Unka Khayal Aa Gaya,Mohammed Rafi,4.0,https://www.youtube.com/watch?v=sL5jf-ZWNCQ,https://music.youtube.com/watch?v=sL5jf-ZWNCQ,https://music.youtube.com/watch?v=KLRahryn2-Y,https://music.youtube.com/watch?v=G_Iv6vlwJBQ
dd200315-3ef1-5027-ad7a-1002ef92bc9b,80fed10e-a956-5c68-a4df-0c73db71051e,6,Na Ja Kahin Ab Na Ja,Mohammed Rafi,4.0,https://www.youtube.com/watch?v=RRN6pZCQUGw,https://music.youtube.com/watch?v=9Cr-Qh6R2QE,https://music.youtube.com/watch?v=J9mcPa0pfao,https://music.youtube.com/watch?v=phgxmRv2zow
29b79b33-8dfb-5880-82e3-7f2dba96e7d2,da1becc5-35ef-57d0-917a-fc81377183ee,1,Rukh Se Zara Naqab Utha Lo Mere Huzoor,Mohammed Rafi,4.0,http://www.youtube.com/watch?v=MTwtrF243kY,https://music.youtube.com/watch?v=Fzs4Xas5VgE,https://music.youtube.com/watch?v=MTwtrF243kY,https://music.youtube.com/watch?v=KYwVePbeF_o
281cb54b-bc6e-5c62-9c7e-defe224c363c,da1becc5-35ef-57d0-917a-fc81377183ee,7,Gham Uthane Ke Liye Main To Jiye Jaoonga,Mohammed Rafi,4.0,http://www.youtube.com/watch?v=RJBqyi-o4qw,https://music.youtube.com/watch?v=EfbJ9tSdF00,https://music.youtube.com/watch?v=TFURGjBX-JQ,https://music.youtube.com/watch?v=RJBqyi-o4qw
8a86e141-6ea1-5d10-a1e4-ef5a106dbb4e,6849dc53-fdd3-5d28-9cd4-6634050a316b,1,Mere Saamnewali Khidki Mein (Happy),Kishore Kumar,4.83,http://www.youtube.com/watch?v=S0WPSYFm7iE,https://music.youtube.com/watch?v=6RchbVJpJRI,https://music.youtube.com/watch?v=S0WPSYFm7iE,
37438c56-f749-52b2-8261-4809515cde1d,6849dc53-fdd3-5d28-9cd4-6634050a316b,2,Main Chali Main Chali Dekho Pyar Ki Gali,"Asha Bhosle, Lata Mangeshkar",4.0,http://www.youtube.com/watch?v=szFxM9KBNMA,https://music.youtube.com/watch?v=rS3YiIImMQY,https://music.youtube.com/watch?v=WPf-CWW0Z7k,https://music.youtube.com/watch?v=EbRP5K5ffaI
af377d26-2aea-5048-9207-368db9af4478,6849dc53-fdd3-5d28-9cd4-6634050a316b,6,Kehna Hai Kehna Hai Aaj Tumse Ye Pehli Baar,Kishore Kumar,4.8,http://www.youtube.com/watch?v=Ewj3fShfZow,https://music.youtube.com/watch?v=oNJB2n5SuTk,https://music.youtube.com/watch?v=fX7nlTsDEZM,
702f7e1e-3b5f-59c4-bb5f-169e9cee84c6,6849dc53-fdd3-5d28-9cd4-6634050a316b,7,Ek Chatur Naar Karke Singaar,"Kishore Kumar, Manna Dey, Mahmood - I",4.67,http://www.youtube.com/watch?v=9HwrMGpFaik,https://music.youtube.com/watch?v=lGfTQ-YFjIE,https://music.youtube.com/watch?v=CeVneAR-dEM,https://music.youtube.com/watch?v=jZPg7HPouVM
3eda806b-e929-5227-8123-9b86a0797eea,6849dc53-fdd3-5d28-9cd4-6634050a316b,9,Meri Pyari Bindu (Mere Bhole Balam),Kishore Kumar,4.0,http://www.youtube.com/watch?v=Zr_enRRcyuw,https://music.youtube.com/watch?v=Zr_enRRcyuw,,
4a42099c-5402-5c46-b537-2fffef702343,17bea303-69be-5f13-8ca0-b18e06000a6e,3,Mera Pyar Bhi Tu Hai (Happy),"Suman Kalyanpur, Mukesh",4.0,https://www.youtube.com/watch?v=iXprkd-pA_M,https://music.youtube.com/watch?v=ZUIT-kxTM_E,https://music.youtube.com/watch?v=t_gDkiyPYes,https://music.youtube.com/watch?v=AKHkNzEScsg
dea3fe26-b897-5cf9-a069-a9dc77d7b176,17bea303-69be-5f13-8ca0-b18e06000a6e,5,Yeh Kaun Aaya Roshan Ho Gayi,Lata Mangeshkar,4.67,https://www.youtube.com/watch?v=q3PQUYdPD6s,https://music.youtube.com/watch?v=2bnQo-Nq5Q4,https://music.youtube.com/watch?v=3VmhAg9lU70,https://music.youtube.com/watch?v=5QWWKdq3VMc
f1c67d59-9988-56e1-868a-a8f161d49ec7,257e981a-5c51-5a99-a22f-5194ea777822,1,Chandan Sa Badan Chanchal Chitwan (Male),Mukesh,4.67,https://www.youtube.com/watch?v=O_ZFtaonBPQ,https://music.youtube.com/watch?v=k09CU9_QAdo,https://music.youtube.com/watch?v=1actomFUY_E,https://music.youtube.com/watch?v=DotGFhhu438
1a38d24f-1c23-5c5e-a4c4-b894a69082e2,257e981a-5c51-5a99-a22f-5194ea777822,2,Chhod De Saari Duniya Kisi Ke Liye,Lata Mangeshkar,4.75,https://www.youtube.com/watch?v=FFW6dBHPcTo,https://music.youtube.com/watch?v=FFW6dBHPcTo,https://music.youtube.com/watch?v=GDCqecC99oA,https://music.youtube.com/watch?v=xMbqVvFFtcQ
f1e8b3c6-f4ed-5bb6-b01d-b42903aedd0d,257e981a-5c51-5a99-a22f-5194ea777822,5,Phool Tumhein Bheja Hai Khat Mein,"Lata Mangeshkar, Mukesh",4.4,https://www.youtube.com/watch?v=lA2q61bFO3s,https://music.youtube.com/watch?v=-PFnSThL_gI,https://music.youtube.com/watch?v=QAoaFYOVjR0,https://music.youtube.com/watch?v=4vjM4ZicOX8
09064a5f-829f-561b-a32e-cca41971c633,0834cc45-624d-55c6-9259-425e27c02380,1,Parde Mein Rehne Do Parda Na Uthao,Asha Bhosle,4.33,https://www.youtube.com/watch?v=N3raF-aFdgQ,https://music.youtube.com/watch?v=Yd3ezXh_vTc,https://music.youtube.com/watch?v=g8UbNFehcl0,https://music.youtube.com/watch?v=ua4coiQE9rQ
387a0d47-b099-5448-b2e6-dfeff7109d66,55af62a0-ed37-5049-9571-98a5f15516b5,6,Mere Dil Se Dil Ko Jod Do,Manna Dey,4.0,https://www.youtube.com/watch?v=4U-OYNoF9QE,https://music.youtube.com/watch?v=4U-OYNoF9QE,https://music.youtube.com/watch?v=WjYdFfohdyk,https://music.youtube.com/watch?v=IMGo_oKzOlk
cef2c984-337b-525a-89d6-ac3bc2bd01e9,453bf2e3-4cb3-5fd9-b34b-8c6dd148e874,2,Kho Diye Hain Sanam Teri Talash Mein,Asha Bhosle,4.0,http://www.youtube.com/watch?v=yDJtnXBl1Ao,https://music.youtube.com/watch?v=Z0kEqTECge8,https://music.youtube.com/watch?v=W9GXU-XPQGw,https://music.youtube.com/watch?v=m1WA4hDyvnY
19e3e917-fd73-542c-90d1-9e8512ce86be,74eb273d-d4d2-5c28-9969-9b982ef83f92,5,Yeh Parbaton Ke Daayre,"Lata Mangeshkar, Mohammed Rafi",4.33,https://www.youtube.com/watch?v=MlKJT6C_xzc,https://music.youtube.com/watch?v=hZpBvNrsGI4,https://music.youtube.com/watch?v=MlKJT6C_xzc,https://music.youtube.com/watch?v=6XncJSiZLs0
d04253d2-a273-5bb2-9562-d3f260a8725c,fc2b1b36-09b5-5ef0-b4b8-13c3a576fe39,2,Rim Jhim Ke Geet,"Lata Mangeshkar, Mohammed Rafi",4.0,https://www.youtube.com/watch?v=ZNgWVgG9n9g,https://music.youtube.com/watch?v=mHc700rKbQ4,https://music.youtube.com/watch?v=fuer_eif76M,https://music.youtube.com/watch?v=7eQNTt4Bc1E
498c7c3d-2bf7-5484-b46c-438a521a4250,234287c5-c795-5863-98d6-df2e7c347a65,1,Roop Tera Mastana Pyar Mera Deewana,Kishore Kumar,4.8,https://www.youtube.com/watch?v=wKQVoA9UVEQ,https://music.youtube.com/watch?v=wKQVoA9UVEQ,https://music.youtube.com/watch?v=Dv0_Oto5QdI,https://music.youtube.com/watch?v=0ti_jxVWX3M
00a153bf-6d11-5aed-bbeb-16fb5b0e7b17,234287c5-c795-5863-98d6-df2e7c347a65,2,Gunguna Rahe Hain Bhanware Khil Rahi Hain Kali Kali,"Asha Bhosle, Mohammed Rafi",4.5,https://www.youtube.com/watch?v=e0sCtjorpRk,https://music.youtube.com/watch?v=Vor6E1BEdQA,https://music.youtube.com/watch?v=uGYlLjmAJTM,
3ab9828a-f478-55d2-b1d8-17ed35d1d3bd,234287c5-c795-5863-98d6-df2e7c347a65,3,Mere Sapnon Ki Rani Kab Aayegi Tu,Kishore Kumar,4.83,https://www.youtube.com/watch?v=-Q8mrKJ1Jps,https://music.youtube.com/watch?v=RVeLrwoB_xw,https://music.youtube.com/watch?v=pHD9EVK2vVc,https://music.youtube.com/watch?v=BbJj7GAvyO8
97c1a985-1a54-5e04-9da0-9f9beb763181,234287c5-c795-5863-98d6-df2e7c347a65,4,Baghon Mein Bahaar Hai,"Lata Mangeshkar, Mohammed Rafi",4.33,https://www.youtube.com/watch?v=cGvPWwfj0TA,https://music.youtube.com/watch?v=8f4x87LBHiE,https://music.youtube.com/watch?v=3KnkLLp8eQQ,https://music.youtube.com/watch?v=2zC-lzk-K0g
5a1ed1ef-25e7-5ca2-ab8d-24c559379ffd,234287c5-c795-5863-98d6-df2e7c347a65,5,Kora Kagaz Tha Yeh Man Mera,"Lata Mangeshkar, Kishore Kumar",4.67,https://www.youtube.com/watch?v=kqXs4GGp8bw,https://music.youtube.com/watch?v=50NYGFNDbMg,https://music.youtube.com/watch?v=S0xpSmA-tWg,https://music.youtube.com/watch?v=dEHLixSgs6k
57157357-e891-5438-9187-2a6344d8ec8c,234287c5-c795-5863-98d6-df2e7c347a65,6,Chanda Hai Tu Mera Suraj Hai Tu,Lata Mangeshkar,4.25,https://www.youtube.com/watch?v=mfomKcIsS_g,https://music.youtube.com/watch?v=MZgMO4V8kEI,https://music.youtube.com/watch?v=ktuAiTIvFNQ,https://music.youtube.com/watch?v=R3snu9_sG-M
fc556d0f-9c40-5813-a514-51a758adcb10,234287c5-c795-5863-98d6-df2e7c347a65,7,Saphal Hogi Teri Aradhana (Kaahe Ko Roye),S.D. Burman,4.33,https://www.youtube.com/watch?v=NWQntkgTIwM,https://music.youtube.com/watch?v=NWQntkgTIwM,https://music.youtube.com/watch?v=ft9jKix8ckg,https://music.youtube.com/watch?v=1y23s6lQ5iM
3ce38c6c-75bd-59f6-97b2-21b30e7c5bc4,d6a8ec0c-df0c-5779-b9a6-15fa23f5ec7f,1,Teri Aankhon Ke Siva Duniya Mein Rakha Kya Hai - Female,Lata Mangeshkar,4.5,http://www.youtube.com/watch?v=xi0aooZDD6w,https://music.youtube.com/watch?v=aMobzIUQLYs,https://music.youtube.com/watch?v=uenljVI2a0c,https://music.youtube.com/watch?v=u8bR1EnxhLY
845555b8-29f8-57cd-8fb9-13c01c307b75,d6a8ec0c-df0c-5779-b9a6-15fa23f5ec7f,4,Teri Aankhon Ke Siva Duniya Mein Rakha Kya Hai - Male,Mohammed Rafi,4.33,http://www.youtube.com/watch?v=hD6pJW-CX0E,https://music.youtube.com/watch?v=LeKLcLXdsxY,https://music.youtube.com/watch?v=R2MKxrlY9xE,https://music.youtube.com/watch?v=yTv0QC96BcE
866bd429-11c4-5ff3-a4ec-4e6c81d74641,941f2a2c-4564-560b-b2bf-7bc9409731c0,1,Mere Naseeb Mein Ae Dost Tera Pyar Nahin,Kishore Kumar,4.5,http://www.youtube.com/watch?v=aPVvXlnV3Vg,https://music.youtube.com/watch?v=P07kGzaOuTw,https://music.youtube.com/watch?v=aPVvXlnV3Vg,https://music.youtube.com/watch?v=_EWyO1GIFzM
b7777f9e-04dc-5e05-96eb-bbcba8f1de82,941f2a2c-4564-560b-b2bf-7bc9409731c0,4,Bindiya Chamkegi Choodi Khankegi,Lata Mangeshkar,4.0,http://www.youtube.com/watch?v=vIQSnBbfeXY&feature=relmfu,https://music.youtube.com/watch?v=qdddteVMsLY,https://music.youtube.com/watch?v=kElJOEsJaow,https://music.youtube.com/watch?v=BVSMwUNMqSU
6b383133-85ee-5ff9-bd42-19cb3c7ddaa1,eaf29182-a622-5ae4-91d3-7742599465d5,4,Aa Jaane Jaan,Lata Mangeshkar,4.6,https://www.youtube.com/watch?v=WQHvDm9b9iI,https://music.youtube.com/watch?v=7Bas9B8ZMzk,https://music.youtube.com/watch?v=U6x2pOz-RUE,https://music.youtube.com/watch?v=XMueQRVqFBE
ad231e2e-460c-5bc4-ad09-5e3c79371dd4,0592e0f6-60a0-55b8-b074-fc893ff48877,1,Aane Se Uske Aaye Bahar (Fast),Mohammed Rafi,4.0,http://www.youtube.com/watch?v=4qwFpKmYH4k,https://music.youtube.com/watch?v=VTv7v-MYAJg,https://music.youtube.com/watch?v=wNq_AKrF3mM,https://music.youtube.com/watch?v=bzLaUlBmvEU
30b77a27-9ec8-52d3-9b17-7d678553d684,60ecd9b3-51de-57ef-8357-630200df334d,1,Soch Ke Ye Gagan Jhoome,"Lata Mangeshkar, Manna Dey",4.4,http://www.youtube.com/watch?v=qVyTVJ1HeNs,https://music.youtube.com/watch?v=XpaDlOI-9Hk,https://music.youtube.com/watch?v=rHUe7ezy2ww,https://music.youtube.com/watch?v=p3A4ODkMGpo
8cc60a7a-e3d1-5efe-94f7-f2313ae170bf,94e2d0dd-5277-5d40-aacd-328b8fb22124,1,Tum Pukar Lo Tumhara Intezar Hai,Hemant Kumar,4.8,https://www.youtube.com/watch?v=Oo3bE64YJig,https://music.youtube.com/watch?v=SESYUUrwtzc,https://music.youtube.com/watch?v=hpna91cR6ZU,https://music.youtube.com/watch?v=y54i0s30uWQ
3b4c44f6-c217-5a5e-8143-ba85537c4089,94e2d0dd-5277-5d40-aacd-328b8fb22124,3,Humne Dekhi Hai Un Aankhon Ki Mahekti Khushboo,Lata Mangeshkar,4.83,https://www.youtube.com/watch?v=doPtBhDTpj0,https://music.youtube.com/watch?v=Q4HsAWecWAc,https://music.youtube.com/watch?v=doPtBhDTpj0,
54196c97-a21d-5a6a-9f34-39b7b027f3c5,94e2d0dd-5277-5d40-aacd-328b8fb22124,4,Woh Sham Kuch Ajeeb Thi,Kishore Kumar,4.8,https://www.youtube.com/watch?v=cwbnUFul5tE,https://music.youtube.com/watch?v=D5VMLZjZ5iU,https://music.youtube.com/watch?v=MDXFi3avqo0,https://music.youtube.com/watch?v=E_I6gwrIAr0
a10a7158-26ed-513b-af85-e25c3a0eb42d,634fb5b4-e705-5846-a1cb-200c5442957e,2,Saanjh Savere Adharon Pe Mere Bas Tumhra Hai Naam Saanwariya,Lata Mangeshkar,4.0,https://www.youtube.com/watch?v=7Z8u9rNWwVc,https://music.youtube.com/watch?v=PWDEUuQkIPk,https://music.youtube.com/watch?v=9nCfIWPeZ8U,https://music.youtube.com/watch?v=7Z8u9rNWwVc
1cc2a19a-7631-5ae4-9da6-427999acc353,cffa58c2-e3ec-55ef-aaf9-76c13079659b,1,Ankhon Ankhon Mein Hum Tum Ho Gaye Deewane,"Asha Bhosle, Kishore Kumar",4.5,https://www.youtube.com/watch?v=lBt7wtmlVVc,https://music.youtube.com/watch?v=3gADoivNR-U,,
45182d11-7168-58ca-90f2-b78f65f9f57d,cffa58c2-e3ec-55ef-aaf9-76c13079659b,2,Yeh Duniyawale Poochhenge,"Asha Bhosle, Kishore Kumar",4.57,https://www.youtube.com/watch?v=JLZ9kq-b9SE,https://music.youtube.com/watch?v=of467JDI9mg,https://music.youtube.com/watch?v=LTe_6vT9nOc,https://music.youtube.com/watch?v=ZacFXmav2Gk
ad3c64e4-8036-5fb4-a8df-114a9e88a74b,d52f88e0-fa1f-5b98-bde8-61dc0337977c,7,Dono Ne Kiya Tha Pyar Magar,Mohammed Rafi,4.0,https://www.youtube.com/watch?v=BhJdMoglpKY,https://music.youtube.com/watch?v=BhJdMoglpKY,https://music.youtube.com/watch?v=utBgaEdxYbs,https://music.youtube.com/watch?v=40Tq1KRvIC0
c2755592-8300-551a-8348-818da999eb5d,655378e2-e720-5d73-a9de-b1a2d88202f6,2,Tum Mujhe Yun Bhula Na Paoge (Male),Mohammed Rafi,4.0,https://www.youtube.com/watch?v=UISqoO974F4,https://music.youtube.com/watch?v=UISqoO974F4,https://music.youtube.com/watch?v=xNw-Qdj55as,https://music.youtube.com/watch?v=r2va7wkvBUg
64330ce2-b9cf-519b-8ff3-ec191bd86e83,e49b8446-3d93-5d4d-b122-02685a596276,1,Phoolon Ke Rang Se,Kishore Kumar,4.56,https://www.youtube.com/watch?v=mZRJfQluJTM,https://music.youtube.com/watch?v=DYQIAqxstGE,https://music.youtube.com/watch?v=gna2zDBjQb8,https://music.youtube.com/watch?v=ryYKumXcp3U
953fb67d-b0cb-59ed-98a9-3817c9b2aad0,e49b8446-3d93-5d4d-b122-02685a596276,2,Rangeela Re Tere Rang Mein Yun Ranga Hai Mera Mann,Lata Mangeshkar,4.5,https://www.youtube.com/watch?v=GzJCS7IiyJc,https://music.youtube.com/watch?v=-HRtmIl-jeo,https://music.youtube.com/watch?v=fdS4jWT_7vE,https://music.youtube.com/watch?v=GzJCS7IiyJc
56bb13f8-752b-5169-ac53-1627c882a3bd,e49b8446-3d93-5d4d-b122-02685a596276,5,Shokhiyon Mein Ghola Jaye,"Lata Mangeshkar, Kishore Kumar",4.0,https://www.youtube.com/watch?v=wgY5_14QpqE,https://music.youtube.com/watch?v=wgY5_14QpqE,https://music.youtube.com/watch?v=IywRz2eAUI4,https://music.youtube.com/watch?v=Lc4bH8kL1Is
b9c7e79c-4c3c-5c77-b44f-cc52502bacf9,7b44acf6-d123-5f0f-a3aa-290520b3d111,4,Badan Pe Sitare Lapete Hue,Mohammed Rafi,4.0,https://www.youtube.com/watch?v=MkABeVCv4lw,https://music.youtube.com/watch?v=xGj2dDzOBww,https://music.youtube.com/watch?v=MkABeVCv4lw,https://music.youtube.com/watch?v=0HHQdjkfx-Q
9ea1fbb2-3a07-5d3a-babe-80378e8e6f52,f016ba0d-38e7-5724-a04f-3b6acfc5dc2a,1,Main Kahin Kavi Na Ban Jaoon,Mohammed Rafi,4.33,https://www.youtube.com/watch?v=ClNxYSahjZk,https://music.youtube.com/watch?v=yRbHRd-rn30,https://music.youtube.com/watch?v=kBvY9YlHva0,https://music.youtube.com/watch?v=fM_6m8pqKTo
b64019ea-eb90-51c4-b858-0b4667b8e64f,f016ba0d-38e7-5724-a04f-3b6acfc5dc2a,4,Dekha Hai Teri Ankhon Mein Pyar Hi Pyar Beshumar,Mohammed Rafi,4.0,http://www.youtube.com/watch?v=aW62BlF_lPw,https://music.youtube.com/watch?v=aW62BlF_lPw,https://music.youtube.com/watch?v=idKY9n1lkqk,https://music.youtube.com/watch?v=kyKeCDcXy2o
75a89419-eba7-51bd-a6ec-0fda33644309,b5ebbd3a-fc40-5c6e-8f74-4f4372d37223,3,Tum Bin Jaoon Kahan - 1 (Happy),Mohammed Rafi,4.0,https://www.youtube.com/watch?v=mI-_wNaviuM,https://music.youtube.com/watch?v=jCbrlknVUJ4,https://music.youtube.com/watch?v=fMJtdT_ubmU,https://music.youtube.com/watch?v=Hyr_J73NIJ0
912bf725-0b97-5395-9e69-fbff284647e9,b5ebbd3a-fc40-5c6e-8f74-4f4372d37223,4,Ni Sultana Re,"Lata Mangeshkar, Mohammed Rafi",4.0,https://www.youtube.com/watch?v=YF1U3_kbx3I,https://music.youtube.com/watch?v=1ZI3yAzVuJU,https://music.youtube.com/watch?v=zHtfMDkX7TM,https://music.youtube.com/watch?v=NIgQL2dYryU
09b6fe49-228a-5071-92f5-ad5c2d94639c,b5ebbd3a-fc40-5c6e-8f74-4f4372d37223,5,Tum Bin Jaoon Kahan - 2 (Happy),Kishore Kumar,4.83,https://www.youtube.com/watch?v=y6a6AE2R6zo,https://music.youtube.com/watch?v=LIKTuZKPThU,https://music.youtube.com/watch?v=DbD06TA6DGY,https://music.youtube.com/watch?v=o8iSojuK7QU
11136fce-1864-5f65-8af5-2b93b16f2d7f,4929f36d-2949-5b87-93c3-fc16b5836ca9,2,Yaaro Mera Saath Nibhao,Mohammed Rafi,4.0,https://www.youtube.com/watch?v=n3oGCoGaJsc,https://music.youtube.com/watch?v=74g4IhS9mbs,https://music.youtube.com/watch?v=n3oGCoGaJsc,https://music.youtube.com/watch?v=gVN6t4lx04Q
f91f67c2-901c-5bde-8227-ae3fbc435550,4929f36d-2949-5b87-93c3-fc16b5836ca9,3,Awara Majhi Jayega Kahan,Mohammed Rafi,4.0,https://www.youtube.com/watch?v=12t_IsusJ20,https://music.youtube.com/watch?v=12t_IsusJ20,https://music.youtube.com/watch?v=TTctRf_sSnU,https://music.youtube.com/watch?v=TcSVycX05q0
d1d04e6b-2344-51d9-a0b4-8140f617b12f,c381e53f-2899-5f91-81f8-d12cbd1d13d9,1,Chal Akela Chal Akela Chal Akela,Mukesh,4.0,http://www.youtube.com/watch?v=zva1Zqss6aA,https://music.youtube.com/watch?v=A7eOzKcOJcQ,https://music.youtube.com/watch?v=ItwBtK0Y2fA,https://music.youtube.com/watch?v=gRlsGFQKV5U
10f4100e-7473-5dae-824f-b630452f1c31,3891d0ee-1fd7-5b11-bb62-27e696e3e471,5,Jaane Kitni Baar Hriday Se Maine Use Pukara,Lata Mangeshkar,4.0,https://www.youtube.com/watch?v=25yWNcUzpv0,https://music.youtube.com/watch?v=25yWNcUzpv0,https://music.youtube.com/watch?v=XUq2KwmJU4o,https://music.youtube.com/watch?v=3HRzJ2c-fys
9f34928f-08ce-55da-bbed-0581907e0bff,b87dce50-4734-5a7d-9b12-7e25b0c23c29,2,Kitni Akeli Kitni Tanha,Lata Mangeshkar,4.0,https://www.youtube.com/watch?v=bdyrkAVy67Y,https://music.youtube.com/watch?v=y-tMYxsfp3k,https://music.youtube.com/watch?v=Ayy46DkPElQ,
f8a39fc6-3fa3-539c-a6df-ab227708313e,b87dce50-4734-5a7d-9b12-7e25b0c23c29,5,Kar Le Pyar Kar Le,Asha Bhosle,4.0,https://www.youtube.com/watch?v=s_GV9MPuj80,https://music.youtube.com/watch?v=E31xGKQM5zo,https://music.youtube.com/watch?v=7CozLpQe_2I,https://music.youtube.com/watch?v=sh7_ao2HT1g
1e18c509-b609-5789-9e98-62b4e2c31068,b87dce50-4734-5a7d-9b12-7e25b0c23c29,6,Palkon Ke Peechhe Se,"Lata Mangeshkar, Mohammed Rafi",4.33,https://www.youtube.com/watch?v=o-KowP8sNiQ,https://music.youtube.com/watch?v=G1OX-DYtFcY,https://music.youtube.com/watch?v=V7Ev50xskIg,
3c955e05-8d28-50c8-bd77-2d2ee5a01f78,b87dce50-4734-5a7d-9b12-7e25b0c23c29,7,Khaai Hai Re Humne Kasam,Lata Mangeshkar,4.0,https://www.youtube.com/watch?v=Z6jstWsJElE,https://music.youtube.com/watch?v=iOe5idaofKQ,https://music.youtube.com/watch?v=7_DgB-vq8LE,https://music.youtube.com/watch?v=drQpqPFNIwM
19256783-4d2c-5b8f-828e-70a5160cd205,180b94d2-fffc-5e03-9f7c-fbf880d44cfa,2,Aaj Ki Raat Sajan Man Chahe,Lata Mangeshkar,4.0,https://www.youtube.com/watch?v=ekJkRM1ujw0,https://music.youtube.com/watch?v=ekJkRM1ujw0,https://music.youtube.com/watch?v=Gx2hw4iVHdQ,https://music.youtube.com/watch?v=ZQG492jfz-8
533a9e65-89b3-5e63-832f-a354bb13ce6e,ba77008c-219a-5bc5-8648-251a375a8895,2,Gar Tum Bhula Na Doge - Male,Mohammed Rafi,4.0,https://www.youtube.com/watch?v=Kgg1ukFW7Fk,https://music.youtube.com/watch?v=WYqrbGrSMPI,https://music.youtube.com/watch?v=ZcDOa4J4EKw,https://music.youtube.com/watch?v=wv5HS23vm70
501cb886-0287-5e36-ac54-f1b8e542c898,9cef961a-184f-59d9-9c1b-0387d7976310,2,O Ghata Saanwari,Lata Mangeshkar,4.0,https://www.youtube.com/watch?v=-T2BDPZSf2Y,https://music.youtube.com/watch?v=-T2BDPZSf2Y,https://music.youtube.com/watch?v=cLzM9FJ11vA,
3a29dd04-4bed-5867-9dc1-66670f6e111d,9cef961a-184f-59d9-9c1b-0387d7976310,5,Bane Bade Raja,Asha Bhosle,4.0,https://www.youtube.com/watch?v=FEhzS5BRhhE,https://music.youtube.com/watch?v=FEhzS5BRhhE,https://music.youtube.com/watch?v=xYK3k5-pn8I,https://music.youtube.com/watch?v=OKuSjQvInTE
bc0e8d44-46c0-5167-b398-6521fdf3b013,9cef961a-184f-59d9-9c1b-0387d7976310,7,Milte Hi Rahenge Hum,"Lata Mangeshkar, Mahendra Kapoor",4.0,https://www.youtube.com/watch?v=5YgCyYUARO0,https://music.youtube.com/watch?v=5YgCyYUARO0,https://music.youtube.com/watch?v=FTuGtcWalbs,https://music.youtube.com/watch?v=7QCUGswU2Jg
5853513c-81f9-546c-8b2c-fd33089366e5,f6ee2a95-1d59-5f1f-bd7c-b11fa6eb6221,1,Kahin Door Jab Din Dhal Jaye,Mukesh,4.71,https://www.youtube.com/watch?v=wjYK67cgNKc,https://music.youtube.com/watch?v=g_4wE-jgFP8,https://music.youtube.com/watch?v=gu9q6A9w8L8,https://music.youtube.com/watch?v=QyHotPZMHZY
ec423e97-cd55-5c87-a5f4-7abdc3c6292c,f6ee2a95-1d59-5f1f-bd7c-b11fa6eb6221,2,Zindagi Kaisi Hai Paheli Haay,Manna Dey,4.86,https://www.youtube.com/watch?v=-y6_cFZsMJA,https://music.youtube.com/watch?v=cP44iDZZ_wY,https://music.youtube.com/watch?v=1JxEV-oGcYg,https://music.youtube.com/watch?v=cUHuUruJv3Q
56ca73ca-7aee-5625-b7b0-0dcb776e92b6,f6ee2a95-1d59-5f1f-bd7c-b11fa6eb6221,3,Naa Jiya Laage Naa,Lata Mangeshkar,4.78,https://www.youtube.com/watch?v=hdX_sQr19Yo,https://music.youtube.com/watch?v=TlRHFDtyfjI,https://music.youtube.com/watch?v=G_K9X5fq5Qw,
b2534bc2-43c7-5400-8ab5-3d2af78dad33,f6ee2a95-1d59-5f1f-bd7c-b11fa6eb6221,4,Maine Tere Liye Hi Saat Rang Ke Sapne Chune,Mukesh,4.8,https://www.youtube.com/watch?v=MH_Q8YCS7CI,https://music.youtube.com/watch?v=MH_Q8YCS7CI,https://music.youtube.com/watch?v=EAmWADK7ZS4,https://music.youtube.com/watch?v=guEIGguvjTE
e14082aa-1b04-510f-826f-3f844d99443a,5b534e96-7baa-5751-abc7-f7b1a8a4668c,1,Main To Har Mod Par Tujhko Doonga Sadaa (Happy),Mukesh,4.0,https://www.youtube.com/watch?v=UKhM51C8s6M,https://music.youtube.com/watch?v=DhOFKm1wLsA,https://music.youtube.com/watch?v=0yeSczJlZlg,
dae5bb46-91c2-5d83-8e56-122b6bb36ff6,5b534e96-7baa-5751-abc7-f7b1a8a4668c,2,Jeevan Hai Ek Bhool Sajanva Bin Tere,Suman Kalyanpur,4.0,https://www.youtube.com/watch?v=WVJxQONRVfw,https://music.youtube.com/watch?v=vKmUB-FN42A,https://music.youtube.com/watch?v=W-XzZwQ4wIo,https://music.youtube.com/watch?v=WVJxQONRVfw
e997ebe0-9dc1-5e74-9807-7b83ea1fe2e9,89ad899e-6d48-5e22-8a81-622d5efe8b52,1,Baiyan Naa Dharo O Balma,Lata Mangeshkar,4.57,https://www.youtube.com/watch?v=_-Wd1Dg1vvY,https://music.youtube.com/watch?v=C7KTz3_vfx0,https://music.youtube.com/watch?v=_-Wd1Dg1vvY,https://music.youtube.com/watch?v=HKky-_T85XU
c554b0a6-af5b-599a-89b0-d06303a30f61,89ad899e-6d48-5e22-8a81-622d5efe8b52,2,Maai Ri Main Kaase Kahoon,Lata Mangeshkar,4.33,https://www.youtube.com/watch?v=yX0otJFfBlo,https://music.youtube.com/watch?v=ufKD4TBi8q0,https://music.youtube.com/watch?v=GmJjVvPvxrg,https://music.youtube.com/watch?v=EGR4UhMXWWY
fa739043-9e6b-5ea7-b6e4-06af13281be8,89ad899e-6d48-5e22-8a81-622d5efe8b52,4,Hum Hain Mata-E-Koocha-O-Bazar Ki Tarah,Lata Mangeshkar,4.0,https://www.youtube.com/watch?v=Jrdp3LdoiGA,https://music.youtube.com/watch?v=2czWxYaUq-A,https://music.youtube.com/watch?v=O7qqTryY5pw,https://music.youtube.com/watch?v=Jrdp3LdoiGA
742d3614-4131-5c18-8473-6e226fdf3a55,cb793fc9-d7ad-5b6e-b08d-ad3cbf4ef722,3,Sama Hai Suhana Suhana Nashe Mein Jahan Hai,Kishore Kumar,4.75,https://www.youtube.com/watch?v=-80vzCK3NEg,https://music.youtube.com/watch?v=sjayO2GdpT4,https://music.youtube.com/watch?v=I-mmmuK981k,https://music.youtube.com/watch?v=tmTv5oUscvQ
58739846-9dc1-5441-854b-5f02676eddc3,46e00b51-99cd-5f59-a4f9-d7d4784be9e6,3,Meri Tamannaon Ki Taqdeer Tum (Male),Mukesh,4.0,https://www.youtube.com/watch?v=gVHiB7ekCk0,https://music.youtube.com/watch?v=tWa9Z9Znzd8,https://music.youtube.com/watch?v=0cj9QV2LAnU,https://music.youtube.com/watch?v=onsm7E9GkrI
a18f192d-3cd0-57ce-ae3d-a212d03db5f2,dada5b6e-a792-541f-ae6c-8facd0d0fcc2,2,Haye Re Haye Neend Nahin Aaye,"Lata Mangeshkar, Mohammed Rafi",4.25,https://www.youtube.com/watch?v=Gbf-b5vLp6I,https://music.youtube.com/watch?v=C89x4xXJ_p0,https://music.youtube.com/watch?v=imaL0rRiyb8,
b9ff7865-724c-5e23-84de-7bd8b96c5cbc,dada5b6e-a792-541f-ae6c-8facd0d0fcc2,3,Dhal Gaya Din Ho Gayi Sham,"Asha Bhosle, Mohammed Rafi",4.0,https://www.youtube.com/watch?v=Q7H0-CSV30c,https://music.youtube.com/watch?v=-4Cn1OyCfP4,https://music.youtube.com/watch?v=luYbdWJdK94,https://music.youtube.com/watch?v=EZctBrFFITY
f8adabaf-f10e-5d1f-9bbf-be3efdcf5678,ea005603-811a-546a-ace8-16c76502a323,1,Jhilmil Sitaron Ka Aangan Hoga - Duet,"Lata Mangeshkar, Mohammed Rafi",4.0,https://www.youtube.com/watch?v=g6tswazqa6k,https://music.youtube.com/watch?v=8cvfII1ItmM,https://music.youtube.com/watch?v=v13cUeX6_co,https://music.youtube.com/watch?v=efIY7ImlmjI
b8993034-1296-5404-9cbf-4271b1ff61ec,1117b59b-44b2-5adc-91ba-bf6776309ac6,7,Husn Ke Lakhon Rang,Asha Bhosle,4.25,https://www.youtube.com/watch?v=lCOuN--v9sQ,https://music.youtube.com/watch?v=MnD_-cK88dc,https://music.youtube.com/watch?v=EoOGgro-TII,https://music.youtube.com/watch?v=OVQQjiAzbZg
89f6660a-075d-5855-b17e-ffc648eb0009,a7243a1d-8048-5b3c-a62d-02d2debe5087,1,Naa Koi Umang Hai,Lata Mangeshkar,4.0,https://www.youtube.com/watch?v=VeKYx1fPICg,https://music.youtube.com/watch?v=H_BOXyg5e5U,https://music.youtube.com/watch?v=r-nDas6mBhw,https://music.youtube.com/watch?v=O07GmZLveIw
18fb04d2-41aa-544b-aeba-975b47edfa84,a7243a1d-8048-5b3c-a62d-02d2debe5087,2,Pyar Deewana Hota Hai,Kishore Kumar,4.6,https://www.youtube.com/watch?v=hV7EAqGy5y8,https://music.youtube.com/watch?v=gKyUhjoto9o,https://music.youtube.com/watch?v=2aHY7XDLWpo,https://music.youtube.com/watch?v=GNjwYtSUH9I
c9bfa6bb-a2d4-5475-b760-b642cd364c0f,a7243a1d-8048-5b3c-a62d-02d2debe5087,3,Mera Naam Hai Shabnam,"Asha Bhosle, R.D. Burman",4.0,https://www.youtube.com/watch?v=ux2G_z4ZUv0,https://music.youtube.com/watch?v=4fOWYeT8uDg,https://music.youtube.com/watch?v=wHvhVOC_gYw,https://music.youtube.com/watch?v=JQC85Nq7V0s
814c6ed9-51fe-5e21-97ef-88a17c784fea,a7243a1d-8048-5b3c-a62d-02d2debe5087,4,Jis Gali Mein Tera Ghar Na Ho Baalma,Mukesh,4.0,https://www.youtube.com/watch?v=vjqqmcEsXZ0,https://music.youtube.com/watch?v=0fdrdGatiNg,https://music.youtube.com/watch?v=mhAPYZSWAwY,https://music.youtube.com/watch?v=_bCt9oUSlhg
6fcbe3cf-0022-5f8f-889f-26d7a23bc41b,a7243a1d-8048-5b3c-a62d-02d2debe5087,5,Yeh Sham Mastani Madhosh Kiye Jaye,Kishore Kumar,4.89,https://www.youtube.com/watch?v=wp7zOathDFo,https://music.youtube.com/watch?v=OvIiFQ0_MIA,https://music.youtube.com/watch?v=JNtZj3NaUFw,https://music.youtube.com/watch?v=tNrpDUn9vxI
d53be912-5b47-5760-9d3a-c3fc1865ef85,a7243a1d-8048-5b3c-a62d-02d2debe5087,7,Yeh Jo Mohabbat Hai,Kishore Kumar,4.75,https://www.youtube.com/watch?v=9rq50DlsxC4,https://music.youtube.com/watch?v=16pz4wFVc_w,https://music.youtube.com/watch?v=-iRVbk5PpDk,https://music.youtube.com/watch?v=y0o1QlnbTcM
8b17f216-342d-5dc4-a2ae-f05d68be98f2,5d5a5837-de03-5a1b-91fb-4cf7bf728bd3,1,Chala Bhi Aa Aaja Rasiya,"Lata Mangeshkar, Mohammed Rafi",4.0,https://www.youtube.com/watch?v=Ul3wufPJ4UE,https://music.youtube.com/watch?v=-rQbjflF4Tk,https://music.youtube.com/watch?v=vesbiNaN_Ho,https://music.youtube.com/watch?v=Ul3wufPJ4UE
cb4b3fbc-6c88-52f5-afce-f1b8b13a45ef,83ee09a4-26a3-5dcf-815f-666dde952aa4,1,Ey Bhai Zara Dekh Ke Chalo,Manna Dey,4.0,https://www.youtube.com/watch?v=uOaHmThlXkg,https://music.youtube.com/watch?v=vHA1XdqRYJs,https://music.youtube.com/watch?v=TZV_Szd9ZvY,https://music.youtube.com/watch?v=elxSKNMovT4
eb3a0715-3b90-56de-bad1-3f7206454d11,83ee09a4-26a3-5dcf-815f-666dde952aa4,3,Jaane Kahan Gaye Woh Din,Mukesh,4.0,https://www.youtube.com/watch?v=_-X6GE-Kqoo,https://music.youtube.com/watch?v=s327hL2R1Nk,https://music.youtube.com/watch?v=mDRwy9F70c8,https://music.youtube.com/watch?v=M1sJhzbB120
43d8c67a-48f2-5a27-abbf-749e38f773fa,83ee09a4-26a3-5dcf-815f-666dde952aa4,7,Jeena Yahan Marna Yahan,Mukesh,4.5,https://www.youtube.com/watch?v=JNyjRLyAEso,https://music.youtube.com/watch?v=ksayR__APwM,https://music.youtube.com/watch?v=D9B9tbKyTAI,https://music.youtube.com/watch?v=7EG6jiNO4vY
383b859e-730b-5afd-8cf7-2de38f4f973c,370a19e5-dd63-5e33-90e6-c742208c71ad,2,Kisi Raah Mein Kisi Mod Par,"Lata Mangeshkar, Mukesh",4.0,http://www.youtube.com/watch?v=tuyiu5iVpYc,https://music.youtube.com/watch?v=i88txA3Qpc8,https://music.youtube.com/watch?v=iCaHHJL1OZI,https://music.youtube.com/watch?v=KOkUXbKjLms
349c68a6-9681-5710-ab5d-796fe93eef48,8c81cf3f-6b74-53e1-b2ac-7dc1db2e188e,7,Woh Tere Pyar Ka Gham,Mukesh,4.0,https://www.youtube.com/watch?v=ItbaI5m-IJs,https://music.youtube.com/watch?v=TtopQ92JjGA,https://music.youtube.com/watch?v=p0tJGbfU7CY,https://music.youtube.com/watch?v=DOC924oQC3k
98472a3c-9b3d-5ccc-aaa1-1212eb707cd1,9a834893-ee6f-5d18-8dcb-b74666a8a060,4,Ponchh Kar Ashq Apni Aankhon Se,Mohammed Rafi,4.0,https://www.youtube.com/watch?v=zgMnYoWYHXU,https://music.youtube.com/watch?v=ls_88lmjtN4,https://music.youtube.com/watch?v=zgMnYoWYHXU,https://music.youtube.com/watch?v=Ozaa-BM7L8I
1bb70d72-f7bc-595a-a271-a9210e7b0a7a,9dc58a18-284f-5874-99b1-8b9e30886e14,1,Teri Duniya Se Hoke Majboor Chala,Kishore Kumar,4.5,https://www.youtube.com/watch?v=lVSfOIlAGSI,https://music.youtube.com/watch?v=F4vnfZ2Did4,https://music.youtube.com/watch?v=TFcD0Q0uqF4,https://music.youtube.com/watch?v=McIpm6c9mbY
925f99c8-1059-5fed-91ee-d9093ba0f6ab,33cf8a7e-481e-521a-9b49-f5ebc0dfb9f3,8,Koi Jab Tumhara Hriday Tod De,Mukesh,4.0,https://www.youtube.com/watch?v=4UP5khFB2hU,https://music.youtube.com/watch?v=uQCeme-d3Zc,https://music.youtube.com/watch?v=3Twf8NRDjHA,https://music.youtube.com/watch?v=vYSRiK-G748
59639278-55f2-5f04-9a9f-5a5b05673786,f493c44a-1966-5443-9db1-4b61fed14d6e,4,Yun Hi Tum Mujhse Baat Karti Ho,"Lata Mangeshkar, Mohammed Rafi",4.0,http://www.youtube.com/watch?v=U-YQkFTi1Zk,https://music.youtube.com/watch?v=EiD9h_SWtaU,https://music.youtube.com/watch?v=hVpjbAPlPQc,https://music.youtube.com/watch?v=U-YQkFTi1Zk
ff73f551-4acd-5d65-9f69-0b949d4c7f4b,341edfe1-03ce-5dab-bd39-610e0dfa9efd,1,Zindagi Ka Safar Hai Ye Kaisa Safar,Kishore Kumar,4.71,https://www.youtube.com/watch?v=vLpRfaRiDnk,https://music.youtube.com/watch?v=jA5aiO-oCkw,https://music.youtube.com/watch?v=XGsx6Yi7a_Y,https://music.youtube.com/watch?v=PlvbOdXEcIA
7905f28f-55fb-5432-baea-a586b92de2a5,341edfe1-03ce-5dab-bd39-610e0dfa9efd,2,Jo Tumko Ho Pasand Wohi Baat Kahenge,Mukesh,4.67,https://www.youtube.com/watch?v=efU70mxXV5w,https://music.youtube.com/watch?v=Oi8SsVIFpQQ,https://music.youtube.com/watch?v=sm-GmHZSmCM,https://music.youtube.com/watch?v=vuZvNnIf8jQ
e4c92921-d2d8-5a86-abbc-7cee4f5c79fa,341edfe1-03ce-5dab-bd39-610e0dfa9efd,5,Hum The Jinke Sahare Woh Hue Naa Hamare,Lata Mangeshkar,4.75,https://www.youtube.com/watch?v=XOVUZsk8wto,https://music.youtube.com/watch?v=VQVt_21W7sM,https://music.youtube.com/watch?v=NmWLx2wtUR8,https://music.youtube.com/watch?v=XqB2HjNkQAM
4707f9e4-1c4c-50a6-9cd0-20735389f1c2,341edfe1-03ce-5dab-bd39-610e0dfa9efd,6,Jeevan Se Bhari Teri Aankhen,Kishore Kumar,4.71,https://www.youtube.com/watch?v=K6H4vxLuc7U,https://music.youtube.com/watch?v=3jr36S-PH0A,https://music.youtube.com/watch?v=yDSleo2udHs,https://music.youtube.com/watch?v=J6LK4AQUk0U
a2f8b28b-9f1f-5e00-9868-1d50ca537591,6bd48d68-1344-5c50-8ac2-83661b8dddbc,1,Gulabi Aankhen Jo Teri Dekhi,Mohammed Rafi,4.67,https://www.youtube.com/watch?v=6Z3DO-OFIjQ,https://music.youtube.com/watch?v=SLT4HF7nHKc,https://music.youtube.com/watch?v=Cpkx5dSjiuA,https://music.youtube.com/watch?v=nWbBIf5_LTY
d0a08893-f4a6-58a9-b701-1e00e22a8d29,6bd48d68-1344-5c50-8ac2-83661b8dddbc,2,O Meri Jaan Maine Kaha,"Asha Bhosle, R.D. Burman",4.33,https://www.youtube.com/watch?v=eXd7N0QsCH0,https://music.youtube.com/watch?v=FimNMUpyeCk,https://music.youtube.com/watch?v=nf5pIWi2Pg8,https://music.youtube.com/watch?v=s65aA9eiyTg
0555226a-3913-566f-98d1-7d46d0397529,6bd48d68-1344-5c50-8ac2-83661b8dddbc,4,Kis Liye Maine Pyar Kiya,Lata Mangeshkar,4.25,https://www.youtube.com/watch?v=KuWK-u493PU,https://music.youtube.com/watch?v=KuWK-u493PU,https://music.youtube.com/watch?v=jBagRd8FI_Q,https://music.youtube.com/watch?v=9KP_A5a2qNY
36941471-3f70-5851-86e7-ec96bb44c1cb,0f335c80-afad-55b6-9d66-2ad6c23689fc,5,Mujhe Teri Mohabbat Ka Sahara Mil Gaya Hota,"Mohammed Rafi, Lata Mangeshkar",4.67,https://www.youtube.com/watch?v=Qv1idZity_c,https://music.youtube.com/watch?v=Yru8qG-cIMc,https://music.youtube.com/watch?v=0YT_qhlq-JY,https://music.youtube.com/watch?v=l5o93XNP0PQ
f594e72e-df4b-5632-92ab-17804ab25c7a,7c08c138-61c5-563b-819b-d612e3d40c74,2,Koi Maane Ya Naa Maane,"Kishore Kumar, Asha Bhosle",4.0,http://www.youtube.com/watch?v=OTu4fmW7uao,https://music.youtube.com/watch?v=ihgkrh39jyM,https://music.youtube.com/watch?v=OTu4fmW7uao,https://music.youtube.com/watch?v=zHMEWVfhK-A
20ba2199-57ab-5f8e-ab26-aa4b15af1f88,7c08c138-61c5-563b-819b-d612e3d40c74,4,Tum To Sabke Ho Rakhwale,Asha Bhosle,4.0,https://www.youtube.com/watch?v=tXpxHnr685A,https://music.youtube.com/watch?v=PhhTE3j-nNE,https://music.youtube.com/watch?v=MrVziqwcL0o,https://music.youtube.com/watch?v=f9VLjAh-aMQ
f801a780-91c1-5a56-8ca6-6a030f3df3fa,3b4d93c9-3604-5a0f-853c-15852a88a93c,1,Chingari Koi Bhadke,Kishore Kumar,4.76,https://www.youtube.com/watch?v=-PwDZUbHpuI,https://music.youtube.com/watch?v=EUC7Phj7ngE,https://music.youtube.com/watch?v=AksD5sGO01c,https://music.youtube.com/watch?v=SPsvh1k_B7c
932bf5e9-aa41-5a9e-8bbe-7eca17b6389d,3b4d93c9-3604-5a0f-853c-15852a88a93c,2,Raina Beeti Jaye,Lata Mangeshkar,4.91,https://www.youtube.com/watch?v=onlZVNKqhYQ,https://music.youtube.com/watch?v=8vEvbY51VWw,,
8941584d-2c02-5d74-a4ca-adcfed43459a,3b4d93c9-3604-5a0f-853c-15852a88a93c,3,Yeh Kya Hua,Kishore Kumar,4.62,https://www.youtube.com/watch?v=BmAoNKeI6ZQ,https://music.youtube.com/watch?v=iZF46F2FlvI,https://music.youtube.com/watch?v=8XHGPQJwIvE,https://music.youtube.com/watch?v=SjT5SzCbkUo
dc08aad9-a750-5123-be85-fb31f2327ad5,3b4d93c9-3604-5a0f-853c-15852a88a93c,4,Bada Natkhat Hai Re,Lata Mangeshkar,4.62,https://www.youtube.com/watch?v=UnIeS_oxfuM,https://music.youtube.com/watch?v=yYS137DxUsA,https://music.youtube.com/watch?v=HcM07Nne5ok,
60e770e6-f0e2-5a90-b5d4-3ff80dd5133b,3b4d93c9-3604-5a0f-853c-15852a88a93c,5,Kuchh Toh Log Kahenge,Kishore Kumar,4.71,https://www.youtube.com/watch?v=X6q7BVZXOUU,https://music.youtube.com/watch?v=5DboXmgUJe8,https://music.youtube.com/watch?v=VATfbq_116I,https://music.youtube.com/watch?v=JboCPAABC-U
0ece6bad-85a4-5116-835b-6991ee6b8fae,3b4d93c9-3604-5a0f-853c-15852a88a93c,6,Doli Mein Bithaayi Ke Kahaar,S.D. Burman,4.25,https://www.youtube.com/watch?v=Od5uK23v3co,https://music.youtube.com/watch?v=Od5uK23v3co,https://music.youtube.com/watch?v=L3Fiy-h3ndU,
2ee05540-9499-500b-a7d5-a955f9df8210,5f7e448f-9363-5b90-9343-dcc319b2826f,1,Zindagi Ek Safar Hai Suhana (Male),Kishore Kumar,4.6,https://www.youtube.com/watch?v=VTPEfY62LDg,https://music.youtube.com/watch?v=opZgi0G4QDg,https://music.youtube.com/watch?v=Pdy3IN1gZHg,https://music.youtube.com/watch?v=12l618F0Kak
4821ad8b-4620-5b4b-b9e4-352e85e51b8f,5f7e448f-9363-5b90-9343-dcc319b2826f,2,Dil Usse Do Jo Jaan De De,"Mohammed Rafi, Asha Bhosle",4.0,https://www.youtube.com/watch?v=VYL856p2hoQ,https://music.youtube.com/watch?v=RAFh-LsXOhI,https://music.youtube.com/watch?v=Isoz5etn6X0,
9c626c4c-adaf-5ad8-a5e9-dae913728027,38c1ae7c-1573-58e9-8098-bba49ecafce9,2,Koi Chupke Se Aake,Geeta Dutt,4.5,http://www.youtube.com/watch?v=fnjhYSa7iu8,https://music.youtube.com/watch?v=gTRvbmyi_Y8,https://music.youtube.com/watch?v=T7LkjgfKfhI,https://music.youtube.com/watch?v=aeXPrbnvxrI
7c51bc97-c496-5671-a306-a8a3f32e0e02,38c1ae7c-1573-58e9-8098-bba49ecafce9,3,Meri Jaan Mujhe Jaan Na Kaho,Geeta Dutt,4.5,http://www.youtube.com/watch?v=F6FkVPOMtvM,https://music.youtube.com/watch?v=Zsoqa5-FMTY,https://music.youtube.com/watch?v=KBBHL7PBa70,https://music.youtube.com/watch?v=MhfFf0JHThA
27af15b8-30ef-5786-a58a-3b3150f6a5cc,43503e86-95cf-5475-9345-c63d3d5d33df,1,Raat Kali Ek Khwab Mein Aayi,Kishore Kumar,4.75,http://www.youtube.com/watch?v=jFYlChHSdzo,https://music.youtube.com/watch?v=Je-at465MXA,https://music.youtube.com/watch?v=BdPb8AgmvTw,https://music.youtube.com/watch?v=VFOwmOW_dao
96a74cba-4a95-5410-a964-3d32a4e07366,43503e86-95cf-5475-9345-c63d3d5d33df,2,Bhali Bhali Si Ek Surat,"Kishore Kumar, Asha Bhosle",4.33,http://www.youtube.com/watch?v=r1hWkp6umX8,https://music.youtube.com/watch?v=U2R4At1Y72g,https://music.youtube.com/watch?v=HgAhuq55NrE,https://music.youtube.com/watch?v=VfV1dm5sJI8
22fdf934-a3a6-543e-bfb3-e931fb7078b2,43503e86-95cf-5475-9345-c63d3d5d33df,3,Aayo Kahaan Se Ghanshyam,"Manna Dey, Archana",4.33,http://www.youtube.com/watch?v=LfoaH7j3X7Q,https://music.youtube.com/watch?v=-XHyfKsBueo,https://music.youtube.com/watch?v=-c5dkWpfO_0,https://music.youtube.com/watch?v=SsanAxz4-c8
19a7749a-f692-5deb-8440-041c9b6814dc,43503e86-95cf-5475-9345-c63d3d5d33df,4,Jiya Naa Laage Mora,Lata Mangeshkar,4.2,http://www.youtube.com/watch?v=9zxjUNb56ZI,https://music.youtube.com/watch?v=3n7k2FpIs10,https://music.youtube.com/watch?v=hdqe-ZspcTY,
cc251bf1-4fc9-5f44-96e0-8e44710d9c6c,9aba3f8a-4ba2-56c6-951f-456841b6f2c0,2,Daiya Yeh Main Kahaan Aa Phasi,Asha Bhosle,4.0,https://www.youtube.com/watch?v=-OvvW0bTpvw,https://music.youtube.com/watch?v=7VffFyHbnyU,https://music.youtube.com/watch?v=h9azwWP5q68,https://music.youtube.com/watch?v=VdflKYb9KLg
10760751-77e4-581c-a98b-986fe7f2d8bd,9aba3f8a-4ba2-56c6-951f-456841b6f2c0,3,Piya Tu Ab To Aaja (Monica O My Darling),"Asha Bhosle, R.D. Burman",4.5,https://www.youtube.com/watch?v=QiToFjVXHj4,https://music.youtube.com/watch?v=G8Q112i-0Sk,https://music.youtube.com/watch?v=46GGxF_Bwhg,https://music.youtube.com/watch?v=YDhzaccvA_I
9e7d38af-01fc-5ab0-b89b-05aa8ad92f38,9aba3f8a-4ba2-56c6-951f-456841b6f2c0,4,Hum Toh Hain Raahi Dil Ke,Kishore Kumar,4.0,https://www.youtube.com/watch?v=URv3r3TbJBw,https://music.youtube.com/watch?v=dlqXHru6AS8,https://music.youtube.com/watch?v=NFJioruZ5vQ,https://music.youtube.com/watch?v=p_5y8sYX-gk
d0207f2f-5dc7-5154-bf70-268fe05c2249,9aba3f8a-4ba2-56c6-951f-456841b6f2c0,5,Dilbar Dil Se Pyare,Lata Mangeshkar,4.0,https://www.youtube.com/watch?v=BQAQZXJgFa8,https://music.youtube.com/watch?v=A5DVcLMWD7M,https://music.youtube.com/watch?v=CEl7aTQRgyA,https://music.youtube.com/watch?v=T-OecGLj4Y0
6b666bdf-a8c9-5809-bdf2-f26874fbff42,9aba3f8a-4ba2-56c6-951f-456841b6f2c0,8,Ab Jo Mile Hain To,Asha Bhosle,4.0,https://www.youtube.com/watch?v=_IBlq8uL_e4,https://music.youtube.com/watch?v=svkbkHMwGoQ,https://music.youtube.com/watch?v=PC9o4QSef2k,
c490767d-976a-544e-aade-e1ecf9d96e46,8e8ee70f-ea56-5f2a-aaf4-24af65d0b827,2,Meri Bagiya Ki Kali,Asha Bhosle,4.0,http://www.youtube.com/watch?v=LihdhmvoIhQ,https://music.youtube.com/watch?v=ZBrvtaTLlIo,https://music.youtube.com/watch?v=eVb1KDt37zg,https://music.youtube.com/watch?v=8Jk4Sx18TPM
3513ff55-caed-5809-865c-574f226e1743,8e8ee70f-ea56-5f2a-aaf4-24af65d0b827,3,Dole Jhumka Mora Bole Pyara Kangna,Asha Bhosle,4.0,https://www.youtube.com/watch?v=UmxN2SsNTgc,https://music.youtube.com/watch?v=8nsvxtnlmCI,https://music.youtube.com/watch?v=swXSLgpGvSU,https://music.youtube.com/watch?v=AZWi85XQtmg
40f2c1db-8da5-5d8d-aafa-d065fa0b8467,1e83472a-7f49-5a52-a077-6375248b2b07,3,Panthi Hoon Main Us Path Ka,Kishore Kumar,4.25,https://www.youtube.com/watch?v=Up_oV-A6mPQ,https://music.youtube.com/watch?v=Up_oV-A6mPQ,https://music.youtube.com/watch?v=CMjXs2GYtxM,https://music.youtube.com/watch?v=gdP3_1lU91s
80c268d5-7edd-5b17-851e-1e94bc9e94e0,1e83472a-7f49-5a52-a077-6375248b2b07,5,Beqaraar Dil Tu Gaaye Ja - I,"Kishore Kumar, Sulakshana Pandit",4.5,https://www.youtube.com/watch?v=MxNoM1lKrtM,https://music.youtube.com/watch?v=82fYEzUl8Mo,https://music.youtube.com/watch?v=MxNoM1lKrtM,
9e6083e6-d21e-58a1-91a9-6007fa0986ca,1e83472a-7f49-5a52-a077-6375248b2b07,7,Mujhe Kho Jaane Do,Kishore Kumar,4.33,https://www.youtube.com/watch?v=7FTY8eyCiFg,https://music.youtube.com/watch?v=7FTY8eyCiFg,https://music.youtube.com/watch?v=nOeXN44ToRc,https://music.youtube.com/watch?v=d1UaR8YeTIs
5ee30f98-2b32-5f50-a9ea-643e01335c80,1e83472a-7f49-5a52-a077-6375248b2b07,9,Door Ka Raahi,Hemant Kumar,4.5,https://www.youtube.com/watch?v=4TT9k3cFYM0,https://music.youtube.com/watch?v=KATFEwtsrRg,https://music.youtube.com/watch?v=4TT9k3cFYM0,https://music.youtube.com/watch?v=J-PRs50lQ2E
8f9ba3ed-15c9-574d-b4c9-5c4c625a0b2f,6fcde5e4-4acd-53eb-8d8e-8ff848f61893,9,Main Kise Apna Kahoon Aaj,"Lata Mangeshkar, Mukesh",4.0,https://www.youtube.com/watch?v=tM0c7ASatdM,https://music.youtube.com/watch?v=tM0c7ASatdM,https://music.youtube.com/watch?v=iIb1XeFQonQ,https://music.youtube.com/watch?v=9Tp3mBbRVbI
2bf4f87e-5617-52ab-8a22-94b3aae49e43,ba4ed1fc-5f3d-5b50-ba04-235e1057559b,1,Aap Ki Raay Mere Baare Mein Kya Hai,"Mohammed Rafi, Sharda",4.0,https://www.youtube.com/watch?v=ku0ixonvonM,https://music.youtube.com/watch?v=Lw1KJOF7cmc,https://music.youtube.com/watch?v=gEF6VikRtcA,https://music.youtube.com/watch?v=z7B5qzfegsc
70f24725-cdd3-5f1f-bad8-fcc4173188ba,ba4ed1fc-5f3d-5b50-ba04-235e1057559b,4,Ang Se Ang Laga Le,Lata Mangeshkar,4.0,https://www.youtube.com/watch?v=TEUaE70BJEk,https://music.youtube.com/watch?v=9YHe4bjdAWM,https://music.youtube.com/watch?v=TEUaE70BJEk,https://music.youtube.com/watch?v=Omnd1GEgZ14
13a537b8-3d1e-5f89-bccb-25f42b4b4a0e,ba4ed1fc-5f3d-5b50-ba04-235e1057559b,5,Aaj Tumhare Kaan Mein Kah Doon Mere Dil Mein Kya Hai,Asha Bhosle,4.0,https://www.youtube.com/watch?v=N2savJIoGQs,https://music.youtube.com/watch?v=n6VaKiBnMww,https://music.youtube.com/watch?v=N2savJIoGQs,
852765e6-0457-5613-a618-eecd815122ef,35fef0d2-f5d6-50c3-b8f9-2710c4b1db28,2,Choodi Nahin Ye Mera Dil Hai,"Lata Mangeshkar, Kishore Kumar",4.25,https://www.youtube.com/watch?v=QgjFIHQw9po,https://music.youtube.com/watch?v=7MPnJN_nN4c,https://music.youtube.com/watch?v=QgjFIHQw9po,https://music.youtube.com/watch?v=RATRcG4hwQ8
17b5a0a3-d90b-5ee8-b974-a52d0e38b567,35fef0d2-f5d6-50c3-b8f9-2710c4b1db28,4,Mera Man Tera Pyasa,Mohammed Rafi,4.29,https://www.youtube.com/watch?v=zOj0Gn7OqDc,https://music.youtube.com/watch?v=zOj0Gn7OqDc,https://music.youtube.com/watch?v=QTlQC8kwNU0,https://music.youtube.com/watch?v=hkySoACMSmE
f0a99643-5c16-5c92-8e84-e828912ec8fb,35fef0d2-f5d6-50c3-b8f9-2710c4b1db28,8,Dil Aaj Shaayar Hai,Kishore Kumar,4.17,https://www.youtube.com/watch?v=H87K5cvzkxs,https://music.youtube.com/watch?v=0xcEm2dgVx4,https://music.youtube.com/watch?v=mmfuwabBWIk,https://music.youtube.com/watch?v=5FQ_GTiBAl4
063fbf8b-615d-5ed2-ba2a-f6ae66276594,6eb82459-8539-5802-aaed-43846cb245dc,1,Bole Re Papihara,Vani Jayaram,4.71,https://www.youtube.com/watch?v=56AUdC9mn4E,https://music.youtube.com/watch?v=Z5D39-bCs-w,https://music.youtube.com/watch?v=hQGwPoOpu6Y,https://music.youtube.com/watch?v=56AUdC9mn4E
a073ddb0-d9b4-5a6d-ac76-dda44d251ef7,6eb82459-8539-5802-aaed-43846cb245dc,3,Humko Man Ki Shakti Dena,Vani Jayaram,4.6,https://www.youtube.com/watch?v=FyG6yfoyITA,https://music.youtube.com/watch?v=3ttf8Xsz4TU,https://music.youtube.com/watch?v=FyG6yfoyITA,https://music.youtube.com/watch?v=0WaG1TQOcMk
a25c8989-3158-5b8a-a1dd-1fbe86550583,a946f172-6ab0-5943-aef7-edc8db0c1592,1,Dum Maaro Dum Mit Jaye Gham - I,Asha Bhosle,4.29,https://www.youtube.com/watch?v=yNsP5buTUiE,https://music.youtube.com/watch?v=GUn3P5QyLRY,https://music.youtube.com/watch?v=ahcQJHpFFUc,https://music.youtube.com/watch?v=WBeE13puu-k
1838d726-5417-5e1f-91c8-2d9ab1cff227,a946f172-6ab0-5943-aef7-edc8db0c1592,2,Hare Rama Hare Krishna (I Love You),"Asha Bhosle, Usha Iyer",4.25,https://www.youtube.com/watch?v=YxDE7ptqruo,https://music.youtube.com/watch?v=xZichKzuGwI,https://music.youtube.com/watch?v=DXhEsxpvmVg,https://music.youtube.com/watch?v=lD2XvWVJ9vI
37fdb7de-250f-5ce1-b87c-84af92ecf0b0,a946f172-6ab0-5943-aef7-edc8db0c1592,3,Kanchi Re Kanchi Re,"Lata Mangeshkar, Kishore Kumar",4.0,https://www.youtube.com/watch?v=1GmwIgZfSsI,https://music.youtube.com/watch?v=ZlJIHr9j9sQ,https://music.youtube.com/watch?v=GPMBkuDORkI,https://music.youtube.com/watch?v=h7nV6taC08A
b15584c6-4e0f-5f5d-bb88-7a40bd920cf4,a946f172-6ab0-5943-aef7-edc8db0c1592,4,Phoolon Ka Taaron Ka Sabka Kahna Hai (Female),Lata Mangeshkar,4.25,https://www.youtube.com/watch?v=l_8KzlYBY_8,https://music.youtube.com/watch?v=LUFkFONN6yM,https://music.youtube.com/watch?v=ZiQyFGdHZdk,
6f6f2123-3c28-5b2b-863a-bea07624c31e,a946f172-6ab0-5943-aef7-edc8db0c1592,6,Dum Maaro Dum Mit Jaye Gham - II,Asha Bhosle,4.8,https://www.youtube.com/watch?v=ahcQJHpFFUc,https://music.youtube.com/watch?v=GUn3P5QyLRY,https://music.youtube.com/watch?v=ahcQJHpFFUc,https://music.youtube.com/watch?v=WBeE13puu-k
dca8dfb4-75a2-57ef-a6bb-7af24bee67f0,a946f172-6ab0-5943-aef7-edc8db0c1592,9,Phoolon Ka Taaron Ka Sabka Kahna Hai (Male),Kishore Kumar,4.6,https://www.youtube.com/watch?v=ZiQyFGdHZdk,https://music.youtube.com/watch?v=ZiQyFGdHZdk,https://music.youtube.com/watch?v=LUFkFONN6yM,https://music.youtube.com/watch?v=0_jHamHCx-Q
12b206b8-4968-56dc-896c-087bff34f6e9,6d12c430-a419-5978-91a7-8d9c48005ce7,1,Meri Jawani Teri Diwani,Asha Bhosle,4.0,https://www.youtube.com/watch?v=fNtpWZKVfF0,https://music.youtube.com/watch?v=gVCUVlgEBGg,https://music.youtube.com/watch?v=jJtrur9ExXM,
ef3d4d10-7a56-5d09-a9aa-f519e339430f,518c8866-6c96-5084-a8e0-e01b38beca43,4,O Mitwa Yeh Duniya To Kya Hai,Lata Mangeshkar,4.0,https://www.youtube.com/watch?v=nou49V7GSBY,https://music.youtube.com/watch?v=tjs6aCuIAxQ,https://music.youtube.com/watch?v=yJj4avcoffI,https://music.youtube.com/watch?v=nou49V7GSBY
db580aaa-9bcc-57de-88c7-3feab9da9d60,518c8866-6c96-5084-a8e0-e01b38beca43,8,Taaron Mein Saj Ke Apne Sooraj Se,Mukesh,4.0,https://www.youtube.com/watch?v=8wx8KQ2JRSM,https://music.youtube.com/watch?v=gJV8zMKQQrQ,https://music.youtube.com/watch?v=4L8e4WVmuqA,https://music.youtube.com/watch?v=8wx8KQ2JRSM
efa5de95-a851-5740-92f8-e5f1e0325958,2bd7454d-63cd-5a21-b098-198d8c477262,1,In Nigahon Mein Ghar Tumhara Hai,Asha Bhosle,4.0,https://www.youtube.com/watch?v=E1pHtH9EtaA,https://music.youtube.com/watch?v=E1pHtH9EtaA,https://music.youtube.com/watch?v=Zu6Lv-Obc-U,https://music.youtube.com/watch?v=6sSQ7lAOnFI
3283d092-2bb4-5e54-bee6-0677633d019d,2bd7454d-63cd-5a21-b098-198d8c477262,2,Nazar  Mein Rang Aur Masti Bhara Toofan Leke,Lata Mangeshkar,4.0,https://www.youtube.com/watch?v=9A2YGtk9ic8,https://music.youtube.com/watch?v=9A2YGtk9ic8,https://music.youtube.com/watch?v=5LW7-KwT1Lw,
c200f79e-5709-55d8-a416-42eaf204dda4,2bd7454d-63cd-5a21-b098-198d8c477262,3,Jab Muhabbat Jawaan Hoti Hai,Mohammed Rafi,4.0,https://www.youtube.com/watch?v=GW1SJ3nUB-8,https://music.youtube.com/watch?v=i89Ka644UgE,https://music.youtube.com/watch?v=GW1SJ3nUB-8,https://music.youtube.com/watch?v=k4nzrLrZhV8
0fd6475b-2b11-51ab-b112-cdb926fac6fd,2bd7454d-63cd-5a21-b098-198d8c477262,5,Mere Sapnon Ki Rani Tum Nahi Ho,Mohammed Rafi,4.0,https://www.youtube.com/watch?v=2nvwxtDlo0k,https://music.youtube.com/watch?v=gC4G5MiRfLk,https://music.youtube.com/watch?v=Ei8IboTcFaI,https://music.youtube.com/watch?v=RVeLrwoB_xw
48112e07-cafd-5158-9042-b9503b668acd,2bd7454d-63cd-5a21-b098-198d8c477262,7,Mil Gayee Mil Gayee,"Mohammed Rafi, Asha Bhosle",4.0,https://www.youtube.com/watch?v=nVCnQ6yv-IA,https://music.youtube.com/watch?v=vStQKcpf8c0,https://music.youtube.com/watch?v=0jCEWQPZWXg,
3b36ae1e-99f1-52ac-9ede-24062325e003,a7adac89-4fbd-5ff1-a910-1b7e0e76fc9b,6,O Ambe Maiya Aayo Aayo Navratri Tyauhar,"Mohammed Rafi, Mukesh",4.0,https://www.youtube.com/watch?v=jt-cT72alOQ,https://music.youtube.com/watch?v=Nd3JPpj0ko0,,
b916699e-837d-5541-b55b-2b50629b4cf4,8c1f2e52-21cf-5705-9a90-6535abe4e00b,1,Kabhi Dhoop Kabhi Chhaon (Sukh Dukh Dono Rahte),Kavi Pradeep,4.0,https://www.youtube.com/watch?v=puGqmm-cVok,https://music.youtube.com/watch?v=puGqmm-cVok,https://music.youtube.com/watch?v=n3nGIAkUCdU,https://music.youtube.com/watch?v=r1m5jO9AihM
a0c4f2a2-f069-5dc6-83cc-040ee7bd0d2c,d6ef9e14-dbc8-5aae-b0d1-346e78cf0afe,4,Bhanware Ki Gunjan Hai Mera Dil,Kishore Kumar,4.6,https://www.youtube.com/watch?v=tUHMjYoQ1iM,https://music.youtube.com/watch?v=nb6d-fnSOww,https://music.youtube.com/watch?v=W0nz16FZyRE,https://music.youtube.com/watch?v=WE2ZfrYbawo
54eed79b-f4b3-58ed-8ac3-fe17240909f4,1b60c83b-e615-5a97-bdab-0f36959e03d2,1,Chanda O Chanda (Female),Lata Mangeshkar,4.33,http://www.youtube.com/watch?v=vXX464l95VE,https://music.youtube.com/watch?v=8DnSxmzb7MA,https://music.youtube.com/watch?v=vXX464l95VE,https://music.youtube.com/watch?v=GGx244E3wew
83f79bad-4b60-5d21-8327-6cc64d68e6fd,1b60c83b-e615-5a97-bdab-0f36959e03d2,5,Chanda O Chanda (Duet),"Lata Mangeshkar, Kishore Kumar",4.33,https://www.youtube.com/watch?v=Xftjc4ZXBsQ,https://music.youtube.com/watch?v=oV_7WAzZsqw,https://music.youtube.com/watch?v=ueXV9P4tN9I,https://music.youtube.com/watch?v=bnpenPCTzh8
7c94b730-b522-5de9-928c-40c3b81682cc,8e56d3c3-f8b1-5495-82b5-ce03239cf5a9,4,Geet Gaata Hoon Main,Kishore Kumar,4.33,https://www.youtube.com/watch?v=Ays7xJK8UF8,https://music.youtube.com/watch?v=d0n47ItBTrs,https://music.youtube.com/watch?v=Ays7xJK8UF8,https://music.youtube.com/watch?v=T8kJ-Apkw28
42e81f29-7a02-5045-8620-f759146923fa,65dbe203-582d-5554-8d43-200999dbc6f8,2,Tujhe Dil Ki Baat Bata Doon,Lata Mangeshkar,4.0,http://www.youtube.com/watch?v=2M38CsIAXMI,https://music.youtube.com/watch?v=xZvpGlynYfY,https://music.youtube.com/watch?v=gUcdVwCtSe4,https://music.youtube.com/watch?v=c9xOnYnX08U
b8e669c4-d7c2-5c33-9558-f056df3278ba,65dbe203-582d-5554-8d43-200999dbc6f8,6,Aaj Main Jawaan Ho Gayi Hoon,Lata Mangeshkar,4.0,http://www.youtube.com/watch?v=B880xf1arAw,https://music.youtube.com/watch?v=seOFcjkA72c,https://music.youtube.com/watch?v=twN4VFRbY2Q,https://music.youtube.com/watch?v=aLwsen9_GwE
9f7fed8f-f9e6-5293-9353-b067ca3040fc,a829a549-f37b-542a-a2c0-d46bf59081fb,1,Itna To Yaad Hai Mujhe,"Mohammed Rafi, Lata Mangeshkar",4.0,https://www.youtube.com/watch?v=yttDbb3Bh3A,https://music.youtube.com/watch?v=yttDbb3Bh3A,https://music.youtube.com/watch?v=uRnfOcbXDBA,https://music.youtube.com/watch?v=J57FoPptubQ
39693232-659b-5c38-8843-a74bcecfc491,a829a549-f37b-542a-a2c0-d46bf59081fb,2,Mere Deewanepan Ki Bhi Dawa Nahin,Kishore Kumar,4.29,https://www.youtube.com/watch?v=uqIHgB9nd2Q,https://music.youtube.com/watch?v=OyV_nFsEqq8,https://music.youtube.com/watch?v=gIujRlA1xEY,https://music.youtube.com/watch?v=uqIHgB9nd2Q
b52659ae-eb83-5153-9a95-12857dcfd895,a829a549-f37b-542a-a2c0-d46bf59081fb,4,Apna Hai Tu Begana Nahin,Mohammed Rafi,4.0,https://www.youtube.com/watch?v=bkPYb2zUNh0,https://music.youtube.com/watch?v=bkPYb2zUNh0,https://music.youtube.com/watch?v=hi-JKJpiyJI,https://music.youtube.com/watch?v=XyTx82x-iNY
37b7d180-de38-5a3b-898b-4ae4024aed54,a829a549-f37b-542a-a2c0-d46bf59081fb,5,Pasand Aa Gayi Hai Ek Kafir Haseena,Mohammed Rafi,4.0,https://www.youtube.com/watch?v=OocuX2wWxvg,https://music.youtube.com/watch?v=h55nKzY-ULg,https://music.youtube.com/watch?v=OocuX2wWxvg,https://music.youtube.com/watch?v=CA7r2ylVbPw
605c96eb-1ebf-56ca-b65a-c786ae0a81af,a829a549-f37b-542a-a2c0-d46bf59081fb,7,Jane Kyun Log Mohabbat Kiya Karte Hain,Lata Mangeshkar,4.25,https://www.youtube.com/watch?v=HdyqOvJ7HiI,https://music.youtube.com/watch?v=1zJ-15lacKc,https://music.youtube.com/watch?v=Ha24r8qaCDU,https://music.youtube.com/watch?v=EexQJDe4sqE
9a08d6d8-d98b-5d5e-aedc-7debcd60ebb9,7462674a-fc1d-5e5d-8bb9-c2fb06eb7d76,6,Rut Hai Milan Ki Sathi Mere Aa Re,"Lata Mangeshkar, Mohammed Rafi",4.0,https://www.youtube.com/watch?v=njoZp6M5kcU,https://music.youtube.com/watch?v=40-zy4iVck8,https://music.youtube.com/watch?v=Be_Aaz_iTZg,https://music.youtube.com/watch?v=Sp0N_gPiqxA
f0b94aff-0ca7-5a2e-b4b8-80f087d020a0,f45e053c-861a-5756-8d28-66b7087f3f7c,2,Haal Chaal Theek Thaak Hai,"Kishore Kumar, Mukesh",4.0,https://www.youtube.com/watch?v=oZZMehyXpds,https://music.youtube.com/watch?v=7-PHsxNVdjk,https://music.youtube.com/watch?v=ih_ogMbtWp8,https://music.youtube.com/watch?v=oZZMehyXpds
2c992dc1-3942-50a5-89c6-6cce4f73b888,f45e053c-861a-5756-8d28-66b7087f3f7c,3,Koi Hota Jisko Apna,Kishore Kumar,4.5,https://www.youtube.com/watch?v=I9w628gW9jI,https://music.youtube.com/watch?v=bWNRmJMMVUg,https://music.youtube.com/watch?v=I9w628gW9jI,https://music.youtube.com/watch?v=ctMU2uzmhh4
5ed5d5bd-5821-59a1-8814-3ff6f7e0d4b7,f45e053c-861a-5756-8d28-66b7087f3f7c,4,Roz Akeli Aaye Roz Akeli Jaye,Lata Mangeshkar,4.0,https://www.youtube.com/watch?v=ogDsv3nJr_I,https://music.youtube.com/watch?v=ogDsv3nJr_I,https://music.youtube.com/watch?v=F_yeVxe88mM,https://music.youtube.com/watch?v=sDWjzF4qx8k
c271c771-ec8e-5183-a93b-6b5148fad5fa,fd8287c7-92b7-539e-8139-87048cff0e85,6,Duniya O Duniya Tera Jawab Nahin,Kishore Kumar,4.0,https://www.youtube.com/watch?v=VY7kfen9RYE,https://music.youtube.com/watch?v=ul4chxTGcak,https://music.youtube.com/watch?v=VY7kfen9RYE,https://music.youtube.com/watch?v=3r2yEq0iQLY
948fffd9-3e80-54cd-836b-7cb16c0fcdd7,15ee7b81-023f-54c6-b440-c9d1c61dbe05,2,Sajna Ke Saamne Main To Rahoongi Chup,Asha Bhosle,4.0,http://www.youtube.com/watch?v=SXzjFD6lxIo,https://music.youtube.com/watch?v=6Em3zdNc4Uw,,
70b392f8-b15a-54bb-9bd6-11e47dbbfbd3,5cffecc9-502d-53cf-9dc7-0c2c14b08a10,6,Aaj Unse Pehli Mulaqat Hogi,Kishore Kumar,4.25,https://www.youtube.com/watch?v=djy6oEPd0Vo,https://music.youtube.com/watch?v=VGkuV1FeTGI,https://music.youtube.com/watch?v=Xzt4tINM4Jo,https://music.youtube.com/watch?v=_pK2fVie8qk
5174c201-7287-5ff9-bf3e-f10a0057a66c,df61dc97-ed1f-5d8b-8f9a-4e6ac030ba42,4,Simti Si Sharmai Si,Kishore Kumar,4.57,https://www.youtube.com/watch?v=ku3-14pjm4Y,https://music.youtube.com/watch?v=XbZ9b1Rrn_I,https://music.youtube.com/watch?v=u2Sh1kjIpmE,https://music.youtube.com/watch?v=K4fVTtH9hVA
f4dfe5f0-8e16-5bb1-8ccf-fe79c0cb1b9a,a9d7d27f-3b57-5022-8b28-73d986633a7e,2,Hum Chaahen Ya Na Chaahen,Hemant Kumar,4.0,https://www.youtube.com/watch?v=nw2GQFPHUSI,https://music.youtube.com/watch?v=0jRO2_ddxdA,https://music.youtube.com/watch?v=_vcSJxHHd78,https://music.youtube.com/watch?v=nw2GQFPHUSI
4bf2682d-8d73-5f38-ba77-afb7db45d4ad,a9d7d27f-3b57-5022-8b28-73d986633a7e,3,Saanjh Khile Bhor Jharey,"Hemant Kumar, Ranu Mukherjee",4.0,https://www.youtube.com/watch?v=KhZXA-S6pOw,https://music.youtube.com/watch?v=roio1MJzRMM,https://music.youtube.com/watch?v=KhZXA-S6pOw,
47febbea-d0f2-5460-aeee-fc83235b4ae4,6970d12e-a6be-54c3-9960-404265a66ca2,1,Yeh Jeevan Hai,Kishore Kumar,4.5,http://www.youtube.com/watch?v=VnaLbRHE1PM,https://music.youtube.com/watch?v=UdttyYOdUXU,https://music.youtube.com/watch?v=E5G4PQm2vS4,https://music.youtube.com/watch?v=bdPoGbyNkWY
4a6c0f57-9609-52d5-988a-1dabaeeeeac6,2a514383-59a4-55b1-a24b-d3ccf5e4834e,2,Roop Hai Rang Hai,Asha Bhosle,4.0,https://www.youtube.com/watch?v=6jeXaq6bQ0A,https://music.youtube.com/watch?v=XUrL3FPeWec,https://music.youtube.com/watch?v=7vv7ZQmMbjs,
547bb210-029a-5d7e-ba47-935d5afc1012,739efb22-6f14-5497-a9cb-65c9a60a1278,2,Koi Aur Duniya Mein Tumsa Hasin Hai,Mohammed Rafi,4.0,https://www.youtube.com/watch?v=vFS8qkwEUuw,https://music.youtube.com/watch?v=cE0csBdVbW0,https://music.youtube.com/watch?v=vFS8qkwEUuw,https://music.youtube.com/watch?v=HeC6OqKb-40
ad2ffd9e-ce37-5447-84c0-3afa7f80698e,6ef70712-711d-50b1-8ac9-0e158fde81c5,1,Tu Chanda Main Chandni,Lata Mangeshkar,4.33,https://www.youtube.com/watch?v=qpwurMcUdjI,https://music.youtube.com/watch?v=1ZJE8x5haEo,https://music.youtube.com/watch?v=2P275yrby18,https://music.youtube.com/watch?v=e-g-GESCe20
d8ea7d78-2e8d-5570-ab1e-27753ae9154a,e8c9aa96-424e-5a1f-b85a-82743f939f6b,2,Roop Yeh Tera Jisne Banaya,Kishore Kumar,4.0,http://www.youtube.com/watch?v=E-q0gBRfi4I,https://music.youtube.com/watch?v=Moxkkp6Qg-Y,https://music.youtube.com/watch?v=6EqA4rubzYc,https://music.youtube.com/watch?v=ZM1QJuw10h0
d0dda65b-c12a-5e48-8565-b51cc684a2e5,b8016b60-a71e-5955-b479-086fb8d118ba,1,Ek Thi Nindiya Do The Naina,Suman Kalyanpur,4.0,https://www.youtube.com/watch?v=qKQyTrWXTzU,https://music.youtube.com/watch?v=j-zSId8x3PA,https://music.youtube.com/watch?v=jf4GBj77F3k,https://music.youtube.com/watch?v=9rkyiqboCiM
94ad9463-153e-56d7-b169-ad98ff65824e,b8016b60-a71e-5955-b479-086fb8d118ba,4,Jab Bhi Yeh Dil Udas Hota Hai,"Mohammed Rafi, Sharda",4.75,https://www.youtube.com/watch?v=f_iBEKx14aw,https://music.youtube.com/watch?v=Bu9u8D3xwv8,https://music.youtube.com/watch?v=SBp1-d4njVU,https://music.youtube.com/watch?v=18dpAV2m2is
25dfd10b-ce17-5ad9-b652-a0fc5c526831,f5b678c5-5288-57a3-9a35-871a73e348b2,1,Khilte Hain Gul Yahan (Male),Kishore Kumar,4.6,https://www.youtube.com/watch?v=8H9CURaphUY,https://music.youtube.com/watch?v=TXxkuWYsfgA,https://music.youtube.com/watch?v=aeFmkgr5Bdw,https://music.youtube.com/watch?v=SO4tdXq4d1Q
8af344a8-785b-58a4-9fc6-f2f1f374eb9c,f5b678c5-5288-57a3-9a35-871a73e348b2,2,Megha Chhaye Aadhi Raat,Lata Mangeshkar,4.17,https://www.youtube.com/watch?v=O9KeP_eg2nU,https://music.youtube.com/watch?v=O9KeP_eg2nU,https://music.youtube.com/watch?v=tMXhC_ygu5o,https://music.youtube.com/watch?v=_O38jYfCfHk
47e7280f-a817-5405-9b16-1bf9c9e880c9,f5b678c5-5288-57a3-9a35-871a73e348b2,3,O Meri Sharmilee,Kishore Kumar,4.0,https://www.youtube.com/watch?v=sJJzkvYP-vU,https://music.youtube.com/watch?v=sJJzkvYP-vU,https://music.youtube.com/watch?v=Hk9XBEcL07c,https://music.youtube.com/watch?v=FlHgIhEcS_g
51f048d9-a9fc-5c77-a4e7-0fb3d7c718e8,f5b678c5-5288-57a3-9a35-871a73e348b2,4,Kaise Kahen Hum Pyar Ne Humko Kya Kya Khel Dikhaye,Kishore Kumar,4.4,https://www.youtube.com/watch?v=BMuIuc6GIj4,https://music.youtube.com/watch?v=SQ9AwSAbLaU,,
ce945605-0f5c-53f8-a3c7-22bf5466c146,f5b678c5-5288-57a3-9a35-871a73e348b2,5,Khilte Hain Gul Yahan (Female),Lata Mangeshkar,4.0,https://www.youtube.com/watch?v=WD2kywabNsI,https://music.youtube.com/watch?v=WD2kywabNsI,https://music.youtube.com/watch?v=rSQBmFfPC_k,https://music.youtube.com/watch?v=ElkIgXAKKhc
e6214898-f647-5aa0-958a-5a3f75067482,f5b678c5-5288-57a3-9a35-871a73e348b2,6,Reshmi Ujala Hai Makhmali Andhera,Asha Bhosle,4.25,https://www.youtube.com/watch?v=rwDJC3_ma4U,https://music.youtube.com/watch?v=MnkCoEQmFXg,https://music.youtube.com/watch?v=FQLV_50vzms,https://music.youtube.com/watch?v=0R6CRqFMdCQ
31131852-cd66-5ccb-a4b8-d4112da7e69c,f5b678c5-5288-57a3-9a35-871a73e348b2,7,Aaj Madhosh Hua Jaye Re,"Lata Mangeshkar, Kishore Kumar",4.0,https://www.youtube.com/watch?v=yiRW9f4r3K4,https://music.youtube.com/watch?v=yiRW9f4r3K4,https://music.youtube.com/watch?v=w92_z29DuVw,https://music.youtube.com/watch?v=YH0ROto6BM4
1afb931b-297d-534e-bc74-f224a4fad8e5,3c6ba0ef-5b0b-5150-802f-e48b05e3cdb5,1,Hey Maine Kasam Li,"Lata Mangeshkar, Kishore Kumar",4.5,http://www.youtube.com/watch?v=iK-47NF7cTU,https://music.youtube.com/watch?v=c6Ya7BBi9eM,https://music.youtube.com/watch?v=j74iju5E31c,https://music.youtube.com/watch?v=iK-47NF7cTU
4fa39735-7de4-56a9-bae9-6af87a478bb4,3c6ba0ef-5b0b-5150-802f-e48b05e3cdb5,3,Jaise Radha Ne Mala Japi Shyam Ki,Lata Mangeshkar,4.0,https://www.youtube.com/watch?v=hlV765T2GmE,https://music.youtube.com/watch?v=hlV765T2GmE,https://music.youtube.com/watch?v=QIwuZDHL4WM,https://music.youtube.com/watch?v=Jd4I8DZsFm8
58e4dfb8-aace-5cda-b146-6a2cfcecd80e,3c6ba0ef-5b0b-5150-802f-e48b05e3cdb5,5,Jeevan Ki Bagiya Mehkegi,"Lata Mangeshkar, Kishore Kumar",4.25,http://www.youtube.com/watch?v=jBNdND20P14,https://music.youtube.com/watch?v=AoOBZO6XPZ8,https://music.youtube.com/watch?v=NKIB4UcIHe4,https://music.youtube.com/watch?v=jiOb4L79q-4
50ec6949-a9de-5cba-8f73-641b832c031d,d9eeb39d-cf11-5fbd-b386-2112757fa0d9,2,Darpan Ko Dekha Tune Jab Jab Kiya Singar,Mukesh,4.4,https://www.youtube.com/watch?v=hxozHNknYxY,https://music.youtube.com/watch?v=tX2O2CEh7gM,https://music.youtube.com/watch?v=PQ-lr-THUlo,https://music.youtube.com/watch?v=ImVTuVs7-iA
004c6be3-43e2-5295-984b-2514020b9af9,d9eeb39d-cf11-5fbd-b386-2112757fa0d9,5,Tumhen Apna Naa Banaya To,Asha Bhosle,4.0,https://www.youtube.com/watch?v=CiAyiluWdKU,https://music.youtube.com/watch?v=XkOpvAk9DMg,https://music.youtube.com/watch?v=vuMCO_pJmQE,
136db28a-bd9c-57db-b6e2-3a1a8a912852,d9eeb39d-cf11-5fbd-b386-2112757fa0d9,6,Meri Jawani Pyar Ko Tarse,Asha Bhosle,4.0,https://www.youtube.com/watch?v=bT08fZC3YVc,https://music.youtube.com/watch?v=gCxmtJJh8kQ,https://music.youtube.com/watch?v=d4xxPX8Z_jc,https://music.youtube.com/watch?v=hkLcoDPdDAs
23183615-470c-5954-9f6e-ab8eda054c7f,db9c82d7-abde-564f-a2e0-7771547a8ba9,1,Yaar Jinhe Tum Bhool Gaye Ho Woh Din Yaad Karo (Female),Lata Mangeshkar,4.0,https://www.youtube.com/watch?v=oJMBLkLAgKo,https://music.youtube.com/watch?v=EeZ1d9uq1fE,https://music.youtube.com/watch?v=lEA9mMvV4NE,https://music.youtube.com/watch?v=9mObAOjKdxo
112b8b59-d8b3-560f-b6af-e10601d7bff3,db9c82d7-abde-564f-a2e0-7771547a8ba9,4,Mohabbat Ki Kahaniyan,"Talat Mahmood, Lata Mangeshkar",4.0,https://www.youtube.com/watch?v=fW10EI6w5as,https://music.youtube.com/watch?v=i9bnj_HIERI,https://music.youtube.com/watch?v=fW10EI6w5as,https://music.youtube.com/watch?v=52wyxClhZzs
3dac50d9-f61b-5ae0-b8a1-0a7f8809a193,db9c82d7-abde-564f-a2e0-7771547a8ba9,6,Yaar Jinhe Tum Bhool Gaye Ho Woh Din Yaad Karo (Male),Mohammed Rafi,4.0,https://www.youtube.com/watch?v=efAIqJXiKwY,https://music.youtube.com/watch?v=9mObAOjKdxo,https://music.youtube.com/watch?v=EeZ1d9uq1fE,https://music.youtube.com/watch?v=lEA9mMvV4NE
85452987-d091-52fc-8cec-5c3c0cdae5c8,d99f5eb7-f163-5590-a8f2-ebeff5b51348,1,Raaton Ke Saaye Ghane,Lata Mangeshkar,4.5,http://www.youtube.com/watch?v=aJz2mCcXe7E,https://music.youtube.com/watch?v=tZnPswbuoek,https://music.youtube.com/watch?v=vch-ncTSvag,https://music.youtube.com/watch?v=gKeZtW6PUhs
30a40418-0858-50ee-8283-c52e9b9dc702,d99f5eb7-f163-5590-a8f2-ebeff5b51348,2,Guzar Jaye Din Din Din,Kishore Kumar,4.4,http://www.youtube.com/watch?v=zrNLSVvdGOY,https://music.youtube.com/watch?v=6b6C1fQoZak,https://music.youtube.com/watch?v=l1ZBFOzNUxw,https://music.youtube.com/watch?v=1lo_-CYqq6o
2bba4510-6c64-5097-aa93-c24fb379641c,d99f5eb7-f163-5590-a8f2-ebeff5b51348,3,Nain Hamare Saanjh Sakaare,Mukesh,4.25,http://www.youtube.com/watch?v=bblHYBckf8g,https://music.youtube.com/watch?v=9_D4zkuZTEQ,https://music.youtube.com/watch?v=7xad3KL6Beo,https://music.youtube.com/watch?v=crhUm4g_r3w
6f8d7349-c569-5e9d-9571-4af73b47074b,d99f5eb7-f163-5590-a8f2-ebeff5b51348,6,Nis Din Nis Din,Lata Mangeshkar,4.0,http://www.youtube.com/watch?v=Dx-VusrvucU,https://music.youtube.com/watch?v=lmk4XgfGp_w,https://music.youtube.com/watch?v=XdF9_8HwHBA,
31162868-266e-5f37-b7f7-827ceac57248,3afa214c-069c-5440-b96f-44f35541b97d,1,Kajra Laga Ke Gajra Saja Ke,"Lata Mangeshkar, Kishore Kumar",4.0,https://www.youtube.com/watch?v=kvRJGolpMmY,https://music.youtube.com/watch?v=QLXW2XSVToo,https://music.youtube.com/watch?v=GpVXIuS2KDA,
5acc11bd-fbf2-5926-a6ae-8ccee4f8845b,3afa214c-069c-5440-b96f-44f35541b97d,3,Sun Champa Sun Tara,"Lata Mangeshkar, Kishore Kumar",4.0,https://www.youtube.com/watch?v=wv2ftDZ7eiE,https://music.youtube.com/watch?v=OjQEiKK0vN0,https://music.youtube.com/watch?v=Fcid6yAZFo8,https://music.youtube.com/watch?v=6KDuof-XCRw
80cea64a-f199-5371-b9c8-51b11dea57f2,3afa214c-069c-5440-b96f-44f35541b97d,6,Duniya Mein Logon Ko Dhokha Kabhi Ho Jata Hai,"Asha Bhosle, Pancham",4.67,https://www.youtube.com/watch?v=ZaM6F7gmNAA,https://music.youtube.com/watch?v=s515AjXXDqc,https://music.youtube.com/watch?v=WyA2K2F_FhQ,https://music.youtube.com/watch?v=cKFabjoRdJo
274b407b-a07c-583a-86d1-65b0b3390d2b,0753a34e-6937-5844-9f91-06af92408a05,2,Ae Naujawan Hai Sab Kuch Yahan,Asha Bhosle,4.33,https://www.youtube.com/watch?v=qgaXh2gPTr4,https://music.youtube.com/watch?v=Sq26Huw6zwY,https://music.youtube.com/watch?v=6wMSf4Zj8q8,https://music.youtube.com/watch?v=wZOImfYUsGo
b2493eb6-f2e0-5a87-b3cf-272b33272ef0,0753a34e-6937-5844-9f91-06af92408a05,3,Tum Mile Pyar Se,"Kishore Kumar, Asha Bhosle",4.25,https://www.youtube.com/watch?v=00MmYQwdP88,https://music.youtube.com/watch?v=00MmYQwdP88,https://music.youtube.com/watch?v=F3Xqx8ZisAM,https://music.youtube.com/watch?v=IeEdq_hzgx0
6803f642-2b7c-5eb9-befa-b9392204f0e6,e71a2f6e-9cd7-5613-aced-15bc6cd13f4c,1,Bhor Aayi Gaya Aandhiyara,"Manna Dey, Lakshmi Shankar, Nirmala Devi, Harindranath Chattopadhyay, Kishore Kumar",4.25,https://www.youtube.com/watch?v=ysn3L2sPTkM,https://music.youtube.com/watch?v=DDrl8ADrqHo,,
3bcfd24f-4d3d-56ff-a8bc-d213a557aa90,e71a2f6e-9cd7-5613-aced-15bc6cd13f4c,2,Tum Bin Jeevan Kaisa Jeevan,"Manna Dey, Asrani",4.0,https://www.youtube.com/watch?v=s5fU9KIT9GQ,https://music.youtube.com/watch?v=r31UJ7BqxVk,https://music.youtube.com/watch?v=s5fU9KIT9GQ,https://music.youtube.com/watch?v=nzdwSiRvioo
e7ff8156-b5f9-5245-a78b-ae80db3d4ec9,fd0eeb52-3c0a-529a-9613-de92d6ca59ce,3,Yeh Rakhi Bandhan Hai Aisa,"Lata Mangeshkar, Mukesh",4.5,http://www.youtube.com/watch?v=bBfJGdyRwe8,https://music.youtube.com/watch?v=OY4ueboywYc,https://music.youtube.com/watch?v=bBfJGdyRwe8,https://music.youtube.com/watch?v=3tasi7i-0cg
fdc77ba1-3a8d-5f6c-ba39-69ffb8136e22,fd0eeb52-3c0a-529a-9613-de92d6ca59ce,6,Ek Ek Ginwata Hoon,Mukesh,4.0,http://www.youtube.com/watch?v=OGTQGfhMecI,https://music.youtube.com/watch?v=PP5iFTxJ7zQ,https://music.youtube.com/watch?v=OGTQGfhMecI,https://music.youtube.com/watch?v=ym9Z40csnVA
98ea5643-95d9-5883-a8a7-325a8c84640e,fd0eeb52-3c0a-529a-9613-de92d6ca59ce,7,Patla Patla Reshmi Kurta (Lut Gaye Mama),"Mahendra Kapoor, Asha Bhosle",4.0,https://www.youtube.com/watch?v=Qpv3FmKpNPI,https://music.youtube.com/watch?v=Qpv3FmKpNPI,https://music.youtube.com/watch?v=1p2MPziBRSo,https://music.youtube.com/watch?v=JblvWQkmBmo
9dcc70c8-22ce-5ea9-9b44-3ef6b2aba926,928398b6-ffcb-512f-8c4c-d4cc126d81ce,4,Tum Meri Zindagi Mein Kuch Is Tarah Se Aaye,"Kishore Kumar, Lata Mangeshkar",4.2,https://www.youtube.com/watch?v=Gl9hLK_Ryjg,https://music.youtube.com/watch?v=HuKJwYm5T_U,https://music.youtube.com/watch?v=MwpwNzgIeeU,https://music.youtube.com/watch?v=Gl9hLK_Ryjg
21334b4f-3228-5f9b-8e56-e63042293ed9,b7e5e763-6a79-576b-b258-5e96e2b297ef,7,Saath Mein Pyara Saathi Hai,Kishore Kumar,4.0,https://www.youtube.com/watch?v=FSuPVv8_xwQ,https://music.youtube.com/watch?v=FSuPVv8_xwQ,https://music.youtube.com/watch?v=ilx6Lvo-ZME,https://music.youtube.com/watch?v=dylCVaAdtdY
b4340b74-aaf6-5f6b-8ca9-d748174a30ff,a4980f5f-b038-5033-b238-ab63fd76d6d8,1,Kaali Palak Teri Gori,"Kishore Kumar, Lata Mangeshkar",4.0,https://www.youtube.com/watch?v=6TiNABGkMvM,https://music.youtube.com/watch?v=_7erNNzasAU,https://music.youtube.com/watch?v=CD_Wjf1EYP0,https://music.youtube.com/watch?v=Pbfy9KLfB_Y
b49ec379-263f-53a2-9e63-106f19994248,d171413f-e495-51fc-b58c-6bac26b74718,2,Muttu Kullika Wari Galla,"Asha Bhosle, Mehmood",4.0,http://www.youtube.com/watch?v=VWt9njK6u-o,https://music.youtube.com/watch?v=WywCviT5g_U,,
7f823fb1-6cc1-53c8-8ef6-b99bfd52fe48,a59c490f-cfba-55ab-a1b2-15a775a6b50c,2,Roop Tera Aisa Darpan Mein Naa Samaye,Kishore Kumar,4.0,https://www.youtube.com/watch?v=uTKUJT8OtLA,https://music.youtube.com/watch?v=txYP13NSGIQ,https://music.youtube.com/watch?v=gMsqMxSSfbc,https://music.youtube.com/watch?v=qdkHqiYGzn0
63a107f3-836a-54e4-b09e-4ae289ebe0c6,a59c490f-cfba-55ab-a1b2-15a775a6b50c,4,Savere Ka Sooraj Tumhare Liye Hai,Kishore Kumar,4.25,https://www.youtube.com/watch?v=ggKs-fdFvsM,https://music.youtube.com/watch?v=O6A-yfw6PiQ,https://music.youtube.com/watch?v=m6Y55w1JMfw,https://music.youtube.com/watch?v=6XdO-PcMLYk
5e1ecb5f-395b-5fdc-9d68-de840cbb2ae3,a59c490f-cfba-55ab-a1b2-15a775a6b50c,7,Kitne Atal The Tere Irade (Tu Auron Ki Kyon Ho Gayi),Kishore Kumar,4.0,http://www.youtube.com/watch?v=BOWJs00FHR0,https://music.youtube.com/watch?v=VJ7mx7OWTc8,https://music.youtube.com/watch?v=d_u4_BFX_GA,https://music.youtube.com/watch?v=TFyr9opnQg0
ae40ba11-a160-5a7c-a809-cac32de818a4,1859ecc0-dfa8-5398-9baf-5587ec28bf7d,1,Poet's Musings (Instrumental),,4.0,https://www.youtube.com/watch?v=NblhOlxSjbk,https://music.youtube.com/watch?v=b--LBy4hHYQ,https://music.youtube.com/watch?v=pWLp8d_h4vE,https://music.youtube.com/watch?v=cY01SfdTUJk
156db451-3ea6-596f-a19e-ce3adb04f3ed,1859ecc0-dfa8-5398-9baf-5587ec28bf7d,5,Patta Patta Boota Boota,"Lata Mangeshkar, Mohammed Rafi",4.25,http://www.youtube.com/watch?v=M7gxUpB5knk,https://music.youtube.com/watch?v=_laJAofz56U,https://music.youtube.com/watch?v=6qdv8B9E4wA,https://music.youtube.com/watch?v=w8As5Ds9j48
c90d84c5-e220-5fa0-accc-f726358f1833,e4bf70f6-24cc-5b12-b8d0-934fb28fa990,1,Aaj To Meri Hansi Udaai,Lata Mangeshkar,4.0,http://www.youtube.com/watch?v=5GHkt9K8toM,https://music.youtube.com/watch?v=l5cDKSpIFfc,https://music.youtube.com/watch?v=d8Zczm-Fk0U,https://music.youtube.com/watch?v=LDEbW7wklO8
7f1b7209-0761-5409-af96-482f8fd2665d,ec903b12-e0d0-51a8-8f72-e4b296b07392,6,Tu Mere Sapnon Ki Rani Banegi,Mohammed Rafi,4.0,https://www.youtube.com/watch?v=1ZH8b_s1jos,https://music.youtube.com/watch?v=GlLKY29OlCw,https://music.youtube.com/watch?v=V1qAZFzpxGM,
d4800e75-ae72-5b59-b3a5-25be3daf18ea,9bda090b-4902-542d-86c8-49a80efc98e5,3,Har Taraf Ab Yahi Afsane Hain,Manna Dey,4.0,https://www.youtube.com/watch?v=j981LVIUjow,https://music.youtube.com/watch?v=Cy9UWnIM2xE,https://music.youtube.com/watch?v=L82VmjLRQBE,https://music.youtube.com/watch?v=Imoz8NWjGN0
cafed237-c6a6-502b-9e68-b2800d845471,158aaeea-4aac-52e3-a11e-d5f44b81a0b5,3,Aake Mil Ja (Chanda Ki Kirnon Se),Kishore Kumar,4.0,https://www.youtube.com/watch?v=Nk3WJ8Za_PM,https://music.youtube.com/watch?v=jzjlAQteS4Y,https://music.youtube.com/watch?v=lIvo7oGGIf8,https://music.youtube.com/watch?v=qPS7kRVcvkw
3039e30c-6556-5784-b7a6-5becf04db87e,f61dc1fa-0303-5c6d-b4b7-4f6b8512c37a,1,Samne Ye Kaun Aaya Dil Mein Hui Hulchul,Kishore Kumar,4.0,https://www.youtube.com/watch?v=YMjtcNnXDWA,https://music.youtube.com/watch?v=wSeA8tguek4,https://music.youtube.com/watch?v=6NdapkeLRQg,https://music.youtube.com/watch?v=YMjtcNnXDWA
864db7ce-9371-5178-b535-759b8bde5c72,f61dc1fa-0303-5c6d-b4b7-4f6b8512c37a,2,Nahin Nahin Abhi Nahin,"Kishore Kumar, Asha Bhosle",4.4,https://www.youtube.com/watch?v=TJx3DHUaIjs,https://music.youtube.com/watch?v=zqIL8o3vKcU,https://music.youtube.com/watch?v=ftJEqglHGRY,https://music.youtube.com/watch?v=NOyiD6LR_cg
c9111a19-3bb6-5547-91ac-aa6240dff6e1,f61dc1fa-0303-5c6d-b4b7-4f6b8512c37a,3,Jaane Jaan Dhoondhta Phir Raha,"Kishore Kumar, Asha Bhosle",4.62,https://www.youtube.com/watch?v=V3tB5Wu2ifg,https://music.youtube.com/watch?v=YpqworRVpnY,https://music.youtube.com/watch?v=K-GPX2PzDKM,https://music.youtube.com/watch?v=GrdaMrmr9pw
7426f775-bd69-5a85-9d8f-213e72d72700,f61dc1fa-0303-5c6d-b4b7-4f6b8512c37a,5,Yeh Jawaani Hai Deewani,Kishore Kumar,4.25,https://www.youtube.com/watch?v=PVigH5kih10,https://music.youtube.com/watch?v=HoiQH39-20k,,
f6b3f2f8-c885-58d0-8fe8-eed89a70fb0e,180e8c10-b1db-5ea3-806d-8c49eb717aa9,2,Main Tere Ishq Mein Mar Na Jaoon Kahin,Lata Mangeshkar,4.0,http://www.youtube.com/watch?v=ejzVvogXXl4,https://music.youtube.com/watch?v=MhdBR-sVZzU,https://music.youtube.com/watch?v=HL1kJ36dNTk,https://music.youtube.com/watch?v=E1Y4Mi-Y27U
f0d96978-2b80-58e3-a1ab-59491748cee4,cccc0f59-f701-5464-902f-0bd6bf1287fb,3,Yeh Wohi Geet Hai Jisko Maine,Kishore Kumar,4.33,http://www.youtube.com/watch?v=RZeG9mLm0PY,https://music.youtube.com/watch?v=f1UZnxS0eGc,https://music.youtube.com/watch?v=YhOPsc6hKjI,https://music.youtube.com/watch?v=UJreFj55yHI
10307f62-818d-512f-bf9a-b346b21760bb,6a81bd09-c24e-5db5-b05c-3d8e291e42dc,1,Deewana Le Ke Aaya Hai Dil Ka Taraana,Kishore Kumar,4.5,https://www.youtube.com/watch?v=fS_D4ZVMCfU,https://music.youtube.com/watch?v=jpfWu7oraI4,https://music.youtube.com/watch?v=m_gnQEKJlWc,https://music.youtube.com/watch?v=fH2IIEsU9z8
73835760-9e11-55f2-8881-7a1922668242,6a81bd09-c24e-5db5-b05c-3d8e291e42dc,2,Aao Naa Gale Laga Lo Naa,Asha Bhosle,4.2,https://www.youtube.com/watch?v=nJIPEcYwnHg,https://music.youtube.com/watch?v=ALekfNbSneQ,https://music.youtube.com/watch?v=AT3xU0a2wPk,https://music.youtube.com/watch?v=jWE83DkFBkA
640a3ae9-fe60-552e-b782-998e6d78e35f,6a81bd09-c24e-5db5-b05c-3d8e291e42dc,4,Chala Jaata Hoon Kisi Ki Dhun Mein,Kishore Kumar,4.57,https://www.youtube.com/watch?v=DQmHVxyKmAw,https://music.youtube.com/watch?v=-xNVYDeiZKg,https://music.youtube.com/watch?v=rTvXOqFZThU,https://music.youtube.com/watch?v=rmj9-eQuuCQ
fd7503f3-ea3e-5733-a4b5-d4771b83a0a4,6a81bd09-c24e-5db5-b05c-3d8e291e42dc,5,O Mere Dil Ke Chain,Kishore Kumar,4.67,https://www.youtube.com/watch?v=-Px0efU00uQ,https://music.youtube.com/watch?v=dNU30V-5q88,https://music.youtube.com/watch?v=7IUQyRtbN_o,https://music.youtube.com/watch?v=Zu7s_0_j0Is
ea1da03b-6853-5645-ac62-d8b305d184f3,6a81bd09-c24e-5db5-b05c-3d8e291e42dc,7,Kitne Sapne Kitne Arman Laya Hoon Main Dekho Na,Kishore Kumar,4.0,https://www.youtube.com/watch?v=UUHuIsaNTpM,https://music.youtube.com/watch?v=wcy8Xc-TE3s,https://music.youtube.com/watch?v=_e9DWcX35PA,https://music.youtube.com/watch?v=vfVNM0auX94
c5eb2a81-b688-57f8-930f-ac85da7f6fbd,c4900ad0-1d11-5f8c-adf5-a6ecde9af556,1,Kai Sadiyon Se Kai Janmon Se,Mukesh,4.0,https://www.youtube.com/watch?v=y2xozlsc6hY,https://music.youtube.com/watch?v=iJwW3KuZxVE,https://music.youtube.com/watch?v=jw-I7anjSOo,https://music.youtube.com/watch?v=py-6PS_SNJk
c2176621-b9fc-5b85-91b8-1e38fe904191,82a8ea4a-caf9-5fc2-8eef-e7ea3f156307,2,Inhi Logon Ne Le Leena Dupatta Mera,Lata Mangeshkar,4.33,https://www.youtube.com/watch?v=eeiVB-K8xJ0,https://music.youtube.com/watch?v=tUBEAQLDAJQ,https://music.youtube.com/watch?v=IG2rxs9W6MU,https://music.youtube.com/watch?v=kXzx0-qQPsI
0587ea6d-7587-50aa-a03f-c853d788d025,82a8ea4a-caf9-5fc2-8eef-e7ea3f156307,4,Chalo Dildar Chalo,"Lata Mangeshkar, Mohammed Rafi",4.4,https://www.youtube.com/watch?v=OtM1WVwEO44,https://music.youtube.com/watch?v=ghZqkYYIeIQ,https://music.youtube.com/watch?v=YbsEnAkeTtg,https://music.youtube.com/watch?v=WVHZlByNVhY
9573572a-2d01-573a-80a2-a0cb58693731,82a8ea4a-caf9-5fc2-8eef-e7ea3f156307,6,Teer-E-Nazar Dekhenge,Lata Mangeshkar,4.0,https://www.youtube.com/watch?v=LMIe7SgSXPA,https://music.youtube.com/watch?v=IDCLtaQMwL0,https://music.youtube.com/watch?v=St4cSBxytHk,https://music.youtube.com/watch?v=j-zIgDUiDm0
6cd1d63c-099d-54d9-8c36-6aa179cd3dd1,82a8ea4a-caf9-5fc2-8eef-e7ea3f156307,7,Thaade Rahiyo O Baanke Yaar,Lata Mangeshkar,4.25,https://www.youtube.com/watch?v=rnsnOAQL7dY,https://music.youtube.com/watch?v=s4OuHqj88LI,https://music.youtube.com/watch?v=cx_fHLQE97w,https://music.youtube.com/watch?v=lLjS9d9GBX0
c08a1c0e-4118-5431-a9d7-742602ea5dc3,82a8ea4a-caf9-5fc2-8eef-e7ea3f156307,8,Mausam Hai Aashiqana,Lata Mangeshkar,4.0,https://www.youtube.com/watch?v=PbNakvvryoE,https://music.youtube.com/watch?v=zR9K_DEgRQk,https://music.youtube.com/watch?v=HlUBhuyxrqg,https://music.youtube.com/watch?v=aIf29UZ6Rxc
63a934c9-ba66-5e6e-9aab-e1dd90604531,82a8ea4a-caf9-5fc2-8eef-e7ea3f156307,10,Chalte Chalte Yun Hi Koi Mil Gaya Tha,Lata Mangeshkar,4.4,https://www.youtube.com/watch?v=X-40R7SfXJ4,https://music.youtube.com/watch?v=vcEEQ-i7Lcs,https://music.youtube.com/watch?v=xjyrv6cbk5s,https://music.youtube.com/watch?v=Rm5_mIvbxaU
f9a384e2-0adc-5feb-a505-ca80c3d4a47d,d8b2a616-b2d6-52c2-9a22-43127e47ac31,1,Saare Ke Saare Gama Ko Le Kar Gaate Chale,"Asha Bhosle, Kishore Kumar",4.5,https://www.youtube.com/watch?v=gVFyPobtduE,https://music.youtube.com/watch?v=ON0BAej4rk4,https://music.youtube.com/watch?v=gVFyPobtduE,
baef240c-d4d2-513f-9a60-07777f66e0a4,d8b2a616-b2d6-52c2-9a22-43127e47ac31,2,Mitwa Bole Meethe Bain,Bhupinder Singh,4.0,https://www.youtube.com/watch?v=r8SGBQQJTiY,https://music.youtube.com/watch?v=r8SGBQQJTiY,https://music.youtube.com/watch?v=j-2Td47Ievw,https://music.youtube.com/watch?v=ZUPPgIkibKU
cd79a86d-9c81-549b-b97c-882a86a9f795,d8b2a616-b2d6-52c2-9a22-43127e47ac31,3,Musafir Hoon Yaaro,Kishore Kumar,4.8,https://www.youtube.com/watch?v=doE6-zY2_ac,https://music.youtube.com/watch?v=WcsncpEWQZI,https://music.youtube.com/watch?v=doE6-zY2_ac,https://music.youtube.com/watch?v=ZcVqkqo5E0c
2c07af30-50ff-5883-ba50-4efe65ff84a7,d8b2a616-b2d6-52c2-9a22-43127e47ac31,4,Beeti Naa Bitaayi Raina,"Lata Mangeshkar, Bhupinder Singh",4.92,https://www.youtube.com/watch?v=JmvG8tk7ijA,https://music.youtube.com/watch?v=kfyMS6apDbQ,https://music.youtube.com/watch?v=P8vWIB_NKZk,https://music.youtube.com/watch?v=qdaiVpovizY
e250eee3-6339-5fd3-b85e-adafd58ba713,d89579e6-2392-5361-987f-e6e397c323ef,4,Gum Hai Kisi Ke Pyar Mein,"Lata Mangeshkar, Kishore Kumar",4.67,https://www.youtube.com/watch?v=sPiOMuvzSI8,https://music.youtube.com/watch?v=Fu2eb63lsg8,https://music.youtube.com/watch?v=TzQMPpftbbo,https://music.youtube.com/watch?v=DFbZpmjDwrc
d6718582-45ec-5da8-a5bd-9c4b0cc9578a,f53f6f42-e874-5373-b974-13d961b5fe54,2,Main Sharaab Bechti Hoon,Asha Bhosle,4.0,https://www.youtube.com/watch?v=hSaOtz2LzPs,https://music.youtube.com/watch?v=hSaOtz2LzPs,https://music.youtube.com/watch?v=C9_0CjBX5Yw,https://music.youtube.com/watch?v=cCfQfNRKsAc
41b1306b-78ce-5064-88b4-cbe0eaa81469,f53f6f42-e874-5373-b974-13d961b5fe54,3,Ib Tum Paas Na Aana,"Asha Bhosle, Mukesh",4.0,https://www.youtube.com/watch?v=-rpFQAY5djM,https://music.youtube.com/watch?v=6iNfm8irnO4,https://music.youtube.com/watch?v=re0j8TK_fb4,https://music.youtube.com/watch?v=CK8hon0vCSc
bce1bc0b-e229-520b-bbc9-41776a305233,f53f6f42-e874-5373-b974-13d961b5fe54,4,Mujhse Kahaan Bach Ke Tu Jaayega (Ma Ma Ma Ya),Asha Bhosle,4.0,https://www.youtube.com/watch?v=ks87k4MQjYk,https://music.youtube.com/watch?v=4X4avH7n4lY,,
b9493f8c-1243-5f63-ae4c-b434599b3f3e,d0950494-052e-5819-8e47-5e1f7e7610b6,3,Jab Andhera Hota Hai,"Asha Bhosle, Bhupinder Singh",4.6,https://www.youtube.com/watch?v=BK3huMqyRlU,https://music.youtube.com/watch?v=BK3huMqyRlU,https://music.youtube.com/watch?v=YcFxsuMgkF8,https://music.youtube.com/watch?v=ubbJm87i_AY
b96ee3a4-7040-58a5-bd3c-a652754860e6,6cacbb70-6e75-5aa4-9586-3e1cce47ef8e,1,Achhi Nahin Sanam Dillagi,"Asha Bhosle, Kishore Kumar",4.0,http://www.youtube.com/watch?v=DXtzZr5l1TI,https://music.youtube.com/watch?v=DgnRKeYau38,https://music.youtube.com/watch?v=gnBNCmJrCS8,https://music.youtube.com/watch?v=FlM7blik3S4
bce47eba-7663-5045-ae5f-734f074dd698,568c5f63-f83a-53f5-be42-bd042a82e4c1,1,Bangle Ke Peeche Teri Beri Ke Neeche (Kaanta Laga),Lata Mangeshkar,4.25,https://www.youtube.com/watch?v=wJ1mqmbngO0,https://music.youtube.com/watch?v=gK_o4BZvd1E,https://music.youtube.com/watch?v=k69iVVrpDHg,
ea47c532-7478-567d-bb3c-8be5fcc993b8,568c5f63-f83a-53f5-be42-bd042a82e4c1,2,Jab Tak Rahe Tan Mein Jiya,Asha Bhosle,4.33,https://www.youtube.com/watch?v=F3pqRMJobto,https://music.youtube.com/watch?v=TeiLNFkzcYQ,https://music.youtube.com/watch?v=QkgMfTcQaX0,https://music.youtube.com/watch?v=09eBWhNOhQI
e1dcd3c3-cd18-5b14-a494-3e5113647d07,17888c48-4fc3-589f-8f06-8174fdea15a5,3,Koi Ladki Mujhe Kal Raat Sapne Mein Mili,"Lata Mangeshkar, Kishore Kumar",4.0,https://www.youtube.com/watch?v=eA6cHk8XRqU,https://music.youtube.com/watch?v=eA6cHk8XRqU,https://music.youtube.com/watch?v=-pO5TIvkuEM,https://music.youtube.com/watch?v=TFsH5erWtYo
6895b085-d811-57df-8fcd-3b9dbc62a3a2,17888c48-4fc3-589f-8f06-8174fdea15a5,5,Hawa Ke Saath Saath Ghata Ke Sang Sang O Saathi Chal,"Asha Bhosle, Kishore Kumar",4.25,https://www.youtube.com/watch?v=xTb1sq42ZfY,https://music.youtube.com/watch?v=eFMCzxCxpgE,https://music.youtube.com/watch?v=qtFkoQqomPk,
4b5f2c60-ac9c-5b30-8f47-56544616a634,c9fdcb1e-5083-5e10-ba3a-de59fcc497bf,1,Ek Pyaar Ka Nagma Hai - I,"Lata Mangeshkar, Mukesh",4.5,https://www.youtube.com/watch?v=iTXk7Qs1keM,https://music.youtube.com/watch?v=7wVylDF6_Vs,https://music.youtube.com/watch?v=sz-wrI1Pg4k,https://music.youtube.com/watch?v=5qKJrxG2_Kc
da853de5-fe53-5ffc-9b28-6720149bb844,1b5122c0-ef50-5ce7-a1d7-c6c278ef9431,3,Bheege Hue Aanchal Mein Sameto Naa Badan Ko,Kishore Kumar,4.0,https://www.youtube.com/watch?v=3lkZ_pncLq8,https://music.youtube.com/watch?v=lq9UP1rINYA,https://music.youtube.com/watch?v=3lkZ_pncLq8,https://music.youtube.com/watch?v=_5pBn9Hdn9I
aa907795-4af9-518d-a1ce-0529cadd83f8,639d1d32-110f-5789-9a81-a8cc8a9be57e,1,Do Bechare Bina Sahaare,"Kishore Kumar, Mahendra Kapoor",4.0,https://www.youtube.com/watch?v=Lit2NH7cFDQ,https://music.youtube.com/watch?v=TkAtxvyFDhY,https://music.youtube.com/watch?v=d-sR3rjmsGg,https://music.youtube.com/watch?v=Lit2NH7cFDQ
b19c502c-c414-5b7e-aacd-dae86722174c,1aa98ddf-9884-5970-bb56-14aeba706150,3,Teri Zaat Kya Hai,Kishore Kumar,4.0,https://www.youtube.com/watch?v=2pIcZoyJ9vQ,https://music.youtube.com/watch?v=2pIcZoyJ9vQ,https://music.youtube.com/watch?v=t53Gu0sljt4,https://music.youtube.com/watch?v=u8Fp0O9ErbY
e1b3689b-9b5d-5349-bb14-11910a4b39d5,1aa98ddf-9884-5970-bb56-14aeba706150,4,Zindagi Ae Zindagi,S.D. Burman,4.0,https://www.youtube.com/watch?v=x2dVcg-HDZs,https://music.youtube.com/watch?v=x2dVcg-HDZs,https://music.youtube.com/watch?v=evoFPrqsKbs,https://music.youtube.com/watch?v=LzCPxgBcGjE
ec7de39f-d266-5801-a88d-9f13453cf6c2,1aa98ddf-9884-5970-bb56-14aeba706150,5,Piya Tune Kya Kiya Re,S.D. Burman,4.0,https://www.youtube.com/watch?v=JzOCe-_MjC0,https://music.youtube.com/watch?v=MoK1finhFbY,https://music.youtube.com/watch?v=2JcuinKpwK0,https://music.youtube.com/watch?v=vd2PhWFmuAU
34d410fc-1689-5e24-b6e4-c63397367e3c,ad828e17-c685-57d5-bab5-478a4af22b0b,1,Jeena Toh Hai Par Ae Dil Kahan,Kishore Kumar,4.0,https://www.youtube.com/watch?v=avzBzybmv34,https://music.youtube.com/watch?v=avzBzybmv34,https://music.youtube.com/watch?v=SNKJ1kWP7nU,https://music.youtube.com/watch?v=nNEwJR4N8mY
c49ba0ed-6f83-5adc-ac04-e1f4e0ea75d4,30b1619b-5219-541b-98c3-eab1f38a59a3,6,Jhoom Barabar Jhoom Sharabi,Aziz Nazan,4.0,https://www.youtube.com/watch?v=wqFb8IwA0P0,https://music.youtube.com/watch?v=nMUMkk9OIGI,https://music.youtube.com/watch?v=wqFb8IwA0P0,https://music.youtube.com/watch?v=pJuxQ0qk_Ns
449c3832-8c07-5750-b947-65e70e3c417b,7cda6ce1-ee48-5369-baa6-2f02e0f57640,2,Tera Mujhse Hai Pehle Ka Naata Koi,"Kishore Kumar, Sushma Shrestha",4.57,https://www.youtube.com/watch?v=89lgb7dmXps,https://music.youtube.com/watch?v=Dh25WChKIJg,https://music.youtube.com/watch?v=HNRS312OGpo,
43f72955-67ca-59b4-9bb4-2acda6dae88f,7cda6ce1-ee48-5369-baa6-2f02e0f57640,5,Wada Karo Nahin Chhodoge Tum Mera Saath,"Kishore Kumar, Lata Mangeshkar",4.75,https://www.youtube.com/watch?v=FkMjUaEruOA,https://music.youtube.com/watch?v=DoJgMRIgDuc,https://music.youtube.com/watch?v=8bveZzAgtpQ,
10025d9e-f948-59c9-b7ec-01b6fb276616,7cda6ce1-ee48-5369-baa6-2f02e0f57640,6,Tera Mujhse Hai Pehle Ka Naata Koi (Male),Kishore Kumar,4.5,https://www.youtube.com/watch?v=3IF9o2crV84,https://music.youtube.com/watch?v=PVzKTyy8C0o,https://music.youtube.com/watch?v=PYMYUR0Z8Cc,https://music.youtube.com/watch?v=TGtcvXJeGHg
14d1ca11-5ba6-5c2a-856c-32f45a3e88ee,7cda6ce1-ee48-5369-baa6-2f02e0f57640,7,Naa Koi Dil Mein Samaaya,Kishore Kumar,4.0,https://www.youtube.com/watch?v=LblLAQQV6ko,https://music.youtube.com/watch?v=_s2lzFIMfXw,https://music.youtube.com/watch?v=erksnClEiZg,https://music.youtube.com/watch?v=LblLAQQV6ko
b7e85094-45bd-573d-835c-a643b8419a78,5293451f-7a9d-5b1b-ba8c-89a7ba4476b9,1,Karvaten Badalte Rahen Saari Raat Hum,"Lata Mangeshkar, Kishore Kumar",4.0,https://www.youtube.com/watch?v=G6pt7nij6WQ,https://music.youtube.com/watch?v=hKVjZojwPXQ,https://music.youtube.com/watch?v=y5tMfIRlZyU,https://music.youtube.com/watch?v=DmJTsw626Ng
eba32c1c-cda1-5503-8015-ba730cf5fab0,5293451f-7a9d-5b1b-ba8c-89a7ba4476b9,2,Suno Kaho Kaha Suna,"Lata Mangeshkar, Kishore Kumar",4.0,https://www.youtube.com/watch?v=adVYZGbqk7k,https://music.youtube.com/watch?v=C5IRQAhJGQc,https://music.youtube.com/watch?v=adVYZGbqk7k,https://music.youtube.com/watch?v=h2aTH26U25U
fab0dd11-28e3-57d8-83ca-67b9f4a6db5b,5293451f-7a9d-5b1b-ba8c-89a7ba4476b9,3,Zindagi Ke Safar Mein Guzar Jate Hain Jo Maqam,Kishore Kumar,4.0,https://www.youtube.com/watch?v=TqdNqBA44Bg,https://music.youtube.com/watch?v=Se7JIGF1RMg,https://music.youtube.com/watch?v=PeAGnnb9ong,https://music.youtube.com/watch?v=7RV4oty_0qw
4b1ee4aa-4716-5109-a2cf-ea00053d0d99,5293451f-7a9d-5b1b-ba8c-89a7ba4476b9,5,Chori Chori Chupke Chupke,Lata Mangeshkar,4.0,https://www.youtube.com/watch?v=6VvYwuvmG0o,https://music.youtube.com/watch?v=qwLOhPScHYM,https://music.youtube.com/watch?v=6VvYwuvmG0o,https://music.youtube.com/watch?v=TwbwCjHGIK4
f248ef14-fd12-5c09-87fd-dac24d5c3d9f,44eeb5d0-612b-554f-ad3b-b4c4fd48c312,3,Nainon Mein Darpan Hai,"Lata Mangeshkar, Kishore Kumar",4.75,https://www.youtube.com/watch?v=o7J23h5Vkgo,https://music.youtube.com/watch?v=APdyB4C7up4,https://music.youtube.com/watch?v=o7J23h5Vkgo,https://music.youtube.com/watch?v=PxTpEMY-rMk
219c2983-ebe1-5541-81b2-69e3748053ec,caf83e93-9725-5bb5-836c-71adc7f3d736,1,Naina Hain Pyase Mere,Asha Bhosle,4.0,http://www.youtube.com/watch?v=TnGQRqKWknc,https://music.youtube.com/watch?v=0u912_m_gSo,https://music.youtube.com/watch?v=ASrRbHToIpA,https://music.youtube.com/watch?v=Cs6WVBPukI8
9e987605-035f-5c77-8828-ccc20c505bf2,caf83e93-9725-5bb5-836c-71adc7f3d736,2,Mere Lal Tum To,Manna Dey,4.0,https://www.youtube.com/watch?v=Vb28r__2YgY,https://music.youtube.com/watch?v=JBI_D5JzZGE,https://music.youtube.com/watch?v=-obJuR3smxg,https://music.youtube.com/watch?v=jEfYBAPKfdE
34373348-cd59-53c1-8846-45d52951c798,caf83e93-9725-5bb5-836c-71adc7f3d736,3,Hansne Ki Chaah Ne Kitna Mujhe Rulaya Hai,Manna Dey,4.0,https://www.youtube.com/watch?v=m1f8wgso3wA,https://music.youtube.com/watch?v=m1f8wgso3wA,https://music.youtube.com/watch?v=zCI882XShmo,https://music.youtube.com/watch?v=tdGgdga7wYw
f3dfc44e-1a59-56eb-9e46-292ac4916b7b,caf83e93-9725-5bb5-836c-71adc7f3d736,4,Babul Mora Naihar Chhooto Hi Jaye,"Chitra Singh, Jagjit Singh",4.0,http://www.youtube.com/watch?v=FImnFvwuPfg,https://music.youtube.com/watch?v=sjhYFADdTFM,https://music.youtube.com/watch?v=YjSHrnkWr60,https://music.youtube.com/watch?v=TOqEZBpucsw
f45e8c20-4140-5280-b784-9b6e9471e709,71bb19c0-3089-5ae0-9270-7edc996ca566,1,Tere Mere Milan Ki Yeh Raina,"Kishore Kumar, Lata Mangeshkar",4.7,https://www.youtube.com/watch?v=lUwFGIl6K18,https://music.youtube.com/watch?v=_EX9IyvwZH0,https://music.youtube.com/watch?v=8uQTxCmGCCc,https://music.youtube.com/watch?v=3rq1bjHZzUU
574fc4df-1f51-594a-ba4d-e4cb32b29c11,71bb19c0-3089-5ae0-9270-7edc996ca566,2,Meet Naa Mila Re Man Ka,Kishore Kumar,4.67,https://www.youtube.com/watch?v=ksCSSWHpPww,https://music.youtube.com/watch?v=IAsQfelQkBw,https://music.youtube.com/watch?v=zHEbWm0OG0s,https://music.youtube.com/watch?v=9sWC5JaAamY
ea7692dd-e9cf-5a15-8eae-4cfab278ca31,71bb19c0-3089-5ae0-9270-7edc996ca566,3,Ab To Hai Tum Se Har Khushi Apni,Lata Mangeshkar,4.67,https://www.youtube.com/watch?v=emKJ5_cMEHk,https://music.youtube.com/watch?v=KltDzwymAOk,https://music.youtube.com/watch?v=mrdjMXhRP68,https://music.youtube.com/watch?v=tMTJ5e5mG28
223c82a9-3a10-508e-8168-37ba988d05fd,71bb19c0-3089-5ae0-9270-7edc996ca566,4,Teri Bindiya Re,"Lata Mangeshkar, Mohammed Rafi",4.71,https://www.youtube.com/watch?v=M43y1Hodn2c,https://music.youtube.com/watch?v=vVz0ZxUdlxk,https://music.youtube.com/watch?v=DRaVzCwkl98,https://music.youtube.com/watch?v=_R59-UmeQKM
f4a080ca-27f0-5a9c-bb46-bede207f9769,71bb19c0-3089-5ae0-9270-7edc996ca566,5,Piya Bina Piya Bina,Lata Mangeshkar,4.5,https://www.youtube.com/watch?v=59EJJrOzTWw,https://music.youtube.com/watch?v=uDrvw7oxU-o,https://music.youtube.com/watch?v=AOkAX-p3jdQ,https://music.youtube.com/watch?v=Is0yza5jPIQ
82107e86-f973-544d-9e58-88e9b130be32,71bb19c0-3089-5ae0-9270-7edc996ca566,6,Loote Koi Man Ka Nagar Ban Ke Mera Saathi,"Lata Mangeshkar, Manhar Udhas",4.5,https://www.youtube.com/watch?v=BuKtOZy2xxE,https://music.youtube.com/watch?v=DLmmjJbl90k,https://music.youtube.com/watch?v=qKC_HJtBGoo,https://music.youtube.com/watch?v=ETOCXVmV7mQ
1bfc15fa-f1a1-5283-b149-c9ea1997009f,71bb19c0-3089-5ae0-9270-7edc996ca566,7,Nadiya Kinare Heraye Aayi Kangana,Lata Mangeshkar,4.5,https://www.youtube.com/watch?v=QpfolokBUik,https://music.youtube.com/watch?v=hydXq-AeHMI,https://music.youtube.com/watch?v=N_6LowvTZZ4,https://music.youtube.com/watch?v=IfjPREk956U
eeca4466-68bb-5a64-acdd-da948f04e542,9d1abea4-1cec-5cde-9027-1cac1941c6bd,1,Baahon Mein Chale  Aao,Lata Mangeshkar,4.7,https://www.youtube.com/watch?v=wxknUq6PrpE,https://music.youtube.com/watch?v=1tQrhA5NJd0,https://music.youtube.com/watch?v=kAC0-jDth8I,https://music.youtube.com/watch?v=EgCFDuFuXi4
ab736bfe-dfbd-5b2a-b27a-d9d1ffc822cc,9d1abea4-1cec-5cde-9027-1cac1941c6bd,2,Aaj Ki Raat Koi Aane Ko Hai,Asha Bhosle,4.33,https://www.youtube.com/watch?v=nglPbimowD8,https://music.youtube.com/watch?v=1_leh5jUeN4,https://music.youtube.com/watch?v=6J5nHIAUVpE,https://music.youtube.com/watch?v=JZ9UiLv8CPg
1773aaf5-f90c-5cd9-aca5-3625733c01f3,9d1abea4-1cec-5cde-9027-1cac1941c6bd,4,Logon Na Maaro Ise,Asha Bhosle,4.33,https://www.youtube.com/watch?v=9V8KU4ngMw0,https://music.youtube.com/watch?v=HzxK-qthBfU,https://music.youtube.com/watch?v=oWXdDKvnW7I,https://music.youtube.com/watch?v=gM4AopJ8swI
6baf8d59-22e3-5722-a316-58ee350f62b2,9d1abea4-1cec-5cde-9027-1cac1941c6bd,5,Meri Bheegi Bheegi Si Palkon Pe Rah Gaye,Kishore Kumar,4.75,https://www.youtube.com/watch?v=3JsbLjT-HPI,https://music.youtube.com/watch?v=5KK24RSouuQ,https://music.youtube.com/watch?v=p0FY8rRrZ6Y,https://music.youtube.com/watch?v=Eqx2mw_08iY
0e3a31c7-ac09-5ed8-9dfb-1dcc1e4d1bf0,b63a488c-40ec-52e4-ac46-77cdd11770cb,2,Hungama Ho Gaya,Asha Bhosle,4.33,https://www.youtube.com/watch?v=MC-5vXqiLXw,https://music.youtube.com/watch?v=11s1ZQuUwXQ,https://music.youtube.com/watch?v=cyN0nCS8vRA,https://music.youtube.com/watch?v=5ng8bOm9JBE
aaed2ae8-563d-5de9-96b8-8cff6e42a075,fc7f3f83-c1d0-57f4-98bc-86a4b28b69f9,1,Tan Man Tere Rang Rangoongi,Lata Mangeshkar,4.5,https://www.youtube.com/watch?v=Q7KdEaVw978,https://music.youtube.com/watch?v=Q7KdEaVw978,https://music.youtube.com/watch?v=nh5nkuV0APE,https://music.youtube.com/watch?v=qnyN4UmwsJE
1b1a2ec8-5b2f-598a-8e77-0b03de8a6b00,fc7f3f83-c1d0-57f4-98bc-86a4b28b69f9,4,Jaane Kis Roop Ki Jadu Bhari Parchhain Ho,Mohammed Rafi,4.0,https://www.youtube.com/watch?v=fqHkXDKNHUI,https://music.youtube.com/watch?v=A8w9ror1sy0,https://music.youtube.com/watch?v=fqHkXDKNHUI,https://music.youtube.com/watch?v=tNz9mlkPN48
c4d9e220-7e51-5a10-89da-b12c597d153b,fc7f3f83-c1d0-57f4-98bc-86a4b28b69f9,5,Jo Dil Mein Chubha Teer,Asha Bhosle,4.0,https://www.youtube.com/watch?v=-RliUc1rYf8,https://music.youtube.com/watch?v=-RliUc1rYf8,https://music.youtube.com/watch?v=7cSxvU25M5o,https://music.youtube.com/watch?v=emjQpxpnXaU
f76c7656-84b7-50fc-b351-2821e6ddbe76,fc7f3f83-c1d0-57f4-98bc-86a4b28b69f9,6,Jaise Jaise Preetam Se Pyaar Badha Jaaye,Lata Mangeshkar,4.0,https://www.youtube.com/watch?v=xlGOF4eyrHc,https://music.youtube.com/watch?v=xlGOF4eyrHc,https://music.youtube.com/watch?v=m5-nYMNuf6s,
6d8b9e59-b9ef-553f-976d-6034b75822cb,204a76fa-0657-57e6-b21d-707c3c8ca343,1,Dekho Yeh Mere Bandhe Hath (Kya Jaano Main Hoon Kaun),Kishore Kumar,4.33,https://www.youtube.com/watch?v=n683iFrOUtE,https://music.youtube.com/watch?v=oHpt2yR_jeo,https://music.youtube.com/watch?v=ZX5DxTEkpsc,https://music.youtube.com/watch?v=zWs9uwfcyIE
895c4d81-e553-5437-972e-bff7186a62e5,204a76fa-0657-57e6-b21d-707c3c8ca343,2,Tu Ne Chheen Liya Dil Ka Chain,Lata Mangeshkar,4.0,https://www.youtube.com/watch?v=WYo3CazxPCA,https://music.youtube.com/watch?v=J2eJ8Gi750I,https://music.youtube.com/watch?v=4YUKZvVmyxs,
876e1e06-974b-5ab3-9fa4-801b70189e3c,204a76fa-0657-57e6-b21d-707c3c8ca343,3,Majhi Re O Majhi Re,Asha Bhosle,4.67,https://www.youtube.com/watch?v=aG1-1A5c0F0,https://music.youtube.com/watch?v=J15Vovn0sgA,https://music.youtube.com/watch?v=7jWW81CgtaI,https://music.youtube.com/watch?v=r27v27CAEtI
63490d21-969f-5905-b1fa-32f30465d8b4,204a76fa-0657-57e6-b21d-707c3c8ca343,6,Dil To Lai Gava,"Mahendra Kapoor, Manna Dey, Asha Bhosle, R.D. Burman",4.0,https://www.youtube.com/watch?v=3eXW-gZdEjE,https://music.youtube.com/watch?v=CDUpzCipD8s,https://music.youtube.com/watch?v=PULnCaPgyrw,https://music.youtube.com/watch?v=_XzkpJ8Kh0s
c68e745d-9ce8-5138-8a91-9c689647f752,2fd29eef-7a90-57a3-96df-4d16d7404f27,3,Pal Pal Dil Ke Paas,Kishore Kumar,4.83,http://www.youtube.com/watch?v=AMuRRXCuy-4,https://music.youtube.com/watch?v=cvQWzlNIjt8,https://music.youtube.com/watch?v=H60L40GbfFI,https://music.youtube.com/watch?v=FNAgz47P6cE
6c3e6451-1125-52da-a4a3-96768fb1d5d4,4f9c02d5-4e43-5a68-9dcb-18dbce4940ef,1,Main Shaayar To Nahin,Shailendra Singh,4.0,https://www.youtube.com/watch?v=pDAI7vfjHGo,https://music.youtube.com/watch?v=pDAI7vfjHGo,https://music.youtube.com/watch?v=g-rAlxNUlvs,https://music.youtube.com/watch?v=HYFYTzGmB6E
792148ab-1192-582b-929f-b8a1e718fd1a,4f9c02d5-4e43-5a68-9dcb-18dbce4940ef,4,Hum Tum Ek Kamre Mein Band Hon Aur Chaabi Kho Jaye,"Lata Mangeshkar, Shailendra Singh",4.5,https://www.youtube.com/watch?v=2xM1dH6Vduk,https://music.youtube.com/watch?v=Lf01ajBUpu0,https://music.youtube.com/watch?v=RGHMTBVk1uI,
745b820e-aa9c-5359-9994-6b6a6356b7c6,4f9c02d5-4e43-5a68-9dcb-18dbce4940ef,7,Ankhiyon Ko Rahne De,Lata Mangeshkar,4.0,https://www.youtube.com/watch?v=6yMAQhjs0Q8,https://music.youtube.com/watch?v=nvbMlVwrfJk,https://music.youtube.com/watch?v=WbYyZtmGziw,https://music.youtube.com/watch?v=WjUAavpIqvw
ceb9f1ba-b1ae-52ea-b4ab-50d4298ddb37,82af20fe-372f-5181-a2b3-e950ab1ff54c,1,I Am A Call Girl,Ranu Mukherjee,4.0,https://www.youtube.com/watch?v=YtX5d0CzpxQ,https://music.youtube.com/watch?v=KJyrySvOyVA,https://music.youtube.com/watch?v=YtX5d0CzpxQ,https://music.youtube.com/watch?v=XqdkCu2gjPM
c55aac05-1aef-5cd9-b0f9-5f3632ed6382,82af20fe-372f-5181-a2b3-e950ab1ff54c,3,Ulfat Mein Zamane Ki (Male),Kishore Kumar,4.75,https://www.youtube.com/watch?v=GX69yIbN6vo,https://music.youtube.com/watch?v=GX69yIbN6vo,https://music.youtube.com/watch?v=KkBxDWaljLo,https://music.youtube.com/watch?v=zHrrnsFFoKs
5d829c0e-e1d9-5132-a016-82db08e73d2e,82af20fe-372f-5181-a2b3-e950ab1ff54c,5,Ulfat Mein Zamane Ki (Female),Lata Mangeshkar,4.67,https://www.youtube.com/watch?v=7W_EyJH5qFk,https://music.youtube.com/watch?v=RQG5mqSBPS0,https://music.youtube.com/watch?v=NQQsUtgrKOo,https://music.youtube.com/watch?v=GX69yIbN6vo
0590a1b1-a20b-58fc-b3e9-03184984e2a3,9746545c-bcc7-552f-ad45-46e5991c56c8,3,Agre Se Ghaaghro Mangaa De Rasiya,Asha Bhosle,4.0,http://www.youtube.com/watch?v=r1MljwiHe0s,https://music.youtube.com/watch?v=up4NxXf_IIE,https://music.youtube.com/watch?v=HzsK5lXXwyk,
ddbf2b54-fc49-527f-8b7e-add3cef2b891,9746545c-bcc7-552f-ad45-46e5991c56c8,4,Ghungroo Ki Tarah Bajta Hi Raha Hoon Main,Kishore Kumar,4.33,http://www.youtube.com/watch?v=SRY4oEWaYsk,https://music.youtube.com/watch?v=M0xHzZi7ke0,https://music.youtube.com/watch?v=l012qlpA7kw,https://music.youtube.com/watch?v=uNyQy5GV6o0
fb3555f9-8c55-58e8-b9c6-418f1199d2ea,93a151d8-e657-5da1-bde9-e829aeb627f4,2,Hum Aur Tum Tum Aur Hum,"Lata Mangeshkar, Kishore Kumar",4.2,http://www.youtube.com/watch?v=6FVg7iwaxNI,https://music.youtube.com/watch?v=T-Thwnk-rp8,https://music.youtube.com/watch?v=POzkDD9KF4s,https://music.youtube.com/watch?v=reVmMGRdCzI
e0855c18-290a-5532-8f86-de2039cd1ddb,93a151d8-e657-5da1-bde9-e829aeb627f4,3,Ni Main Yaar Manaana Ni,"Lata Mangeshkar, Meenu Purushottam",4.0,http://www.youtube.com/watch?v=Ay4Gv2EPbVM,https://music.youtube.com/watch?v=OiTrVNa6x00,https://music.youtube.com/watch?v=cZR6CqCnJaw,https://music.youtube.com/watch?v=etL4EyvhJNg
a5441955-815a-5c22-bc2a-5f72bd7116d9,93a151d8-e657-5da1-bde9-e829aeb627f4,4,Mere Dil Mein Aaj Kya Hai,Kishore Kumar,4.5,http://www.youtube.com/watch?v=ksapDF0DtG4,https://music.youtube.com/watch?v=lNekqXoyXn4,https://music.youtube.com/watch?v=QSv4VZvTUGg,https://music.youtube.com/watch?v=-2SWJAX14DY
fea8007f-24b3-5f21-b25f-e0b7ed6c1dfb,93a151d8-e657-5da1-bde9-e829aeb627f4,5,Hawa Chale Kaise,Lata Mangeshkar,4.0,http://www.youtube.com/watch?v=eXVuss55Ytw,https://music.youtube.com/watch?v=nOWA-bk0WtI,https://music.youtube.com/watch?v=5uFtiDj5dd0,https://music.youtube.com/watch?v=IPjqtVGdijk
749901d5-0b1b-5937-a12f-621a7f5fbb42,93a151d8-e657-5da1-bde9-e829aeb627f4,6,Jab Bhi Jee Chaahe (Ek Chehre Pe Kai Chehre Laga Lete Hain Log),Lata Mangeshkar,4.75,http://www.youtube.com/watch?v=InU-kyiYeFM,https://music.youtube.com/watch?v=RmynDS1VIVg,https://music.youtube.com/watch?v=bcVYleMf0nQ,https://music.youtube.com/watch?v=1mLzCJt4VCQ
8cdc6c0b-ed59-527c-bf9f-209f6b09fe1a,cfabacf0-7bbd-5368-8ada-5d20922b1a2e,1,Sansaar Ki Har Shai Ka Itna Hi Fasaana Hai,Mahendra Kapoor,4.33,https://www.youtube.com/watch?v=hIJbDB9bpF8,https://music.youtube.com/watch?v=hIJbDB9bpF8,https://music.youtube.com/watch?v=s_5QU8YouSs,https://music.youtube.com/watch?v=NUvkHMWeTVk
76518041-4c21-5757-82e6-6eb83091249d,cfabacf0-7bbd-5368-8ada-5d20922b1a2e,2,Uljhan Suljhe Naa Rasta Soojhe Naa,Asha Bhosle,4.0,https://www.youtube.com/watch?v=QslafUw2OFs,https://music.youtube.com/watch?v=ncLgb74pyRo,https://music.youtube.com/watch?v=Hc3Yd-sZ3yE,https://music.youtube.com/watch?v=Wv-yvH3pzFw
0e4c559b-7747-516d-9a87-3318c50a7921,91897592-d109-5687-94fd-577e7d40306d,1,Rasm-E-Ulfat Ko Nibhayen,Lata Mangeshkar,4.6,https://www.youtube.com/watch?v=Nyhp5OK1ltQ,https://music.youtube.com/watch?v=Nyhp5OK1ltQ,https://music.youtube.com/watch?v=g8XeCObMVk4,https://music.youtube.com/watch?v=1o4l9F4BB1w
bbdae49b-ec0a-5988-88a0-b077882d9786,91897592-d109-5687-94fd-577e7d40306d,5,Geet Amar Ho Jaye (Apne Suron Mein),"Manna Dey, Usha Mangeshkar",4.33,http://www.youtube.com/watch?v=SxCkX9sA6xE,https://music.youtube.com/watch?v=JY8v-YhAc0o,https://music.youtube.com/watch?v=BstBXk58CLI,https://music.youtube.com/watch?v=XIFWjunEoIo
6feb8a1a-28dc-54b6-aea2-c0bbd1392a39,a31c39e2-abbb-5616-86f1-ca4850dd8b4c,1,Din Ja Rahe Hain,Lata Mangeshkar,4.0,http://www.youtube.com/watch?v=JUdK8D8QR6M,https://music.youtube.com/watch?v=KKinSmZtGkI,https://music.youtube.com/watch?v=MHf04q-B1fo,
123a7372-7b02-50de-9136-0113a60cfcba,a31c39e2-abbb-5616-86f1-ca4850dd8b4c,3,Tu Jahan Mile Mujhe (Female),Asha Bhosle,4.0,https://www.youtube.com/watch?v=0O-gkPuLFXo,https://music.youtube.com/watch?v=0O-gkPuLFXo,https://music.youtube.com/watch?v=IS2N2IcLVuk,https://music.youtube.com/watch?v=-lJFXbnTwWY
619ef822-96be-5af9-a7ba-680f79399dda,bdbd3a38-8775-5915-ba5a-cb5cf953c1c7,3,Har Koi Chahta Hai Ek Mutthi Aasman,Kishore Kumar,4.5,https://www.youtube.com/watch?v=GgVYlWGGfMQ,https://music.youtube.com/watch?v=GgVYlWGGfMQ,https://music.youtube.com/watch?v=PrZOtyS5szY,https://music.youtube.com/watch?v=gQxvnqOd_P0
71a200cb-2e53-5d81-8c1f-6c3526264d5a,ffb0e501-68ac-5062-b84e-c983ac666157,2,Wai Wai Main Jal Gayi,Lata Mangeshkar,4.0,https://www.youtube.com/watch?v=L5G19xED1rc,https://music.youtube.com/watch?v=UnBajMuFo0k,https://music.youtube.com/watch?v=-3MxjwC1ylI,https://music.youtube.com/watch?v=L5G19xED1rc
d9b5b3e2-1ca8-525c-b501-2af61e8b1357,e4b7a28a-9fb7-5aee-a158-ddc310f1c876,2,Bikhre Taar Mile Phir Man Ke,Vani Jayaram,4.0,https://www.youtube.com/watch?v=WL5Wp8zAVCE,https://music.youtube.com/watch?v=WL5Wp8zAVCE,https://music.youtube.com/watch?v=mEwPGXd9saY,https://music.youtube.com/watch?v=8kg_aZBhJQY
da4aa3f7-07fa-5621-997f-fd937df52790,a82e9a10-59a4-5285-99a4-fb8047071814,1,Tum Jo Mil Gaye Ho,"Mohammed Rafi, Lata Mangeshkar",4.75,https://www.youtube.com/watch?v=sTRje7FQwf8,https://music.youtube.com/watch?v=BeNSNHROpqg,https://music.youtube.com/watch?v=6nDAZ-tt0nI,https://music.youtube.com/watch?v=KK-Ruc5fxtM
205d59fb-8176-5d89-99a5-00fcad0a3183,a82e9a10-59a4-5285-99a4-fb8047071814,3,Aaj Socha Toh Aansoo Bhar Aaye,Lata Mangeshkar,4.0,https://www.youtube.com/watch?v=lCk_tykuo_E,https://music.youtube.com/watch?v=WduruI5lQhs,https://music.youtube.com/watch?v=W9ip8yOzOao,https://music.youtube.com/watch?v=viGHKDn9p-A
787e2173-d18e-5e23-a25c-d34cbb8466e8,a82e9a10-59a4-5285-99a4-fb8047071814,4,Betaab Dil Ki Tamanna Yahi Hai,Lata Mangeshkar,4.67,https://www.youtube.com/watch?v=dD-Hpy5FOHA,https://music.youtube.com/watch?v=DD9W-3fy5Xo,https://music.youtube.com/watch?v=SjT-TiBfHz0,https://music.youtube.com/watch?v=PHCMyt3dWjE
5cc9667c-6a71-547e-84fb-a527d7b241d9,d1282e3e-c40e-5a5b-b1c5-6f470270ebe4,2,Der Na Karo Piya Pyare,Lata Mangeshkar,4.0,http://www.youtube.com/watch?v=dccJSUC6m-8,https://music.youtube.com/watch?v=dccJSUC6m-8,https://music.youtube.com/watch?v=5IeiYpfxYTw,https://music.youtube.com/watch?v=HOXdHWmlld8
6c871a23-0ae2-5368-b428-dac2dd623562,d1282e3e-c40e-5a5b-b1c5-6f470270ebe4,5,Aaj Naachoon Aise Ki Aag Lag Jaye,"Lata Mangeshkar, Shatrughan Sinha",4.0,http://www.youtube.com/watch?v=z9x6bNXN-yk,https://music.youtube.com/watch?v=z9x6bNXN-yk,https://music.youtube.com/watch?v=_5F8nfBM9R0,
5ca2d838-2a29-5bc4-965f-c5e4f90af863,20e86413-c5ce-597d-86bc-598c4049942d,3,Panna Ki Tamanna Hai Ke Heera Mujhe Mil Jaye,"Kishore Kumar, Lata Mangeshkar",4.75,https://www.youtube.com/watch?v=aa1lc1Hlkgo,https://music.youtube.com/watch?v=DgfnCJU6pvA,https://music.youtube.com/watch?v=g6RT1Sy8Tso,https://music.youtube.com/watch?v=9rx2IMm8pF8
05afda54-5fd1-516e-b742-4748242870fb,19e0e4bc-5cd0-5ab9-9ab6-d884a11a3455,2,O Saathi O Saathi O,Mohammed Rafi,4.0,http://www.youtube.com/watch?v=uAKjcxf-E6Q,https://music.youtube.com/watch?v=8Y5GBtQ9gIE,https://music.youtube.com/watch?v=LKqnXEMZoHo,https://music.youtube.com/watch?v=OOdAfUrotZI
621ba10e-9857-5e45-958c-68b82069b345,19e0e4bc-5cd0-5ab9-9ab6-d884a11a3455,3,Jeevan Hai Ek Sapna,"Asha Bhosle, Kishore Kumar",4.0,http://www.youtube.com/watch?v=G0QzJ8W9cwA,https://music.youtube.com/watch?v=BckQlbVZks4,https://music.youtube.com/watch?v=K620zpAsN74,https://music.youtube.com/watch?v=lyvfK3SGybE
1c5c33ea-b679-57d1-8491-7b6296543375,19e0e4bc-5cd0-5ab9-9ab6-d884a11a3455,4,Do Dil Mile Gulo Gunche Khile,"Kishore Kumar, Asha Bhosle",4.0,http://www.youtube.com/watch?v=7nlI5uiUAn8,https://music.youtube.com/watch?v=rM2U9WlFtB8,https://music.youtube.com/watch?v=PoBllTDmoIo,
6cc673ff-82d3-5d23-ba90-6e69d263ac42,abf22fbb-3d3d-5596-9fb4-b39f1565a483,4,Ab Ke Saawan Mein Jee Dare,"Lata Mangeshkar, Kishore Kumar",4.67,http://www.youtube.com/watch?v=gY4VacJ3ayc,https://music.youtube.com/watch?v=QjsRl4HSpr8,https://music.youtube.com/watch?v=mBgwzQ1XbJo,https://music.youtube.com/watch?v=gOugoif_Ho4
177e7225-aa94-53e8-a060-edabd8c309b2,abf22fbb-3d3d-5596-9fb4-b39f1565a483,6,Saajan Sajna Re Saajan Kahan Jaoongi Main,Lata Mangeshkar,4.0,http://www.youtube.com/watch?v=yUkdgDMddrs,https://music.youtube.com/watch?v=eOerNKNUefg,https://music.youtube.com/watch?v=-nIB8gQm_T8,
335ae91d-b075-586e-92d7-1d7a83503ace,1d15b595-69e0-55c4-8a1e-1ebb405aa6be,3,Kya Nazare Kya Sitare,Kishore Kumar,4.0,https://www.youtube.com/watch?v=qU3fSobl6Tg,https://music.youtube.com/watch?v=ilFBfQAXX3I,https://music.youtube.com/watch?v=rL2QLJ5SMjs,https://music.youtube.com/watch?v=DbRI3FCNX1c
1313d983-502f-528c-a778-8026535f5234,306a0b06-813a-5e07-a531-1c1577e08eb8,1,Jinke Hriday Shri Ram Base,Mukesh,4.0,https://www.youtube.com/watch?v=XWdtfw4gHfs,https://music.youtube.com/watch?v=9L53Wwgb1N8,https://music.youtube.com/watch?v=OIUw-k16oQ4,https://music.youtube.com/watch?v=rBPBYN7aRAE
a388c6ae-8baa-570f-bea0-5ffc5218cf66,7809b715-9d3d-583e-a149-b16d93a7da1f,1,Kiska Rasta Dekhe Ae Dil Ae Saudai,Kishore Kumar,4.75,https://www.youtube.com/watch?v=WTPaes9Ofbc,https://music.youtube.com/watch?v=E0PBNCDACCU,https://music.youtube.com/watch?v=5f5VC1UVuGA,https://music.youtube.com/watch?v=T_Vuw9P9wHU
0bd7e632-9c5c-5ab2-b0fa-0b358405701a,7809b715-9d3d-583e-a149-b16d93a7da1f,2,Sharma Na Yun Ghabra Na Yun,"Asha Bhosle, Dev Anand",4.0,https://www.youtube.com/watch?v=KIikzhK2hew,https://music.youtube.com/watch?v=93yt4K7rnm4,https://music.youtube.com/watch?v=-IYKiRYHpdU,https://music.youtube.com/watch?v=Y2QLXWch_s8
15c15f24-395a-5559-9d88-7230cf217375,7809b715-9d3d-583e-a149-b16d93a7da1f,4,Kaanp Rahi Main Abhi Zara Tham Jaanam,Asha Bhosle,4.0,https://www.youtube.com/watch?v=_ImZxts27S8,https://music.youtube.com/watch?v=8tbpoOhWJdQ,https://music.youtube.com/watch?v=BPOcf_jcHHI,https://music.youtube.com/watch?v=YndTunlK73Y
657d5acc-9b20-5556-9301-20a46c46a407,04c9a627-5bce-591a-b9a2-e16834b44266,3,Sharaabi Aankhein Gulabi Chehra (Fast),"Asha Bhosle, R.D. Burman",4.25,https://www.youtube.com/watch?v=8H8v-PBzmOI,https://music.youtube.com/watch?v=xJp58zsclpU,https://music.youtube.com/watch?v=USh2fUP_dps,https://music.youtube.com/watch?v=4Ju0OVQMWrU
04ab3582-6e66-5059-a86c-c76b3937cd56,c468263b-ed4b-501f-8faa-4d46069072fa,1,Diye Jalte Hain Phool Khilte Hain,Kishore Kumar,4.6,http://www.youtube.com/watch?v=Ti5SNrWxftE,https://music.youtube.com/watch?v=km8f57AcDn0,https://music.youtube.com/watch?v=gNDYha89m1U,https://music.youtube.com/watch?v=AKbec7OoXi8
535594ab-56d5-537f-82b2-9cfd709bd29c,c468263b-ed4b-501f-8faa-4d46069072fa,2,Sooni Re Sajariya Saajan Bin Tere,"Asha Bhosle, Usha Mangeshkar",4.0,http://www.youtube.com/watch?v=XTgwjxX0pn4,https://music.youtube.com/watch?v=1zNJztse7Lg,https://music.youtube.com/watch?v=JFvZeTw1tss,https://music.youtube.com/watch?v=miJuBzvokbA
2fa695ae-07ee-51a0-b6b0-da44fc065864,c468263b-ed4b-501f-8faa-4d46069072fa,3,Nadiya Se Dariya Dariya Se Saagar,Kishore Kumar,4.67,http://www.youtube.com/watch?v=SCnxSrknyhc,https://music.youtube.com/watch?v=6zoeazrWLaM,https://music.youtube.com/watch?v=K61wltgAzL8,https://music.youtube.com/watch?v=cOEpY_idxa0
fb813acd-e905-542c-979e-2b16a7450eef,c468263b-ed4b-501f-8faa-4d46069072fa,5,Main Shayar Badnaam,Kishore Kumar,4.5,http://www.youtube.com/watch?v=PleWU2pdK-I,https://music.youtube.com/watch?v=rhz5MCD2r-Q,https://music.youtube.com/watch?v=PleWU2pdK-I,https://music.youtube.com/watch?v=n9-cwLMPCeo
ea03ca5a-6242-51d8-83c9-c40f38f1b98b,f7be684d-7e76-5014-92ac-626ce55fa21e,2,Bedardi Ban Gaye Koi,Shobha Gurtu,4.0,https://www.youtube.com/watch?v=K2if11FdqIc,https://music.youtube.com/watch?v=9H7d-A3Cv2A,https://music.youtube.com/watch?v=K2if11FdqIc,https://music.youtube.com/watch?v=91nM_aERCfc
8e94a149-9796-5d76-b395-0b5ed6c9a7b2,f7be684d-7e76-5014-92ac-626ce55fa21e,4,Piya Sang Khelo Hori Phagun Aayo Ri,Lata Mangeshkar,4.5,https://www.youtube.com/watch?v=TzFIbPkoBKo,https://music.youtube.com/watch?v=4wZg5jzyIls,https://music.youtube.com/watch?v=TzFIbPkoBKo,https://music.youtube.com/watch?v=1RxW70YlkL8
865add3c-1c3b-5888-89b7-d10c92b75024,f7be684d-7e76-5014-92ac-626ce55fa21e,6,Mero To Giridhar Gopal Doosro Na Koi,Usha Mangeshkar,4.0,https://www.youtube.com/watch?v=FtNs37_bwhY,https://music.youtube.com/watch?v=pRl3howNeRQ,https://music.youtube.com/watch?v=YQhEkcMhqFk,
e4133c60-e7c1-5dcc-bb80-1e51b15f7ca4,4308880b-bb8f-546b-8c01-73dd0c809b67,4,Chain Se Humko Kabhi Aapne Jeene Na Diya,Asha Bhosle,4.75,https://www.youtube.com/watch?v=DGS6EbpT_yI,https://music.youtube.com/watch?v=fNFlIbdwxcg,https://music.youtube.com/watch?v=DGS6EbpT_yI,https://music.youtube.com/watch?v=QxHmaESjsUc
c1c76d62-b26e-5911-b11a-4e1cbf57dd8d,6a53d65a-fedc-5fb0-b41d-7216368564d8,4,Yeh Dil Aur Unki Nigaahon Ke Saaye,Lata Mangeshkar,4.67,http://www.youtube.com/watch?v=Qlzv9-SLkAM,https://music.youtube.com/watch?v=h9yHYu4_bis,https://music.youtube.com/watch?v=QeR3xkLp5do,https://music.youtube.com/watch?v=PwsTEwn5hKw
7a1cb1e6-09c0-5d26-a232-464aa4797bb7,7ebe8e33-ae77-54fd-a66f-6da34bf8fc5b,2,Dil Kabhi Tumne Diya Tha Yeh Tumhen Yaad Rahe,Mohammed Rafi,4.5,https://www.youtube.com/watch?v=E6XUA2GAEjs,https://music.youtube.com/watch?v=Z85UlplIU9s,https://music.youtube.com/watch?v=3aKawVXmkNk,https://music.youtube.com/watch?v=ssqxuNz-yNg
11061f8e-7cb1-57d5-9497-5719152a6e3d,7ebe8e33-ae77-54fd-a66f-6da34bf8fc5b,4,So Jaa Sanam,Mohammed Rafi,5.0,https://www.youtube.com/watch?v=HuXjJcseEQg,https://music.youtube.com/watch?v=eX3Yq2CFbbA,https://music.youtube.com/watch?v=HuXjJcseEQg,https://music.youtube.com/watch?v=uEYgTqPjvZ0
ac29e88a-101e-592b-8db0-efd9a2f771fc,094b2628-3d3e-5738-8f4f-b91d48cc70c6,3,Barkha Rani Zara Jamke Barso (Male),Mukesh,4.0,https://www.youtube.com/watch?v=1EzNqxPliHI,https://music.youtube.com/watch?v=1EzNqxPliHI,https://music.youtube.com/watch?v=uHi9w39b5Z8,https://music.youtube.com/watch?v=ITJrRQOFA6o
e433eca4-a8bb-554f-a80f-b560db903197,69ba8270-6af7-5549-8f4a-3fe3114b054c,3,Sajna Hai Mujhe Sajna Ke Liye,Asha Bhosle,4.33,http://www.youtube.com/watch?v=TFnFwW5KZkY,https://music.youtube.com/watch?v=y7aZL9fMmr8,https://music.youtube.com/watch?v=zx9JN77ki3I,https://music.youtube.com/watch?v=75FC3YENgr4
18421ef9-c7e6-5779-a048-e15208b04fd9,99ea7b0b-0078-5944-9dfe-a3b20b1f4910,4,Deewangi Deewaangi Yeh Pyaar Ki,"Usha Rege, Manna Dey",4.0,https://www.youtube.com/watch?v=4Lq8gckQ0HQ,https://music.youtube.com/watch?v=4Lq8gckQ0HQ,https://music.youtube.com/watch?v=P_mNFy_dfn4,
bae1fdb2-c09c-5228-b9ec-a12367db0dbc,371af1f9-a604-519f-be1e-6613939e85bb,1,Tere Naam Ka Deewana,Mohammed Rafi,4.0,https://www.youtube.com/watch?v=55jocF71W78,https://music.youtube.com/watch?v=dR9d_cvAtN0,https://music.youtube.com/watch?v=55jocF71W78,https://music.youtube.com/watch?v=iA3o0KrR580
ffa59932-c15e-5e5d-b821-f2bc7703df73,371af1f9-a604-519f-be1e-6613939e85bb,2,Honi To Hoke Rahe (Jaako Raakhe Saaiyaan Maar Sake Naa Koye),"Mukesh, Lata Mangeshkar",4.0,https://www.youtube.com/watch?v=x5lLPlVde9o,https://music.youtube.com/watch?v=x5lLPlVde9o,https://music.youtube.com/watch?v=UuM8zjYZ94U,https://music.youtube.com/watch?v=rKvYWJfGRnY
9e31410d-145a-5cb7-b7ba-dfdeed05025c,371af1f9-a604-519f-be1e-6613939e85bb,3,Gaon Mein Peepal Peepal Mein Chhaiyaan,Mohammed Rafi,4.0,https://www.youtube.com/watch?v=VwaHhT0lEVU,https://music.youtube.com/watch?v=VwaHhT0lEVU,https://music.youtube.com/watch?v=aVpqxYr2dmY,https://music.youtube.com/watch?v=zBprH0Y8lV0
617bef4a-fd7d-5acf-929d-fdd7fe801c94,371af1f9-a604-519f-be1e-6613939e85bb,4,Poorab Disha Se Pardesi Aaya,Lata Mangeshkar,4.0,http://www.youtube.com/watch?v=zGrMR0E1yb8,https://music.youtube.com/watch?v=TCO9DBVSzBU,https://music.youtube.com/watch?v=e9sbkVVh09E,https://music.youtube.com/watch?v=VWUwNF_cz6c
9e729482-4058-5bfd-8825-5fec0ebe0fd6,371af1f9-a604-519f-be1e-6613939e85bb,5,Tu Mujhe Thaam Le,Mohammed Rafi,4.0,https://www.youtube.com/watch?v=3CXYUnmPdmc,https://music.youtube.com/watch?v=3CXYUnmPdmc,https://music.youtube.com/watch?v=HorAJo56vgw,https://music.youtube.com/watch?v=sAFT7U-XZh4
7bbc09e6-ff70-5f22-8832-f28de9d272b7,df6b566b-5ea2-5956-aa33-1daa73b30002,1,Le Kar Hum Deewana Dil,"Asha Bhosle, Kishore Kumar",4.75,https://www.youtube.com/watch?v=ziNjRhfhNr8,https://music.youtube.com/watch?v=tILNDH9l5NU,https://music.youtube.com/watch?v=D2cWAvaAnUI,https://music.youtube.com/watch?v=gK6Q2SmvYFs
568a3793-3ede-530e-9e94-443d627cf43b,df6b566b-5ea2-5956-aa33-1daa73b30002,2,Aap Ke Kamre Mein Koi Rahta Hai,"Asha Bhosle, Kishore Kumar, R.D. Burman",4.25,https://www.youtube.com/watch?v=PWo_dts2uRo,https://music.youtube.com/watch?v=PWo_dts2uRo,https://music.youtube.com/watch?v=c-EkhnMUUUI,https://music.youtube.com/watch?v=xqsreJs7owg
3f4245e6-86fb-5782-ac5c-16484d59a930,df6b566b-5ea2-5956-aa33-1daa73b30002,3,O Meri Soni Meri Tamanna,"Asha Bhosle, Kishore Kumar",4.33,https://www.youtube.com/watch?v=5z9Qhf1-QG0,https://music.youtube.com/watch?v=0nYaI-6GoS0,https://music.youtube.com/watch?v=dawLuASljCw,https://music.youtube.com/watch?v=_MKPmn7YSMU
89fae616-7ee4-50a8-9505-1711db4f7d1c,df6b566b-5ea2-5956-aa33-1daa73b30002,4,Yaadon Ki Baaraat Nikli Hai Aaj (Female),"Lata Mangeshkar, Padmini Kolhapure, Shivangi Kolhapure",4.0,https://www.youtube.com/watch?v=yhC-Ywle9Dk,https://music.youtube.com/watch?v=8KxOQqG9iY0,https://music.youtube.com/watch?v=yhC-Ywle9Dk,https://music.youtube.com/watch?v=2NOiUbCJEHo
e0753dbd-9653-5cd3-9d8a-f9a73d47bf94,df6b566b-5ea2-5956-aa33-1daa73b30002,5,Chura Liya Hai Tumne Jo Dil Ko,"Asha Bhosle, Mohammed Rafi",4.71,https://www.youtube.com/watch?v=-KgeYnMFBAU,https://music.youtube.com/watch?v=WF0HJv-9S_4,https://music.youtube.com/watch?v=Gqv7n-lNfT0,https://music.youtube.com/watch?v=KT0NlItK86A
6233a760-b9b1-5098-9144-9df6631ffca8,df6b566b-5ea2-5956-aa33-1daa73b30002,6,Yaadon Ki Baaraat Nikli Hai Aaj (Male),"Kishore Kumar, Mohammed Rafi",4.5,https://www.youtube.com/watch?v=HNPzPI6ATxs,https://music.youtube.com/watch?v=wPPQS4f6TpQ,https://music.youtube.com/watch?v=yBCeX27fh8I,https://music.youtube.com/watch?v=HNPzPI6ATxs
73503240-cb48-5d20-92d3-f751f07b7d1d,f07a78c7-de99-56f5-9ec2-984b13dc46aa,2,Yaari Hai Imaan Mera Yaar Meri Zindagi,Manna Dey,4.0,https://www.youtube.com/watch?v=Hjy444tRObA,https://music.youtube.com/watch?v=COjKw6QflS4,https://music.youtube.com/watch?v=KyEUJ-KTF4I,https://music.youtube.com/watch?v=DmmFSaGJD3s
9519b20d-e040-5827-ba23-ba001efd92de,f07a78c7-de99-56f5-9ec2-984b13dc46aa,3,Bana Ke Kyon Bigaada Re,Lata Mangeshkar,4.0,https://www.youtube.com/watch?v=YJGJ4Z29qFg,https://music.youtube.com/watch?v=YJGJ4Z29qFg,https://music.youtube.com/watch?v=ZsyKNvJA5ow,
a1868ac0-f0ee-5b1c-a3b7-a42892bcdcf2,f07a78c7-de99-56f5-9ec2-984b13dc46aa,5,Dil Jalon Ka Dil Jala Ke,Asha Bhosle,4.25,http://www.youtube.com/watch?v=8Wdv3fp3Nz4,https://music.youtube.com/watch?v=ymTKY-5hVEo,https://music.youtube.com/watch?v=8X3UqulAjKM,https://music.youtube.com/watch?v=DR2b9-OTinY
38868196-48e7-5cfe-a8bc-49f47318e5c5,57e9d7b7-5305-5e76-ad33-dbe0a807d8fc,2,Jaane Aaj Kya Hua,"Asha Bhosle, Kishore Kumar",4.0,https://www.youtube.com/watch?v=tA1Mim_GZgI,https://music.youtube.com/watch?v=F20tlh9Ljq8,https://music.youtube.com/watch?v=kwp9EI1jP8M,
92b20cf6-c854-5e8c-b5ae-29b9213acdbc,0337bfcc-dfe9-5c95-a676-64cee522a41e,1,Ek Ajnabee Haseena Se,Kishore Kumar,4.5,https://www.youtube.com/watch?v=TAWME7RnZwQ,https://music.youtube.com/watch?v=7jZVZQl8Qfg,https://music.youtube.com/watch?v=fGtItAByCnQ,https://music.youtube.com/watch?v=HnCvH3hKXcQ
50e2831a-0173-5ce3-a9a0-6a7add1e9e46,0337bfcc-dfe9-5c95-a676-64cee522a41e,2,Hum Dono Do Premi,"Kishore Kumar, Lata Mangeshkar",4.71,https://www.youtube.com/watch?v=s0K8mfWFfY8,https://music.youtube.com/watch?v=w23cWXef5Rc,https://music.youtube.com/watch?v=FQicICO5ZsA,https://music.youtube.com/watch?v=mgGZtSirY2w
cef9193d-8d28-5ce2-8922-941943dd5f6e,0337bfcc-dfe9-5c95-a676-64cee522a41e,3,Bheegi Bheegi Raaton Mein,"Kishore Kumar, Lata Mangeshkar",4.4,https://www.youtube.com/watch?v=NkgLsX1Yeec,https://music.youtube.com/watch?v=co6LbX5iB1Y,https://music.youtube.com/watch?v=7X1ZP-NyOcs,
ac2986cb-6ae0-5ae4-a0fc-4626d84e87b6,d5a5a2b9-d249-529b-ad7b-82d44754b9be,1,Main Aaya Hoon,Kishore Kumar,4.0,https://www.youtube.com/watch?v=RRzITO8hsw8,https://music.youtube.com/watch?v=ua6LR3MFqFw,https://music.youtube.com/watch?v=x7YAkSeHESI,https://music.youtube.com/watch?v=YWAqu393OP0
19291601-993b-5fa8-a00a-d9659fca6e7c,309702b1-3aa7-56e1-842f-95c79b2f6fc5,3,Main Benaam Ho Gaya (Yaara O Yaara),Narendra Chanchal,4.0,http://www.youtube.com/watch?v=R-DOKNY1GXI,https://music.youtube.com/watch?v=R-DOKNY1GXI,,
2543bc97-44ae-5008-b198-8d2530082420,7d0c8f71-9820-5ecc-8a94-13ea2fabd38e,1,Saanwaro Nandnandano,Lata Mangeshkar,4.0,https://www.youtube.com/watch?v=5lmM9UTYSK8,https://music.youtube.com/watch?v=XoMB6Hz6G0s,,
1f9f090b-454c-5745-b81d-f9977dd5e17d,7d0c8f71-9820-5ecc-8a94-13ea2fabd38e,2,Kinun Sang Kheloon Holi,Lata Mangeshkar,4.0,https://www.youtube.com/watch?v=n2uRjl_kHJA,https://music.youtube.com/watch?v=5HcvH4s_Bbo,https://music.youtube.com/watch?v=PQpVQVxTnBw,
07f84469-1ba9-5773-bcc6-a2949a4d8072,7d0c8f71-9820-5ecc-8a94-13ea2fabd38e,3,Mhara Re Giridhar Gopal,Lata Mangeshkar,4.0,https://www.youtube.com/watch?v=ptX8lMKQZnM,https://music.youtube.com/watch?v=hllCMcZWPN4,https://music.youtube.com/watch?v=oDEbWbdtqEU,
fb2b2e2e-d59e-5dbc-ab34-2ab85c8b47a5,7d0c8f71-9820-5ecc-8a94-13ea2fabd38e,4,Thane Kaain Kaain Bol Sunawan,Lata Mangeshkar,4.0,https://www.youtube.com/watch?v=l_bAcPpDgkE,https://music.youtube.com/watch?v=2n2vIJc_pL0,,
c09b3b95-8b0a-56ba-8df5-aa470a11be86,7d0c8f71-9820-5ecc-8a94-13ea2fabd38e,5,Maee Mhano Supnama Parnaare Deenanath,Lata Mangeshkar,4.5,https://www.youtube.com/watch?v=KjkuK6n9q9c,https://music.youtube.com/watch?v=KjkuK6n9q9c,https://music.youtube.com/watch?v=UWZ3N8qrd4A,https://music.youtube.com/watch?v=X3b1XQHwwXo
9a1df193-5826-52a7-90b0-ecb76f1e4ba5,7d0c8f71-9820-5ecc-8a94-13ea2fabd38e,6,Saanwara Re Mhari Preet Nibhaajaoji,Lata Mangeshkar,4.0,https://www.youtube.com/watch?v=UYSA7yA_evk,https://music.youtube.com/watch?v=8lhEg-_mdYE,https://music.youtube.com/watch?v=ZUp5NisBDmE,https://music.youtube.com/watch?v=4kSnglv4Qzk
633af807-b032-5207-967d-d980a17a7751,7d0c8f71-9820-5ecc-8a94-13ea2fabd38e,7,Saanware Rang Ranchi,Lata Mangeshkar,4.0,https://www.youtube.com/watch?v=bwr8I0R2hxI,https://music.youtube.com/watch?v=gurfFm_Gmo0,https://music.youtube.com/watch?v=y43Yd98I7mc,https://music.youtube.com/watch?v=lQ2NXDg-FHY
ff0096e5-8edd-5d12-b24d-8af1d62668b1,7d0c8f71-9820-5ecc-8a94-13ea2fabd38e,8,Gadh Se Toh Meerabai Utri,Lata Mangeshkar,4.0,https://www.youtube.com/watch?v=mos22fSbAM0,https://music.youtube.com/watch?v=KN64AQXupKw,https://music.youtube.com/watch?v=4SYtNsqF5fM,https://music.youtube.com/watch?v=mAXFA0PzslU
659e9aa5-5be5-5dd1-bcc3-e50635c80f80,7d0c8f71-9820-5ecc-8a94-13ea2fabd38e,9,Karam Ki Gati Nyari Santo,Lata Mangeshkar,4.0,https://www.youtube.com/watch?v=xasNRApc5yI,https://music.youtube.com/watch?v=UaO3yNm412c,https://music.youtube.com/watch?v=Dwd1NITL4jE,https://music.youtube.com/watch?v=ax6lSmn56_8
de5439a4-6a7d-591c-968b-4f2583c7df0f,7d0c8f71-9820-5ecc-8a94-13ea2fabd38e,10,Ud Ja Re Kaaga,Lata Mangeshkar,4.67,https://www.youtube.com/watch?v=xaxs3g2vx6s,https://music.youtube.com/watch?v=8QOtese9dh8,https://music.youtube.com/watch?v=baPc0lfR7Gg,
728fe13a-a28d-5f17-81b7-6f5c8f23ec7c,7d0c8f71-9820-5ecc-8a94-13ea2fabd38e,11,Radha Pyari De Daaro Naa Bansi Mori,Lata Mangeshkar,4.0,https://www.youtube.com/watch?v=G8zJ87m2jpI,https://music.youtube.com/watch?v=dxvzrg8jrYc,https://music.youtube.com/watch?v=U-KAyPnLb_Y,https://music.youtube.com/watch?v=L77xgQsLY2E
649c3b79-a609-5bd2-bd65-5ed7095909db,7d0c8f71-9820-5ecc-8a94-13ea2fabd38e,12,Sakhi Ri Laaj Bairan Bhayi,Lata Mangeshkar,4.0,https://www.youtube.com/watch?v=xb9jFZ4t6-Q,https://music.youtube.com/watch?v=6liJ4w84WM4,https://music.youtube.com/watch?v=fe4ckDNnnE0,https://music.youtube.com/watch?v=Q_WFajQ3ftg
f92d8a19-5f24-5cc2-bc42-503884fd81f5,7d0c8f71-9820-5ecc-8a94-13ea2fabd38e,13,Ko Birahini Ko Dukh Jane Ho,Lata Mangeshkar,4.0,https://www.youtube.com/watch?v=PltTP4U6VSw,https://music.youtube.com/watch?v=e6xkSR6kdP4,https://music.youtube.com/watch?v=zedYkXO8lU0,https://music.youtube.com/watch?v=Qc8T5tZMpjE
6da686a0-0981-54ce-923e-0116c492d538,7d0c8f71-9820-5ecc-8a94-13ea2fabd38e,14,Mai Mai Kaise Jiyun Ri,Lata Mangeshkar,4.0,https://www.youtube.com/watch?v=Obfb94xu5F4,https://music.youtube.com/watch?v=tLm6vs62oLY,https://music.youtube.com/watch?v=tHoLYDKfhjY,https://music.youtube.com/watch?v=ufKD4TBi8q0
dc2c9104-212d-5149-a0fa-1d240c078a0d,7d0c8f71-9820-5ecc-8a94-13ea2fabd38e,15,Chala Vahi Des,Lata Mangeshkar,4.5,https://www.youtube.com/watch?v=t8sjIv_HZv4,https://music.youtube.com/watch?v=W8nVaoBPg_I,https://music.youtube.com/watch?v=m66szNYp7EE,https://music.youtube.com/watch?v=Tmxb51FFvRQ
f793573f-a105-532a-93db-a433338b9696,8ccc2f17-378e-5b05-98dd-dd5eee30ac6b,3,Teri Meri Meri Teri Yaari Badi Puraani,Asha Bhosle,4.0,http://www.youtube.com/watch?v=cypySqMzlA0,https://music.youtube.com/watch?v=6dq4aB0Dfi4,https://music.youtube.com/watch?v=KxNZHCf-Z7c,https://music.youtube.com/watch?v=jOXYlZgd_zM
6043702d-ed17-5398-9f33-ab72a31a20c2,b039e955-3a01-59fb-8666-b2749c3a93b0,1,Aise Bhi Naa Rootho Tum,"Mukesh, Asha Bhosle",4.0,https://www.youtube.com/watch?v=mOjVRk_vXZU,https://music.youtube.com/watch?v=mOjVRk_vXZU,https://music.youtube.com/watch?v=BdB2UXhTBoc,
887fcbac-2f56-5071-a33e-785d9bc8596f,b039e955-3a01-59fb-8666-b2749c3a93b0,3,Tadap Tadap Ke Guzaari Hai Zindagi,Asha Bhosle,4.0,https://www.youtube.com/watch?v=Gyj1eI9CdUc,https://music.youtube.com/watch?v=Gyj1eI9CdUc,https://music.youtube.com/watch?v=tCC-8KsCs3I,https://music.youtube.com/watch?v=hHSABtktweo
7e11bb65-24c1-57ed-ad96-42a4f0725ad8,0f2e1d34-fa66-5269-810a-b95502ea9537,1,Gaadi Bula Rahi Hai Seeti Baja Rahi Hai,Kishore Kumar,4.0,https://www.youtube.com/watch?v=m4o0jUEVtoQ,https://music.youtube.com/watch?v=njnCoN9Qlvw,https://music.youtube.com/watch?v=IbX4FpG-5mE,
e8024300-6ecd-5394-875d-1fd9ef77ef62,c146e40e-2078-5b03-b40a-6346d586dbaa,1,Main Dulhan Teri - I,Lata Mangeshkar,4.0,https://www.youtube.com/watch?v=K5AAkk4NHVg,https://music.youtube.com/watch?v=K5AAkk4NHVg,https://music.youtube.com/watch?v=RT0oIuNeQM4,https://music.youtube.com/watch?v=w6AXytJyOQU
9132b401-574c-51ab-b711-5b0e6b8d03c7,c146e40e-2078-5b03-b40a-6346d586dbaa,2,Jaane Chaman Jaane Bahar,Kishore Kumar,4.0,https://www.youtube.com/watch?v=w_G7TZtzMhk,https://music.youtube.com/watch?v=w_G7TZtzMhk,https://music.youtube.com/watch?v=ydQQcyWrLqY,https://music.youtube.com/watch?v=XkSmbPcY4WA
f13d17a6-b7f7-558c-80bb-93502b13cc0e,c146e40e-2078-5b03-b40a-6346d586dbaa,3,Govinda Gopala (Jai Hari Govind),Lata Mangeshkar,4.0,https://www.youtube.com/watch?v=sqxPpsVcyE4,https://music.youtube.com/watch?v=J82AFQnw65o,https://music.youtube.com/watch?v=2bzyiKYJ_oM,
b881b94a-22ed-51db-9f96-83efc662a929,c146e40e-2078-5b03-b40a-6346d586dbaa,4,Aayegi Zaroor Chithhi,Lata Mangeshkar,4.0,https://www.youtube.com/watch?v=TgDxgpE2QAo,https://music.youtube.com/watch?v=a1UwvAUYXlw,https://music.youtube.com/watch?v=TgDxgpE2QAo,https://music.youtube.com/watch?v=DpxRID81VkI
54f52af1-6fd0-5916-9ad1-803b3c5f1cd5,c146e40e-2078-5b03-b40a-6346d586dbaa,5,Main Dulhan Teri - II,Lata Mangeshkar,4.0,https://www.youtube.com/watch?v=Go-5Y1kcCuk,https://music.youtube.com/watch?v=Go-5Y1kcCuk,https://music.youtube.com/watch?v=K5AAkk4NHVg,https://music.youtube.com/watch?v=RT0oIuNeQM4
87a602db-ccc7-5960-8d34-6beb3eca461a,d90349dd-84fb-5a43-9038-7af2323c8b06,1,Sooraj Ek Chanda Ek Taare Anek (Hindi Desh Ke Nivasi),Sadhna Sargam,4.0,https://www.youtube.com/watch?v=bI376UnsUMg,https://music.youtube.com/watch?v=X0DLOnM7ZuU,https://music.youtube.com/watch?v=SFghY3f6NS8,
b66718eb-ba42-58a2-b68f-99c63c7e2567,54a7a084-3604-5815-829c-c519a9b2571c,3,Dekha Hai Zindagi Ko Kuch Itna Kareeb Se,Kishore Kumar,4.33,https://www.youtube.com/watch?v=TiVt_ZTyXrQ,https://music.youtube.com/watch?v=4ABSV349b9M,https://music.youtube.com/watch?v=4lEZD2KHU6s,https://music.youtube.com/watch?v=SjbNLU8AqjQ
75985120-db62-5e40-9bd7-004c36b4f452,54a7a084-3604-5815-829c-c519a9b2571c,5,Hum Se Poochho Ke Haqeeqat Kya Hai,Kishore Kumar,4.0,https://www.youtube.com/watch?v=W_FaNno56vw,https://music.youtube.com/watch?v=qcoaiUX1jTw,https://music.youtube.com/watch?v=YyofTbZV7sU,
9cce07f1-101d-5826-8618-d72d9d3a986a,149302e2-35b4-5a6e-883d-d959a48344b9,1,Zindagi Cigarette Ka Dhuan,Bhupinder Singh,4.0,https://www.youtube.com/watch?v=nH4KifXPfr0,https://music.youtube.com/watch?v=uzCqcml1QSA,https://music.youtube.com/watch?v=nH4KifXPfr0,https://music.youtube.com/watch?v=Pa3y4Jnc6Fg
66fddbcd-a6b1-5fae-bd73-36a9fc6f400f,149302e2-35b4-5a6e-883d-d959a48344b9,3,Dil Ne Tadap Tadap Ke,Bhupinder Singh,4.0,https://www.youtube.com/watch?v=z23IoFnaMP0,https://music.youtube.com/watch?v=pzjVjC03Vys,https://music.youtube.com/watch?v=z23IoFnaMP0,https://music.youtube.com/watch?v=wk5dpBR1kbU
51599c64-4173-57a8-b9d9-91b815ac546f,cdd8899a-0283-58b1-bc27-ffee90c283e1,3,Aa Meri Jaan Main Khadi Hoon Yahan,Lata Mangeshkar,4.0,https://www.youtube.com/watch?v=76GE1Sl8Eqg,https://music.youtube.com/watch?v=76GE1Sl8Eqg,https://music.youtube.com/watch?v=SLeY_nQ5wq0,https://music.youtube.com/watch?v=kCEmS1uLgEg
da5a648b-9426-56c9-af80-77a8c38906c6,805fa2c6-37fc-510c-8649-fa02622ef333,1,Waada Kar Le Saajna,"Lata Mangeshkar, Mohammed Rafi",4.75,https://www.youtube.com/watch?v=9nkADFXXL0s,https://music.youtube.com/watch?v=vF6sh-XXQM0,https://music.youtube.com/watch?v=MJwCemeeEu4,https://music.youtube.com/watch?v=GXy1mb4Egkg
b1cfe717-4a09-5195-81e0-0a7cea2a7549,805fa2c6-37fc-510c-8649-fa02622ef333,5,Tu Kya Jaane O Bewafa (Tu Kya Jane Wafa),Lata Mangeshkar,4.33,https://www.youtube.com/watch?v=4852SdnESN0,https://music.youtube.com/watch?v=FJazFaoTgRc,https://music.youtube.com/watch?v=4852SdnESN0,
35da86a9-f1db-58d1-84ff-6cce4f1e9a28,1a750498-b68a-55b4-88cc-dea0942a6e92,3,Teri Galiyon Mein Naa Rakhenge Kadam Aaj Ke Baad,Mohammed Rafi,4.29,https://www.youtube.com/watch?v=QhjUfvpE7ZE,https://music.youtube.com/watch?v=1V6p1gDsBW4,https://music.youtube.com/watch?v=0weRgdk8_do,https://music.youtube.com/watch?v=W0wgqdJIFOs
031c2fdc-7cb9-5b14-ba99-e9d266246f35,1a750498-b68a-55b4-88cc-dea0942a6e92,4,Apne Dil Mein Jagah Dijiye,Asha Bhosle,4.0,http://www.youtube.com/watch?v=hWN_1KIyZmo,https://music.youtube.com/watch?v=hWN_1KIyZmo,https://music.youtube.com/watch?v=eptCB5ILmHE,https://music.youtube.com/watch?v=8oj-OclldTs
67c4b218-6847-5688-be96-ca79fa8a8626,f4d6afc0-fbe4-545b-b1ca-296df64cbef6,1,Dekho Mujhe Dekho Main Kitni Sayaani Hoon,Asha Bhosle,4.0,https://www.youtube.com/watch?v=65WTc2avdr0,https://music.youtube.com/watch?v=p5yFgMHtPZI,https://music.youtube.com/watch?v=YZgqcvYBtsQ,
694c88d7-04ca-53ec-87aa-fcc67efc6514,6fafe68f-ce3f-5472-be08-adac5a5befff,1,Ruk Jaana Nahin Tu Kahin Haar Ke - 1,Kishore Kumar,4.75,https://www.youtube.com/watch?v=upTiUx7-YiE,https://music.youtube.com/watch?v=exmp7Am4mKw,https://music.youtube.com/watch?v=dYffxhKRgoo,https://music.youtube.com/watch?v=bGZ3BfDfOvc
be5d3fbe-820a-5984-87fe-2b6de1def6bc,6fafe68f-ce3f-5472-be08-adac5a5befff,3,Roz Sham Aati Thi Magar Aisi Na Thi,Lata Mangeshkar,4.25,https://www.youtube.com/watch?v=3v_99--U8vE,https://music.youtube.com/watch?v=-rhPlLYCcg8,https://music.youtube.com/watch?v=5OZeQn_gACA,https://music.youtube.com/watch?v=_c8cFeKSPpA
aed3f135-913d-5539-b4c2-1e675232ec0c,22265a50-38f1-58cf-8b63-f321d67f2ae1,1,Baby Ho Gayi Hai Jawan,"Mahendra Kapoor, Asha Bhosle",4.0,https://www.youtube.com/watch?v=k7DdRiwzMDc,https://music.youtube.com/watch?v=_0VP0QmYcSE,https://music.youtube.com/watch?v=vUOf-HSXPTs,https://music.youtube.com/watch?v=k7DdRiwzMDc
bd93bed4-d3b3-5358-add6-759bc7fb2ad4,22265a50-38f1-58cf-8b63-f321d67f2ae1,6,Rangmanch Ye Duniya Saari,Lata Mangeshkar,4.0,https://www.youtube.com/watch?v=G2Ad02buhWk,https://music.youtube.com/watch?v=aEWxN5JtN3c,https://music.youtube.com/watch?v=wnC512QwytY,
8e8b2686-4cac-5fdc-8607-9f4a1bca5340,4b875671-1d36-5b42-9d16-d426b8e1ce9a,1,Mera Jeevan Kora Kagaz,Kishore Kumar,4.8,http://www.youtube.com/watch?v=vmDWt1skq24,https://music.youtube.com/watch?v=51dI1CfIsJc,https://music.youtube.com/watch?v=5rt4voXJONM,https://music.youtube.com/watch?v=CFteM-pUQcw
ea29beea-6db2-5b82-93ad-69cdff4c5d6e,4b875671-1d36-5b42-9d16-d426b8e1ce9a,2,Mera Padhne Mein Nahin Laage Dil,Lata Mangeshkar,4.25,https://www.youtube.com/watch?v=UW7iF4slL9Y,https://music.youtube.com/watch?v=IZHAY41vzeg,https://music.youtube.com/watch?v=UW7iF4slL9Y,https://music.youtube.com/watch?v=lrQuuktc7A4
17f800cc-a0b7-5077-866f-131ef0975695,4b875671-1d36-5b42-9d16-d426b8e1ce9a,3,Roothe Roothe Piya Manaoon Kaise,Lata Mangeshkar,4.5,https://www.youtube.com/watch?v=YwOnCwh6rmA,https://music.youtube.com/watch?v=WsSElKLcOds,https://music.youtube.com/watch?v=FHvTmg6EJ30,https://music.youtube.com/watch?v=GVohR-6w1rA
bf5012bb-4df8-5308-915b-149192c88bbd,37e949ae-d0a9-5f30-90ca-0a68fa51c05c,5,Aadmi Jo Kahta Hai,Kishore Kumar,4.25,https://www.youtube.com/watch?v=-ArgZa-UsAM,https://music.youtube.com/watch?v=J4i7hGkR3g8,https://music.youtube.com/watch?v=WUiCqS8odMQ,https://music.youtube.com/watch?v=viB7_g8suAo
a5d94561-d031-5c04-9e9c-cccca24d1665,33953f53-532a-5a8f-ad9c-5c78491f3734,4,Aaya Hoon Main Tujhko Le Jaaoonga,"Asha Bhosle, Kishore Kumar",4.33,https://www.youtube.com/watch?v=YxXb-uCKq_o,https://music.youtube.com/watch?v=sC_k4CPSUHU,https://music.youtube.com/watch?v=YxXb-uCKq_o,https://music.youtube.com/watch?v=Ottd2ab5Tdw
78664671-57b6-51a0-9a38-b8a7a8389dcb,33953f53-532a-5a8f-ad9c-5c78491f3734,6,Chori Chori Solah Singaar Karoongi,Asha Bhosle,4.67,https://www.youtube.com/watch?v=DD4GlZwFlYs,https://music.youtube.com/watch?v=fzst9ftwqio,https://music.youtube.com/watch?v=8pxmIF2bpmI,https://music.youtube.com/watch?v=ig6hllHQms8
9f6375a5-6805-505d-b272-ff7359a3dea9,8fbfdd96-a060-5bf9-ad3c-43f291940751,1,Jaise Suraj Ki Garmi Se,Sharma Bandhu,4.2,https://www.youtube.com/watch?v=hqHM7h0Jkjo,https://music.youtube.com/watch?v=C1OV7lfy8gI,https://music.youtube.com/watch?v=9IIz6jpybbA,https://music.youtube.com/watch?v=C5fM15BC58o
5bed8a97-90bd-5ee0-9ed7-a4ef28b3d239,664b6e7e-8acc-5a22-87bb-7b7575703ce6,1,Banda Parvar Main Kahan,Mohammed Rafi,4.0,https://www.youtube.com/watch?v=Dr49O87Ehy4,https://music.youtube.com/watch?v=e70H1xedL_Y,https://music.youtube.com/watch?v=-WMC7jM8bes,https://music.youtube.com/watch?v=dD5LPIqwn1Y
b837c5fe-3ed3-5f1b-b9cd-7929c0818b72,664b6e7e-8acc-5a22-87bb-7b7575703ce6,4,Aaja Aaja Mujhe Hai Tera Intezar (Chori Se Chupke Se),Lata Mangeshkar,4.0,https://www.youtube.com/watch?v=PaDLiWTUNYU,https://music.youtube.com/watch?v=PaDLiWTUNYU,https://music.youtube.com/watch?v=miW5Si8ylhE,https://music.youtube.com/watch?v=XRPV0v1JxzE
2f03e643-04f5-5d00-8225-9d2552cac2da,664b6e7e-8acc-5a22-87bb-7b7575703ce6,5,Ke Main Badi Mushkil Mein Hoon (Naa Tujhse Dur Ja Sakoon),Mohammed Rafi,4.0,https://www.youtube.com/watch?v=A1t8EFmxouM,https://music.youtube.com/watch?v=akv0a9WsXs0,https://music.youtube.com/watch?v=TmO1fU-OjNo,https://music.youtube.com/watch?v=K9WP3IbU2b8
a7df3a63-67d1-5415-9ee8-17fccf403ab3,da3d5e88-ef55-56ce-a2da-080b2f82dab0,1,Yeh Laal Rang Kab Mujhe Chhodega,Kishore Kumar,4.25,https://www.youtube.com/watch?v=Vx7tv_ZeUik,https://music.youtube.com/watch?v=Q-tS6plNw3g,https://music.youtube.com/watch?v=iEjy7L77Bis,https://music.youtube.com/watch?v=Nq2jYh9b-Ko
57c16f91-0a63-59b8-93bf-382958b0aa84,da3d5e88-ef55-56ce-a2da-080b2f82dab0,5,Jaa Jaa Jaa Mujhe Naa Ab Yaad Aa,Kishore Kumar,4.0,https://www.youtube.com/watch?v=tUTTLeA2pCI,https://music.youtube.com/watch?v=-AlooPi4GyE,https://music.youtube.com/watch?v=gX48W_vX0bA,https://music.youtube.com/watch?v=eF5zoiQFoyY
d485455e-ce2c-54f2-ab72-989a27c7b1cb,da3d5e88-ef55-56ce-a2da-080b2f82dab0,7,Bye Bye Miss Good Night Kal Phir Milenge,Kishore Kumar,4.0,https://www.youtube.com/watch?v=3UjiLocuxbQ,https://music.youtube.com/watch?v=3UjiLocuxbQ,https://music.youtube.com/watch?v=yQtTEAKy9Xw,https://music.youtube.com/watch?v=GnxAgYxnEgA
a3a3ac18-6218-57e3-82fc-f12891ad1abb,913d2c4a-643e-5195-9e1b-493862ef5eab,4,Kisi Pe Dil Agar Aa Jaye To Kya Hota Hai,"Asha Bhosle, Shailendra Singh",4.0,https://www.youtube.com/watch?v=WtKgO4DxXZE,https://music.youtube.com/watch?v=mJ-DXV-fjL0,https://music.youtube.com/watch?v=BXP7WQMz1bs,https://music.youtube.com/watch?v=gEP7N0CPvkQ
43fc6dea-8c18-5fc9-bb5e-cf67d63540bd,913d2c4a-643e-5195-9e1b-493862ef5eab,5,Tumko Mere Dil Ne Pukara Hai,"Shailendra Singh, Kanchan",4.0,https://www.youtube.com/watch?v=_Esgcy9-xL4,https://music.youtube.com/watch?v=G8EhqDv8ucA,https://music.youtube.com/watch?v=r3Z6hLv9w1U,https://music.youtube.com/watch?v=HJESVmP9qKI
3f8f073d-b349-5194-88d3-886529a4b45d,98052b3e-22b3-5f4f-b41f-a412d53cc37d,1,Rajnigandha Phool Tumhare,Lata Mangeshkar,4.83,https://www.youtube.com/watch?v=_j5dRsWevdM,https://music.youtube.com/watch?v=ocZ97Psb_Gc,https://music.youtube.com/watch?v=STeiZEbnNvA,https://music.youtube.com/watch?v=XN8DuakaCBs
2bd48262-50ec-571a-aea3-a0d987e6280b,98052b3e-22b3-5f4f-b41f-a412d53cc37d,2,Kai Baar Yun Bhi Dekha Hai,Mukesh,4.71,https://www.youtube.com/watch?v=CPwbi-hfenI,https://music.youtube.com/watch?v=CPwbi-hfenI,https://music.youtube.com/watch?v=3XJNaLf2lAc,https://music.youtube.com/watch?v=F2gBJPsRaXY
0212ebfb-eca8-513a-a1b2-2add7731ab1d,f4823f5d-2c74-5c7f-aed6-1ddea79cd667,1,Yeh Public Hai,Kishore Kumar,4.0,http://www.youtube.com/watch?v=8KTHGEoHQw4,https://music.youtube.com/watch?v=vdBYPNi7gWI,https://music.youtube.com/watch?v=VFe2oTHV398,
165a84d9-6afa-50f5-a10c-ae88c138c2e7,f4823f5d-2c74-5c7f-aed6-1ddea79cd667,2,Naach Meri Bulbul,Kishore Kumar,4.0,http://www.youtube.com/watch?v=C6JlLpmncz8,https://music.youtube.com/watch?v=Rw15MBbo57k,https://music.youtube.com/watch?v=DZGMbNzA8cY,https://music.youtube.com/watch?v=I3wCXQS9ka0
0cfb97b5-8335-50cc-ac12-a851f0ca12b5,f4823f5d-2c74-5c7f-aed6-1ddea79cd667,4,Gore Rang Pe Na Itna Guman Kar,"Kishore Kumar, Lata Mangeshkar",4.25,http://www.youtube.com/watch?v=3Iz6imkVUTc,https://music.youtube.com/watch?v=QA2MOxhMXtU,https://music.youtube.com/watch?v=_pt-CVFipdg,https://music.youtube.com/watch?v=B1y8lfKPRw8
f28ee818-2644-5e94-945e-0a4c5b8cdf4d,2acce64a-1b78-551f-8180-95c378d3a7ba,1,Main Naa Bhoolunga - I,"Lata Mangeshkar, Mukesh",4.0,https://www.youtube.com/watch?v=UGl34-cDPa8,https://music.youtube.com/watch?v=ch-mrwknDeY,https://music.youtube.com/watch?v=1N0ZFQOHr-4,https://music.youtube.com/watch?v=Xqtr77stwKo
8b6b4b63-b822-51fc-a2b0-7b3e8837099e,2acce64a-1b78-551f-8180-95c378d3a7ba,3,Aur Nahin Bas Aur Nahin,Mahendra Kapoor,4.0,https://www.youtube.com/watch?v=3rCIgOFvil4,https://music.youtube.com/watch?v=wGJo1h2gaiE,https://music.youtube.com/watch?v=u0HEI0EWTAE,
80a9a461-4a80-53a5-bdf2-97262e4d4a23,ba30c586-47ae-5068-b61a-48b15b17a325,1,Suraj Utra Bindiya Mein,Lata Mangeshkar,4.0,https://www.youtube.com/watch?v=zWS0eVszgQk,https://music.youtube.com/watch?v=n8Uq7YhXOoY,https://music.youtube.com/watch?v=27OyH-WcOZ4,https://music.youtube.com/watch?v=WOb--U2sP5A
2b1cdd33-6eae-57f3-8128-678543d100be,ba30c586-47ae-5068-b61a-48b15b17a325,3,Haath Mein Haath Lo,Mukesh,4.0,https://www.youtube.com/watch?v=5aqtRYcOouA,https://music.youtube.com/watch?v=MpoccDbEbnE,https://music.youtube.com/watch?v=Y5ANJPjvJ-8,https://music.youtube.com/watch?v=pZb2696eGws
74c4a934-23b7-5eee-878c-0001bdfb5f30,5561b082-e068-594f-bc4a-84f0b7623b56,1,Apni Aankhon Mein Basa Kar,Mohammed Rafi,4.0,http://www.youtube.com/watch?v=Q7dQUOhymVc,https://music.youtube.com/watch?v=kDzhWyWQhag,https://music.youtube.com/watch?v=kv87jmRp7zo,https://music.youtube.com/watch?v=5JzElOSJ3zs
b8c8a9d0-0aa0-5d5b-97cb-65bc28f11c16,1777f48e-b5cc-5cba-8787-1810b408889b,3,Yaad Rahega Pyar Ka Yeh Rangeen Zamana,"Lata Mangeshkar, Mukesh",4.0,https://www.youtube.com/watch?v=enwnQch4EKY,https://music.youtube.com/watch?v=enwnQch4EKY,https://music.youtube.com/watch?v=yttagdQse8g,https://music.youtube.com/watch?v=FPEKTJGwoS4
390c4fbb-51fe-5c89-b5ca-42d6c544b732,17c4f79d-f2c9-5ece-aa34-5d4351845dc7,2,Shokhiyan Nazar Mein Hain,Mohammed Rafi,4.0,https://www.youtube.com/watch?v=DyVISQG9fvU,https://music.youtube.com/watch?v=FO-8C4vBgw8,https://music.youtube.com/watch?v=EJKS0nArd2I,https://music.youtube.com/watch?v=wOENpuCNjHM
bed0835c-88d3-5603-94da-1df43935f0cc,17c4f79d-f2c9-5ece-aa34-5d4351845dc7,3,Mohabbat Ki Nazar Dekho,Lata Mangeshkar,4.0,https://www.youtube.com/watch?v=JtPY4SWpcxc,https://music.youtube.com/watch?v=JtPY4SWpcxc,https://music.youtube.com/watch?v=iDHwJrYYqJ4,https://music.youtube.com/watch?v=6IyK4D0cil8
0bcedd9e-4f4e-5c14-88e2-e31137ea6266,d990df6c-369c-5566-8780-219d57b1cd90,2,Tum Bhi Chalo Hum Bhi Chalen,Kishore Kumar,4.0,https://www.youtube.com/watch?v=-2rj0mFDGkE,https://music.youtube.com/watch?v=-2rj0mFDGkE,https://music.youtube.com/watch?v=jHHN8JE9AAM,https://music.youtube.com/watch?v=cfWxcjLrKTY
4cc86d9d-fddc-5aaf-aa3e-38d65a67bf96,d990df6c-369c-5566-8780-219d57b1cd90,6,Tum Bhi Chalo Hum Bhi Chalen - Duet,"Kishore Kumar, Asha Bhosle",4.4,https://www.youtube.com/watch?v=8rMMnyMZ6cI,https://music.youtube.com/watch?v=-2rj0mFDGkE,https://music.youtube.com/watch?v=jHHN8JE9AAM,https://music.youtube.com/watch?v=KVxVkpHlf3U
86d62c58-2ba4-5729-8dba-8408cc23d8d4,8875cdcd-f047-5926-a3a4-56799dc64f63,2,O Hansini Meri Hansini,Kishore Kumar,4.71,https://www.youtube.com/watch?v=iaLmf7L-B24,https://music.youtube.com/watch?v=7HOpJLxKB5o,https://music.youtube.com/watch?v=ydSeB5vJ8bs,
