song_uuid,album_uuid,track_number,song_title,song_singers,song_rating,youtube_url,music_yt_url_1,music_yt_url_2,music_yt_url_3
4423071c-03ea-51d8-9d24-87aa963c88bd,475d351d-9dd7-5043-8ba0-df61d262ee26,2,Haan Maine Chhoo Kar Dekha Hai,Gayatri Iyer,4.5,http://www.youtube.com/watch?v=YN2CGXw08dk,https://music.youtube.com/watch?v=kxP930TX_Aw,https://music.youtube.com/watch?v=YN2CGXw08dk,https://music.youtube.com/watch?v=b58BrXtg_To
92f8f89f-bedf-5c2c-bc86-23945277b5dc,ba947569-da79-59fe-bb5b-4837109d59a7,6,Kajraare Kajraare Tere Kaare Kaare Naina,"Alisha Chinai, Shankar Mahadevan, Javed Ali",4.75,http://www.youtube.com/watch?v=DovUEruZ2q4&feature=plcp,https://music.youtube.com/watch?v=4dsFQFCvVGU,,
fa2e12a2-30f6-567e-b908-e994e43bf617,c08321de-78fc-570c-a921-9bd807a5e17d,5,Bavra Mann (Male),Swanand Kirkire,4.75,http://www.youtube.com/watch?v=yRvEVVO4LFs&feature=plcp,https://music.youtube.com/watch?v=qzdiFlT9vAs,https://music.youtube.com/watch?v=QNB4ah9r79M,https://music.youtube.com/watch?v=75HtUkww2aE
019a1e92-2e5d-5ca1-a2bf-a738208f4c49,c08321de-78fc-570c-a921-9bd807a5e17d,8,Bavra Mann (Female),Shubha Mudgal,5.0,https://www.youtube.com/watch?v=54_1VzgPC50,https://music.youtube.com/watch?v=54_1VzgPC50,https://music.youtube.com/watch?v=iQ56ImSuJOQ,https://music.youtube.com/watch?v=TJgCn9bFLow
8dfaf808-8468-5740-8f0f-a4641524280b,57536d5d-6755-5c14-a190-763b4f439770,6,Chand Ki Roshni,KK,4.33,http://www.youtube.com/watch?v=7lqsXUmrjmc,https://music.youtube.com/watch?v=Jw4sQNFZG9w,https://music.youtube.com/watch?v=Bz9gQFB9jCw,https://music.youtube.com/watch?v=3rXm-G7uQF4
47fb1cb1-5482-5b5b-aca6-37e9eddcc52a,006a4224-2430-58ff-85d0-c9090c95564f,1,Aashayein,"Salim Merchant, KK",4.0,https://www.youtube.com/watch?v=bmyv0nRkDmc,https://music.youtube.com/watch?v=XL3t1oU6CC4,https://music.youtube.com/watch?v=hT5-kDr2vL4,https://music.youtube.com/watch?v=ypsz4KbVAL8
3b3232fd-f01c-5751-8114-c69b719f2df0,f2fcdc2d-0f22-5f6d-812e-3627ade62a9a,1,Jiya Dhadak Dhadak Jaye,Rahat Fateh Ali Khan,4.5,https://www.youtube.com/watch?v=iasxMdSu7Jo,https://music.youtube.com/watch?v=iasxMdSu7Jo,https://music.youtube.com/watch?v=S3eDzdyr23Q,https://music.youtube.com/watch?v=cTGwWx5bKGI
8cbe66ec-5958-570f-8de3-383377c2906f,f2fcdc2d-0f22-5f6d-812e-3627ade62a9a,2,Aadat - I,Atif Aslam,4.67,https://www.youtube.com/watch?v=e5LShHAE03A,https://music.youtube.com/watch?v=QGNcfBhGFdc,https://music.youtube.com/watch?v=eK5gPcFjQps,https://music.youtube.com/watch?v=AKUk1v3rBvc
0d229588-803b-5501-a269-ec0ea55a33c1,f2fcdc2d-0f22-5f6d-812e-3627ade62a9a,6,Tujhe Dekh Dekh,Rahat Fateh Ali Khan,4.75,https://www.youtube.com/watch?v=rNOk3Rd3aDA,https://music.youtube.com/watch?v=a6aarzS3tGA,,
c071e0aa-27f2-5f9d-98ec-96444137697f,0f791af4-f49d-5a59-81d6-fba656502571,5,Guncha,Mohit Chauhan,4.5,https://www.youtube.com/watch?v=DBn97hlqIOY,https://music.youtube.com/watch?v=4WRP2G-Azb0,https://music.youtube.com/watch?v=4WcMSSRI4Tw,https://music.youtube.com/watch?v=ymWdHvmec6g
6d9f5c30-8cda-5f6f-b0e2-40e792ee8972,a9dfb8be-0d85-57f3-ab34-8fa3fb6613ab,1,Dheere Jalna,"Sonu Nigam, Shreya Ghoshal",4.5,http://www.youtube.com/watch?v=LqMhqSwi7Fw&feature=plcp,https://music.youtube.com/watch?v=LqMhqSwi7Fw,https://music.youtube.com/watch?v=ekgnNMwne2w,https://music.youtube.com/watch?v=vpTqUne_g6E
a831e578-09cb-5779-9cfb-14f6a63dc6ce,e17176f1-d81d-5197-be6e-eae112d2c065,1,Piyu Bole,"Shreya Ghoshal, Sonu Nigam",4.75,https://www.youtube.com/watch?v=ZAkr0KFFLLs,https://music.youtube.com/watch?v=rvnyVvSRAxs,https://music.youtube.com/watch?v=JZ0zD23Wq9E,https://music.youtube.com/watch?v=WAnDWn4R1pk
e1d32568-69da-5272-b7ce-fd588fdbe785,e17176f1-d81d-5197-be6e-eae112d2c065,3,Soona Mann Ka Aangan,"Shreya Ghoshal, Sonu Nigam",4.5,https://www.youtube.com/watch?v=eTnrzEuVz-0,https://music.youtube.com/watch?v=H-UeNnrQBF4,https://music.youtube.com/watch?v=eTnrzEuVz-0,https://music.youtube.com/watch?v=McjR2Z3yq6M
860add9a-e338-5bc9-a04c-342c979727b5,e17176f1-d81d-5197-be6e-eae112d2c065,4,Kaisi Paheli Zindagani,Sunidhi Chauhan,4.67,https://www.youtube.com/watch?v=-6Y8hMyEoV8,https://music.youtube.com/watch?v=-6Y8hMyEoV8,https://music.youtube.com/watch?v=1mrjO6ash_Q,
f35df812-082f-56bf-b703-edace3074910,785215bd-6e2c-5a09-93a1-a5dcf096e6b3,1,Maine Dil Se Kaha,KK,4.25,https://www.youtube.com/watch?v=pSpnF-li-OE,https://music.youtube.com/watch?v=eOorU_qvoiE,https://music.youtube.com/watch?v=36Melh3tfv8,https://music.youtube.com/watch?v=g9_eJC8vHWQ
9a9fb1a4-b5ba-594b-a9e3-28629cec691a,84da7197-47a7-5662-a90a-9152351aed0d,3,Naina Neer Baha,Sadhna Sargam,4.67,https://www.youtube.com/watch?v=mV3C75QC8ds,https://music.youtube.com/watch?v=mV3C75QC8ds,https://music.youtube.com/watch?v=zT8XelLXn_8,https://music.youtube.com/watch?v=M_zxXc511Ss
055ecf66-0f60-5118-a792-2de7c94313b9,84da7197-47a7-5662-a90a-9152351aed0d,4,Shyam Rang Bhar Do,"Richa Sharma, Raqueeb Alam, Surjo Bhattacharya",4.0,https://www.youtube.com/watch?v=8bGMKFGo8kg,https://music.youtube.com/watch?v=8bGMKFGo8kg,https://music.youtube.com/watch?v=3WWk2MapGPM,
cf32a88c-559e-5030-8711-25811dcc782e,84da7197-47a7-5662-a90a-9152351aed0d,6,Bhangari Marori,Sukhwinder Singh,4.0,http://www.youtube.com/watch?v=JvOUc1756qQ,https://music.youtube.com/watch?v=JvOUc1756qQ,https://music.youtube.com/watch?v=oV8a2ykywRk,
14908c59-4fdb-5b5e-8708-9b5c87c73c3d,89ea0098-ab6b-59f6-bbfc-fa2904131b94,1,Naam Adaa Likhna,"Shaan, Shreya Ghoshal",4.0,https://www.youtube.com/watch?v=xUHjdhDbbZw,https://music.youtube.com/watch?v=14eL3TLUjUk,https://music.youtube.com/watch?v=Lk3IVZmx6oA,https://music.youtube.com/watch?v=wh7LdIpQ5q4
18566569-0431-5426-bbbb-6063785dd65c,35fec7d1-f760-5a92-b6b2-2c2dd2b28963,6,Dil Ye Dua De,"Udit Narayan, Kavita Krishnamurthy",4.0,http://www.youtube.com/watch?v=dGwAPrlF180,https://music.youtube.com/watch?v=dGwAPrlF180,https://music.youtube.com/watch?v=h-ODk88tUEw,https://music.youtube.com/watch?v=6JzoX02YtwQ
7e79dab4-04d2-503a-943b-3744aed5ec03,45b38cd2-c2a1-5335-b01b-5c920573b83b,2,Woh Lamhe Woh Baatein,Atif Aslam,4.5,https://www.youtube.com/watch?v=Sut_KOIbwn0,https://music.youtube.com/watch?v=FLKxnL7KwHw,https://music.youtube.com/watch?v=xgZJs6KnBTQ,https://music.youtube.com/watch?v=xLXimDmYhnI
0b9b938d-7e9b-5550-8a2e-723dd85e3dcf,ac7bc23b-a5a4-5fb0-940c-98aef782c98f,1,Tera Surroor,Himesh Reshammiya,4.0,https://www.youtube.com/watch?v=CoRuihNeiOc,https://music.youtube.com/watch?v=CoRuihNeiOc,https://music.youtube.com/watch?v=Oqe_2fs5RIQ,https://music.youtube.com/watch?v=u5sd1YeI9ok
074fba36-ced9-5dbf-b8aa-27be9518a30f,49461675-2522-5c9e-8610-2b96c89a7f9c,1,Maula Mere Maula (Aankhen Teri),Roop Kumar Rathod,4.5,https://www.youtube.com/watch?v=boRd0WoCemI,https://music.youtube.com/watch?v=fxfezWYW39M,https://music.youtube.com/watch?v=9VvWddZVW48,https://music.youtube.com/watch?v=73NAG-tigAQ
afcaab75-7e95-513f-9eba-0a1181c10ca9,49461675-2522-5c9e-8610-2b96c89a7f9c,3,Javeda Zindagi (Tose Naina Laage),"Shilpa Rao, Kshitij Tarey",4.0,https://www.youtube.com/watch?v=fXeIK4xbXgs,https://music.youtube.com/watch?v=PNacQbYrH_E,,
bbfd2e53-775d-5181-9955-c1e696a48a1f,7ec5dffe-b7ca-5921-91cd-59ddcc85c031,5,Sawan Beeta Jaye,Nandini Srikar,4.0,https://www.youtube.com/watch?v=P-R9nbGG6_Q,https://music.youtube.com/watch?v=wKLbVTuqhTM,https://music.youtube.com/watch?v=P-R9nbGG6_Q,https://music.youtube.com/watch?v=69sxwvsKVso
543de7ae-cdb1-5572-9766-48ef870c9ce1,9ac872da-96d4-5f1a-b73d-bcdcd257f7e8,1,Crazy Kiya Re,Sunidhi Chauhan,4.0,http://www.youtube.com/watch?v=AY-VxVTO23w&feature=plcp,https://music.youtube.com/watch?v=J2Bh68GTUOU,https://music.youtube.com/watch?v=8a5eTAvOlUM,
df440d65-08f7-5966-b71b-80636106f2a1,a828fbca-ee93-5c85-a526-dfe607321b62,5,Aaj Ki Raat,"Alisha Chinai, Mahalakshmi Iyer, Sonu Nigam",4.5,http://www.youtube.com/watch?v=OXOj4bUuzSg&feature=plcp,https://music.youtube.com/watch?v=OXOj4bUuzSg,https://music.youtube.com/watch?v=YW25SKnlEi0,https://music.youtube.com/watch?v=dHe6KAIg-H4
05116731-7bfd-55f5-a302-39ba3b7b08df,70c2f1c5-2c78-5bd8-87e7-5d3c420cec80,1,Yeh Hausla Kaise Jhuke,"Shafqat Amanat Ali, Salim Merchant",4.67,https://www.youtube.com/watch?v=Hye8yunxwIc,https://music.youtube.com/watch?v=eWMrEIBzH7E,,
6e76947c-a2a6-5f42-a910-177a38e6c366,43690e07-215e-5297-949c-184c7dd09708,1,Chand Sifarish,"Shaan, Kailash Kher",4.25,http://www.youtube.com/watch?v=nBH1W_79FVY&feature=plcp,https://music.youtube.com/watch?v=zWEOx7TSM6I,https://music.youtube.com/watch?v=wfhuoKLNHac,https://music.youtube.com/watch?v=ZaURV4XxdPI
4e414465-3e32-55c8-88fa-ce7a8b35eeeb,91e4723e-1b97-53e0-895d-30b6b628b39c,2,Bheegi Bheegi Si Hain Raaten,James,4.5,https://www.youtube.com/watch?v=WeY9hdsmIaQ,https://music.youtube.com/watch?v=r3K6i3UspKY,,
59b2a172-1ee7-5719-8471-e5d171a800df,91e4723e-1b97-53e0-895d-30b6b628b39c,7,Lamha Lamha (Duet),"Abhijeet, Sunidhi Chauhan",4.0,https://www.youtube.com/watch?v=CApsy8SR3k0,https://music.youtube.com/watch?v=CApsy8SR3k0,https://music.youtube.com/watch?v=dtH1iXPdABU,https://music.youtube.com/watch?v=J0A9l2zTAjg
a659bb3c-706f-5788-ac68-2fdc5b2bbf3c,188f988a-17a6-59a9-98f4-4a03ea103937,2,Aashiyan,"Shreya Ghoshal, Ranjit Barot",4.0,https://www.youtube.com/watch?v=7QErC7Pl294,https://music.youtube.com/watch?v=7QErC7Pl294,https://music.youtube.com/watch?v=IoiQd_MJbAU,https://music.youtube.com/watch?v=WxXbLnBq0n0
90db277f-0386-5c22-b70d-572262f9b21b,188f988a-17a6-59a9-98f4-4a03ea103937,3,Neele Neele Aasman Tale,"Shreya Ghoshal, Vijay Prakash",4.0,https://www.youtube.com/watch?v=3tLL4_vb2mM,https://music.youtube.com/watch?v=3tLL4_vb2mM,https://music.youtube.com/watch?v=Y6NRkIql_Oo,
57ee719d-17b1-5162-9c65-da7a43c1ab74,bfef75d8-753c-513a-87fc-29a8d8612b8f,2,Ajnabi Shehar,Sonu Nigam,4.0,http://www.youtube.com/watch?v=J_0OkfLzzrQ&feature=plcp,https://music.youtube.com/watch?v=J_0OkfLzzrQ,https://music.youtube.com/watch?v=AWMxP8dl4GQ,https://music.youtube.com/watch?v=sVjXBkNdZiQ
b17b3782-d67f-5905-91c1-d5366dee4491,213bf8de-a802-5724-99a4-6526925982e4,1,Kabhi Alvida Naa Kehna,"Sonu Nigam, Alka Yagnik",4.6,https://www.youtube.com/watch?v=O8fIwHfZz2E,https://music.youtube.com/watch?v=v9D54dHDiMs,https://music.youtube.com/watch?v=nmTp_esz_Q8,https://music.youtube.com/watch?v=poh5_x_3sr8
c1eba095-9b0e-5631-a2a8-e6180307ea2b,213bf8de-a802-5724-99a4-6526925982e4,2,Mitwa,"Shafqat Amanat Ali, Shankar Mahadevan, Caralisa Monteiro",4.8,https://www.youtube.com/watch?v=ru_5PA8cwkE,https://music.youtube.com/watch?v=Suv5QfWKaaw,https://music.youtube.com/watch?v=aXj01m_30_Y,
0397b26d-cfeb-5d3d-8804-2f4cac2520d3,213bf8de-a802-5724-99a4-6526925982e4,3,Where's The Party Tonight,"Shaan, Vasundhara Das, Loy Mendonsa, Shankar Mahadevan",4.33,https://www.youtube.com/watch?v=ifT-NS_E7EY,https://music.youtube.com/watch?v=Bv_amZwKd44,https://music.youtube.com/watch?v=t17_SwLawG4,https://music.youtube.com/watch?v=njwnB5f53JU
06eea0e9-f533-5925-9b65-3048da0db9ee,213bf8de-a802-5724-99a4-6526925982e4,4,Tumhi Dekho Naa,"Sonu Nigam, Alka Yagnik",4.75,https://www.youtube.com/watch?v=DULDIS2qlCU,https://music.youtube.com/watch?v=Fg4CANalLNE,https://music.youtube.com/watch?v=H5oCEtxjH_o,https://music.youtube.com/watch?v=jVLHuRqtRX0
2cf918d6-6292-5cad-9481-3ee8b6a04435,9a5239ba-e832-5a7d-a128-8f0b0c970e1f,1,Teri Deewani,Kailash Kher,4.5,https://www.youtube.com/watch?v=SbN6P-UQjcs,https://music.youtube.com/watch?v=UIMSmQPjg84,https://music.youtube.com/watch?v=-aLvfdCkreQ,https://music.youtube.com/watch?v=bw3Z07JjcY0
142ef090-62a9-556e-9279-143eebe3c17f,aeb4d58e-d0f3-5846-9fbb-74f1da0d5af8,1,Omkara,Sukhwinder Singh,4.0,http://www.youtube.com/watch?v=96clhOvdFw4,https://music.youtube.com/watch?v=96clhOvdFw4,https://music.youtube.com/watch?v=LAjopwYc7lI,https://music.youtube.com/watch?v=gKOem717dlo
0c044c64-2e3d-545e-92bd-a57b812f8c47,aeb4d58e-d0f3-5846-9fbb-74f1da0d5af8,2,O Saathi Re,"Shreya Ghoshal, Vishal Bhardwaj",4.0,https://www.youtube.com/watch?v=zXcJGo3aXg8,https://music.youtube.com/watch?v=loVNshmo-eM,https://music.youtube.com/watch?v=Z7qEjtSiCBs,https://music.youtube.com/watch?v=GzO2AeOm9mk
89946513-b07d-5f05-b9f1-4b75fb148e44,aeb4d58e-d0f3-5846-9fbb-74f1da0d5af8,3,Beedi Jalaile Jigar Se Piya,"Sunidhi Chauhan, Sukhwinder Singh, Nachiketa Chakraborty, Clinton Cerejo",4.67,http://www.youtube.com/watch?v=eSGlaSWqQYo,https://music.youtube.com/watch?v=uUPBMV3DAck,https://music.youtube.com/watch?v=WeCkQHrGDFo,https://music.youtube.com/watch?v=XLJCtZK0x5M
7e6535f1-2101-53c2-b23b-960d3ae43e62,aeb4d58e-d0f3-5846-9fbb-74f1da0d5af8,4,Jag Ja Ri Gudiya,Suresh Wadkar,4.0,http://www.youtube.com/watch?v=QM21TncT3Dk,https://music.youtube.com/watch?v=QM21TncT3Dk,https://music.youtube.com/watch?v=2un-P5j5o58,https://music.youtube.com/watch?v=h-ZTmbH9H6o
22c4d8e9-2eca-5244-a4a6-1e6134adec11,aeb4d58e-d0f3-5846-9fbb-74f1da0d5af8,5,Jabaan Pe Laaga Laaga Re Namak Isk Ka,"Rekha Bhardwaj, Rakesh Pandit",4.33,http://www.youtube.com/watch?v=5WB8ujhAK7c,https://music.youtube.com/watch?v=5WB8ujhAK7c,https://music.youtube.com/watch?v=oLPxEjBypqU,
63f038f2-6791-5697-9fd7-8d03203ecb7c,aeb4d58e-d0f3-5846-9fbb-74f1da0d5af8,6,Naina Thag Lenge,Rahat Fateh Ali Khan,4.33,https://www.youtube.com/watch?v=Mp2CEfs-5G4,https://music.youtube.com/watch?v=MQs9RzsrHKk,https://music.youtube.com/watch?v=wZkWLgEsKRs,https://music.youtube.com/watch?v=A8jvXpQ8wWY
b8abfbfe-709d-5f32-800e-3a808895e8be,11118241-d2a6-52d2-8d93-2869a4184bc3,1,Ik Onkar,Harshdeep Kaur,4.0,https://www.youtube.com/watch?v=OxZcgPHWxt0,https://music.youtube.com/watch?v=V1NTjJbh6Qo,https://music.youtube.com/watch?v=Z7raKgmCf-s,https://music.youtube.com/watch?v=_TW4cP5pC8E
d0927a5d-2010-5260-bc45-37d2a2fc7c82,11118241-d2a6-52d2-8d93-2869a4184bc3,2,Rang De Basanti,"Daler Mehndi, K.S. Chitra",4.0,https://www.youtube.com/watch?v=c769V25pX08,https://music.youtube.com/watch?v=Azhtn4ptHQI,https://music.youtube.com/watch?v=gDZ-_Y2tkV8,https://music.youtube.com/watch?v=_1RzmQRybJs
822c2d71-89e1-550f-8e57-abbf42c5a5cd,11118241-d2a6-52d2-8d93-2869a4184bc3,3,Paathshala,"Naresh Iyer, Mohammed Aslam - I",4.33,https://www.youtube.com/watch?v=2tng8uWHZFQ,https://music.youtube.com/watch?v=hbxsglj9nCk,https://music.youtube.com/watch?v=AkHu6aKLFLM,https://music.youtube.com/watch?v=9Uf5bP2x4-A
9b1cdabe-9d79-53b0-9cf5-5aad199d087c,11118241-d2a6-52d2-8d93-2869a4184bc3,4,Tu Bin Bataye,"Madhushree, Naresh Iyer",4.57,https://www.youtube.com/watch?v=UqblLzBwlns,https://music.youtube.com/watch?v=UqblLzBwlns,https://music.youtube.com/watch?v=ZqXoSU5_bNc,https://music.youtube.com/watch?v=jI7FFN4wW5E
38d644b1-f3df-56d0-a479-83183206e8d3,11118241-d2a6-52d2-8d93-2869a4184bc3,6,Khoon Chala,Mohit Chauhan,4.14,https://www.youtube.com/watch?v=fbbHNMXp5dU,https://music.youtube.com/watch?v=fbbHNMXp5dU,https://music.youtube.com/watch?v=ErFewAIrSNs,https://music.youtube.com/watch?v=28OJpIA_rNo
90747781-2f40-518b-b05c-93c8a4f5a37f,11118241-d2a6-52d2-8d93-2869a4184bc3,7,Paathshala - Be A Rebel,"Blaaze, Naresh Iyer, Mohammed Aslam - I",4.0,https://www.youtube.com/watch?v=xpW7Vci18gY,https://music.youtube.com/watch?v=J5T6919ARrs,https://music.youtube.com/watch?v=AkHu6aKLFLM,https://music.youtube.com/watch?v=JuULmyTa8wc
66b5ba2f-6e69-5fc2-9aa1-b9defcfa11ef,11118241-d2a6-52d2-8d93-2869a4184bc3,8,Lukka Chhuppi,"Lata Mangeshkar, A.R. Rahman",4.5,https://www.youtube.com/watch?v=FFpgYjL2aJo,https://music.youtube.com/watch?v=WjjKlwt0UNk,https://music.youtube.com/watch?v=D9zidy7SxPE,https://music.youtube.com/watch?v=FFpgYjL2aJo
1341f567-ce32-5e14-b5aa-a5e88dceb316,11118241-d2a6-52d2-8d93-2869a4184bc3,10,Roobaroo,"A.R. Rahman, Naresh Iyer",4.67,https://www.youtube.com/watch?v=8kMv5ssr6Dw,https://music.youtube.com/watch?v=8kMv5ssr6Dw,https://music.youtube.com/watch?v=DSMneXn238o,https://music.youtube.com/watch?v=iO6yapsJn3U
b7a98b49-5465-5a44-bd05-3d9e4979fb19,f0e5065f-7c27-563a-8ce5-d988f9c613eb,1,Bolo Na,Sona Mohapatra,4.0,https://www.youtube.com/watch?v=5LHSkvicsuY,https://music.youtube.com/watch?v=CZJg5dwWNnU,https://music.youtube.com/watch?v=H0BUWrhG0FU,https://music.youtube.com/watch?v=ktpNWq51X8I
bb380dcd-7c92-52b2-91ca-c88aebb183e6,f0e5065f-7c27-563a-8ce5-d988f9c613eb,2,Abhi Nahin Aana,Sona Mohapatra,4.0,https://www.youtube.com/watch?v=BzkBHXXmNuY,https://music.youtube.com/watch?v=BzkBHXXmNuY,https://music.youtube.com/watch?v=9GzsqVMSKlc,https://music.youtube.com/watch?v=jorXLqKaBV8
92a03e64-8f5d-548e-a540-0d4b15715a6e,9fa962b2-b5e4-5ccc-a893-09905bd52b64,5,Behka Diya Hamein,"Alka Yagnik, Sonu Nigam",4.0,http://www.youtube.com/watch?v=kR4TaUtN6nk,https://music.youtube.com/watch?v=kR4TaUtN6nk,https://music.youtube.com/watch?v=ulwIxTokWVs,https://music.youtube.com/watch?v=7-jf_bEv_do
c1e6562f-3674-5ef0-91ba-37a5ed668a0c,9c5724c9-9c48-5490-9b79-b2e27a425c04,1,Leja Leja,"Ustad Sultan Khan, Shreya Ghoshal",4.0,http://www.youtube.com/watch?v=TQR70KKYMmQ,https://music.youtube.com/watch?v=1Ojb5jUy4LM,https://music.youtube.com/watch?v=TQR70KKYMmQ,https://music.youtube.com/watch?v=ZVaxuhLaDfo
7d4b95b8-4402-5eb1-bed7-7dabca9928f9,9c5724c9-9c48-5490-9b79-b2e27a425c04,3,More Piya,"Ustad Sultan Khan, Sunidhi Chauhan",4.0,https://www.youtube.com/watch?v=eM0u7n6qQ3w,https://music.youtube.com/watch?v=eM0u7n6qQ3w,https://music.youtube.com/watch?v=uUzpKpi1QNU,https://music.youtube.com/watch?v=bEKFsOYI2dc
f551b502-a203-54cf-8bb7-7aa8bc84837f,9c5724c9-9c48-5490-9b79-b2e27a425c04,9,Billo (Club Mix),"Ustad Sultan Khan, Sunidhi Chauhan",4.0,https://www.youtube.com/watch?v=-aDIrW6pLb0,https://music.youtube.com/watch?v=MYTshvFxspk,https://music.youtube.com/watch?v=PjIktBAytGw,https://music.youtube.com/watch?v=bCQ0Hx7gQg4
324eb56e-fe19-577c-9b5d-0aee4d996ec7,ec6504f6-4292-575d-92c2-a497b8a2cdc2,2,Yeh Hai Meri Kahani,Strings,4.25,http://www.youtube.com/watch?v=qhHL-EOIqqQ&feature=plcp,https://music.youtube.com/watch?v=Xx6jdSpMYsE,https://music.youtube.com/watch?v=8_4HsHH59kY,https://music.youtube.com/watch?v=OKz0GSo6KEA
d26b0b9a-d900-5921-980a-50abe247c4b0,cb63486b-5d08-5595-8a75-0ad9fbb9a76f,1,Aaja Nachle,Sunidhi Chauhan,4.33,http://www.youtube.com/watch?v=q42IpVY_kNY&feature=plcp,https://music.youtube.com/watch?v=waCexeCPGlw,https://music.youtube.com/watch?v=MP4F0ZcW_G0,https://music.youtube.com/watch?v=Q0RkPxC1XHg
21d9ab18-b6f6-57d8-a3f8-ec4fad6050a9,cb63486b-5d08-5595-8a75-0ad9fbb9a76f,2,Ishq Hua,"Sonu Nigam, Shreya Ghoshal",4.5,http://www.youtube.com/watch?v=Vl8zpQZ5Jc8&feature=plcp,https://music.youtube.com/watch?v=CgQn3gsrIRc,https://music.youtube.com/watch?v=-KTXtRHYf70,https://music.youtube.com/watch?v=NGm4__LtrLc
0c91a8e6-f0b3-5f95-9150-bf00f9575eb7,cb63486b-5d08-5595-8a75-0ad9fbb9a76f,4,O Re Piya,Rahat Fateh Ali Khan,4.5,https://www.youtube.com/watch?v=WgKox1wWiiw,https://music.youtube.com/watch?v=yyYpmJx8zuU,https://music.youtube.com/watch?v=xDKtoPtRGA8,https://music.youtube.com/watch?v=YCwghsdOyks
9771cca1-3195-5d5c-b933-a8773d155420,6e1e44c8-15d9-5cfe-9e69-e118180a720a,2,Ke Bin Tere Jeena Nahin,Mithoon,4.25,http://www.youtube.com/watch?v=rWAHL-pHpCA,https://music.youtube.com/watch?v=Cu7RFxRDe40,https://music.youtube.com/watch?v=9X4PKjmUYG4,https://music.youtube.com/watch?v=Lq86bb46qr0
a2dedacb-2021-5f3c-b100-ca383a260f1b,6e1e44c8-15d9-5cfe-9e69-e118180a720a,5,Kyun Hai Sehra Si Koi Pyas Liye,Roop Kumar Rathod,4.0,http://www.youtube.com/watch?v=TmpDOorumpo,https://music.youtube.com/watch?v=mVbDNL0vPUE,https://music.youtube.com/watch?v=TmpDOorumpo,
5b6fa32a-efc8-59c1-91c0-1ba24c49390d,75042230-2ba8-5560-873d-0d5d459814ed,2,Labon Ko Labon Pe Sajao,KK,4.5,http://www.youtube.com/watch?v=XG8XskoJz1I&feature=plcp,https://music.youtube.com/watch?v=-FP2Cmc7zj4,https://music.youtube.com/watch?v=12pMB_mCBOo,https://music.youtube.com/watch?v=0OGguI0uDfE
18b8d9b8-9308-53e7-80e1-21c0fc36956d,75042230-2ba8-5560-873d-0d5d459814ed,7,Mere Dholna Sun Mere Pyar Ki Dhun,"Shreya Ghoshal, M.G. Sreekumar",4.4,http://www.youtube.com/watch?v=BYJmcXkI8a4&feature=plcp,https://music.youtube.com/watch?v=lL0ULDPCqIA,https://music.youtube.com/watch?v=n_ABgnlFIcI,
47041356-6911-5c10-9893-8ccd3d1f3bc0,8c07b0b7-3338-579e-8949-277fb61edbc8,1,Arey Ruk Ja Re Bandeh,Indian Ocean,4.5,https://www.youtube.com/watch?v=YFmmNrSsJGc,https://music.youtube.com/watch?v=ZxEWftSZHgA,https://music.youtube.com/watch?v=-TgOCrnbmyU,
1bc41e4e-3ba9-5482-8145-a093d1a788fe,e4935d8c-fade-5501-afb4-1cf393de79a8,2,Khula Aasman,"Salim Merchant, KK",4.0,https://www.youtube.com/watch?v=Gk2ihGahQt4,https://music.youtube.com/watch?v=knxfFZAa8B0,https://music.youtube.com/watch?v=Gk2ihGahQt4,https://music.youtube.com/watch?v=5f4xX2o5JKc
ab99009d-4740-5682-8df7-1fa72d51042c,0409526c-fc6f-5ce9-ac55-5a194b030bb5,5,Maula Mere Le Le Meri Jaan,"Krishna Beura, Salim Merchant",4.67,https://www.youtube.com/watch?v=BGlZHqGDPF8,https://music.youtube.com/watch?v=90hNT7UYlZA,https://music.youtube.com/watch?v=gBWSRhrgNm4,https://music.youtube.com/watch?v=i_FmOdPF96E
43c3b4df-cc07-5e81-bfa5-f2bb6a4fbf2e,f890c318-e95c-50e4-8cf1-932057e486f4,2,Baatein Hawa Hain,"Shreya Ghoshal, Amitabh Bachchan",4.0,http://www.youtube.com/watch?v=D9-L6rMjspE,https://music.youtube.com/watch?v=9DsRUz84Upw,https://music.youtube.com/watch?v=mYCwgyz9Sjs,https://music.youtube.com/watch?v=cDtNCIvu72k
1cb3fb92-fb28-5a23-8f7a-84c5e74a0c6d,f890c318-e95c-50e4-8cf1-932057e486f4,3,Jaane Do Na,Shreya Ghoshal,4.0,http://www.youtube.com/watch?v=wlfE48UUdHE,https://music.youtube.com/watch?v=88LD0Gn_Fjc,https://music.youtube.com/watch?v=C88O1Wh7E_4,https://music.youtube.com/watch?v=DylNxve93bE
ed20ca01-1510-5df5-9f68-8e208e5f3adf,93f2651c-f5c6-5fb0-af7d-667bf4d4eb53,1,Dilli,Rabbi Shergill,4.0,http://www.youtube.com/watch?v=Bf7w66Tv-nM,https://music.youtube.com/watch?v=Bf7w66Tv-nM,https://music.youtube.com/watch?v=7v0GZgJEbbE,
72efea2c-dca0-5124-a154-7afaaa73ccf1,93f2651c-f5c6-5fb0-af7d-667bf4d4eb53,2,Kitni Der Tak,Sonu Nigam,4.5,https://www.youtube.com/watch?v=J9guWrkTaik,https://music.youtube.com/watch?v=ip7ZzinQA08,https://music.youtube.com/watch?v=LpQUV_ueZeY,
2f287844-852a-57b2-97ab-1c78f5134fc7,93f2651c-f5c6-5fb0-af7d-667bf4d4eb53,6,Tere Bin,Rabbi Shergill,4.0,https://www.youtube.com/watch?v=PZvkvigWb9Y,https://music.youtube.com/watch?v=_trU-Wt9ucI,https://music.youtube.com/watch?v=9qmxTKo84yE,https://music.youtube.com/watch?v=FhAwUiwFjU0
a98ef3aa-b988-57d5-b366-ee337c4fd235,77dd48c0-4c03-5a32-855c-0a052a79d62f,1,Chanda Re (The Moon Song),Hamsika Iyer,4.5,https://www.youtube.com/watch?v=WfVpzRnsDZw,https://music.youtube.com/watch?v=1kSzausJY-8,https://music.youtube.com/watch?v=WfVpzRnsDZw,https://music.youtube.com/watch?v=eqQobOpJ1go
2189aea6-0dd6-5cba-883d-59278e1e7137,555d95c0-e556-5d07-87c7-2105a4f7f4b8,1,Barso Re Megha Megha,"Shreya Ghoshal, Uday Mazumdar",4.0,https://www.youtube.com/watch?v=asw-wTDzGUQ,https://music.youtube.com/watch?v=asw-wTDzGUQ,https://music.youtube.com/watch?v=lVyc2564rDs,https://music.youtube.com/watch?v=ZCkM1wDc880
af034308-3b5c-5e21-b0c5-e7f64a2283c5,555d95c0-e556-5d07-87c7-2105a4f7f4b8,2,Tere Bina,"A.R. Rahman, Chinmayi, Murtuza Khan, Qadir Khan",4.5,https://www.youtube.com/watch?v=9JDSGhhiOwI,https://music.youtube.com/watch?v=Fi3GovijpWA,https://music.youtube.com/watch?v=_mwqXnTEHSc,https://music.youtube.com/watch?v=G8GTk8LuiNY
c20e5d91-f2e8-5e38-8f73-e21da8b5ecb3,555d95c0-e556-5d07-87c7-2105a4f7f4b8,5,Ae Hairat-E-Aashiqi,"Hariharan, Alka Yagnik",4.67,https://www.youtube.com/watch?v=038jmlSH3iM,,,
3e683e98-f05a-58be-858f-5b6e374fe111,555d95c0-e556-5d07-87c7-2105a4f7f4b8,7,Jaage Hain Der Tak,"K.S. Chitra, A.R. Rahman, Madras Chorale Group",4.5,https://www.youtube.com/watch?v=r8vZ3I4b9XU,https://music.youtube.com/watch?v=r8vZ3I4b9XU,https://music.youtube.com/watch?v=QMxDdTw43B4,https://music.youtube.com/watch?v=DSu3yDj5mco
da4ef4e0-cb3b-5fa3-b997-7bfc3e044c11,555d95c0-e556-5d07-87c7-2105a4f7f4b8,8,Shauk Hai,Sowmya Raoh,4.0,http://www.youtube.com/watch?v=k1vAu0c96yY,https://music.youtube.com/watch?v=di347e1PRgY,https://music.youtube.com/watch?v=-F8F6lwFJJE,https://music.youtube.com/watch?v=b_ne9wIVVr0
652a2339-9b3d-5f8a-aeb7-b5657a99b139,1944c760-34cb-59a9-a0f0-676430810917,6,Meri Duniya Tu Hi Re,"Sonu Nigam, Shaan, Shankar Mahadevan",4.0,https://www.youtube.com/watch?v=vCvzc2LSlWw,https://music.youtube.com/watch?v=vCvzc2LSlWw,https://music.youtube.com/watch?v=cJl2LPhzSck,https://music.youtube.com/watch?v=kbqLkWtNTpA
67b9fabf-b8f8-575d-aeea-c8399aa158d9,ea6b189b-b16e-562d-b892-540c65dce7bd,4,Halke Halke,Neeraj Shridhar,4.0,http://www.youtube.com/watch?v=3sMtL16Cxx0&feature=plcp,https://music.youtube.com/watch?v=3WodalD8Aps,https://music.youtube.com/watch?v=3sMtL16Cxx0,https://music.youtube.com/watch?v=kQpPDjvVgQw
f0622e1c-8a7a-5393-8aa3-c194852a465d,54768d5d-07f5-507d-9839-854547da8229,2,Tum Se Hi,Mohit Chauhan,4.75,http://www.youtube.com/watch?v=mt9xg0mmt28&feature=plcp,https://music.youtube.com/watch?v=TSHYWkUQlwI,https://music.youtube.com/watch?v=55HzptaZbfk,
9fb5a365-e009-5d2e-89e6-cefd2a211859,54768d5d-07f5-507d-9839-854547da8229,4,Nagada Nagada Nagada Baja,"Sonu Nigam, Javed Ali",4.0,http://www.youtube.com/watch?v=0gtDICWPTyA&feature=plcp,https://music.youtube.com/watch?v=AbtYVVtJPl4,https://music.youtube.com/watch?v=jc449QDVixM,https://music.youtube.com/watch?v=mS9J-a5W1Xc
ca31508f-b91c-582b-a652-f52d5a64ce50,54768d5d-07f5-507d-9839-854547da8229,5,Aao Meelo Chalen (Hum Jo Chalne Lage),"Shaan, Ustad Sultan Khan",4.0,https://www.youtube.com/watch?v=Mo5tQDcs__g,https://music.youtube.com/watch?v=Mo5tQDcs__g,https://music.youtube.com/watch?v=U0JYkRqU6eY,https://music.youtube.com/watch?v=u7hfwX81bY4
9cd11573-c009-5ab5-9150-7aa138bd46c2,54768d5d-07f5-507d-9839-854547da8229,6,Aaoge Jab Tum O Saajna,Ustad Rashid Khan,4.67,http://www.youtube.com/watch?v=WPwTPhFMm3k&feature=plcp,https://music.youtube.com/watch?v=JlGdhAuNyUc,https://music.youtube.com/watch?v=Pn4DpzggKr4,https://music.youtube.com/watch?v=rF6KhpQx0qo
d0152d28-875e-5e4d-ae3e-65be580c27df,7d625143-d926-5133-9c9c-399a455e3017,4,Bol Na Halke Halke,"Rahat Fateh Ali Khan, Mahalakshmi Iyer",4.6,http://www.youtube.com/watch?v=fvrxBiBScIk&feature=plcp,https://music.youtube.com/watch?v=jXwg9l9D51A,https://music.youtube.com/watch?v=D49nMgP7Vzc,https://music.youtube.com/watch?v=1O42wWcwTnw
89ece0d2-bf77-5a6b-bc4e-29007fb82fd3,5ba22580-555d-5c63-aa04-74b41e213023,2,Saiyyan,Kailash Kher,5.0,https://www.youtube.com/watch?v=TuUVVKVdZm4,https://music.youtube.com/watch?v=QfNYdFk0KFg,https://music.youtube.com/watch?v=pq0c3ECYv3g,
74ef061c-fc7b-5693-a543-ea6a83fc2092,5ba22580-555d-5c63-aa04-74b41e213023,4,Chhap Tilak,Kailash Kher,4.0,https://www.youtube.com/watch?v=3ijA9-xHzPw,https://music.youtube.com/watch?v=0O8lhLtfoEY,https://music.youtube.com/watch?v=-t6nsX2sNdg,https://music.youtube.com/watch?v=kQOGJphGA6Y
509c1753-06c7-58ef-b1ee-e8f29d68dfb0,5ba22580-555d-5c63-aa04-74b41e213023,5,Tere Naina,Kailash Kher,4.5,https://www.youtube.com/watch?v=owv3DV53Ri4,https://music.youtube.com/watch?v=cMxQSipq1Hk,https://music.youtube.com/watch?v=MK1sG-3Oomo,https://music.youtube.com/watch?v=3R-q79a7n98
ef367fad-d565-53ea-b02e-d7efa6eb9f21,5ba22580-555d-5c63-aa04-74b41e213023,8,Yaar Sajan,Kailash Kher,4.0,https://www.youtube.com/watch?v=i0-QnJbOyY8,https://music.youtube.com/watch?v=lIUmgOVTa5U,https://music.youtube.com/watch?v=PHIcwEwKNIQ,https://music.youtube.com/watch?v=yTOn_A78HnQ
2d077491-d8fc-584d-a792-70993031fb20,892a865b-d676-59f0-bca4-aea27a52c078,2,Gudgudee Kar Gayi,Sunidhi Chauhan,4.67,http://www.youtube.com/watch?v=zEfNnFYavB8,https://music.youtube.com/watch?v=zEfNnFYavB8,https://music.youtube.com/watch?v=GG2rXoGhZS0,https://music.youtube.com/watch?v=CY6K-CWCEs4
398a4ca8-73ee-54df-a302-cf7ffb88ba0f,c2e902f6-70ba-5ad4-9e99-439eccc269a1,4,Ik Teekhi Teekhi Si Ladki,"Shreya Ghoshal, KK",4.5,http://www.youtube.com/watch?v=Ts0i_zD3HzQ,https://music.youtube.com/watch?v=0fpzXYyrS3Q,https://music.youtube.com/watch?v=Ts0i_zD3HzQ,https://music.youtube.com/watch?v=u6CTlIdGF8A
157ea6af-6ad5-564a-b59b-75265320c78b,7150784f-aa45-5828-83e9-cb52e334dfb2,1,In Dino,Soham Chakraborty,4.75,https://www.youtube.com/watch?v=1vZxq-OpVXU,https://music.youtube.com/watch?v=tYHrT837H0M,https://music.youtube.com/watch?v=dXFVOkq41us,
73fc3d44-7238-5479-b6be-5b74050e9ffd,7150784f-aa45-5828-83e9-cb52e334dfb2,2,Alvida,KK,4.5,https://www.youtube.com/watch?v=hM9QDpLHhdw,https://music.youtube.com/watch?v=g3wCsN5BsaU,https://music.youtube.com/watch?v=lDbsuTEQ2MM,
1dbc5a52-18b0-5278-8e64-d39c0f4920fa,7150784f-aa45-5828-83e9-cb52e334dfb2,3,O Meri Jaan,KK,4.75,https://www.youtube.com/watch?v=rXVot29Ez6Y,https://music.youtube.com/watch?v=DZz53iaVvbs,https://music.youtube.com/watch?v=eZFxETe-Je0,https://music.youtube.com/watch?v=eB-aGmIUAP8
752c6769-c4fd-5bfd-aa92-db70e6c4c18d,7150784f-aa45-5828-83e9-cb52e334dfb2,4,Rishtey,James,4.0,https://www.youtube.com/watch?v=hNrGBtN4xQs,https://music.youtube.com/watch?v=hNrGBtN4xQs,https://music.youtube.com/watch?v=9m8T5DkfgNk,https://music.youtube.com/watch?v=I4IWXQwQaM0
0abb9746-e380-5869-ad76-fa21ca57e549,7150784f-aa45-5828-83e9-cb52e334dfb2,5,Baatein Kuch Ankahee Si (Unplugged),Suhail Kaul,4.75,https://www.youtube.com/watch?v=KGQxaBSdw9Y,https://music.youtube.com/watch?v=0OkwkWHH2Bg,https://music.youtube.com/watch?v=ZnKoRzZRzGw,https://music.youtube.com/watch?v=KGQxaBSdw9Y
dd9e255d-75d4-5b09-8302-0fcd7b4ada5e,7150784f-aa45-5828-83e9-cb52e334dfb2,7,Alvida (Reprise),James,4.0,https://www.youtube.com/watch?v=dlBX5YKuanI,https://music.youtube.com/watch?v=npSm9KG-d5A,https://music.youtube.com/watch?v=lDbsuTEQ2MM,https://music.youtube.com/watch?v=g3wCsN5BsaU
3f1ad53e-c9a8-5e83-b88e-c710fb727b92,7150784f-aa45-5828-83e9-cb52e334dfb2,8,Baatein Kuch Ankahee Si,Adnan Sami,4.5,https://www.youtube.com/watch?v=jJPZ2QSORoI,https://music.youtube.com/watch?v=jJPZ2QSORoI,https://music.youtube.com/watch?v=9zk5Lu2n4o4,https://music.youtube.com/watch?v=yFPOTgmpQr8
9d70d966-5e4a-57b2-851f-7da947c545cf,7150784f-aa45-5828-83e9-cb52e334dfb2,9,O Meri Jaan (Reprise),Suhail Kaul,4.5,https://www.youtube.com/watch?v=jZi8TI050ec,https://music.youtube.com/watch?v=gRL1GTOdr9U,https://music.youtube.com/watch?v=rXVot29Ez6Y,
3e28bb6f-390f-56c4-acce-da09a0d5c43b,7150784f-aa45-5828-83e9-cb52e334dfb2,11,Baatein Kuch Ankahee Si (Revisited),Suhail Kaul,4.0,https://www.youtube.com/watch?v=N1CXiDynRCs,https://music.youtube.com/watch?v=0OkwkWHH2Bg,https://music.youtube.com/watch?v=ZnKoRzZRzGw,https://music.youtube.com/watch?v=KGQxaBSdw9Y
68f809ae-9d9f-5d8f-96b9-502a77c6da69,e989c4fd-6bf5-53e3-8a13-3959c70782b9,1,Mera Pehla Pehla Pyaar,KK,4.0,http://www.youtube.com/watch?v=i_pd19916CY,https://music.youtube.com/watch?v=OW6LBjKvTpo,https://music.youtube.com/watch?v=ykMRCIecWmw,https://music.youtube.com/watch?v=4_pioLA47AU
e4c9cd43-8a84-56d2-9d32-d593ee63c76b,dfd50a5c-af7c-5a5b-aef9-b4707612bc60,3,Main Jahaan Rahoon,"Rahat Fateh Ali Khan, Krishna Beura",4.0,http://www.youtube.com/watch?v=awqW_Ym91UA&feature=plcp,https://music.youtube.com/watch?v=ZQlH0D_GPiE,https://music.youtube.com/watch?v=pJZiO24nYEc,https://music.youtube.com/watch?v=Hq49zJc_Ezw
32d83137-aa9a-53c0-8869-8c64d67d674b,c8b08fd2-f40e-57b9-9447-d5ab9640c554,1,Ek Din Teri Raahon,Javed Ali,4.0,http://www.youtube.com/watch?v=8Fz2GXx9Qsw,https://music.youtube.com/watch?v=vQchZx9MvJ8,https://music.youtube.com/watch?v=ryL3yNgrWMo,https://music.youtube.com/watch?v=PbpsxVIWtC0
0fdb80a2-f0c3-5853-826d-0c96a4ce447c,fb60fbca-fb50-5894-b240-2a654d8f213b,1,Aankhon Mein Teri Ajab Si Ajab Si Adayen Hain,KK,4.8,http://www.youtube.com/watch?v=2drIKUOCZxU,https://music.youtube.com/watch?v=7KKVb0_IdD4,https://music.youtube.com/watch?v=bdS6OoH1W2A,https://music.youtube.com/watch?v=fgDGvHVoZvs
6457ac29-2e18-5c5b-a8ea-233dfdd3ebe4,fb60fbca-fb50-5894-b240-2a654d8f213b,4,Main Agar Kahoon Tumsa Hasin,"Sonu Nigam, Shreya Ghoshal",4.4,http://www.youtube.com/watch?v=o-Gmhk90JOE,https://music.youtube.com/watch?v=8PEqEh1lnNE,https://music.youtube.com/watch?v=QmjxL1HrUaI,https://music.youtube.com/watch?v=R6KvmB3XI-E
598807d5-77ae-5579-91e7-61f47d35b1d4,fb60fbca-fb50-5894-b240-2a654d8f213b,5,Jag Soona Soona Laage,"Rahat Fateh Ali Khan, Richa Sharma",4.0,http://www.youtube.com/watch?v=5VP-tau_XfU&feature=plcp,https://music.youtube.com/watch?v=4BjGoXdpk2o,https://music.youtube.com/watch?v=sppDNnzDimI,
4982f618-27c2-55fa-a8ba-4d4d52a07db9,fb60fbca-fb50-5894-b240-2a654d8f213b,11,Om Shanti Om (Theme Music),,4.0,https://www.youtube.com/watch?v=gDUoqXH8VQI,https://music.youtube.com/watch?v=hIUbxL06awY,https://music.youtube.com/watch?v=NjEVP05Dvz4,
cb5f6826-dfb0-5380-8087-8fcaf56b50de,e6e82431-974c-59a9-9af5-e5ffb1a34323,4,Thode Badmash,Shreya Ghoshal,4.0,https://www.youtube.com/watch?v=b9yFXYjBtcE,https://music.youtube.com/watch?v=c1pdrz09UnQ,https://music.youtube.com/watch?v=6NagCS_KYuc,
32281b4d-3e22-5ca4-a4fe-fffd73eb227a,285a7677-80d8-5557-a7d5-31cb39e14a3a,6,Ya Rabba,Kailash Kher,5.0,http://www.youtube.com/watch?v=pMFl6R5OqT4&feature=plcp,https://music.youtube.com/watch?v=pMFl6R5OqT4,https://music.youtube.com/watch?v=Px9C5qR_4x4,https://music.youtube.com/watch?v=mR2Ddymicow
42dc2f69-06de-5123-a9bc-7f2bf7003b3a,55ec0a88-8cd0-58cd-9d06-2c3e99f9c421,2,Yeh Aakhri Alvida Na Ho,Strings,4.0,http://www.youtube.com/watch?v=Of8kdYXMEiU,https://music.youtube.com/watch?v=LreJKeDf2cI,https://music.youtube.com/watch?v=C3tg_ZZSgxM,https://music.youtube.com/watch?v=-Vhys8Fm7NA
fdfaf454-f4e0-5772-95d3-7edd3905cb91,757ed8bb-f6c5-56a0-a3c0-311312ff0de8,1,Taare Zamin Par,"Shankar Mahadevan, Dominique Cerejo, Vivienne Pocha",4.75,https://www.youtube.com/watch?v=DSWMEuI-kLc,https://music.youtube.com/watch?v=kaMB6Rw8XzA,https://music.youtube.com/watch?v=U8_MuWSnkCg,https://music.youtube.com/watch?v=AqT8Gp4lctw
368d4c46-1eff-5831-96a9-2f07bc74c070,757ed8bb-f6c5-56a0-a3c0-311312ff0de8,2,Kholo Kholo Darwaze,Raman Mahadevan,4.0,http://www.youtube.com/watch?v=FIaUYKLg5S4&feature=plcp,https://music.youtube.com/watch?v=VNdRK4YC4QA,https://music.youtube.com/watch?v=V6gay5BHQ3E,https://music.youtube.com/watch?v=5r3FZSyDXtU
83a44904-b288-5572-8818-08128b339202,757ed8bb-f6c5-56a0-a3c0-311312ff0de8,5,Maa,Shankar Mahadevan,4.8,http://www.youtube.com/watch?v=pOK08cRwE6c&feature=plcp,https://music.youtube.com/watch?v=oL75W3ubBgQ,https://music.youtube.com/watch?v=3MSHFoAe2nQ,https://music.youtube.com/watch?v=r7RCB3LzFgQ
5a6609b9-ea4c-56ac-9aed-13ae4814cca1,757ed8bb-f6c5-56a0-a3c0-311312ff0de8,7,Mera Jahaan,"Adnan Sami, Auriel Cordo, Ananya Wadkar",4.0,http://www.youtube.com/watch?v=2CPsxgoTgBE&feature=plcp,https://music.youtube.com/watch?v=b3J1waKpCE8,https://music.youtube.com/watch?v=K1dW6lReqB0,
e086e24a-4b7f-5533-aa53-713ca740259e,9e491117-3fd7-5807-b690-432d123ec70b,2,Beete Lamhein,"KK, Kshitij Tarey",4.0,http://www.youtube.com/watch?v=cZ-jTkfvwWY,https://music.youtube.com/watch?v=8pMiuAXNBf8,https://music.youtube.com/watch?v=CrX8lQGmv0A,https://music.youtube.com/watch?v=MO7H073x3RY
fb4b6687-8238-503f-bee4-56fbaba9ef64,fa67138f-125a-584c-9b52-ad33027bca00,1,Ha Raham Mehfuz,"Murtaza, Amit Trivedi, Amitabh Bhattacharya",4.0,http://www.youtube.com/watch?v=eY6uRDNnvKQ,https://music.youtube.com/watch?v=KFoZJIcVnvw,,
37b77110-d930-515d-92cd-e215e0d63ce6,fa67138f-125a-584c-9b52-ad33027bca00,3,Haara,Amit Trivedi,4.0,https://www.youtube.com/watch?v=oneclZPNrmA,https://music.youtube.com/watch?v=oneclZPNrmA,https://music.youtube.com/watch?v=mx236IAj5cM,https://music.youtube.com/watch?v=M_6d7N9DJRc
cd94a147-1155-523c-af02-eb0dcfbd23a0,fa67138f-125a-584c-9b52-ad33027bca00,5,Ek Lau,"Shilpa Rao, Amitabh Bhattacharya",4.5,https://www.youtube.com/watch?v=NDFaqnuKcXY,https://music.youtube.com/watch?v=NDFaqnuKcXY,https://music.youtube.com/watch?v=knUu6ZSDV4I,https://music.youtube.com/watch?v=SO7tSXKDW4c
1f6143a4-a7a6-54ee-b54d-867beac80494,b5bfeb99-1ff6-55a3-a426-e59f4d9e8e52,1,Ishq Ada Hai (Male Version),Rashid Ali,4.0,https://www.youtube.com/watch?v=Xj6cLirHawU,https://music.youtube.com/watch?v=MkzoAjvTZCI,https://music.youtube.com/watch?v=BIbrE1CynFY,https://music.youtube.com/watch?v=6BNfKOUUor4
0c0920f0-89d5-51d4-bbcf-17b82f92af54,b5bfeb99-1ff6-55a3-a426-e59f4d9e8e52,2,Hawa Sun Hawa,"Sonu Nigam, Alka Yagnik",4.0,https://www.youtube.com/watch?v=ciKaaagwZVg,https://music.youtube.com/watch?v=ciKaaagwZVg,https://music.youtube.com/watch?v=Jmjy4DI65h8,https://music.youtube.com/watch?v=VuQldrvBsck
f212995e-cd51-5077-b5c9-3117c7dd7cd2,b5bfeb99-1ff6-55a3-a426-e59f4d9e8e52,5,Meherban (Tu Hai Zaban Main Hoon Bayan),A.R. Rahman,4.0,https://www.youtube.com/watch?v=0iCcZgq8jy4,https://music.youtube.com/watch?v=MKDq0gTx3Xo,https://music.youtube.com/watch?v=ZC7U5od5F9I,
9e33c451-6e5b-5896-9156-f45c408341c6,adea67ae-a179-5850-9b46-d691d39e54b4,1,Khuda Jaane,"Shilpa Rao, KK",4.67,http://www.youtube.com/watch?v=8Om8GqKTSp4&feature=plcp,https://music.youtube.com/watch?v=cmMiyZaSELo,https://music.youtube.com/watch?v=NuSwDRDxBLs,https://music.youtube.com/watch?v=aG7MaqtWxT8
09c5a9ee-1b8e-51cb-be9e-565901a9e521,adea67ae-a179-5850-9b46-d691d39e54b4,3,Aahista Aahista,"Lucky Ali, Shreya Ghoshal",4.67,https://www.youtube.com/watch?v=-m9IGI5EgyM,https://music.youtube.com/watch?v=-m9IGI5EgyM,https://music.youtube.com/watch?v=P0YdL4p7aWc,https://music.youtube.com/watch?v=k7KjZWGleFU
752212be-9da8-5730-910f-1699c7990ba1,7c872f02-c16a-5938-8e74-76aea762641b,1,Charkha,Rahat Fateh Ali Khan,4.0,https://www.youtube.com/watch?v=iSwvnotUMLo,https://music.youtube.com/watch?v=JIfYq2JBxTI,https://music.youtube.com/watch?v=fG8Cmexqk3I,https://music.youtube.com/watch?v=AT3pBzdJXDY
008ca805-2b0d-5a0c-bd92-f106ad6e3bf9,62e88970-452b-5284-8b5b-85fdd31cee1c,3,Soona Soona (The Homecoming),Sonu Nigam,4.0,http://www.youtube.com/watch?v=P-fs4RosjQU,https://music.youtube.com/watch?v=DWPdp5AdAOY,https://music.youtube.com/watch?v=McjR2Z3yq6M,https://music.youtube.com/watch?v=fqLvRebAJew
854365d7-de4c-5b6d-995f-79e95b8791b0,a4d0101f-dfa7-59ef-a1f4-2fe2c34ce9c7,1,Jaane Kyun,Vishal Dadlani,4.0,https://www.youtube.com/watch?v=n0PoVxBMUyE,https://music.youtube.com/watch?v=n0PoVxBMUyE,https://music.youtube.com/watch?v=nYpYzeW8Ci4,https://music.youtube.com/watch?v=jD-thqP7hYc
a5a32212-f622-5b3c-9374-b57adbf5af09,5a7b1247-21a1-565d-98ab-597c9ac73276,2,Mar Jaawan,"Shruti Pathak, Salim Merchant",4.0,http://www.youtube.com/watch?v=aCEztIXLS0w&feature=plcp,https://music.youtube.com/watch?v=YhUAM0oNWB0,https://music.youtube.com/watch?v=SJPo9PRSI2E,https://music.youtube.com/watch?v=aCEztIXLS0w
7775048c-b0ee-5351-9341-cc6342c22fc6,5a7b1247-21a1-565d-98ab-597c9ac73276,3,Kuch Khaas,"Mohit Chauhan, Neha Bhasin",4.0,http://www.youtube.com/watch?v=7LUdf1pPfno&feature=plcp,https://music.youtube.com/watch?v=O7tvHh3MPSs,https://music.youtube.com/watch?v=YgLCRIH3GZk,https://music.youtube.com/watch?v=7LUdf1pPfno
5ebdc1ed-d767-5171-a6ba-b18f76e2ac47,c045ab4d-6910-5ca7-b6f2-8572a16ab1d8,3,Kaise Mujhe Tu Mil Gayi,"Benny Dayal, Shreya Ghoshal",4.67,http://www.youtube.com/watch?v=ndtno2tBGbo&feature=plcp,https://music.youtube.com/watch?v=6NeVceQd6yI,https://music.youtube.com/watch?v=MdhjLM-99lQ,https://music.youtube.com/watch?v=fqdRn8a4Kmg
eb04f95e-a229-5d85-b4f5-a7d9f6aa625e,84959e88-a7b8-576a-a659-201f7d3b5cb8,1,Kabhi Kabhi Aditi Zindagi,Rashid Ali,5.0,http://www.youtube.com/watch?v=HIbzXaBdwZw&feature=plcp,https://music.youtube.com/watch?v=AX7t8ZwroHQ,https://music.youtube.com/watch?v=m-t8VSnThlo,https://music.youtube.com/watch?v=uaazhrh7SgU
bef92853-297a-58c1-86b1-fdc3d0b996cc,84959e88-a7b8-576a-a659-201f7d3b5cb8,4,Nazrein Milaana Nazrein Churaana,"Benny Dayal, Satish Chakravarthy, Sayonara Philips, Darshana, Svetha, Bhargavi, Anupama - I",4.5,http://www.youtube.com/watch?v=PFVwNbhVqkw&feature=plcp,https://music.youtube.com/watch?v=PFVwNbhVqkw,https://music.youtube.com/watch?v=022vasrl_JU,https://music.youtube.com/watch?v=IlAwPHGMTSM
e8eb1a69-d8a2-51a8-9599-bfc865a2f3bc,84959e88-a7b8-576a-a659-201f7d3b5cb8,5,Tu Bole Main Boloon,A.R. Rahman,4.5,http://www.youtube.com/watch?v=BrpDvQpRDmY&feature=plcp,https://music.youtube.com/watch?v=RzgezQh6900,https://music.youtube.com/watch?v=d3ow_Zfy400,https://music.youtube.com/watch?v=zYnpmolkOl8
4de499dd-8da5-500c-9215-01819cb9c2f8,84959e88-a7b8-576a-a659-201f7d3b5cb8,6,Kahin Toh Hogi Woh,"Rashid Ali, Vasundhara Das",4.0,http://www.youtube.com/watch?v=kuWbvNXExes&feature=plcp,https://music.youtube.com/watch?v=hCsY8T0uBGA,https://music.youtube.com/watch?v=HWpZ_rOe_f0,https://music.youtube.com/watch?v=y24Aszuq3Rk
8ba6e901-b53e-576f-b163-c1d634bee2df,5ecc70fd-f9da-5cff-a91f-8fa5f4b8380a,1,Zara Sa,KK,4.0,https://www.youtube.com/watch?v=5IY4BNj0-10,https://music.youtube.com/watch?v=-tjujySf2hk,https://music.youtube.com/watch?v=M4AJTuX9UKY,
ac4b655b-b41f-569a-9edf-801b6a3d7240,5ecc70fd-f9da-5cff-a91f-8fa5f4b8380a,6,Lambi Judai,Richa Sharma,4.0,https://www.youtube.com/watch?v=e0DhOAEUTAs,https://music.youtube.com/watch?v=N-Jzwqlyi9w,https://music.youtube.com/watch?v=hTs6MduZUHM,https://music.youtube.com/watch?v=-OJxEH9wfiY
5d39098b-254d-5d33-b72a-fefffd9f165a,8b35c726-a89f-5889-b2e6-62e6cc950a71,2,Jashn-E-Bahaaraa,Javed Ali,4.0,https://www.youtube.com/watch?v=_ZA0I3tVCZ4,https://music.youtube.com/watch?v=Pqo8o_JcetA,https://music.youtube.com/watch?v=cr4Tz4JEP40,https://music.youtube.com/watch?v=YYq0zm67bH8
5c35ffe5-a9a8-5e48-a0e8-47b8a0dac0aa,8b35c726-a89f-5889-b2e6-62e6cc950a71,3,Khwaja Mere Khwaja,A.R. Rahman,4.4,https://www.youtube.com/watch?v=sMICi5p7d-E,https://music.youtube.com/watch?v=4YbAaRFk70o,https://music.youtube.com/watch?v=Stept9f4-R4,https://music.youtube.com/watch?v=kG4uf0Vp2w4
1fc83c22-62cd-5330-9ff1-e1713e70050c,8b35c726-a89f-5889-b2e6-62e6cc950a71,4,In Lamhon Ke Daaman Mein,"Sonu Nigam, Madhushree",4.0,https://www.youtube.com/watch?v=ADGKQV743e4,https://music.youtube.com/watch?v=iJtVLgLFtOw,https://music.youtube.com/watch?v=vgUlckMkSVg,https://music.youtube.com/watch?v=cHyA_IS5noY
9d974f76-89b7-5312-933f-466bbcc9bf46,15df20a9-01f0-5483-b585-f14d52fc04f5,4,Is This Love (Kahin Naa Laage),"Mohit Chauhan, Shreya Ghoshal",4.0,http://www.youtube.com/watch?v=iVOiyD3R-rU&feature=plcp,https://music.youtube.com/watch?v=589fbH7M1QM,https://music.youtube.com/watch?v=6rdtRN1cyhg,https://music.youtube.com/watch?v=Opxfic-7Meg
fd3d7118-51c4-5ba9-9711-9cf8794e1ecc,e5a3f0ee-3fdf-5348-9aae-3c250fbb5e78,1,Koi Aane Wala Hai,Faisal Kapadia,4.0,https://www.youtube.com/watch?v=5c-k4tOpAhs,https://music.youtube.com/watch?v=5c-k4tOpAhs,https://music.youtube.com/watch?v=OkTuJoMQK9o,https://music.youtube.com/watch?v=j2zH1HoMUL0
6ebf8c5f-4baa-5e19-ae15-26ddf807b8b3,35784589-6703-560b-aeee-2a541c69540f,1,Tujh Mein Rab Dikhta Hai,Roop Kumar Rathod,4.0,http://www.youtube.com/watch?v=qoq8B8ThgEM&feature=plcp,https://music.youtube.com/watch?v=qoq8B8ThgEM,https://music.youtube.com/watch?v=pqffK5EstCY,https://music.youtube.com/watch?v=4morBVpemfE
50cea9ad-7179-5a31-adf7-227443a7a562,35784589-6703-560b-aeee-2a541c69540f,2,Haule Haule,Sukhwinder Singh,4.0,https://www.youtube.com/watch?v=XgdY_s1LsZc,https://music.youtube.com/watch?v=XgdY_s1LsZc,https://music.youtube.com/watch?v=PPvOtJDfGGg,https://music.youtube.com/watch?v=0UmW8GYXK-E
3622feb8-133f-5c92-9845-0488e7554897,bb878ac2-b2cf-50c6-a3e9-feca62f7cc34,3,Pehli Nazar Mein,Atif Aslam,4.5,https://www.youtube.com/watch?v=JBCx0QyP8VQ,https://music.youtube.com/watch?v=6Z1j1y0V6ys,https://music.youtube.com/watch?v=xZBxwHYkHxs,https://music.youtube.com/watch?v=gfiBe5aw40k
80677566-84a8-5c35-bc57-8e0837bfeb36,594e3c3d-ea53-5186-bc94-70695659f233,1,Socha Hai,Farhan Akhtar,4.5,http://www.youtube.com/watch?v=F3O3akbY8UU&feature=plcp,https://music.youtube.com/watch?v=dnXGxMlV-rU,https://music.youtube.com/watch?v=NEtt_omY00k,https://music.youtube.com/watch?v=4iCnPk4ACpo
8592653e-029d-5fef-8df1-eada1a76f5c3,594e3c3d-ea53-5186-bc94-70695659f233,6,Tum Ho Toh,Farhan Akhtar,4.0,http://www.youtube.com/watch?v=I3rQkFFqCiI&feature=plcp,https://music.youtube.com/watch?v=I3rQkFFqCiI,https://music.youtube.com/watch?v=aTyIuVXy2So,https://music.youtube.com/watch?v=31kp_THfh-k
6bb9ff03-74bc-5133-a89c-19fa3c67de5c,594e3c3d-ea53-5186-bc94-70695659f233,7,Sindbad The Sailor,"Farhan Akhtar, Raman Mahadevan",4.5,http://www.youtube.com/watch?v=eY62RfeviuE&feature=plcp,https://music.youtube.com/watch?v=eY62RfeviuE,https://music.youtube.com/watch?v=0atAbzzLQts,https://music.youtube.com/watch?v=x0HzGDBR88g
d2615a77-e135-5fa2-b39f-ae3c78d35511,594e3c3d-ea53-5186-bc94-70695659f233,9,Phir Dekhiye,Caralisa Monteiro,4.0,http://www.youtube.com/watch?v=19k4nsdF3Do,https://music.youtube.com/watch?v=GMIvpiEm-5c,https://music.youtube.com/watch?v=tL28XLIq8YE,https://music.youtube.com/watch?v=nrZGQEnOGog
bdd4461c-e5e0-54a3-baf2-9156593b905b,ad9010c1-0e99-5f21-b205-9b2f8d3da64e,5,Teri Ore,"Rahat Fateh Ali Khan, Shreya Ghoshal",5.0,https://www.youtube.com/watch?v=GLEx6bhPu7s,https://music.youtube.com/watch?v=Ewt8wBdYpdk,https://music.youtube.com/watch?v=fa4l-vJ_5ic,https://music.youtube.com/watch?v=vyxuByYlO_k
42e72a4a-7abd-56bd-b21b-f4220f470a3f,0e5e7eb7-913f-54f9-969f-e55256a8b9a5,3,Sur Mera Kho Gaya,Vasu Dixit,4.0,http://www.youtube.com/watch?v=2xsFYFUjlsE,https://music.youtube.com/watch?v=SwCxW1O3x1U,https://music.youtube.com/watch?v=Zi9SgVRM7T8,
bcd45d56-21d2-5fe6-b6af-02cfa42d28eb,e9f67fb0-d04f-5240-ae68-e45798922aba,9,Tashan Mein,"Vishal Dadlani, Master Saleem",4.0,http://www.youtube.com/watch?v=UUP-uZeV0_w,https://music.youtube.com/watch?v=TYMmuhac6kE,https://music.youtube.com/watch?v=mU92-Mu9_gM,https://music.youtube.com/watch?v=ei1p-k4cAAM
b2c3a406-c9ee-5849-b264-ebc5176cf6d7,af71764d-206d-5a44-a4d0-2495d54a507d,6,U Me Aur Hum (Male),Vishal Bhardwaj,4.0,http://www.youtube.com/watch?v=Dcl4NmBKMpA,https://music.youtube.com/watch?v=Yim91L-usk4,https://music.youtube.com/watch?v=vVIzcZWD_ak,https://music.youtube.com/watch?v=lQn7iZCm1rU
6eeeb475-fb09-5c9c-92f8-9989bea43b38,f898aa0b-4180-574f-b1ec-3e5a15d6ac9c,2,Ek Meetha Marz Dene Aana Tum Yun Hi,"Mohit Chauhan, Madhushree",4.5,http://www.youtube.com/watch?v=cj2kVORApuU&feature=plcp,https://music.youtube.com/watch?v=cj2kVORApuU,https://music.youtube.com/watch?v=P62g9sY2_NQ,https://music.youtube.com/watch?v=5WXdE0fWlfM
1bd7f4b2-0873-5224-ab85-31c9927ac27c,deb892fc-19bc-59f4-b815-291140ae598c,2,Tu Meri Dost Hai,"Benny Dayal, Shreya Ghoshal, A.R. Rahman",4.33,https://www.youtube.com/watch?v=NWdasSZcvHY,https://music.youtube.com/watch?v=CXnYgZQ1i5g,https://music.youtube.com/watch?v=O5zhCBCW9Aw,https://music.youtube.com/watch?v=_64xIDqD8yk
2bc52aaf-ac1f-55f1-9b9d-e19eaa143738,deb892fc-19bc-59f4-b815-291140ae598c,4,Tu Muskura,"Alka Yagnik, Javed Ali",4.67,https://www.youtube.com/watch?v=U0nfYIIT4cU,https://music.youtube.com/watch?v=WwEB_xzViS4,https://music.youtube.com/watch?v=lX-yhaRKRBY,https://music.youtube.com/watch?v=tjZOzmykh9I
6c767482-a363-509a-9a81-287f14d3b261,deb892fc-19bc-59f4-b815-291140ae598c,8,Manmohini Morey,Vijay Prakash,4.0,https://www.youtube.com/watch?v=Yd5JSoV8CtQ,https://music.youtube.com/watch?v=A--GVhJbzkw,https://music.youtube.com/watch?v=0PIF52qEjtQ,https://music.youtube.com/watch?v=Yd5JSoV8CtQ
42a1e69c-141c-5565-b3a5-4a3c89683472,518ca1bd-26b8-52ec-98ed-e57b47ebc998,3,Behti Hawa Sa Tha Woh,"Shaan, Shantanu Moitra",4.5,https://www.youtube.com/watch?v=ewvddSUEONQ,https://music.youtube.com/watch?v=ewvddSUEONQ,https://music.youtube.com/watch?v=3qzos9Xgvng,https://music.youtube.com/watch?v=WDoGJHP46b0
e368ef40-bb27-529c-bd27-ff141313dca8,8e7ec842-646a-5025-87eb-bd395ac8c238,2,Tu Jaane Naa,Atif Aslam,4.5,https://www.youtube.com/watch?v=53l2DkivxJs,https://music.youtube.com/watch?v=FA_J8XwpCaQ,https://music.youtube.com/watch?v=IyulDaKaeSQ,https://music.youtube.com/watch?v=FMi4sishLd0
d9ef1e6a-f6d2-5dbc-9fd7-6f2ec21fe9c7,8e7ec842-646a-5025-87eb-bd395ac8c238,4,Tera Hone Laga Hoon,"Atif Aslam, Alisha Chinai",4.5,https://www.youtube.com/watch?v=useznoRhrWU,https://music.youtube.com/watch?v=oeYgD5w3NQo,https://music.youtube.com/watch?v=rLR37BR88T0,https://music.youtube.com/watch?v=VDy4XbyAWTI
cca0c9e3-4232-528d-903d-4855a18f01ea,8e7ec842-646a-5025-87eb-bd395ac8c238,6,Aa Jao Meri Tamanna,"Javed Ali, Jojo",4.0,https://www.youtube.com/watch?v=-enLn27qpSg,https://music.youtube.com/watch?v=91Ma5GdONeQ,https://music.youtube.com/watch?v=SGFXdO-AjU0,https://music.youtube.com/watch?v=yU_btQYrC00
459bff75-9c06-55ae-9bfd-0479497ea3f4,8e7ec842-646a-5025-87eb-bd395ac8c238,14,Tu Jaane Naa - Unplugged,"Kailash Kher, Paresh Kamath, Naresh Kamath",4.5,https://www.youtube.com/watch?v=uI8ET9RuPaA,https://music.youtube.com/watch?v=m_6JMJsM51E,,
5a57eab5-6b79-54bc-a776-337d789c6bd2,70fcaf4f-c47f-5fef-a530-da4766192bc1,1,Kate Naahi Raat,Ustad Sultan Khan,4.33,https://www.youtube.com/watch?v=SAWvlqsUzNM,https://music.youtube.com/watch?v=0gSnIAU4iAY,https://music.youtube.com/watch?v=edKGMXSaQaw,https://music.youtube.com/watch?v=kn8cRRst4HA
02fd9005-35bd-520e-a706-54fa60486913,4a1eb200-8c32-5b25-ad3a-d51718fc5a77,1,Chaandan Mein (Aaoji),Kailash Kher,4.0,https://www.youtube.com/watch?v=BiY6kdBpLPQ,https://music.youtube.com/watch?v=BiY6kdBpLPQ,https://music.youtube.com/watch?v=WT0wgvi3DN4,https://music.youtube.com/watch?v=3281U9o9J3g
fc5cb852-db8a-597d-9622-fc24a2b07059,bd6c2066-2874-58e6-89f9-8bf1f73e8763,1,Masakali,Mohit Chauhan,4.2,http://www.youtube.com/watch?v=SS3lIQdKP-A&feature=plcp,https://music.youtube.com/watch?v=SS3lIQdKP-A,https://music.youtube.com/watch?v=_7_THupX4vk,https://music.youtube.com/watch?v=D395bK70m3w
3d64601a-f0ca-5ff5-81de-38a1731a8443,bd6c2066-2874-58e6-89f9-8bf1f73e8763,2,Arziyan,"Javed Ali, Kailash Kher",4.83,http://www.youtube.com/watch?v=JA09HEGTzCU&feature=plcp,https://music.youtube.com/watch?v=dXdD1_AGBZg,https://music.youtube.com/watch?v=Thda5BDSRHc,https://music.youtube.com/watch?v=JA09HEGTzCU
6a853b14-282e-5ddc-ae25-7757d73c4e1f,bd6c2066-2874-58e6-89f9-8bf1f73e8763,3,Dilli-6,"Blaaze, Benny Dayal, Tanvi Shah, Vivienne Pocha, Claire",4.0,http://www.youtube.com/watch?v=sPkthMfeWMY&feature=plcp,https://music.youtube.com/watch?v=pjfygHqm8fg,,
6cfb2b3f-9566-58a5-85e9-1d254a7f90fb,bd6c2066-2874-58e6-89f9-8bf1f73e8763,4,Rehna Tu,A.R. Rahman,4.67,http://www.youtube.com/watch?v=ZkcyYqwJq9s&feature=plcp,https://music.youtube.com/watch?v=ZYGyuaEU2aA,https://music.youtube.com/watch?v=6qcWiUMKHGw,https://music.youtube.com/watch?v=HtUjli96rLA
2005de13-a430-53f5-8a0d-418348346f16,bd6c2066-2874-58e6-89f9-8bf1f73e8763,6,Dil Gira Dafatan,Ash King,5.0,http://www.youtube.com/watch?v=5zU4zZpycTo&feature=plcp,https://music.youtube.com/watch?v=5zU4zZpycTo,https://music.youtube.com/watch?v=XLtK_w3jlgE,https://music.youtube.com/watch?v=Nw5pqstBc8w
64f67e76-845d-5e1d-bdf6-58e685565e5c,bd6c2066-2874-58e6-89f9-8bf1f73e8763,7,Genda Phool,Rekha Bhardwaj,4.0,http://www.youtube.com/watch?v=nqydfARGDh4&feature=plcp,https://music.youtube.com/watch?v=nqydfARGDh4,https://music.youtube.com/watch?v=6FO8yl85ujI,https://music.youtube.com/watch?v=3ZXSnAHaBME
2eec2401-ed34-577a-af38-8ad408cea3b1,bd6c2066-2874-58e6-89f9-8bf1f73e8763,8,Bhor Bhaye,"Bade Ghulam Ali Khan, Shreya Ghoshal",4.0,https://www.youtube.com/watch?v=kKu_uHNLJwI,https://music.youtube.com/watch?v=ifKjN8k8xfg,https://music.youtube.com/watch?v=kKu_uHNLJwI,https://music.youtube.com/watch?v=Yi9ZiFXRRGo
f69a4cdf-10e2-5c38-aa8e-dfdd53014ee6,5db2043f-ac54-5d9d-9c73-9778b162d04a,1,Emosanal Attyachar (Brass Band Version),"Band Master Rangeela, Rasila",4.0,http://www.youtube.com/watch?v=Vng5mg0iY0Q&feature=plcp,https://music.youtube.com/watch?v=24t-YFNDJwE,https://music.youtube.com/watch?v=VhbFGFQJkgw,https://music.youtube.com/watch?v=Vng5mg0iY0Q
0b719483-0b62-5602-83fa-e7a1d6964df4,5db2043f-ac54-5d9d-9c73-9778b162d04a,3,Nayan Tarse,Amit Trivedi,5.0,https://www.youtube.com/watch?v=LuW1IdlPEvg,https://music.youtube.com/watch?v=2-JIXxfTtOY,https://music.youtube.com/watch?v=LuW1IdlPEvg,https://music.youtube.com/watch?v=G4muMbjjQ-M
7f60c641-4b35-531a-a7de-16189eb849ec,5db2043f-ac54-5d9d-9c73-9778b162d04a,4,Pardesi,Tochi Raina,4.5,http://www.youtube.com/watch?v=EmxaK0R1YUM&feature=plcp,https://music.youtube.com/watch?v=EmxaK0R1YUM,https://music.youtube.com/watch?v=_gevL-2UOGI,https://music.youtube.com/watch?v=_EeINgJo9Uw
5316d609-8956-59ee-be41-934e72ddc03f,5db2043f-ac54-5d9d-9c73-9778b162d04a,5,Saali Khushi,Amit Trivedi,4.0,http://www.youtube.com/watch?v=MlLBmn4mdZM&feature=plcp,https://music.youtube.com/watch?v=i6z6rCO6VqU,https://music.youtube.com/watch?v=MlLBmn4mdZM,
be9042c8-a748-55e9-9507-b4877597d030,5db2043f-ac54-5d9d-9c73-9778b162d04a,6,Paayaliya,Shruti Pathak,4.0,http://www.youtube.com/watch?v=69ysTYhSet8&feature=plcp,https://music.youtube.com/watch?v=DCGhfbZS3Kc,https://music.youtube.com/watch?v=kftNea0dJQI,https://music.youtube.com/watch?v=69ysTYhSet8
d96334ad-9d05-5d94-ac02-633660e0e1e0,5db2043f-ac54-5d9d-9c73-9778b162d04a,7,Mahi Mennu,Labh Janjua,4.0,http://www.youtube.com/watch?v=5Uhm8NvXSdA&feature=plcp,https://music.youtube.com/watch?v=gWB9Nf1hqh4,https://music.youtube.com/watch?v=puucZdtT-vc,https://music.youtube.com/watch?v=bbzcu6nd08Q
6e1c69b1-18a0-5301-a36a-524dbb1738c6,5db2043f-ac54-5d9d-9c73-9778b162d04a,8,Aankh Micholi,Amit Trivedi,4.5,http://www.youtube.com/watch?v=8CJtBJStgYo&feature=plcp,https://music.youtube.com/watch?v=O_lWRxouHfQ,https://music.youtube.com/watch?v=KQUf0TL9HVg,https://music.youtube.com/watch?v=8CJtBJStgYo
3b79af13-0ed2-50b1-8979-42a87f7cc0d4,5db2043f-ac54-5d9d-9c73-9778b162d04a,9,Yahi Meri Zindagi,Aditi Singh Sharma,4.5,http://www.youtube.com/watch?v=qpYNf1YLXQY&feature=plcp,https://music.youtube.com/watch?v=qpYNf1YLXQY,https://music.youtube.com/watch?v=0LhxBdcKVXk,https://music.youtube.com/watch?v=xT_AwPn7v8s
5f47bcf4-af3f-5e25-b131-1021fdac6850,5db2043f-ac54-5d9d-9c73-9778b162d04a,11,Ek Hulchul Si,Joi Barua,4.0,http://www.youtube.com/watch?v=ctj3R-Zves0&feature=plcp,https://music.youtube.com/watch?v=FeBRH4CiWoY,https://music.youtube.com/watch?v=S4jV-lXIANI,
4684f519-ba14-5a75-bcab-f0c610765270,5db2043f-ac54-5d9d-9c73-9778b162d04a,17,Dev-Chanda Theme 1,,4.0,https://www.youtube.com/watch?v=Ah3kj9Ku2-U,https://music.youtube.com/watch?v=j6sAbV28zs8,https://music.youtube.com/watch?v=Ah3kj9Ku2-U,
eb9fd4a5-b8d5-508b-9ba6-e97cb5383f2a,74fb8601-8ef0-56e1-8314-c05fd807daf6,1,Ranaji,Rekha Bhardwaj,4.0,http://www.youtube.com/watch?v=9Vjj1b_ivDs&feature=plcp,https://music.youtube.com/watch?v=CXK8w98F0wE,https://music.youtube.com/watch?v=9Vjj1b_ivDs,
c18d20ec-5485-5300-9b94-bff997fb1dca,1c3cb325-7ef6-518e-99ee-14252ad01dd8,1,Dhan Te Nan,"Sukhwinder Singh, Vishal Dadlani",4.0,http://www.youtube.com/watch?v=7j7kCrTOC0k&feature=plcp,https://music.youtube.com/watch?v=AKF2whlGnr4,https://music.youtube.com/watch?v=BbHgbd6qWNk,https://music.youtube.com/watch?v=WygQ5qvmx8c
613419bb-409a-5d2a-b470-50c3ed8b8bff,1c3cb325-7ef6-518e-99ee-14252ad01dd8,2,Pehli Baar Mohabbat Ki Hai,Mohit Chauhan,4.5,http://www.youtube.com/watch?v=zhMoztMJPwE&feature=plcp,https://music.youtube.com/watch?v=zhMoztMJPwE,https://music.youtube.com/watch?v=itc-rHSsDj4,https://music.youtube.com/watch?v=1Fadmt12NUU
1b592b8d-d168-57d1-aa21-f67090bedd48,1c3cb325-7ef6-518e-99ee-14252ad01dd8,5,Kaminey,Vishal Bhardwaj,4.67,http://www.youtube.com/watch?v=yj3FvtHDaog&feature=plcp,https://music.youtube.com/watch?v=yj3FvtHDaog,https://music.youtube.com/watch?v=TI0nagn85Do,https://music.youtube.com/watch?v=R2kdQTn7CLI
8b4c4599-da3c-5f98-b4f5-808712db003f,79486b13-5d05-5f8c-bc39-3c905c56cb39,5,Khwab Jo (Khwab Ko Raag De),"Rahat Fateh Ali Khan, Shankar Mahadevan",4.0,http://www.youtube.com/watch?v=C8jKPIR62jA&feature=plcp,https://music.youtube.com/watch?v=C8jKPIR62jA,https://music.youtube.com/watch?v=ShOeYrHeJA0,https://music.youtube.com/watch?v=rnm4QSPZohk
ee0e8751-765f-503a-842d-f515d1f02975,5799b710-3fbb-56a6-85f7-28d241f56932,4,Dooriyan,Mohit Chauhan,4.25,https://www.youtube.com/watch?v=kPtn26x8TZM,https://music.youtube.com/watch?v=kPtn26x8TZM,https://music.youtube.com/watch?v=OiqiOKyeO8A,https://music.youtube.com/watch?v=WnnLiBgzsyM
b0996a10-42ba-53d8-845e-0adf838fa26e,2f865f6c-62df-55fd-aa93-1274de459e81,1,Yeh Zindagi Bhi,"Loy Mendonsa, Shekhar Ravjiani",4.0,http://www.youtube.com/watch?v=0tu5tTbAoRE,https://music.youtube.com/watch?v=0tu5tTbAoRE,https://music.youtube.com/watch?v=FAsiIVEWLxM,https://music.youtube.com/watch?v=_9mgwxcMG1c
93a42079-eeb8-5ec9-a129-300f8d224ee6,2f865f6c-62df-55fd-aa93-1274de459e81,3,Pyar Ki Daastan,"Mahalakshmi Iyer, Amit Paul",4.0,http://www.youtube.com/watch?v=mK7JXY4xb5w&feature=plcp,https://music.youtube.com/watch?v=mK7JXY4xb5w,https://music.youtube.com/watch?v=tifvdxMfM8g,
ab86c0ef-00ad-5f69-a605-c2ed85cdde91,2f865f6c-62df-55fd-aa93-1274de459e81,4,Yeh Aaj Kya Ho Gaya,Sunidhi Chauhan,4.0,http://www.youtube.com/watch?v=a-OmxichW68&feature=plcp,https://music.youtube.com/watch?v=a-OmxichW68,https://music.youtube.com/watch?v=TFelcuD1mrw,https://music.youtube.com/watch?v=MakVrZUXDIo
c6922ad0-cc82-51b1-bb56-e6b9b11f7f99,f716810b-0d2a-5001-9992-40e31b5ea8bd,3,Rabba,Rahat Fateh Ali Khan,4.0,http://www.youtube.com/watch?v=yHL2mbMAcTA&feature=plcp,https://music.youtube.com/watch?v=yHL2mbMAcTA,https://music.youtube.com/watch?v=5afrsoYMbBQ,https://music.youtube.com/watch?v=dAmwT7bWvTA
2a949f4f-415f-5b35-a9a9-4a29e56ab0c0,dc80d17b-1552-5481-a2d9-8636c791c0f9,1,Bhor Bhayo,"Shreya Ghoshal, Joi Barua, Ustad Rashid Khan",4.0,http://www.youtube.com/watch?v=UrVJIxIWa58,https://music.youtube.com/watch?v=fzsGYrujRKY,https://music.youtube.com/watch?v=UrVJIxIWa58,https://music.youtube.com/watch?v=dY9_-EG_zn0
64c3cb7d-090d-5d9d-bdd3-b341df9fa556,7b9a6a3b-75d6-5892-88fd-9ca14c01f07c,2,Jai Ho,"Sukhwinder Singh, Tanvi Shah, Mahalakshmi Iyer, Vijay Prakash",4.0,http://www.youtube.com/watch?v=xwwAVRyNmgQ&feature=plcp,https://music.youtube.com/watch?v=2R3XstG35sE,https://music.youtube.com/watch?v=Pzy4Tk3gVDQ,https://music.youtube.com/watch?v=rDfOXSFzNuM
d80f643d-46c4-5f2d-8033-5dbbb2652237,379e2013-411f-59f9-935b-e3bbe282ad64,1,Tum Mile,Neeraj Shridhar,4.5,https://www.youtube.com/watch?v=odVptmgIcD0,https://music.youtube.com/watch?v=odVptmgIcD0,https://music.youtube.com/watch?v=C0S0PMpNybM,
36aec240-4e96-5e88-9e2e-d149ccebe772,2c36faf0-6f38-5566-b202-167a37f6af16,1,Wake Up Sid!,Shankar Mahadevan,4.0,https://www.youtube.com/watch?v=ezgYup6T5Vw,https://music.youtube.com/watch?v=PsfNVND30I8,https://music.youtube.com/watch?v=mC-rgMX5sO0,
56bcc681-0b0a-590a-8aef-0cd4dffb9e3a,2c36faf0-6f38-5566-b202-167a37f6af16,2,Kya Karoon,Clinton Cerejo,5.0,http://www.youtube.com/watch?v=nHCwoQk8ToA,https://music.youtube.com/watch?v=AGsOTkX7ssM,https://music.youtube.com/watch?v=iBJoOyw-Lls,
78ac9251-373f-5495-a149-71b048c3a98a,2c36faf0-6f38-5566-b202-167a37f6af16,4,Iktara,"Kavita Seth, Amitabh Bhattacharya",4.75,http://www.youtube.com/watch?v=fSS_R91Nimw,https://music.youtube.com/watch?v=1q65CU2JoXg,https://music.youtube.com/watch?v=ZlOZktsODpA,
994cbd35-e4a5-53ed-9b41-fbbd14bbd9c5,2c36faf0-6f38-5566-b202-167a37f6af16,7,Iktara (Male),"Tochi Raina, Amitabh Bhattacharya, Raman Mahadevan",4.0,https://www.youtube.com/watch?v=fTtPg6CSeHk,https://music.youtube.com/watch?v=EYgSirZikfw,https://music.youtube.com/watch?v=StPt0tyAWWY,
31f64cb1-44a6-563f-a22e-cc3271ea3ed5,08caedff-b563-55ca-9db2-5ac0cef97f00,6,Sau Janam,"Udit Narayan, Madhushree, Sohail Sen",4.0,https://www.youtube.com/watch?v=kiahgBsh_Sw,https://music.youtube.com/watch?v=cjWIifDLI40,https://music.youtube.com/watch?v=ygit5OSZH-k,
9d377581-a43c-5cbe-ba7e-37952966c0cc,d8e5004d-32f6-5cbe-aa8d-045e4d706b60,1,Zindagi Se Darte Ho,"Asheem Chakravarty, Rahul Ram, Amit Kilam",4.0,http://www.youtube.com/watch?v=hlvg14dX7Zk,https://music.youtube.com/watch?v=hlvg14dX7Zk,https://music.youtube.com/watch?v=Ha2t2axDbZk,https://music.youtube.com/watch?v=kr5-jQPnRLQ
9259f478-412c-5046-bc3a-991f68780a5f,f2fd26f0-13bd-5e3b-bcb0-9001a88805e4,5,Roshni,Shruti Pathak,4.0,http://www.youtube.com/watch?v=Uc2_CZglIO0,https://music.youtube.com/watch?v=H_7U2hZ1cic,https://music.youtube.com/watch?v=Uc2_CZglIO0,
24911e81-081a-5b03-8e78-2ceac0a11502,870c4a84-6547-5006-ae48-1550c125cebe,1,Suno Aisha,Amit Trivedi,4.5,https://www.youtube.com/watch?v=fAzO3s7Dgnw,https://music.youtube.com/watch?v=fAzO3s7Dgnw,https://music.youtube.com/watch?v=356IP3REotU,https://music.youtube.com/watch?v=isQImNFTL94
04cef708-d9e4-5650-abbe-2be09350efb3,870c4a84-6547-5006-ae48-1550c125cebe,2,Gal Mitthi Mitthi,Tochi Raina,4.5,https://www.youtube.com/watch?v=ZHsKQ_R0ZqI,https://music.youtube.com/watch?v=7oqyfTpHmZE,https://music.youtube.com/watch?v=iKs0WgXjTKI,https://music.youtube.com/watch?v=Sk2RCtiuyH8
a07027db-da5c-5f69-85fd-5a1ceda5fa26,870c4a84-6547-5006-ae48-1550c125cebe,3,Shaam,"Nikhil D'Souza, Amit Trivedi",5.0,http://www.youtube.com/watch?v=kl8T6tsOZJk,https://music.youtube.com/watch?v=vNSwdLu_ieI,https://music.youtube.com/watch?v=VOFm2oB8t98,
1cfe5ed9-002f-5cbe-b478-4f5c416bd618,870c4a84-6547-5006-ae48-1550c125cebe,5,Lehrein,Anusha Mani,4.5,http://www.youtube.com/watch?v=V3jYHfawdY8,https://music.youtube.com/watch?v=uDKyZSDSuUM,https://music.youtube.com/watch?v=k9w7W_UpDyg,
acca820a-a712-5b92-b31f-d1986cf3a26a,335844c1-51cd-579e-96ad-9eed691d01ec,9,Tu Na Jaane Aas Paas Hai Khuda (Unplugged),"Rahat Fateh Ali Khan, Shruti Pathak",4.33,http://www.youtube.com/watch?v=Kz0GIYoq0SE,https://music.youtube.com/watch?v=jAUSF4_ygJg,https://music.youtube.com/watch?v=yDWOp8ur90Q,https://music.youtube.com/watch?v=Wd1tLKPKt0g
38563ed4-fb66-596a-934a-c5dbeed08ddd,246a3d3c-d442-57b5-b076-f951130a7135,1,Adhoore,"Vishal Dadlani, Alyssa Mendonsa",4.0,http://www.youtube.com/watch?v=VQnYp5M2k7M&feature=plcp,https://music.youtube.com/watch?v=_-t-FcK_9mo,https://music.youtube.com/watch?v=BnYokCSJDfw,https://music.youtube.com/watch?v=VQnYp5M2k7M
c413a84a-a6ae-5979-b22a-dec45da2cd37,246a3d3c-d442-57b5-b076-f951130a7135,3,Dhoop Ke Makaan Sa Ye,"Shekhar Ravjiani, Sunidhi Chauhan",4.25,http://www.youtube.com/watch?v=vEi8i-LATnc,https://music.youtube.com/watch?v=vEi8i-LATnc,https://music.youtube.com/watch?v=cW63BbLNnRY,https://music.youtube.com/watch?v=zWDkoAqWePE
44023865-dfa9-5252-a780-bfacdd4d3512,246a3d3c-d442-57b5-b076-f951130a7135,4,Dooriyan Hain Zaroori,"Monica Dogra, Vishal Dadlani",4.33,http://www.youtube.com/watch?v=l_KKRDdd2uE,https://music.youtube.com/watch?v=l_KKRDdd2uE,https://music.youtube.com/watch?v=Qfm61nnFkO0,https://music.youtube.com/watch?v=weDMTtU4re4
6d6ec6f1-dd83-5756-9a08-6bafe30e5940,614aa7bc-8411-5a78-96ab-660e1a6a309f,1,Tere Mast Mast Do Nain (Male),Rahat Fateh Ali Khan,4.0,https://www.youtube.com/watch?v=QWaXpiQwtpI,https://music.youtube.com/watch?v=Mz2yP0A3t4o,https://music.youtube.com/watch?v=KDpV3dDy8ek,https://music.youtube.com/watch?v=_KRJtNIIqLs
58c52798-4ccc-5f9e-a799-6731206ad505,614aa7bc-8411-5a78-96ab-660e1a6a309f,6,Tere Mast Mast Do Nain (Duet),"Rahat Fateh Ali Khan, Shreya Ghoshal",4.33,http://www.youtube.com/watch?v=oyLVu753XJw&feature=plcp,https://music.youtube.com/watch?v=Mz2yP0A3t4o,https://music.youtube.com/watch?v=TLA1kxcWENU,https://music.youtube.com/watch?v=_KRJtNIIqLs
80a46baa-40cd-5366-8112-df796440ec29,80071761-12d1-59fd-b043-ecc1738e3755,2,Tere Bin,Sonu Nigam,4.5,http://www.youtube.com/watch?v=zqQhbs1q4-E,https://music.youtube.com/watch?v=BFWFAo-IGNc,https://music.youtube.com/watch?v=C1mTZQ5_UZE,https://music.youtube.com/watch?v=EhpV0WCSarI
75e19c82-056c-5058-a8b4-31fd8eda862e,2da8f936-d1be-56ea-937b-b755ecb2b5c3,4,Saiba,"Vibhavari Joshi, Francois Castellino, Shail Hada",4.0,http://www.youtube.com/watch?v=xQze-dnIRXY&feature=plcp,https://music.youtube.com/watch?v=U7SdbwosLcA,https://music.youtube.com/watch?v=VXRiYfIQGDU,https://music.youtube.com/watch?v=8mvirsE95rQ
b5ba5e22-e08c-5dd3-b2d1-26c854695498,2da8f936-d1be-56ea-937b-b755ecb2b5c3,8,Chaand Ki Katori,Harshdeep Kaur,4.5,http://www.youtube.com/watch?v=PgiP7yQm3B8&feature=plcp,https://music.youtube.com/watch?v=mKSu2YTyVJc,https://music.youtube.com/watch?v=Uy4PQ1e-yYo,https://music.youtube.com/watch?v=lcnB3m_lxSE
1ffbdcdc-27d2-5346-bd6b-08ee80018b99,87ea2223-2ea3-52f2-98ce-c40d3b871695,4,Bahara,"Shreya Ghoshal, Sona Mohapatra",4.0,http://www.youtube.com/watch?v=7N74i_rAfFE,https://music.youtube.com/watch?v=ge5OxQuGNok,https://music.youtube.com/watch?v=jlDS5uFhX48,https://music.youtube.com/watch?v=IT49gtCgsNY
fe3660c6-5cb1-5240-ba48-d33da5f7dd6c,87ea2223-2ea3-52f2-98ce-c40d3b871695,7,Bahara (Chill Version),Rahat Fateh Ali Khan,4.0,https://www.youtube.com/watch?v=cZzH7nSelBM,https://music.youtube.com/watch?v=l--WYcJ8Axo,https://music.youtube.com/watch?v=wlNG7kBFkjk,https://music.youtube.com/watch?v=ik3gGvRds1Y
2b23827c-f710-58c8-acef-051577863a2a,02ead64a-2900-542b-af17-af12b89bfc36,1,Dil To Bachcha Hai Ji,Rahat Fateh Ali Khan,4.25,https://www.youtube.com/watch?v=_TJZaE0FkKs,https://music.youtube.com/watch?v=_TJZaE0FkKs,https://music.youtube.com/watch?v=hQ3dcgFKPIY,https://music.youtube.com/watch?v=EnA8C4OxFs0
4a49b8bd-3e98-5c5a-9ed8-f5f4a10ac17d,02ead64a-2900-542b-af17-af12b89bfc36,3,Ab Mujhe Koi Intezar Kahan,Rekha Bhardwaj,4.75,https://www.youtube.com/watch?v=Y9oVHgKBEso,https://music.youtube.com/watch?v=Y9oVHgKBEso,https://music.youtube.com/watch?v=XQFiu6AOD1Y,https://music.youtube.com/watch?v=AMqlAyog2Uw
81f5f410-ba4a-569f-a0a8-d11dcf04006b,02ead64a-2900-542b-af17-af12b89bfc36,4,Badi Dheere Jali Raina,Rekha Bhardwaj,4.5,http://www.youtube.com/watch?v=7azfPhiSpPk&feature=plcp,https://music.youtube.com/watch?v=7azfPhiSpPk,https://music.youtube.com/watch?v=2eBaRo9z7Gc,https://music.youtube.com/watch?v=nqvEf7wYtCg
aa9fb919-120e-56e5-a07a-e90c0102553c,c73e0681-1dd2-5f2d-be39-3345a7559521,2,Uff Teri Adaa,"Shankar Mahadevan, Alyssa Mendonsa",4.0,http://www.youtube.com/watch?v=qTsAdjULqwg,https://music.youtube.com/watch?v=qTsAdjULqwg,https://music.youtube.com/watch?v=-rSOvmWRG4Y,https://music.youtube.com/watch?v=1fz7YUEzWZY
a2410cf4-a4e5-5d29-949e-7d0936600987,a1d30742-121f-5223-9376-ce2ae323fdf4,1,Kaare Kaare Badra,"Shankar Mahadevan, Akbar Ali",4.0,https://www.youtube.com/watch?v=1lLsjoEylzg,https://music.youtube.com/watch?v=1lLsjoEylzg,https://music.youtube.com/watch?v=V6l-M8R5WeU,https://music.youtube.com/watch?v=mxDQkvOdxrU
e0e75662-b163-5ce7-bccd-77020683378c,382650ad-cf1c-55fb-91b7-3c5175ece20e,2,Barhaan Dil (Female),Shreya Ghoshal,4.0,https://www.youtube.com/watch?v=uhiH5Kd_3UA,https://music.youtube.com/watch?v=JpsbT3yBD1g,https://music.youtube.com/watch?v=uhiH5Kd_3UA,https://music.youtube.com/watch?v=jb5ayDz8d8c
9e511765-f2e0-5a10-a1d9-f007872cefd5,0712108b-56f2-590b-9ff7-afafe6308cbb,1,Sajdaa,"Rahat Fateh Ali Khan, Shankar Mahadevan, Richa Sharma",4.5,https://www.youtube.com/watch?v=3rPEWcY6Oww,https://music.youtube.com/watch?v=Vl2zhN_CfW0,https://music.youtube.com/watch?v=AQ5qWopu_uU,
b01bfb3e-df13-51f7-b001-8ba7c3975fe1,0712108b-56f2-590b-9ff7-afafe6308cbb,2,Noor E Khuda,"Adnan Sami, Shankar Mahadevan, Shreya Ghoshal",4.5,https://www.youtube.com/watch?v=JJ5r5Z6G2Zo,https://music.youtube.com/watch?v=2pBZQ927u40,https://music.youtube.com/watch?v=sF1K-HEGMP0,https://music.youtube.com/watch?v=lFQiBOSBxzM
251bcf13-0a7f-5aa0-9f30-06b91b9338c9,0712108b-56f2-590b-9ff7-afafe6308cbb,4,Allah Hi Reham,Ustad Rashid Khan,4.5,https://www.youtube.com/watch?v=WgIBgC3a4Vs,https://music.youtube.com/watch?v=hkcxCEairzc,https://music.youtube.com/watch?v=7ymvg4Jc5y0,https://music.youtube.com/watch?v=TBYzaBw5g0U
ab5c0fc6-e459-5750-ac05-1237ea9d04da,0712108b-56f2-590b-9ff7-afafe6308cbb,6,Rang De,"Shankar Mahadevan, Suraj Jagan",4.0,https://www.youtube.com/watch?v=Xit4bgrLASg,https://music.youtube.com/watch?v=Wu9wxgSGj64,https://music.youtube.com/watch?v=W4tEj6thtIM,https://music.youtube.com/watch?v=tV1v2K6xdkQ
ad6ef583-9da8-5923-98de-94bb5d201b1c,c583fdbb-95be-5444-8022-b4530a26dbad,1,Dilli,"Tochi Raina, Shriram Iyer, Aditi Singh Sharma",4.0,http://www.youtube.com/watch?v=u4NKZqnKh5o,https://music.youtube.com/watch?v=4QoMlFn-2l8,https://music.youtube.com/watch?v=hAW-5IWfWL0,
e4821ed9-1bc9-5595-a802-f956543d05ab,7d7cc913-0310-53ff-bba2-e8068dcdfe8b,4,Title Music - Shalimar,,4.0,https://www.youtube.com/watch?v=YUtskD4jujI,https://music.youtube.com/watch?v=YUtskD4jujI,https://music.youtube.com/watch?v=guxrxJHa4Vs,https://music.youtube.com/watch?v=Ync66rLwk7U
ac588987-d6fe-5eb4-a4bd-3c527e2200a9,7d7cc913-0310-53ff-bba2-e8068dcdfe8b,18,Babu's Theme Music - Satte Pe Satta,,4.0,https://www.youtube.com/watch?v=AMu65O98GFk,https://music.youtube.com/watch?v=iwg3Xi6G7e8,https://music.youtube.com/watch?v=7l2WBnWaBWg,https://music.youtube.com/watch?v=YdYdXWro-9w
0f6e5fe1-50b1-5c77-8457-fa3e24f54acc,e0fc0cfa-02ea-561d-8c14-8f283330c19e,5,Aur Phir Yun Hua Raat Ek Khwab Ne Jaga Diya,Vishal Bhardwaj,4.0,http://www.youtube.com/watch?v=uMya9eAMUVo,,,
8eae6219-817c-5765-940a-f69e538cf6a9,aa4758fe-257c-5f38-a4db-b24276e14be4,1,Kahaani Khatam Hai Ya (Aankhon Ke Pardon Pe),"Joi Barua, Neuman Pinto",4.0,http://www.youtube.com/watch?v=mu7pm0QQ3-U&feature=plcp,https://music.youtube.com/watch?v=y6uK5rMGv3w,,
a316184c-86f5-5d82-91d0-0c30a9ffa57e,aa4758fe-257c-5f38-a4db-b24276e14be4,2,Geet Mein Dhalte Lafzon Mein (Kuch Naya To Zaroor Hai),"Amit Trivedi, Amitabh Bhattacharya",4.0,http://www.youtube.com/watch?v=zRd5RCIlAP4&feature=plcp,https://music.youtube.com/watch?v=zRd5RCIlAP4,https://music.youtube.com/watch?v=fklYwRLhYQ0,https://music.youtube.com/watch?v=1PpG2Ac0lwI
2c2b8ef9-fce7-58ea-b32e-b982d932b0e1,aa4758fe-257c-5f38-a4db-b24276e14be4,4,Naav Hai Teri Naav (Naav Chadhti Lehrein Laang Na Paye),K. Mohan,4.5,http://www.youtube.com/watch?v=GDCJZUbjfsM,https://music.youtube.com/watch?v=6RLRUNoTHRY,https://music.youtube.com/watch?v=25cIlHsUlkI,https://music.youtube.com/watch?v=vLJ-jxMEv_g
263e19e4-fb4e-51e2-afe2-be3eccf56158,aa4758fe-257c-5f38-a4db-b24276e14be4,6,Aazaadiyan Pairon Ki Bediyan,"Amit Trivedi, Neuman Pinto, Amitabh Bhattacharya, Nikhil D'Souza",4.0,https://www.youtube.com/watch?v=ugm2SOScEqA,https://music.youtube.com/watch?v=ugm2SOScEqA,,
894c3c75-08c8-57f7-bc79-c711e9e62665,012185ba-8928-53c7-86f7-ae486db2b12c,5,Sun Le Dua Yeh Aasman,Bela Shende,4.0,https://www.youtube.com/watch?v=BDVLBgenRfM,https://music.youtube.com/watch?v=aUk_pbGlgQU,,
bac1614f-2d37-56eb-ac54-3f88f10d19f9,555ca872-2198-5e7d-ac30-404b075bbee0,2,Bekaraan,Vishal Bhardwaj,4.0,https://www.youtube.com/watch?v=UBIXCrDO10w,https://music.youtube.com/watch?v=9av3Sf4USao,https://music.youtube.com/watch?v=IY4zVvv8KBE,https://music.youtube.com/watch?v=gVlynofNceA
6ff12028-48ba-54fb-9a44-84223aca9bcc,555ca872-2198-5e7d-ac30-404b075bbee0,5,Tere Liye,Suresh Wadkar,4.5,https://www.youtube.com/watch?v=cJQKvMUhR9Q,https://music.youtube.com/watch?v=k4OySsLWpOE,https://music.youtube.com/watch?v=dpnIvbEvW3M,https://music.youtube.com/watch?v=jRlVjX-5qqI
cde146cd-653a-5788-bcab-3501faebdfcd,4bfd129d-3cc3-565d-b9cc-4e84c43dd7a5,5,Abhi Mujh Mein Kahin,Sonu Nigam,4.83,http://www.youtube.com/watch?v=7Vj6c9vDrgE,https://music.youtube.com/watch?v=oWKgpB2zpgw,https://music.youtube.com/watch?v=9DqSN6GyNUI,https://music.youtube.com/watch?v=Hvki0kyXTFk
4272ec9d-c5f9-568b-87ee-4790e5da9ff0,628c9c6c-7956-5fb6-ad45-4184ab6f491f,1,Bhaag DK Bose Aandhi Aayi,Ram Sampath,4.0,https://www.youtube.com/watch?v=EyPCm4zX_n8,https://music.youtube.com/watch?v=08gL5qC_zgc,https://music.youtube.com/watch?v=3ICVjtAtBoE,https://music.youtube.com/watch?v=vs1IDdap3X4
42415217-26f0-54c9-8e0a-e28110d50dc4,45d8804e-09e9-592f-ad3e-4dedc517cec9,2,Subha Hone Na De,"Mika Singh, Shefali Alvares",4.0,https://www.youtube.com/watch?v=Y7G-tYRzwYY,https://music.youtube.com/watch?v=Y7G-tYRzwYY,https://music.youtube.com/watch?v=_wMsvhz8YSk,https://music.youtube.com/watch?v=f0XmmvmdvxU
129a907b-1835-5c79-a19d-7a34edcd018e,22d167cf-b607-522c-92e1-84a0fee7dd53,2,Te Amo (Duet),"Ash King, Sunidhi Chauhan",4.0,http://www.youtube.com/watch?v=3N3n23loy24,https://music.youtube.com/watch?v=3N3n23loy24,https://music.youtube.com/watch?v=9Ugw2b7HvVI,https://music.youtube.com/watch?v=XirYMdp3Bzc
860b8f14-4679-5d80-86a9-024f5562286b,22d167cf-b607-522c-92e1-84a0fee7dd53,3,Jiyein Kyun,Papon,4.29,http://www.youtube.com/watch?v=sJW37INWnYk,https://music.youtube.com/watch?v=szdRoROQy_c,https://music.youtube.com/watch?v=jF3QGX3ORU0,https://music.youtube.com/watch?v=iCG9YtPP61k
cf9fb2ad-203a-54c9-b894-c700e74d2524,9a6d4b93-99aa-57aa-9398-98be7f955e4c,1,Ek Main Aur Ek Tu,"Benny Dayal, Anushka Manchanda, Shefali Alvares",4.0,http://www.youtube.com/watch?v=R_a3NAVU9YY,https://music.youtube.com/watch?v=pw59ySNWAjs,https://music.youtube.com/watch?v=jYGMn09YXOs,https://music.youtube.com/watch?v=_LKSL5hSLho
c43bd6d3-8e29-54b1-945a-3a62558f9f9b,9a6d4b93-99aa-57aa-9398-98be7f955e4c,2,Gubbare,"Amit Trivedi, Shilpa Rao, Nikhil D'Souza, Amitabh Bhattacharya",4.5,http://www.youtube.com/watch?v=XanTuIWUEQ0,https://music.youtube.com/watch?v=pOsa_pTV7Co,https://music.youtube.com/watch?v=770qaHuc0t0,https://music.youtube.com/watch?v=_LgRkM_JHYg
0c8a4c15-2c78-574f-8301-04b9d673c607,9a6d4b93-99aa-57aa-9398-98be7f955e4c,4,Aahatein,"Karthik, Shilpa Rao",4.5,http://www.youtube.com/watch?v=uPjafLALZk0,https://music.youtube.com/watch?v=h7GTOEw_JU4,https://music.youtube.com/watch?v=QwC0jnetTvc,https://music.youtube.com/watch?v=Acy50BIc7jo
4158baf0-df8c-5cf9-967f-5cd6629f6b1c,9a6d4b93-99aa-57aa-9398-98be7f955e4c,5,Kar Chalna Shuru Tu,"Vishal Dadlani, Shilpa Rao",4.0,http://www.youtube.com/watch?v=yN_phDXjc00,https://music.youtube.com/watch?v=ZDcS0CGikVE,https://music.youtube.com/watch?v=IYsw1sqIaT4,https://music.youtube.com/watch?v=mjITva5Vfj4
bf9239c4-f68a-5ada-80c3-5d3f4a7cd060,9a6d4b93-99aa-57aa-9398-98be7f955e4c,8,Aahatein (Unplugged),"Shekhar Ravjiani, Shilpa Rao",4.0,https://www.youtube.com/watch?v=j79LyulLRnc,https://music.youtube.com/watch?v=iNT6DFSZI4k,https://music.youtube.com/watch?v=KEMlrByRkNw,https://music.youtube.com/watch?v=Rc8dYBWLqSA
9f043f24-41b8-5fe9-96f7-6cef114f6184,331615b3-123a-5616-8faf-c88d31a7f4b4,1,Baangur,"Mame Khan, Kavita Seth",4.75,https://www.youtube.com/watch?v=seowEbJDGkI,https://music.youtube.com/watch?v=1UdNwPUa5-E,https://music.youtube.com/watch?v=3SltX3QyT0k,https://music.youtube.com/watch?v=k2dRrLn_7sQ
e4e8a3d3-7a46-55b0-bf80-9241506159c9,331615b3-123a-5616-8faf-c88d31a7f4b4,2,Isi Baat Pe (Agar Zindagi),KK,4.5,https://www.youtube.com/watch?v=1xdcRsQ8DrY,https://music.youtube.com/watch?v=xwhwgHb_o1w,https://music.youtube.com/watch?v=MnUAjI-DdHE,https://music.youtube.com/watch?v=1xdcRsQ8DrY
2d63e865-2f01-57a0-a84e-868b53177cd5,0ede3cc9-09ec-5bb4-a674-7c8654249f7f,3,Sheet Leher - I,Shreya Ghoshal,4.0,http://www.youtube.com/watch?v=HVZM1WOsKbQ,https://music.youtube.com/watch?v=r13CVtEcbn8,https://music.youtube.com/watch?v=VZ0jQ9PrCRM,
3ba64012-8ec5-5c1f-bb17-ce9f2ad50b12,26b693be-d0d2-575f-b9b7-490b8ca90683,4,Phir Mohabbat Karne Chala Hai Tu,"Mohd. Irfan, Saim Bhat, Arijit Singh",4.25,http://www.youtube.com/watch?v=TK7nSgwGSAQ,https://music.youtube.com/watch?v=m1rcse8INWk,https://music.youtube.com/watch?v=12KGtUu4xhg,
2451f9b7-0812-5b17-91f6-0c7182820591,69d48993-3bb5-5a2d-91c2-7af8607bed1f,5,Tu Taare Se Toota Hai,Sunidhi Chauhan,4.0,http://www.youtube.com/watch?v=6uvDyK0DKAA,,,
76a4cbe0-4e7c-5e3b-9dd0-564ec521ffe4,3f0f95ae-c504-5349-a3ef-39098cc830dc,2,Kyun Main Jaagoon,Shafqat Amanat Ali,4.0,https://www.youtube.com/watch?v=Undb27VLc1k,https://music.youtube.com/watch?v=ZTwWSsHHHEo,https://music.youtube.com/watch?v=CecBiiZrWk0,https://music.youtube.com/watch?v=nKs3NPNwFWk
a8e47d85-390e-53ae-8ec4-7b4092a35e17,3f0f95ae-c504-5349-a3ef-39098cc830dc,4,Aadat Hai Woh,Vishal Dadlani,4.0,http://www.youtube.com/watch?v=OCH4PapdLwg,https://music.youtube.com/watch?v=OCH4PapdLwg,https://music.youtube.com/watch?v=OU9NeCtsQ-8,https://music.youtube.com/watch?v=_fPuqbe6yIA
bc3cba16-61bc-5208-8ec2-0c5dce6d0a0f,128a854f-fb0c-5a81-a299-f3b0a19ddade,1,Chhammak Chhallo (Film Version),"Akon, Hamsika Iyer",4.0,http://www.youtube.com/watch?v=M4EZHGFK-1c,https://music.youtube.com/watch?v=oAVhUAaVCVQ,https://music.youtube.com/watch?v=Y943FiZ-Uqw,https://music.youtube.com/watch?v=r2CkpjFJGY4
13db13d6-aa12-5f4f-a742-239a464c9cca,128a854f-fb0c-5a81-a299-f3b0a19ddade,2,Dildaara (Stand By Me),Shafqat Amanat Ali,4.0,http://www.youtube.com/watch?v=OA7yVcqlX_Y,https://music.youtube.com/watch?v=DGgz_C2rn68,,
6f4e90f2-c436-5baf-8929-f428be59ae79,128a854f-fb0c-5a81-a299-f3b0a19ddade,4,Bhare Naina,Nandini Srikar,4.5,http://www.youtube.com/watch?v=lHC1xPUgP5Q,https://music.youtube.com/watch?v=g3P4a0polMY,https://music.youtube.com/watch?v=ATvpdzbqBJs,https://music.youtube.com/watch?v=DNO89U5681Q
e36cda20-ab70-573d-b20f-15670b8ae9a4,96d4ab28-bcf5-5e10-98c6-08b78b45ab35,1,Phir Se Ud Chala,Mohit Chauhan,4.75,http://www.youtube.com/watch?v=2mWaqsC3U7k,https://music.youtube.com/watch?v=vlofctv8DhY,https://music.youtube.com/watch?v=N33RIndesB4,https://music.youtube.com/watch?v=zeP1urTYFlE
56f193ca-2f8c-5104-a46d-218fb8807baf,96d4ab28-bcf5-5e10-98c6-08b78b45ab35,2,Jo Bhi Main Kahna Chahoon,Mohit Chauhan,4.67,http://www.youtube.com/watch?v=d7S_gG48dVM,https://music.youtube.com/watch?v=_kOzFMR9Hys,https://music.youtube.com/watch?v=FS7fbMl-h10,https://music.youtube.com/watch?v=LMlg-1ljyEM
f8be8151-7665-5c01-bd9a-1480f8023b1e,96d4ab28-bcf5-5e10-98c6-08b78b45ab35,4,Kun Faya Kun,"A.R. Rahman, Javed Ali, Mohit Chauhan",4.86,http://www.youtube.com/watch?v=T94PHkuydcw,https://music.youtube.com/watch?v=_fmA1RoHbzA,https://music.youtube.com/watch?v=JRtxglJGupY,https://music.youtube.com/watch?v=vpvwonVFwGY
89b2d6e5-909b-5f48-ac25-29e7f79cb37f,96d4ab28-bcf5-5e10-98c6-08b78b45ab35,7,Aur Ho,Mohit Chauhan,4.0,http://www.youtube.com/watch?v=w7lNCCSFowk,https://music.youtube.com/watch?v=Tw8iApinXoU,https://music.youtube.com/watch?v=w7lNCCSFowk,https://music.youtube.com/watch?v=PQ8ByIMTbd8
29e4d7ec-b823-534e-a02c-1eab03d00fc0,96d4ab28-bcf5-5e10-98c6-08b78b45ab35,9,Tum Ko Pa Hi Liya Maine Yun,Kavita Subramaniam,4.6,https://www.youtube.com/watch?v=VqFn3FvVjk4,https://music.youtube.com/watch?v=72zKTf8NoMc,https://music.youtube.com/watch?v=33L88rOkOZk,
c7537188-81f0-5751-a8e4-be5f868dcb6e,96d4ab28-bcf5-5e10-98c6-08b78b45ab35,11,Nadaan Parinde Ghar Aaja,"A.R. Rahman, Mohit Chauhan",5.0,http://www.youtube.com/watch?v=ttIKsnxPrMY,https://music.youtube.com/watch?v=waHJsPu_fmU,https://music.youtube.com/watch?v=HVyqSG-0kl8,
de1837d8-16ba-5e3d-987e-a21fbd92af57,96d4ab28-bcf5-5e10-98c6-08b78b45ab35,12,Tum Ho Paas Mere,"Mohit Chauhan, Suzanne D'Mello",5.0,http://www.youtube.com/watch?v=VqFn3FvVjk4,https://music.youtube.com/watch?v=AqVIQ9ymvM8,,
e653fe92-3154-5940-92f1-eefce7786052,96d4ab28-bcf5-5e10-98c6-08b78b45ab35,13,Sadda Haq Aithe Rakh,Mohit Chauhan,4.33,http://www.youtube.com/watch?v=p9DQINKZxWE,https://music.youtube.com/watch?v=QTQVG5rSMkQ,https://music.youtube.com/watch?v=y47Bg9RP2dM,
0b350aa2-ab20-5b11-b8a8-f7de91e1c686,b8290927-a449-5fab-9c77-3d49165700d6,15,Khoya Khoya Chand (The Bartender Mix),Suman Sridhar,4.0,http://www.youtube.com/watch?v=E0JzJbXd7xY,https://music.youtube.com/watch?v=CzxBTCT2Wsc,https://music.youtube.com/watch?v=_Vcd9PDsdIs,https://music.youtube.com/watch?v=CPy7MfZA8Pc
dd2d8eed-bd84-54ed-8c57-e622e06933a4,ace9ee49-2c47-557d-891c-90fadac89e2b,1,Saibo,"Shreya Ghoshal, Tochi Raina",4.0,https://www.youtube.com/watch?v=GtNrQy90Ih4,https://music.youtube.com/watch?v=JeiZTnRfrbM,https://music.youtube.com/watch?v=9Bmh6vaQt0s,https://music.youtube.com/watch?v=MzwcxN6Y7jE
2b5884fc-7cf4-5657-9ab0-8855742ca580,227e940c-3f6d-5990-bd99-e11b799e4b17,2,Saathiyaa Saathiyaa (Badmash Dil To Thug Hai Bada),"Shreya Ghoshal, Ajay Gogavale",4.0,http://www.youtube.com/watch?v=8dyweyma2Ec,https://music.youtube.com/watch?v=t6t3i8SBbIM,https://music.youtube.com/watch?v=M_Ismxt7AE8,https://music.youtube.com/watch?v=hTJvz8EFtvo
bd4e2f3c-050d-5828-9fbd-941c9a35a7a9,1edd8eca-85e0-57e2-8bbe-8c026532e83c,3,Dekho Ik Nanhi Si Jaan,Shankar Mahadevan,4.0,https://www.youtube.com/watch?v=bzJXmRFa2yQ,https://music.youtube.com/watch?v=bzJXmRFa2yQ,https://music.youtube.com/watch?v=3uedCJu18qM,
714296cb-af8a-50d2-a6cd-921b07d065cf,86144a4b-7469-594f-a6e4-0f348a34f925,2,Yun Hi (Kitne Dafe Dil Ne Kaha),Mohit Chauhan,4.33,http://www.youtube.com/watch?v=hKEEbtMkKms,https://music.youtube.com/watch?v=iwdPbQwZujY,https://music.youtube.com/watch?v=Rjpl5Z0Jq1c,https://music.youtube.com/watch?v=qDv--yMRanY
f25c8473-8745-5c16-9fe9-473be6dcc475,86144a4b-7469-594f-a6e4-0f348a34f925,3,Piya Na Rahe Man Basiya,Roop Kumar Rathod,4.0,http://www.youtube.com/watch?v=R73I6rhmZl8,https://music.youtube.com/watch?v=ltz9fb_O62Y,https://music.youtube.com/watch?v=23upQL70zLg,
4f9b8eeb-bb5e-5346-8281-404cc30135bf,86144a4b-7469-594f-a6e4-0f348a34f925,4,Ae Rangrez Mere (Wadali Brothers),"Puranchand Wadali, Pyare Lal Wadali",4.0,http://www.youtube.com/watch?v=DwhUGiKZVVU,https://music.youtube.com/watch?v=PFCkigXa1tc,https://music.youtube.com/watch?v=TMn9TzaFhb8,https://music.youtube.com/watch?v=lquiH7y-ZKQ
280d4edd-5088-54cf-b5a6-267a54db8055,d5ac5237-d3a4-5984-9801-f355d4d19c84,5,Kaise Kahein Alvida,Javed Ali,4.0,http://www.youtube.com/watch?v=dJKpWtY8UUM,https://music.youtube.com/watch?v=Ae4ZAR1E0_k,https://music.youtube.com/watch?v=hQRuFPI6L-c,https://music.youtube.com/watch?v=dJKpWtY8UUM
4cee933b-f464-5262-b733-31d25d84b684,544f7218-916c-5b96-a5bc-c22e4ee95dd6,2,Ik Junoon Ik Deewangi (Paint It Red),Vishal Dadlani,4.0,http://www.youtube.com/watch?v=5PbWtDGOL8A,https://music.youtube.com/watch?v=cB1jxbgf-Qs,https://music.youtube.com/watch?v=YEvwojpAyto,
69da175e-61ac-5cf5-9535-8cfdb47e39c5,544f7218-916c-5b96-a5bc-c22e4ee95dd6,3,Khaabon Ke Parinde,"Alyssa Mendonsa, Mohit Chauhan",4.0,http://www.youtube.com/watch?v=R0XjwtP_iTY,https://music.youtube.com/watch?v=4g0QivOeup0,https://music.youtube.com/watch?v=kSRfhKWmiwQ,
7fdd25c5-ad1b-55fa-a0c5-8c84865bb1ac,544f7218-916c-5b96-a5bc-c22e4ee95dd6,4,Senorita,"Farhan Akhtar, Hrithik Roshan, Abhay Deol",4.0,https://www.youtube.com/watch?v=PuhOFhmy3BU,https://music.youtube.com/watch?v=gjEl0_-OFW4,https://music.youtube.com/watch?v=BApMRx_H6aw,
dd003519-f373-57e3-b996-5b8055d58310,544f7218-916c-5b96-a5bc-c22e4ee95dd6,5,Der Lagi Lekin,Shankar Mahadevan,4.0,http://www.youtube.com/watch?v=TSOpvMfAmns,https://music.youtube.com/watch?v=eDD1fK5eOjM,https://music.youtube.com/watch?v=1maBkyzY7IA,
4cbccc25-a2ba-57ab-b231-1d5621f1ef1e,dd1c8853-59a5-5875-a523-220c40b11f00,2,Ae Khuda Ae Khuda Jab Bana Uska Hi Bana,Arijit Singh,4.2,http://www.youtube.com/watch?v=NE4d86SFw6I,https://music.youtube.com/watch?v=hmsebjbRb1k,https://music.youtube.com/watch?v=gMKVbeXhSG8,https://music.youtube.com/watch?v=sqkX-SBixss
59064850-ab41-5f4b-8ce4-06673278f782,dd1c8853-59a5-5875-a523-220c40b11f00,5,Majboor Tu Bhi Kahin,Amit Mishra,4.0,http://www.youtube.com/watch?v=SY37qwaWajM,https://music.youtube.com/watch?v=0uTp-5WwRok,https://music.youtube.com/watch?v=mT2Dv4Df3r8,https://music.youtube.com/watch?v=RQKSe3GixDA
25e1e2d4-6c13-50ca-a66b-7627efd61db3,f2181c48-3b68-5296-b571-bcb6726035c9,3,Raabta (Siyaah Raatein),"Hamsika Iyer, Arijit Singh, Joi Barua",4.2,https://www.youtube.com/watch?v=tbXNVm8CXxg,https://music.youtube.com/watch?v=tbXNVm8CXxg,https://music.youtube.com/watch?v=YhXzvVdGCXU,https://music.youtube.com/watch?v=piUHBTXsoiY
1c1acb46-6d4d-5e61-92f0-cea53495d895,f2181c48-3b68-5296-b571-bcb6726035c9,7,Raabta (Night In A Motel),"Aditi Singh Sharma, Arijit Singh",4.4,https://www.youtube.com/watch?v=-d9nvq3402M,https://music.youtube.com/watch?v=46gZlFryb74,https://music.youtube.com/watch?v=piUHBTXsoiY,https://music.youtube.com/watch?v=tbXNVm8CXxg
170714cc-da9c-5db6-8816-ab4d120daef1,f2181c48-3b68-5296-b571-bcb6726035c9,9,Raabta,Arijit Singh,4.25,http://www.youtube.com/watch?v=zlt38OOqwDc,https://music.youtube.com/watch?v=CvK5-oImwVA,https://music.youtube.com/watch?v=UANRmXmd22A,https://music.youtube.com/watch?v=eeCRmBIEe0I
4c6eb002-c673-5cb3-a683-8f4e758b69d1,f2181c48-3b68-5296-b571-bcb6726035c9,11,Raabta (Kehte Hain Khuda Ne),"Shreya Ghoshal, Arijit Singh",4.33,https://www.youtube.com/watch?v=aVPwXQgY2QI,https://music.youtube.com/watch?v=iYy9kr45d1o,https://music.youtube.com/watch?v=aVPwXQgY2QI,https://music.youtube.com/watch?v=Sqbeoe5UEOM
c5b1a571-e137-513b-b054-9ccc5cabb485,1eb0196d-cb61-55ff-b92b-9906da31567d,4,Mahek Bhi,Shreya Ghoshal,4.33,http://www.youtube.com/watch?v=aqaI2UEG-ZI,https://music.youtube.com/watch?v=aqaI2UEG-ZI,https://music.youtube.com/watch?v=wHhPR9eyfkQ,https://music.youtube.com/watch?v=JFkXKprOtiM
a499c639-35d3-5f25-8a5f-a9c9925dd651,994cf329-f03c-5fde-99fd-336f56da87b3,5,Samay,"Hemant Brijwasi, Shekhar Ravjiani",4.0,http://www.youtube.com/watch?v=8GNgnD7Z89E,https://music.youtube.com/watch?v=eT26FDYll9c,https://music.youtube.com/watch?v=8GNgnD7Z89E,https://music.youtube.com/watch?v=25wTeUI5DgM
5241f159-c22d-599b-a99c-612f16a5f40f,38434780-3b20-5367-ad22-957942c82700,1,Main Kya Karoon,Nikhil Paul George,4.8,https://www.youtube.com/watch?v=5q_Ms8QKta0,https://music.youtube.com/watch?v=wqQ6BF50AT4,https://music.youtube.com/watch?v=BDTee709trU,https://music.youtube.com/watch?v=6soTyIYh1O0
4a67431b-eb9a-53d3-a153-adb171efd4b3,38434780-3b20-5367-ad22-957942c82700,2,Phir Le Aaya Dil (Reprise),Arijit Singh,4.88,https://www.youtube.com/watch?v=XT_ANSoov00,https://music.youtube.com/watch?v=yr5Z9dODllI,https://music.youtube.com/watch?v=52JWeiQ8ENw,https://music.youtube.com/watch?v=RwZkeSihoGg
da1d5761-2aa8-55f8-b0f5-2f25a31ee83e,38434780-3b20-5367-ad22-957942c82700,3,Aashiyan (Solo),Nikhil Paul George,4.67,https://www.youtube.com/watch?v=FlY2YplRQMM,https://music.youtube.com/watch?v=PTOmEY7-O9g,https://music.youtube.com/watch?v=WxXbLnBq0n0,
5699b2ba-f803-5b86-998c-b1824bd33268,38434780-3b20-5367-ad22-957942c82700,4,Kyun,"Papon, Sunidhi Chauhan",4.86,https://www.youtube.com/watch?v=Rq7tyOcVgLQ,https://music.youtube.com/watch?v=I8IGukb5qao,,
22b9f321-ab11-5733-9ce1-c9d21d3d7482,38434780-3b20-5367-ad22-957942c82700,5,Ala Barfi,Mohit Chauhan,4.17,https://www.youtube.com/watch?v=1YDULSDalig,https://music.youtube.com/watch?v=_oyI0C2kBRc,https://music.youtube.com/watch?v=bGXRAjWbsAQ,https://music.youtube.com/watch?v=pLCuKHVwPis
f5ae1f84-d4d7-58cc-8f6d-d8ab36fc8170,38434780-3b20-5367-ad22-957942c82700,6,Phir Le Aaya Dil,Rekha Bhardwaj,4.0,https://www.youtube.com/watch?v=wJfex3METxs,https://music.youtube.com/watch?v=2AO2Utn2eoU,https://music.youtube.com/watch?v=Gs2riblDG5A,https://music.youtube.com/watch?v=RJw9VefxW8o
3439a711-611f-5ca3-a020-af45a9dde58b,38434780-3b20-5367-ad22-957942c82700,7,Saawali Si Raat,Arijit Singh,4.25,https://www.youtube.com/watch?v=eSiFi0n-u8w,https://music.youtube.com/watch?v=ux5ZYkgY8UU,https://music.youtube.com/watch?v=wH_PMkcGoNs,https://music.youtube.com/watch?v=1GLgFSn6ZAA
a1d6def3-4d49-500c-995a-892d38db1f00,38434780-3b20-5367-ad22-957942c82700,8,Aashiyan (Duet),"Shreya Ghoshal, Nikhil Paul George",4.2,https://www.youtube.com/watch?v=OuNGySNJjWg,https://music.youtube.com/watch?v=WxXbLnBq0n0,https://music.youtube.com/watch?v=PTOmEY7-O9g,https://music.youtube.com/watch?v=4RBIwnM0ulk
aba14b6f-2208-5310-b880-98433c109e86,38434780-3b20-5367-ad22-957942c82700,9,Phir Le Aaya Dil (Redux),Shafqat Amanat Ali,4.33,https://www.youtube.com/watch?v=pOnW2HytGEY,https://music.youtube.com/watch?v=Gqy01K0wQ_k,https://music.youtube.com/watch?v=tSyPZw4MY3M,https://music.youtube.com/watch?v=ppSbDd0NjLE
c70f73b4-9e2a-5748-8f2f-b1bb6e6cfcb1,38434780-3b20-5367-ad22-957942c82700,10,Ala Barfi (Kaju Barfi),Swanand Kirkire,4.2,https://www.youtube.com/watch?v=pLCuKHVwPis,https://music.youtube.com/watch?v=pLCuKHVwPis,https://music.youtube.com/watch?v=bGXRAjWbsAQ,https://music.youtube.com/watch?v=Rb96y5kiWaM
e043db0a-fa74-5720-8d33-9ac493e2c5a7,4add4d6b-68bc-5886-9392-ee06e4a084eb,1,Bolo Na,Shankar Mahadevan,4.33,http://www.youtube.com/watch?v=9kDQi-Mwkqk,https://music.youtube.com/watch?v=E0Qbp9J88iE,https://music.youtube.com/watch?v=BG_9-7xJuKQ,https://music.youtube.com/watch?v=aRlAyzHCAzA
0ccc859e-4a85-59e5-b41f-c9d1f78d88eb,4add4d6b-68bc-5886-9392-ee06e4a084eb,2,Bechain Sapne,"Abhijeet Sawant, Mahalakshmi Iyer",4.0,http://www.youtube.com/watch?v=dU-UH1COZSw,https://music.youtube.com/watch?v=rybAcHGhw5Y,https://music.youtube.com/watch?v=dU-UH1COZSw,
e9486d02-9f2c-552d-8703-70550ad49e06,4add4d6b-68bc-5886-9392-ee06e4a084eb,3,Jeene Ki Wajah,"Mani Mahadevan, Kshitij Wagh, Raman Mahadevan, Pooja Gopalan, Aarti Sinha, Shreekumar Vakkiyil",4.0,https://www.youtube.com/watch?v=cGZqP-aw7cY,https://music.youtube.com/watch?v=cGZqP-aw7cY,https://music.youtube.com/watch?v=JIJqug-BlGE,
90cf4ace-090e-549c-8e1c-508f3aca3e8b,4add4d6b-68bc-5886-9392-ee06e4a084eb,4,Ishan,Bedabrata Pain,4.0,http://www.youtube.com/watch?v=oKMeZgzu6Ik,https://music.youtube.com/watch?v=ILZSm9DsGt4,https://music.youtube.com/watch?v=oKMeZgzu6Ik,
732459f3-7d76-5398-97a0-2313736cae40,0d31a5de-292a-5a8a-ad30-ec569423add9,1,Tum Hi Ho Bandhu,"Neeraj Shridhar, Kavita Seth",4.2,http://www.youtube.com/watch?v=o1RducJbUdc,https://music.youtube.com/watch?v=K7aKsjuwoo8,https://music.youtube.com/watch?v=W8OoagONXmg,https://music.youtube.com/watch?v=o1RducJbUdc
9d2bdfe7-9233-59bc-b388-4a151278bde6,0d31a5de-292a-5a8a-ad30-ec569423add9,3,Yaariyaan,"K. Mohan, Shilpa Rao",4.4,http://www.youtube.com/watch?v=RIGTU4yWLd0,https://music.youtube.com/watch?v=RIGTU4yWLd0,https://music.youtube.com/watch?v=wjX57G5qATE,https://music.youtube.com/watch?v=qob6noqcSzg
aafb13dc-d3cd-5f69-ac8c-cc507336b3bd,0d31a5de-292a-5a8a-ad30-ec569423add9,5,Tera Naam Japdi Phiraan,Javed Bashir,4.0,http://www.youtube.com/watch?v=0w9YHhMmd5c,https://music.youtube.com/watch?v=r0oCLOQBvj4,https://music.youtube.com/watch?v=S8FL4yfRdEg,https://music.youtube.com/watch?v=mkJATeTIc24
3f007e0c-b2d6-55cd-96c7-c85216e2df42,0d31a5de-292a-5a8a-ad30-ec569423add9,6,Luttna (Saif Ul Malook),"Masuma Anwar, Sahir Ali Bagga, Anupam Amod",4.0,http://www.youtube.com/watch?v=80ygnCWU0fk,https://music.youtube.com/watch?v=w1mpLew2JiQ,https://music.youtube.com/watch?v=65uZAQCnlVw,https://music.youtube.com/watch?v=avfwuZ8lWpU
982f749b-d85c-5b8d-b22f-a4e2ef624328,0d31a5de-292a-5a8a-ad30-ec569423add9,7,Jugni,"Arif Lohar, Harshdeep Kaur",4.25,http://www.youtube.com/watch?v=x_NoA_Fp2Rc,https://music.youtube.com/watch?v=sow2Eas4Bng,https://music.youtube.com/watch?v=szrRgbjDSMs,https://music.youtube.com/watch?v=wLuiUzxcn4M
1deac7f7-6343-5785-a289-f5fdff081abb,0d31a5de-292a-5a8a-ad30-ec569423add9,9,Yaariyaan (Reprise),"Sunidhi Chauhan, Arijit Singh",4.2,http://www.youtube.com/watch?v=qxB3pV3-nV4,https://music.youtube.com/watch?v=qxB3pV3-nV4,https://music.youtube.com/watch?v=yc7Rab5eAHU,https://music.youtube.com/watch?v=3EG-C8KJwds
ce89227b-cdda-542f-a1b3-abd8a54f5846,77855ca3-54f1-5d8f-a197-6e07d488767a,4,Madari,"Vishal Dadlani, Sonu Kakkar",4.5,http://www.youtube.com/watch?v=L-9s4nTLSdA,https://music.youtube.com/watch?v=L-9s4nTLSdA,https://music.youtube.com/watch?v=OOlhqEn5XAQ,https://music.youtube.com/watch?v=fuoZJKNR-rY
b97ae05f-a486-5e95-a185-919e6ef98d2f,77855ca3-54f1-5d8f-a197-6e07d488767a,5,Mauje Naina,"Bianca Gomes, Shadab Faridi, Altamash Faridi",4.33,https://www.youtube.com/watch?v=vX__XVV7Z_Y,https://music.youtube.com/watch?v=rCGhltMGXkE,https://music.youtube.com/watch?v=jdK6VtwKiuk,https://music.youtube.com/watch?v=vX__XVV7Z_Y
991da1b4-d711-59fa-b541-8accc8bb3cb4,6d8b4771-919b-5c31-b194-9006e09a2bca,4,Chaudhary,Mame Khan,4.4,http://www.youtube.com/watch?v=1gukvtH_a3I,https://music.youtube.com/watch?v=dPuvXj71KLo,https://music.youtube.com/watch?v=c29ceSarpeA,https://music.youtube.com/watch?v=6uB9cN-s3gw
d0d2cff1-ef2b-53c5-96fa-04764c92c938,947f978b-6964-5495-bee0-ade034b174a1,1,Kya Hai Mohabbat,A.R. Rahman,4.0,http://www.youtube.com/watch?v=2HH6sWX6mUs,https://music.youtube.com/watch?v=PxtDiKInxLk,https://music.youtube.com/watch?v=tAQZ9Jf8Bos,https://music.youtube.com/watch?v=2HH6sWX6mUs
1f0c7c48-1f6b-5e26-b0d4-13515e3c9dec,947f978b-6964-5495-bee0-ade034b174a1,4,Hosanna,"Leon Dsouza, Suzanne D'Mello",4.0,http://www.youtube.com/watch?v=dfNdRsNSFx4,https://music.youtube.com/watch?v=dfNdRsNSFx4,https://music.youtube.com/watch?v=6DIuKEWWEg8,https://music.youtube.com/watch?v=65pCjkSpfiQ
975707f3-afb4-51bf-b8ec-8eefc86d0f2f,947f978b-6964-5495-bee0-ade034b174a1,6,Sharminda Hoon,"A.R. Rahman, Madhushree",4.0,http://www.youtube.com/watch?v=4AnV0bzHEwE,https://music.youtube.com/watch?v=4AnV0bzHEwE,https://music.youtube.com/watch?v=CV0OemnnQ2w,https://music.youtube.com/watch?v=PEaGM_e5fYE
35f0215e-4b7f-51e9-86be-b22ee05a23b1,947f978b-6964-5495-bee0-ade034b174a1,9,Broken Promises,Shreya Ghoshal,4.0,https://www.youtube.com/watch?v=8Zcz-4dnsL0,https://music.youtube.com/watch?v=4MP5C3SJ-TA,https://music.youtube.com/watch?v=8Zcz-4dnsL0,https://music.youtube.com/watch?v=dzhhz3ZLTYY
c9772ed7-5aaa-5414-9009-4a9c9f218ebe,fa434977-96ff-5bc1-ab9f-abc2480d6a52,1,English Vinglish (Female Version),Shilpa Rao,4.0,http://www.youtube.com/watch?v=2rZibqh-2HI,https://music.youtube.com/watch?v=2rZibqh-2HI,https://music.youtube.com/watch?v=ARv8wFBSQ00,https://music.youtube.com/watch?v=D4W-rIe6d_U
0b99caf2-20e6-5482-aee8-08868679e085,fa434977-96ff-5bc1-ab9f-abc2480d6a52,2,Dhaak Dhuk,Amit Trivedi,4.0,https://www.youtube.com/watch?v=THd5KcmjqNc,https://music.youtube.com/watch?v=aLgeJLouOtQ,https://music.youtube.com/watch?v=Mx0AWkJsitw,https://music.youtube.com/watch?v=THd5KcmjqNc
c674ca97-4cfe-503b-b889-36f8acb08dd0,fa434977-96ff-5bc1-ab9f-abc2480d6a52,4,Gustakh Dil,Shilpa Rao,4.33,https://www.youtube.com/watch?v=67Oild5HJhc,https://music.youtube.com/watch?v=-nZHeQzQtrE,https://music.youtube.com/watch?v=Areou95Nu1w,https://music.youtube.com/watch?v=_K6Mw7hkKSQ
512bd8d4-ce9a-503d-8206-60dd87411e9f,fa434977-96ff-5bc1-ab9f-abc2480d6a52,5,Navrai Maajhi,"Sunidhi Chauhan, Swanand Kirkire, Neelambari Kirkire, Natalie Di Luccio",4.25,https://www.youtube.com/watch?v=hEHNef66HT0,https://music.youtube.com/watch?v=hEHNef66HT0,https://music.youtube.com/watch?v=mFHEaP1cIAI,https://music.youtube.com/watch?v=2Cy-j4Oxrqs
02260280-d40f-5798-a17c-6eabe2ddc5a1,fa434977-96ff-5bc1-ab9f-abc2480d6a52,6,English Vinglish (Male Version),Amit Trivedi,4.0,https://www.youtube.com/watch?v=wqR7GRtqSV0,https://music.youtube.com/watch?v=Xk-DnLbBFgk,https://music.youtube.com/watch?v=ARv8wFBSQ00,
19beea95-12d3-5f2b-85b3-22208a8ca675,150054c3-ffa1-5ed7-8052-8b9f43067ea9,3,O Womaniya Live,"Khushboo Raaj, Rekha Jha",4.0,http://www.youtube.com/watch?v=PBqaM8txf9I,https://music.youtube.com/watch?v=kK3Gms217v0,https://music.youtube.com/watch?v=PBqaM8txf9I,https://music.youtube.com/watch?v=F4ecnJPeZ6U
4ecfae8d-81a5-5960-8017-2ec1ba6b1287,150054c3-ffa1-5ed7-8052-8b9f43067ea9,4,Teri Keh Ke Loonga,"Amit Trivedi, Sneha Khanwalkar",4.0,http://www.youtube.com/watch?v=E_HbyQ6Y46U,https://music.youtube.com/watch?v=E_HbyQ6Y46U,https://music.youtube.com/watch?v=gE2gZMLjy1M,https://music.youtube.com/watch?v=0A_U8x8h1rc
c3240766-5ca3-5b4c-a8a4-e583c03e455f,783d26a4-db27-5d00-a3c8-469de0dcdefe,6,Inkaar Theme (Hindi),"Papon, Shahid Mallya",4.0,http://www.youtube.com/watch?v=Vk0OI0Ulb6E,https://music.youtube.com/watch?v=Stel6Z4tW-0,https://music.youtube.com/watch?v=LsQKPQbnPZk,https://music.youtube.com/watch?v=rxe3PThPpdM
a62320cf-ba4f-5472-bf5d-1a6f66d09513,82eae423-95ac-5d5f-aeb7-16aee5d071a3,1,Ishaqzaade,"Javed Ali, Shreya Ghoshal",4.0,https://www.youtube.com/watch?v=Lf1M-XJpUpQ,https://music.youtube.com/watch?v=Lf1M-XJpUpQ,https://music.youtube.com/watch?v=DOMj__8afqg,https://music.youtube.com/watch?v=Q4TjIw1ff8A
6bbbdf0b-c2cc-53f2-a141-38b66c4cfb0b,82eae423-95ac-5d5f-aeb7-16aee5d071a3,3,Main Pareshan,Shalmali Kholgade,4.67,http://www.youtube.com/watch?v=B6E01IatDm0,https://music.youtube.com/watch?v=k5TRnHHQ57U,https://music.youtube.com/watch?v=5kBgZQHE--A,
3305c23d-4c21-51af-a77d-048714e1f474,5527a890-874e-59f9-80e7-ceeb053f582d,1,Chhalla,Rabbi Shergill,4.25,http://www.youtube.com/watch?v=9a4izd3Rvdw,https://music.youtube.com/watch?v=iw7RcVTEcn0,https://music.youtube.com/watch?v=hhssZ5bDa8E,https://music.youtube.com/watch?v=9a4izd3Rvdw
e2429a46-97b0-5f99-9685-afbde93eae7f,5527a890-874e-59f9-80e7-ceeb053f582d,4,Heer,Harshdeep Kaur,4.25,http://www.youtube.com/watch?v=nd3ATvRsEN0,https://music.youtube.com/watch?v=aNcxgxHcGYg,https://music.youtube.com/watch?v=2o-eUCtpjqU,https://music.youtube.com/watch?v=9SAPl2qTllw
cf854a1f-c6ee-5c06-b4e2-2df26c4472c4,5527a890-874e-59f9-80e7-ceeb053f582d,5,Jiya Re,Neeti Mohan,4.0,http://www.youtube.com/watch?v=smn3mDBOUy4,https://music.youtube.com/watch?v=smn3mDBOUy4,https://music.youtube.com/watch?v=RqIHabLYnw4,https://music.youtube.com/watch?v=F7YIiGiCQmc
d94da031-206d-5cf9-a4fe-f9ea440bec84,81e11e65-6f11-59c6-8d9c-9f50feeaee04,4,Yeh Jism,Ali Azmat,4.0,http://www.youtube.com/watch?v=xycd6Kgk27c,https://music.youtube.com/watch?v=xycd6Kgk27c,https://music.youtube.com/watch?v=RIFY0sru3MQ,https://music.youtube.com/watch?v=57tKbW6cIMc
aa7625a8-46d9-5c7a-b3ed-2b8c29bf1da5,81e11e65-6f11-59c6-8d9c-9f50feeaee04,6,Abhi Abhi (Duet),"KK, Akriti Kakar, Shreya Ghoshal",4.33,https://www.youtube.com/watch?v=ZNSEQXAfzXI,https://music.youtube.com/watch?v=HttLRTo4N6U,https://music.youtube.com/watch?v=ZNSEQXAfzXI,https://music.youtube.com/watch?v=zg32jRaA8fg
b47b767c-5b2b-5b61-a2c9-fa5713f4ff4d,10dce005-5dd5-52d5-b138-ef65581cefc2,2,Piya Tu Kaahe Rootha Re,Javed Bashir,4.5,http://www.youtube.com/watch?v=agaBErK_ncI,https://music.youtube.com/watch?v=agaBErK_ncI,https://music.youtube.com/watch?v=8ee0xV-9wD8,https://music.youtube.com/watch?v=YJxNKEPtH6Q
85b968f2-75f2-5cff-98a3-19bcfc8609d3,10dce005-5dd5-52d5-b138-ef65581cefc2,3,Kahaani (Male),KK,4.33,https://www.youtube.com/watch?v=n6J2JpFBtmQ,https://music.youtube.com/watch?v=n6J2JpFBtmQ,https://music.youtube.com/watch?v=u4w1Lt6F3N4,https://music.youtube.com/watch?v=Wh-AgS7PKdM
083d40bc-db08-5a8e-b250-7221926d3ecd,10dce005-5dd5-52d5-b138-ef65581cefc2,4,Tore Bina,Sukhwinder Singh,4.67,http://www.youtube.com/watch?v=qitrcE_c7PI,https://music.youtube.com/watch?v=qitrcE_c7PI,https://music.youtube.com/watch?v=oLHsTD1_RH8,https://music.youtube.com/watch?v=a8wOYeB-rjI
0bd6ebcb-9f06-54dd-a958-c5ca100c064f,10dce005-5dd5-52d5-b138-ef65581cefc2,5,Kahaani (Female),Shreya Ghoshal,4.33,http://www.youtube.com/watch?v=Tj34QHH-gJ4,https://music.youtube.com/watch?v=Tj34QHH-gJ4,https://music.youtube.com/watch?v=oLyfGOslY8U,https://music.youtube.com/watch?v=qv_j6cSNJR4
9df3c094-f088-5184-aa07-57b4a677fbfc,0f0d70b1-9f91-591c-8929-4266371eacd3,1,Kiklikalerdi,"Pinky Maidasani, Amit Trivedi, Yo Yo Honey Singh",4.4,https://www.youtube.com/watch?v=w1N_3TtcZKM,https://music.youtube.com/watch?v=w1N_3TtcZKM,https://music.youtube.com/watch?v=BxAI84MO8ZY,https://music.youtube.com/watch?v=EVL085Vg-a8
509c94a4-1cfd-508d-9362-e09565d3c1f8,0f0d70b1-9f91-591c-8929-4266371eacd3,2,Motorwada,"Amit Trivedi, Tochi Raina",4.33,http://www.youtube.com/watch?v=olDTiq_kv-8,https://music.youtube.com/watch?v=P9OaiqxTAgI,https://music.youtube.com/watch?v=KexkERTJG80,https://music.youtube.com/watch?v=5AkNyb3w4fA
27f95421-a109-5759-8f62-7fd95477c4d2,0f0d70b1-9f91-591c-8929-4266371eacd3,3,Luv Shuv Tey Chicken Khurana,"Shahid Mallya, Harshdeep Kaur",4.0,https://www.youtube.com/watch?v=hX6AfpuFwUg,https://music.youtube.com/watch?v=hX6AfpuFwUg,https://music.youtube.com/watch?v=Q4f5W5h0tWs,https://music.youtube.com/watch?v=p-bNrvr86VU
f23a7a99-9d4a-5f0b-b1be-ccfe77447aa9,0f0d70b1-9f91-591c-8929-4266371eacd3,4,Luni Hasi (Female Version),Harshdeep Kaur,4.5,http://www.youtube.com/watch?v=87XsJ4d-Fgo,https://music.youtube.com/watch?v=_XTOzmGTCM8,https://music.youtube.com/watch?v=tL8c_KZ_Wok,https://music.youtube.com/watch?v=Qj8DrWUWlwI
c33ce139-f19b-52ee-bb96-5fd689979034,0f0d70b1-9f91-591c-8929-4266371eacd3,8,Luni Hasi (Male Version),Devendra Singh - I,4.0,https://www.youtube.com/watch?v=tL8c_KZ_Wok,https://music.youtube.com/watch?v=tL8c_KZ_Wok,https://music.youtube.com/watch?v=_XTOzmGTCM8,https://music.youtube.com/watch?v=8Z5yWhWsg0E
8b04342a-9013-5ef4-bd2b-6b13cc383978,0f0d70b1-9f91-591c-8929-4266371eacd3,9,Kiklikalerdi (Punjabi Version),"Amit Trivedi, Pinky Maidasani",4.0,https://www.youtube.com/watch?v=YCcBkrjUWfM,https://music.youtube.com/watch?v=w1N_3TtcZKM,https://music.youtube.com/watch?v=BxAI84MO8ZY,https://music.youtube.com/watch?v=EVL085Vg-a8
b9dab808-c181-5478-a6c1-07a1951d2e6a,89e0e894-e36b-579d-bf3d-652f4cad7973,2,Khamakha,"Prem Dehati, Vishal Bhardwaj",4.0,http://www.youtube.com/watch?v=ZGgwYFRbohI,https://music.youtube.com/watch?v=pQmIzViRbqc,https://music.youtube.com/watch?v=eGUATyT0hAM,https://music.youtube.com/watch?v=ZGgwYFRbohI
ce011a86-5b63-5278-8bcd-efce1ef9d8a9,89e0e894-e36b-579d-bf3d-652f4cad7973,6,Baadal Uthiya,Rekha Bhardwaj,4.0,https://www.youtube.com/watch?v=1xGcfzmD5kc,https://music.youtube.com/watch?v=1xGcfzmD5kc,https://music.youtube.com/watch?v=wY_kDZrNmRE,
7ff1b6de-cf61-570e-80b8-0151412c581a,be5a9731-4db0-54d5-8940-fd51c01cd40b,2,Mere Nishaan,"Kailash Kher, Meet Bros Anjjan",4.33,http://www.youtube.com/watch?v=8c6GRDxa6HQ,https://music.youtube.com/watch?v=8c6GRDxa6HQ,https://music.youtube.com/watch?v=mDcKf-Dak5c,https://music.youtube.com/watch?v=gq3tMByKGGc
e833d939-585c-5f41-b820-5a6ceb11ff16,f60cdcc9-b064-52f6-b033-b9c6f09239b7,3,Be Intehaan,"Atif Aslam, Sunidhi Chauhan",4.5,https://www.youtube.com/watch?v=nD7F40pQpyc,https://music.youtube.com/watch?v=LvEamw9flNs,https://music.youtube.com/watch?v=X8D93V4H5TU,https://music.youtube.com/watch?v=r_3K9vZ4oZE
b3f76790-221f-5c4e-8558-5ce7185d8aef,f60cdcc9-b064-52f6-b033-b9c6f09239b7,4,Lat Lag Gayee,"Benny Dayal, Shalmali Kholgade",4.0,https://www.youtube.com/watch?v=tSCqmnCayg8,https://music.youtube.com/watch?v=H9pv_BZ2PGA,https://music.youtube.com/watch?v=D8LZf22MY9U,https://music.youtube.com/watch?v=xOh8zjSIEgY
cc383d5e-a4f8-5712-83bf-82c305e84f45,39f267ce-08ed-5efd-bc41-c5aebf3c228c,2,Tu Kya Jaane,Kailash Kher,4.0,http://www.youtube.com/watch?v=yVEMhZYBVKk,https://music.youtube.com/watch?v=yVEMhZYBVKk,https://music.youtube.com/watch?v=KKxhWQNpgD4,https://music.youtube.com/watch?v=gQCKis7uoY4
122c66f9-8e82-5916-975a-15e7cf81de2a,39f267ce-08ed-5efd-bc41-c5aebf3c228c,5,Daaro Na Rang,Kailash Kher,4.0,https://www.youtube.com/watch?v=IfpXZKdb968,https://music.youtube.com/watch?v=IfpXZKdb968,https://music.youtube.com/watch?v=RsYwh89jCp0,https://music.youtube.com/watch?v=4DM5mLmB4zA
8872d1a1-a39e-53f6-a77e-967569378129,c5d2001d-74ef-550e-b0b1-aef739a6c6bb,4,Aansu Kabhi Chhalke Nahin,Jagjit Singh,4.0,https://www.youtube.com/watch?v=lq5zCzjZX50,https://music.youtube.com/watch?v=ME6JefYWkmo,https://music.youtube.com/watch?v=5SHAdkFg2SE,https://music.youtube.com/watch?v=Edv9B1HXAFE
7950b8d8-e5ca-509f-a939-e351130dc110,6d7ee8fd-b443-58bd-8e84-d79f5a9e84f9,1,Chhup Chhup Ke (Film Version),"Ash King, Muazzam Ali Khan, Rizwan Ali Khan",4.0,http://www.youtube.com/watch?v=rHMkfD8Hazc,https://music.youtube.com/watch?v=PMQfqWjwPis,https://music.youtube.com/watch?v=p_u78Zi0XFc,
0b91b5a9-219e-5ddb-b430-62a34a034f94,6d7ee8fd-b443-58bd-8e84-d79f5a9e84f9,5,Rab Ka Junoon,Inderpreet Singh,4.0,http://www.youtube.com/watch?v=ZRAQxkL6Efg,https://music.youtube.com/watch?v=HqCCxtXNovw,https://music.youtube.com/watch?v=_jgu4c1nYOo,https://music.youtube.com/watch?v=ZRAQxkL6Efg
9f3df06e-0d9c-56c2-84db-72fecb4f669b,6d7ee8fd-b443-58bd-8e84-d79f5a9e84f9,6,Chhup Chhup Ke,"Shaan, Muazzam Ali Khan, Rizwan Ali Khan",4.0,http://www.youtube.com/watch?v=KWhm1Nxml8Q,https://music.youtube.com/watch?v=p_u78Zi0XFc,,
c1eb4ece-5564-51a8-aa69-27044101f3d8,6d7ee8fd-b443-58bd-8e84-d79f5a9e84f9,7,Hote Hote,"Ash King, Hard Kaur",4.0,https://www.youtube.com/watch?v=JAWdlMf5y_c,https://music.youtube.com/watch?v=JAWdlMf5y_c,https://music.youtube.com/watch?v=6YCIhXr0Upk,https://music.youtube.com/watch?v=ya2u5v4BZd4
9fce8cc5-e73b-5a76-9ce5-906347c24d60,15ab47d0-f4b4-578f-8ee8-527e3558a6c4,3,Jo Bheji Thi Duaa,"Nandini Srikar, Arijit Singh",4.0,http://www.youtube.com/watch?v=8FMz_KT1mC4,https://music.youtube.com/watch?v=8FMz_KT1mC4,https://music.youtube.com/watch?v=eexT7UtzFYE,https://music.youtube.com/watch?v=j3BiIJKBlYE
4323be64-54e9-5f0a-879d-2ab572719614,e2046b79-4ba5-5572-a0ad-0eab87451c2a,1,Muskaanein Jhoothi Hain,Suman Sridhar,4.0,http://www.youtube.com/watch?v=C805Nt0JPIY,https://music.youtube.com/watch?v=C805Nt0JPIY,https://music.youtube.com/watch?v=07LoG9a8hn4,https://music.youtube.com/watch?v=NTekL-xrKoI
147a69d5-87fa-544f-8fde-c4317ed4ca65,e2046b79-4ba5-5572-a0ad-0eab87451c2a,2,Jee Le Zara,Vishal Dadlani,4.5,http://www.youtube.com/watch?v=UT3NjMzSzO4,https://music.youtube.com/watch?v=fhs6wYi4Jr0,https://music.youtube.com/watch?v=sEbOXoY97Gg,https://music.youtube.com/watch?v=iztTah77WrA
792f42f3-1557-5b78-9975-4209d45fbac6,e2046b79-4ba5-5572-a0ad-0eab87451c2a,3,Jiya Laage Naa Tum Bin Mora,"Sona Mohapatra, Ravindra Upadhyay",4.2,http://www.youtube.com/watch?v=FMInvVQFKrs,https://music.youtube.com/watch?v=FMInvVQFKrs,https://music.youtube.com/watch?v=rig5Et6jVLc,https://music.youtube.com/watch?v=hi53NNW7qDw
59a532e2-b791-5594-8721-60c98906f4b4,e2046b79-4ba5-5572-a0ad-0eab87451c2a,5,Laakh Duniya Kahe,Ram Sampath,4.0,http://www.youtube.com/watch?v=tqSqRRgOSIU,https://music.youtube.com/watch?v=fu1ukLfioPU,https://music.youtube.com/watch?v=33kbzTvk69o,https://music.youtube.com/watch?v=v5rlq7anee8
6e8c0363-14a6-5a7b-8fbc-98b7f19ed8b6,ae843ea5-f5c8-5d8a-af9a-caa723c7251f,1,Brahma's Dance,,4.0,http://www.youtube.com/watch?v=MaPW2zB-4hY,https://music.youtube.com/watch?v=pEj71HQZZ1I,https://music.youtube.com/watch?v=9pqlYAy7xTQ,
a2c4d042-85d5-5f7b-b62e-fb1a89ca8d59,ae843ea5-f5c8-5d8a-af9a-caa723c7251f,5,Swans Of Saraswathi,,4.0,http://www.youtube.com/watch?v=o2qgiZm-d1Y,https://music.youtube.com/watch?v=Hi0-bx9tsXk,,
9ec87d29-49e1-511d-b3dd-ab5d47b587aa,6b8df4b2-8026-56c4-bc06-126bfab2e656,2,Baarish Ki Boondein,Papon,4.0,https://www.youtube.com/watch?v=UBUwuPscdJk,https://music.youtube.com/watch?v=UBUwuPscdJk,https://music.youtube.com/watch?v=hDlTgit4i38,https://music.youtube.com/watch?v=_5NJNnov2VY
9a40e71e-36c9-5f26-a79b-3303319c94fe,6b8df4b2-8026-56c4-bc06-126bfab2e656,3,Chhoti Chhoti Baatein,Papon,4.0,https://www.youtube.com/watch?v=58slfG4lbjM,https://music.youtube.com/watch?v=58slfG4lbjM,,
4ca9950b-ff2b-5cc4-a5d5-09df1a869352,6b8df4b2-8026-56c4-bc06-126bfab2e656,8,Din Guzre Woh,Papon,4.0,https://www.youtube.com/watch?v=qA4RmU-K3n4,https://music.youtube.com/watch?v=qA4RmU-K3n4,https://music.youtube.com/watch?v=3Wb6wIbgUUg,https://music.youtube.com/watch?v=tx4uik2F5wk
7f0abcb7-2a0e-5a36-a08b-d7c69fb73507,6b8df4b2-8026-56c4-bc06-126bfab2e656,9,Jonaaki Raati,Papon,4.0,https://www.youtube.com/watch?v=blbSLEQHyrc,https://music.youtube.com/watch?v=blbSLEQHyrc,https://music.youtube.com/watch?v=HzVydNJlkrU,
15010228-5fb2-55dc-88c0-5d940fdeb32f,4bb3866f-4324-5219-935c-bc46262bfb14,4,Pani Da Rang (Male),Ayushmann Khurrana,4.5,http://www.youtube.com/watch?v=_hRnWA0A20E,https://music.youtube.com/watch?v=zRzD3-a9_qc,https://music.youtube.com/watch?v=wZ_zewGPqT4,https://music.youtube.com/watch?v=_l76QrvZ5MY
abd443b5-f0f4-555e-a619-b984f339ff06,f700fe6a-d440-5c1f-8df1-9a5cd0579446,2,Khalbali,"Shilpa Rao, Tochi Raina, Arijit Singh",4.0,https://www.youtube.com/watch?v=D6ENaRCTAHE,https://music.youtube.com/watch?v=-C7H0vQONp4,https://music.youtube.com/watch?v=5MiE0wRIIgI,https://music.youtube.com/watch?v=VDA0VJoDw0k
9c677940-4708-55e6-ae49-521363d58a22,226e5d6a-7618-5ca3-9915-29c155dfd0ba,1,Tum Hi Ho,Arijit Singh,4.62,http://www.youtube.com/watch?v=IJq0yyWug1k,https://music.youtube.com/watch?v=8hoqSfN24rw,https://music.youtube.com/watch?v=H82Np1_dTE4,https://music.youtube.com/watch?v=myN11olI2a4
3f6cf2e3-c373-5c49-9edd-238526627488,226e5d6a-7618-5ca3-9915-29c155dfd0ba,2,Sun Raha Hai (Male),Ankit Tiwari,4.5,http://www.youtube.com/watch?v=eHRrZ5DQCV4,https://music.youtube.com/watch?v=M5MerccCVuw,https://music.youtube.com/watch?v=rXfB1KiN5v8,https://music.youtube.com/watch?v=lOBmToX9gr8
6a320c95-4938-59ae-a2be-3308daf71618,226e5d6a-7618-5ca3-9915-29c155dfd0ba,3,Chahun Main Ya Naa,"Palak Muchhal, Arijit Singh",4.0,http://www.youtube.com/watch?v=VdyBtGaspss,https://music.youtube.com/watch?v=NPC-9hYbkLE,https://music.youtube.com/watch?v=Q4F7MF5Vzt0,
277ddbfd-6cc4-5541-9023-70315910ec25,226e5d6a-7618-5ca3-9915-29c155dfd0ba,5,Meri Aashiqui,"Palak Muchhal, Arijit Singh",4.0,http://www.youtube.com/watch?v=NYKazZTTRRU,https://music.youtube.com/watch?v=AbfGqfDt3f8,https://music.youtube.com/watch?v=Des4vM1U7MA,https://music.youtube.com/watch?v=3gRQ5a2nyAw
30d3f551-17c0-5b01-8fb6-bd549a026fe1,226e5d6a-7618-5ca3-9915-29c155dfd0ba,6,Piya Aaye Na,"Tulsi Kumar, KK",4.0,http://www.youtube.com/watch?v=bXNhPOMgavI,https://music.youtube.com/watch?v=M2CZaOwOeQo,https://music.youtube.com/watch?v=BTIt38YyUxY,
889e867a-4ad3-5e6c-9768-ff406f7f3278,226e5d6a-7618-5ca3-9915-29c155dfd0ba,9,Sun Raha Hai (Female),Shreya Ghoshal,4.33,http://www.youtube.com/watch?v=inEu2qQuGZ8,https://music.youtube.com/watch?v=1If9aw74Tj4,https://music.youtube.com/watch?v=BiHiU_Qqc_o,https://music.youtube.com/watch?v=5B0mjFDcwuU
4acedb0d-16cd-511d-aca4-560b0871e37c,226e5d6a-7618-5ca3-9915-29c155dfd0ba,10,Milne Hai Mujhse Aayi,Arijit Singh,4.0,http://www.youtube.com/watch?v=GtPvCa3vvxA,https://music.youtube.com/watch?v=lAQFPkng95Q,https://music.youtube.com/watch?v=baqA176v96o,https://music.youtube.com/watch?v=gy1n6itHhao
5363dd1d-2524-5b1d-828b-7a5c36b973ff,9e6d6bb6-e8ab-50e8-b60a-121e8e79910d,2,Giridhar,Vasuda Sharma,4.5,https://www.youtube.com/watch?v=PR9JaP-1FiI,https://music.youtube.com/watch?v=PR9JaP-1FiI,https://music.youtube.com/watch?v=ltnSoPI93Vs,https://music.youtube.com/watch?v=tAfNX7eMYyg
a5c82abc-4277-5e37-8c2f-72db310d55a2,9e6d6bb6-e8ab-50e8-b60a-121e8e79910d,3,Barsan Laage Nain,Vasuda Sharma,4.5,https://www.youtube.com/watch?v=6NqIijYAUKk,https://music.youtube.com/watch?v=-pW03behUI8,https://music.youtube.com/watch?v=1AK7QhHAqt4,https://music.youtube.com/watch?v=6NqIijYAUKk
91fc20ad-bf33-51c3-b053-87c7a3993383,9e6d6bb6-e8ab-50e8-b60a-121e8e79910d,4,Laagi Lagan,Vasuda Sharma,4.5,http://www.youtube.com/watch?v=8thpevBS33k,https://music.youtube.com/watch?v=5IzFsLKnL98,https://music.youtube.com/watch?v=yPYgqz86Vgc,https://music.youtube.com/watch?v=8thpevBS33k
05ce3bb4-a396-5cff-aff7-321f7a308c12,9e6d6bb6-e8ab-50e8-b60a-121e8e79910d,5,Jaagi Jaagi Raina,Vasuda Sharma,4.5,http://www.youtube.com/watch?v=HqPvI_CwTe8,https://music.youtube.com/watch?v=4JQuPvWqM1w,https://music.youtube.com/watch?v=O1UmrQkbiHk,https://music.youtube.com/watch?v=HqPvI_CwTe8
459b2b47-5a6a-5251-8939-3eb9941d72c0,fc4940d4-e8d7-5906-9aa9-9494b06a3ecc,1,Shab Gaya Hai,Shilpa Rao,4.0,https://www.youtube.com/watch?v=Uq43a0UxULc,https://music.youtube.com/watch?v=Uq43a0UxULc,https://music.youtube.com/watch?v=OLskHsoOh3Q,
aa03fcf6-2398-5441-83b3-d2a80e0d1ff5,40fde933-dfad-58a7-ae44-0a5a05313a47,3,Mann Tu Shudam Tu Mann Shudi,Sonu Nigam,4.0,http://www.youtube.com/watch?v=xd_p1LqoKyw,https://music.youtube.com/watch?v=pl-Uj6lARlI,https://music.youtube.com/watch?v=D8lNf19OZT4,https://music.youtube.com/watch?v=zwpVXzL7iIQ
9d8c9537-9cc8-51cd-aaf0-54eaf4279361,d03dfdaf-11aa-5c4c-b81e-ffd31866a9d0,3,Mera Yaar,Javed Bashir,4.0,http://www.youtube.com/watch?v=pIwhdEG_53w,https://music.youtube.com/watch?v=aZ4qpbXuSwQ,https://music.youtube.com/watch?v=zXy_8U-_RNc,
59fa9e6c-3ee1-510d-a9d6-438f0bde1856,d03dfdaf-11aa-5c4c-b81e-ffd31866a9d0,5,Bhaag Milkha Bhaag,Arif Lohar,4.0,http://www.youtube.com/watch?v=neIYLnOHkpw,https://music.youtube.com/watch?v=T-HDsCm0t10,https://music.youtube.com/watch?v=RRRlzqTXg_0,
ebe8f041-79cf-58f6-8b44-13489a27269e,d03dfdaf-11aa-5c4c-b81e-ffd31866a9d0,6,Slow Motion Angreza,"Shankar Mahadevan, Sukhwinder Singh, Loy Mendonsa",4.4,http://www.youtube.com/watch?v=60vIVA5AZ9M,https://music.youtube.com/watch?v=IV-AZaDKJ5o,https://music.youtube.com/watch?v=gsEYCQgPSTc,
582a15f4-4012-58f9-8e57-60a810b020d0,d03dfdaf-11aa-5c4c-b81e-ffd31866a9d0,7,O Rangrez,"Shreya Ghoshal, Javed Bashir",4.5,http://www.youtube.com/watch?v=5idNBcKDtvA,https://music.youtube.com/watch?v=aYnrl1c1_U0,https://music.youtube.com/watch?v=nvaaZf1xYcA,https://music.youtube.com/watch?v=jmpUP1MaQ9Q
40acc782-2973-5a9c-828f-366d11127b0f,0162d0d3-b4c8-548d-b59a-3f09968abe64,2,Kaanha Mose,Hariharan,4.0,https://www.youtube.com/watch?v=cctYqSEIlZA,https://music.youtube.com/watch?v=cctYqSEIlZA,,
35129382-f5ec-54f9-b3e8-90f772622e42,df0c558f-0607-5e3f-ab43-ff1faeee43ad,1,Bliss,,4.0,https://www.youtube.com/watch?v=o5C8SAGBLp4,https://music.youtube.com/watch?v=5s_oMHrD9-I,,
588f5509-6828-5a73-b6c2-54bf7376fd22,41becc3d-855d-538b-9cc5-3e4d31e5fa12,5,Har Kisi Ko Nahin Milta Yahan Pyar Zindagi Mein,Nikhil D'Souza,4.25,http://www.youtube.com/watch?v=xXTXuokXGDU,https://music.youtube.com/watch?v=VdwZ1iStTKk,https://music.youtube.com/watch?v=UzpDski-XTE,https://music.youtube.com/watch?v=jhFAAc_OQMo
9c338d1f-9854-58c2-b2e3-30e5462c816b,80c838e4-66d5-5d8a-8acd-4b3a1270a6f7,2,Titli,"Chinmayi, Gopi Sunder",4.0,http://www.youtube.com/watch?v=V8zXLMIjlcw,https://music.youtube.com/watch?v=V8zXLMIjlcw,https://music.youtube.com/watch?v=V9Rib9c61Zg,https://music.youtube.com/watch?v=ReEwYxUTb1s
5d1a465f-5e73-5a6f-b20d-7ea32385003d,80c838e4-66d5-5d8a-8acd-4b3a1270a6f7,6,Chennai Express,"S.P. Balasubramaniam, Jonita Gandhi",4.0,http://www.youtube.com/watch?v=dzFrmipJ1V8,https://music.youtube.com/watch?v=dzFrmipJ1V8,https://music.youtube.com/watch?v=eGqDXTk_-nA,https://music.youtube.com/watch?v=y2kPAfzhFYw
133341bb-1cfb-5755-876d-6ab2514fa605,80c838e4-66d5-5d8a-8acd-4b3a1270a6f7,9,Lungi Dance,Yo Yo Honey Singh,4.33,http://www.youtube.com/watch?v=2kWLyInyjOE,https://music.youtube.com/watch?v=HVFb5-MrP4A,https://music.youtube.com/watch?v=IZL6aoVJu2M,
14503572-c4bc-5a9c-821d-7f560283f13b,f4ba191c-944b-580b-883c-092091b67b16,1,Zariya,"Ani Choying Drolma, Farah Siraj",4.5,http://www.youtube.com/watch?v=wlaZSx6tqRo,https://music.youtube.com/watch?v=aWZOp30aXxE,https://music.youtube.com/watch?v=wlaZSx6tqRo,https://music.youtube.com/watch?v=pdmOVxdtybU
c5a60530-4bf6-58ef-81d9-247cc2ac0d17,f4ba191c-944b-580b-883c-092091b67b16,3,Aao Balma,"Ustad Ghulam Mustafa Khan, Rabbani Mustafa, Hasan Mustafa, Faiz Mustafa, Murtuza Mustafa, Qadir Mustafa",4.33,http://www.youtube.com/watch?v=_UZhioKe8vg,https://music.youtube.com/watch?v=_UZhioKe8vg,https://music.youtube.com/watch?v=2oEQkPXJavc,
de4a8ba8-23fc-5983-af2f-0fd34e68f37e,f4ba191c-944b-580b-883c-092091b67b16,5,Jagaao Mere Des Ko,"A.R. Rahman, Blaaze, Suchi",4.0,http://www.youtube.com/watch?v=7FKEy_RWwQk,https://music.youtube.com/watch?v=CNLw8_Qsa1c,https://music.youtube.com/watch?v=7FKEy_RWwQk,https://music.youtube.com/watch?v=q2foTJ_4kJ8
d37f5e44-2227-5668-9615-a81004f64d29,7b80835d-e075-523b-9a06-80c52ab5dd54,2,Kattey,"Bhanvari Devi, Hard Kaur",4.5,https://www.youtube.com/watch?v=hfphuESsZVE,https://music.youtube.com/watch?v=R1o-4Jgq6Ds,https://music.youtube.com/watch?v=npKCgowu-Bk,https://music.youtube.com/watch?v=mibMBEA9NbU
c47deaa1-98c9-514b-9c15-a553fbcd3155,979243ff-c335-5ac3-8602-75148b6827e3,1,Bismillah,"Kailash Kher, Munawar Masoom",4.67,http://www.youtube.com/watch?v=w1sqYgnwEqI,https://music.youtube.com/watch?v=IaBVRxLBYA8,https://music.youtube.com/watch?v=w1sqYgnwEqI,https://music.youtube.com/watch?v=6hjVbxPmeX4
a98c7be0-3e3c-5f41-832b-ba7d79f23982,979243ff-c335-5ac3-8602-75148b6827e3,4,Kare Mann Bhajan,Salim Merchant,4.0,http://www.youtube.com/watch?v=FJ0PO7asAxM,https://music.youtube.com/watch?v=2THPVneYjPI,https://music.youtube.com/watch?v=FJ0PO7asAxM,https://music.youtube.com/watch?v=uyTd0DOnP1c
35d20886-c024-5101-a677-1206c36a031b,979243ff-c335-5ac3-8602-75148b6827e3,5,Sati,"Vijay Prakash, Salim Merchant",4.0,http://www.youtube.com/watch?v=c-uFWNiWuGQ,https://music.youtube.com/watch?v=c-uFWNiWuGQ,https://music.youtube.com/watch?v=OSiRQ57izbM,https://music.youtube.com/watch?v=ZlA8OGADVI0
7d70e127-c2d3-5403-85c1-53f3fa8fe5c5,ec9ae8bc-6ac3-5a5f-88c5-a9b1cef0a07e,4,Benaam Khwaayishein,Anweshaa,4.0,http://www.youtube.com/watch?v=tbyA8DiAGx8,https://music.youtube.com/watch?v=u21t-C4_6a4,https://music.youtube.com/watch?v=tbyA8DiAGx8,https://music.youtube.com/watch?v=RZaVghxRXxs
73b4f0ff-ea97-5fec-8c81-ee29b29ae4a8,a886764c-edfc-5936-9ed8-fd2938c8d35a,2,Alvida,"Shruti Haasan, Nikhil D'Souza, Sukhwinder Singh, Loy Mendonsa",4.29,http://www.youtube.com/watch?v=UFqozHVmiDc,https://music.youtube.com/watch?v=UFqozHVmiDc,https://music.youtube.com/watch?v=ys4qAwWgd-w,https://music.youtube.com/watch?v=mnsznLWSYJs
89abe646-74fb-52d3-aea6-280701298fef,a886764c-edfc-5936-9ed8-fd2938c8d35a,3,Murshid Khele Hori,"Munawar Masoom, Javed Ali, Shankar Mahadevan",4.2,http://www.youtube.com/watch?v=_flROaftHNs,https://music.youtube.com/watch?v=GDwysQZkmuI,https://music.youtube.com/watch?v=mm8IueRrdv4,https://music.youtube.com/watch?v=Erl_dIUtCZ8
374461a2-0aad-5ed4-ab00-828924f79112,a886764c-edfc-5936-9ed8-fd2938c8d35a,4,Ek Ghadi,Rekha Bhardwaj,4.0,http://www.youtube.com/watch?v=pFTF5C1aVtI,https://music.youtube.com/watch?v=pFTF5C1aVtI,https://music.youtube.com/watch?v=tFzE6pKe8Xg,https://music.youtube.com/watch?v=NWG-a-b2lVg
e5aef9e0-4bde-5bfd-9041-68e1190ee353,a886764c-edfc-5936-9ed8-fd2938c8d35a,5,Dhuaan,"Rahul Ram, Siddharth Mahadevan, Alyssa Mendonsa",4.0,http://www.youtube.com/watch?v=4NFlL12hxhg,https://music.youtube.com/watch?v=vYxibWEjnsA,https://music.youtube.com/watch?v=4NFlL12hxhg,https://music.youtube.com/watch?v=ssTO7iaH29k
3d0d52c5-e45e-5ce6-a924-d481d055b24a,feb9e4c4-1bda-5d69-8282-d69a537fd6d8,1,Ghum Huye (The Theme Of David),Siddharth Basrur,4.0,http://www.youtube.com/watch?v=aknF2DvEhEk,https://music.youtube.com/watch?v=9QzlpS24OxA,https://music.youtube.com/watch?v=wajTcZRSL0c,https://music.youtube.com/watch?v=aknF2DvEhEk
a84dacf9-ce98-5594-b124-c65d9fc52cb8,feb9e4c4-1bda-5d69-8282-d69a537fd6d8,3,Tore Matware Naina,"Nirali Kartik, Joyshanti",4.25,http://www.youtube.com/watch?v=3lep43vaSDE,https://music.youtube.com/watch?v=3lep43vaSDE,https://music.youtube.com/watch?v=9viFEiu8oVo,https://music.youtube.com/watch?v=LSYJZvuqdyk
db5980a2-2a9d-5fe5-9f04-fa1580fee808,feb9e4c4-1bda-5d69-8282-d69a537fd6d8,6,Bandhay,Modern Mafia,4.0,https://www.youtube.com/watch?v=jAahG5mly-o,https://music.youtube.com/watch?v=Wln8Ers52lQ,https://music.youtube.com/watch?v=X9s3eUfG7vo,https://music.youtube.com/watch?v=c70lsiQuBPk
560ea185-6944-5730-a709-875e65a8c9d9,feb9e4c4-1bda-5d69-8282-d69a537fd6d8,9,Out Of Control,"Nikhil D'Souza, Preeti Pillai",4.0,https://www.youtube.com/watch?v=FmSZLdbTf-Q,https://music.youtube.com/watch?v=oH6I1D4ALO0,https://music.youtube.com/watch?v=XGzKQT8vsKY,https://music.youtube.com/watch?v=3Wmz7mF6LrI
8330848b-9521-5d88-9734-f7ba626449ad,feb9e4c4-1bda-5d69-8282-d69a537fd6d8,12,Out Of Control (Choir Version),"Marianne D'Cruz, Tara Sitaria",4.0,https://www.youtube.com/watch?v=3Wmz7mF6LrI,https://music.youtube.com/watch?v=IZyS--47OaM,https://music.youtube.com/watch?v=3Wmz7mF6LrI,
c397fad8-957d-5f85-9e71-214f72cd0fb1,ce764612-f0c3-54a5-a2c3-c47250fa2183,1,Malang,"Siddharth Mahadevan, Shilpa Rao",4.0,https://www.youtube.com/watch?v=SxoTAvwCr4A,https://music.youtube.com/watch?v=z2MSS3gWj0U,https://music.youtube.com/watch?v=xdw5aWfg5-s,https://music.youtube.com/watch?v=9SBhvTqlfKk
8c2c9cdb-b634-541a-aecf-f73a7778651e,2c6046b5-acc7-5ff2-accb-db61cfa21d20,5,Sapna Re Sapna,Padmanabh Gaikwad,4.0,https://www.youtube.com/watch?v=w_yMJ84K-is,https://music.youtube.com/watch?v=L3Wig_p52bw,https://music.youtube.com/watch?v=E51n0_gg1-w,
e2dc44a6-d8d8-50d4-b270-08700316ade7,9990c266-4ab4-5b68-bf01-8a5ea7513996,6,Ambarsariya,Sona Mohapatra,4.25,http://www.youtube.com/watch?v=j1-af46DoqM,https://music.youtube.com/watch?v=iVl9u988gkU,https://music.youtube.com/watch?v=IL8kK1Iwvps,https://music.youtube.com/watch?v=1w4ZAyc32mg
c071ce13-727e-5405-8f18-82d535a9e293,55e3864b-ab38-5240-88dc-eff43633400e,3,Ghanchakkar Babu,Amit Trivedi,4.0,https://www.youtube.com/watch?v=CP7e7cNCRl0,https://music.youtube.com/watch?v=JwdL_7CMiZs,https://music.youtube.com/watch?v=6c-gdTY54EY,
102704c8-c6ce-5de5-bb38-8c530f45d67a,cf6e97ea-b4b8-5910-8654-6fc3800d060a,3,Mann Baavra,Shekhar Ravjiani,4.0,http://www.youtube.com/watch?v=1XNpLvIg8Eo,https://music.youtube.com/watch?v=j2LpvMdmNWc,https://music.youtube.com/watch?v=GvWF7m2zljg,
f7e3c377-f3d3-5394-8d8d-6fcacab257d0,cf6e97ea-b4b8-5910-8654-6fc3800d060a,4,Dil Kaagzi,Neeti Mohan,4.0,http://www.youtube.com/watch?v=UhxMQ3_M9NE,https://music.youtube.com/watch?v=XrN3Ez6onJc,https://music.youtube.com/watch?v=UhxMQ3_M9NE,https://music.youtube.com/watch?v=MaueBoysSOw
52069f30-f0c5-56f5-8aa5-faa32eb4e668,76b615a2-1c52-5aca-af20-080bff341e8f,2,Khoon Choos Le,"Arjun Kanungo, Suraj Jagan, Priya Panchal",4.0,http://www.youtube.com/watch?v=5qQPYrSiazs,https://music.youtube.com/watch?v=JV9dyVP3D5g,https://music.youtube.com/watch?v=0YBahWJLjPM,https://music.youtube.com/watch?v=5dUOe0xEj1E
5bac75ac-7685-5c9a-bbe5-c4cab2adfd15,76b615a2-1c52-5aca-af20-080bff341e8f,3,Babaji Ki Booti,"Sachin Sanghvi, Jigar Saraiya, Kunal Khemu, Bornalee Deuri, Raj Nidimoru, Krishna D.K., Anand Tiwari - I",4.0,http://www.youtube.com/watch?v=Ah_xyj4qIvU,https://music.youtube.com/watch?v=U9f_YMWuorc,https://music.youtube.com/watch?v=h2nS6DBRA7E,https://music.youtube.com/watch?v=xtMGcKXd5HU
400e9a97-b2cc-5a55-b173-2fa760c86331,76b615a2-1c52-5aca-af20-080bff341e8f,4,Khushamdeed,Shreya Ghoshal,4.33,http://www.youtube.com/watch?v=DrjMgzVoCB8,https://music.youtube.com/watch?v=N60FmXMLcHI,https://music.youtube.com/watch?v=pj450uzYVrw,https://music.youtube.com/watch?v=QF7GcizogYU
1ce7a63b-e750-5448-b1a1-52ad186800f3,15384d7a-6431-5aa5-875e-437545e9860d,6,Laal Ishq,Arijit Singh,4.75,http://www.youtube.com/watch?v=GEH3Aev0uME,https://music.youtube.com/watch?v=GEH3Aev0uME,https://music.youtube.com/watch?v=sxWZQwbJgWo,https://music.youtube.com/watch?v=Oz9qw0jGa7s
70851417-11aa-56bd-8a82-4b6fc088f825,d4cd16e6-2d47-533c-80b5-4dc2bff9ed27,5,Aaja Aaja Meri Jaan,Mauli Dave,4.0,https://www.youtube.com/watch?v=KOn-GT2DNpU,https://music.youtube.com/watch?v=gyX2Dzqc6b0,https://music.youtube.com/watch?v=rC48w2MBjB4,https://music.youtube.com/watch?v=Ko9RZDZN22Q
d8a41a5b-9047-54d3-ae24-ccfde416cfc6,cb0b96ac-d85b-5225-98f1-64aa8506569a,6,Saajna (Unplugged),Falak Shabir,4.0,http://www.youtube.com/watch?v=AI9bmLEx2yw,https://music.youtube.com/watch?v=hlRTxA10eRA,https://music.youtube.com/watch?v=Hv-f1t7zRPc,https://music.youtube.com/watch?v=5agwoDdsyO8
e7443b14-39ba-5686-b717-ee82d7a0669a,0fc83c1c-0342-5a36-a433-cd46c4b81bef,2,Aye Dil Bata,Arijit Singh,4.0,https://www.youtube.com/watch?v=-U8uBZsNYsc,https://music.youtube.com/watch?v=YFOZNghittg,https://music.youtube.com/watch?v=RVBMKrvZbYE,https://music.youtube.com/watch?v=hKq-rjWl5Fs
7d6aab17-db0e-5874-a09c-c72a00c9a7b9,cab2f2bc-6389-5b66-8bd6-4ecb43fdc726,1,Kabhi Jo Baadal Barse (Male),Arijit Singh,4.0,http://www.youtube.com/watch?v=RazuWp5kSHk,https://music.youtube.com/watch?v=Ni7-TiV7cM0,https://music.youtube.com/watch?v=d7XljvG1jEs,https://music.youtube.com/watch?v=UgZ9zygSAro
9ae95f17-b718-5016-9e8a-e0ba425730f5,cab2f2bc-6389-5b66-8bd6-4ecb43fdc726,8,Kabhi Jo Baadal Barse (Female Version),Shreya Ghoshal,4.0,http://www.youtube.com/watch?v=Z94w_yIDNu8,https://music.youtube.com/watch?v=b35LeiFdH-Q,https://music.youtube.com/watch?v=uHxx_TapIq0,https://music.youtube.com/watch?v=Z94w_yIDNu8
3b5ebf8e-a1bc-5b41-9277-83507426f034,f793ed54-7eb7-5f73-a513-6f82c72e9445,1,Charon Taraf,Faisal Kapadia,4.0,http://www.youtube.com/watch?v=ghgUZBCF_XY,https://music.youtube.com/watch?v=88XHWjbiPe0,https://music.youtube.com/watch?v=rQL9s45w1PY,https://music.youtube.com/watch?v=YasyjL0v3_Q
7e7a254a-bf44-58d1-89ed-08e2596f58df,7797034c-f628-5733-844e-380082c12828,1,Manjha,Amit Trivedi,4.88,https://www.youtube.com/watch?v=YKcmMmJlKNk,https://music.youtube.com/watch?v=jZbXUVEFLv8,,
4ef14519-74bd-5f23-9da8-e1740643bd64,7797034c-f628-5733-844e-380082c12828,2,Shubhaarambh,"Shruti Pathak, Divya Kumar",4.6,https://www.youtube.com/watch?v=dlz09a-pyPE,https://music.youtube.com/watch?v=5tzXovJu_HE,https://music.youtube.com/watch?v=Gx_Rqsq1DIw,
8aac475d-78e6-5f88-8e18-1336afdf5238,7797034c-f628-5733-844e-380082c12828,3,Meethi Boliyan,"Amit Trivedi, Mili Nair",4.62,https://www.youtube.com/watch?v=BO9cos32DYc,https://music.youtube.com/watch?v=KKbjgYD3wbQ,https://music.youtube.com/watch?v=17yjetNL86I,
6d092da8-92ac-5469-bd78-6ac2e3c11fca,7797034c-f628-5733-844e-380082c12828,11,Kai Po Che,,4.0,https://www.youtube.com/watch?v=H0Buc5OJ5iI,https://music.youtube.com/watch?v=6XvyKlvl31o,https://music.youtube.com/watch?v=5tzXovJu_HE,https://music.youtube.com/watch?v=KKbjgYD3wbQ
bee26b2a-0475-54a5-a3e8-8ef7b8717d83,b7b2e4f4-c282-5b16-9e0f-7742ca768a7d,1,Sanwaar Loon,Monali Thakur,4.9,http://www.youtube.com/watch?v=-90dVsutSUg,https://music.youtube.com/watch?v=GpLj8f2CI00,,
eb3983c7-752c-54f3-9f76-8357ff689b20,b7b2e4f4-c282-5b16-9e0f-7742ca768a7d,2,Ankahee,Amitabh Bhattacharya,4.71,http://www.youtube.com/watch?v=DR0S-ocAmvo,https://music.youtube.com/watch?v=BifUBP3gv5I,https://music.youtube.com/watch?v=1xBQyfQ0uvs,
760f4b3d-9a14-5b9c-8c1e-14de613f42a3,b7b2e4f4-c282-5b16-9e0f-7742ca768a7d,3,Shikayatein Mitaane Lagi Subah Bedagh Hai,"K. Mohan, Amitabh Bhattacharya",4.71,http://www.youtube.com/watch?v=p5BNyEfMDwU,https://music.youtube.com/watch?v=ZUeNXcG0qe4,,
7b974d13-6b63-5000-9469-1cef07221900,b7b2e4f4-c282-5b16-9e0f-7742ca768a7d,4,Monta Re,"Swanand Kirkire, Amitabh Bhattacharya",4.17,http://www.youtube.com/watch?v=vge5JTkRGLQ,https://music.youtube.com/watch?v=ZikBTLDBmm4,https://music.youtube.com/watch?v=K6cjoEGIqqs,https://music.youtube.com/watch?v=DeJp-Rn__9M
27655db1-c21c-5837-a6b3-9aff99e258bb,b7b2e4f4-c282-5b16-9e0f-7742ca768a7d,5,Zinda Hoon Yaar Kaafi Hai,Amit Trivedi,4.71,http://www.youtube.com/watch?v=cgHLvt0rxmM,https://music.youtube.com/watch?v=K9opdAw3Osk,https://music.youtube.com/watch?v=7ZgkN5lI904,
6f58e2f3-ddeb-5a5a-b117-be5165eda104,b7b2e4f4-c282-5b16-9e0f-7742ca768a7d,6,Manmarziyan,"Shilpa Rao, Amitabh Bhattacharya, Amit Trivedi",4.71,http://www.youtube.com/watch?v=RFNmDyBKqk8,https://music.youtube.com/watch?v=70xrMgL395Y,https://music.youtube.com/watch?v=xMMmHLjjIrg,https://music.youtube.com/watch?v=YTo1xw_PJhg
74fbf199-e17f-5734-bfee-2b0cbe28e9c4,ca9e2d9f-40e8-5378-9ca4-cf4fdedf735f,1,Sun Le Re,Papon,4.0,https://www.youtube.com/watch?v=CWgpfxiuY8E,https://music.youtube.com/watch?v=C2KH8F91AJc,https://music.youtube.com/watch?v=tJ3PfHKKDfg,https://music.youtube.com/watch?v=QNBBHGOlt1k
389c97c6-1002-51d5-bb4e-47db19fea81f,ca9e2d9f-40e8-5378-9ca4-cf4fdedf735f,2,Ajnabi,Zebunnissa Bangash,4.0,http://www.youtube.com/watch?v=efeX-YZcRiw,https://music.youtube.com/watch?v=E-0kowCag2c,https://music.youtube.com/watch?v=Fl5zw19YiRs,https://music.youtube.com/watch?v=IEqnalIXL7U
9a63e49e-524d-5211-bb60-43f31e62d2dc,ca9e2d9f-40e8-5378-9ca4-cf4fdedf735f,3,Khud Se,Papon,4.0,https://www.youtube.com/watch?v=I0fCHQmtoJ4,https://music.youtube.com/watch?v=lDR7P2A3zaI,https://music.youtube.com/watch?v=I0fCHQmtoJ4,
462c333a-8ecb-5080-bcaf-71dc2bd98be9,b20745c0-39b5-5426-85ab-fc1a5d738e82,2,Tose Naina Jab Se Mile,Arijit Singh,4.0,http://www.youtube.com/watch?v=tk1nt6LXRCk,https://music.youtube.com/watch?v=tk1nt6LXRCk,https://music.youtube.com/watch?v=nDMwW41AlSI,https://music.youtube.com/watch?v=5yzz0D0jGgs
d9418a11-f131-5ed1-b4e2-38716b550cb7,939920f3-e0b9-5850-a910-4ed83a81b39e,1,Mera Mann Kehne Laga,Falak Shabir,4.25,http://www.youtube.com/watch?v=j2c2qQoM8FI,https://music.youtube.com/watch?v=j2c2qQoM8FI,https://music.youtube.com/watch?v=pHjMucNxJS0,
b9188563-84f7-5305-9018-e9195c7b16f6,939920f3-e0b9-5850-a910-4ed83a81b39e,2,Saadi Galli Aaja,"Ayushmann Khurrana, Neeti Mohan",4.14,http://www.youtube.com/watch?v=cU3IO6Am65o,https://music.youtube.com/watch?v=D2t8buu_7tU,https://music.youtube.com/watch?v=kut3TKQFO0w,https://music.youtube.com/watch?v=LCmuhn7BIac
3dc15def-3b30-5722-aa6d-ac1d0f5bc357,939920f3-e0b9-5850-a910-4ed83a81b39e,9,Mera Mann Kehne Laga (Reprise),Falak Shabir,4.0,https://www.youtube.com/watch?v=nyFzXp5R0MI,https://music.youtube.com/watch?v=j2c2qQoM8FI,https://music.youtube.com/watch?v=pHjMucNxJS0,
22798629-7d01-50d3-bb64-85d82eb23766,384a1bf2-1bee-5692-bcd3-1dbefc7748f2,1,Pa Pa Pa9giotis,Nandini Srikar,4.25,http://www.youtube.com/watch?v=fMCEdT5EjLU,https://music.youtube.com/watch?v=fMCEdT5EjLU,,
73c05819-71e0-5e86-a634-36c28271af19,590619b0-b470-5e8a-9ecd-46997c2cb383,2,Main Rang Sharbaton Ka,"Atif Aslam, Chinmayi Sripaada",4.0,http://www.youtube.com/watch?v=GnzZyGQi2ps,https://music.youtube.com/watch?v=cE4atI_v-Z0,https://music.youtube.com/watch?v=3tAmZlcZsHo,https://music.youtube.com/watch?v=CCCn8oOk8cU
6f047a67-11ca-57dd-9b69-b619c564decc,86a6c47c-f77d-53ff-b05a-7270c7bfdfd3,1,Raanjhanaa,"Jaswinder Singh, Shiraz Uppal",4.4,http://www.youtube.com/watch?v=vgm1u2gPxzw,https://music.youtube.com/watch?v=75o1iC1OSrE,https://music.youtube.com/watch?v=lJXLtQc8BlU,https://music.youtube.com/watch?v=GkEXp4FVxSo
920a5745-ae00-559f-b029-1ec91099f91f,86a6c47c-f77d-53ff-b05a-7270c7bfdfd3,2,Banarasiya,Shreya Ghoshal,4.0,http://www.youtube.com/watch?v=hqaOn_Vugeo,https://music.youtube.com/watch?v=hqaOn_Vugeo,https://music.youtube.com/watch?v=gBhE0FgPB-0,https://music.youtube.com/watch?v=mX5jY_v8tg8
9c203861-a675-5013-b064-7f45b1b9ccb1,86a6c47c-f77d-53ff-b05a-7270c7bfdfd3,3,Piya Milenge,"Sukhwinder Singh, KMMC Sufi Ensemble",4.43,http://www.youtube.com/watch?v=HXVO-SyVfng,https://music.youtube.com/watch?v=0YzoTG7AbzQ,https://music.youtube.com/watch?v=aUlQTIFyU8A,https://music.youtube.com/watch?v=HXVO-SyVfng
e909880c-00ab-5fe4-9131-dcf95a4659a4,86a6c47c-f77d-53ff-b05a-7270c7bfdfd3,4,Ay Sakhi,"Madhushree, Chinmayi, Vaishali, Aanchal Sethi",4.0,http://www.youtube.com/watch?v=rEKEeNk5nB4,https://music.youtube.com/watch?v=rEKEeNk5nB4,https://music.youtube.com/watch?v=0Hewpf1XQcw,https://music.youtube.com/watch?v=solQSQaAUX0
8669e13a-88d0-5c14-a422-93deb2046044,86a6c47c-f77d-53ff-b05a-7270c7bfdfd3,6,Tu Mun Shudi,"Rabbi Shergill, A.R. Rahman",4.0,http://www.youtube.com/watch?v=e8_iEz1xGiQ,https://music.youtube.com/watch?v=LaF8IXGBg5w,https://music.youtube.com/watch?v=e8_iEz1xGiQ,https://music.youtube.com/watch?v=k0ku8aKf6cA
ab7b95bb-7c4b-5d4b-9bf2-ee6d3ec52d0c,86a6c47c-f77d-53ff-b05a-7270c7bfdfd3,7,Aise Naa Dekho,A.R. Rahman,4.33,http://www.youtube.com/watch?v=bezD7E2MEU8,https://music.youtube.com/watch?v=WB3E_2XIoa4,https://music.youtube.com/watch?v=IMq-PODPkWk,https://music.youtube.com/watch?v=BUtEsuuPL60
aebc41ed-a280-54d4-a03f-ec8252cb8ad6,86a6c47c-f77d-53ff-b05a-7270c7bfdfd3,9,Tum Tak,"Javed Ali, Keerthi Sagathia, A.V. Pooja",4.0,http://www.youtube.com/watch?v=k09uvR5eUao,https://music.youtube.com/watch?v=_vFaCY9XaIQ,https://music.youtube.com/watch?v=Wq1zDZ81YhU,https://music.youtube.com/watch?v=k09uvR5eUao
3bcd5325-efd0-5b44-b5ad-35aaf6f94055,1f8cd654-56bc-5261-95d0-99a5c4b9da88,5,Kaun Mera Kya Tu Laage (Male),Angaraag Mahanta,4.0,http://www.youtube.com/watch?v=uW9kO3-JOgY,https://music.youtube.com/watch?v=uW9kO3-JOgY,https://music.youtube.com/watch?v=sPH2-1zlHMc,https://music.youtube.com/watch?v=j8naefuRSbA
ee4dfb0c-e71c-5417-b05f-048199fabec9,1f8cd654-56bc-5261-95d0-99a5c4b9da88,7,Kaun Mera Kya Tu Laage (Female),Sunidhi Chauhan,4.0,https://www.youtube.com/watch?v=6DkhAFQ8_Rs,https://music.youtube.com/watch?v=6DkhAFQ8_Rs,https://music.youtube.com/watch?v=-s4wcxCWDXo,https://music.youtube.com/watch?v=sPH2-1zlHMc
dbdc6159-4582-5a48-9b89-62aa1c22c102,fe2519e0-c155-5e7e-a8f9-bcd29fa930e2,1,Kangna,"Fareed Ayaz, Abu Mohammed",4.0,https://www.youtube.com/watch?v=7yPlSaSwxyM,https://music.youtube.com/watch?v=ZovEvcw-R7U,https://music.youtube.com/watch?v=BXmIpbBOSvI,https://music.youtube.com/watch?v=2a2cdb7ET0g
877943c2-f777-5950-b651-7f27bfaf7b95,64f2c36e-c65b-55a7-b6e9-31206305535e,1,Dhadkan Dhadkan Dhadak Raha Hai,Jagjit Singh,4.5,https://www.youtube.com/watch?v=AOfw5Ej0Ac0,https://music.youtube.com/watch?v=AOfw5Ej0Ac0,https://music.youtube.com/watch?v=q4bSRZu7QEw,https://music.youtube.com/watch?v=lRlJHCpVWu0
0fbe50bb-4fe9-5f9e-bd5f-0553a6a99540,64f2c36e-c65b-55a7-b6e9-31206305535e,3,Zindagi Jaisi Tammanna Thi,Jagjit Singh,4.5,https://www.youtube.com/watch?v=PIBvQ5FXDts,https://music.youtube.com/watch?v=PIBvQ5FXDts,https://music.youtube.com/watch?v=M108n1BBwKc,https://music.youtube.com/watch?v=mhurRwUJopk
9afc80fe-1458-5088-ba62-97c4e84451cf,64f2c36e-c65b-55a7-b6e9-31206305535e,5,Khuda Ke Vaaste Apna Hisaab,Jagjit Singh,4.5,https://www.youtube.com/watch?v=Fjleqj8Spno,https://music.youtube.com/watch?v=Fjleqj8Spno,https://music.youtube.com/watch?v=zOmdz1Pqn68,https://music.youtube.com/watch?v=avTtSWa1F04
8d0fdddc-b181-5c24-be7f-b943028e02bd,0e2dc9b8-08a2-5b46-a5fa-7936a308c76b,1,Badtameez Dil Maane Na,"Benny Dayal, Shefali Alvares",4.5,http://www.youtube.com/watch?v=II2EO3Nw4m0,https://music.youtube.com/watch?v=pwKmLIPvEjI,https://music.youtube.com/watch?v=B9CGEsexO24,https://music.youtube.com/watch?v=IuKjm80TAqw
143fdd72-9876-5a1a-8c84-f891500260f0,0e2dc9b8-08a2-5b46-a5fa-7936a308c76b,4,Re Kabira Maan Ja,"Rekha Bhardwaj, Tochi Raina",4.25,http://www.youtube.com/watch?v=jHNNMj5bNQw,https://music.youtube.com/watch?v=gmoucRvDfIk,,
78ff7c98-0b0e-5bc3-89a2-aae1a6369203,0e2dc9b8-08a2-5b46-a5fa-7936a308c76b,8,Re Kabira Maan Ja (Encore),"Arijit Singh, Harshdeep Kaur",4.75,http://www.youtube.com/watch?v=MuCfsZk9lbU,https://music.youtube.com/watch?v=jJ4AsIV1FDI,https://music.youtube.com/watch?v=cG4ME1stMS4,https://music.youtube.com/watch?v=gmoucRvDfIk
da3cc35f-aaa3-57ca-b9bf-75bdb521477f,17dfcdc5-9e51-5555-8009-8ef58802d284,3,Mast Magan,"Arijit Singh, Chinmayi Sripaada",4.2,https://www.youtube.com/watch?v=xitd9mEZIHk,https://music.youtube.com/watch?v=InD68CDGT9Q,https://music.youtube.com/watch?v=lVpZaByCWUE,
ff8fbc07-2c32-585c-9ce5-9f58dec7a44a,17dfcdc5-9e51-5555-8009-8ef58802d284,5,Chaandaniya,"K. Mohan, Yashita Sharma",4.0,https://www.youtube.com/watch?v=P0KasU0HXD0,https://music.youtube.com/watch?v=P0KasU0HXD0,https://music.youtube.com/watch?v=Rg6OGGp7PhY,https://music.youtube.com/watch?v=h-zueoz5yF0
5f491bed-e9b0-53d5-8703-fdfc440ee07e,5ff0ce2f-c90b-5ed0-ad58-777973ac9c83,1,Ab Main Kya Karoon,Raghu Dixit,4.0,https://www.youtube.com/watch?v=jmgoP5NrWsU,https://music.youtube.com/watch?v=jmgoP5NrWsU,https://music.youtube.com/watch?v=lm6b6SPpTBg,https://music.youtube.com/watch?v=WDYMbUGlHhg
9c150ec7-50be-553f-aba8-cfc0bdee4748,e3d99228-034c-5cd8-9b5e-8ee670e70f73,1,Aaj Laagi Laagi Nai Dhoop,Kailash Kher,4.0,https://www.youtube.com/watch?v=QO5WfifLdcg,https://music.youtube.com/watch?v=cf6q1ZdjzI8,https://music.youtube.com/watch?v=-fpinYCKcSk,https://music.youtube.com/watch?v=QO5WfifLdcg
4dce3b8a-5dd6-5d53-b255-3d9d8d4062d1,e3d99228-034c-5cd8-9b5e-8ee670e70f73,2,Aayi Bahaar,Kailash Kher,4.0,https://www.youtube.com/watch?v=Q5I3LRKeI5g,https://music.youtube.com/watch?v=Q5I3LRKeI5g,https://music.youtube.com/watch?v=Y8_K0ML55_c,
c42e7e15-2d4c-55bb-bd06-92761029e510,e3d99228-034c-5cd8-9b5e-8ee670e70f73,3,Kaise Sukh Soyein,Ronkini Gupta,4.0,https://www.youtube.com/watch?v=O1cRhOztAWQ,https://music.youtube.com/watch?v=2vgQ6Bs-zy8,https://music.youtube.com/watch?v=w_yba2DIjS0,https://music.youtube.com/watch?v=O1cRhOztAWQ
b1e56dae-bcf8-5c0d-9ae1-be0ab1f09fd6,e3d99228-034c-5cd8-9b5e-8ee670e70f73,4,Yaad Saari Baari Baari,Kailash Kher,4.0,https://www.youtube.com/watch?v=nx6qhcOJdmo,https://music.youtube.com/watch?v=KuD15oWfAQ4,https://music.youtube.com/watch?v=PuCHPz89Nrk,https://music.youtube.com/watch?v=GNeaCmQkpd8
8b0aefd6-3a20-5492-be38-6bc356e36e8d,e3d99228-034c-5cd8-9b5e-8ee670e70f73,6,Dheeme Re Re,Mansheel Gujral,4.0,https://www.youtube.com/watch?v=hb-S2QcBpl4,https://music.youtube.com/watch?v=hb-S2QcBpl4,https://music.youtube.com/watch?v=xkyhf9evugE,
c9034643-a953-51ae-bfbd-44a5eb1bc46b,d5204cd9-ba4e-5062-9fe4-1a41598beeaf,5,Meherbaan (Reprise),Shekhar Ravjiani,4.0,https://www.youtube.com/watch?v=rZJGxWPjDpY,https://music.youtube.com/watch?v=BHPaDY735GU,https://music.youtube.com/watch?v=Qe18x3hETA0,https://music.youtube.com/watch?v=F8cfT6GXXeE
e1fa6bf1-53b3-53c6-84f9-2a60d79f984f,cb3a83c5-7092-5897-b4ef-ac07ea613f0d,1,Beparwah,Khalid Ahamed,4.0,https://www.youtube.com/watch?v=MNmiN43iAyQ,https://music.youtube.com/watch?v=MNmiN43iAyQ,https://music.youtube.com/watch?v=gW19tKC1R-4,https://music.youtube.com/watch?v=399AhV_qaDA
fb976e27-0b1c-5331-85e6-6617eee1de77,cb3a83c5-7092-5897-b4ef-ac07ea613f0d,2,Ab Ki Ye Subah,Khalid Ahamed,4.5,https://www.youtube.com/watch?v=_7Cn3HNciBI,https://music.youtube.com/watch?v=_7Cn3HNciBI,https://music.youtube.com/watch?v=jK38iP49i_M,https://music.youtube.com/watch?v=wrUOotzYi38
35299e9d-55bc-513e-a06e-4c0578c39164,cb3a83c5-7092-5897-b4ef-ac07ea613f0d,5,Baran,Khalid Ahamed,4.0,https://www.youtube.com/watch?v=sd9akn_TpLo,https://music.youtube.com/watch?v=sd9akn_TpLo,https://music.youtube.com/watch?v=EqJVezaCBx8,
6dfebd4c-3364-52f8-bd22-6693c4b98847,e80f0232-dea5-574f-9e18-2b142a27abc6,3,Bewakoofiyaan,Raghu Dixit,4.0,https://www.youtube.com/watch?v=wHfPuikFRM0,https://music.youtube.com/watch?v=hh0r0dEl-6U,https://music.youtube.com/watch?v=J7004nOlKXA,https://music.youtube.com/watch?v=x574781jPKE
d66687a0-9d0a-5543-8480-4e753e9dbece,58afc299-265d-5c6f-8cf7-c16cf03ca3ed,2,Tu Mera Afsana (Arziyan De Raha Hai Dil Aao),"Papon, Shreya Ghoshal",4.0,https://www.youtube.com/watch?v=QGJdBK2xtys,https://music.youtube.com/watch?v=z5fjtVZxChg,https://music.youtube.com/watch?v=QGJdBK2xtys,https://music.youtube.com/watch?v=vnw7O2SqMPk
24eab746-fcf5-51a8-b1d3-41f858d39bd2,58afc299-265d-5c6f-8cf7-c16cf03ca3ed,5,Tu Mera Afsana (Arziyan De Raha Hai Dil Aao) (Reprise),"Papon, Shreya Ghoshal",4.0,https://www.youtube.com/watch?v=z5fjtVZxChg,https://music.youtube.com/watch?v=z5fjtVZxChg,https://music.youtube.com/watch?v=QGJdBK2xtys,https://music.youtube.com/watch?v=vnw7O2SqMPk
2cdac424-d638-55bb-a5ab-8af989138cc4,3c40d81b-c2d7-5b8b-8aaa-a2d45800eaf7,1,Muskurane Ki Wajah Tum Ho (Romantic),Arijit Singh,4.25,https://www.youtube.com/watch?v=HQ4Ox7mLqds,https://music.youtube.com/watch?v=HQ4Ox7mLqds,https://music.youtube.com/watch?v=orAi-ekH7Kg,
00deb239-8afa-577c-b9cd-6c4b9699b7c2,3c40d81b-c2d7-5b8b-8aaa-a2d45800eaf7,2,Muskurane Ki Wajah Tum Ho (Unplugged),Mohammed Irfan,4.0,https://www.youtube.com/watch?v=-EJ_lk8_7Ss,https://music.youtube.com/watch?v=STJZyH2inrQ,https://music.youtube.com/watch?v=7DZF5vjUGWM,
336d7fb9-3b15-51e7-a9c1-5b21bb3d2993,3c40d81b-c2d7-5b8b-8aaa-a2d45800eaf7,4,Ek Chiraiya,Arijit Singh,4.0,https://www.youtube.com/watch?v=MRHX2FUHyCs,https://music.youtube.com/watch?v=ncDpcNVWTO8,https://music.youtube.com/watch?v=MRHX2FUHyCs,
e6cf26e1-0ea0-57fa-863b-0fc4bbe7f106,3c40d81b-c2d7-5b8b-8aaa-a2d45800eaf7,7,Citylights (Title Song),"Usha Uthup, Ustad Rashid Khan",4.0,https://www.youtube.com/watch?v=DM5833K_5p8,https://music.youtube.com/watch?v=CRdSt7YOK1M,https://music.youtube.com/watch?v=PJ76ihmjbUk,
7c1fdb34-e0b8-5288-83fd-ca297bd2ec6d,eaf7fcbc-a660-5aa6-8b61-a92812f3f9ac,1,Tak Dhoom,"Kailash Kher, Rahat Fateh Ali Khan",4.0,https://www.youtube.com/watch?v=XMqAYe5i82U,https://music.youtube.com/watch?v=XMqAYe5i82U,https://music.youtube.com/watch?v=PqRAM8ABYNA,https://music.youtube.com/watch?v=KRX0DA8yqq0
5eb96cc1-6120-5d9d-a35e-8b63515eacdc,eaf7fcbc-a660-5aa6-8b61-a92812f3f9ac,2,Albeliya,Shreya Ghoshal,4.2,https://www.youtube.com/watch?v=Zq_-l36_6iE,https://music.youtube.com/watch?v=oXUcd9MHZKo,https://music.youtube.com/watch?v=GWwKxruSj5Q,https://music.youtube.com/watch?v=trjBDONV2CY
d5a76f09-7978-5451-bc39-580beef8ea96,1b0560b0-ae24-53f1-8e69-a318b00db0bd,1,Teri Galiyan,Ankit Tiwari,4.5,https://www.youtube.com/watch?v=FxAG_11PzCk,https://music.youtube.com/watch?v=i-EXgX279wU,https://music.youtube.com/watch?v=4-UUCyoH4Is,
6268ed7e-e9fd-55d8-b45a-3d00df7bd162,1b0560b0-ae24-53f1-8e69-a318b00db0bd,2,Banjaara,Mohammed Irfan,4.25,https://www.youtube.com/watch?v=0NFxcNheoLc,https://music.youtube.com/watch?v=xGmXjzYEF0g,https://music.youtube.com/watch?v=2v39Ft05V2c,
74cce6a5-5f7a-5535-bbac-7d420f2fb3d1,1b0560b0-ae24-53f1-8e69-a318b00db0bd,5,Jo Tu Mera Humdard Hai,Arijit Singh,4.0,https://www.youtube.com/watch?v=FJ55SHCzt88,https://music.youtube.com/watch?v=Z_Pr3Z9jz8I,https://music.youtube.com/watch?v=Qw6gVh3tvlk,
2ec39d28-9059-519c-9893-18b623bd9c81,1b0560b0-ae24-53f1-8e69-a318b00db0bd,6,Teri Galiyan (Unplugged),"Shraddha Kapoor, Ankit Tiwari",4.0,https://www.youtube.com/watch?v=4lVn4fyQLoE,https://music.youtube.com/watch?v=i-EXgX279wU,https://music.youtube.com/watch?v=8k9d8RISW5I,https://music.youtube.com/watch?v=wPzdyI3TOtM
92dcbeae-0c7f-5227-b748-4fa7fcb4d9c6,d7e7e3c2-3f86-5106-82cf-f19c48f98eb8,1,Fanny Re,Mir Mukhtiyar Ali,4.0,https://www.youtube.com/watch?v=5N7QbQ1fkyM,https://music.youtube.com/watch?v=5N7QbQ1fkyM,https://music.youtube.com/watch?v=wn1BzGemWkU,https://music.youtube.com/watch?v=oMqG2tUCghc
9be803bf-d266-5994-b610-1509fcefae25,79d49f47-eeb2-5039-8b9c-5a38fc5a0dde,2,Bismil,Sukhwinder Singh,4.5,https://www.youtube.com/watch?v=p6ZxI5_A69M,https://music.youtube.com/watch?v=50q8wD6MXgI,https://music.youtube.com/watch?v=Kw2GoH3YfPA,https://music.youtube.com/watch?v=L1PGrxRMve8
e70740d2-6039-5b5f-b658-b5d690ca7abb,79d49f47-eeb2-5039-8b9c-5a38fc5a0dde,3,Khul Kabhi Toh,Arijit Singh,4.5,https://www.youtube.com/watch?v=2E4aaIvrU7Q,https://music.youtube.com/watch?v=J2eIBCC_Rsw,https://music.youtube.com/watch?v=tPN2U8RlVUQ,https://music.youtube.com/watch?v=6PTscslenUQ
ae6c5e29-4efd-53d3-8d50-25d8efa682d9,79d49f47-eeb2-5039-8b9c-5a38fc5a0dde,4,Jhelum,Vishal Bhardwaj,4.33,https://www.youtube.com/watch?v=ynWAfb1yKU8,https://music.youtube.com/watch?v=n04h_FL47jc,https://music.youtube.com/watch?v=4-JDqhIEYxY,https://music.youtube.com/watch?v=VtggucdVpvw
21d7bf49-eff9-5b68-ae8e-59deb815df78,79d49f47-eeb2-5039-8b9c-5a38fc5a0dde,5,Gulon Mein Rang Bhare,Arijit Singh,4.33,https://www.youtube.com/watch?v=KNQ7ElKRtAs,https://music.youtube.com/watch?v=WH505RVLTYM,https://music.youtube.com/watch?v=q38lDb6w1p0,https://music.youtube.com/watch?v=Q_8APMx_gRo
40a8bcba-215d-53bb-81ff-595a7d44d826,79d49f47-eeb2-5039-8b9c-5a38fc5a0dde,6,Do Jahan,"Suresh Wadkar, Shraddha Kapoor",4.0,https://www.youtube.com/watch?v=78yAObeAEQ4,https://music.youtube.com/watch?v=sf9IbP0OOUc,https://music.youtube.com/watch?v=t2X8_HMFl0c,
4e53fc96-d681-5f39-86a2-38b7c9da71cd,79d49f47-eeb2-5039-8b9c-5a38fc5a0dde,9,Aaj Ke Naam,Rekha Bhardwaj,4.0,https://www.youtube.com/watch?v=yEhaan9joj8,https://music.youtube.com/watch?v=yEhaan9joj8,https://music.youtube.com/watch?v=KvyLpl-cYsI,https://music.youtube.com/watch?v=0gRXFKn2tsQ
e2d60dd8-70d7-5535-b2b6-983541ee5d82,3da740db-b3e5-5dff-8db0-590598c2a59f,1,Paaji Tussi Such A Pussycat,"Amitabh Bhattacharya, Jigar Saraiya, Divya Kumar",4.0,https://www.youtube.com/watch?v=Ouf1AYsjOSA,https://music.youtube.com/watch?v=kJc4sj2k2N4,https://music.youtube.com/watch?v=13B1uB8DLwM,https://music.youtube.com/watch?v=ctOt_NUBKD8
2bc55e6b-ae47-5c2d-8399-c3a16ee0d0fb,661f0b6e-d104-5c14-afa2-9a02d5760f70,2,Manwa Laage,"Arijit Singh, Shreya Ghoshal",4.0,https://www.youtube.com/watch?v=d8IT-16kA8M,https://music.youtube.com/watch?v=njj_kaZHfCQ,https://music.youtube.com/watch?v=W9LxP3-3VdM,
f16d9b03-31ba-5bff-8562-a05832b3fbaa,acf6f140-a606-5b0b-a385-5cbf6562e12d,3,Zehnaseeb,"Chinmayi Sripaada, Shekhar Ravjiani",4.33,https://www.youtube.com/watch?v=KLYwt0YmQw8,https://music.youtube.com/watch?v=qug-H-sLd04,https://music.youtube.com/watch?v=2g-p76-r33I,
e1f31902-ec1a-563d-a982-3c0b99f604a5,38b9a32a-4df0-5e25-ac2e-5d51d18fdd93,2,Main Dhoondhne Ko Zamaane Mein,Arijit Singh,4.17,http://www.youtube.com/watch?v=zNj8XNswU-8,https://music.youtube.com/watch?v=xibAhBuzJgY,https://music.youtube.com/watch?v=qZSyrwmcLvE,https://music.youtube.com/watch?v=3cXGcrdtTV8
f23018f1-61d2-5701-a27a-64a33dbde75e,6a244cb4-d37a-5f6d-8dbb-ed934416543e,1,Patakha Guddi (Female Version),Nooran Sisters,4.5,http://www.youtube.com/watch?v=cprez2G15LI,https://music.youtube.com/watch?v=8HDTS80dlr4,https://music.youtube.com/watch?v=2y9Fp4ocBWg,https://music.youtube.com/watch?v=NpGfDUV-Ufk
362e0b7d-0928-55a4-bd64-bfdf846bf2fb,6a244cb4-d37a-5f6d-8dbb-ed934416543e,2,Maahi Ve,A.R. Rahman,4.8,https://www.youtube.com/watch?v=s8aAlUynpEY,https://music.youtube.com/watch?v=xHLnZMjJ8bY,https://music.youtube.com/watch?v=LBnHAzpyra4,https://music.youtube.com/watch?v=x0zC7ATLLT4
06733c4a-ba04-57b3-a3b1-2fbd3c7965fd,6a244cb4-d37a-5f6d-8dbb-ed934416543e,3,Kahaan Hoon Main,Jonita Gandhi,4.33,https://www.youtube.com/watch?v=iAxCcecVaig,https://music.youtube.com/watch?v=iAxCcecVaig,https://music.youtube.com/watch?v=eIMDUmyQ08o,https://music.youtube.com/watch?v=gFXb7UwYPRc
fd901276-22a9-5eb4-92c9-37dea5ff8b78,6a244cb4-d37a-5f6d-8dbb-ed934416543e,5,Sooha Saaha,"Zebunnissa Bangash, Alia Bhatt",4.2,https://www.youtube.com/watch?v=nzUmTp6apx8,https://music.youtube.com/watch?v=nzUmTp6apx8,https://music.youtube.com/watch?v=uljeTQdSzLs,https://music.youtube.com/watch?v=_-s-aL8OQa0
dc9c180e-a4e5-5cd7-91cf-36603949ac63,6a244cb4-d37a-5f6d-8dbb-ed934416543e,6,Patakha Guddi (Male Version),A.R. Rahman,4.5,https://www.youtube.com/watch?v=8HDTS80dlr4,https://music.youtube.com/watch?v=30zJZPb-o3Q,https://music.youtube.com/watch?v=LhfulbP46i0,https://music.youtube.com/watch?v=u_9KqtvNjFo
fb3a26b4-092a-52d6-b41a-0663389c3217,6a244cb4-d37a-5f6d-8dbb-ed934416543e,8,Tu Kuja,Sunidhi Chauhan,4.0,https://www.youtube.com/watch?v=_7oqN2WeRNM,https://music.youtube.com/watch?v=KWRo-7Dn_Rg,https://music.youtube.com/watch?v=Edr0MzQfUgc,https://music.youtube.com/watch?v=lJdeU9VUFDE
09c9afd3-87c2-5023-998f-3d0e9a3960d6,6a244cb4-d37a-5f6d-8dbb-ed934416543e,9,Heera,Shweta Pandit,4.0,https://www.youtube.com/watch?v=xvuMpTTiXaU,https://music.youtube.com/watch?v=ulzfUpIid3Y,https://music.youtube.com/watch?v=yCiKLY1cLpQ,https://music.youtube.com/watch?v=xvuMpTTiXaU
411d40a7-9256-549f-b409-cb7112d5c6a6,885ca256-bfa9-5290-92be-7135908617b2,2,Main Tenu Samjhawan Ki,"Arijit Singh, Shreya Ghoshal",4.33,https://www.youtube.com/watch?v=wO5j3lv_9Fs,https://music.youtube.com/watch?v=wO5j3lv_9Fs,https://music.youtube.com/watch?v=pUwpLoLlzNQ,https://music.youtube.com/watch?v=Lxl_ISBf-QA
2964344e-bf09-589a-9665-d7d734d53b50,64f3f79e-c3d2-57ee-9b94-33846a2a32c3,1,Khamoshiyan,Arijit Singh,4.0,https://www.youtube.com/watch?v=Mv3SZDP7QUo,https://music.youtube.com/watch?v=Iu_DQmSZ830,https://music.youtube.com/watch?v=lcURW_GZr0o,https://music.youtube.com/watch?v=_joAvsj4_qc
2546f5a4-504c-59d5-a491-e9e619c61ef9,c6cbd0bc-f6fd-53eb-a99c-12161a75e646,1,Kill Dil,"Sonu Nigam, Shankar Mahadevan, Gulzar",4.0,https://www.youtube.com/watch?v=Rn6HPDltaWk,https://music.youtube.com/watch?v=Rn6HPDltaWk,https://music.youtube.com/watch?v=mjbeVxitxiU,https://music.youtube.com/watch?v=X3Qr2fuZ2P4
440bd006-0412-5e8c-af13-1b261e509eea,cd4fc007-943f-5f37-9887-fbbd0f91d854,2,Dil Chaspiya,"Arijit Singh, Jonita Gandhi",4.0,https://www.youtube.com/watch?v=zPVmGV61DVw,https://music.youtube.com/watch?v=35hLjIaFtDo,https://music.youtube.com/watch?v=U59klhcFegI,https://music.youtube.com/watch?v=IS3ifHaxCzk
0812f2b3-82c6-50d4-8775-0971199eec04,ccfef5a9-c09e-5466-b8b1-537f86d987ae,3,Sun Ri Baavli,Papon,4.0,https://www.youtube.com/watch?v=TacTwlN2Dws,https://music.youtube.com/watch?v=-Fj4uFXcNsE,https://music.youtube.com/watch?v=TacTwlN2Dws,https://music.youtube.com/watch?v=yB55ZI4ajD8
8b5e4095-fd4e-54fc-b6a4-deefbfad4674,cbd7d6b9-2c0a-5445-ae26-473ade47c90b,1,Khalifa,"A.R. Rahman, Shweta Pandit",4.0,https://www.youtube.com/watch?v=Xvf7yWOjizA,https://music.youtube.com/watch?v=8lAI6HFVb74,https://music.youtube.com/watch?v=0SD9pkY0vZQ,https://music.youtube.com/watch?v=Xvf7yWOjizA
27956aa3-66c9-5735-b917-f9ee26c68641,cbd7d6b9-2c0a-5445-ae26-473ade47c90b,4,Mawali Qawwali,"Raghav Mathur, Tanvi Shah",4.5,https://www.youtube.com/watch?v=1wlYmRbY2L0,https://music.youtube.com/watch?v=GlEjQrq_9Sk,https://music.youtube.com/watch?v=zPU_ATTxIBg,https://music.youtube.com/watch?v=1wlYmRbY2L0
f6130ddb-6c3b-5803-a0fe-eccd0bf19f54,4d862679-ac34-59da-90e6-ba9b2d0a29cb,4,Mona Gasolina,"Mano, Neeti Mohan, Tanvi Shah",4.0,https://www.youtube.com/watch?v=Qch47iJ4M_Q,https://music.youtube.com/watch?v=lBKHAaq--FA,https://music.youtube.com/watch?v=6xv9oJE1EkE,https://music.youtube.com/watch?v=J77gEwEp5Yc
e02a13b5-ab49-58b9-9b5f-ae028e3ab08e,4d862679-ac34-59da-90e6-ba9b2d0a29cb,5,Din Dooba Hai,Haricharan,4.0,https://www.youtube.com/watch?v=kpGP9PYTGuA,https://music.youtube.com/watch?v=ZCmilungQj0,https://music.youtube.com/watch?v=yFFFXvWHxV8,https://music.youtube.com/watch?v=FLsm87215ZI
84d76f34-2bd5-55c2-928b-0af9b4b47b18,43180664-fdbc-58a7-a2eb-86864785718e,7,Khuda Naa Khaasta,Arijit Singh,4.0,https://www.youtube.com/watch?v=9BMhqec6GD0,https://music.youtube.com/watch?v=AbeXV6fD0vE,,
dfa1c273-0763-579e-921c-dbf794c8f6dd,224ae48a-2c2a-5580-9d30-268b5fd9bc11,1,London Thumakda,"Labh Janjua, Neha Kakkar, Sonu Kakkar",4.67,https://www.youtube.com/watch?v=udra3Mfw2oo,https://music.youtube.com/watch?v=yb4oCde7Zqs,https://music.youtube.com/watch?v=crrHSFnM3ic,https://music.youtube.com/watch?v=l1xHecvnS_8
40b48681-76e9-503a-8dae-15faf713498d,224ae48a-2c2a-5580-9d30-268b5fd9bc11,2,Badra Bahaar,Amit Trivedi,4.33,https://www.youtube.com/watch?v=j2wQgX0Elpk,https://music.youtube.com/watch?v=X3vQsPMcM3M,https://music.youtube.com/watch?v=9OysJrNRM6c,https://music.youtube.com/watch?v=G4muMbjjQ-M
75c8ead5-8b95-5c8d-a149-2d4ed8ec400f,224ae48a-2c2a-5580-9d30-268b5fd9bc11,3,O Gujariya,"Shefali Alvares, Nikhil D'Souza",4.0,https://www.youtube.com/watch?v=NlEqiKJjh-k,https://music.youtube.com/watch?v=NlEqiKJjh-k,https://music.youtube.com/watch?v=pRKQPvM6lv8,https://music.youtube.com/watch?v=77b2teUO1Bg
841f20b3-2cae-5ca3-9a6f-e5dd31605ff9,224ae48a-2c2a-5580-9d30-268b5fd9bc11,4,Taake Jhaanke,Arijit Singh,4.6,https://www.youtube.com/watch?v=akGvEQwCqkc,https://music.youtube.com/watch?v=akGvEQwCqkc,https://music.youtube.com/watch?v=To27sK7tSmo,https://music.youtube.com/watch?v=CtnE8coYT4w
6747bbd2-b6b4-570c-92e5-a7742331f21f,224ae48a-2c2a-5580-9d30-268b5fd9bc11,5,Jugni,Amit Trivedi,4.83,https://www.youtube.com/watch?v=GxWWAFcLJpQ,https://music.youtube.com/watch?v=2YoGxa1GH_8,https://music.youtube.com/watch?v=8r28fYHs7-U,https://music.youtube.com/watch?v=W76MD8zzXAg
aa5135cd-3b07-5b4d-bb8d-78e9c03a4615,224ae48a-2c2a-5580-9d30-268b5fd9bc11,6,Harjaiyaan,Nandini Srikar,4.25,http://www.youtube.com/watch?v=VGt9VCmyG6s,https://music.youtube.com/watch?v=VGt9VCmyG6s,https://music.youtube.com/watch?v=8-0b6QuUnCk,https://music.youtube.com/watch?v=t4QhQZw964Y
3178717a-e683-5970-a90a-952376c0c9bc,224ae48a-2c2a-5580-9d30-268b5fd9bc11,7,Kinare,Mohan Kannan,4.4,https://www.youtube.com/watch?v=77kLWFG4wYA,https://music.youtube.com/watch?v=VggNsjeKiQg,https://music.youtube.com/watch?v=77kLWFG4wYA,https://music.youtube.com/watch?v=wcxGwpaGoI4
fd3216db-5a5f-5e64-bc30-673924a8d957,224ae48a-2c2a-5580-9d30-268b5fd9bc11,9,Hungama Ho Gaya (Remix),"Asha Bhosle, Arijit Singh",4.5,https://www.youtube.com/watch?v=tyviwPcJ22c,https://music.youtube.com/watch?v=11s1ZQuUwXQ,https://music.youtube.com/watch?v=wcVOgIItkKI,https://music.youtube.com/watch?v=mW3rc51kEUA
fd898769-d022-5a39-b840-9953e0b9f481,7f773201-5709-5303-a486-340970fb2649,3,Sawaalon Mein,Shreya Ghoshal,4.0,https://www.youtube.com/watch?v=d-Kp40cPenk,https://music.youtube.com/watch?v=d-Kp40cPenk,,
914798cd-7fa6-5979-8c8f-a7475ff7563a,79231d89-a3ec-505d-b546-19d7dbc78274,2,I'm Sorry Par Tumse Pyaar Ho Gaya (The Hey Song),"Nikhil Paul George, Neeti Mohan, Mili Nair",4.0,https://www.youtube.com/watch?v=iOtKf1kkwF0,https://music.youtube.com/watch?v=U_sAIw92Hlg,https://music.youtube.com/watch?v=GM42wZNxu8A,
f29f32cd-3f9d-51bc-8c9d-266df254f866,79231d89-a3ec-505d-b546-19d7dbc78274,4,Desi Romance,"Suchi, Arijit Singh",4.0,https://www.youtube.com/watch?v=dlixwVmn6aQ,https://music.youtube.com/watch?v=dlixwVmn6aQ,https://music.youtube.com/watch?v=inIBs77KBOU,https://music.youtube.com/watch?v=dEaHqd4yZno
95293174-1b71-50d8-b9d4-532f81274a67,79231d89-a3ec-505d-b546-19d7dbc78274,5,Yahaan Vahaan,Farhan Akhtar,4.0,https://www.youtube.com/watch?v=PUqWfepSiAA,https://music.youtube.com/watch?v=sdDa8jx-YJY,https://music.youtube.com/watch?v=byvzaPjn3EY,https://music.youtube.com/watch?v=EzVhsfQjz74
84180fe5-2440-5332-9eb0-2813a95797f0,79231d89-a3ec-505d-b546-19d7dbc78274,12,Ahista Ahista,Farhan Akhtar,4.0,http://www.youtube.com/watch?v=nnuuh8ininw,https://music.youtube.com/watch?v=RRUPe5jFPqA,https://music.youtube.com/watch?v=Jkq22hH5BuM,https://music.youtube.com/watch?v=tF15IdngzNI
cbd13603-4525-5ede-a091-af031a055fdf,aa830285-3d74-53dc-bd90-1c8a12272ac1,7,Gar Ho Sake,"Shubha Mudgal, Indian Ocean",4.0,https://www.youtube.com/watch?v=jf3SBOxgGMA,https://music.youtube.com/watch?v=jf3SBOxgGMA,https://music.youtube.com/watch?v=9yv_BomkHk0,https://music.youtube.com/watch?v=9ah6arPSs2E
53152bce-4371-5141-895e-913cc6adbf83,84290c10-e8ab-5498-be7d-0c71f447c92a,4,Joganiyan,Shruti Haasan,4.0,https://www.youtube.com/watch?v=V9ubInQ7-iI,https://music.youtube.com/watch?v=SR6aBJZv-io,https://music.youtube.com/watch?v=XVp1uE6E-Ks,https://music.youtube.com/watch?v=V9ubInQ7-iI
f72cb841-fbbb-5292-b250-937005c2790b,9f135d8f-0029-5304-8bb0-6c43dfb89a25,16,Afreen,"Nakash Aziz, A.R. Rahman, KM Sufi Ensemble",4.0,https://www.youtube.com/watch?v=UzUT6U-XIHU,https://music.youtube.com/watch?v=UzUT6U-XIHU,https://music.youtube.com/watch?v=4f29dOJh_rg,
