song_uuid,album_uuid,track_number,song_title,song_singers,song_rating,youtube_url,music_yt_url_1,music_yt_url_2,music_yt_url_3
7638ebb4-d657-56af-984b-46c99754aa7e,73672415-8dc7-5172-b096-8e3495538e05,1,Aye Khuda Ret Ke Sehra Ko Samundar Kar De,Jagjit Singh,4.5,https://www.youtube.com/watch?v=2rBCxFRnKUY,https://music.youtube.com/watch?v=t3ZaeUmshFM,https://music.youtube.com/watch?v=s3vyvynYPDI,https://music.youtube.com/watch?v=ctwWqTFmEkE
30b7e302-f8dc-5997-a5c2-07481239eab5,70d64b5a-b05a-5b6e-b04b-f3f30af632a7,3,Woh Kagaz Ki Kashti - 1,Jagjit Singh,4.2,http://www.youtube.com/watch?v=gHOGRuCh0FY&feature=fvst,https://music.youtube.com/watch?v=holzqWmJ430,https://music.youtube.com/watch?v=POiLQ_nxScQ,https://music.youtube.com/watch?v=VIS1hbTneYg
f384e228-3931-5c4c-b84d-468187e19537,70d64b5a-b05a-5b6e-b04b-f3f30af632a7,4,Woh Kagaz Ki Kashti - 2,Jagjit Singh,4.67,https://www.youtube.com/watch?v=N_D2NJ_-vpg,https://music.youtube.com/watch?v=h2_pWl0QgbY,https://music.youtube.com/watch?v=VIS1hbTneYg,https://music.youtube.com/watch?v=N_D2NJ_-vpg
f56448ef-b949-5c3e-b399-f6189c16bd20,315a9cba-f9e9-5342-ab9f-3082a66d5c5f,2,Shaam Hui Chadh Aayi Re Badariya,Lata Mangeshkar,4.0,https://www.youtube.com/watch?v=iB3VZ2d2MiE,https://music.youtube.com/watch?v=Oskr-R-zQ_g,https://music.youtube.com/watch?v=u9VqiwrVkR0,https://music.youtube.com/watch?v=iB3VZ2d2MiE
472c88d0-c6d2-5dd6-843a-1beddb9b8b9b,315a9cba-f9e9-5342-ab9f-3082a66d5c5f,3,Ek Andhera Lakh Sitare,Mohammed Aziz,4.0,https://www.youtube.com/watch?v=JlrTmlnAaU0,https://music.youtube.com/watch?v=2ff61cLLMjk,https://music.youtube.com/watch?v=uk_xT98z0aw,https://music.youtube.com/watch?v=JlrTmlnAaU0
3436bb0e-9e4b-5cb5-a892-aa125c00b86f,c689469b-45ad-56a9-b1e1-e6cc0ab90530,2,Jaiyo Na Jaiyo Na Door,"Kishore Kumar, Sabina Yasmin",4.0,https://www.youtube.com/watch?v=4C4Z5F1lmJ0,https://music.youtube.com/watch?v=myHsbPYiY1g,https://music.youtube.com/watch?v=4C4Z5F1lmJ0,https://music.youtube.com/watch?v=3OZhdpCs4DY
fccda62f-8398-5d29-8588-d1fad9b4e11a,c689469b-45ad-56a9-b1e1-e6cc0ab90530,5,Mera Naam Pannabai,"Asha Bhosle, Shailendra Singh",4.0,https://www.youtube.com/watch?v=Ix9k-oTAC_k,https://music.youtube.com/watch?v=skmlhF7m6ik,https://music.youtube.com/watch?v=Ix9k-oTAC_k,https://music.youtube.com/watch?v=hcWTN4RW1tA
c13bfbae-2aa3-55bd-84b8-84f054945415,8fb1575a-ba45-560d-8b98-5c4faaa05c7e,3,Mere Paas Aaoge Mere Saath Nachoge Mere Saath Gaoge,"Uttara Kelkar, Vijay Benedict",4.0,http://www.youtube.com/watch?v=baNqKx7u-BI&feature=plcp,https://music.youtube.com/watch?v=AZv4PUFD1Z4,https://music.youtube.com/watch?v=nUVrjcGd7js,https://music.youtube.com/watch?v=HzJElGBlbHA
fb4b92ed-f829-518a-8ff8-5ffe7a14aa4d,9c5c86aa-31c4-54fd-96e1-59be612cb2fe,1,Kisi Nazar Ko Tera Intezar Aaj Bhi Hai,"Asha Bhosle, Bhupinder Singh",4.67,https://www.youtube.com/watch?v=j8qtywZ6L70,https://music.youtube.com/watch?v=VNZYoUtX2k4,https://music.youtube.com/watch?v=GHQrfLXDz4k,https://music.youtube.com/watch?v=7ub8DyewfHg
de87b299-cc11-5a10-ba4f-ee2611528d9b,9c5c86aa-31c4-54fd-96e1-59be612cb2fe,2,Awaaz Di Hai Aaj Ik Nazar Ne,"Asha Bhosle, Bhupinder Singh",4.0,https://www.youtube.com/watch?v=hI8NbwkEAGs,https://music.youtube.com/watch?v=OySDtsWed_E,https://music.youtube.com/watch?v=6EwiBW04EUg,https://music.youtube.com/watch?v=lPntkr-Z2C8
dce361f7-d270-5549-a503-c1d3841016d2,9c5c86aa-31c4-54fd-96e1-59be612cb2fe,4,Tum Aur Main Aur Ye Bekhudi,Asha Bhosle,4.0,https://www.youtube.com/watch?v=bKRuCbXlwK0,https://music.youtube.com/watch?v=bKRuCbXlwK0,https://music.youtube.com/watch?v=i02VhCh7o8M,https://music.youtube.com/watch?v=7yFKRzLm4aU
ee9078eb-d880-5682-9974-289fb9dbd4f2,9c5c86aa-31c4-54fd-96e1-59be612cb2fe,5,Tu Ru Ru Ru,Maya Ghosh,4.0,https://www.youtube.com/watch?v=78NLRYYOlUo,https://music.youtube.com/watch?v=78NLRYYOlUo,https://music.youtube.com/watch?v=VlOA6mJXCPQ,https://music.youtube.com/watch?v=WPOrsUGYfH0
9b77ef94-c96a-5c41-a34d-8c40839baded,973c4a0c-441f-59de-b644-db5d494336ef,6,Dil Mein Aag Lagaye Sawan Ka Mahina (Male),Kishore Kumar,4.0,http://www.youtube.com/watch?v=9Ie-Y8JL5t4&feature=plcp,https://music.youtube.com/watch?v=9Ie-Y8JL5t4,https://music.youtube.com/watch?v=VMlyJtXExWY,https://music.youtube.com/watch?v=CGKtDrY3fzw
b976c3d4-cf8c-51c1-83b2-5df6e85d1bd9,973c4a0c-441f-59de-b644-db5d494336ef,8,Kabhi Bekasi Ne Maara,Kishore Kumar,4.0,http://www.youtube.com/watch?v=hXs6fnJ2UDs&feature=plcp,https://music.youtube.com/watch?v=hXs6fnJ2UDs,https://music.youtube.com/watch?v=RrquQS1Gj2o,https://music.youtube.com/watch?v=RDZABOl2ZMw
9d13b39d-43fe-58c8-91c3-47dce19dd16b,7c0b00fe-25b8-5beb-8be5-e02f768ef6fb,1,Mamaiya Kero Kero Kero Mama,Shailendra Singh,4.5,https://www.youtube.com/watch?v=MiDkB1pjt6A,https://music.youtube.com/watch?v=AnhZx_-glYY,https://music.youtube.com/watch?v=WdSJrTym7cE,https://music.youtube.com/watch?v=MiDkB1pjt6A
aa748b7e-171c-50e6-9724-5dd70a6ea51f,76f0b6d7-d740-5dec-94af-a360f0f2d583,1,Hum Chup Hain,"Kishore Kumar, Lata Mangeshkar",4.0,https://www.youtube.com/watch?v=RLYy0csJ5vI,https://music.youtube.com/watch?v=4ZbWuaGtWxY,https://music.youtube.com/watch?v=RLYy0csJ5vI,https://music.youtube.com/watch?v=WcYnHROUUhc
1e0b343f-7b61-50d4-8b6e-16cec3a250ea,76f0b6d7-d740-5dec-94af-a360f0f2d583,4,Yeh Qaafile Yaadon Ke,Asha Bhosle,4.0,https://www.youtube.com/watch?v=wUAjCHpEuIU,https://music.youtube.com/watch?v=_O_HSOruVr8,https://music.youtube.com/watch?v=dUUSA_dw7z8,https://music.youtube.com/watch?v=yv7I-3TwPPY
eb1d14d1-bf37-564c-86e3-e955a99b9598,76f0b6d7-d740-5dec-94af-a360f0f2d583,7,Faasle Hain Bahut,Asha Bhosle,4.0,https://www.youtube.com/watch?v=j4waEdKqs48,https://music.youtube.com/watch?v=j4waEdKqs48,https://music.youtube.com/watch?v=W2328NCjkQ4,https://music.youtube.com/watch?v=4nrEtvqibzM
4d8ce668-ed23-5fc7-a81b-a5c53a54a0c6,b3fd3146-c392-5833-8b19-de0572aac309,1,Zihal-E-Maskeen,"Lata Mangeshkar, Shabbir Kumar",4.33,https://www.youtube.com/watch?v=QYiTtuwJzTQ,https://music.youtube.com/watch?v=bBrib_5yXDE,https://music.youtube.com/watch?v=5ynzDKLyUco,https://music.youtube.com/watch?v=lYH8qeZXGII
a36c0ee0-0942-5607-b010-40e4ca04e662,d736b696-fc6a-57ca-ba79-8f88e289a5f4,4,Ek Pal Pyar Ka Kabhi,Asha Bhosle,4.5,https://www.youtube.com/watch?v=vedb3ZEL3wQ,https://music.youtube.com/watch?v=vedb3ZEL3wQ,https://music.youtube.com/watch?v=3pmHVJ69SMA,https://music.youtube.com/watch?v=r-gKJyV5WtY
609743e6-4aaa-5406-b719-f0155f9f1c87,8484f074-9e40-54d1-aa1b-5e6d0971ebbc,5,Chanda Dekhe Chanda,"Kishore Kumar, Lata Mangeshkar",4.0,https://www.youtube.com/watch?v=UmeNWjwmB8M,https://music.youtube.com/watch?v=UmeNWjwmB8M,https://music.youtube.com/watch?v=RphT0tsF7f8,https://music.youtube.com/watch?v=ZTPXD-Lr31U
1cf144a1-0ad3-56eb-af78-eef49b3e21d0,6fd2e7c3-9b6b-59e6-b74f-f116c8c65915,1,Aaja Mere Sanam,Lata Mangeshkar,4.0,https://www.youtube.com/watch?v=rTrcRnWoAPE,https://music.youtube.com/watch?v=rTrcRnWoAPE,https://music.youtube.com/watch?v=YKim6F_OY_o,https://music.youtube.com/watch?v=2kLjhHd5-Jk
cac6f512-0ef0-5fd7-8e57-7c9956fd6fd5,522dd711-b5c0-5ef5-b648-c775785ac84b,2,O Mere Khwabon Ke Shehzade,Anuradha Paudwal,4.5,http://www.youtube.com/watch?v=sb-0FcDESWw&feature=plcp,https://music.youtube.com/watch?v=Oc9YkITQUJ8,https://music.youtube.com/watch?v=sPLpYHexyWg,https://music.youtube.com/watch?v=NgXlrIRH5G0
40c6ba88-78da-5087-97c2-4ab3fa15991b,ce5ed776-5131-54d4-bd23-374aedcc53ae,1,Tujhe Bulayen Yeh Meri Baahen,Lata Mangeshkar,4.75,https://www.youtube.com/watch?v=e843HhTTfJA,https://music.youtube.com/watch?v=e843HhTTfJA,https://music.youtube.com/watch?v=DtDCOVcmf6k,
17fbba39-2a86-5951-9ec5-ca05fcb8f5bc,ce5ed776-5131-54d4-bd23-374aedcc53ae,3,Sun Sahiba Sun,Lata Mangeshkar,4.4,https://www.youtube.com/watch?v=lMSbXOYtDI4,https://music.youtube.com/watch?v=-7h5GGjsrgo,https://music.youtube.com/watch?v=sQqZTodl1r8,https://music.youtube.com/watch?v=AgZ6tSdgFrk
1aaebc43-02d3-5c83-81d7-5dcb1eee97b7,ce5ed776-5131-54d4-bd23-374aedcc53ae,4,Main Hi Main Hoon,Suresh Wadkar,4.0,https://www.youtube.com/watch?v=j15jdg_5llY,https://music.youtube.com/watch?v=j15jdg_5llY,https://music.youtube.com/watch?v=gxV3VsRm0uY,https://music.youtube.com/watch?v=aMHEMS7KcjM
f9a1428d-2d6d-5cc6-8430-8ea2e68a313c,ce5ed776-5131-54d4-bd23-374aedcc53ae,7,Ek Radha Ek Meera,Lata Mangeshkar,4.0,https://www.youtube.com/watch?v=zSjr2bF7Iao,https://music.youtube.com/watch?v=k0ie_fBYlWE,https://music.youtube.com/watch?v=LN2ELslM_EQ,https://music.youtube.com/watch?v=jOQosz_ALJ8
23402ef7-d81a-534d-bdd8-c864e50ebf8d,ce5ed776-5131-54d4-bd23-374aedcc53ae,8,Ram Teri Ganga Maili Ho Gayi,Suresh Wadkar,4.25,https://www.youtube.com/watch?v=-6vf5UZ5GhM,https://music.youtube.com/watch?v=-6vf5UZ5GhM,https://music.youtube.com/watch?v=ugmA8NC8WnI,https://music.youtube.com/watch?v=kz22vHpSooQ
4b5ade90-18bf-5de4-be92-4bd120666958,27362559-0d0a-5cb4-951b-8b1a94c5e200,1,O Maria,"Asha Bhosle, S.P. Balasubramaniam",4.0,https://www.youtube.com/watch?v=RwVf82niAAY,https://music.youtube.com/watch?v=9__JRv1Zi0E,https://music.youtube.com/watch?v=0Wdw-iAqmzg,https://music.youtube.com/watch?v=j4Jnqo4pmo0
aa89b596-906c-5d03-8267-e95bfae541e6,27362559-0d0a-5cb4-951b-8b1a94c5e200,2,Saagar Kinare Dil Yeh Pukare,"Kishore Kumar, Lata Mangeshkar",4.6,https://www.youtube.com/watch?v=o3-ixXEtXfI,https://music.youtube.com/watch?v=Z9NEnFAba8A,https://music.youtube.com/watch?v=o3-ixXEtXfI,https://music.youtube.com/watch?v=I7KZxQDgFOM
a6ccbaa7-6f1a-5ecd-8adc-f0d7ddd55b12,27362559-0d0a-5cb4-951b-8b1a94c5e200,3,Sach Mere Yaar Hai,S.P. Balasubramaniam,4.75,https://www.youtube.com/watch?v=SxqyaFlB8Xw,https://music.youtube.com/watch?v=ac2J2W-LKbM,https://music.youtube.com/watch?v=TvSJUxOLb8Y,https://music.youtube.com/watch?v=S_Ot0rQfFlY
dbf81391-1eed-52bc-ae7b-4377efd2e570,27362559-0d0a-5cb4-951b-8b1a94c5e200,4,Saagar Jaisi Aankhon Wali (Chehra Hai Ya Chand Khila Hai),Kishore Kumar,4.6,https://www.youtube.com/watch?v=HpLIPK48a-c,https://music.youtube.com/watch?v=3SuWLqcZ-Oc,https://music.youtube.com/watch?v=PFHczgD-lGM,https://music.youtube.com/watch?v=HpLIPK48a-c
065381a2-8569-578a-83f6-9b037b83f195,27362559-0d0a-5cb4-951b-8b1a94c5e200,5,Jaane Do Naa Paas Aao Naa,"Asha Bhosle, Shailendra Singh",4.0,https://www.youtube.com/watch?v=rd55IjpLkZM,https://music.youtube.com/watch?v=DCGgcEnLkwQ,https://music.youtube.com/watch?v=hoRJXtGLjF8,https://music.youtube.com/watch?v=vmDtQAtYZ48
5319e709-da1e-5ae8-8bd7-360435fddde4,27362559-0d0a-5cb4-951b-8b1a94c5e200,6,Yunhi Gaate Raho,"Kishore Kumar, S.P. Balasubramaniam",4.33,https://www.youtube.com/watch?v=GYtwZ6plsyU,https://music.youtube.com/watch?v=ytjpg0af5T4,https://music.youtube.com/watch?v=oouj9us8Dv0,https://music.youtube.com/watch?v=vOUjEv6icC8
81a94541-057c-50eb-be1f-170ed66dc7e7,27362559-0d0a-5cb4-951b-8b1a94c5e200,8,Jalpari Theme,R.D. Burman,4.33,https://www.youtube.com/watch?v=vUT11JmeYaU,https://music.youtube.com/watch?v=8VZk_rJ6_zY,https://music.youtube.com/watch?v=vUT11JmeYaU,https://music.youtube.com/watch?v=H_9VDhfEcS0
f3af21b1-e619-57a3-b1b9-026efb368bcf,5b5f87c1-3dcc-51c6-a9d7-fc90d6fbde92,1,Yaar Bina Chain Kahaan Re,"Bappi Lahiri, S. Janaki",4.0,https://www.youtube.com/watch?v=1-eXPUJpYF8,https://music.youtube.com/watch?v=K1FCbwYo8MI,https://music.youtube.com/watch?v=TngPztXl5zU,https://music.youtube.com/watch?v=51Yj5YAmRF0
fc9dd55e-31ad-5d87-ba63-b3d48ae961fd,5b5f87c1-3dcc-51c6-a9d7-fc90d6fbde92,4,Kya Khabar Kya Pata,Kishore Kumar,4.0,https://www.youtube.com/watch?v=S8Eivy8aR3U,https://music.youtube.com/watch?v=dCVIQ-vbG5w,https://music.youtube.com/watch?v=ME_j-IsW-AU,https://music.youtube.com/watch?v=D5Yrx6w4xNM
7b2801c7-14f7-53bc-bb6c-1ce7de081d57,87bfc56e-5892-52e6-beb7-1c117833de50,1,Mausam Pyar Ka Rang Badalta Rahe,"Kishore Kumar, Asha Bhosle",4.0,https://www.youtube.com/watch?v=qJq684EnbMQ,https://music.youtube.com/watch?v=sk8OCQhFbgo,https://music.youtube.com/watch?v=J3P9pdS-LGY,https://music.youtube.com/watch?v=byYXlyFSyQQ
dca4255b-469a-5b0c-af8d-0efd6ff42111,87bfc56e-5892-52e6-beb7-1c117833de50,3,Pyar Jab Naa Diya Zindagi Ne Kabhi,Kishore Kumar,4.0,https://www.youtube.com/watch?v=x9O4_C1evRg,https://music.youtube.com/watch?v=jnLgRzSpHx0,https://music.youtube.com/watch?v=x9O4_C1evRg,https://music.youtube.com/watch?v=30rLo4X4aI0
56c872ef-affa-59d3-b17c-fdb19a97f3b9,e55bff20-146a-5768-a321-95791258416b,1,Nazar Ne Nazar Se Kya Kaha,"Sadhna Sargam, Suresh Wadkar",4.0,http://www.youtube.com/watch?v=1VfaAptc8rw,https://music.youtube.com/watch?v=2_U4K-BFwoU,https://music.youtube.com/watch?v=azEFF9Y5A_M,https://music.youtube.com/watch?v=bUP9xhE66r0
ecef4d44-ce41-5d32-af22-27914537e51f,e55bff20-146a-5768-a321-95791258416b,5,Tu Hai Kamaal Maula,Suresh Wadkar,4.0,http://www.youtube.com/watch?v=lfKpqiiz6OE,https://music.youtube.com/watch?v=27MARbl0PrY,https://music.youtube.com/watch?v=6TztgB-1Vhc,https://music.youtube.com/watch?v=_jmZHzHojAM
f04e47c1-51a0-550f-91ed-c2260566dd32,5ec7fba4-0d9e-5b8f-970e-a49cdbd50544,3,Maika Piya Bulave,"Lata Mangeshkar, Suresh Wadkar",4.0,http://www.youtube.com/watch?v=rxNDtN9wd9I&feature=plcp,https://music.youtube.com/watch?v=2fsB-nj_9eI,https://music.youtube.com/watch?v=mAifSItA5aw,
56514b77-4d47-5032-b115-851a8d01c865,8c7f6507-9824-5df7-be5e-7ff2803c28c4,6,Tere Pyar Ki Tamanna,Mahendra Kapoor,4.0,https://www.youtube.com/watch?v=zQ16T8V-Nsw,https://music.youtube.com/watch?v=Q4b8gTS08g8,https://music.youtube.com/watch?v=Lq0qJ3ImdTs,https://music.youtube.com/watch?v=PJBcY-bZq2A
f11f3306-1ccc-598b-a405-da159f009631,67774c07-0fe1-5f8f-b7df-005839d2b3d3,2,Yudh Kar Yudh Kar (Danke Pe Chot Padi Hai),"Amit Kumar, Alka Yagnik",4.0,https://www.youtube.com/watch?v=2BqjOx6mPcU,https://music.youtube.com/watch?v=Afw4amUWRvQ,https://music.youtube.com/watch?v=U2bdX8mtRfE,https://music.youtube.com/watch?v=Jp90XUJFTdE
ff07525e-53b0-58c0-a210-4cedc115d0bd,67774c07-0fe1-5f8f-b7df-005839d2b3d3,5,Meharbaanon Kadardaanon,Lata Mangeshkar,4.0,https://www.youtube.com/watch?v=fJ_R1kirRFk,https://music.youtube.com/watch?v=oDjqBEN2tJI,,
a951be3b-8ca2-5c76-9dfb-2d8e91698ee2,67774c07-0fe1-5f8f-b7df-005839d2b3d3,6,Main Kya Aise Pyar Karoongi,"Asha Bhosle, Mahendra Kapoor",4.0,https://www.youtube.com/watch?v=8726zhpLvRs,https://music.youtube.com/watch?v=9oQ22V0VL2c,https://music.youtube.com/watch?v=XZrYiOYXh9o,https://music.youtube.com/watch?v=eN1hHagPOkQ
84fc3d33-3c30-5871-af15-60db700435e6,1f624c2d-d66a-5ece-8d0d-d7bf699e3a7a,5,Jab Chaha Yara Tumne,Kishore Kumar,4.0,https://www.youtube.com/watch?v=QgYf6Z9sVQw,https://music.youtube.com/watch?v=QgYf6Z9sVQw,https://music.youtube.com/watch?v=uj5OLjty0l4,https://music.youtube.com/watch?v=UZAfUZBHycY
21b99b71-4b73-544f-8a4f-1a0933baf5b7,67748d07-0852-581d-8d4e-4f1459cb303a,2,Jind Le Gaya Woh Dil Ka Jaani,Lata Mangeshkar,4.0,https://www.youtube.com/watch?v=uKcAh0ygpPw,https://music.youtube.com/watch?v=RnROG1Sifsk,https://music.youtube.com/watch?v=-Sz55PQEKwc,https://music.youtube.com/watch?v=uKcAh0ygpPw
9db7491f-139e-5569-b141-233fb64766e5,8b5e0253-402f-5fa1-831a-922489b66435,1,Gulab Jism Ka Yunhi Nahin Khila Hoga,"Shabana Azmi, Bhupinder Singh",4.33,http://www.youtube.com/watch?v=SBNqjy5frEo,https://music.youtube.com/watch?v=PsA_OavB8n4,https://music.youtube.com/watch?v=SBNqjy5frEo,https://music.youtube.com/watch?v=lDrBv5xD5D0
cd7444fe-a026-5eaa-bec8-be69a2e36b4c,c00199bc-679a-5aca-97d0-67cbf8af6005,1,Itni Shakti Hamein Dena Daata,"Pushpa Pagdhare, Sushma Shrestha",4.0,https://www.youtube.com/watch?v=m1Ft4JdgrBE,https://music.youtube.com/watch?v=m1Ft4JdgrBE,https://music.youtube.com/watch?v=0ib8EMKJ1aA,https://music.youtube.com/watch?v=Stcctl8mFvA
70bc3714-170b-52a0-a16f-93533654c137,c00199bc-679a-5aca-97d0-67cbf8af6005,4,Itni Shakti Hamein Dena Daata,"Ashok Khosla, Muralidhar, Ghanshyam Vaswani, Shekhar Sawkar",4.5,https://www.youtube.com/watch?v=jpa8iJdxhcM,https://music.youtube.com/watch?v=jpa8iJdxhcM,https://music.youtube.com/watch?v=NBSvbF23ikA,https://music.youtube.com/watch?v=WCohD1Jik-w
65bd57e6-dc57-5ae8-939c-e2c4168cef9d,94e2a357-76e8-531b-aebb-32eb4e404dab,1,Katra Katra Milti Hai,Asha Bhosle,4.75,https://www.youtube.com/watch?v=PZzK3CVzLKo,https://music.youtube.com/watch?v=X8IscPbiceQ,https://music.youtube.com/watch?v=qquBcPR_MR8,https://music.youtube.com/watch?v=PZzK3CVzLKo
83352f25-641b-5ac1-88b3-f02fad7cc37d,94e2a357-76e8-531b-aebb-32eb4e404dab,2,Mera Kuchh Saamaan Tumhare Paas Pada Hai,Asha Bhosle,4.6,https://www.youtube.com/watch?v=OlvXDGJAMT0,https://music.youtube.com/watch?v=1crkBQ5ScYU,https://music.youtube.com/watch?v=Bx7MVDxR1S0,https://music.youtube.com/watch?v=NjsaGXxYSLk
89c8d863-a817-56e4-a4bf-b88f109c9e1f,94e2a357-76e8-531b-aebb-32eb4e404dab,3,Chhoti Si Kahaani Se,Asha Bhosle,5.0,https://www.youtube.com/watch?v=4GWmE0VbNbk,https://music.youtube.com/watch?v=L7HOMlAsSoo,https://music.youtube.com/watch?v=GbP0ba_Zf_E,https://music.youtube.com/watch?v=3wmmqnoW_us
9acb3ed2-180f-5c98-9814-2e584c008d27,94e2a357-76e8-531b-aebb-32eb4e404dab,4,Khaali Haath Shaam Aayi Hai,Asha Bhosle,4.33,https://www.youtube.com/watch?v=D96Ni_A4BxM,https://music.youtube.com/watch?v=ywx4J0e7ZFY,https://music.youtube.com/watch?v=D96Ni_A4BxM,https://music.youtube.com/watch?v=d4bSTOvZNEg
8aed263f-2cea-5747-8392-511c7c7072db,7a16f58e-88bd-5abe-a25a-06b4413bc6b7,1,Pyar Do Pyar Lo,Sapna Mukherjee,4.6,https://www.youtube.com/watch?v=KEiA49wyhoY,https://music.youtube.com/watch?v=OmJJv3gB4hI,https://music.youtube.com/watch?v=KEiA49wyhoY,https://music.youtube.com/watch?v=liTJNKo9rhk
790a9106-d95c-5ae2-a1db-a690ccd12ac4,7a16f58e-88bd-5abe-a25a-06b4413bc6b7,2,Jab Jab Teri Surat Dekhoon (Jaane Jaana),"Sapna Mukherjee, Mahesh Gadhvi",4.67,https://www.youtube.com/watch?v=R2Aq8F4063o,https://music.youtube.com/watch?v=tPagixlOYh0,https://music.youtube.com/watch?v=R2Aq8F4063o,https://music.youtube.com/watch?v=m3R49i3L3XM
a4cc5aa8-b5b6-5cde-80b8-4582b3f05041,7a16f58e-88bd-5abe-a25a-06b4413bc6b7,3,Har Kisiko Nahin Milta Yahan Pyar Zindagi Mein,"Sadhna Sargam, Manhar Udhas",5.0,https://www.youtube.com/watch?v=kHnIR-cO02o,https://music.youtube.com/watch?v=ukj3fbv8voI,https://music.youtube.com/watch?v=kHnIR-cO02o,https://music.youtube.com/watch?v=omuNhfeguX8
d38182c4-e834-5d02-b766-929936749aa3,7a16f58e-88bd-5abe-a25a-06b4413bc6b7,5,Tera Saath Hai Kitna Pyaara,"Kishore Kumar, Sapna Mukherjee",4.67,https://www.youtube.com/watch?v=6wCVgomQhyQ,https://music.youtube.com/watch?v=MoXEicAJ1pE,https://music.youtube.com/watch?v=Rq4nYA2yD24,https://music.youtube.com/watch?v=pxJyliHzWe8
e63b5279-1a5c-5be5-aa7e-1a3a623be474,7a16f58e-88bd-5abe-a25a-06b4413bc6b7,8,Har Kisiko Nahin Milta Yahan Pyar Zindagi Mein,Manhar Udhas,5.0,https://www.youtube.com/watch?v=s4RD2Ab33NM,https://music.youtube.com/watch?v=9AhikGiAQaI,https://music.youtube.com/watch?v=kHnIR-cO02o,https://music.youtube.com/watch?v=s4RD2Ab33NM
b1f73788-247f-5af2-b0f4-89ee1b477dd6,7a16f58e-88bd-5abe-a25a-06b4413bc6b7,9,Har Kisiko Nahin Milta Yahan Pyar Zindagi Mein,Sadhna Sargam,5.0,https://www.youtube.com/watch?v=jKOcPLZk35Y,https://music.youtube.com/watch?v=ukj3fbv8voI,https://music.youtube.com/watch?v=kHnIR-cO02o,https://music.youtube.com/watch?v=jKOcPLZk35Y
0cce3fe7-2a1c-5746-91ea-4a2ef9227198,71551bf4-c109-50f6-a349-cfb5ef958833,1,Roz Roz Aankhon Tale,"Asha Bhosle, Amit Kumar",5.0,https://www.youtube.com/watch?v=eCpbYmO4Ndo,https://music.youtube.com/watch?v=0mZjBBQ3Dnc,https://music.youtube.com/watch?v=rz-JqGGblNU,https://music.youtube.com/watch?v=idvwzXVi0ZU
f9e8f830-2e4c-5964-8e95-7832ed1a9091,0d7e9400-092f-552d-9978-89b608ea6332,8,Aye Watan Tere Liye,"Kavita Krishnamurthy, Mohammed Aziz",4.0,https://www.youtube.com/watch?v=ou3knA61uUY,https://music.youtube.com/watch?v=ou3knA61uUY,https://music.youtube.com/watch?v=TovpDnFAGiY,https://music.youtube.com/watch?v=p0_G9Cee39I
9ac8dfcb-ad23-5b00-84b1-d375a37c6059,a9abc45d-e96b-5a74-91dd-51047c31154e,4,Chitthi Aayi Hai,Pankaj Udhas,4.0,https://www.youtube.com/watch?v=v0_IRIFYC0k,https://music.youtube.com/watch?v=rp1vkdsc4FM,https://music.youtube.com/watch?v=fJN7nJ1bsI4,https://music.youtube.com/watch?v=NA1puWCb3p4
66f535bb-1f1e-5dcb-9acc-5cb3f25aa2cc,81caa9c3-9410-53dd-8e68-6650e4b22815,2,Main Teri Dushman Dushman Tu Mera,Lata Mangeshkar,4.0,https://www.youtube.com/watch?v=xE7DSwF8niw,https://music.youtube.com/watch?v=xE7DSwF8niw,https://music.youtube.com/watch?v=WBPJCXsn5eA,https://music.youtube.com/watch?v=RIv-eL6yC90
27087d83-6181-5514-9be9-32fe3c43aa4f,27c8649d-f635-52db-80f7-8415d13feb83,4,Nanha Sa Tan Nanhi Si Jaan,Lata Mangeshkar,4.0,https://www.youtube.com/watch?v=dTu7oVNWfj8,https://music.youtube.com/watch?v=dTu7oVNWfj8,https://music.youtube.com/watch?v=urKGM617gEI,https://music.youtube.com/watch?v=81c6Bd_nLl0
3b7293cb-cfb9-531e-b2bc-f2c47928db7f,3a97e907-6d49-56d5-aed7-49e6d46cbaae,3,Ae Sagar Ki Lahron,"Kishore Kumar, Lata Mangeshkar",4.33,https://www.youtube.com/watch?v=dZLmah7v6Hk,https://music.youtube.com/watch?v=dZLmah7v6Hk,https://music.youtube.com/watch?v=C5ittV5L434,https://music.youtube.com/watch?v=vrESFUM2iEI
74d681d5-3110-5e7c-89f0-9fb312cafaaf,1c4e758e-a11d-50a5-9fbf-5762099d3e36,1,Tera Mera Pehla Yaarana,"Shailendra Singh, Bappi Lahiri, S. Janaki",4.0,https://www.youtube.com/watch?v=ItF6nP09wXw,https://music.youtube.com/watch?v=ItF6nP09wXw,https://music.youtube.com/watch?v=7uHdqyqbjyA,https://music.youtube.com/watch?v=Ve5yrEO6qFM
b27fcf55-a9d2-5217-95c9-4a937f7d9931,1c4e758e-a11d-50a5-9fbf-5762099d3e36,3,Zindagi Hai Zindagi Zindagi Se Khelo Na,K.J. Yesudas,4.67,https://www.youtube.com/watch?v=b5tKm2mth60,https://music.youtube.com/watch?v=b5tKm2mth60,https://music.youtube.com/watch?v=kmBnx4cieQw,https://music.youtube.com/watch?v=eiU71hwKme8
ef11b4e7-8bd6-5a73-b242-15a0c302a77e,1c4e758e-a11d-50a5-9fbf-5762099d3e36,5,Zindagi Hai Zindagi Zindagi Se Khelo Na (Slow),Yesudas,4.33,https://www.youtube.com/watch?v=M5XVHtPJpMk,https://music.youtube.com/watch?v=b5tKm2mth60,https://music.youtube.com/watch?v=kmBnx4cieQw,https://music.youtube.com/watch?v=eiU71hwKme8
2eff1dda-dc4e-505e-aef2-f4ef583cdbba,22d9306f-03a1-5a33-9d30-03e440505fba,3,Tune Kiya Kya Jadu,R.D. Burman,4.0,https://www.youtube.com/watch?v=uacSOiW41OI,https://music.youtube.com/watch?v=AB6zpFL49r4,https://music.youtube.com/watch?v=uacSOiW41OI,https://music.youtube.com/watch?v=vACrWRSUXx8
5feea4a0-8fec-515c-ab12-95ac7b0f1633,ac262d05-3f5a-5eff-a95c-60a6c8166eaa,2,Mere Dil Gaaye Ja Zoo Zoo Zooby Zooby Zooby,Alisha Chinai,4.0,http://www.youtube.com/watch?v=HmP9-ZGf0Ko,https://music.youtube.com/watch?v=HXbq49vLRC8,https://music.youtube.com/watch?v=2084zSI5bnE,https://music.youtube.com/watch?v=W6vhvdbG8Rg
2d46d171-d00e-5bd1-81a1-5140a6f90aec,ac262d05-3f5a-5eff-a95c-60a6c8166eaa,5,Dil Mera Todo Na,Alisha Chinai,4.0,http://www.youtube.com/watch?v=rsh3P0-Zn_4,https://music.youtube.com/watch?v=S33Q_rLog3c,https://music.youtube.com/watch?v=WAPVKEaYsnw,https://music.youtube.com/watch?v=ORNZGHA0Vgw
c3b32311-301d-5644-ab83-05bf85fb9a9a,ac262d05-3f5a-5eff-a95c-60a6c8166eaa,9,Yaar Mera Kho Gaya,Alisha Chinai,4.0,http://www.youtube.com/watch?v=U4_SQYf3XJo,https://music.youtube.com/watch?v=fIPPYAtu3tU,https://music.youtube.com/watch?v=APawig-axh8,https://music.youtube.com/watch?v=-Y3z2NEk9ac
863b7d12-a252-5ff8-aac2-ce1e84f3bfec,4d2a0a69-d888-5fdb-988f-4bda8000ac66,4,Jhoothe Tere Nain,Asha Bhosle,4.0,https://www.youtube.com/watch?v=Iy1QESHHzYE,https://music.youtube.com/watch?v=SPjgPbUw4Vs,https://music.youtube.com/watch?v=TAu9zuQNzMA,https://music.youtube.com/watch?v=4QrqudicM8o
1b8476a7-a355-5aa5-b5b8-0f952f039da9,4d2a0a69-d888-5fdb-988f-4bda8000ac66,5,Jaane Do Mujhe,Asha Bhosle,4.0,https://www.youtube.com/watch?v=oxA4qn7Go4g,https://music.youtube.com/watch?v=oxA4qn7Go4g,https://music.youtube.com/watch?v=XEJc7r5b3fM,https://music.youtube.com/watch?v=Qg4s43AO-4g
987b5a1a-ff44-5b9d-ab09-11bd1d8046a2,4d2a0a69-d888-5fdb-988f-4bda8000ac66,8,Ummeed Hogi Koi,Asha Bhosle,4.0,https://www.youtube.com/watch?v=4QeVs-bIDxY,https://music.youtube.com/watch?v=4QeVs-bIDxY,https://music.youtube.com/watch?v=yy-7VeJ4gc0,https://music.youtube.com/watch?v=LxYvHlv4dIY
6c2898a8-ff61-5668-8636-b77518779819,4d2a0a69-d888-5fdb-988f-4bda8000ac66,9,Shaam Se Aankh Mein Nami Si Hai,Asha Bhosle,4.0,http://www.youtube.com/watch?v=plTkGZ-7lxc,https://music.youtube.com/watch?v=6Exm5pjKT_o,https://music.youtube.com/watch?v=IOGTyhbi8tc,https://music.youtube.com/watch?v=jV2z27kpbwk
8190e8bd-fc8a-5f06-8100-0fa5cafab94c,4d2a0a69-d888-5fdb-988f-4bda8000ac66,11,Rishte Bante Hain,Asha Bhosle,4.0,https://www.youtube.com/watch?v=ajuJnlqh5kw,https://music.youtube.com/watch?v=2j7aEvZJV1Q,https://music.youtube.com/watch?v=nGZPa2Dniok,https://music.youtube.com/watch?v=QgJvZ1Vd8kA
99427191-8a1c-5734-8821-d5620e1a8052,b44f948d-55dd-5956-84b5-0f34b8c6e6ea,2,Aur Is Dil Mein Kya Rakha Hai,"Suresh Wadkar, Asha Bhosle",4.0,http://www.youtube.com/watch?v=PoNrhZjxwZg,https://music.youtube.com/watch?v=JWudUXnz02c,https://music.youtube.com/watch?v=lVHgLzktZ8w,https://music.youtube.com/watch?v=GQa59nPEMqo
8e90eed9-62ba-51dd-8f52-18dc18bc7fdf,f6b724c0-9996-57ca-a78b-92ee8fd6cb1f,3,Feeling Hot Hot Hot,Sharon Prabhakar,4.0,https://www.youtube.com/watch?v=roCGPgUv0ao,https://music.youtube.com/watch?v=NTivA8uFSq0,https://music.youtube.com/watch?v=ROHk1TZQa_I,https://music.youtube.com/watch?v=VwCsPAgB6fg
6a1fbfaa-d94d-54c2-aa0f-a515f1437af5,f6b724c0-9996-57ca-a78b-92ee8fd6cb1f,8,Dekho Dekho Yeh Hai Jalwa,Remo Fernandes,4.0,https://www.youtube.com/watch?v=4vaMctlH358,https://music.youtube.com/watch?v=xoyrEyhZDhk,https://music.youtube.com/watch?v=wftKfEhIpPw,
73ffa10f-6156-5f7b-af9b-843a93aeabe8,37e2ee3f-ed60-5288-a55a-de074f7adee9,1,Zindagi Ka Naam Dosti - Male,Nitin Mukesh,4.0,http://www.youtube.com/watch?v=nBJQGxmg43A,https://music.youtube.com/watch?v=hrgamtuT6u4,https://music.youtube.com/watch?v=DaIaevyt2bs,https://music.youtube.com/watch?v=4Lkrt4xd_gg
dcd65489-bc17-5a80-b296-7188fb197637,37e2ee3f-ed60-5288-a55a-de074f7adee9,2,Aap Ke Aa Jane Se (May Se Meena Se Na Saqi Se),"Mohammed Aziz, Sadhna Sargam",4.33,http://www.youtube.com/watch?v=5pCGb6p4oIM,https://music.youtube.com/watch?v=sEvEHE9U8LE,https://music.youtube.com/watch?v=hFJfydFgwHg,https://music.youtube.com/watch?v=hOi9ozRqZT4
b6d18fee-5891-5727-bfa1-2b70bc97e3da,4cf88c91-4243-5a1c-87e5-a60f3e4df5b2,1,Kaate Nahin Katate Yeh Din Yeh Raat,"Kishore Kumar, Alisha Chinai",4.5,http://www.youtube.com/watch?v=9FjuBvzF1E4&feature=plcp,https://music.youtube.com/watch?v=SJMjnHGGcXk,,
b366fb75-99e8-5100-87a5-0eb2c8641697,4cf88c91-4243-5a1c-87e5-a60f3e4df5b2,3,Zindagi Ki Yahi Reet Hai,Kishore Kumar,4.25,http://www.youtube.com/watch?v=6db52BxXxfQ&feature=plcp,https://music.youtube.com/watch?v=4Tpm7D4-6DU,https://music.youtube.com/watch?v=ttNCveK6awk,https://music.youtube.com/watch?v=6db52BxXxfQ
b8a08d70-e512-5350-a67b-1d6c0302f93d,4cf88c91-4243-5a1c-87e5-a60f3e4df5b2,4,Bijli Giraane Main Hoon Aayi Kahte Hain Mujhko Hawa Hawai,Kavita Krishnamurthy,4.4,https://www.youtube.com/watch?v=IgKdXLfxgQQ,https://music.youtube.com/watch?v=RQcQZEmslCI,,
97167411-42c6-51b6-9731-b2957595c451,4c706f2b-4795-571c-b2ca-e9ec5eda4938,1,Aaj Phir Tum Pe Pyar Aaya Hai,"Pankaj Udhas, Anuradha Paudwal",4.17,https://www.youtube.com/watch?v=juk1s7P9Ndc,https://music.youtube.com/watch?v=6jWxCR7JBXg,https://music.youtube.com/watch?v=-b3Q0J_aj4o,https://music.youtube.com/watch?v=KGAAwoVjXIs
833587cc-990e-5ffa-b4ea-2a22d552df68,4c706f2b-4795-571c-b2ca-e9ec5eda4938,2,Chahe Meri Jaan Tu Le Le,"Sapna Mukherjee, Jolly Mukherjee",4.0,https://www.youtube.com/watch?v=rv49l1eCEUc,https://music.youtube.com/watch?v=XUZWKQwV3MU,https://music.youtube.com/watch?v=TRYpqFD0_5g,https://music.youtube.com/watch?v=rv49l1eCEUc
04fdb7a6-4459-560a-abd8-e9c07e974c20,98cc7586-eb75-5141-ac1f-32679b9eb5e4,1,Ek Sur (Mile Sur Mera Tumhara),"Bhimsen Joshi, Kavita Krishnamurthy, M. Balamuralikrishna, Lata Mangeshkar",4.0,https://www.youtube.com/watch?v=JcnlZGekHok,https://music.youtube.com/watch?v=PCfKIWrekoY,https://music.youtube.com/watch?v=FnKMmmSvhjU,
786ff924-171b-56b1-81fa-29a50685248a,b8c07edf-6a43-5466-bbf0-3cee8197fa56,2,Main Pyar Ki Pujaran Mujhe Pyar Chahiye,"Mohammed Aziz, Sapna Mukherjee",4.0,https://www.youtube.com/watch?v=KAKRzzkKOcE,https://music.youtube.com/watch?v=bzFjW0Der80,https://music.youtube.com/watch?v=KAKRzzkKOcE,https://music.youtube.com/watch?v=cL_TPz_gy2A
efe9b708-8f68-5c48-825e-3cefad1a494e,2009a9a3-56d8-5268-b052-56809c3db901,1,Hanste Hanste Kat Jaye Raste - I,"Sadhna Sargam, Nitin Mukesh",4.25,https://www.youtube.com/watch?v=-3KL-Zmgo_A,https://music.youtube.com/watch?v=cjEZFbhlOcw,https://music.youtube.com/watch?v=Gsk-2QeZXdo,https://music.youtube.com/watch?v=Byfy0nVsxa4
307c248c-eac5-5721-b6a8-8837fa67d020,2009a9a3-56d8-5268-b052-56809c3db901,2,Jeene Ke Bahaane Lakhon Hain,Asha Bhosle,4.0,http://www.youtube.com/watch?v=z_VzPpRqTTM,https://music.youtube.com/watch?v=Q-rBNfn2Ri0,https://music.youtube.com/watch?v=xsJQOteedpY,https://music.youtube.com/watch?v=z_VzPpRqTTM
2b7d8a9d-778e-5ea5-b57e-41f037ac095d,b11b3811-049a-5b7e-b13f-ca372aa88dc2,1,Lal Dupatta Malmal Ka,Mohammed Aziz,4.0,http://www.youtube.com/watch?v=OyNqiH5RKW4,https://music.youtube.com/watch?v=OyNqiH5RKW4,https://music.youtube.com/watch?v=gvuLk6aqhNY,https://music.youtube.com/watch?v=Yn-RtBatAxk
54f5267f-0695-55ed-8ea8-9ad37cab2cc5,b11b3811-049a-5b7e-b13f-ca372aa88dc2,6,Kya Karte The Saajna,"Udit Narayan, Anuradha Paudwal",4.33,http://www.youtube.com/watch?v=_jQaes9v0G8,https://music.youtube.com/watch?v=_jQaes9v0G8,https://music.youtube.com/watch?v=R4xhEUMQiQk,https://music.youtube.com/watch?v=Zi9UBJQMz3I
f7989dc3-a2d2-51e0-8345-3bb3a0a6eec1,b11b3811-049a-5b7e-b13f-ca372aa88dc2,9,Naa Jaane Kyun Main Bekaraar,"Udit Narayan, Anuradha Paudwal",4.0,http://www.youtube.com/watch?v=vwK8xkpqy-Q,https://music.youtube.com/watch?v=AKOe1s75UpY,https://music.youtube.com/watch?v=aaGjTxVoAJk,
8185df1f-f7b0-568d-bd67-20603dde54e9,742a229d-7453-5dd9-a3fc-4dc4b247bff2,1,Seeli Hawa Chhoo Gai,Lata Mangeshkar,4.4,https://www.youtube.com/watch?v=j_i0uCP9SmM,https://music.youtube.com/watch?v=jkoGVICCg10,https://music.youtube.com/watch?v=TP0IlY0KLDg,https://music.youtube.com/watch?v=tj5Y5NeMt10
4361ca45-a26b-5cb8-9cd1-ae59405ca482,742a229d-7453-5dd9-a3fc-4dc4b247bff2,2,Khamosh Sa Afsana,"Lata Mangeshkar, Suresh Wadkar",4.33,https://www.youtube.com/watch?v=HxSiaahhaVs,https://music.youtube.com/watch?v=TzUUy3-RuZ4,https://music.youtube.com/watch?v=hB8giAIiAs0,https://music.youtube.com/watch?v=4ihqUuuQoto
34ba596d-cd06-5f61-8246-549180233972,742a229d-7453-5dd9-a3fc-4dc4b247bff2,3,Phir Kisi Shakh Ne,Lata Mangeshkar,4.33,https://www.youtube.com/watch?v=J0laai_g4wo,https://music.youtube.com/watch?v=G0mHS7h2xDY,https://music.youtube.com/watch?v=Nm46Z8BsJjY,https://music.youtube.com/watch?v=o8Bk_lnZnl4
ee571a2a-e1ae-5026-863d-aa2344b4d236,3c3591b0-ad0b-58b2-bcb1-50139410aa1e,6,Bahut Kat Chuka Hai Safar Haule Haule,Asha Bhosle,4.0,https://www.youtube.com/watch?v=b15vCrw39ww,https://music.youtube.com/watch?v=b15vCrw39ww,https://music.youtube.com/watch?v=xb7x09bzWmQ,
44c28ad8-e9de-5a2b-9981-390cbde8d3fb,43f8a80d-5b44-5ba4-a885-b13b484a2804,1,Aye Zindagi Hui Kahaan Bhool (Male),Kishore Kumar,4.33,https://www.youtube.com/watch?v=l7IT7JpcMUA,https://music.youtube.com/watch?v=l7IT7JpcMUA,https://music.youtube.com/watch?v=g4oQc74BLus,https://music.youtube.com/watch?v=C1w6p3TEVxI
0f1621db-25d9-5a64-897b-4ddea7b27b74,2c65f847-fe21-5e00-88e8-eed9939ef318,1,Papa Kehte Hain Bada Naam Karega,Udit Narayan,4.2,https://www.youtube.com/watch?v=FEvBiayarlc,https://music.youtube.com/watch?v=FEvBiayarlc,https://music.youtube.com/watch?v=CX8hE-fhoew,https://music.youtube.com/watch?v=Fa_M7434Tqs
a46f5ede-7d43-5025-925a-af8651c5b9dc,2c65f847-fe21-5e00-88e8-eed9939ef318,2,Akele Hain Toh Kya Gham Hai,"Alka Yagnik, Udit Narayan",4.5,https://www.youtube.com/watch?v=As9DnNT3XZA,https://music.youtube.com/watch?v=QxpPkGSmCqY,https://music.youtube.com/watch?v=Gf9w9zSRrKU,https://music.youtube.com/watch?v=As9DnNT3XZA
71e02627-af0c-52db-8aa8-bc8a75db433f,2c65f847-fe21-5e00-88e8-eed9939ef318,4,Gazab Ka Hai Din Socho Zara,"Alka Yagnik, Udit Narayan",4.33,https://www.youtube.com/watch?v=HgYiNVNsHwE,https://music.youtube.com/watch?v=HgYiNVNsHwE,https://music.youtube.com/watch?v=mqrQoA9p3i8,https://music.youtube.com/watch?v=DNZAtorsGZM
57a97ff5-19e3-5422-b274-e0f9acdd50c9,2c65f847-fe21-5e00-88e8-eed9939ef318,5,Ae Mere Humsafar Ek Zara Intezar,"Alka Yagnik, Udit Narayan",4.8,https://www.youtube.com/watch?v=sWqjZpBtcxc,https://music.youtube.com/watch?v=sWqjZpBtcxc,https://music.youtube.com/watch?v=NWCG3MUDc0A,https://music.youtube.com/watch?v=RizsJydNAEY
9bc283e9-0f9a-50bb-962f-7bef1b0490dc,039735db-67e5-5b5c-812d-be6447fea067,1,Tadap Jeene Nahin Deti,"Asha Bhosle, Amit Kumar, Sadhna Sargam",4.0,https://www.youtube.com/watch?v=mqUo5UHp4hs,https://music.youtube.com/watch?v=mqUo5UHp4hs,https://music.youtube.com/watch?v=uL_Z5VBnUt0,
985e721b-65b7-5aa4-a0c5-0ba5589f0ace,b7841e69-0a8a-5cce-a8f9-4ec5f00e0c16,1,Ek Do Teen Char (Female),Alka Yagnik,4.0,https://www.youtube.com/watch?v=MS5BLS2sIDM,https://music.youtube.com/watch?v=JzFemLoFkN4,https://music.youtube.com/watch?v=dx57HiK1wUg,https://music.youtube.com/watch?v=NvQoJdneoUE
330edf12-0603-5fe0-a3a8-7dd94c71fa49,b7841e69-0a8a-5cce-a8f9-4ec5f00e0c16,2,Kah Do Ki Tum Ho Meri Warna Jeena Nahi Mujhe Hai Marna,"Amit Kumar, Anuradha Paudwal",4.4,https://www.youtube.com/watch?v=W83Vqgz1ZUY,https://music.youtube.com/watch?v=dzum9ZT_gVQ,https://music.youtube.com/watch?v=pGtMXeErAuU,https://music.youtube.com/watch?v=H_1pQ7NWUDM
47949506-a0ec-51d8-a2c0-76e7818c1386,b7841e69-0a8a-5cce-a8f9-4ec5f00e0c16,4,So Gaya Yeh Jahan So Gaya Aasman,"Nitin Mukesh, Alka Yagnik, Shabbir Kumar",4.17,https://www.youtube.com/watch?v=x-qxMr_kHkU,https://music.youtube.com/watch?v=Y9AxiH167fA,https://music.youtube.com/watch?v=yE4Vq1tWIjE,https://music.youtube.com/watch?v=_D7lzzD8l6M
b15e6394-04b2-5244-937b-bcdef1caea10,b7841e69-0a8a-5cce-a8f9-4ec5f00e0c16,5,Ek Do Teen Char (Male),Amit Kumar,4.0,https://www.youtube.com/watch?v=sOGWtJt6I0Q,https://music.youtube.com/watch?v=XMquwOi9BjY,https://music.youtube.com/watch?v=sOGWtJt6I0Q,https://music.youtube.com/watch?v=EfN8ouzZRyA
7dc7690a-db08-5975-9481-6db74042385f,58d80b2a-941d-5563-a4a2-61d1b69bcdd2,1,Naa Jaane Kahaan Se Aayi Hai,"Kavita Krishnamurthy, Amit Kumar",4.0,https://www.youtube.com/watch?v=UUT26pYNijk,https://music.youtube.com/watch?v=UUT26pYNijk,https://music.youtube.com/watch?v=MkXldrYYM_M,
f6868e34-c48a-5983-bc55-6b82e0196ed0,15b87a2e-b85a-55b1-b24b-c22d70b6df00,6,Tere Mere Hothon Pe Meethe Meethe Geet Mitwa,"Babla Mehta, Lata Mangeshkar",4.0,http://www.youtube.com/watch?v=GEgHyIm-BJA&feature=plcp,https://music.youtube.com/watch?v=4Je9EOmlHvQ,https://music.youtube.com/watch?v=cS6FEpc0z3E,https://music.youtube.com/watch?v=HEKpe5IFd08
2d43aa45-638d-52e8-b66f-588bc8261da3,b45daeb9-7e72-5524-ab21-9aa58e260127,2,Mujhe Zindagi Ki Dua Na De - Female,Lata Mangeshkar,4.0,https://www.youtube.com/watch?v=itw3twIY3J0,https://music.youtube.com/watch?v=3N20rdF3NYE,https://music.youtube.com/watch?v=itw3twIY3J0,https://music.youtube.com/watch?v=WNFGtUE-DOk
9ad39bf8-9551-5fc8-826c-d094c9a33091,b45daeb9-7e72-5524-ab21-9aa58e260127,6,Mujhe Zindagi Ki Dua Na De - Male,Bhupinder Singh,4.33,https://www.youtube.com/watch?v=WNFGtUE-DOk,https://music.youtube.com/watch?v=WNFGtUE-DOk,https://music.youtube.com/watch?v=HbM0_0fhEZE,https://music.youtube.com/watch?v=3jYxeJSk9wA
b40682ce-1965-5d68-9693-07f9f23f0fe1,b45daeb9-7e72-5524-ab21-9aa58e260127,8,Kya Yeh Mumkin Hai,"Kishore Kumar, Asha Bhosle",4.0,https://www.youtube.com/watch?v=WFwsmdjbfwk,https://music.youtube.com/watch?v=fykOvY9GFdM,https://music.youtube.com/watch?v=7gt-dvIYOAg,https://music.youtube.com/watch?v=uUazcxHQHak
4b817487-8a7c-59a0-bfc3-74201f692aad,6b206125-b9f5-5af4-959a-0ba084fce3c3,1,Sama Yeh Suhana Akele Tum Ho Akele Hum Hain,"Hema Sardesai, Binju Ali",4.0,https://www.youtube.com/watch?v=3MiNuTH-YLY,https://music.youtube.com/watch?v=jO3tSVocg40,https://music.youtube.com/watch?v=HbS84XMUGZE,
9f75d9f2-3f52-5a07-b80f-5a22ea91ed87,66171a74-3e1e-555c-9bec-a71fe2c83bde,1,Jab Koi Baat Bigad Jaaye,"Kumar Sanu, Sadhna Sargam",4.75,https://www.youtube.com/watch?v=ln3meCI0LFM,https://music.youtube.com/watch?v=mNSYPtzpfd4,https://music.youtube.com/watch?v=hM_cLcRsdc8,https://music.youtube.com/watch?v=ln3meCI0LFM
5b03f22b-7108-5f64-a85d-922d70fc91d1,84d07eb2-4003-52d3-9d59-5ab8a888900e,1,Dil Deewana Bin Sajna Ke Maane Na (Female),Lata Mangeshkar,4.0,http://www.youtube.com/watch?v=1ZBp6hIqCfI&feature=plcp,https://music.youtube.com/watch?v=5Z0bUM2D0is,https://music.youtube.com/watch?v=oEnFAt2KOfA,https://music.youtube.com/watch?v=uOVIqxYNwCs
354fcffb-6930-5625-9bec-c88405de2b85,84d07eb2-4003-52d3-9d59-5ab8a888900e,2,Aaja Shaam Hone Aayi,"Lata Mangeshkar, S.P. Balasubramaniam",4.6,http://www.youtube.com/watch?v=Eieo8N9gYZA&feature=plcp,https://music.youtube.com/watch?v=2xITabSUf-A,https://music.youtube.com/watch?v=fH-ztEU-s48,https://music.youtube.com/watch?v=sWoRdwFk2Yw
63ebe976-16e7-5983-8bd7-a964dc79e2b8,84d07eb2-4003-52d3-9d59-5ab8a888900e,3,Kabootar Ja Ja Ja,"Lata Mangeshkar, S.P. Balasubramaniam",4.33,http://www.youtube.com/watch?v=a1tVvBxs4rk&feature=plcp,https://music.youtube.com/watch?v=-rJOsTpOI1Q,https://music.youtube.com/watch?v=Fzw49vnGhxU,https://music.youtube.com/watch?v=q7n5B8htf9Q
667421dc-01c0-519e-b40f-e4a2288b62a7,84d07eb2-4003-52d3-9d59-5ab8a888900e,4,Mere Rang Mein Rangne Wali,S.P. Balasubramaniam,4.6,http://www.youtube.com/watch?v=3HbTIFVtsKA&feature=plcp,https://music.youtube.com/watch?v=xxG3XA4fCww,https://music.youtube.com/watch?v=T9RQrpuPt6o,https://music.youtube.com/watch?v=BkLOBuTAtS0
98bf9d3f-dc0a-5326-b454-fb12d8e48bde,84d07eb2-4003-52d3-9d59-5ab8a888900e,5,Aaya Mausam Dosti Ka,"Lata Mangeshkar, S.P. Balasubramaniam, Usha Mangeshkar, Shailendra Singh",4.5,http://www.youtube.com/watch?v=oJb_hqWWuWg&feature=plcp,https://music.youtube.com/watch?v=VtJmW2M1c-o,https://music.youtube.com/watch?v=AlKBqjwU_34,https://music.youtube.com/watch?v=_WQCvtLTsfg
710d5190-7d3a-5d5e-8cd7-c0fe43afac7e,84d07eb2-4003-52d3-9d59-5ab8a888900e,6,Dil Deewana Bin Sajna Ke Maane Na (Male),S.P. Balasubramaniam,4.6,http://www.youtube.com/watch?v=7IHTdSc3WTw&feature=plcp,https://music.youtube.com/watch?v=edjaGdZXKIg,https://music.youtube.com/watch?v=GM1ZtVQnLxA,https://music.youtube.com/watch?v=j2XSZDemxFQ
be30ecd1-781a-570f-a7bb-4e8ab88dcfcf,84d07eb2-4003-52d3-9d59-5ab8a888900e,9,Aate Jaate Hanste Gaate,"Lata Mangeshkar, S.P. Balasubramaniam",4.6,http://www.youtube.com/watch?v=PhkADyPektU&feature=plcp,https://music.youtube.com/watch?v=Q8WEmRsdKK4,https://music.youtube.com/watch?v=_LbmnNQVRr8,https://music.youtube.com/watch?v=Y7-A4bj6gGI
30796dd3-391a-5164-a0e6-295c060668ad,f8609322-4ec6-536b-a5b6-9c8d5f6f47d4,2,Aah Ko Chahiye,Jagjit Singh,4.0,https://www.youtube.com/watch?v=9zDmAfXS9yM,https://music.youtube.com/watch?v=9YzZQq-TdKY,https://music.youtube.com/watch?v=yuP9ZfiRMoE,https://music.youtube.com/watch?v=6cKO8cqlZ8I
d072d855-3225-5b03-965a-87b0997ec92e,999979be-21da-57d2-9791-295f07cc2be9,1,Tumse Milke Aisa Laga,"Suresh Wadkar, Asha Bhosle",4.67,https://www.youtube.com/watch?v=9ieB2Pmq58E,https://music.youtube.com/watch?v=_Z-NF5NlTKs,https://music.youtube.com/watch?v=cm9Xf5X6ocg,https://music.youtube.com/watch?v=cRzIqA83c8I
c6aabe19-80a3-5e23-890b-ae6d055f3e27,999979be-21da-57d2-9791-295f07cc2be9,6,Pyar Ke Mod Pe,"Asha Bhosle, Suresh Wadkar",4.75,https://www.youtube.com/watch?v=WRPUG-wFWXI,https://music.youtube.com/watch?v=SnshSqqzwRM,https://music.youtube.com/watch?v=U-5Skfdi7Cs,https://music.youtube.com/watch?v=PwnHPpl999o
8a461bb2-19a9-5d35-9f0f-8803159044d2,7376f4cd-1eb6-54f1-a1a9-97338adbf342,2,Tera Naam Liya Tujhe Yaad Kiya (Mujhe Tumse Hain Kitne Gile),"Manhar Udhas, Anuradha Paudwal",4.0,https://www.youtube.com/watch?v=WWGibhzNyR8,https://music.youtube.com/watch?v=ljKVVi4qWUM,https://music.youtube.com/watch?v=H3R9038hmvc,https://music.youtube.com/watch?v=OJqFInyodGw
23befc20-30ea-5d48-a3b1-71c1f937cf6d,6b2a4638-050c-5095-b439-4679d20386c2,2,Tirchhi Topi Wale Babu Bhole Bhaale,"Amit Kumar, Sapna Mukherjee",4.0,http://www.youtube.com/watch?v=tJ3iJpUC65M,https://music.youtube.com/watch?v=eYl9i8mH1lI,https://music.youtube.com/watch?v=hbzUWiAchQI,
3342b732-6474-54b1-abc7-9e9101b5f157,6b2a4638-050c-5095-b439-4679d20386c2,3,Raat Bhar Jaam Se Jaam Takrayega,Alisha Chinai,4.5,https://www.youtube.com/watch?v=tlkINjSCp5I,https://music.youtube.com/watch?v=BLyGhxFkIWQ,https://music.youtube.com/watch?v=l_uqcaMP-Jw,https://music.youtube.com/watch?v=qtQ_Fq2mJeY
cd6a7df7-b527-52c0-8673-ec749e0ba619,6b2a4638-050c-5095-b439-4679d20386c2,4,Main Teri Mohabbat Mein Pagal Ho Jaoonga,"Sadhna Sargam, Mohammed Aziz",4.25,http://www.youtube.com/watch?v=0B0YOzzcO-o,https://music.youtube.com/watch?v=q2aW4-r8_tk,https://music.youtube.com/watch?v=PJBsHTqzFNs,https://music.youtube.com/watch?v=IWwoYB14njA
b645f225-62b9-51ac-867c-2941314cdb4c,6b2a4638-050c-5095-b439-4679d20386c2,6,Gajar Ne Kiya Hai Ishara (Oye Oye),"Sapna Mukherjee, Sadhna Sargam, Alka Yagnik",4.5,https://www.youtube.com/watch?v=-1ujA6a_VPU,https://music.youtube.com/watch?v=6mMNd-GZ0ko,https://music.youtube.com/watch?v=NaLchmMHgkc,https://music.youtube.com/watch?v=Ok6AC3k7LW0
12b537fe-48aa-5f90-83b8-97129d4453f4,6b2a4638-050c-5095-b439-4679d20386c2,7,Gali Gali Mein Phirta Hai Tu Kyun Ban Ke Banjaara,"Manhar Udhas, Alka Yagnik",4.5,http://www.youtube.com/watch?v=iSHCR3OtDwg,https://music.youtube.com/watch?v=FcW3YiMR7DE,https://music.youtube.com/watch?v=AgqExQdWVkQ,
d48430e7-50b6-5d86-aebe-f675d33ed759,6b2a4638-050c-5095-b439-4679d20386c2,9,Tridev - 2,Naseeruddin Shah,4.0,http://www.youtube.com/watch?v=Ql9nZg5fJd8,https://music.youtube.com/watch?v=j8wLcrAQXvk,https://music.youtube.com/watch?v=SU4BkVGzgyM,https://music.youtube.com/watch?v=Ql9nZg5fJd8
f9cdcb8e-63e9-5156-b48a-f5fc37f5d4e1,6b2a4638-050c-5095-b439-4679d20386c2,10,Oye Oye Oye O Oaa,"Amit Kumar, Udit Narayan, Jolly Mukherjee",4.0,https://www.youtube.com/watch?v=mElP6Ws029o,https://music.youtube.com/watch?v=gc3uneh3SjQ,https://music.youtube.com/watch?v=mElP6Ws029o,
60497199-3f15-5def-93b9-803e04882b01,3de905f4-738b-5a97-9652-52e94a9696e7,1,Hum Dono Akele Hon,"Bappi Lahiri, Anuradha Paudwal",4.0,https://www.youtube.com/watch?v=yLQtyDWDJi4,https://music.youtube.com/watch?v=yLQtyDWDJi4,https://music.youtube.com/watch?v=coxbkyE-ric,https://music.youtube.com/watch?v=Oyocc9kBqdw
5e39eaf0-9dee-53b5-8096-9ba92d08bd05,3c55afa3-31c2-5a13-a819-7d188ebfb0a2,1,Jaan-E-Jigar Jaaneman - I,"Anuradha Paudwal, Kumar Sanu",4.71,http://www.youtube.com/watch?v=xEN19Q63OCc,https://music.youtube.com/watch?v=HFXuHJLDcVo,https://music.youtube.com/watch?v=8eMqNxgTqac,https://music.youtube.com/watch?v=YaXUv3t4uLo
c9d59747-f318-5f70-a697-a4a4a0e6b531,3c55afa3-31c2-5a13-a819-7d188ebfb0a2,2,Main Duniya Bhula Doonga Teri Chahat Mein,"Anuradha Paudwal, Kumar Sanu",4.5,http://www.youtube.com/watch?v=kGmEwa9HC2w,https://music.youtube.com/watch?v=otQmzlm-s7Q,https://music.youtube.com/watch?v=jLOlqkKxhnI,https://music.youtube.com/watch?v=UYLH8eM8yNE
d6074b19-e070-5225-9eac-6ac1fd9d18fc,3c55afa3-31c2-5a13-a819-7d188ebfb0a2,3,Ek Sanam Chahiye Aashiqui Ke Liye (Saanson Ki Zaroorat Hai Jaise) - Male,Kumar Sanu,4.4,http://www.youtube.com/watch?v=yXbSZFNBvvE&feature=plcp,https://music.youtube.com/watch?v=G5sjHPy-SzU,https://music.youtube.com/watch?v=5EZagydXjNU,https://music.youtube.com/watch?v=8IXPM7KWorA
0d4d749f-90b1-50eb-952e-c6f5ef9d056e,3c55afa3-31c2-5a13-a819-7d188ebfb0a2,4,Nazar Ke Saamne Jigar Ke Paas,"Anuradha Paudwal, Kumar Sanu",4.5,http://www.youtube.com/watch?v=uNt18l9UfjE,https://music.youtube.com/watch?v=bEXtVh9gcAg,https://music.youtube.com/watch?v=rZQd49njPN8,https://music.youtube.com/watch?v=7zyHouWBLYI
18c61099-1ecb-5574-bb96-64b009774c69,3c55afa3-31c2-5a13-a819-7d188ebfb0a2,5,Dheere Dheere Se Meri Zindagi Mein Aana,"Anuradha Paudwal, Kumar Sanu",4.6,http://www.youtube.com/watch?v=KeyfUuXPOcY,https://music.youtube.com/watch?v=Mcs2xEZ6K8o,https://music.youtube.com/watch?v=YXrqPqDpbjg,https://music.youtube.com/watch?v=WAe4nOOy3l4
d0e3e004-fb17-52a6-8c33-2dd143ea2b64,3c55afa3-31c2-5a13-a819-7d188ebfb0a2,6,Mera Dil Tere Liye Dhadakta Hai,"Anuradha Paudwal, Udit Narayan",4.0,http://www.youtube.com/watch?v=SOXigA5cSQ0,https://music.youtube.com/watch?v=6Fzntg0p3-Q,https://music.youtube.com/watch?v=cJlHcLR9j_0,https://music.youtube.com/watch?v=x0bziFquJD0
b73c8b1c-75d4-52d2-b2fe-64914848f6a4,3c55afa3-31c2-5a13-a819-7d188ebfb0a2,7,Ek Sanam Chahiye Aashiqui Ke Liye (Saanson Ki Zaroorat Hai Jaise) - Female,Anuradha Paudwal,4.2,http://www.youtube.com/watch?v=aI5rjOXucDA,https://music.youtube.com/watch?v=bQoj54EbE6o,https://music.youtube.com/watch?v=aI5rjOXucDA,https://music.youtube.com/watch?v=rrrP6dizTB0
a8adc2f0-0ced-57b8-b96d-0321f0e1a871,3c55afa3-31c2-5a13-a819-7d188ebfb0a2,8,Tu Meri Zindagi Hai,"Anuradha Paudwal, Kumar Sanu",4.2,http://www.youtube.com/watch?v=Jt9LM0NSPCc,https://music.youtube.com/watch?v=8dklFpUa9jU,https://music.youtube.com/watch?v=HpC3OEd_KF0,https://music.youtube.com/watch?v=OQG0Q-rFKQ4
442661e6-f0ef-500f-b527-68830cb50261,3c55afa3-31c2-5a13-a819-7d188ebfb0a2,9,Dil Ka Aalam Main Kya Batoon Tujhe,Kumar Sanu,4.0,http://www.youtube.com/watch?v=BaAoZA0fup0,https://music.youtube.com/watch?v=BaAoZA0fup0,https://music.youtube.com/watch?v=re55FEKMoAw,https://music.youtube.com/watch?v=agSFEdDzT58
057c0ea4-4556-5b5f-95aa-b6dcbc7b7bd3,3c55afa3-31c2-5a13-a819-7d188ebfb0a2,10,Ab Tere Bin Jee Lenge Hum,Kumar Sanu,4.33,http://www.youtube.com/watch?v=zd7oEDR3yZE,https://music.youtube.com/watch?v=rTatsmUgmiA,https://music.youtube.com/watch?v=OSl4yXweYh8,
78ec7948-2621-573d-b6b2-a585287cfadd,3c55afa3-31c2-5a13-a819-7d188ebfb0a2,11,Jaan-E-Jigar Jaaneman - II,"Anuradha Paudwal, Kumar Sanu",4.0,http://www.youtube.com/watch?v=1jtyBzKi1yE&feature=plcp,https://music.youtube.com/watch?v=HFXuHJLDcVo,https://music.youtube.com/watch?v=8eMqNxgTqac,https://music.youtube.com/watch?v=YaXUv3t4uLo
a59cee4e-6897-5b38-ad2a-99967f73301c,085816b8-244b-54a8-975a-e4544b1f037c,4,Chamakte Chaand Ko,Ghulam Ali,4.0,https://www.youtube.com/watch?v=TzQVBZhNRUM,https://music.youtube.com/watch?v=TzQVBZhNRUM,https://music.youtube.com/watch?v=vs3aRRrYHlA,https://music.youtube.com/watch?v=bLJZ_4j3g9w
c3ae4a57-3b31-5a46-9759-a3cbea171e2c,41d7ce78-179a-56fa-9c7d-c7e20590a5ae,1,Kaisa Lagta Hai Achha Lagta Hai,"Amit Kumar, Anuradha Paudwal",4.75,https://www.youtube.com/watch?v=qQqpeoh41AI,https://music.youtube.com/watch?v=qQqpeoh41AI,https://music.youtube.com/watch?v=bRHVYaQdaxc,https://music.youtube.com/watch?v=lMB_2Z4VUns
c1d22b08-9289-5194-99d4-59b0bdda3b5f,41d7ce78-179a-56fa-9c7d-c7e20590a5ae,3,Chandni Raat Hai Tu Mere Saath Hai,"Abhijeet, Kavita Krishnamurthy",4.0,https://www.youtube.com/watch?v=K-3Ks9g5lsE,https://music.youtube.com/watch?v=rC4BaGN0vCI,https://music.youtube.com/watch?v=EtyF-lrG6rA,https://music.youtube.com/watch?v=gV7nXJsH3Qg
0e77641a-bf10-52a4-86e5-a76010e4a10d,41d7ce78-179a-56fa-9c7d-c7e20590a5ae,6,Ek Chanchal Shokh Haseena - I,Abhijeet,4.0,http://www.youtube.com/watch?v=Xuj6GtjpHVQ,https://music.youtube.com/watch?v=4Tdos-ba8CA,https://music.youtube.com/watch?v=h583IKC10qg,https://music.youtube.com/watch?v=liVaIbc0mSo
6ee43062-baba-54b4-a76b-448efd68370f,dd716b27-43a3-52c3-84fc-285d96782cb8,4,Paree Hoon Main,Suneeta Rao,4.0,http://www.youtube.com/watch?v=wzB32ZScPS0,https://music.youtube.com/watch?v=EmoEPIPe1sY,https://music.youtube.com/watch?v=KJg9_SjEa9A,https://music.youtube.com/watch?v=wzB32ZScPS0
71c38e72-4c22-5662-ac01-cd1100f2a796,1d796af8-035b-5c05-9c4a-0bfe513bf57f,2,Mujhe Neend Na Aaye,"Anuradha Paudwal, Udit Narayan",4.0,https://www.youtube.com/watch?v=qjLPZsfA9Os,https://music.youtube.com/watch?v=rrZcR4GzWq8,https://music.youtube.com/watch?v=b6cr8CWaEjU,https://music.youtube.com/watch?v=3e3o-9ZOx-Q
f95a0f6d-4d3a-5e08-b35f-b2fd4a9985e3,1d796af8-035b-5c05-9c4a-0bfe513bf57f,5,Hum Pyar Karne Wale,"Anuradha Paudwal, Udit Narayan",4.0,https://www.youtube.com/watch?v=NZGUae5srzM,https://music.youtube.com/watch?v=pXQQhqKmYgg,https://music.youtube.com/watch?v=Kq_5nl6bKzo,https://music.youtube.com/watch?v=5UhiKQp74WE
4caae81e-798d-57d9-b2dc-ccb0179ed3f0,024c1993-9828-5646-8292-27d17174c96b,4,Sochna Kya Jo Bhi Hoga Dekha Jayega,"Shabbir Kumar, Kumar Sanu, Asha Bhosle",4.0,https://www.youtube.com/watch?v=_y62gFKq26E,https://music.youtube.com/watch?v=_y62gFKq26E,https://music.youtube.com/watch?v=XQeU8nbt8wA,https://music.youtube.com/watch?v=E8maNmmsNWw
021d5058-42ba-5ca2-91c3-61ce915289a4,8cc92b31-dc8d-5ee4-8236-e6e253267cae,1,Yaara Seeli Seeli,Lata Mangeshkar,4.33,https://www.youtube.com/watch?v=I5PlRhFRkFU,https://music.youtube.com/watch?v=KfTP6padklI,https://music.youtube.com/watch?v=UoP2J3bjel0,https://music.youtube.com/watch?v=Xw1PP7gHKZg
6aa61998-4833-5d89-9a62-7e7deab8dc4e,8cc92b31-dc8d-5ee4-8236-e6e253267cae,2,Suniyo Ji Araj Mhariyo,Lata Mangeshkar,4.5,https://www.youtube.com/watch?v=B6fgzi2GBWM,https://music.youtube.com/watch?v=L828WFrrNok,,
48cbdc95-d671-5000-b7e1-4d9bf7d89cae,8cc92b31-dc8d-5ee4-8236-e6e253267cae,3,Surmai Shaam Is Tarah Aaye,Suresh Wadkar,4.67,https://www.youtube.com/watch?v=DVx-64NQ0Sw,https://music.youtube.com/watch?v=YpxoV4lgShQ,https://music.youtube.com/watch?v=I_lBt2HSLe0,https://music.youtube.com/watch?v=zONVwo3GEpg
181f0f67-0786-5b69-b0f4-33bcc42d9ca1,8cc92b31-dc8d-5ee4-8236-e6e253267cae,4,Kesariya Baalma - I,Lata Mangeshkar,4.0,https://www.youtube.com/watch?v=vfhYHPH4zaw,https://music.youtube.com/watch?v=Mh0sQPQs6x0,https://music.youtube.com/watch?v=vfhYHPH4zaw,https://music.youtube.com/watch?v=x204Kg4In4E
44860211-a873-5d0f-b599-392671f5f873,8cc92b31-dc8d-5ee4-8236-e6e253267cae,5,Joothe Naina Bole Saanchi Batiyaan,"Asha Bhosle, Satyasheel Deshpande",4.0,https://www.youtube.com/watch?v=0fT_AVNGn64,https://music.youtube.com/watch?v=NZQY-WHU8YU,https://music.youtube.com/watch?v=0fT_AVNGn64,
46bc94e8-9b29-5614-a5b7-9ea94dfccca6,21db9fa6-a842-518f-a933-e0702fe412ef,2,Jaaneman Tere Pyar Mein,"Amit Kumar, Sadhna Sargam",4.5,https://www.youtube.com/watch?v=CxHRSqZxxEI,https://music.youtube.com/watch?v=fC9ffgGsy-A,,
2cfd3c1f-e2ff-56b3-881e-a2d2d696759e,be4a829a-9300-5da7-8a1b-77133d3e2f77,4,Ragas In Minor Scale,,4.0,https://www.youtube.com/watch?v=UphX7TfRexs,https://music.youtube.com/watch?v=8RL2Fu2VIxE,https://music.youtube.com/watch?v=z28Vmk2NvoA,https://music.youtube.com/watch?v=4-0Gd6RJtrs
4559b9dc-df4a-5e71-b1b6-06e2c3e8ee7d,be4a829a-9300-5da7-8a1b-77133d3e2f77,5,Meetings Along The Edge,,4.0,https://www.youtube.com/watch?v=WRCNrQ9dAI0,https://music.youtube.com/watch?v=SgXpsZa8_i4,,
73958e1c-22b6-5622-a23e-6b72067a3d73,be4a829a-9300-5da7-8a1b-77133d3e2f77,6,Prashanti,"S.P. Balasubramaniam, Pandit Ravi Shankar",4.0,https://www.youtube.com/watch?v=xg95TwdWXUM,https://music.youtube.com/watch?v=FhwBB8U47JI,https://music.youtube.com/watch?v=gkFD8bS6ljU,https://music.youtube.com/watch?v=kIXJSR_0sUA
73087080-47f8-5716-9eb9-974b05006bce,eaaccd80-8d56-53df-bf5c-fbd8f02f2ccb,2,Palkon Ke Tale,"Amit Kumar, Kavita Krishnamurthy",4.5,https://www.youtube.com/watch?v=kDffDiGGpvs,https://music.youtube.com/watch?v=kDffDiGGpvs,https://music.youtube.com/watch?v=6ogd0xDZ_E8,https://music.youtube.com/watch?v=hR0sb6LSgPA
5ad11896-070c-5615-a8bc-302a3fb2506b,eaaccd80-8d56-53df-bf5c-fbd8f02f2ccb,4,Mujhko Yeh Zindagi Lagti Hai,"Amit Kumar, Asha Bhosle",4.0,https://www.youtube.com/watch?v=9ZPzvjJTZT4,https://music.youtube.com/watch?v=SkUYdXh-cYw,https://music.youtube.com/watch?v=9ZPzvjJTZT4,https://music.youtube.com/watch?v=RS8AVL4U3iM
58a20c35-1313-5447-809a-b0f8b062e3a7,2813083d-01c0-545a-b979-b781ef854738,2,Anando Bramho,"Kavita Krishnamurthy, S.P. Balasubramaniam",4.0,http://www.youtube.com/watch?v=5GcN719_w5Y,https://music.youtube.com/watch?v=0JIGsUe2yC0,https://music.youtube.com/watch?v=5GcN719_w5Y,https://music.youtube.com/watch?v=oBKbQ01XKD8
a891c6c8-e7cd-51c8-bd9c-20a5bd5b449b,c270cc3d-db7f-5ec9-b016-4a5d1152d462,1,Din Guzar Gaya,"Jagjit Singh, Chitra Singh",4.5,https://www.youtube.com/watch?v=bcgvzNdM2YU,https://music.youtube.com/watch?v=rsRFXLPFB24,https://music.youtube.com/watch?v=vTcikeX7Fn0,https://music.youtube.com/watch?v=oxOSUSdNQjg
44eff22a-8443-5b5d-ac16-d70f95dfff35,c270cc3d-db7f-5ec9-b016-4a5d1152d462,2,Meri Zindagi Kisi Aur Ki,Jagjit Singh,4.5,http://www.youtube.com/watch?v=yS265UjzlUk,https://music.youtube.com/watch?v=OpGM0ES7HWo,https://music.youtube.com/watch?v=yS265UjzlUk,https://music.youtube.com/watch?v=F8DSYpG2n4k
11cb1a18-4bc9-524b-ad1a-8b4ca131f8b9,c270cc3d-db7f-5ec9-b016-4a5d1152d462,4,Fasila To Hai,"Jagjit Singh, Chitra Singh",4.0,https://www.youtube.com/watch?v=XpJBX8pZ_2E,https://music.youtube.com/watch?v=XpJBX8pZ_2E,https://music.youtube.com/watch?v=GKtiDJB3SfI,
9bcd4073-4c19-534f-959c-c44aa22083d1,c270cc3d-db7f-5ec9-b016-4a5d1152d462,7,Koi Samjhega Kya Raaz-E-Gulshan,"Jagjit Singh, Chitra Singh",4.0,http://www.youtube.com/watch?v=NnohSxNKNWw,https://music.youtube.com/watch?v=w6acIGmO2-g,https://music.youtube.com/watch?v=sN3XfNXKiYQ,https://music.youtube.com/watch?v=NnohSxNKNWw
17d451f5-fcde-55c8-a7d2-7e63a6eac3ac,b10a97ea-05bb-572d-8f74-363442563368,1,Tamma Tamma Loge,"Bappi Lahiri, Anuradha Paudwal",4.0,https://www.youtube.com/watch?v=UG21tIOyovk,https://music.youtube.com/watch?v=Xs5k7d6kzh8,https://music.youtube.com/watch?v=-9Gp29z9Kck,https://music.youtube.com/watch?v=UG21tIOyovk
f395b55d-f8fd-548b-b0e5-f766ebf2c44d,e701e85d-e006-56f2-a277-4c3b749a5689,1,Sun Beliya Shukriya Meherbani,"S.P. Balasubramaniam, Lata Mangeshkar",4.0,https://www.youtube.com/watch?v=AWs7LqmdM8U,https://music.youtube.com/watch?v=ET1l2zYVD_Y,https://music.youtube.com/watch?v=LqlNJcUL3cY,https://music.youtube.com/watch?v=PLBhEFwcLLY
3432d4ca-6899-5063-982e-7cc7eec7d04d,5e9d4ec8-03fe-5744-a25f-1e2c8779b505,3,Adayein Bhi Hain Mohabbat Bhi Hai,"Anuradha Paudwal, Kumar Sanu",4.0,http://www.youtube.com/watch?v=PPrtsDLg69I&ob=av3e,https://music.youtube.com/watch?v=MK7a38CM0BA,https://music.youtube.com/watch?v=OwVLWTCFkDc,https://music.youtube.com/watch?v=tgSwOZUL6SY
899e7d2d-7136-5759-b898-e25eef9623b4,5e9d4ec8-03fe-5744-a25f-1e2c8779b505,4,Tu Pyar Hai Kisi Aur Ka,"Kumar Sanu, Anuradha Paudwal",4.0,http://www.youtube.com/watch?v=U0qBRoeQa-g,https://music.youtube.com/watch?v=DJHwuJZ2uYg,https://music.youtube.com/watch?v=isEylckz60U,https://music.youtube.com/watch?v=98MGT9JStKk
68c5bfc6-3d3f-59ea-8a3d-c89f1e465d95,5e9d4ec8-03fe-5744-a25f-1e2c8779b505,7,Dil Hai Ke Manta Nahin (Duet),"Anuradha Paudwal, Kumar Sanu",4.5,http://www.youtube.com/watch?v=IVeGCYxT_IU,https://music.youtube.com/watch?v=C9efe0rjDlE,https://music.youtube.com/watch?v=lU6L-v2n3bc,https://music.youtube.com/watch?v=v5VtxXxuoZk
f05b3b9a-ebc7-5d68-82d5-e94bc42db994,348526a2-deb8-553d-afb7-0d43fa2debca,1,Saathiya Tune Kya Kiya,"S.P. Balasubramaniam, K.S. Chitra",4.33,http://www.youtube.com/watch?v=MZKZsYk2jJg,https://music.youtube.com/watch?v=MZKZsYk2jJg,https://music.youtube.com/watch?v=xptbe8gJFI4,https://music.youtube.com/watch?v=_XfQIVQkrbc
607da159-b352-5ebb-ae98-8e6b2b11e51c,b2a350c1-bd91-5adc-a6fd-1e9eff926929,1,Tumse Jo Dekhte Hi Pyar Hua (Kabhi Linking Road),"Lata Mangeshkar, S.P. Balasubramaniam",4.0,https://www.youtube.com/watch?v=nvilopNpLSY,https://music.youtube.com/watch?v=VDcUsbL2XaA,https://music.youtube.com/watch?v=q2v6gJwV5gA,https://music.youtube.com/watch?v=jjJHApGFVtg
b9d9f97f-786e-5857-a9e2-26346209cdba,b2a350c1-bd91-5adc-a6fd-1e9eff926929,2,Kabhi Tu Chhalia Lagta Hai,"Lata Mangeshkar, S.P. Balasubramaniam",4.0,https://www.youtube.com/watch?v=Xujo91UCtck,https://music.youtube.com/watch?v=I4IfeHGQ6KA,https://music.youtube.com/watch?v=F_8rp24oX8k,
9e960031-dd44-5ddd-a3af-f59292e536c4,35414487-f278-54f1-9ad0-58e7ef8c4262,2,Dheere Dheere Pyar Ko Badhaana Hai,"Kumar Sanu, Alka Yagnik",4.0,https://www.youtube.com/watch?v=zuPoUsdXrqM,https://music.youtube.com/watch?v=pY12jrcJisA,https://music.youtube.com/watch?v=z7zoedRS_Nk,https://music.youtube.com/watch?v=jGrOSjdXpnU
44d950a5-4420-5d53-8904-044a6647fd09,6a99c9eb-5be6-567f-a9e5-0ddc6a077eb2,1,Dekha Hai Pehli Baar Saajan Ki Aankhon Mein Pyar,"S.P. Balasubramaniam, Alka Yagnik",4.0,https://www.youtube.com/watch?v=heYKmdhNvhc,https://music.youtube.com/watch?v=bBjVLCAAM1A,https://music.youtube.com/watch?v=FGUzNoJok_g,https://music.youtube.com/watch?v=heYKmdhNvhc
de3129b4-111e-5fc4-86d4-599a34aff1ba,6a99c9eb-5be6-567f-a9e5-0ddc6a077eb2,2,Tumse Milne Ki Tamanna Hai,S.P. Balasubramaniam,4.5,https://www.youtube.com/watch?v=thjRNwjmAdQ,https://music.youtube.com/watch?v=thjRNwjmAdQ,https://music.youtube.com/watch?v=GCcyZi0dHXY,https://music.youtube.com/watch?v=HIr_kpG4Fnc
c8df83fe-0edb-596a-9307-b6443d43542a,6a99c9eb-5be6-567f-a9e5-0ddc6a077eb2,3,Bahut Pyar Karte Hain Tumko Sanam (Female),Anuradha Paudwal,4.0,https://www.youtube.com/watch?v=iupGwQqjgOk,https://music.youtube.com/watch?v=iupGwQqjgOk,https://music.youtube.com/watch?v=ETeljM55eug,https://music.youtube.com/watch?v=3sUoQFnOzfU
27775382-ffb2-56f1-8b4f-e9dcbcd2412d,6a99c9eb-5be6-567f-a9e5-0ddc6a077eb2,4,Jiyen Toh Jiyen Kaise Haay Bin Aap Ke - I,"S.P. Balasubramaniam, Kumar Sanu, Anuradha Paudwal, Pankaj Udhas",4.33,https://www.youtube.com/watch?v=XOxz0Hr3Hzo,https://music.youtube.com/watch?v=XOxz0Hr3Hzo,https://music.youtube.com/watch?v=Wv0_QldgpkQ,
c70f094c-6c45-5b27-9b77-c5408917c2b3,6a99c9eb-5be6-567f-a9e5-0ddc6a077eb2,5,Tu Shayar Hai Main Teri Shayari,Alka Yagnik,4.0,https://www.youtube.com/watch?v=rTGSWaD-2Lg,https://music.youtube.com/watch?v=ioWh9vMixyw,https://music.youtube.com/watch?v=RYEiBundEYM,https://music.youtube.com/watch?v=e0b8UD-DBQ8
818326fe-2b64-54ab-9855-322a96a17199,6a99c9eb-5be6-567f-a9e5-0ddc6a077eb2,6,Pehli Baar Mile Hain,S.P. Balasubramaniam,4.25,https://www.youtube.com/watch?v=XC-L3tE0nj8,https://music.youtube.com/watch?v=XC-L3tE0nj8,https://music.youtube.com/watch?v=WPCfg5pksVY,https://music.youtube.com/watch?v=JnxmUrNi7o0
f554ffdb-5b9f-5025-81df-26a2ccf1a150,6a99c9eb-5be6-567f-a9e5-0ddc6a077eb2,7,Mera Dil Bhi Kitna Pagal Hai,"Kumar Sanu, Alka Yagnik",4.5,https://www.youtube.com/watch?v=FsNc7I33w60,https://music.youtube.com/watch?v=RVQsBlI35vw,https://music.youtube.com/watch?v=58VwkROgWGI,https://music.youtube.com/watch?v=DIvHIjOYq3U
7128b3f5-b127-516c-aa9b-812a41728cb3,6a99c9eb-5be6-567f-a9e5-0ddc6a077eb2,9,Bahut Pyar Karte Hain Tumko Sanam (Male),S.P. Balasubramaniam,4.4,https://www.youtube.com/watch?v=mwvZM7KMcHM,https://music.youtube.com/watch?v=mwvZM7KMcHM,https://music.youtube.com/watch?v=PynLnVnO71g,https://music.youtube.com/watch?v=XEggdtDp_4c
cc14e7c5-f0f4-5293-804f-6ac951114f5c,03a56d37-ee69-5e4c-96c2-15a29c684e52,1,Tumhein Apna Banane Ki Kasam Khai Hai,"Anuradha Paudwal, Kumar Sanu",4.25,https://www.youtube.com/watch?v=-aMgmlXHoT4,https://music.youtube.com/watch?v=tPNwGuu_rQ4,https://music.youtube.com/watch?v=SR-5gXqfihc,https://music.youtube.com/watch?v=LMpSZWT1O78
00722dcd-2346-54d6-916c-7f202e99dc24,03a56d37-ee69-5e4c-96c2-15a29c684e52,2,Hum Tere Bin Kahin Reh Nahin Pate,"Anuradha Paudwal, Manhar Udhas",4.0,http://www.youtube.com/watch?v=OxamnTFg3gw&feature=plcp,https://music.youtube.com/watch?v=OxamnTFg3gw,https://music.youtube.com/watch?v=_okskYynYPc,https://music.youtube.com/watch?v=LFdoyDBn5Fk
25f5e35a-3e7b-53b3-9e84-6b5c3b12cf68,03a56d37-ee69-5e4c-96c2-15a29c684e52,3,Jab Jab Pyar Pe Pehra Hua Hai,"Anuradha Paudwal, Kumar Sanu",4.5,http://www.youtube.com/watch?v=k6hlV0iUhRo&feature=plcp,https://music.youtube.com/watch?v=A5p2nPUgiko,https://music.youtube.com/watch?v=04a6TufrPV4,https://music.youtube.com/watch?v=teDVBwqAv8Y
54591116-435b-537e-9c60-1f9d0cba2b81,03a56d37-ee69-5e4c-96c2-15a29c684e52,4,Zamane Ke Dekhein Hain Rang Hazaar,Anuradha Paudwal,4.0,http://www.youtube.com/watch?v=lZvFfksoAao,https://music.youtube.com/watch?v=jGOSgLVdgzY,https://music.youtube.com/watch?v=U7PgdUUVtzY,https://music.youtube.com/watch?v=lZvFfksoAao
a3c49a94-6cc5-5344-bf82-94d8b03492de,03a56d37-ee69-5e4c-96c2-15a29c684e52,6,Tumhein Apna Banane Ki Kasam Khai Hai (Female),Anuradha Paudwal,4.5,http://www.youtube.com/watch?v=04cm8Bpr2PI,https://music.youtube.com/watch?v=04cm8Bpr2PI,https://music.youtube.com/watch?v=3x0Fm_zYf_o,https://music.youtube.com/watch?v=SR-5gXqfihc
e6a2f365-830a-5f09-8d9b-35489392a1d7,03a56d37-ee69-5e4c-96c2-15a29c684e52,8,Zamane Ke Dekhein Hain Rang Hazaar,"Anuradha Paudwal, Abhijeet",4.33,http://www.youtube.com/watch?v=lZvFfksoAao&feature=plcp,https://music.youtube.com/watch?v=U7PgdUUVtzY,https://music.youtube.com/watch?v=dmMMEAx2HYE,https://music.youtube.com/watch?v=jGOSgLVdgzY
d6ad2100-2d26-5c0d-a908-0c3b633c9061,03a56d37-ee69-5e4c-96c2-15a29c684e52,10,Rehne Ko Ghar Nahin Sone Ko Bistar Nahin,"Kumar Sanu, Debashish Dasgupta, Junaid Akhtar",4.0,http://www.youtube.com/watch?v=QdiDIe8MVz0&feature=plcp,https://music.youtube.com/watch?v=5eQT7LPbnYI,https://music.youtube.com/watch?v=D-OwZ40aIsY,https://music.youtube.com/watch?v=QdiDIe8MVz0
0a7533a5-cf1b-58b7-b639-a4e2daf4ea8e,03a56d37-ee69-5e4c-96c2-15a29c684e52,12,Tumhein Apna Banane Ki Kasam Khai Hai (Male),Kumar Sanu,4.33,http://www.youtube.com/watch?v=jANISPcjX-A,https://music.youtube.com/watch?v=tPNwGuu_rQ4,https://music.youtube.com/watch?v=SR-5gXqfihc,https://music.youtube.com/watch?v=LMpSZWT1O78
c2aaff77-14db-5bdc-8b6f-d627dbb8a557,d358fb59-eda7-54dd-a5ae-e392fef78851,6,Har Taraf Har Jagah Beshumar Aadmi,"Lata Mangeshkar, Jagjit Singh",4.0,https://www.youtube.com/watch?v=rxdw1k5Lm8Q,https://music.youtube.com/watch?v=C0HB4TJnK70,https://music.youtube.com/watch?v=8266Htb52Ug,https://music.youtube.com/watch?v=CRi0jWt7M0o
f143b363-7570-5ace-ab6e-05cf6509b26f,0d375bed-92ea-567b-b34b-25232c7389fe,1,Bin Tere Sanam Mar Mitenge Hum,"Udit Narayan, Kavita Krishnamurthy",4.33,https://www.youtube.com/watch?v=-Idgc_ra6G8,https://music.youtube.com/watch?v=-Idgc_ra6G8,https://music.youtube.com/watch?v=HYVDVhOutpI,https://music.youtube.com/watch?v=HYZyBzmubyM
d776d0b0-dd0e-5fac-b557-0c8ce3757ae8,0d375bed-92ea-567b-b34b-25232c7389fe,3,Tum Hi Hamari Ho Manzil My Love,"Udit Narayan, Anuradha Paudwal",4.0,http://www.youtube.com/watch?v=kNU-NsCz16k,https://music.youtube.com/watch?v=oSr_yIdgy1w,https://music.youtube.com/watch?v=OxlcgNJ3tSc,https://music.youtube.com/watch?v=SDygzy3W-rc
6d53bce5-1a1a-562e-93e7-dd814e953276,0d375bed-92ea-567b-b34b-25232c7389fe,4,Woh Jo Kaha Tha Maine,"Udit Narayan, Kavita Krishnamurthy",4.0,http://www.youtube.com/watch?v=IWRtIFLxGas,https://music.youtube.com/watch?v=wWWs3zxrhHc,https://music.youtube.com/watch?v=k4DkZpxQHlg,https://music.youtube.com/watch?v=Y07e2jyfr5M
9407b376-df90-56a5-a537-03c2689e724b,3a44e2d0-1ac7-5a08-b161-0337eb1d5a9c,2,Dhak Dhak Karne Laga,"Anuradha Paudwal, Udit Narayan",4.0,https://www.youtube.com/watch?v=wWuqJI_kOLQ,https://music.youtube.com/watch?v=hNGQag8NS-0,https://music.youtube.com/watch?v=hYG_0Zlzbqg,https://music.youtube.com/watch?v=NrVPXPzrsJM
ed7fada8-d39a-5cfd-9596-6f0787ae3d3d,4bc14756-5544-5d0e-a500-a0ddc702f5ee,1,Tu Tu Tu Tu Tu Tara Todo Naa Dil Hamara,"Kumar Sanu, Poornima",4.0,https://www.youtube.com/watch?v=voJW5tszcFM,https://music.youtube.com/watch?v=zRwaBVZOUQw,https://music.youtube.com/watch?v=wJ1DhJV2Y3I,https://music.youtube.com/watch?v=2DC3g523Bo0
3805ba51-dea0-5692-909a-8cdda537781c,4bc14756-5544-5d0e-a500-a0ddc702f5ee,4,Deewana Dil Beqarar Tha,"Abhijeet, Kavita Krishnamurthy",4.0,https://www.youtube.com/watch?v=WGII8KprZxY,https://music.youtube.com/watch?v=iDYnmP6gca8,https://music.youtube.com/watch?v=UoYVl32SfFM,https://music.youtube.com/watch?v=fwpQzOYuvog
53a8bf82-fb4e-5d6b-817a-70ab2a2039fa,c1f319f1-162f-58c6-9bc3-1e6417d07dfb,1,Is Pyar Se Meri Taraf Naa Dekho (Duet),"Alka Yagnik, Kumar Sanu",4.25,https://www.youtube.com/watch?v=DLYp9GWowYQ,https://music.youtube.com/watch?v=UTKmFTNTaU8,https://music.youtube.com/watch?v=cQuSaM_qPsQ,https://music.youtube.com/watch?v=DLYp9GWowYQ
9e980255-df12-5a8d-83bd-0b0df9503b6d,c1f319f1-162f-58c6-9bc3-1e6417d07dfb,4,Is Pyar Se Meri Taraf Naa Dekho (Male),Kumar Sanu,4.0,https://www.youtube.com/watch?v=UTKmFTNTaU8,https://music.youtube.com/watch?v=UTKmFTNTaU8,https://music.youtube.com/watch?v=DLYp9GWowYQ,https://music.youtube.com/watch?v=cQuSaM_qPsQ
238e85c6-b196-5fc7-b253-8b7851ff3209,103dd6cc-c5ac-5792-8b0f-1a4d5871d72f,2,Valliya Naayaganae,,4.0,https://www.youtube.com/watch?v=jVtfg543HRM,https://music.youtube.com/watch?v=B46esZv-95M,https://music.youtube.com/watch?v=jVtfg543HRM,https://music.youtube.com/watch?v=2am0TUUXr_M
d3e14c68-a897-508e-92d1-8fa380885881,76165b27-172e-5958-bedf-244bba081349,1,Aisi Deewangi Dekhi Nahin Kahin,"Alka Yagnik, Vinod Rathod",4.43,https://www.youtube.com/watch?v=GwpqME_Cmpc,https://music.youtube.com/watch?v=_YjSmLlmqLM,https://music.youtube.com/watch?v=H0z31jWUYr4,https://music.youtube.com/watch?v=0w7E-OnksWU
a4781850-bd4a-5f04-acd2-d241ebf90c46,76165b27-172e-5958-bedf-244bba081349,2,Teri Ummeed Tera Intezar Karte Hain - I,"Kumar Sanu, Sadhna Sargam",4.17,https://www.youtube.com/watch?v=xvevXfFGPFY,https://music.youtube.com/watch?v=xvevXfFGPFY,https://music.youtube.com/watch?v=hUtBXoUzgaM,https://music.youtube.com/watch?v=rJFHXuqy1Is
14c61725-4328-5c94-8bda-4ff9c22ba4b6,76165b27-172e-5958-bedf-244bba081349,3,Sochenge Tumhe Pyar Karen Ke Nahin,Kumar Sanu,4.5,https://www.youtube.com/watch?v=17LL_iqlHE8,https://music.youtube.com/watch?v=lFdSi01tpYM,https://music.youtube.com/watch?v=eC5riDNidOg,https://music.youtube.com/watch?v=x5eYr7voNiY
9936577b-e13a-5bee-86bf-85b7255345e5,76165b27-172e-5958-bedf-244bba081349,8,Koi Na Koi Chahiye Pyar Karne Wala,Vinod Rathod,4.0,https://www.youtube.com/watch?v=0A6WPBsUHHI,https://music.youtube.com/watch?v=MB6jaF_iAnc,https://music.youtube.com/watch?v=rJN4JpeQU-M,https://music.youtube.com/watch?v=HZwtRU4CQlE
ce408ef2-4da1-5861-8080-092b3451ba22,5755dab4-8b88-574d-9f91-70b9b08af5bb,1,Dil Jigar Nazar Kya Hai,Kumar Sanu,4.0,https://www.youtube.com/watch?v=WSLXPvwIiSo,https://music.youtube.com/watch?v=8uN5HxXnhpA,https://music.youtube.com/watch?v=rauQAyI2qFU,https://music.youtube.com/watch?v=DPA9EjznDpU
f9eea238-9814-50ec-bb79-c76268ea32c1,c0ba5566-3972-5476-870e-1ef7cde2bb68,6,Tum Jo Mile To Laga Hai Jaise Mili Zindagi,Suresh Wadkar,4.4,https://www.youtube.com/watch?v=ouBTC-gNTtQ,https://music.youtube.com/watch?v=ouBTC-gNTtQ,https://music.youtube.com/watch?v=5XjqrXpmLOI,https://music.youtube.com/watch?v=c9PRjP7IXks
77097643-ca0c-5021-984c-01ca3990fca8,1c8c9015-9ecc-5515-8e32-e0128ac26c6b,1,Kitna Pyar Tumhe Karte Hain,"Kumar Sanu, Sadhna Sargam",4.0,https://www.youtube.com/watch?v=U9ggQJkm8so,https://music.youtube.com/watch?v=NDGwL9Tt-8Q,https://music.youtube.com/watch?v=UNJ1atLrvRU,https://music.youtube.com/watch?v=v_pifgAd3-I
517791da-d68e-516f-ac3c-aee36fd94a1b,73a83700-8b0f-5e8e-ba38-37907408089b,2,Jo Bhi Dukh,Hariharan,4.0,http://www.youtube.com/watch?v=0zhLLNqTsFE,https://music.youtube.com/watch?v=QME2ELtTHNA,https://music.youtube.com/watch?v=QFQE4V2uEnA,https://music.youtube.com/watch?v=NQvPUgzdsDM
f2e758e4-efb1-5fa3-9ee4-71f50be521bf,63c45e7b-ffb5-5eb5-befe-9ab7d022f4a9,1,Yahan Ke Hum Sikandar,"Udit Narayan, Sadhna Sargam, Jatin Pandit, Lalit Pandit",4.4,https://www.youtube.com/watch?v=tgZwEFteRaM,https://music.youtube.com/watch?v=tgZwEFteRaM,https://music.youtube.com/watch?v=YFKv-cpqMHw,https://music.youtube.com/watch?v=CBIcr3S3VFw
2345bf33-2449-52aa-b10c-69a61f1973cc,63c45e7b-ffb5-5eb5-befe-9ab7d022f4a9,2,Pehla Nasha Pehla Khumar (Chahe Tum Kuch Naa Kaho),"Udit Narayan, Sadhna Sargam",4.78,https://www.youtube.com/watch?v=ZYotlBxpM3Q,https://music.youtube.com/watch?v=iSUK1QoK9-E,https://music.youtube.com/watch?v=1R8MGdgZDns,https://music.youtube.com/watch?v=Jl42lE-txjc
e40e141a-b39f-5a4c-8157-8550929f1d97,63c45e7b-ffb5-5eb5-befe-9ab7d022f4a9,4,Humse Hai Saara Jahan,"Sadhna Sargam, Jatin Pandit",4.25,https://www.youtube.com/watch?v=Bln8s7s0r9s,https://music.youtube.com/watch?v=njytgXxzxmQ,https://music.youtube.com/watch?v=hEPey3UKWv0,https://music.youtube.com/watch?v=y1-naXCibaM
147c2d07-76cd-50e4-a4bf-faaa4fb60650,63c45e7b-ffb5-5eb5-befe-9ab7d022f4a9,6,Rooth Ke Hamse Kahin Jab Chale Jaoge Tum,Jatin Pandit,4.0,https://www.youtube.com/watch?v=x-f7kiIRzjE,https://music.youtube.com/watch?v=x-f7kiIRzjE,https://music.youtube.com/watch?v=bUsJ0AfJCNg,
506c1d8a-d8ce-5901-b1a3-c80d8d02d9ae,ad2faee8-f7c4-54be-81a4-66a1050038c5,1,Wada Raha Sanam Honge Juda Na Hum (Duet),"Abhijeet, Alka Yagnik",4.4,https://www.youtube.com/watch?v=9WUBR_GJzjg,https://music.youtube.com/watch?v=9b0iydtDZLU,https://music.youtube.com/watch?v=AmKtCsdqD6E,https://music.youtube.com/watch?v=UMF750mj294
fe85b6a3-d5c0-56a7-b796-050b3f5c4d70,ad2faee8-f7c4-54be-81a4-66a1050038c5,6,Wada Raha Sanam Honge Juda Na Hum,Abhijeet,4.5,https://www.youtube.com/watch?v=hFXwO9J-6vg,https://music.youtube.com/watch?v=9b0iydtDZLU,https://music.youtube.com/watch?v=AmKtCsdqD6E,https://music.youtube.com/watch?v=UMF750mj294
f54f6e8d-e764-51d8-9fed-bb1e980d27fa,ed3eec12-d0cf-5dcf-bd8a-bc550ba5b0c3,3,Naujawanon Ka Zamana Hai,"Kavita Krishnamurthy, Vinod Rathod, Anupama Deshpande",4.5,https://www.youtube.com/watch?v=jqhAqim7aGU,https://music.youtube.com/watch?v=m71uM8RstbM,https://music.youtube.com/watch?v=YmczDwrw92Q,https://music.youtube.com/watch?v=jqhAqim7aGU
da92afd5-4e48-570a-a163-eb6f798ae129,ed3eec12-d0cf-5dcf-bd8a-bc550ba5b0c3,5,Mere Sathiya,"Lata Mangeshkar, Abhijeet",4.0,https://www.youtube.com/watch?v=mteVMy7bzs4,https://music.youtube.com/watch?v=mteVMy7bzs4,https://music.youtube.com/watch?v=Pv1-4JBX5xI,
6681f6bc-10f3-5cd0-90dc-16dd5ae8b56c,ed3eec12-d0cf-5dcf-bd8a-bc550ba5b0c3,8,Maangti Hai Pyasi Dharti,Various artists,4.5,https://www.youtube.com/watch?v=-FTj6Zxbwpc,https://music.youtube.com/watch?v=-FTj6Zxbwpc,https://music.youtube.com/watch?v=mhIpykvyU9s,https://music.youtube.com/watch?v=YtO18xFKsts
21a20d7e-58d2-504a-aacd-638d0756aeb4,f9a85919-4590-5055-b73d-034d6c5b1529,1,Seene Mein Dil Hai,"Alka Yagnik, Kumar Sanu",4.0,https://www.youtube.com/watch?v=9SYs5R32NQw,https://music.youtube.com/watch?v=oKYwTaodRC8,https://music.youtube.com/watch?v=f8_EsbUcR6o,https://music.youtube.com/watch?v=iTJkU2wnyd0
4662e443-a0f8-59ff-bfe5-a5b369f9c043,f9a85919-4590-5055-b73d-034d6c5b1529,2,Kya Hua (Loveria),"Alka Yagnik, Jolly Mukherjee, Kumar Sanu",4.0,https://www.youtube.com/watch?v=jUA3xnyKwGc,https://music.youtube.com/watch?v=jUA3xnyKwGc,https://music.youtube.com/watch?v=5V848jQdivI,https://music.youtube.com/watch?v=n25Yi_WrUqs
6ae14c6a-346b-58fc-b322-df85903b0858,f9a85919-4590-5055-b73d-034d6c5b1529,3,Dil Hai Mera Deewana,Kumar Sanu,4.0,https://www.youtube.com/watch?v=GzBjvzN842E,https://music.youtube.com/watch?v=_2jFhZFYXMc,https://music.youtube.com/watch?v=2fci-Qx1_Os,
870baa95-ce30-5008-860c-18dab8fca521,f9a85919-4590-5055-b73d-034d6c5b1529,4,Tu Mere Saath Saath Aasman Se Aage Chal,"Kumar Sanu, Alka Yagnik",4.38,https://www.youtube.com/watch?v=GEvgBTYg2BE,https://music.youtube.com/watch?v=mtvMjZltdCA,https://music.youtube.com/watch?v=MsRJLXKZQB4,https://music.youtube.com/watch?v=wXDjwiTKFOs
5fb1a67c-8459-510a-871b-b08d2f503485,f9a85919-4590-5055-b73d-034d6c5b1529,5,Raju Ban Gaya Gentleman,"Kumar Sanu, Sudesh Bhosle, Jolly Mukherjee, Sadhna Sargam",4.0,https://www.youtube.com/watch?v=Sp6BFKZLurg,https://music.youtube.com/watch?v=0UnrK1peSaM,https://music.youtube.com/watch?v=vkGo-FnU6OQ,https://music.youtube.com/watch?v=UE-vqvBThrw
5754b576-e398-5309-b932-a4a40ef5b1be,67644b41-5554-54d4-9ea6-1e2fe86d45cd,1,Chhoti Si Aasha - I,Minmini,4.5,https://www.youtube.com/watch?v=Wk9GL7zvU24,https://music.youtube.com/watch?v=vh5BxLBcFP4,https://music.youtube.com/watch?v=p7pMR9KShkM,
38e20e46-c07c-551d-b6bf-92e0ac15661f,67644b41-5554-54d4-9ea6-1e2fe86d45cd,2,Rukmani Rukmani,"Baba Sehgal, Shweta Shetty",4.0,https://www.youtube.com/watch?v=A4JHJPXBRio,https://music.youtube.com/watch?v=K7ZwAeqp4kc,https://music.youtube.com/watch?v=Xz8CpaGIRk8,https://music.youtube.com/watch?v=UKiOcjjFsNk
56cf3da7-76f6-5d4a-9e08-74191fc01e72,67644b41-5554-54d4-9ea6-1e2fe86d45cd,3,Roja Jaaneman - I,"S.P. Balasubramaniam, Sujatha Mohan",4.5,https://www.youtube.com/watch?v=y7Juu-GCv3U,https://music.youtube.com/watch?v=y7Juu-GCv3U,https://music.youtube.com/watch?v=efwk_hOqVeA,https://music.youtube.com/watch?v=ZSvJzG1FhuI
5ae63b7d-d158-5815-9a4e-9f1bf18a4197,67644b41-5554-54d4-9ea6-1e2fe86d45cd,4,Yeh Hasin Vaadiyan Yeh Khula Aasman,"S.P. Balasubramaniam, K.S. Chitra",4.43,https://www.youtube.com/watch?v=5kZ5o-oM0RI,https://music.youtube.com/watch?v=zf0YvFpBfxk,,
3d39cb2e-2b83-5356-a82d-187128317001,67644b41-5554-54d4-9ea6-1e2fe86d45cd,5,Roja Jaaneman - II,"Hariharan, Sujatha Mohan",4.5,https://www.youtube.com/watch?v=F11RyMnMxMo,https://music.youtube.com/watch?v=y7Juu-GCv3U,https://music.youtube.com/watch?v=bpSIDNqRwQA,https://music.youtube.com/watch?v=PjiitGT4fUA
783b3fac-27c3-5aa0-9d29-bc8a41e13465,67644b41-5554-54d4-9ea6-1e2fe86d45cd,7,Bharat Humko Jaan Se Pyara Hai,Hariharan,4.0,https://www.youtube.com/watch?v=7q5DUIgLs_4,https://music.youtube.com/watch?v=uy-mc6uyPmk,https://music.youtube.com/watch?v=mmMW_yRK_RE,https://music.youtube.com/watch?v=jcG6XA-1QGo
4db2638f-aa27-5bc9-9b83-c95e1cbf891f,b0b7e3d0-8dd1-5ccb-a46f-02f04257c32d,1,Tum Kya Mile Jaane Jaan,"Lata Mangeshkar, Udit Narayan",4.0,https://www.youtube.com/watch?v=j2qfx3EnRlo,https://music.youtube.com/watch?v=_hZEQUWGeek,https://music.youtube.com/watch?v=j2qfx3EnRlo,https://music.youtube.com/watch?v=EM1oxPF3PWI
06b10602-6854-5159-b697-e56a50e52c2c,0df4a727-a1d4-58ea-ae39-df4e435d8de2,1,Kabhi Bhoola Kabhi Yaad Kiya,"Alka Yagnik, Mukul Agarwal",4.0,https://www.youtube.com/watch?v=CVwg8z-Tg6M,https://music.youtube.com/watch?v=NvPSwIl334A,https://music.youtube.com/watch?v=jIPcmg09psM,https://music.youtube.com/watch?v=f55UwqEf_Gw
2800c530-666a-5838-9051-7277aea86064,cb899eb2-c631-5a56-b4e2-461dbd14b328,2,Jaane De Jaane De Jaane Jaane De,"Amit Kumar, Kavita Krishnamurthy",4.0,http://www.youtube.com/watch?v=GxtY39xTXWs,https://music.youtube.com/watch?v=81DTf7W_nf4,https://music.youtube.com/watch?v=1LjkngB1Dkg,
604dd770-5602-5d46-844a-fdecba23c164,cb899eb2-c631-5a56-b4e2-461dbd14b328,3,Dole Dole Dil Mera Dole,Abhijeet,4.0,http://www.youtube.com/watch?v=w-fmYo7NU9Q,https://music.youtube.com/watch?v=Xb976iep6Ow,https://music.youtube.com/watch?v=i02wnroGzuk,https://music.youtube.com/watch?v=NFNeo0zkkCI
a94e7bb3-1f3f-52ce-9afb-fb0a178b82c0,6516833e-c8df-56a0-98ac-1c24d5f14cd9,1,Aake Teri Bahon Mein,"S.P. Balasubramaniam, Lata Mangeshkar",4.5,http://www.youtube.com/watch?v=5rMFbltxgOA,https://music.youtube.com/watch?v=98wwBzrFT-Q,https://music.youtube.com/watch?v=8UIyix3DBdk,https://music.youtube.com/watch?v=73NYBJ_aFIw
2fe7d9af-2105-5797-a8a5-483a92df9785,6516833e-c8df-56a0-98ac-1c24d5f14cd9,6,Main To Diwani Hui,"Lata Mangeshkar, Suresh Wadkar",4.5,http://www.youtube.com/watch?v=EquOwR9Curc,https://music.youtube.com/watch?v=LqEmuZeJwrI,https://music.youtube.com/watch?v=-qFifdvQ314,https://music.youtube.com/watch?v=BOOpLPIa7MA
9828fc1a-cd44-57e8-b5f9-91a253134129,b7bf16d2-a0a0-593e-be68-99169103cf28,3,Saat Samundar Paar (Part 1),Sadhna Sargam,4.25,https://www.youtube.com/watch?v=wtlNGAXKkP4,https://music.youtube.com/watch?v=Dg7Z0YPlHY4,https://music.youtube.com/watch?v=gs-_6SzqTXY,https://music.youtube.com/watch?v=wtlNGAXKkP4
aa3c3bc3-9f42-5bb4-b2a4-08c02accbdee,a00a8c2e-854f-5778-96fd-ba2a06692e85,1,Ho Jata Hai Kaise Pyar,"Kumar Sanu, Sapna Mukherjee",4.0,https://www.youtube.com/watch?v=zb_B2sGkJUI,https://music.youtube.com/watch?v=hp3eLAO3zeA,https://music.youtube.com/watch?v=E4GoIUpmMs0,https://music.youtube.com/watch?v=q9cnyTzm59U
38c27ba6-261c-5c37-a356-9f79e6800aa1,670abac3-b915-5037-ba3b-e005b0f65e40,6,Dil To Dil Hai (Female),Asha Bhosle,4.0,https://www.youtube.com/watch?v=-lwars1HZIU,https://music.youtube.com/watch?v=-lwars1HZIU,https://music.youtube.com/watch?v=HvLpbGSV7x0,https://music.youtube.com/watch?v=hVIZbHbUwzY
cb59eccd-f64a-50f9-8fcf-5f3e795655e0,484955ee-63b9-5339-b4f8-13ac4d8e261e,1,Dil Tere Naam Se Dhadakta Hai,"Kumar Sanu, Kavita Krishnamurthy",4.0,https://www.youtube.com/watch?v=dZGhn7doBIs,https://music.youtube.com/watch?v=DQ32hXZzvd4,https://music.youtube.com/watch?v=qAyxLnq5Yqo,https://music.youtube.com/watch?v=cE4fv5LzUIY
eb03e09c-8249-5de7-845a-d5d4637e7ccc,97c93b60-880e-5c60-8c72-e35f4d722f85,4,Yeh Raat Khushnaseeb Hai,Lata Mangeshkar,4.0,http://www.youtube.com/watch?v=InfjzHoyXXI,https://music.youtube.com/watch?v=63o2KveE-H8,https://music.youtube.com/watch?v=a6L1jLw_f2k,https://music.youtube.com/watch?v=hRXLkuCZshs
31f6f642-5c00-5035-81ab-b837aa6494b5,ac639da6-261a-5a7f-a73d-a65b984fc488,18,Aaja Aaja Meri Jaan,"S.P. Balasubramaniam, Anuradha Paudwal",4.0,https://www.youtube.com/watch?v=CqI4QfW8GwA,https://music.youtube.com/watch?v=GoK9KLQ8L_E,https://music.youtube.com/watch?v=dkq_xKLRrdU,https://music.youtube.com/watch?v=oAZjOzyBmEI
3aa397de-efde-522c-bd53-023d3b455d1b,b4856ef4-1b64-5eb0-9d12-68ceb112f1d9,2,Phoolon Sa Chehra Tera,Udit Narayan,4.0,https://www.youtube.com/watch?v=8fBzRDPH04k,https://music.youtube.com/watch?v=b5m2kHOSGzI,https://music.youtube.com/watch?v=-TadbC7Jex4,https://music.youtube.com/watch?v=iXloWdCHs3c
161006f5-1bec-5810-9b7e-bc73990acb9b,b4856ef4-1b64-5eb0-9d12-68ceb112f1d9,3,Kya Mausam Aaya Hai,"Sadhna Sargam, Udit Narayan",4.0,https://www.youtube.com/watch?v=4YeShz6owBY,https://music.youtube.com/watch?v=mQFcZUjc6AU,https://music.youtube.com/watch?v=4YeShz6owBY,https://music.youtube.com/watch?v=wn-oVdQqpnI
cd044e36-e86c-5885-981d-182bf8e86080,b4856ef4-1b64-5eb0-9d12-68ceb112f1d9,5,Jaane Jaan Jaane Jaan (Female),Sadhna Sargam,4.0,https://www.youtube.com/watch?v=F2z7AvZhuDw,https://music.youtube.com/watch?v=Wem2kVSbPak,https://music.youtube.com/watch?v=074MSRWrmiU,https://music.youtube.com/watch?v=DSGysLQsOdI
a0080453-faca-5e5c-812f-f8130616ab8a,f3b47a2f-c67d-550f-9370-e418830b11bb,1,Baazigar O Baazigar,"Kumar Sanu, Alka Yagnik",4.75,https://www.youtube.com/watch?v=PUO7_Gi6ipg,https://music.youtube.com/watch?v=PUO7_Gi6ipg,https://music.youtube.com/watch?v=yxV0vZgUiDw,https://music.youtube.com/watch?v=s2fPCD5Dffg
f9fc739f-6f9d-5bfb-8be7-2a4156a18300,f3b47a2f-c67d-550f-9370-e418830b11bb,2,Ae Mere Humsafar Ae Meri Jaanejaan,"Vinod Rathod, Alka Yagnik",4.33,https://www.youtube.com/watch?v=UCsW7nea7sI,https://music.youtube.com/watch?v=UCsW7nea7sI,https://music.youtube.com/watch?v=RizsJydNAEY,https://music.youtube.com/watch?v=AkOM8bxeGG0
a99c879a-8721-5729-bbd1-c8630d10ebf8,f3b47a2f-c67d-550f-9370-e418830b11bb,4,Chhupana Bhi Nahin Aata - I,Pankaj Udhas,4.0,https://www.youtube.com/watch?v=Hfo8HktsSG4,https://music.youtube.com/watch?v=Hfo8HktsSG4,https://music.youtube.com/watch?v=zmuLpB4cUzY,https://music.youtube.com/watch?v=pX0O-t82zTg
9a289897-609a-5c9c-8eae-d3e234094bf6,f3b47a2f-c67d-550f-9370-e418830b11bb,6,Kitaben Bahut Si Padhi Hogi Tumne,"Asha Bhosle, Vinod Rathod",4.25,https://www.youtube.com/watch?v=ieu6xnwJxdA,https://music.youtube.com/watch?v=ieu6xnwJxdA,https://music.youtube.com/watch?v=0vWhZssFtVs,https://music.youtube.com/watch?v=ogNBUvwT0hc
02f83345-261d-5218-bc07-643d02f18abb,f3b47a2f-c67d-550f-9370-e418830b11bb,7,Chhupana Bhi Nahin Aata - II,Vinod Rathod,4.75,https://www.youtube.com/watch?v=beyJY99Rusk,https://music.youtube.com/watch?v=OsBqRHx2JAA,https://music.youtube.com/watch?v=pX0O-t82zTg,https://music.youtube.com/watch?v=yZYKsJhF-Jc
09f09c2d-7079-502a-90ba-59875c6600be,f3b47a2f-c67d-550f-9370-e418830b11bb,8,Yeh Kaali Kaali Aankhen,"Kumar Sanu, Anu Malik",4.0,https://www.youtube.com/watch?v=IhKXq5dhTag,https://music.youtube.com/watch?v=65MCSWbMN8c,https://music.youtube.com/watch?v=KC-DuX51NY0,https://music.youtube.com/watch?v=-IhD0cSuaqc
a37a01f2-5098-5594-926d-964f410b3e3d,a01514cc-8118-518d-9264-628bc9f65ed3,2,Gawah Hain Chand Tare Gawah Hain,"Kumar Sanu, Alka Yagnik",4.17,https://www.youtube.com/watch?v=xeJN83GiA7U,https://music.youtube.com/watch?v=YIVS7Wv3jlA,https://music.youtube.com/watch?v=xeJN83GiA7U,https://music.youtube.com/watch?v=ez6CJJH7K-g
38b449f0-9441-542a-9b6a-d159f3285fdc,a01514cc-8118-518d-9264-628bc9f65ed3,3,Jab Se Tumko Dekha Hai Sanam,"Kumar Sanu, Sadhna Sargam",4.17,https://www.youtube.com/watch?v=vi_KpOeRrWo,https://music.youtube.com/watch?v=w2rqWyCvCWA,https://music.youtube.com/watch?v=vi_KpOeRrWo,https://music.youtube.com/watch?v=yCUTdSgt17c
40db5f40-7d49-5c5f-81f9-21f274042636,a01514cc-8118-518d-9264-628bc9f65ed3,4,Kaaga To Ud Gaya,Alka Yagnik,4.0,https://www.youtube.com/watch?v=MutSsnULTBU,https://music.youtube.com/watch?v=5Ojm3SeImMM,https://music.youtube.com/watch?v=MutSsnULTBU,https://music.youtube.com/watch?v=ejc7l79z2r4
2e80a2f3-f6c5-58ea-983f-b17290f23493,a01514cc-8118-518d-9264-628bc9f65ed3,6,Tandav,,4.0,https://www.youtube.com/watch?v=sOWhc-PwKqQ,https://music.youtube.com/watch?v=KRhcTPKdmrk,https://music.youtube.com/watch?v=3m_r1CqM5WY,
aa944a98-17d7-571a-bf96-9aa8241875a6,a286cb37-e39b-5343-b22b-de896dca5fdd,1,Jaadu Teri Nazar,Udit Narayan,4.17,http://www.youtube.com/watch?v=kMCrpyGsWkk,https://music.youtube.com/watch?v=n_oP9Onj0r0,https://music.youtube.com/watch?v=s_cWM7FU7LE,https://music.youtube.com/watch?v=NfgUyNdLwQ0
a0927b86-d8e4-5ab3-9c88-6e3a0256ec63,a286cb37-e39b-5343-b22b-de896dca5fdd,3,Tu Mere Saamne Main Tere Saamne,"Udit Narayan, Lata Mangeshkar",4.0,http://www.youtube.com/watch?v=CD8Nz1pBrcc,https://music.youtube.com/watch?v=0-7RHSbyZGw,https://music.youtube.com/watch?v=PI7OHHhhrNI,https://music.youtube.com/watch?v=B8mZIp8UgT8
ca70149a-319d-5af2-982f-6a7835cf64b2,4a7b818a-94fe-517c-a1fe-20d9ba0e5ee6,1,Hum Na Samjhe The,S.P. Balasubramaniam,4.5,https://www.youtube.com/watch?v=uoJXok3TEzw,https://music.youtube.com/watch?v=lqwMs3Swcls,https://music.youtube.com/watch?v=YT7PXlmrlM4,https://music.youtube.com/watch?v=uoJXok3TEzw
52a0e119-0df5-5b57-80cb-9ed7f39aa9f6,c0fc009e-fa45-51ea-93b4-4985102a579f,2,Ek Musafir Hoon Main,"Manhar Udhas, Sadhna Sargam",4.0,https://www.youtube.com/watch?v=InQ7RCW3Pvs,https://music.youtube.com/watch?v=I-omPmTQ1LA,https://music.youtube.com/watch?v=aqe0VG07MtU,https://music.youtube.com/watch?v=LYJnPaD9Bjg
b11d89c0-d36f-5feb-9317-2fde10faef70,65e5177a-f841-5586-bb81-015a72c16c17,1,Ghunghat Ki Aad Se,"Alka Yagnik, Kumar Sanu",4.0,http://www.youtube.com/watch?v=d7ZAwBBYss4,https://music.youtube.com/watch?v=cBw4H6Dx4vc,https://music.youtube.com/watch?v=Gp_VnaYoMW4,https://music.youtube.com/watch?v=FkR_9lNylzI
418ee0d1-b1d8-503b-9e29-7c8f5ad0ab54,65e5177a-f841-5586-bb81-015a72c16c17,2,Mujhse Mohabbat Ka Izhar Karta Kaash Koi Ladka Mujhe Pyar Karta,"Alka Yagnik, Kumar Sanu",4.4,http://www.youtube.com/watch?v=vov0HvFN41M,https://music.youtube.com/watch?v=iXOScBefeAQ,https://music.youtube.com/watch?v=5MIGQBpVeqs,https://music.youtube.com/watch?v=4OkiYQOqMaQ
377a95c3-c64a-5d4b-860f-0d0a8d7f3819,65e5177a-f841-5586-bb81-015a72c16c17,5,Yunhi Kat Jayega Safar,"Alka Yagnik, Kumar Sanu",4.2,http://www.youtube.com/watch?v=gydQicNmT4o,https://music.youtube.com/watch?v=ZQYrJR_zxHY,https://music.youtube.com/watch?v=ZB96NVfQId8,https://music.youtube.com/watch?v=V5T8gDl2eQc
a96daa48-d787-5bcb-a038-5727b9d57f09,65e5177a-f841-5586-bb81-015a72c16c17,6,Woh Meri Neend Mera Chain,Sadhna Sargam,4.25,http://www.youtube.com/watch?v=fnucFpaodak,https://music.youtube.com/watch?v=qEzlKXHy-8g,https://music.youtube.com/watch?v=xKMM5GF8ybU,https://music.youtube.com/watch?v=x05S2hP2daA
dced0c37-958a-51b5-b207-97a032f03fb6,13f7a882-bcdd-5f6c-a7e5-6ad8b5a3f8c7,12,Naseeb Aazmane Ke Din Aa Rahe Hain,Shankar Mahadevan,4.0,https://www.youtube.com/watch?v=T2kmbx3xnJA,https://music.youtube.com/watch?v=eX0FF0_z9mw,https://music.youtube.com/watch?v=Of2j43S-LHo,https://music.youtube.com/watch?v=ffdEdh5jXm8
0f5383d3-417b-50fb-9257-52bff90b67a9,a44e4c45-6ce0-596d-8481-b0af273af9cc,3,Dil Jigar Ke Jaan Achha Hai,"Amit Kumar, Anuradha Paudwal",4.0,http://www.youtube.com/watch?v=kL1qYs38G50,https://music.youtube.com/watch?v=lvn0dTW2Bms,https://music.youtube.com/watch?v=5BrcaF16Abo,https://music.youtube.com/watch?v=-XF2iInj2pg
7b89063e-2bac-5204-9572-e8a12a9a8395,d6d23e96-842c-5bb0-a5a9-2f18db37ca16,9,Nayak Nahin Khalnayak Hai Tu (Female),"Kavita Krishnamurthy, Ila Arun",4.0,https://www.youtube.com/watch?v=-Z1osMGr4Jk,https://music.youtube.com/watch?v=IJB9UGIH1Gw,https://music.youtube.com/watch?v=-Z1osMGr4Jk,https://music.youtube.com/watch?v=9UI_k-ZKfuk
a08f17ca-3431-5618-a5ed-b1280f760ae0,e01aa1b3-7ef1-5e76-ab23-f46acf51c4e2,15,Aye Mere Watan Ke Logo,Lata Mangeshkar,4.5,http://www.youtube.com/watch?v=DSJ1MMGi_IQ,https://music.youtube.com/watch?v=xXrHPkz9QF4,https://music.youtube.com/watch?v=sdyPozsx_6M,https://music.youtube.com/watch?v=CF_RqQF99Iw
388b2e17-863e-5290-93f4-bab8b8d9ee32,85c7d1a7-28fb-53b0-88cf-29bb8f802fe5,7,Aaja Aanewala Aaja,Asha Bhosle,4.5,https://www.youtube.com/watch?v=aqc1Ypp5LUA,https://music.youtube.com/watch?v=PhKh3WD8EtU,https://music.youtube.com/watch?v=aqc1Ypp5LUA,https://music.youtube.com/watch?v=xOqX3YailxE
b88ddefc-6a92-5367-abab-05f109fde22a,72aea53e-aafb-5fdc-bf09-2f608a331a8a,4,O Jaanu O Mere Jaanu,"Udit Narayan, Poornima",4.0,https://www.youtube.com/watch?v=zYxIFraZqV0,https://music.youtube.com/watch?v=j2g7VDAqtrs,https://music.youtube.com/watch?v=AzJ7qbzdN0U,https://music.youtube.com/watch?v=uRV9YFn2okw
a21398d7-d18f-50e5-b2df-4ab948e72144,a815d801-3b79-587d-bee5-45e18092f766,1,Tere Dar Par Sanam (Male),Kumar Sanu,4.8,https://www.youtube.com/watch?v=5dWbn_qER3s,https://music.youtube.com/watch?v=kTdostih1SM,https://music.youtube.com/watch?v=NsrCv7SFj50,https://music.youtube.com/watch?v=qhxi12v9rmA
1b14f6cd-3acf-54b4-bc0a-36aacdf3b9ec,a815d801-3b79-587d-bee5-45e18092f766,2,Dil Mein Sanam Ki Surat,"Kumar Sanu, Alka Yagnik",4.2,https://www.youtube.com/watch?v=wH3i3s9TQ6k,https://music.youtube.com/watch?v=GNfjWPZsLRU,https://music.youtube.com/watch?v=MThUugDqkZQ,https://music.youtube.com/watch?v=_jronCmmVS8
7833e62e-bac0-57fe-87d2-d92111f1462d,a815d801-3b79-587d-bee5-45e18092f766,3,Badalon Mein Chhup Raha Hai Chand Kyun,"Alka Yagnik, Kumar Sanu",4.5,https://www.youtube.com/watch?v=AzN4PKgPg-4,https://music.youtube.com/watch?v=bu03-bimBrI,https://music.youtube.com/watch?v=79UASjUnruk,https://music.youtube.com/watch?v=y4t8nkAkR_Q
ab43d12c-941e-5a33-b44f-2602385a3c65,a815d801-3b79-587d-bee5-45e18092f766,6,Aane Wala Kal Ek Sapna Hai,Kumar Sanu,4.0,https://www.youtube.com/watch?v=TD5bugWnUWs,https://music.youtube.com/watch?v=X3Y0Fuvv5Ao,https://music.youtube.com/watch?v=pPbBUHWXrdU,https://music.youtube.com/watch?v=xQNgCOGekzU
4e31d1d1-21f9-54bb-86e8-6d3c5a7ce7cf,a815d801-3b79-587d-bee5-45e18092f766,7,Tere Dar Par Sanam (Female),Sadhna Sargam,4.5,https://www.youtube.com/watch?v=PfnwvMbWbX4,https://music.youtube.com/watch?v=RYhQRcPE3-w,https://music.youtube.com/watch?v=lOcDjYDSACk,https://music.youtube.com/watch?v=aC-j1v91S28
56db22c8-68d3-5a1e-a68d-e3b0240ee7ea,d1731d7f-bd77-564b-a950-8b0f69ad841e,3,Tumhen Dekhen Meri Aankhen,"Kumar Sanu, Alka Yagnik, P. Sunanda",4.5,https://www.youtube.com/watch?v=7-ORLGKcnLQ,https://music.youtube.com/watch?v=XAN53e-rJkY,https://music.youtube.com/watch?v=q6ZAv1Bp9S0,https://music.youtube.com/watch?v=MnSfukmuNv8
5a3c79ca-b17a-5430-8c21-31d6a2348f9a,d1731d7f-bd77-564b-a950-8b0f69ad841e,4,Dil Cheer Ke Dekh Tera Hi Naam Hoga (Male),Kumar Sanu,4.0,https://www.youtube.com/watch?v=9f6GhUb-WdM,https://music.youtube.com/watch?v=wJTFYAsaLr8,https://music.youtube.com/watch?v=u4M2eNXmhdY,https://music.youtube.com/watch?v=_wDJTSfB4bQ
e23227ea-0480-5c44-b675-91aca351fbfd,363dcbd2-0445-5f02-ade1-b848881cc3be,7,Romeo Naam Mera Chori Hai Kaam Mera,Vinod Rathod,4.0,https://www.youtube.com/watch?v=3uTNYJDZmGA,https://music.youtube.com/watch?v=3uTNYJDZmGA,https://music.youtube.com/watch?v=j6Q7UvMdX6E,https://music.youtube.com/watch?v=IBMniUTwIZY
c89faf6a-4073-5827-94f1-d626ce57f03b,3028661f-c6bf-5a85-a2a6-899e126929b9,2,Aaj Hum Ne Dil Ka Har Kissa Tamam Kar Diya (Sir Sir Sir We Love You),"Kumar Sanu, Kavita Krishnamurthy",4.0,https://www.youtube.com/watch?v=_TpuuNmWhlI,https://music.youtube.com/watch?v=YpnZgU8MUKk,,
a39a43db-f847-528a-bab5-59d3aa3fa79b,0423f437-af28-5918-a807-4553e3f1f1d1,1,Ek Ladki Ko Dekha To Aisa Laga,Kumar Sanu,4.5,https://www.youtube.com/watch?v=fTauOK8J-U8,https://music.youtube.com/watch?v=6wjvHEiOrtA,https://music.youtube.com/watch?v=qd36bbnZYpE,https://music.youtube.com/watch?v=3meFuThjcqI
420ef51c-61c9-5914-923c-34813f4fc18a,0423f437-af28-5918-a807-4553e3f1f1d1,2,Pyar Hua Chupke Se,Kavita Krishnamurthy,4.75,https://www.youtube.com/watch?v=V0FsE0b7Z-s,https://music.youtube.com/watch?v=iQMmyhezfg4,https://music.youtube.com/watch?v=V0FsE0b7Z-s,https://music.youtube.com/watch?v=3NP6Nnju-5Q
84eee3ef-a15d-55bf-a184-726cab99ee11,0423f437-af28-5918-a807-4553e3f1f1d1,4,Kuchh Naa Kaho (Male),Kumar Sanu,4.0,https://www.youtube.com/watch?v=hH79321JJQ0,https://music.youtube.com/watch?v=THEpnuoyE6Y,https://music.youtube.com/watch?v=knb-HeZ7cF8,https://music.youtube.com/watch?v=hH79321JJQ0
705de6ba-b6c9-5ba0-b46e-a2c4e6be4e84,0423f437-af28-5918-a807-4553e3f1f1d1,5,Rim Jhim Rim Jhim,"Kumar Sanu, Kavita Krishnamurthy",4.25,https://www.youtube.com/watch?v=lpFJgg9ZiTY,https://music.youtube.com/watch?v=sdfpyDyhue8,https://music.youtube.com/watch?v=6QRjZyT97n0,https://music.youtube.com/watch?v=oDJj8OwcAjg
84d93b51-2c3e-5d27-96c6-df56afe66512,0423f437-af28-5918-a807-4553e3f1f1d1,7,Kuchh Naa Kaho (Chorus),Various artists,4.0,https://www.youtube.com/watch?v=EOIERuwpjKo,https://music.youtube.com/watch?v=THEpnuoyE6Y,https://music.youtube.com/watch?v=wYYqtPvwxMg,https://music.youtube.com/watch?v=DK8syv8wnNQ
a9c1d72c-11e8-59ee-ac0d-d403b041cad3,0423f437-af28-5918-a807-4553e3f1f1d1,8,Kuchh Naa Kaho (Female),Lata Mangeshkar,4.4,https://www.youtube.com/watch?v=QsBdZ063e_s,https://music.youtube.com/watch?v=u8p5lSLUEgo,https://music.youtube.com/watch?v=jhx7Ih4UAJ8,https://music.youtube.com/watch?v=BwnXI24aP1s
637fe9d0-e586-5b23-8ac5-68235f15c2a2,2901d1b6-5fee-54c0-b032-fca63ec73f09,1,Chaand Se Parda Kijiye,Kumar Sanu,4.0,https://www.youtube.com/watch?v=P87IAiJmo4A,https://music.youtube.com/watch?v=E9Y45BncXLA,https://music.youtube.com/watch?v=q6Lc_sRilQc,https://music.youtube.com/watch?v=Sl8tK6PLmmQ
4f516d7d-3d95-5077-bb3d-dbe5d06692a6,2901d1b6-5fee-54c0-b032-fca63ec73f09,4,Haathon Mein Aa Gaya Jo Kal,Kumar Sanu,4.0,https://www.youtube.com/watch?v=Wn5uzhvRIrE,https://music.youtube.com/watch?v=GHYDB-0eIlI,https://music.youtube.com/watch?v=fFGSPKiGEaw,https://music.youtube.com/watch?v=poKm1V92hL4
88368ae7-91e7-584f-b785-4aeb40325439,ba57e5ad-b354-541e-892e-263209899ea5,6,Kaash Tum Mujhse Ek Baar,Kumar Sanu,4.0,https://www.youtube.com/watch?v=47A_HYGrdWo,https://music.youtube.com/watch?v=47A_HYGrdWo,https://music.youtube.com/watch?v=n-e_twt6MyM,https://music.youtube.com/watch?v=kEWMgpKMq8k
25bd3e95-90a2-51d1-8fdc-31caab1c7c86,f6164d1c-6d72-5af0-afd6-b9c9c7e035f5,3,Ello Ji Sanam Hum Aa Gaye,"Vicky Mehta, Behroz Chatterjee",4.0,https://www.youtube.com/watch?v=y3wYH65p6Vg,https://music.youtube.com/watch?v=P_Xv0jFJMkM,https://music.youtube.com/watch?v=hTieZHBnn8Y,https://music.youtube.com/watch?v=8AmQ99-ZN2Y
b5308af3-6faf-5ca1-8f97-0bfb2691a83d,197d985d-7da5-576e-81cb-85b5469543ab,6,Barson Ke Baad Aayi Mujhko Yaad Ek Baat,Alka Yagnik,4.0,https://www.youtube.com/watch?v=UlvvyNBylBE,https://music.youtube.com/watch?v=_j_pVxw5Dwc,https://music.youtube.com/watch?v=AmYEZp9Xz3I,
f4bb3c90-bd6d-5db1-a29d-599be62a11ea,e1201e11-267b-5097-8efd-d1bb56a5e780,1,Kitna Haseen Chehra Kitni Pyari Aankhen,Kumar Sanu,4.0,https://www.youtube.com/watch?v=NzZxyWr9OA4,https://music.youtube.com/watch?v=qGOTe3KmCdY,https://music.youtube.com/watch?v=8hy7pg8wB-c,https://music.youtube.com/watch?v=PsywlJ3GJPM
a8c1bab0-1d47-5929-8259-d2b182ff22bb,e1201e11-267b-5097-8efd-d1bb56a5e780,7,Ek Aisi Ladki Thi Jise Main Pyar Karta Tha,Kumar Sanu,4.0,https://www.youtube.com/watch?v=tXIrXurOXU8,https://music.youtube.com/watch?v=ZoU9kaU5UNk,,
5b522cec-4d86-5b9e-aa44-fbedc6810adf,5555419d-40a7-57b4-8203-3ffce56f6c13,1,Mujhe Phir Wahi Yaad Aane Lage Hain,Hariharan,4.0,https://www.youtube.com/watch?v=9XBURmKja7Y,https://music.youtube.com/watch?v=9XBURmKja7Y,https://music.youtube.com/watch?v=cDcqf9R_hlQ,https://music.youtube.com/watch?v=ToIHUvF2HvM
77a9c579-5e44-5b98-8de3-f56d4f50938e,5555419d-40a7-57b4-8203-3ffce56f6c13,2,Koi Patta Hile Hawa To Chale,Hariharan,4.0,https://www.youtube.com/watch?v=yKQXAkhoIJw,https://music.youtube.com/watch?v=UrMZyggF0A4,https://music.youtube.com/watch?v=bQp7KcCCDrw,https://music.youtube.com/watch?v=yKQXAkhoIJw
2e099554-8667-5e19-9eb8-59d4dfd313a6,5555419d-40a7-57b4-8203-3ffce56f6c13,3,Usne Jab Mujhse Kiya Ahede Wafa Aahista,Hariharan,4.0,http://www.youtube.com/watch?v=RQk4850lmRc,https://music.youtube.com/watch?v=I3En7KnfNfc,https://music.youtube.com/watch?v=x_gbOO-LP_4,https://music.youtube.com/watch?v=D3D7fLrXjjY
ef4b1fe9-1797-5c4d-ae88-fe068fc54a7a,5555419d-40a7-57b4-8203-3ffce56f6c13,4,Daro Deewar Pe Shakalen Si Banane Aayi,Hariharan,4.0,https://www.youtube.com/watch?v=V1SZwob00e0,https://music.youtube.com/watch?v=O4jgsczXhp4,,
7e63b5bf-fec4-518e-b62a-db2667567b92,5555419d-40a7-57b4-8203-3ffce56f6c13,5,Woh Pilaye To Zara Lehra Ke Peena Chahiye,Hariharan,4.0,https://www.youtube.com/watch?v=XJPnvZjLKYA,https://music.youtube.com/watch?v=Pt7jj4l-z2U,,
ed9571af-fcc5-5ed2-912b-9400375d2808,5555419d-40a7-57b4-8203-3ffce56f6c13,6,Aa Chandni Bhi Meri Tarah Jaag Rahi Hai,Hariharan,4.5,https://www.youtube.com/watch?v=8KY43wlHg4w,https://music.youtube.com/watch?v=Ty2mqOxC-VA,https://music.youtube.com/watch?v=q5rjCS3JOF4,https://music.youtube.com/watch?v=3jekfkNypVk
b952d80a-482d-5b4f-b2cf-8a66f4b86014,5555419d-40a7-57b4-8203-3ffce56f6c13,7,Aks Chehre Pe Aftab Ka Hai,Hariharan,4.67,http://www.youtube.com/watch?v=qfbzcgBUEJ0,https://music.youtube.com/watch?v=hdrn8ruFtis,https://music.youtube.com/watch?v=GN4YM8MzxbQ,https://music.youtube.com/watch?v=qfbzcgBUEJ0
fd6d2f18-3b80-56c6-b75a-b527b2a86c02,5555419d-40a7-57b4-8203-3ffce56f6c13,8,Kabhi Khushi Se Khushi Ki Taraf Nahi Dekha,Hariharan,4.0,https://www.youtube.com/watch?v=t0CmzleJGmc,https://music.youtube.com/watch?v=RuaZPRlGYh0,https://music.youtube.com/watch?v=t0CmzleJGmc,https://music.youtube.com/watch?v=TPkb6lK3t88
f238907b-a905-5383-9fea-8360032dd228,09af9980-6bef-5e43-8a0a-da86ee4c9029,1,Maye Ni Maye,Lata Mangeshkar,4.0,http://www.youtube.com/watch?v=Ua5AW2czRAE&feature=plcp,https://music.youtube.com/watch?v=JAMd2qNM-XQ,https://music.youtube.com/watch?v=ruSCf1VUp1o,https://music.youtube.com/watch?v=yPSHGv5s0J4
5a084f21-1161-5d6e-82d4-386be7b59c19,09af9980-6bef-5e43-8a0a-da86ee4c9029,2,Didi Tera Devar Deewana,"Lata Mangeshkar, S.P. Balasubramaniam",4.2,http://www.youtube.com/watch?v=2V56f0xZNqw&feature=plcp,https://music.youtube.com/watch?v=YuBv3Qbo_hE,https://music.youtube.com/watch?v=L3NqayTUDHI,https://music.youtube.com/watch?v=yt3-3yIBi9o
a784da93-3fc1-5349-89b9-f42bdb3302f1,09af9980-6bef-5e43-8a0a-da86ee4c9029,4,Chocolate Lime Juice,Lata Mangeshkar,4.33,http://www.youtube.com/watch?v=6Uzkpoxj5J0,https://music.youtube.com/watch?v=0bvyc5oAZYw,https://music.youtube.com/watch?v=uiOimjucxow,https://music.youtube.com/watch?v=VFZo8HUvO2U
762fbfb2-f09e-5b97-b0f4-b64288ea3168,09af9980-6bef-5e43-8a0a-da86ee4c9029,6,Pehla Pehla Pyar Hai,S.P. Balasubramaniam,4.38,http://www.youtube.com/watch?v=gIODEFkvjTA&feature=plcp,https://music.youtube.com/watch?v=W5NAWMPTJuI,https://music.youtube.com/watch?v=CxNERe4U2VQ,https://music.youtube.com/watch?v=w2iozAbNXAo
aa19469a-6254-5dc8-a003-df0bd33ad4d8,09af9980-6bef-5e43-8a0a-da86ee4c9029,8,Babul Jo Tumne Sikhaya,Sharda Sinha,4.0,http://www.youtube.com/watch?v=uDrC2zjjvIY&feature=plcp,https://music.youtube.com/watch?v=cE0nNetsEr8,https://music.youtube.com/watch?v=YgVrC2iV0b0,https://music.youtube.com/watch?v=pTvxXG3pH5Q
18f186ee-9fa1-5d66-9042-780b0e2a19ba,09af9980-6bef-5e43-8a0a-da86ee4c9029,9,Mujhse Juda Ho Kar,"Lata Mangeshkar, S.P. Balasubramaniam",4.0,http://www.youtube.com/watch?v=8Dx4HoQIjUc&feature=plcp,https://music.youtube.com/watch?v=otp9R7QkcjE,https://music.youtube.com/watch?v=_PWDZSzMiqs,https://music.youtube.com/watch?v=xMjlGq1rgls
7c8d56a8-a256-58d4-a617-7032179ab879,09af9980-6bef-5e43-8a0a-da86ee4c9029,10,Samdhi Samdhan,"Lata Mangeshkar, Kumar Sanu",4.0,http://www.youtube.com/watch?v=uCHhzFHISAs&feature=plcp,https://music.youtube.com/watch?v=F8D1zliqW64,https://music.youtube.com/watch?v=MGy4-xGJwxY,
ec696e12-d2ec-57b4-8724-853d872ac030,09af9980-6bef-5e43-8a0a-da86ee4c9029,11,Hum Aapke Hain Kaun,"Lata Mangeshkar, S.P. Balasubramaniam",4.25,http://www.youtube.com/watch?v=QyJoeduGpJI&feature=plcp,https://music.youtube.com/watch?v=RGN-ElGepLY,https://music.youtube.com/watch?v=YtgIbBQ6EJU,
d0d41c83-4f98-5eb7-9fb8-8ecb06a634d2,09af9980-6bef-5e43-8a0a-da86ee4c9029,13,Lo Chali Main,Lata Mangeshkar,4.0,http://www.youtube.com/watch?v=sGfVK1V26lA&feature=plcp,https://music.youtube.com/watch?v=4o9wbyEOCdE,https://music.youtube.com/watch?v=V9VkNXz5QAQ,https://music.youtube.com/watch?v=3NGmUzyAb_g
748e077e-ae6f-5340-9871-539de8a1e866,09af9980-6bef-5e43-8a0a-da86ee4c9029,14,Dhiktana - Part 2,"Lata Mangeshkar, S.P. Balasubramaniam, Udit Narayan, Shailendra Singh",4.0,http://www.youtube.com/watch?v=_LaKb3mnDUE&feature=plcp,https://music.youtube.com/watch?v=LMfxvd9w3Uc,https://music.youtube.com/watch?v=1DELPfCKy3o,https://music.youtube.com/watch?v=_LaKb3mnDUE
3b95da4b-c843-556e-92e6-720fb5d63329,4d9d01ce-cbfb-55db-b96b-d0ff3f2924eb,1,Is Tarah Aashiqi Ka Asar Chhod Jaoonga - I,Kumar Sanu,4.0,http://www.youtube.com/watch?v=T7IZuj5fvYM,https://music.youtube.com/watch?v=cVT3BKkPCc4,https://music.youtube.com/watch?v=Xl1OWXb-bp4,https://music.youtube.com/watch?v=sUkb-8P3fvk
4c0b7ccd-18a9-576b-b96f-6f097b65fd26,4d9d01ce-cbfb-55db-b96b-d0ff3f2924eb,6,Chaha To Bahut Na Chahen Tujhe,"Kumar Sanu, Bela Sulakhe",4.0,http://www.youtube.com/watch?v=00V7IokvbTA,https://music.youtube.com/watch?v=errU3csbgVU,https://music.youtube.com/watch?v=0wJ1PvMRBV8,https://music.youtube.com/watch?v=bsIT00M8mks
7d1dc872-a366-51e0-8da7-88f7a1fb5ad7,4d9d01ce-cbfb-55db-b96b-d0ff3f2924eb,7,Do Baaten Ho Sakti Hain,Kumar Sanu,4.0,http://www.youtube.com/watch?v=bZeQoyUzxro,https://music.youtube.com/watch?v=a_wWCtvEttc,https://music.youtube.com/watch?v=-a3m8RfLCKE,
2d8d8d47-8570-5455-8e3b-be2ba13626d7,4d9d01ce-cbfb-55db-b96b-d0ff3f2924eb,8,Is Tarah Aashiqi Ka Asar Chhod Jaoonga - II,Amit Kumar,4.0,http://www.youtube.com/watch?v=T4SPHD5er0M,https://music.youtube.com/watch?v=sUkb-8P3fvk,https://music.youtube.com/watch?v=Xl1OWXb-bp4,https://music.youtube.com/watch?v=cVT3BKkPCc4
1d22855a-57a0-5708-8a65-ac05d2381ef6,a4b58241-1bd0-5e67-b3ff-d7ab53e5dae1,1,Deewana Dil Deewana,"Amit Kumar, Udit Narayan",4.6,https://www.youtube.com/watch?v=4bIQNbHofs0,https://music.youtube.com/watch?v=wa1uODUo12E,https://music.youtube.com/watch?v=EmhGbm-4zEk,https://music.youtube.com/watch?v=4bIQNbHofs0
efa108fa-80d4-599c-ac32-8e097b4a8f59,a4b58241-1bd0-5e67-b3ff-d7ab53e5dae1,2,Ae Kash Ke Hum,Kumar Sanu,4.8,https://www.youtube.com/watch?v=zIz1RTZxnvY,https://music.youtube.com/watch?v=hGmM3iNQBjE,https://music.youtube.com/watch?v=UuFL-ZOGgSc,https://music.youtube.com/watch?v=eLzEykVMZn0
3c8f6b05-5a33-5ae1-b102-11c1ee7e4bfd,a4b58241-1bd0-5e67-b3ff-d7ab53e5dae1,3,Aana Mere Pyaar Ko,"Kumar Sanu, Alka Yagnik",4.25,https://www.youtube.com/watch?v=3oJSwa0nUuU,https://music.youtube.com/watch?v=rbHhi83N1-0,https://music.youtube.com/watch?v=X3MqeRFM59M,
06309c4a-1b4d-5c79-9a52-b026a242de7e,a4b58241-1bd0-5e67-b3ff-d7ab53e5dae1,4,Kyon Naa Hum Milke Pyar Karen,"Amit Kumar, Udit Narayan, Vijeta Pandit",4.0,https://www.youtube.com/watch?v=dIsbEX9CEVU,https://music.youtube.com/watch?v=TsKew5cBiwI,https://music.youtube.com/watch?v=Keyngs9fipU,https://music.youtube.com/watch?v=ihM0RzBXaNk
b17290ee-408d-521d-bf0f-525fada89301,a4b58241-1bd0-5e67-b3ff-d7ab53e5dae1,5,Sachchi Yeh Kahani Hai,"Amit Kumar, Alka Yagnik",4.0,https://www.youtube.com/watch?v=aZ9Of7b0TjA,https://music.youtube.com/watch?v=MXpO-ytXc4k,https://music.youtube.com/watch?v=yebxmT1gTIY,https://music.youtube.com/watch?v=ZkFMZuN1z2U
f55dd254-b28e-5190-9e85-97a917a3fad7,a4b58241-1bd0-5e67-b3ff-d7ab53e5dae1,6,Woh To Hai Albela,"Kumar Sanu, Devaki Pandit",4.75,https://www.youtube.com/watch?v=AkVVnLPBXmU,https://music.youtube.com/watch?v=tsgKldRzrsY,https://music.youtube.com/watch?v=b4Me59aHnO8,https://music.youtube.com/watch?v=NUeqBbtxAZY
fcedc54e-d64b-5254-ac08-974dca0215b1,e48e9be8-e128-555d-9b49-18e967681d82,1,Tumsa Koi Pyara,"Alka Yagnik, Kumar Sanu",4.0,http://www.youtube.com/watch?v=3NWMK2MRqIk,https://music.youtube.com/watch?v=HubRXgH0Erc,https://music.youtube.com/watch?v=fXzm9F4S3d0,https://music.youtube.com/watch?v=2W1vkru9xac
a52a959b-4b70-5791-ac95-841dec3b849b,e48e9be8-e128-555d-9b49-18e967681d82,6,Tum Maano Ya Na Maano,"Alka Yagnik, Kumar Sanu",4.0,https://www.youtube.com/watch?v=05QoSE1nOHw,https://music.youtube.com/watch?v=eAW2jHm0td0,https://music.youtube.com/watch?v=FvUB1OuwRLA,https://music.youtube.com/watch?v=pIuhXsWBZLM
577fc37c-9220-5896-bd84-1984545eef17,bc894cbf-98d8-5431-9f37-7bee539f04d9,1,Chura Ke Dil Mera Goriya Chali,"Alka Yagnik, Kumar Sanu",4.33,https://www.youtube.com/watch?v=Yqj1_V90KJo,https://music.youtube.com/watch?v=Yqj1_V90KJo,https://music.youtube.com/watch?v=oI8X15a_q_Q,https://music.youtube.com/watch?v=Cya8VgRV9iw
acdb39d8-afa1-5a33-a138-66d6dbaa9ec4,d6d111b7-a82c-529b-a3c0-2095a484716d,1,Tu Cheez Badi Hai Mast Mast,"Udit Narayan, Kavita Krishnamurthy",4.2,https://www.youtube.com/watch?v=fT4vP4PnLxg,https://music.youtube.com/watch?v=bH_8yww6BAI,https://music.youtube.com/watch?v=w3TO7ErAqwE,https://music.youtube.com/watch?v=RZSApo7Uvv8
4cec6b4a-1331-5bde-be61-b8ad401063f9,d6d111b7-a82c-529b-a3c0-2095a484716d,2,Subah Se Lekar Shaam Tak,"Udit Narayan, Sadhna Sargam",4.25,https://www.youtube.com/watch?v=aWB3XB6jYsk,https://music.youtube.com/watch?v=Lc1qlELQ7B0,https://music.youtube.com/watch?v=LFKLQ5BdBYg,https://music.youtube.com/watch?v=NGdf3ZUMn3A
160034c2-a950-52fa-9856-0ed47ca95901,d6d111b7-a82c-529b-a3c0-2095a484716d,5,Tip Tip Barsa Paani,"Alka Yagnik, Udit Narayan",4.75,https://www.youtube.com/watch?v=BtlnpBb4O8E,https://music.youtube.com/watch?v=BtlnpBb4O8E,https://music.youtube.com/watch?v=BsrDrv4NV7M,https://music.youtube.com/watch?v=JyYDODhGE9Y
c00edff7-f0c6-5a43-b418-82b258092165,d6d111b7-a82c-529b-a3c0-2095a484716d,6,Naa Kajare Ki Dhaar,"Pankaj Udhas, Sadhna Sargam",4.0,https://www.youtube.com/watch?v=C_wxaIOPMZk,https://music.youtube.com/watch?v=At599yZ_LX4,https://music.youtube.com/watch?v=lEO8lWMwWTg,https://music.youtube.com/watch?v=C_wxaIOPMZk
df8ea50c-bea1-54b7-a623-dc52ebd9fc55,d6d111b7-a82c-529b-a3c0-2095a484716d,9,Main Cheez Badi Hoon Mast Mast,Kavita Krishnamurthy,4.0,https://www.youtube.com/watch?v=OOZfaaCLpDE,https://music.youtube.com/watch?v=jdVf1KQ0hC4,https://music.youtube.com/watch?v=7Hl0vbF_LQU,https://music.youtube.com/watch?v=w3TO7ErAqwE
3a573f03-ddc3-5040-bec0-56028a8efcb6,3762e775-6361-5819-a300-bc8c90d330c6,1,Sambhaala Hai Maine,Kumar Sanu,4.5,https://www.youtube.com/watch?v=8EP7YEjUk_0,https://music.youtube.com/watch?v=qgDTT2E3lSQ,https://music.youtube.com/watch?v=uMxgNsO7MGw,https://music.youtube.com/watch?v=cYW9_Nyjydk
c619fa2f-1553-5a08-b4df-2806080a3a17,af46bf4e-cbd2-52dd-b6b4-a7e8f5d37705,1,Chehra Kya Dekhte Ho Dil Mein Utar Kar Dekho Na,"Asha Bhosle, Kumar Sanu",4.0,https://www.youtube.com/watch?v=PJgT6vWUmKw,https://music.youtube.com/watch?v=z2Mthqaym-k,https://music.youtube.com/watch?v=9v2bq2JHt4I,https://music.youtube.com/watch?v=-Bkaed5gfNs
9e782e25-6873-50a3-998c-a4080f068bee,bf264b32-4b06-5229-b567-8a405c081062,1,Roop Suhana Lagta Hai,"S.P. Balasubramaniam, K.S. Chitra",4.0,https://www.youtube.com/watch?v=MgIjadG2HTc,https://music.youtube.com/watch?v=b3uyP0MH6UA,https://music.youtube.com/watch?v=pDsfWJbs8DA,https://music.youtube.com/watch?v=DdO7VPfbgSg
7da7a387-1f7e-5f28-941d-cd6dc9822a4e,bf264b32-4b06-5229-b567-8a405c081062,2,Hum Apne Gham Ko Saja Kar Bahaar Kar Lenge,"Sadhna Sargam, Vinod Rathod",4.0,https://www.youtube.com/watch?v=TMn6sF0ooZE,https://music.youtube.com/watch?v=TMn6sF0ooZE,https://music.youtube.com/watch?v=ooesGuT6c_Q,
ed4285fd-b47f-58e5-8f27-b20350f440aa,bf264b32-4b06-5229-b567-8a405c081062,5,Aashiqui Mein Had Se Guzar Jane Ko Jee Chahe,"Sadhna Sargam, Vinod Rathod",4.0,https://www.youtube.com/watch?v=eoDaUaxkeTE,https://music.youtube.com/watch?v=WjDgRecrcnY,https://music.youtube.com/watch?v=bzRzveAerUk,https://music.youtube.com/watch?v=nZKFq79SasQ
1f927827-afa8-54e8-8a41-61264bad0aab,fba75acf-2609-553f-ae53-655444018eef,1,Raah Mein Unse Mulaquat Ho Gayi,"Alka Yagnik, Kumar Sanu",4.5,https://www.youtube.com/watch?v=vYGPudMvxvI,https://music.youtube.com/watch?v=hyFDEoFEPWY,https://music.youtube.com/watch?v=-Tl_FVOx-cs,https://music.youtube.com/watch?v=AQSRq6eGWp0
8a347792-4caa-5cbc-94e9-7b2d2b32a040,fba75acf-2609-553f-ae53-655444018eef,2,Ruk Ruk Ruk Are Baba Ruk,Alisha Chinai,4.0,https://www.youtube.com/watch?v=fVhfrX29Rl4,https://music.youtube.com/watch?v=7z8nBf2fDOU,https://music.youtube.com/watch?v=NT5xr5gX3Gs,
b779f455-0fe6-52ea-bbbe-fed0ba1381f4,fcf382cc-3e3e-5da4-91cb-992d76a441f0,1,Ole Ole,Abhijeet,4.0,https://www.youtube.com/watch?v=AMEg79OgK8M,https://music.youtube.com/watch?v=XcUEgoX8RgU,https://music.youtube.com/watch?v=KyC2V4yeJ4E,https://music.youtube.com/watch?v=hcCvSmjHwGY
9868700f-811d-5f5a-aed3-83b7cb9a86cc,fcf382cc-3e3e-5da4-91cb-992d76a441f0,3,Naam Kya Hai,"Kumar Sanu, Lata Mangeshkar",4.0,https://www.youtube.com/watch?v=iM0fdFLinG4,https://music.youtube.com/watch?v=M8OPVBoDpvw,https://music.youtube.com/watch?v=arhFgif9X4A,https://music.youtube.com/watch?v=BgQQrdbHJnM
