album_uuid,album_title,album_year,album_category,album_music_director,album_lyricist,album_label,album_rating
ef103889-4891-523a-92aa-2d603683678f,Aaj Ki Baat,1955,"Hindi, Film",Snehal Bhatkar,"Raj Baldev Raj, Kaif Irfani, Hasrat Jaipuri",H.M.V.,0
3a3522fe-986d-55e4-94e5-6cb84c07cf4c,Abe-Hayat,1955,"Hindi, Film",Sardar Malik,"Qamar Jalalabadi, Kaif Irfani, Hasrat Jaipuri, Raja Mehdi Ali Khan",H.M.V.,3.5
b154ae14-58c6-5f8e-8822-37bdd6037789,Adl-E-Jehangir,1955,"Hindi, Film",Husnlal - Bhagatram,Qamar Jalalabadi,H.M.V.,0
035396ca-e28a-5979-a79c-a53dc4cee101,Aladin Ka Beta (Tilasmi Chirag),1955,"Hindi, Film",S. Mohinder,Tanveer Naqvi,H.M.V.,0
f49ac0cf-39fa-5312-b1b2-cfd5016e13a1,Albeli,1955,"Hindi, Film",Ravi,"Raja Mehdi Ali Khan, Ravi",H.M.V.,3.0
ae530826-dfb9-5602-826f-b2cbf6ee3437,Amanat,1955,"Hindi, Film",Salil Chowdhury,Shailendra,H.M.V.,3.0
ade38cd7-64d0-5dda-87a5-6bda7b996a5d,Andher Nagri Chaupat Raja,1955,"Hindi, Film",Avinash Vyas,Bharat Vyas,H.M.V.,0
13f57eeb-c505-5e48-97ed-87946d7bd4de,Azaad,1955,"Hindi, Film",C. Ramchandra,Rajendra Krishan,H.M.V.,4.75
3c0b202f-14ee-548b-bf80-c1349d40814d,Baap Re Baap,1955,"Hindi, Film","O.P. Nayyar, C. Ramchandra",Jan Nisar Akhtar,H.M.V.,3.5
de0aca14-8f14-5661-accf-fdb7bfd133dd,Bagdad Ka Chore,1955,"Hindi, Film",B.N. Bali,"Sartaj, Harish Rana, Omar Khayyam Saharanpuri, Khalish Lakhnavi",Music Master - Bulbul Records,0
f972ff86-0c2b-59a4-8a2d-0be4c1efbce2,Bahu,1955,"Hindi, Film",Hemant Kumar,S.H. Bihari,H.M.V.,3.5
2d9969e6-40b4-5a6a-965a-468bde7a6baf,Bandish,1955,"Hindi, Film",Hemant Kumar,"Ravi, S.H. Bihari, Raja Mehdi Ali Khan, Prem Dhawan",H.M.V.,0
741220a0-36c3-5ace-8131-d0fd8bec6e3c,Bara-Dari,1955,"Hindi, Film",Nashad,Khumar Barabankvi,H.M.V.,4.0
a2832e72-0d4a-51f4-86cd-14baf59838f2,Bhagwat Mahima,1955,"Hindi, Film",Hemant Kumar,"Saraswati Kumar Deepak, S.H. Bihari, Pandit Madhur",H.M.V.,0
54752fbd-9564-51bf-915f-d3f8549e12ab,Bindiya,1955,"Hindi, Film",Snehal Bhatkar,"Arsh Haidari, S.H. Bihari, Bharat Vyas",H.M.V.,0
a18689bd-d9fb-5cef-96a4-3a982994ac2f,Bujhte Huye Chirag Par,1955,"Hindi, Non Film",Hemant Kumar,Madhukar Rajasthani,,0
b110e7e3-17b8-5915-baf9-70e85448f68f,Char Paise,1955,"Hindi, Film",B.D. Burman,Sartaj,H.M.V.,0
63672d86-61d8-5d3a-a825-22d3874372b2,Chhora Chhori,1955,"Hindi, Film",Roshan,"Kedar Sharma, Himmat Rai Sharma, Noor Devasi",H.M.V.,0
a9b52f44-5159-59b2-84b9-c654da5fe691,Chingari,1955,"Hindi, Film",Manohar,"Shailendra, Sahir Ludhianvi, Anjum",H.M.V.,3.5
511c584a-6fcd-594b-9d66-dbdd87cc402e,Daku,1955,"Hindi, Film",Snehal Bhatkar,"Manohar Khanna, Kaif Irfani, Kaif Bhopali",H.M.V.,0
c451c9f7-1f91-58b2-9ff8-3baaa439334f,Darbar,1955,"Hindi, Film",Hansraj Behl,"Asad Bhopali, Prem Dhawan",H.M.V.,0
d6a5605a-a0eb-533d-a19e-3f312f46c53f,Devdas,1955,"Hindi, Film",S.D. Burman,Sahir Ludhianvi,H.M.V.,3.5
d0231c8c-d72e-54e1-8ff7-64043105cf93,Do Dulhe,1955,"Hindi, Film",B.S. Kalla,Pandit Indra,H.M.V.,0
6489e71f-d0d1-5a19-9779-990d21c0ae77,Duniya Gol Hai,1955,"Hindi, Film",C. Ramchandra,Rajendra Krishan,H.M.V.,0
f8484881-6d71-5c55-9120-a9036bbce609,Ekadashi,1955,"Hindi, Film",Avinash Vyas,B.C. Madhur,H.M.V.,0
a2c63ca6-1826-5282-954f-1244d3ec64ce,Enam,1955,"Hindi, Film","S.N. Tripathi, Saraswati Devi","Raja Mehdi Ali Khan, Narendra Sharma",H.M.V.,0
017063ba-a588-5219-9abe-457a09794f5c,Farar (Dev Anand In Goa),1955,"Hindi, Film",Anil Biswas,"Prem Dhawan, Sardar Jafri",H.M.V.,0
32af435d-4089-5fc8-bd56-506fa5e911ae,Ganga Maiya,1955,"Hindi, Film",Shankar Rao Vyas,"Pandit Priyadarshi, Ramesh Chandra Pandey",,0
85eebaee-f67e-59f8-a7e6-a9a773b4a443,Garm Coat,1955,"Hindi, Film",Amarnath - I,"Majrooh Sultanpuri, Meera Bai",H.M.V.,0
088283d1-d76b-59f7-9c63-9d557f05b92b,Ghamand,1955,"Hindi, Film",Gulshan Sufi,"Naqsh Lyallpuri, Uddhav Kumar, P. Ziya, Kaif, Naazi",H.M.V.,0
95c24565-bb7e-5db9-9a37-d666c58b92ba,Ghar Ghar Me Diwali,1955,"Hindi, Film",Roshan,"Prem Dhawan, Traditional, Indeevar",H.M.V.,0
1fd0ea06-ed9c-5d91-841b-e920a7f924ec,Haha Hihi Hoohoo,1955,"Hindi, Film",Vinod,Pyarelal Santoshi,H.M.V.,0
7d7b946a-0ba3-54c8-8d7d-24465033ae50,Haseena,1955,"Hindi, Film",Bulo C. Rani,Jan Nisar Akhtar,H.M.V.,0
fa165e17-ddc4-5a49-8236-cba4c6e4c4ef,Hatimtai Ki Beti,1955,"Hindi, Film",A.R. Qureshi,"Shewan Rizvi, Kaifi Azmi",H.M.V.,0
046c4404-0c83-5ddb-be30-06f9b6dfab14,Hoor-E-Arab,1955,"Hindi, Film","Ghulam Mohammed, Sardar Malik",Shakeel Badayuni,H.M.V.,0
0232c1b2-da2b-5bce-bc91-7d8ff55aff7a,House No. 44,1955,"Hindi, Film",S.D. Burman,Sahir Ludhianvi,H.M.V.,4.8
465b43e9-2103-59ec-b894-97cdf54479f8,Insaniyat,1955,"Hindi, Film",C. Ramchandra,Rajendra Krishan,H.M.V.,0
fd3417d9-81c3-5287-a10f-011866242c85,Ja Tujhe Bhool Gaye,1955,"Hindi, Non Film",Hemant Kumar,Madhukar Rajasthani,Saregama,0
8f117684-456a-5eb2-9f6e-9906245575bf,Jab Shaam Ka Suraj,1955,"Hindi, Non Film",Hemant Kumar,Kanwar Kumar,Saregama,0
9881ad8a-9872-51a6-b89e-c912467f3aa7,Jagadguru Shankaracharya,1955,"Hindi, Film",Avinash Vyas,Bharat Vyas,H.M.V.,0
c137a5b2-9018-50d7-bf26-d1535e8a3cb7,Jai Mahadev,1955,"Hindi, Film",Manna Dey,Bharat Vyas,H.M.V.,0
2551dc63-f6db-5e9c-9b7d-172173af8736,Jalwa,1955,"Hindi, Film",Vinod,"Kaif Irfani, Verma Malik, Raja Mehdi Ali Khan, Saraswati Kumar Deepak, Aziz Kashmiri",H.M.V.,0
6266ad24-ada7-57e7-9062-1b49d22b423e,Jashan,1955,"Hindi, Film",Roshan,Rajendra Krishan,H.M.V.,0
e98c554b-3f27-544b-b9f4-36e0ae337b00,Jasoos,1955,"Hindi, Film",Iqbal,"Farooq Qaiser, Aziz Jamali, Bahar Ajmeri, Khawar Zaman",H.M.V.,0
5c92d326-f53e-5ea9-a6b5-194502a7366f,Jawab,1955,"Hindi, Film",Nashad,Khumar Barabankvi,H.M.V.,3.0
65e2d835-be50-5c93-88d3-4be3788553bb,Jhanak Jhanak Payal Baaje,1955,"Hindi, Film",Vasant Desai,"Hasrat Jaipuri, Meera Bai, Deewan Sharar, Saraswati Kumar Deepak",H.M.V.,4.0
5a26376e-ac29-513a-a7f7-1bff3ebd7731,Joru Ka Bhai,1955,"Hindi, Film",Jaidev,"Vishwamitra Adil, Narendra Sharma, Sahir Ludhianvi",H.M.V.,0
a211988e-ace5-50df-b868-b6e28c41cadf,Kanchan,1955,"Hindi, Film",Husnlal - Bhagatram,Rajendra Krishan,H.M.V.,0
53b79085-6cb9-5c7c-be46-d67114c433c5,Khandan,1955,"Hindi, Film",A.R. Qureshi,"Sarshar Sailani, Majrooh Sultanpuri, Tanveer Naqvi",H.M.V.,0
d1642af3-4a6e-5a01-bb09-8a2e64b8dbd5,Koi Mujhe Raat Ko Yaad Kare,1955,"Hindi, Non Film",Hemant Kumar,Kanwar Kumar,Saregama,0
88007b19-5da9-53ce-aaf6-e619b90e5a14,Kundan,1955,"Hindi, Film",Ghulam Mohammed,Shakeel Badayuni,H.M.V.,3.0
95f9dd84-93dd-593f-bb88-4dcf76a6e25e,Lagan,1955,"Hindi, Film",Hemant Kumar,Rajendra Krishan,H.M.V.,0
074dd92f-0bbd-5808-a72d-e74553da68aa,Lakhon Men Ek,1955,"Hindi, Film",Bhola Shreshtha,Hira Singh,H.M.V.,0
d94fad1d-0367-513f-aaf7-19991e93c2fc,Lutera,1955,"Hindi, Film",C. Ramchandra,"Rajendra Krishan, Jan Nisar Akhtar",H.M.V.,0
ae8bce22-639a-5f67-aff4-3ba20806a487,Madh Bhare Nain,1955,"Hindi, Film",S.D. Burman,Shailendra,H.M.V.,0
e2d848e6-99fd-55eb-a3c6-6b7cb7b2f3c6,Madhur Milan,1955,"Hindi, Film",Bulo C. Rani,"Shyam Hindi, S.H. Bihari, D.N. Madhok, Raja Mehdi Ali Khan, Jan Nisar Akhtar, Farooq Qaiser, Nigar",H.M.V.,0
e79ab56c-8115-5bf4-b450-c4731b2573ef,Mahasati Savitri,1955,"Hindi, Film",Chitragupt,Gopal Singh Nepali,H.M.V.,0
6b731bd8-e769-55a5-8d4b-213eca815180,Mano Na Mano (Andhkar),1955,"Hindi, Film",Hansraj Behl,"Indeevar, Kaif Irfani",H.M.V.,0
86cd05e6-aa49-542e-9507-41012813b475,Marine Drive,1955,"Hindi, Film",Datta Naik,"Sahir Ludhianvi, Qamar Jalalabadi",H.M.V.,3.0
4685238b-9627-5f93-9ff3-eb8df380fbfa,Mast Qalandar,1955,"Hindi, Film",Hansraj Behl,"Asad Bhopali, Naqsh Lyallpuri",H.M.V.,0
c5300d55-cc42-5928-a656-bc3e7b20c094,Mastani,1955,"Hindi, Film",B.N. Bali,"Omar Khayyam Saharanpuri, Raja Mehdi Ali Khan, B.D. Mishra",H.M.V.,3.0
26a34222-f294-52d5-a247-7fc568e3d81e,Milap,1955,"Hindi, Film",Datta Naik,Sahir Ludhianvi,H.M.V.,0
f92b7b00-cc0c-52a1-9845-4fde249e075e,Miss Coca Cola,1955,"Hindi, Film",O.P. Nayyar,Majrooh Sultanpuri,H.M.V.,0
b1aed759-10f8-5f9d-836b-239e65f3580e,Mr. & Mrs. '55,1955,"Hindi, Film",O.P. Nayyar,"Majrooh Sultanpuri, Saroj Mohini Nayyar",H.M.V.,5.0
d4d64d0e-6a1c-5fea-add6-236144dcd0fd,Munimji,1955,"Hindi, Film",S.D. Burman,"Sahir Ludhianvi, Shailendra",H.M.V.,4.7
cd27ec5c-7b2d-5da8-81ef-d12e6c355a55,Musafir Khana,1955,"Hindi, Film",O.P. Nayyar,Majrooh Sultanpuri,H.M.V.,3.0
82c704c4-ea8c-5685-b6f6-396817d297a2,Naata,1955,"Hindi, Film",S. Mohinder,"Tanveer Naqvi, Kaifi Azmi",H.M.V.,3.0
a3b5eb33-8cb4-5171-bfe7-ac61dc9bde8a,Naqab,1955,"Hindi, Film",Govind Ram,Prem Dhawan,H.M.V.,0
b90393a4-5084-5655-a174-6f567ad8f501,Navratri,1955,"Hindi, Film",Chitragupt,"Bharat Vyas, Gopal Singh Nepali",H.M.V.,0
4d3f5cf0-ef9e-57e2-a135-88a0d7c3f287,Oonchi Haveli,1955,"Hindi, Film",Shivram,Bharat Vyas,H.M.V.,0
f3b92fe8-9823-5629-bf54-27c77bf02d9a,Oot Patang,1955,"Hindi, Film",Vinod,D.N. Madhok,H.M.V.,3.0
ba8b1475-0895-5503-a91b-75bc3f94df42,Patit Pawan,1955,"Hindi, Film",Jamal Sen,Bharat Vyas,H.M.V.,0
f66b0e7e-89e8-5168-af6a-b96014750c0d,Post Master,1955,"Hindi, Film",Ram Ganguly,Verma Malik,H.M.V.,0
59bc52f6-1bb4-5c88-bc9f-d7930869dede,Prabhu Ki Maya,1955,"Hindi, Film",Ravi,"Pandit Madhur, Saraswati Kumar Deepak",H.M.V.,0
54a91f5a-5839-56f2-ae77-07b7a5818eee,Pyara Dushman,1955,"Hindi, Film",Nisar,Saba Afghani,H.M.V.,0
66fa5e2a-c308-524c-9646-1f93129a1bc2,Raftar,1955,"Hindi, Film",Shivram,J. Nakhshab,H.M.V.,0
26160aea-45cc-51a4-ab2c-f32ccaa6a326,Railway Platform,1955,"Hindi, Film",Madan Mohan,Sahir Ludhianvi,H.M.V.,4.0
2087d8b6-dc7f-51a1-b474-7dae8df10532,Raj Kanya,1955,"Hindi, Film",Chitragupt,Gopal Singh Nepali,H.M.V.,0
afe76591-cd4f-5b31-8646-5d9626f28c87,Rajdarbar,1955,"Hindi, Film",Chitragupt,"Shyam Hindi, Gopal Singh Nepali",H.M.V.,0
8ff23772-d7bd-595c-9032-7e80189808db,Ratna Ghar,1955,"Hindi, Film",Sudhir Phadke,Narendra Sharma,H.M.V.,0
f09eb213-7214-545c-a441-8d57039f2ee7,Ratnamanjari,1955,"Hindi, Film",S.N. Tripathi,B.D. Mishra,H.M.V.,0
499bd11f-d9b0-5f45-aec4-8929a09abc86,Riyasat,1955,"Hindi, Film",Avinash Vyas,"Prem Dhawan, Shyam Hindi",H.M.V.,0
10deb1a1-6954-5074-86bd-59ceec28ae4c,Roop Basant,1955,"Hindi, Film",Dhaniram,Gafil Harnalvi,H.M.V.,0
ac513596-c53c-53a5-8151-6c25451ba8ef,Rukhsana,1955,"Hindi, Film",Sajjad Hussain,"Khumar Barabankvi, Shakeel Badayuni, Tanveer Naqvi",H.M.V.,3.0
74f25ebf-e4e4-5f57-8abe-16833c934bfb,Sabse Bada Rupaiya,1955,"Hindi, Film","O.P. Nayyar, Nashad","Majrooh Sultanpuri, P.L. Santoshi",H.M.V.,0
66bcbfc8-19cb-5a7f-ab73-8fa69e973eb7,Sakhi Hatim,1955,"Hindi, Film",A.R. Qureshi,"Shewan Rizvi, Kaifi Azmi",H.M.V.,0
f7a5fc75-ae53-5351-999c-cdd5064610dd,Sakhi Lootera,1955,"Hindi, Film",Iqbal,Farooq Qaiser,H.M.V.,0
f3710d6c-3551-5014-b3f9-36c7cbf72926,Salaam-E-Mohabbat,1955,"Hindi, Film",Bipin - Babul,Anjum Jaipuri,H.M.V.,0
a4483919-0412-531e-8a27-188f02f1ebf0,Sardar,1955,"Hindi, Film",Jagmohan Sursagar,"Uddhav Kumar, Vrajendra Gaur, Kaif Irfani",H.M.V.,0
e975774e-9190-5f19-a65a-086eeb432ddd,Sati Madalsa,1955,"Hindi, Film",Chitragupt,Gopal Singh Nepali,H.M.V.,0
4842143a-36bd-51ec-810b-5177710c18a3,Sau Ka Note,1955,"Hindi, Film",S. Mohinder,"Anjaan, Majrooh Sultanpuri, Jeet, Surjit Sethi",H.M.V.,0
a0208dd7-4bc4-583f-b436-6f7840ef0865,Seema,1955,"Hindi, Film",Shankar - Jaikishan,"Hasrat Jaipuri, Shailendra",H.M.V.,4.0
986c6a44-3af1-5c1e-8551-5394a1d53dfc,Shah Behram,1955,"Hindi, Film",Hansraj Behl,"Bedam Warsi, Asad Bhopali",H.M.V.,0
bdc22600-d818-5d36-a167-a8b74ab03567,Shahi Chor,1955,"Hindi, Film",Dhaniram,"Shewan Rizvi, Raja Mehdi Ali Khan, Kaifi Azmi",H.M.V.,0
845aaaf5-4579-5120-abe4-86eabfc5bd73,Shahi Mehman,1955,"Hindi, Film",Bipin - Babul,"Raja Mehdi Ali Khan, Anjum Jaipuri, Hasrat Jaipuri",Music Master - Bulbul Records,0
cfcb7516-ab1e-58fc-ae69-9cec58c117f7,Shahzada,1955,"Hindi, Film","S. Mohinder, Nashad","Tanveer Naqvi, Khumar Barabankvi",H.M.V.,0
f8a04b1f-67ab-544d-a8a2-7e52870be724,Shikar,1955,"Hindi, Film",Bulo C. Rani,"Indeevar, Pandit Priyadarshi, Arshi Ajmeri, Noor Devasi",H.M.V.,0
acb9b308-8f8f-535a-8d16-1ea93a53d519,Shiv Bhakta,1955,"Hindi, Film",Chitragupt,Gopal Singh Nepali,H.M.V.,0
5511badb-40f1-530d-937b-d7d9c3eb4487,Shree 420,1955,"Hindi, Film",Shankar - Jaikishan,"Shailendra, Hasrat Jaipuri",H.M.V.,4.43
8ed5e643-b2a3-5318-8c3a-b18c358c9134,Shree Krishna Bhakti,1955,"Hindi, Film",Chitragupt,Gopal Singh Nepali,H.M.V.,0
45614d29-d097-5c3f-a42d-ac970ff13bde,Shri Ganesh Vivah,1955,"Hindi, Film",Chitragupt,"Gopal Singh Nepali, Bharat Vyas",H.M.V.,0
d697c6f2-05d4-56bf-b7c0-13684ea6e606,Shri Naqad Narayan,1955,"Hindi, Film",Vinod,"Verma Malik, Qamar Jalalabadi, Pyarelal Santoshi, Madhup Sharma",H.M.V.,0
0fd6ee49-b14c-5d8d-9d8b-d9aa774339bc,Sitara,1955,"Hindi, Film",Ghulam Mohammed,Shakeel Badayuni,H.M.V.,0
d33a2502-4465-5b7e-8e39-ca8bfdef16d7,Society,1955,"Hindi, Film",S.D. Burman,Sahir Ludhianvi,H.M.V.,0
c6624405-c91a-5817-92e4-264767235103,Son Of Alibaba (Alibaba Ka Beta),1955,"Hindi, Film",Sardul Kwatra,Prem Dhawan,Music Master - Bulbul Yellow Records,0
7326278a-bcaf-501e-abe3-1ef838746cbf,Swami Vivekanand,1955,"Hindi, Film",R.C. Boral,"Shankar Sen, Tandon Jodhpuri, Surdas",H.M.V.,0
62194e1f-1636-57a9-8c64-4cea33b85b5a,Tatar Ka Chor,1955,"Hindi, Film",Khayyam,Prem Dhawan,H.M.V.,0
2453c2d2-1a27-55c6-b64e-22aaafb7c17f,Teen Bhai,1955,"Hindi, Film",Arun Kumar,Bharat Vyas,H.M.V.,0
a5400981-8b8c-5253-85d8-fee98122f8c3,Teen Sardar,1955,"Hindi, Film",Sumant Raj,Naqsh Lyallpuri,H.M.V.,0
4b26e5e9-2b77-5772-b4ea-0eea444ed0bc,Teerandaz,1955,"Hindi, Film",C. Ramchandra,Rajendra Krishan,H.M.V.,0
54430d26-653e-5e9a-9cbd-73b36a21e264,Tis Mar Khan,1955,"Hindi, Film",Sardul Kwatra,"Prem Dhawan, Shailendra",Music Master - Bulbul Brown Records,0
462cdb2c-6f0e-5306-be2b-7182b8f17711,Tonga-Wali,1955,"Hindi, Film",Salil Chowdhury,Prem Dhawan,H.M.V.,2.5
b185094c-c607-59c5-8818-f9e226db53f5,Toofan Mail,1955,"Hindi, Film",Nisar,M.L. Khanna,H.M.V.,0
f4a1f81e-f63c-5b7f-b654-ac3b009a26fd,Uran Khatola,1955,"Hindi, Film",Naushad,Shakeel Badayuni,H.M.V.,3.8
e33d3b1d-2287-5764-bd5b-7088f7a61152,Vachan,1955,"Hindi, Film",Ravi,"Ravi, Prem Dhawan, Bharat Vyas",H.M.V.,2.5
7893cce2-7a73-5196-a72a-43d88ba10107,Veer Rajputani,1955,"Hindi, Film",Bulo C. Rani,Gopal Singh Nepali,H.M.V.,0
ce060b56-afd0-5f72-aae0-256a8a913ffa,Waman Avtar (Bali Raja),1955,"Hindi, Film",Avinash Vyas,"Gopal Singh Nepali, Kavi Pradeep",H.M.V.,2.67
d872ae52-2313-53d1-90d1-5e94a399939b,Woh Saath Hamara De Na Sake,1955,"Hindi, Non Film",Hemant Kumar,Madhukar Rajasthani,Saregama,0
7d3d3121-9545-560e-8668-ec7e4ae5abf0,Yaad Karoge Humen Tum Yaad Karoge,1955,"Hindi, Non Film",Ravi Shankar Sharma,Hasrat Jaipuri,Saregama,3.0
6bd2c5c2-ff99-53ec-ad07-c7d18c210c60,Yasmin,1955,"Hindi, Film",C. Ramchandra,"Jan Nisar Akhtar, Tanveer Naqvi",H.M.V.,3.0
de603971-83fd-5117-93d9-8e3eae7c7196,Zamana Kya Kahega,1955,"Hindi, Non Film",Ravi Shankar Sharma,Ravi Shankar Sharma,Saregama,0
ed04c098-fbeb-5aec-831d-d5627f6f9f4a,26th January (Bharti),1956,"Hindi, Film",C. Ramchandra,Rajendra Krishan,H.M.V.,0
017b82cd-da83-52c8-83e2-6b9ca1a34651,Aabroo,1956,"Hindi, Film",Bulo C. Rani,"D.N. Madhok, Raja Mehdi Ali Khan, Gopal Singh Nepali",H.M.V.,0
e6a3315b-5c49-5717-8450-6980270da46b,Aan Baan,1956,"Hindi, Film",Husnlal - Bhagatram,Qamar Jalalabadi,H.M.V.,0
94ef4909-e766-5a33-ab01-1179274a8d63,Aankh Ka Nasha,1956,"Hindi, Film",Dhaniram,Harsh,H.M.V.,0
b8033bd1-6590-5f26-b0b1-c9fbc89c239b,Aawaz,1956,"Hindi, Film",Salil Chowdhury,"Shailendra, Zia Sarhadi, Prem Dhawan, Vishwamitra Adil",H.M.V.,0
17464abf-2b5a-5b8d-a4d8-8dad73a7c67f,Alam Ara,1956,"Hindi, Film",A.R. Qureshi,Shewan Rizvi,H.M.V.,0
7c5cfd75-df70-524c-8139-0371d42af999,Anjaan,1956,"Hindi, Film",Hemant Kumar,Rajendra Krishan,H.M.V.,3.0
94ee5dd2-f98a-52b0-adc0-480c1a85dc17,Anuraag,1956,"Hindi, Film",Mukesh,"Indeevar, Kaif Irfani",H.M.V.,3.0
01d3143a-8dd6-54d0-8005-087ab853c15f,Arab Ka Saudagar,1956,"Hindi, Film",Hemant Kumar,"S.H. Bihari, Ravi",H.M.V.,3.67
cf480e2d-6223-5043-97a9-a88e8e40426a,Astik,1956,"Hindi, Film",Narayan,S.P. Kalla,H.M.V.,0
2af28734-652c-5781-9e80-81535039592a,Awara Shahzadi,1956,"Hindi, Film","Jimmy, Nashad","Khawar Zaman, Sartaj Rahmani",H.M.V.,0
887b53ed-4c5a-5d83-ae37-5d30de58954f,Ayodhyapati,1956,"Hindi, Film",Ravi,Saraswati Kumar Deepak,H.M.V.,0
95437a10-8bed-51f4-a8e3-9c54524a536a,Badal Aur Bijlee,1956,"Hindi, Film",Bipin - Babul,Anjum Jaipuri,H.M.V.,3.0
38f3c4d2-927c-5b8d-a736-86712677751d,Badshah Salamat,1956,"Hindi, Film",Bulo C. Rani,"Pyarelal Santoshi, Vinay Kumar - I, Shafiq Kanpuri, K. Razdan, Raja Mehdi Ali Khan",H.M.V.,0
6f46ab1e-42bb-5366-be6d-2d0db7be1ba3,Bagdad Ka Jadoo (Magic Of Bagdad),1956,"Hindi, Film",Shafi M. Nagri,Preetam Dehlvi,H.M.V.,0
76cffe10-7046-5aa8-b3d4-b40a2b75de90,Baghi Sardar,1956,"Hindi, Film",B.N. Bali,"Khalish Lakhnavi, Aziz Kashmiri, Bharat Vyas, S.H. Bihari",H.M.V.,0
a6c32c40-9f55-5e15-b553-1e84bd010350,Bandhan,1956,"Hindi, Film",Hemant Kumar,Rajendra Krishan,H.M.V.,0
3d67d2d6-6a17-5d0b-85da-b874f07afe36,Basant Bahar,1956,"Hindi, Film",Shankar - Jaikishan,"Shailendra, Hasrat Jaipuri",H.M.V.,0
eb8078ed-c427-584e-971c-7382a7d6970a,Basant Panchami,1956,"Hindi, Film",Chitragupt,Kavi Pradeep,H.M.V.,0
967a095c-a84c-56b4-bb95-80b79d2c24fc,Basre Ki Hoor,1956,"Hindi, Film",Chitragupt,Shewan Rizvi,H.M.V.,0
3b75d14d-eda0-5ee7-b702-dd8888338bb7,Bhagam Bhag,1956,"Hindi, Film",O.P. Nayyar,Majrooh Sultanpuri,H.M.V.,0
9621db86-0e0f-5b53-9190-256529559836,Bhai Bhai,1956,"Hindi, Film",Madan Mohan,Rajendra Krishan,H.M.V.,3.5
7a5275f8-11cb-5df4-881f-89ff299e56d0,C.I.D.,1956,"Hindi, Film",O.P. Nayyar,"Jan Nisar Akhtar, Majrooh Sultanpuri",H.M.V.,4.5
2fa8a654-46d1-5538-89e6-064e59f2dc64,Chand,1956,"Hindi, Film",Anil Biswas,Prem Dhawan,H.M.V.,0
f67e38bd-994e-5e23-b856-a0197050360a,Chandrakanta,1956,"Hindi, Film",Datta Naik,Sahir Ludhianvi,H.M.V.,0
a7b0995f-7339-579c-ae39-3d8cfa64f246,Char Minar,1956,"Hindi, Film",Sardul Kwatra,"Vishwamitra Adil, Verma Malik",H.M.V.,0
91d55170-d4cd-5405-a4df-aeb132ed516b,Chhoo Mantar,1956,"Hindi, Film",O.P. Nayyar,Jan Nisar Akhtar,H.M.V.,3.67
393a6885-da24-5732-b6a6-ef13148d113b,Chori Chori,1956,"Hindi, Film","Shankar - Jaikishan, Traditional","Hasrat Jaipuri, Shailendra",H.M.V.,4.0
24c4649b-b753-552c-872b-6f13180feb98,Dashera,1956,"Hindi, Film",Datta Naik,"Kavi Pradeep, Saraswati Kumar Deepak",H.M.V.,0
8256b35e-e1cc-570b-abc0-8f01d5fb4186,Devta,1956,"Hindi, Film",C. Ramchandra,Rajendra Krishan,H.M.V.,3.5
f1f89b79-9b09-5103-9876-3f3348ffbdfc,Dhake Ki Malmal,1956,"Hindi, Film","O.P. Nayyar, Robin Chatterjee","Jan Nisar Akhtar, D.N. Madhok, Saroj Mohini Nayyar",H.M.V.,3.0
54a0ab04-ba03-59e0-8039-248a1be686a7,Dhola Maru,1956,"Hindi, Film",S.K. Pal,Bharat Vyas,H.M.V.,0
1c435269-b5e6-52c5-abd2-e070d447bea4,Dilli Darbar (Delhi Darbar),1956,"Hindi, Film",S.N. Tripathi,"Hasrat Jaipuri, Shailendra",H.M.V.,0
bb7958bb-905d-5fae-b001-896b92a98123,Diwali Ki Raat,1956,"Hindi, Film",Snehal Bhatkar,"Pandit Phani, Naqsh Lyallpuri, Madhukar Rajasthani",H.M.V.,0
760274e6-272b-5793-9e9a-ad3850c0d0a2,Do Shazade,1956,"Hindi, Film",Lachhiram Tamar,"Pandit Gaafil, Sarshar Sailani",H.M.V.,0
f27b2146-6b3d-5150-82cd-048038a5d750,Durgesh Nandini,1956,"Hindi, Film",Hemant Kumar,Rajendra Krishan,H.M.V.,3.33
e438171a-6639-5088-b504-c3f0f5119d56,Dwarikadheesh,1956,"Hindi, Film",Avinash Vyas,Bharat Vyas,H.M.V.,0
7b455e0e-4483-5185-8521-570428ea3c5f,Ek Hi Rasta,1956,"Hindi, Film",Hemant Kumar,Majrooh Sultanpuri,H.M.V.,4.0
f9e247d7-f6d8-5072-9cdc-7a7265044fff,Fifty Fifty,1956,"Hindi, Film",Madan Mohan,Rajendra Krishan,H.M.V.,0
e34e99a4-28a7-5c02-aead-547399feb3e2,Fighting Queen,1956,"Hindi, Film",Nisar,Saba Afghani,H.M.V.,0
22b37c26-a5f5-5773-b7fe-ec47936dd0ce,Funtoosh,1956,"Hindi, Film",S.D. Burman,Sahir Ludhianvi,H.M.V.,4.33
1f915f9c-d27e-5ab1-9a26-1d37c28c7ef9,Gauri Pooja,1956,"Hindi, Film",Manna Dey,Gopal Singh Nepali,H.M.V.,3.0
6d0cb695-ccb8-5d93-a760-4da86471f1e1,Gul-E-Bakavali,1956,"Hindi, Film",Gyan Dutt,"Indeevar, Pyarelal Santoshi",H.M.V.,0
c50f4277-683f-5b65-a084-9dc2fd55ae09,Gulam Begum Badshah,1956,"Hindi, Film",Sudipt,"Shauqat Pardesi, Indeevar, Shyam Hindi, Roopbani",H.M.V.,0
f039b54b-2b4b-50c5-b810-7c0a6f224aab,Guru Ghantal,1956,"Hindi, Film",Lachhiram Tamar,"Sarshar Sailani, Pt. Gafil, Uddhav Kumar, Khawar Zaman",H.M.V.,0
93febd12-b136-5d92-a5ed-ba71ae5e063d,Halaku,1956,"Hindi, Film",Shankar - Jaikishan,"Shailendra, Hasrat Jaipuri",H.M.V.,3.5
365dd529-febe-5fcb-963b-27dd82c0b78b,Hamara Watan,1956,"Hindi, Film",Hemant Kumar,"S.H. Bihari, Raja Mehdi Ali Khan, Ravi",H.M.V.,3.0
39c8b522-3c69-59cd-b254-c9205b5533c9,Hari Har Bhakti,1956,"Hindi, Film",K. Datta,"Chandmal Agarwal, S.P. Kalla, Chandrakant Odak",H.M.V.,0
388449ad-e7ca-5e02-8251-ec10a18a7d97,Hatim Tai,1956,"Hindi, Film",S.N. Tripathi,"Raja Mehdi Ali Khan, B.D. Mishra, Chand Pandit, Akhtar Romani",H.M.V.,0
0cbd0f03-b70d-5343-ade6-5a2dacc18e2c,Heer,1956,"Hindi, Film",Anil Biswas,"Majrooh Sultanpuri, Rajendra Krishan",H.M.V.,3.0
657fd1ff-2061-50e9-83ad-f4ec2f5ed05c,Hotel,1956,"Hindi, Film","Shankar Dasgupta, Suresh - Talwar","Manmohan Sabir, Khawar Zaman",H.M.V.,3.0
619ba7c5-3a1b-5968-a692-415234890396,Hum Sab Chor Hain,1956,"Hindi, Film",O.P. Nayyar,Majrooh Sultanpuri,H.M.V.,3.0
f6a4044b-f671-50d2-9624-da43534fefdc,Husn Banu,1956,"Hindi, Film",Ramlal Heerapanna,"Sartaj, Pyarelal Santoshi, Sahir Chandpuri",H.M.V.,0
2fdeebe4-58f5-50f7-a1a2-78ce2431f597,Indar Sabha,1956,"Hindi, Film",A.R. Qureshi,"Shewan Rizvi, Raja Mehdi Ali Khan",H.M.V.,0
a1350448-d912-5ef3-8f99-7c9864d9d525,Indra Leela,1956,"Hindi, Film",Ajit Merchant,Saraswati Kumar Deepak,Music Master - Bulbul Red Records,2.33
72db92a4-df32-5660-870a-8a31c83fca1e,Inqilab,1956,"Hindi, Film",Hansraj Behl,Raja Mehdi Ali Khan,H.M.V.,0
90c0f218-c021-50ec-94c8-09f2ff81c00d,Insaaf,1956,"Hindi, Film",Chitragupt,"Anjum Jaipuri, Asad Bhopali, Hasrat Jaipuri",H.M.V.,2.5
29e66237-7d4c-54a4-9221-1d10d0fac7c3,Inspector,1956,"Hindi, Film",Hemant Kumar,S.H. Bihari,H.M.V.,3.0
5a059c4f-4caf-59ad-92d1-4e619ebd5f7e,Jagte Raho,1956,"Hindi, Film",Salil Chowdhury,"Prem Dhawan, Shailendra",H.M.V.,4.0
6becc745-3edb-5bc9-8602-0a71a20ccba9,Jaldeep,1956,"Hindi, Film",Snehal Bhatkar,"Himmat Rai Sharma, Kedar Sharma, Kaif Irfani",H.M.V.,0
51651af1-3546-51ae-ad00-7001cf016990,Jallad,1956,"Hindi, Film","Nashad, Chitragupta","Sartaj, Khumar Barabankvi, Shewan Rizvi, Jan Nisar Akhtar, Shyam Hindi",H.M.V.,0
2deae5c5-d3dd-5f05-bbe1-e83430d4044f,Jayshri,1956,"Hindi, Film",Chitragupt,"Gopal Singh Nepali, Anjum Jaipuri",H.M.V.,0
d51a034e-79e8-59a8-ac18-bf935342d990,Jungle Queen,1956,"Hindi, Film",Nisar Bazmi,Preetam Dehlvi,H.M.V.,0
6af4d874-abf3-542d-9b30-62b256f0611a,Kala Chor,1956,"Hindi, Film",Sardul Kwatra,"Prem Dhawan, Verma Malik",H.M.V.,0
83c16e00-0d37-5ab8-9d60-bbc68d6ea1ec,Kar Bhala,1956,"Hindi, Film","Nisar Bazmi, Chic Chocolate",Majrooh Sultanpuri,H.M.V.,0
1a01d10b-7491-555a-affa-1302fe6778ec,Karwan,1956,"Hindi, Film",S. Mohinder,"Tanveer Naqvi, Sarshar Sailani, Pandit Bhushan",H.M.V.,0
5a9fea20-1a24-5c92-8c76-cfa043f9fb8c,Khul Ja Sim Sim,1956,"Hindi, Film",Hansraj Behl,Asad Bhopali,H.M.V.,0
4c62aa5b-3ca6-56e8-96f2-ee86cd2256e4,Kismet,1956,"Hindi, Film",Chitragupt,Indeevar,H.M.V.,0
68aa7fe7-13bb-598d-a1d7-d2e452a260ce,Kismet Ka Khel,1956,"Hindi, Film",Shankar - Jaikishan,"Hasrat Jaipuri, Shailendra",H.M.V.,3.0
45384d49-bf1a-571a-9d29-b20e88a2a596,Kya Baat Hai,1956,"Hindi, Film",Husnlal - Bhagatram,Qamar Jalalabadi,H.M.V.,0
a6f184ec-c77b-555b-9575-6a039a77c22d,Lal-E-Yaman,1956,"Hindi, Film",A.R. Qureshi,"Kaifi Azmi, Khumar Barabankvi, Kaif Irfani",H.M.V.,0
d6a5ce62-7967-5e2d-bcc1-d9ebdf573e60,Lalkar,1956,"Hindi, Film",Sanmukh Babu,"Kavi Pradeep, Bharat Vyas, Pandit Madhur",H.M.V.,0
08ef4bad-cda6-5214-ae6d-bc2912b8455c,Lalten,1956,"Hindi, Film",Hemant Kumar,"Kaif Irfani, Indeevar, Shewan Rizvi",H.M.V.,0
9f2ef67f-4c5b-53b8-9000-02f85d013208,Makkhee Choos,1956,"Hindi, Film",Vinod,"D.N. Madhok, Pyarelal Santoshi, Pandit Indra",H.M.V.,0
27055afa-4b8d-592e-957f-45483c01a77d,Malika,1956,"Hindi, Film",Hansraj Behl,"Tanveer Naqvi, Asad Bhopali, Verma Malik",H.M.V.,0
ee9020e4-b11b-5db9-b801-b3b9174c9cdb,Mem Sahib,1956,"Hindi, Film",Madan Mohan,Rajendra Krishan,H.M.V.,3.0
9e6d6e94-a5d2-571f-b1d7-3c886f6fe6cf,Mr. Chakram,1956,"Hindi, Film",Husnlal - Bhagatram,J. Nakhshab,H.M.V.,3.0
f056a2c3-aad7-5bfb-bfbf-7319d8347d70,Mr. Lambu,1956,"Hindi, Film",O.P. Nayyar,"Harsh, Jan Nisar Akhtar, Majrooh Sultanpuri",H.M.V.,3.0
3726b438-e4e3-5b08-bf6f-7c5aa6ea608f,Naqab Posh,1956,"Hindi, Film","Dhumi Khan, Ram Lal","Raja Mehdi Ali Khan, Munir Arzoo Kazmi, Hasrat Jaipuri, Maeel Lakhnavi",H.M.V.,0
e802ca0b-6925-5a27-854d-924bc57c6de9,Naya Aadmi,1956,"Hindi, Film","Madan Mohan, M.S. Viswanathan - T.K. Ramamoorthy",Rajendra Krishan,H.M.V.,2.5
441356fd-6ccf-51bd-bbfc-49ecef6f641a,Naya Andaz,1956,"Hindi, Film",O.P. Nayyar,Jan Nisar Akhtar,H.M.V.,3.33
0138d1ac-a605-58c1-9426-1805518b6e4e,New Delhi (Nai Dilli),1956,"Hindi, Film",Shankar - Jaikishan,"Shailendra, Hasrat Jaipuri",H.M.V.,3.0
9e39e8fa-1e9f-5dee-b1a2-432d1ff71f40,Noor-E-Yaman (Hatim Tai Ka Beta),1956,"Hindi, Film",Bulo C. Rani,"Sartaj Rahmani, Akhtar Romani, Raja Mehdi Ali Khan, Shewan Rizvi",H.M.V.,0
f5db8673-5c31-5850-9783-721e4243b44e,Paisa Hi Paisa,1956,"Hindi, Film",Anil Biswas,Majrooh Sultanpuri,H.M.V.,3.33
ba8e455e-f9cf-569d-8c05-0365f295c11d,Panna,1956,"Hindi, Film",S.N. Tripathi,B.D. Mishra,H.M.V.,0
1b737102-eddd-5611-9998-b380d278e125,Parivar,1956,"Hindi, Film",Salil Chowdhury,Shailendra,H.M.V.,4.5
26b6913b-6270-53e0-aac9-faeb6e9b4499,Passing Show,1956,"Hindi, Film",Manohar,Prem Dhawan,H.M.V.,0
c24d583f-7d69-5833-9b99-02ae4d11b2d2,Patrani,1956,"Hindi, Film",Shankar - Jaikishan,"Shailendra, Hasrat Jaipuri",H.M.V.,0
0946e28b-9fd3-59da-ac17-aca49579d2c1,Pocket Maar,1956,"Hindi, Film",Madan Mohan,Rajendra Krishan,H.M.V.,3.0
9b6c1d4c-9dce-56dc-8585-757aa79006f8,Raj Hath,1956,"Hindi, Film",Shankar - Jaikishan,"Shailendra, Hasrat Jaipuri",H.M.V.,3.0
7484b76c-1331-5908-92c3-57845e4519cd,Rajdhani,1956,"Hindi, Film",Hansraj Behl,"Qamar Jalalabadi, Asad Bhopali",H.M.V.,3.5
e1021190-78d9-5f08-9310-07d7d0a07283,Rajrani Meera,1956,"Hindi, Film",S.N. Tripathi,"B.D. Mishra, Meera Bai",H.M.V.,0
6fc5bd7a-d4d6-5b48-a732-8f369877407c,Ram Navami,1956,"Hindi, Film",Bulo C. Rani,Kavi Pradeep,H.M.V.,0
95fa0dfc-c905-598e-b8dc-5d2c763c7c74,Rangeen Raten,1956,"Hindi, Film",Roshan,Kidar Sharma,H.M.V.,0
10fbbfa8-75c9-5f58-93c1-498c99afa1b5,Rupkumari,1956,"Hindi, Film",S.N. Tripathi,B.D. Mishra,H.M.V.,3.0
ae4caa47-a04f-5393-bdb6-36c20618bd86,Sailaab,1956,"Hindi, Film",Mukul Roy,"Shailendra, Hasrat Jaipuri, Majrooh Sultanpuri, Madhukar Rajasthani",H.M.V.,3.67
29a3a43c-504f-5722-ab62-4bf6f86e1c8d,Sajni,1956,"Hindi, Film",Sudhir Phadke,"Narendra Sharma, J. Nakhshab",H.M.V.,0
15777a4d-abda-57e8-b3bf-edeabd8387ad,Samundari Daku,1956,"Hindi, Film",Jaidev,Vishwamitra Adil,H.M.V.,3.0
761e824f-4d8a-5bde-aad0-376751d5d12d,Sati Ansuya,1956,"Hindi, Film",Shivram,Bharat Vyas,H.M.V.,0
119bd154-d444-5ce3-aa8c-0f11c71ceb07,Sati Naag Kanya,1956,"Hindi, Film",S.N. Tripathi,"Gopal Singh Nepali, Saraswati Kumar Deepak, B.D. Mishra",H.M.V.,0
edc1a53f-1e39-5979-862d-04e2982023ec,Satranj,1956,"Hindi, Film",C. Ramchandra,Rajendra Krishan,H.M.V.,3.0
c3858e5e-ab4f-5778-aa87-c4c44d72170a,Sheikh Chilli,1956,"Hindi, Film",Vinod,Pandit Indra,H.M.V.,0
126387ab-4d8d-5c67-a2ca-8bfd757f2708,Shirin Farhad,1956,"Hindi, Film",S. Mohinder,"Tanveer Naqvi, Saba Afghani",H.M.V.,3.0
6ac352bc-2061-5e56-b214-c5b3a82e2a01,Shrimati 420,1956,"Hindi, Film",O.P. Nayyar,"Jan Nisar Akhtar, Majrooh Sultanpuri",H.M.V.,4.0
56563e5a-d3b3-5a41-a813-53950935f06d,Sipah Salar,1956,"Hindi, Film",Iqbal,Farooq Qaiser,H.M.V.,0
4f81b4e3-2d51-5062-a2df-423f10dc4708,Sudarshan Chakra,1956,"Hindi, Film",Avinash Vyas,Gopal Singh Nepali,H.M.V.,0
fcc4af4b-3e04-5ceb-ae0d-06c359e8884b,Sultan-E-Alam,1956,"Hindi, Film",S. Mohinder,"Shyam Lal - I, Tanveer Naqvi, Butaram Sharma",H.M.V.,3.0
5b8982e9-ab07-5c77-b4b7-cdf70a103c11,Sultana Daku,1956,"Hindi, Film",Bipin - Babul,"Anjum Jaipuri, Tanveer Naqvi, Shewan Rizvi, Kaifi Azmi",H.M.V.,0
f0327d12-c4fe-5f4a-9530-a8a6eab29cdd,Taj,1956,"Hindi, Film",Hemant Kumar,Rajendra Krishan,H.M.V.,3.33
94ed7e5a-dbff-57c1-bbbd-d9ab58697e5c,Taj Aur Talwar,1956,"Hindi, Film",Sudipt,"Ismail Azad Qawwal, K. Razdan, Satya Rai, Uddhav Kumar, Indeevar, Shyam Hindi",H.M.V.,0
3d410d8c-dcea-5ad7-b6ed-45cc8a3ae230,Taksaal,1956,"Hindi, Film",Roshan,Prem Dhawan,Music Master - Bulbul Red Records,3.0
319ffede-1c8c-5bc2-8827-a3152cc76aeb,Talwar Ka Dhani,1956,"Hindi, Film",Chitragupt,"Gopal Singh Nepali, Anjum Jaipuri",H.M.V.,0
5eb50f02-96cd-57f6-8355-fff91784d7d0,Tankha,1956,"Hindi, Film",Bhola Shreshtha,"Anjaan, Shewan Rizvi",H.M.V.,0
325a75c5-0d8a-55f5-9798-ff17cff94a08,Toofan Aur Deeya,1956,"Hindi, Film",Vasant Desai,"Bharat Vyas, Hasrat Jaipuri, Meera Bai",H.M.V.,3.0
2ad60475-1f66-557a-9f32-b184b5f8ce69,Yahudi Ki Beti,1956,"Hindi, Film",Kamal Mitra,"Shyamlal Shams, Kaifi Azmi",H.M.V.,0
2d5e4b62-ab7c-5f0e-960c-a2293e3eb888,Zarina,1956,"Hindi, Film",Nisar Bazmi,Anjum Jaipuri,H.M.V.,0
ab8cc892-4bf5-5d2e-bf86-4690a41a5575,Zindagi,1956,"Hindi, Film",Mohammed Shafi,"Kaifi Azmi, Raja Mehdi Ali Khan",H.M.V.,0
72bba257-1a92-5143-85e8-3d4abdb38a6f,Zindagi Ke Mele,1956,"Hindi, Film",Chitragupt,"Shewan Rizvi, Manohar Khanna, Tanveer Naqvi, Meera Bai",H.M.V.,0
68eb6f23-937f-5adc-8ba3-92f7a57314a7,Aadmi,1957,"Hindi, Film",Ramnath,Sartaj,H.M.V.,0
94536a3e-7e0c-5f38-a53b-7a22e9d1f900,Aasha,1957,"Hindi, Film",C. Ramchandra,Rajendra Krishan,H.M.V.,3.5
5d7acce0-bae0-569e-ba5f-cb120eecbbce,Ab Dilli Dur Nahin,1957,"Hindi, Film",Dattaram Wadkar,"Hasrat Jaipuri, Shailendra",H.M.V.,4.33
ff9b7384-ec72-5cc9-ab29-6dddeec0256f,Abhiman,1957,"Hindi, Film",Anil Biswas,"Indeevar, Pandit Madhur, Saraswati Kumar Deepak",H.M.V.,0
a713ecf6-36a0-578e-aba5-1bc1c2cb73d3,Adhi Roti,1957,"Hindi, Film",Avinash Vyas,Bharat Vyas,H.M.V.,0
691a0da4-32cb-5058-b9e3-13697128dd7d,Agra Road,1957,"Hindi, Film",Roshan,"Prem Dhawan, Bharat Vyas",H.M.V.,0
cc7ece91-c5d9-5ad9-aeec-d748a34e0ef1,Alladin Leila,1957,"Hindi, Film",A.R. Qureshi,"Asad Bhopali, Kaif Irfani",H.M.V.,0
347cb10b-ea4d-5d5d-9e1b-9aa3693591e5,Amarsingh Rathaur,1957,"Hindi, Film",Sanmukh Babu,Bharat Vyas,National Records,0
ca687cff-e064-514a-a6ac-5ae97dc05dca,Anjali,1957,"Hindi, Film",Jaidev,Nyay Sharma,H.M.V.,3.0
41dfd176-868b-5b77-a0f5-4e46e8612e27,Apradhi Kaun,1957,"Hindi, Film",Salil Chowdhury,Majrooh Sultanpuri,H.M.V.,0
dfa2a97b-239b-54a4-b977-29462069a639,Baarish,1957,"Hindi, Film",C. Ramchandra,Rajendra Krishan,H.M.V.,3.0
91facc02-25c7-5f1a-9d90-e16cccbed551,Bada Bhai,1957,"Hindi, Film",Nashad,"Ehsan Rizvi, Prem Saxena, Raja Mehdi Ali Khan",H.M.V.,0
fc56e58d-a6b3-593c-be4b-67211176746f,Bade Sarkar,1957,"Hindi, Film",O.P. Nayyar,Sahir Ludhianvi,H.M.V.,0
5a2e51ef-72a0-5150-a86f-de86947f71b7,Bandi,1957,"Hindi, Film",Hemant Kumar,"Rajendra Krishan, Ravi, Prem Dhawan",H.M.V.,0
6f58420a-929f-5c16-a18e-4950c7987b41,Bansri Bala,1957,"Hindi, Film",Kamal Mitra,"Pandit Phani, Saraswati Kumar Deepak",H.M.V.,0
9cb9b2e3-25c1-5cb9-9d00-ee74cd7bdeb7,Begunah,1957,"Hindi, Film",Shankar - Jaikishan,"Hasrat Jaipuri, Shailendra",H.M.V.,0
b4e6f2a0-0189-57c2-a12f-442fcc633dc4,Bhabhi,1957,"Hindi, Film",Chitragupt,Rajendra Krishan,H.M.V.,4.5
8a5c27d6-eb1d-55c4-9601-b0aa1dab65e8,Bhakt Dhruv,1957,"Hindi, Film","Basant Prakash, Avinash Vyas",Pandit Madhur,H.M.V.,0
5e954f4a-5379-5762-aa4d-79619e405332,Captain Kishore,1957,"Hindi, Film",Chitragupt,"Tanveer Naqvi, Raja Mehdi Ali Khan, Khumar Barabankvi",H.M.V.,0
0a48763c-7cf5-5274-bc05-52f5d9763738,Chamak Chandni,1957,"Hindi, Film",Sardar Malik,Qamar Jalalabadi,H.M.V.,0
33e207b7-b168-50e9-82ad-1602e83e5255,Champakali,1957,"Hindi, Film",Hemant Kumar,Rajendra Krishan,H.M.V.,3.5
fafa58df-82f8-5c20-a588-41463c99532e,Chandi Pooja,1957,"Hindi, Film",Ajit Merchant,Kavi Pradeep,H.M.V.,0
bedd0a32-8a34-5141-9b9f-e7b4992f498c,Changez Khan,1957,"Hindi, Film",Hansraj Behl,"Qamar Jalalabadi, Verma Malik, Saraswati Kumar Deepak",H.M.V.,0
819ee906-b0b7-521b-817a-db082163d0ab,Chhote Babu,1957,"Hindi, Film",Madan Mohan,"Indeevar, Pyarelal Santoshi, Kaif Irfani, Chandra Shekhar Pandey",H.M.V.,3.0
b6bab444-a379-5566-909b-cb77eeffc5aa,Coffee House,1957,"Hindi, Film",Roshan,"Prem Dhawan, Shailendra, Hasrat Jaipuri",H.M.V.,0
1e31420d-7fb7-52c1-b18f-a51fcf0cd3ad,Dekh Kabira Roya,1957,"Hindi, Film",Madan Mohan,Rajendra Krishan,H.M.V.,3.33
b80f55fc-398c-519f-ae97-b5c3f5f6aade,Do Ankhen Barah Haath,1957,"Hindi, Film",Vasant Desai,Bharat Vyas,H.M.V.,4.33
86215527-5fcb-58e0-9bac-9481c1ddfcfc,Do Roti,1957,"Hindi, Film",Roshan,Khumar Barabankvi,H.M.V.,0
7b094858-9b97-56ee-8fc8-4ac1aadad888,Duniya Rang Rangeeli,1957,"Hindi, Film",O.P. Nayyar,Jan Nisar Akhtar,H.M.V.,0
68f5fbb6-441c-5793-9b97-082b82152e72,Dushman,1957,"Hindi, Film",Husnlal - Bhagatram,"Prem Dhawan, Tanveer Naqvi, Pyarelal Santoshi",H.M.V.,0
692bbe86-5cdd-5be3-a864-4248e3827fdc,Ek Gaon Ki Kahani,1957,"Hindi, Film",Salil Chowdhury,Shailendra,H.M.V.,2.5
855967d6-c768-5331-9079-751fb38cdfeb,Ek Jhalak,1957,"Hindi, Film",Hemant Kumar,S.H. Bihari,H.M.V.,3.67
85f1c6aa-de7d-5fb4-aef3-5cd49050d24b,Ek Saal,1957,"Hindi, Film",Ravi,"Prem Dhawan, Ravi",H.M.V.,3.0
867a78d4-75a5-5007-9442-b66adc01637c,Fashion,1957,"Hindi, Film",Hemant Kumar,Bharat Vyas,H.M.V.,3.5
453aadaf-5a19-511c-876c-7e095435ecc2,Garma Garam,1957,"Hindi, Film",Vinod,"Pyarelal Santoshi, D.N. Madhok, Raja Mehdi Ali Khan",H.M.V.,0
ed3c6473-465a-5ad4-bd85-c522d2dbec6b,Gateway Of India,1957,"Hindi, Film",Madan Mohan,Rajendra Krishan,H.M.V.,3.5
e0c2c0ca-0be5-546d-aa44-2206d7fe659f,Hill Station,1957,"Hindi, Film",Hemant Kumar,S.H. Bihari,H.M.V.,3.5
debde311-521e-506e-8c0e-d3966872e018,Hum Panchhi Ek Daal Ke,1957,"Hindi, Film",Datta Naik,Pyarelal Santoshi,H.M.V.,0
a4827266-d1f8-57f8-a52f-e345885d233b,Jahazi Lootera,1957,"Hindi, Film",Bulo C. Rani,"Saba Afghani, Sartaj",H.M.V.,0
a6adf4c5-a83b-59ce-bf99-44c5d27214a9,Jai Ambe,1957,"Hindi, Film",Shivram,Bharat Vyas,H.M.V.,0
1e085110-88fa-5506-9ac0-5beb12e3b478,Jalti Nishani,1957,"Hindi, Film",Anil Biswas,Qamar Jalalabadi,H.M.V.,3.33
a3bad2cc-b988-5c08-adcf-8e7a97bf4394,Janam Janam Ke Phere (Sati Anapurna),1957,"Hindi, Film",S.N. Tripathi,Bharat Vyas,H.M.V.,0
c6493777-bdc7-5879-ab5a-f4b1b330d86f,Jasoos,1957,"Hindi, Film",Anil Biswas,"Anand Bakshi, Saraswati Kumar Deepak, Indeevar, Kaif Irfani",H.M.V.,0
b2cade4d-affc-512a-ace2-b9c90183e7d4,Jeevan Sathi,1957,"Hindi, Film",Bulo C. Rani,"Kumud Tripathi, Indeevar, Pandit Priyadarshi, Pandit Chandrashekhar, D.N. Madhok",H.M.V.,0
566e839a-72b2-5d40-abf4-7f85ca95a919,Johnny Walker,1957,"Hindi, Film",O.P. Nayyar,Hasrat Jaipuri,H.M.V.,2.5
a33aee6e-a66a-5769-b6dd-67ee96e282b4,Kathputli,1957,"Hindi, Film",Shankar - Jaikishan,"Shailendra, Hasrat Jaipuri",H.M.V.,4.0
b3542e8a-bdf1-5d5d-a78b-365468b51e7b,Khuda Ka Banda,1957,"Hindi, Film",S.N. Tripathi,Shewan Rizvi,H.M.V.,3.0
c7cbdf3c-99f9-59cd-953f-37bc024a1c05,Kitna Badal Gaya Insan,1957,"Hindi, Film",Hemant Kumar,S.H. Bihari,H.M.V.,0
5c8e6e4b-baa1-5fe8-99a2-cc2fe87764b2,Krishna Sudama,1957,"Hindi, Film",Husnlal - Bhagatram,"Qamar Jalalabadi, Pandit Radheshyam, Ramesh Gupta",H.M.V.,0
cfd6d824-f986-53fa-8730-5685432244b3,Lal Batti,1957,"Hindi, Film",Salil Chowdhury,Majrooh Sultanpuri,H.M.V.,0
db668d0f-9ee8-5299-8be0-eb045276edc5,Laxmi,1957,"Hindi, Film",Avinash Vyas,Qamar Jalalabadi,H.M.V.,0
28f43d99-5324-501a-b835-10550232c7c9,Laxmi Pooja,1957,"Hindi, Film",Chitragupt,Bharat Vyas,H.M.V.,0
696411a2-7a56-55dc-a6d7-c281715c04d8,Mai Baap,1957,"Hindi, Film",O.P. Nayyar,"Anjaan, Kapur, Jan Nisar Akhtar, Qamar Jalalabadi",H.M.V.,0
c3d57439-21d9-5044-859c-4bb374c30918,Maya Nagri,1957,"Hindi, Film",B.N. Bali,"Bekas Muradabadi, Khalish Lakhnavi, Naqsh Lyallpuri, Dukhi Amritsari, Anjaan",H.M.V.,0
ecf36aa7-17e3-56e0-9d2b-b5efc1a7ae78,Mehfil,1957,"Hindi, Film",Nashad,"Kabir, Khumar Barabankvi",H.M.V.,0
4ed7f93a-0bc2-5b0c-b93f-b153c746573b,Mera Salam,1957,"Hindi, Film",Hafeez Khan,Shewan Rizvi,H.M.V.,0
a425db52-2ecd-53f1-9ec2-9adf3b701db7,Mirza Sahiban,1957,"Hindi, Film",Sardul Kwatra,"Verma Malik, Prem Dhawan, Manohar Singh Sehrai",H.M.V.,3.5
a47b4b81-a6dc-5cc1-bfbc-42ff0b79cbde,Miss Bombay,1957,"Hindi, Film",Hansraj Behl,"Asad Bhopali, Prem Dhawan, Qamar Jalalabadi",H.M.V.,3.0
0036fe01-7d4b-5913-8125-df8093c7a46a,Miss India,1957,"Hindi, Film",S.D. Burman,Rajendra Krishan,H.M.V.,0
1e5b7f47-7666-5b34-99f1-cf75399992c4,Miss Mary,1957,"Hindi, Film",Hemant Kumar,Rajendra Krishan,H.M.V.,3.67
dfccb1e2-43de-5033-80e9-b31058746b86,Mohini,1957,"Hindi, Film",Datta Naik,"Raja Mehdi Ali Khan, Hasrat Jaipuri",H.M.V.,0
210b6a02-b078-53f1-8578-469b75553313,Mother India,1957,"Hindi, Film",Naushad,Shakeel Badayuni,H.M.V.,3.0
5dc999d7-6f2f-5813-9fdc-4ab5fb449c25,Mr. X,1957,"Hindi, Film",Datta Naik,"Tanveer Naqvi, Majrooh Sultanpuri, Hasrat Jaipuri, Bharat Vyas",H.M.V.,3.67
d07f2322-bd7a-5da1-82d4-792996017777,Mumtaz Mahal,1957,"Hindi, Film",Vinod,"Hasrat Jaipuri, Kaif Irfani, Pandit Priyadarshi",H.M.V.,0
718030dc-a2cb-5ce0-af99-8d63174ef266,Musafir,1957,"Hindi, Film",Salil Chowdhury,Shailendra,H.M.V.,3.5
d7224419-17dd-5cdf-80ed-1c598c1ffbe9,Naag Mani,1957,"Hindi, Film",Avinash Vyas,Kavi Pradeep,H.M.V.,3.0
85a2c073-4efd-5969-b534-336e12cf0184,Naag Padmani (Naag Padmini),1957,"Hindi, Film",Sanmukh Babu,Prem Dhawan,H.M.V.,0
0aa4fa8f-e472-57c5-8933-572999f3a580,Nag Lok,1957,"Hindi, Film",Ramlal Heerapanna,"Bharat Vyas, Pyarelal Santoshi, Saraswati Kumar Deepak, Indeevar, Gopal Singh Nepali",H.M.V.,0
7a16760e-9ca4-5503-9085-fc0282cd6bb1,Narsi Bhagat,1957,"Hindi, Film",Ravi,"Gopal Singh Nepali, Narsinh Mehta",H.M.V.,0
a4b2f47e-7b59-5b26-9ad0-e2cb736fb05f,Nau Do Gyarah,1957,"Hindi, Film",S.D. Burman,Majrooh Sultanpuri,H.M.V.,4.92
4b520278-7b99-5e03-9597-171adb3e9819,Nausherwan-E-Adil (Farz Aur Mohabbat),1957,"Hindi, Film",C. Ramchandra,Parvez Shamsi,H.M.V.,3.0
47cfed95-c91d-57e7-88f3-0f9b7a78979a,Naya Daur,1957,"Hindi, Film",O.P. Nayyar,Sahir Ludhianvi,H.M.V.,3.8
ba3366a8-247d-5bef-855e-90b5a43c91b7,Naya Zamana,1957,"Hindi, Film",Kanu Ghosh,"Prem Dhawan, Bharat Vyas",H.M.V.,3.0
10c11ba4-9029-51ee-99f8-3fe51d2cb0c0,Neelmani,1957,"Hindi, Film",Chitragupt,"Gopal Singh Nepali, Bharat Vyas",H.M.V.,0
ce34d4ea-502e-5042-9bc7-72e817697cfd,Neelofer,1957,"Hindi, Film","Avinash Vyas, Basant Prakash","Pandit Madhur, Hasrat Jaipuri",H.M.V.,0
a98a2f03-2ef2-5668-ba93-ec4ff70e0ee3,Paisa,1957,"Hindi, Film",Ram Ganguly,"Surdas, Nazir Akbarabadi, Lalchand Bismil, Traditional",H.M.V.,0
6a1ad0f4-901c-5660-9de9-281771bcd1c4,Pak Daman,1957,"Hindi, Film",Ghulam Mohammed,Shakeel Badayuni,H.M.V.,0
020a41b9-a061-5891-a155-2e5581ca8a90,Pardesi,1957,"Hindi, Film",Anil Biswas,"Prem Dhawan, Ali Sardar Jafri",H.M.V.,3.0
fce72c1b-6a75-5675-b473-ba9879ca880a,Paristan (Gul Bakavali),1957,"Hindi, Film",S.N. Tripathi,Raja Mehdi Ali Khan,H.M.V.,0
acd9073d-5999-5596-980d-7139a05ab559,Parveen,1957,"Hindi, Film",A.R. Qureshi,"Raja Mehdi Ali Khan, Shaukat Jafri, Shewan Rizvi",H.M.V.,0
e015f18a-de8a-5f2a-bdac-fd9916676a72,Patal Pari,1957,"Hindi, Film",S. Mohinder,"Rajinder Rajvanshi, S.P. Bakshi, Tanveer Naqvi, Sarshar Sailani",H.M.V.,0
04ffc221-cf0c-5fe1-8feb-5fdecece4939,Pavan Putra Hanuman,1957,"Hindi, Film",Chitragupt,"Saraswati Kumar Deepak, Gopal Singh Nepali",H.M.V.,0
fe59a7ce-09e8-5dee-8722-3f59a326f6e4,Payal,1957,"Hindi, Film",Hemant Kumar,Rajendra Krishan,H.M.V.,3.33
7fe08ef1-5fcb-518f-bea8-17e5d7739418,Paying Guest,1957,"Hindi, Film",S.D. Burman,Majrooh Sultanpuri,H.M.V.,5.0
c954d4ed-11d2-52d3-bd38-75da19169f96,Pyaasa,1957,"Hindi, Film",S.D. Burman,Sahir Ludhianvi,H.M.V.,5.0
5bca3914-1138-56c3-a935-4e50010ea204,Qaidi,1957,"Hindi, Film",O.P. Nayyar,Jan Nisar Akhtar,H.M.V.,0
6745914d-7ca4-5aac-afb3-3605560658af,Raja Vikram,1957,"Hindi, Film",B.N. Bali,Bharat Vyas,H.M.V.,0
8d5138fe-7f3d-5453-a25b-ba7818064861,Ram Hanuman Yuddh,1957,"Hindi, Film",S.N. Tripathi,"Shailendra, Ramesh Chandra Pandey",H.M.V.,0
07d457df-ebfe-5457-852b-7d636b5e7e82,Ram Lakshman,1957,"Hindi, Film",Avinash Vyas,Bharat Vyas,H.M.V.,0
40003cec-6c92-5597-bbfb-e4d231c17061,Sakshi Gopal,1957,"Hindi, Film",Chitragupt,Bharat Vyas,H.M.V.,0
193a0257-7378-5f76-90bc-1c3d5833b498,Samunder,1957,"Hindi, Film",Madan Mohan,Rajendra Krishan,H.M.V.,3.5
62cc8c03-7fd3-5e04-9b2b-7feea1fa8966,Sant Raghu,1957,"Hindi, Film",Avinash Vyas,Bharat Vyas,H.M.V.,0
0b555b01-d426-56b5-9a79-d9d2712a332d,Sati Pariksha,1957,"Hindi, Film",Sanmukh Babu,"Saraswati Kumar Deepak, Nazmi Kanpuri",H.M.V.,0
6bdd8432-8c3b-5802-8338-adf033a4dc75,Shahi Bazar,1957,"Hindi, Film","S. Haridarshan, Dhaniram","Madan Parihar, Raja Mehdi Ali Khan, Aziz Kashmiri, Pandit Shivraj",H.M.V.,0
25e8e965-fc24-56c6-a242-a791a551657d,Shahzadi,1957,"Hindi, Film",S.D. Batish,Qamar Jalalabadi,H.M.V.,0
97ba1456-d1f2-5119-aa98-83039a0950e9,Sharada,1957,"Hindi, Film",C. Ramchandra,Rajendra Krishan,H.M.V.,2.5
63d6d157-57ce-54c0-a3ac-3f82d006657e,Sher-E-Baghdad,1957,"Hindi, Film",Jimmy,"Nisar Rangoonvi, Jimmy, Anand Bakshi",H.M.V.,0
e1505af7-4cbd-585d-92c9-d05e2b8c6c88,Sheroo,1957,"Hindi, Film",Madan Mohan,Kaif Irfani,H.M.V.,0
382d74b2-2522-524b-a953-b48da5c68375,Sheshnaag,1957,"Hindi, Film",Avinash Vyas,Bharat Vyas,H.M.V.,0
052c8a70-80c7-5fc6-9725-ca8cb9313f0e,Shyam Ki Jogan,1957,"Hindi, Film",Narayan,S.P. Kalla,H.M.V.,0
44828f8c-2867-5371-9cc7-c2f99dabc4dc,Tajposhi,1957,"Hindi, Film",Bipin - Babul,"Pyarelal Santoshi, Anjum Jaipuri, Tanveer Naqvi",H.M.V.,0
53c7161e-b390-5d4f-bf4f-c764799ed9dd,Talaash,1957,"Hindi, Film",C. Ramchandra,Rajendra Krishan,H.M.V.,3.0
2a9bf13a-b83d-5a9e-a12e-1b5735fc4ae1,Tumsa Nahin Dekha,1957,"Hindi, Film",O.P. Nayyar,"Majrooh Sultanpuri, Sahir Ludhianvi",H.M.V.,4.5
fa065f97-1fab-5da1-8ae2-7fd699bb0cf9,Ustad,1957,"Hindi, Film",O.P. Nayyar,Jan Nisar Akhtar,H.M.V.,0
61f8c927-60a7-5d54-83db-2fefc8f50078,Yahoodi Ki Ladki,1957,"Hindi, Film",Hemant Kumar,S.H. Bihari,H.M.V.,0
d18518db-b18b-56ee-8661-b9eb98a8181e,Zamana,1957,"Hindi, Film","Salil Chowdhury, Anil Biswas","Prem Dhawan, Indeevar, Qamar Jalalabadi",H.M.V.,0
9457d6a2-31f2-585d-9f15-f3dd4e8d3752,12 O' Clock,1958,"Hindi, Film",O.P. Nayyar,"Sahir Ludhianvi, Majrooh Sultanpuri",H.M.V.,3.5
353da080-201d-5fcd-9022-3e601d82141e,24 Ghante (Chaubees Ghante),1958,"Hindi, Film",Bipin - Babul,Raja Mehdi Ali Khan,H.M.V.,3.67
9a4333b1-d50e-53a1-8c4a-bafb446b3b82,Aakashpari,1958,"Hindi, Film",Inayat Ali,Anjum Pilibhiti,H.M.V.,0
cb38a111-47e8-59ff-95fd-ccae526a0a52,Aakhri Dao,1958,"Hindi, Film",Madan Mohan,Majrooh Sultanpuri,H.M.V.,3.5
0bfd4fb2-d7c3-5061-8022-264c3c1b8e65,Adalat,1958,"Hindi, Film",Madan Mohan,Rajinder Krishan,H.M.V.,3.5
ee27afdc-397c-5325-babc-88fe47a3965d,Aji Bas Shukriya,1958,"Hindi, Film",Roshan,"Farooq Qaiser, Shailendra, Prem Dhawan, Usha Khanna",H.M.V.,3.5
074aab7f-439b-5622-943c-9900b9448d2b,Al-Hilal (Judgement Of Allah),1958,"Hindi, Film",Bulo C. Rani,Shewan Rizvi,H.M.V.,0
b2b8583a-2da1-548a-bd04-a7a825478a51,Alladin Ka Chiragh,1958,"Hindi, Film",S. Rajeswara Rao,Pal Premi,H.M.V.,0
36b18867-85c7-5288-9a0b-ed604589154d,Amar Deep,1958,"Hindi, Film",C. Ramchandra,Rajendra Krishan,Columbia Records,3.0
1dc5a20c-64c6-5c75-ac9b-45315404c704,Baal Yogi Upamanyu,1958,"Hindi, Film",Chitragupt,Bharat Vyas,H.M.V.,0
ecd18042-6de8-5da7-91a1-036600e02cd7,Baghi Sipahi,1958,"Hindi, Film",Shankar - Jaikishan,"Shailendra, Hasrat Jaipuri",H.M.V.,2.5
cd0ea10c-788b-5097-85fe-f46e95c5d209,Bhala Admi,1958,"Hindi, Film",Nisar Bazmi,"Anand Bakshi, Ehsan Rizvi, Saba Afghani",H.M.V.,0
628fad76-7be5-5741-a2d6-dddddad275d7,Chal Baaz,1958,"Hindi, Film",Chitragupt,"Prem Dhawan, Anjum Jaipuri",H.M.V.,0
58353995-d333-513b-8e4e-79bf2bd88fdb,Chalti Ka Naam Gaadi,1958,"Hindi, Film",S.D. Burman,Majrooh Sultanpuri,H.M.V.,4.0
f5d19f7e-9733-50a8-bcc7-608210ab4520,Chandan,1958,"Hindi, Film",Madan Mohan,Rajendra Krishan,H.M.V.,3.33
31ec3546-350b-5748-adae-1de074af28a4,Chandu,1958,"Hindi, Film",Bipin - Babul,"Raj Baldev Raj, Raja Mehdi Ali Khan, Kaifi Azmi",Music Master - Bulbul Records,0
43a4669a-c35b-5153-8826-58d4dd7ccde6,Chetak Aur Rana Pratap,1958,"Hindi, Film",Iqbal,"Balram - III, Muzaffar Shahjahanpuri",H.M.V.,0
225670f3-4158-5083-9fbc-29e9637dfdc2,Daughter Of Sinbad (Sindbad Ki Beti),1958,"Hindi, Film",Chitragupt,"Prem Dhawan, Anjum Jaipuri",H.M.V.,0
8da6a87a-6063-55a5-b168-cf167d0d353f,Detective,1958,"Hindi, Film",Mukul Roy,Shailendra,H.M.V.,3.5
f0017f6e-832e-5257-8e2a-6777efda5286,Devar Bhaabi,1958,"Hindi, Film",Ravi,"Shailendra, Raja Mehdi Ali Khan",H.M.V.,0
c218829a-587d-549e-b716-579cd3cdd388,Dilli Ka Thug,1958,"Hindi, Film",Ravi,"Majrooh Sultanpuri, Shailendra, S.H. Bihari",H.M.V.,3.5
bdf3091e-4338-5232-b682-bb9090ca1d33,Do Mastane,1958,"Hindi, Film","Mohammed Shafi, Hemant Kumar","Anjum Jaipuri, Indeevar, S.H. Bihari, Kaif Irfani, Balkrishna Sharma Madhup",H.M.V.,0
f252ed36-a9c7-511f-8d25-369074b14e17,Do Phool,1958,"Hindi, Film",Vasant Desai,Hasrat Jaipuri,H.M.V.,3.67
86f43423-0332-5786-8cd0-0b778aca6672,Dulhan,1958,"Hindi, Film",Ravi,"Pyarelal Santoshi, S.H. Bihari",H.M.V.,0
d7f04e4f-59df-53b0-b436-f1ef5c564b75,Ek Shola,1958,"Hindi, Film",Madan Mohan,Majrooh Sultanpuri,H.M.V.,0
6ef68d04-b2bc-52ce-a4a9-8eef43b63163,Farishta,1958,"Hindi, Film",O.P. Nayyar,"Jan Nisar Akhtar, Qamar Jalalabadi",H.M.V.,0
40aa7f7f-fa3e-5a2d-bc8e-ead01e0798b5,Gaj Gauri,1958,"Hindi, Film",Sudhir Phadke,Bharat Vyas,H.M.V.,0
0ee90ec9-6653-562b-8439-8233ca952e43,Ghar Grahasthi,1958,"Hindi, Film",Sushant Bannerjee,Pandit Madhur,H.M.V.,0
5a4b4ae2-7046-580b-8517-728d32cbde7b,Ghar Sansar,1958,"Hindi, Film",Ravi,"Majrooh Sultanpuri, S.H. Bihari",H.M.V.,2.5
7e7cc949-ce9f-5e8d-ab03-ffb1bcb4508b,Gopichand,1958,"Hindi, Film",Avinash Vyas,Bharat Vyas,H.M.V.,0
2e6d81e8-c436-5b38-9406-bb044354fda1,Gouri Shankar,1958,"Hindi, Film",Shivram,"Qamar Jalalabadi, S.P. Kalla, Saraswati Kumar Deepak",H.M.V.,0
ee833ccd-cbff-530e-9058-b5c0fcc42c89,Great Show Of India,1958,"Hindi, Film",Avinash Vyas,Qamar Jalalabadi,H.M.V.,0
1c459fd9-4160-52bc-a333-c6dcd7ba91a6,Harishchandra,1958,"Hindi, Film",Sushant Bannerjee,"Madan Mohan - I, Pandit Madhur",H.M.V.,0
c90d7225-2102-5d1f-a741-f546a005c006,Hathkadi,1958,"Hindi, Film",Nashad,"Anjaan, Indeevar, Prem Saxena",H.M.V.,0
a90120e9-7d9d-5f8e-95ec-9a483b90af16,Howrah Bridge,1958,"Hindi, Film",O.P. Nayyar,"Qamar Jalalabadi, Hasrat Jaipuri",H.M.V.,4.67
04a1195c-9db1-515f-af83-aadb34ac6328,Hum Bhi Kuchh Kam Nahin,1958,"Hindi, Film",S.D. Batish,"Anand Bakshi, Kaif Irfani, Rahil Gorakhpuri, Sharki Bhopali",H.M.V.,0
47c985de-cb81-5a04-8adb-4ca1324b5533,Insaaf Kahan Hai,1958,"Hindi, Film",Robin Banerjee,"Hairat Sitapuri, Kash",H.M.V.,0
32c51d33-b321-5e4e-b18f-cf17b93eb106,Jailor,1958,"Hindi, Film",Madan Mohan,Rajendra Krishan,H.M.V.,3.0
059a13d4-d5e5-5ec3-9de3-22ae1afacc12,Jungle Princess,1958,"Hindi, Film",Bipin - Mehboob,Aziz Ghazi,H.M.V.,0
09de36c4-6285-5ac9-bab1-9c898915acb0,Kabhi Andhera Kabhi Ujala,1958,"Hindi, Film",O.P. Nayyar,"Hasrat Jaipuri, Majrooh Sultanpuri",H.M.V.,0
68d4620b-95d9-5f12-89a7-fece63eaab79,Kal Kya Hoga,1958,"Hindi, Film",Nisar,Saba Afghani,H.M.V.,0
bb07f83d-932a-54c6-ae38-65fbb8cdc569,Kala Pani,1958,"Hindi, Film",S.D. Burman,Majrooh Sultanpuri,H.M.V.,3.67
1be3116e-fb90-520f-8066-776fc55f4d07,Karigar,1958,"Hindi, Film",C. Ramchandra,"Bharat Vyas, Rajendra Krishan",H.M.V.,0
61ea2491-4306-571b-a7cf-69686cbcce3c,Khazanchi,1958,"Hindi, Film",Madan Mohan,Rajendra Krishan,H.M.V.,0
7d163246-388d-55d8-97d6-132917103865,Khota Paisa,1958,"Hindi, Film",Madan Mohan,Rajendra Krishan,H.M.V.,0
af18c4cf-45d9-593b-af4e-16f498cdbbad,Lajwanti,1958,"Hindi, Film",S.D. Burman,Majrooh Sultanpuri,H.M.V.,3.5
bc4ef8e1-3585-5842-ba05-30c84bec8d4a,Lala Rookh,1958,"Hindi, Film",Khayyam,Kaifi Azmi,H.M.V.,3.5
ed204ef5-efac-56b2-af64-6fd54267f31c,Light House,1958,"Hindi, Film",Datta Naik,Sahir Ludhianvi,H.M.V.,0
ce3153f2-105d-5da1-b664-b4939e68dd33,Maalik,1958,"Hindi, Film",Ghulam Mohammed,Shakeel Badayuni,H.M.V.,3.0
fb0003f1-bbc9-5a71-bd2e-72313258f972,Madhumati,1958,"Hindi, Film",Salil Chowdhury,"Shailendra, Daagh Dehlvi, Majrooh Sultanpuri",H.M.V.,4.75
df6be14f-38b1-5d08-b568-b9498a88d431,Matwala,1958,"Hindi, Film",R. Sudarsanam,Hargovind,H.M.V.,0
a6605004-7e38-5aa3-9322-f6b4701b5357,Maya Bazaar,1958,"Hindi, Film",Chitragupt,"Gopal Singh Nepali, Indeevar, Saraswati Kumar Deepak",H.M.V.,0
55d2be44-9fd6-566f-a861-fd074eee3bb5,Mehndi,1958,"Hindi, Film",Ravi,"Khumar Barabankvi, S.H. Bihari, Sarvar, Kamil Rashid",H.M.V.,2.5
ef78af37-c787-556e-bea2-b7ddfb790d70,Milan,1958,"Hindi, Film",Hansraj Behl,"Pyarelal Santoshi, Prem Dhawan",H.M.V.,0
99af9621-81c9-5e69-b569-8a0c2a0750ad,Miss '58,1958,"Hindi, Film",Datta Naik,"Kaif Irfani, Raja Mehdi Ali Khan, Tanveer Naqvi",H.M.V.,3.0
63506e97-be01-57e5-8a75-ce4d9d8999a3,Miss Punjab Mail,1958,"Hindi, Film",B.N. Bali,"Zebunnisa Zeb, Raja Mehdi Ali Khan",H.M.V.,0
a4ef1c8c-4746-53c9-b727-22c3cc6dccaa,Mousi,1958,"Hindi, Film",Vasant Desai,Bharat Vyas,H.M.V.,4.0
0200559d-6f95-5240-8313-24320be40d13,Mr. Q,1958,"Hindi, Film",Manohar,"Akhtar Romani, Shyam Sarhadi, Asad Bhopali, Muzaffar Shahjahanpuri",H.M.V.,0
f747ca6c-9c81-5596-8126-942fb74ea6ee,Mr. Qartoon M.A.,1958,"Hindi, Film",O.P. Nayyar,Hasrat Jaipuri,H.M.V.,3.0
b1bad837-cda8-57db-b238-07815c046711,Mujrim,1958,"Hindi, Film",O.P. Nayyar,Majrooh Sultanpuri,H.M.V.,3.0
18c34ee3-26ed-5e89-8096-c689bcf327e9,Naag Champa,1958,"Hindi, Film",Manna Dey,"Gopal Singh Nepali, Anjaan, Indra Kapoor",H.M.V.,0
683eb116-fe1a-58b2-849e-b3f78dee0dde,Naya Kadam,1958,"Hindi, Film","Shivram, Narayan","Shailendra, Bharat Vyas, S.P. Kalla",H.M.V.,0
2cab4a10-e29f-5147-a3be-46ac450a8c3c,Naya Paisa,1958,"Hindi, Film",S. Mohinder,"Verma Malik, Anjaan, Indra Kapoor, Raja Mehdi Ali Khan, Manohar Khanna, Akhtar Romani",H.M.V.,0
ae7207df-8883-53a7-b7ff-8426f2bc6770,Night Club,1958,"Hindi, Film",Madan Mohan,Majrooh Sultanpuri,H.M.V.,0
6f62e79d-4acd-5a96-a7b1-117ab48141fc,Panchayat,1958,"Hindi, Film",Iqbal Qureshi,"Shakeel Nomani, Kaifi Azmi",H.M.V.,3.0
f432a4e5-ecc7-5917-8548-2711ef64f4b9,Parvarish,1958,"Hindi, Film",Dattaram Wadkar,Hasrat Jaipuri,H.M.V.,4.0
37b7fb95-b80c-5984-9251-bdd54db36005,Pati Parmeshwar,1958,"Hindi, Film",Avinash Vyas,Bharat Vyas,H.M.V.,0
78819954-7c99-5ef9-be33-8d1d7979d0af,Pehla Pehla Pyar,1958,"Hindi, Film",B.N. Bali,"Madan Mohan - I, Hasrat Jaipuri, Anand Bakshi",H.M.V.,0
42e1dda2-05f9-52e0-8612-08fcfa5eaff3,Phagun,1958,"Hindi, Film",O.P. Nayyar,Qamar Jalalabadi,H.M.V.,3.0
ead7b68c-3a26-526d-844a-8fba28a9c84d,Phir Subha Hogi,1958,"Hindi, Film",Khayyam,Sahir Ludhianvi,H.M.V.,4.75
df040d41-d7b4-5c7f-a4cd-22352102dd30,Piya Milan,1958,"Hindi, Film",Ramesh - I,"Hasrat Jaipuri, Harsha",H.M.V.,0
3c6c5d65-8767-5580-b099-6d4cb6b17ff9,Police,1958,"Hindi, Film",Hemant Kumar,"Neelkanth Tiwari, Majrooh Sultanpuri",H.M.V.,3.67
87c2279d-03ca-5d9f-878f-4e014c6cf513,Post Box 999,1958,"Hindi, Film",Kalyanji Veerji Shah,Pyarelal Santoshi,H.M.V.,2.5
ed9c5dac-0e03-526c-807d-abe87ef5d503,Raagini,1958,"Hindi, Film","O.P. Nayyar, Traditional","Jan Nisar Akhtar, Qamar Jalalabadi, Traditional",H.M.V.,3.5
c0df782a-46dc-5605-92b5-44b99e4f992a,Raj Pratiggya,1958,"Hindi, Film",Sanmukh Babu,Bharat Vyas,H.M.V.,0
995f7fed-ff33-5ae7-8df4-5fc0331740af,Raj Sinhasan,1958,"Hindi, Film",Chitragupt,Anjum Jaipuri,H.M.V.,0
ff557458-690f-564c-9ea4-1ec9b966c1b9,Raj Tilak,1958,"Hindi, Film",C. Ramchandra,Pyarelal Santoshi,H.M.V.,2.5
5f0654a4-511d-508a-9bd5-e72adac6b200,Raja Beta,1958,"Hindi, Film",Roshan,Rajendra Krishan,H.M.V.,3.0
904e99ed-234e-55fe-b2b3-9dbd6b411e9b,Ram Bhakta Vibhishan,1958,"Hindi, Film",Ajit Merchant,Saraswati Kumar Deepak,H.M.V.,0
1a9cb9b8-cfa0-5b7b-b52b-bcaec8b4ebc3,Rifle Girl,1958,"Hindi, Film",Harbans,Shaad,H.M.V.,0
8e281d3d-e666-552a-b00a-169b4c022a0f,Sachhe Ka Bolbala,1958,"Hindi, Film",Nisar,Saba Afghani,H.M.V.,0
b40ec9c2-cd5d-59b1-a1de-f3ec45d4f867,Sadhna,1958,"Hindi, Film",Datta Naik,Sahir Ludhianvi,H.M.V.,2.5
eab8c45a-fdec-5210-894d-0f9333a45f7d,Sahara,1958,"Hindi, Film",Hemant Kumar,Bharat Vyas,H.M.V.,0
72cd5c4a-0098-5399-b078-732a5236e7e6,Sair-E-Paristan,1958,"Hindi, Film",Suresh - Talwar,"Qamar Sarhadi, Anjaan, Shakeel Nomani",H.M.V.,0
26e07ee8-9053-57f9-83d1-ef2e9248e5b2,Samrat Chandragupt,1958,"Hindi, Film",Kalyanji Veerji Shah,"Nirupa Roy, Bharat Vyas, Indeevar, Hasrat Jaipuri",H.M.V.,3.0
bce055f5-4892-57f0-a8b2-e0b8c121e9d6,Sanskar,1958,"Hindi, Film",Anil Biswas,"Diwakar, Indeevar, Sarshar Sailani",H.M.V.,2.5
ef3598a9-88cf-5dee-a7b1-1e8ab0585d93,Savera,1958,"Hindi, Film",Shailesh Mukherjee,"Shailendra, Prem Dhawan",H.M.V.,3.0
790c1cb1-240a-56b8-97c8-e5161d316554,Shan-E-Hatim,1958,"Hindi, Film",A.R. Qureshi,"Raja Mehdi Ali Khan, Zebunnisa Zeb",H.M.V.,0
fbdde9de-f85c-5c3c-937d-fd8083a92f87,Sim Sim Margina,1958,"Hindi, Film","A.R. Qureshi, Hansraj Behl","Hasrat Jaipuri, Asad Bhopali, Prem Dhawan",H.M.V.,0
00922996-f23e-59b7-b1df-d6cda53535f3,Sitamgar,1958,"Hindi, Film",G. Ramanathan - B.N. Bali,"Sajan Bihari, Qamar Jalalabadi",H.M.V.,0
90bbc929-a808-5998-b3d4-a228775d2977,Sitaron Se Aagey,1958,"Hindi, Film",S.D. Burman,Majrooh Sultanpuri,H.M.V.,0
5a646cae-4d88-5810-b32d-d4abb7eff0b2,Sohni Mahiwal,1958,"Hindi, Film",Naushad,Shakeel Badayuni,H.M.V.,3.33
2bc0e56e-03a8-5759-9102-afb3be51285e,Solva Saal,1958,"Hindi, Film",S.D. Burman,Majrooh Sultanpuri,H.M.V.,3.0
60057db8-3b0d-5243-ad47-beafcfa6b02a,Son Of Sinbad,1958,"Hindi, Film",Chitragupt,Prem Dhawan,H.M.V.,0
0fd38685-0e03-567a-8e0e-a2739999483d,Sone Ki Chidiya,1958,"Hindi, Film",O.P. Nayyar,"Sahir Ludhianvi, Majrooh Sultanpuri",H.M.V.,4.0
09cc697b-34f3-5720-85f5-a4c033abb0d1,Suhaag,1958,"Hindi, Film",T.G. Lingappa,Ehsan Rizvi,H.M.V.,0
00b348d3-45cb-557f-bb05-f820e5b63787,Sunto Le Hasina,1958,"Hindi, Film",S. Mohinder,"Anand Bakshi, Kaif Irfani, Sarshar Sailani, Rahil Gorakhpuri",H.M.V.,0
d08cd094-3cf8-52ea-a8a3-c0f15bb83bfe,Suvarna Sundari,1958,"Hindi, Film",Adi Narayana Rao,Bharat Vyas,Columbia Records,3.0
14e8044f-b917-59aa-aace-c04564a446b0,Talaq,1958,"Hindi, Film",C. Ramchandra,Kavi Pradeep,H.M.V.,3.0
8489d544-1fa0-5646-99d2-49529a0fe82c,Taqdeer,1958,"Hindi, Film",Dhaniram,"Kuldeep Singh Chand, Verma Malik",H.M.V.,0
84dda0a6-fba3-580f-a8d1-a9a9e20fc5a7,Taxi 555,1958,"Hindi, Film",Sardar Malik,Prem Dhawan,H.M.V.,0
7d586807-2680-5d54-ade2-e9000329f446,Taxi Stand,1958,"Hindi, Film",Chitragupt,Majrooh Sultanpuri,H.M.V.,3.0
7e27f176-bc79-5ef6-ab2c-26022b43710c,Teerth Yatra,1958,"Hindi, Film",Suresh - Talwar,"Saraswati Kumar Deepak, Anjaan, Aadarsh, Madan Mohan - I",H.M.V.,0
af969516-8d9a-5a34-af1e-322d02b13abd,Teesri Gali,1958,"Hindi, Film",Chitragupt,"Majrooh Sultanpuri, Anjum Jaipuri",H.M.V.,0
69da7551-5ce0-51ac-9f5a-3731729016d6,Ten O'Clock (Das Baje),1958,"Hindi, Film",Ram Ganguly,"Shyam Hindi, Khawar Zaman, Verma Malik",H.M.V.,0
ab4da8d4-9c22-561e-a97d-1ffff0e18ef3,Trolly Driver,1958,"Hindi, Film",Husnlal - Bhagatram,"Asad Bhopali, Sarshar Sailani",H.M.V.,0
c486df7f-a8f0-5059-9e95-b3131f4eb799,Yahudi,1958,"Hindi, Film",Shankar - Jaikishan,"Hasrat Jaipuri, Shailendra",H.M.V.,0
0327662b-bf98-5cc2-b726-64117a79d327,Zimbo,1958,"Hindi, Film",Chitragupt,Majrooh Sultanpuri,H.M.V.,0
f3d31e93-05f7-53a2-9d52-11879b01fbfb,Zindagi Ya Toofan,1958,"Hindi, Film",Nashad,J. Nakhshab,H.M.V.,0
de8e599d-386b-5964-9198-270619ca345a,40 Days (40 Din),1959,"Hindi, Film",Babul,Kaifi Azmi,H.M.V.,3.0
c823df38-be72-5949-8e85-7a15dda19afa,Aangan,1959,"Hindi, Film",Roshan,"Rajendra Krishan, Avinash - III, Pandit Indra",H.M.V.,0
71504eb4-d276-577f-9e81-39e1a93712c1,Anari,1959,"Hindi, Film",Shankar - Jaikishan,"Hasrat Jaipuri, Shailendra",H.M.V.,4.91
200401db-96eb-5f50-9112-dfe3ac2de557,Ardhangini,1959,"Hindi, Film",Vasant Desai,Majrooh Sultanpuri,H.M.V.,3.5
b1e5a0be-195f-5cb7-bde8-1f2570e98c9c,Baap Bete,1959,"Hindi, Film",Madan Mohan,Rajendra Krishan,H.M.V.,3.67
cdb950b7-4dd0-55dc-898f-79a22de99337,Baazigar,1959,"Hindi, Film",Chitragupt,Prem Dhawan,H.M.V.,0
0107f6d1-c468-57c7-905e-ac77e8604a4a,Bank Manager,1959,"Hindi, Film",Madan Mohan,"Jalal Malihabadi, Anwar Farrukhabadi, Indeevar",H.M.V.,0
1bf1f023-52ba-58c5-956d-a02400a9478a,Barkha,1959,"Hindi, Film",Chitragupt,Rajendra Krishan,H.M.V.,3.0
6091d633-9dcf-55cf-a940-66adb9c6acf4,Bedard Zamana Kya Jane,1959,"Hindi, Film",Kalyanji Veerji Shah,Bharat Vyas,H.M.V.,3.0
f17a6eaf-c902-5385-833d-9a137a69dd5d,Behram Daku,1959,"Hindi, Film",Sadat Khan,"Shauk Saliki, Saba Afghani, Ehsan Rizvi",H.M.V.,0
f059a4c6-9a60-51bc-918c-088057e6131c,Bhai Bahen,1959,"Hindi, Film",Datta Naik,"Sahir Ludhianvi, Raja Mehdi Ali Khan, Mohammed Iqbal",H.M.V.,2.5
ff2c851c-cbad-5405-8c8c-5ecbec335697,Black Cat,1959,"Hindi, Film",Datta Naik,Jan Nisar Akhtar,H.M.V.,4.2
b2606e04-394a-5fb9-950e-32133080bc80,Black Mailer,1959,"Hindi, Film",Iqbal,"Muzaffar Shahjahanpuri, Balram Ajmeri, Bahar Ajmeri",H.M.V.,0
a1625204-f185-558d-91e5-fc740fa028dc,Bus Conductor,1959,"Hindi, Film",Bipin - Babul,Noor Devasi,H.M.V.,0
923ba85d-088e-5077-8419-71cb9e1e2df4,C.I.D. Girl,1959,"Hindi, Film",Roshan,"Hasrat Jaipuri, Anand Bakshi",H.M.V.,0
683c2230-fab9-5c2c-bb9c-35a5fb15f406,Chabuk Wali (Hunter Wali),1959,"Hindi, Film",Harbans,Shaad,H.M.V.,0
12f7f609-5f70-5ba3-9bfa-9646be82302e,Chacha Zindabad,1959,"Hindi, Film",Madan Mohan,Rajendra Krishan,H.M.V.,4.33
cd3d468f-45cf-587e-8603-8c6279b6b91b,Chand,1959,"Hindi, Film",Hemant Kumar,"Shailendra, Akhtar Lakhnavi",H.M.V.,3.67
22eafbbb-e6b7-52bf-8670-bef53400330a,Chand Ki Dunia,1959,"Hindi, Film",Nirmal Kumar - I,Qamar Jalalabadi,H.M.V.,0
b2834544-c86a-5d46-8ba3-bf5e20386959,Chandrasena,1959,"Hindi, Film",Kalyanji - Anandji,"Saraswati Kumar Deepak, Indeevar, Pandit Madhur, Gulshan Bawra",H.M.V.,0
b853097f-c200-568f-9add-7a2528811963,Char Dil Char Rahen,1959,"Hindi, Film",Anil Biswas,Sahir Ludhianvi,H.M.V.,0
4360f65e-f97e-57e6-acbe-bf125a4c151f,Charno Ki Dasi,1959,"Hindi, Film",Avinash Vyas,Bharat Vyas,H.M.V.,0
2f9241b8-a864-53d8-a9c3-afad51dbbf4b,Chhoti Bahen,1959,"Hindi, Film",Shankar - Jaikishan,"Shailendra, Hasrat Jaipuri",H.M.V.,3.5
7a109043-69f1-578a-b43d-ce163239e765,Chini Jadoogar,1959,"Hindi, Film",Shafi M. Nagri,Akhtar Romani,H.M.V.,0
95fba965-ad2f-50d1-bc4a-eb8a684f6280,Chirag Kahan Roshni Kahan,1959,"Hindi, Film",Ravi,"Prem Dhawan, Ravi",H.M.V.,0
27f9c4c7-380a-5381-933a-6dd3a981bef0,Circus Queen,1959,"Hindi, Film",Shafi M. Nagri,Naqsh Lyallpuri,,0
0080475f-c9cd-570d-a649-f09e90bb6fcb,Commander,1959,"Hindi, Film",Chitragupt,Sarshar Sailani,H.M.V.,0
a4a7d8d5-46a9-541c-a3b3-d8aff08b9175,Daaka,1959,"Hindi, Film",Chitragupt,"Prem Dhawan, Majrooh Sultanpuri",H.M.V.,0
d4675c6e-82dc-5279-98e3-e7e46acf9cf4,Deep Jalta Rahe,1959,"Hindi, Film",Roshan,"Shailendra, Rahil Gorakhpuri",H.M.V.,0
4b37847e-6eaf-564b-8f6d-e25e56895696,Dhool Ka Phool,1959,"Hindi, Film",Datta Naik,Sahir Ludhianvi,H.M.V.,4.25
3ea0a870-567d-5257-84a2-039e12fe5f45,Didi,1959,"Hindi, Film","Datta Naik, Sudha Malhotra",Sahir Ludhianvi,H.M.V.,3.0
2e9353e6-51d3-50f8-b54c-45076c8423f7,Dil Deke Dekho,1959,"Hindi, Film",Usha Khanna,Majrooh Sultanpuri,H.M.V.,3.67
c78f40cd-3deb-551f-8e7e-f48a343fbda2,Do Behnen,1959,"Hindi, Film",Vasant Desai,Kavi Pradeep,H.M.V.,3.0
9642f9d9-e95b-5255-944b-aae93c0b11fb,Do Gunde,1959,"Hindi, Film",Ghulam Mohammed,Majrooh Sultanpuri,H.M.V.,0
8363d4e5-3daa-591a-addd-2c1ed3a2c6a4,Do Ustad,1959,"Hindi, Film",O.P. Nayyar,Qamar Jalalabadi,H.M.V.,3.0
6d5fb75a-cc96-5dfc-87a2-8afca68e01c1,Doctor Z,1959,"Hindi, Film",Manohar,"Akhtar Romani, Zafar Rahi",H.M.V.,2.5
1259a9f4-b956-5870-9571-94d6279e1c4a,Duniya Na Mane,1959,"Hindi, Film",Madan Mohan,Rajendra Krishan,H.M.V.,0
387317b8-7fa7-5433-a261-37fc2fc1bc58,Ek Armaan Mera,1959,"Hindi, Film",S.D. Batish,"Kaif Irfani, Verma Malik, Madhusudan Bhagalpuri, Rahil Gorakhpuri, Anand Bakshi",H.M.V.,0
9cb1a3ec-0b81-55fb-b940-d2eb7cf567bd,Fashionable Wife,1959,"Hindi, Film",Suresh - Talwar,"Bharat Vyas, Anwar Farrukhabadi",H.M.V.,0
c7048518-1814-584b-9a72-9dd3ad7f0357,Flying Rani,1959,"Hindi, Film",B.N. Bali,Nazmi Kanpuri,H.M.V.,0
360029a8-3171-523f-b1db-16421f5eb6a4,Ghar Ghar Ki Baat,1959,"Hindi, Film",Kalyanji Veerji Shah,"Gulshan Bawra, Upendra, Mushtar Haidari",H.M.V.,0
2f11976f-0d6e-51f3-bac1-ad4bbf617f0b,Gokul Ka Chor,1959,"Hindi, Film",Sudhir Phadke,"Madhukar Rajasthani, Qamar Jalalabadi, Narendra Sharma",H.M.V.,0
9b2e1a21-77a7-59c0-9232-114601b3a525,Goonj Uthi Shehnai,1959,"Hindi, Film","Vasant Desai, Traditional","Bharat Vyas, Traditional",H.M.V.,4.5
92106b85-4feb-5e09-8c04-71722a37cc30,Griha Lakshmi,1959,"Hindi, Film",Avinash Vyas,Bharat Vyas,H.M.V.,0
f00d53e7-23a2-532c-bac8-550ac8ebf1e3,Guest House,1959,"Hindi, Film",Chitragupt,Prem Dhawan,H.M.V.,3.0
2a924e6a-3778-5de8-8609-103fe5daa3ec,Heera Moti,1959,"Hindi, Film",Roshan,"Shailendra, Prem Dhawan",H.M.V.,3.0
5b0cc063-3f29-5d08-bad0-f147c67acd11,Hero No. 1,1959,"Hindi, Film",Iqbal,"Muzaffar Shahjahanpuri, Shirish",H.M.V.,0
931a0e19-6fdd-5348-b06f-adb297c4def5,Hum Bhi Insan Hain,1959,"Hindi, Film",Hemant Kumar,Shailendra,H.M.V.,0
e67ab91b-fe36-5ea5-93b0-0e3ff0a3507f,Insan Jaag Utha,1959,"Hindi, Film",S.D. Burman,Shailendra,H.M.V.,3.0
a97decc2-1803-510b-b918-3baef4f24f52,Jaal Saz,1959,"Hindi, Film",Datta Naik,Majrooh Sultanpuri,H.M.V.,0
dcca294c-c2e3-5b09-a0e5-420816f4651a,Jagga Daku,1959,"Hindi, Film",S.N. Tripathi,B.D. Mishra,H.M.V.,0
cc5e15dc-029b-5d44-a2a6-8bf3ff660e91,Jagir,1959,"Hindi, Film",Madan Mohan,"Raja Mehdi Ali Khan, Majrooh Sultanpuri",H.M.V.,3.0
b83c858d-0bbd-5815-a5f6-95a5b5f60523,Jaising,1959,"Hindi, Film",Ramesh Naidu,Prem Dhawan,H.M.V.,0
5ee98fc7-249f-5691-a863-b9fb1b1f0edd,Jawani Ki Hawa,1959,"Hindi, Film",Ravi,"Rajendra Krishan, Shailendra",H.M.V.,3.0
77d36c3c-a563-5bf9-b889-907030bfd49c,Jungle Ki Duniya,1959,"Hindi, Film",Jugal Bannerjee,"Shriram Farrukhabadi, Preetam Dehlvi, K.R. Pandya",H.M.V.,0
fb8f5c75-25ce-537d-8e38-69607d9d22a5,Jungle King,1959,"Hindi, Film","Bipin - Babul, Nisar","Anjum Jaipuri, Saba Afghani",H.M.V.,0
8704055d-766f-5e31-aa0b-c23481a2ec5a,Kaagaz Ke Phool,1959,"Hindi, Film",S.D. Burman,"Kaifi Azmi, Shailendra",H.M.V.,5.0
f8595338-3e7a-5bea-8355-61aeb4118347,Kal Hamara Hai,1959,"Hindi, Film","Chitragupt, Gajanan","Majrooh Sultanpuri, Shailendra",H.M.V.,0
9dea05b0-8b8f-546b-8030-6db7a9c5d980,Kali Topi Lal Rumal,1959,"Hindi, Film",Chitragupt,Majrooh Sultanpuri,H.M.V.,3.5
8165c8e5-52ca-587b-88b3-662ae9784b3b,Kangan,1959,"Hindi, Film",Chitragupt,Rajendra Krishan,H.M.V.,0
a61b5294-c521-5b90-bc8d-9dd99644bc4c,Kanhaiya,1959,"Hindi, Film",Shankar - Jaikishan,"Hasrat Jaipuri, Shailendra",H.M.V.,3.75
26c2f69f-dfc7-5768-aa7c-2fe2ee92f39a,Kavi Kalidas,1959,"Hindi, Film",S.N. Tripathi,Bharat Vyas,H.M.V.,0
a773da59-724a-5de6-9e7a-a617cc8d1efa,Keechak Wadha,1959,"Hindi, Film",Master Krishnarao,"Bharat Vyas, Saraswati Kumar Deepak",H.M.V.,0
6176e1ce-3085-599e-b1d9-8456f3707901,Khoobsurat Dhoka,1959,"Hindi, Film",S. Mohinder,"Rahil Gorakhpuri, Indeevar, Anand Bakshi",H.M.V.,0
ab6336c5-d7da-55bc-a9a9-7519e0ff1735,Kya Yeh Bombay Hai?,1959,"Hindi, Film",Bipin Datta,Noor Devasi,H.M.V.,0
1c606f77-61c7-5547-8f31-972713d35f0a,Lady Robinhood,1959,"Hindi, Film",Sardul Kwatra,"Anand Bakshi, Shakeel Nomani, Bekal Amritsari, Bandhu, Aziz Kashmiri",H.M.V.,3.0
16498bb3-4cce-5384-ad46-20faa00acf25,Lal Nishan,1959,"Hindi, Film",Nirmal Kumar - I,"Anand Bakshi, Sahir Ludhianvi",H.M.V.,0
0e7f8d6e-1a90-5882-a209-1fb2efe467c0,Love Marriage,1959,"Hindi, Film",Shankar - Jaikishan,"Hasrat Jaipuri, Shailendra",H.M.V.,3.0
9b789fac-8226-5fcc-b26b-60c33f6f844c,Maa Ke Ansoo,1959,"Hindi, Film",Sardar Malik,"Raja Mehdi Ali Khan, Madan Mohan - I",H.M.V.,0
c440c60b-089d-52ab-8040-41af2fe182ce,Madame X Y Z,1959,"Hindi, Film",Chitragupt,Prem Dhawan,H.M.V.,3.5
c965ff7e-ade9-5dca-85c3-be69c27f8181,Madari,1959,"Hindi, Film",Kalyanji - Anandji,"Farooq Qaiser, Indeevar, Pandit Madhur, Pyarelal Santoshi",H.M.V.,3.0
ec0278a9-e6b7-5fcd-8910-4d4beb38cde5,Madhu,1959,"Hindi, Film",Roshan,"Shailendra, Naqsh Lyallpuri, Prem Dhawan",H.M.V.,3.0
da8a2e27-68e5-5f7d-b81e-5c52a09f0949,Main Nashe Men Hoon,1959,"Hindi, Film",Shankar - Jaikishan,"Shailendra, Hasrat Jaipuri, Mirza Ghalib",H.M.V.,3.33
0b7f4dd9-9f12-54cc-9215-30d75dc98470,Maine Jeena Seekh Liya,1959,"Hindi, Film",Roshan,"Rahil Gorakhpuri, Anand Bakshi",H.M.V.,4.0
399ff988-cb3a-5705-a2b0-c27c2d6f0eab,Minister,1959,"Hindi, Film",Madan Mohan,Rajendra Krishan,H.M.V.,0
8846042b-f0b6-59b6-902c-2b2861730af2,Mohar,1959,"Hindi, Film",Madan Mohan,Rajendra Krishan,H.M.V.,3.33
c1c61c27-37e4-5ba5-93aa-28c800e5f630,Mr. John,1959,"Hindi, Film",Datta Naik,Jan Nisar Akhtar,H.M.V.,0
eb8b63fd-bfc2-5368-8aac-bd5821af4306,Naach Ghar,1959,"Hindi, Film",Datta Naik,Sahir Ludhianvi,H.M.V.,3.0
fd1206e5-6d6b-5415-b1d4-5727ef1845f7,Nai Raahen,1959,"Hindi, Film",Ravi,"Gopal Singh Nepali, Shailendra, Majrooh Sultanpuri, Prem Dhawan",H.M.V.,3.5
105649eb-449c-542b-ae86-8072325953f1,Navrang,1959,"Hindi, Film",C. Ramchandra,Bharat Vyas,H.M.V.,0
d1d27009-154d-5f93-b981-6bc0a17e5e66,Naya Sansar,1959,"Hindi, Film",Chitragupt,Rajendra Krishan,H.M.V.,3.5
b685044d-d30b-5137-b376-3b94d5b537d9,Nek Khatoon,1959,"Hindi, Film",Jimmy,Khawar Zaman,H.M.V.,0
8751f36b-91fa-5240-9fc2-c2bff5edd042,O Tera Kya Kahna,1959,"Hindi, Film",Kalyanji Veerji Shah,"Farooq Qaiser, Indeevar, Hasrat Jaipuri, Shor Niyazi, Gulshan Bawra",H.M.V.,0
8f4b0448-34c8-5ef1-a7c1-5729fd2757dc,Paigham,1959,"Hindi, Film",C. Ramchandra,Kavi Pradeep,H.M.V.,3.0
b92f08d6-9ec4-5d83-adc1-66bae88cff4d,Pakshiraj,1959,"Hindi, Film",S.N. Tripathi,"B.D. Mishra, Qamar Jalalabadi, J.S. Kashyap",H.M.V.,0
9e632eee-b3de-5e83-b110-f9757b458a1b,Pehli Raat,1959,"Hindi, Film",Ravi,Majrooh Sultanpuri,H.M.V.,0
37474372-dab8-5dbe-b8c5-047b6d2cd9ed,Pyar Ki Rahen,1959,"Hindi, Film",Kanu Ghosh,Prem Dhawan,H.M.V.,0
2067f14a-62ac-59dc-8634-472b30af5708,Qaidi No. 911,1959,"Hindi, Film",Dattaram Wadkar,Hasrat Jaipuri,H.M.V.,4.0
9aa7e099-1bf3-52e8-be4b-4481d533b6fa,Raat Ke Rahi,1959,"Hindi, Film","Bipin - Babul, Jaidev",Vishwamitra Adil,H.M.V.,0
881f6667-3453-5182-9c41-5600fb4fda68,Rani Rupmati,1959,"Hindi, Film",S.N. Tripathi,Bharat Vyas,H.M.V.,3.67
c0491f81-49b8-5834-85a2-42e542b26feb,Saazish,1959,"Hindi, Film",S.D. Batish,Qamar Jalalabadi,H.M.V.,0
8280fb73-fc8f-544b-b170-e3fcd42b5012,Sahil,1959,"Hindi, Film","Suresh - Talwar, D.C. Dutt","Taabaan Jhansvi, Anjaan, Indeevar, Saraswati Kumar Deepak, Janardhan Muktidoot, Jeet, Kulbhushan",H.M.V.,0
4b345445-9988-5de5-a175-e3163717a894,Samrat Prithviraj Chauhan,1959,"Hindi, Film",Vasant Desai,"Bharat Vyas, Anant Shyam",H.M.V.,0
906022c5-f5c4-5865-9624-42417cda6175,Santan,1959,"Hindi, Film",Dattaram Wadkar,Hasrat Jaipuri,H.M.V.,0
ccbcc454-33e0-529e-9f71-f0f6d44042fa,Sati Vaishalini (Janam Janam Ka Nata),1959,"Hindi, Film",Premnath,Bharat Vyas,H.M.V.,0
7dae3f42-7e82-545d-ab1a-16b6b9f29f40,Satta Bazaar,1959,"Hindi, Film",Kalyanji - Anandji,"Gulshan Bawra, Shailendra, Hasrat Jaipuri, Indeevar",H.M.V.,2.5
4182ccd5-d7d2-5eb5-b137-103157b6b4e1,Sawan,1959,"Hindi, Film",Hansraj Behl,"Prem Dhawan, Asad Bhopali",H.M.V.,0
7bb62bba-c825-55f6-bdc7-bbd0b5758491,School Master,1959,"Hindi, Film",Vasant Desai,Kavi Pradeep,H.M.V.,3.0
24f8a816-6778-5c34-a7f8-f87291b4a0c1,Shararat,1959,"Hindi, Film",Shankar - Jaikishan,"Shailendra, Hasrat Jaipuri",H.M.V.,4.5
f74bfbb3-310c-56d4-ab47-0c97dc4694bb,Sujata,1959,"Hindi, Film",S.D. Burman,Majrooh Sultanpuri,H.M.V.,4.33
29c40ca9-9a14-5472-9937-b60774f3ea19,Tikdambaaz,1959,"Hindi, Film",B.N. Bali,"Madan Mohan - I, Khawar Zaman",H.M.V.,0
3c5e0f29-e334-530c-ab0e-0184c527b49d,Tin Tin Tin,1959,"Hindi, Film",Bulo C. Rani,"Anand Bakshi, Aziz Kashmiri",H.M.V.,0
2adc55e0-1136-54f0-9323-d3e7c6adc823,Tipu Sultan,1959,"Hindi, Film",S.D. Batish,"Qamar Jalalabadi, Kaif Irfani, Rahil Gorakhpuri",H.M.V.,0
d36d2003-ec8d-5891-8a89-a5ab8942c771,Toofani Teerandaz,1959,"Hindi, Film",Iqbal,Farooq Qaiser,H.M.V.,0
012c9c14-40cf-5001-aa4a-c98c3ebac7cd,Ujala,1959,"Hindi, Film",Shankar - Jaikishan,"Shailendra, Hasrat Jaipuri",H.M.V.,4.0
eb5bec54-1e63-5fed-be07-d29f7a567636,Yeh Aawara Raaten,1959,"Hindi, Non Film",V. Balsara,,Saregama,0
0b7ef172-a443-5c94-9aeb-b9cfdcc9b17e,Zara Bachke,1959,"Hindi, Film",Nashad,"Khumar Barabankvi, Raja Mehdi Ali Khan, Asad Bhopali",H.M.V.,3.0
bd75ad42-f76a-509a-af9d-f6f9370d4dda,Zimbo Ki Beti,1959,"Hindi, Film",Prem - I,"Preetam Dehlvi, Khawar Zaman",H.M.V.,0
49774aa7-1445-5c0c-a13c-f0125a77a61d,Aai Phirse Bahar,1960,"Hindi, Film",Vedpal Varma,"Indeevar, Sajan Bihari, Vedpal Varma",H.M.V.,0
0c5a76c1-e3b8-5370-833f-9b948eaf4f9b,Aanchal,1960,"Hindi, Film",C. Ramchandra,Kavi Pradeep,H.M.V.,0
dd5e467e-3083-55ce-a402-fe63c6775569,Ab Main Saran Tumhari,1960,"Hindi, Non Film",S.D. Burman,,Hindusthan Records,0
a49103e8-befc-59a5-9070-c1b10dd740d3,Abdulla,1960,"Hindi, Film",Bulo C. Rani,Shewan Rizvi,H.M.V.,0
9c70d259-3eec-50e9-9a3b-b0e0d66c3dde,Air Mail,1960,"Hindi, Film",Sardul Kwatra,Anand Bakshi,H.M.V.,0
3b8f7cfa-08d7-5a6f-b451-6e32319a651a,Alam Ara Ki Beti,1960,"Hindi, Film",Bipin Datta,"Noor Devasi, Anwar Farrukhabadi",H.M.V.,0
a8272b7c-04ee-5d39-be0d-d6425b054725,Amar Shaheed,1960,"Hindi, Film",Jamal Sen,Arjun - III,H.M.V.,0
04255dfd-08d1-5dcf-8990-c3562eef84ef,Angulimaal,1960,"Hindi, Film",Anil Biswas,Bharat Vyas,H.M.V.,0
89079b3f-1da4-5176-ac1b-b8643db137b8,Anuradha,1960,"Hindi, Film",Pandit Ravi Shankar,Shailendra,H.M.V.,3.0
a2721742-9b71-5005-a094-1bd220f02e6c,Apna Ghar,1960,"Hindi, Film",Ravi,Prem Dhawan,H.M.V.,3.5
69dccc8c-6522-5bc2-8ed7-8fa9fd12eaa7,Apna Haath Jagannath,1960,"Hindi, Film",S.D. Burman,Kaifi Azmi,H.M.V.,0
33260ac0-498a-5f3c-bc49-a121e24c9f62,Baalam Mujhse Rooth Ke,1960,"Hindi, Non Film",S.D. Burman,,,0
b3d2c354-3167-5810-9481-d019de0d91a4,Babar,1960,"Hindi, Film",Roshan,Sahir Ludhianvi,H.M.V.,3.0
3af0ae81-8fb4-5bb6-986b-ec20bdefcbfc,Bade Ghar Ki Bahu (Bhabhi),1960,"Hindi, Film",Chitragupt,"Tanveer Naqvi, Sarshar Sailani, Prem Dhawan, Anjum Jaipuri",H.M.V.,0
31364ab0-2477-50ba-869a-f2a6eeeb2dbf,Bahana,1960,"Hindi, Film",Madan Mohan,Rajendra Krishan,H.M.V.,3.0
8c10c4eb-0da9-5828-b239-08a9269b6fe1,Bambai Ki Billi (Wild Cat),1960,"Hindi, Film",Khayyam,Hasrat Jaipuri,H.M.V.,0
348c67dd-ed04-5c7f-a2bf-2fe7e907fad5,Banjarin,1960,"Hindi, Film","S.N. Tripathi, Pardesi","Bharat Vyas, Pandit Madhur",H.M.V.,2.5
ca7bc96d-bb3f-54f0-bc1e-bf73b43e9d9e,Baraat,1960,"Hindi, Film",Chitragupt,Majrooh Sultanpuri,H.M.V.,2.5
7f948849-33d4-5232-b30f-23fca966affc,Barabar Se Bachkar Guzar Jane Wale,1960,"Hindi, Non Film",Murli Manohar Swarup,Jigar Moradabadi,Saregama,0
ce7f0cc0-9fc0-5058-aa7d-2e840bea4e63,Barood,1960,"Hindi, Film",Khayyam,Hasrat Jaipuri,H.M.V.,2.5
eb3b0eed-325a-51a3-a886-cb43559ff64b,Barsaat Ki Raat,1960,"Hindi, Film",Roshan,Sahir Ludhianvi,H.M.V.,4.4
ae7b6330-9619-5469-a70f-74998e728595,Basant,1960,"Hindi, Film",O.P. Nayyar,"Qamar Jalalabadi, Shewan Rizvi, S.H. Bihari",H.M.V.,3.0
a6bd0498-13c7-5516-9040-5d30a17fc13e,Bewaqoof,1960,"Hindi, Film",S.D. Burman,Majrooh Sultanpuri,H.M.V.,2.5
6ccfef66-a752-5da5-b36f-ba6f8c8f8031,Bhakt Raj,1960,"Hindi, Film",Avinash Vyas,Bharat Vyas,H.M.V.,0
4f305813-fbd6-5b39-9bf3-5a3cfe1969df,Bindiya,1960,"Hindi, Film",Iqbal Qureshi,Rajendra Krishan,H.M.V.,3.0
8f64111f-0e31-5903-bb67-2bf962a07939,Black Tiger,1960,"Hindi, Film",Bulo C. Rani,"Saba Afghani, Tabish Kanpuri",H.M.V.,0
e96924c6-57f7-5e8f-ad35-7dd10f89b870,Bombai Ka Babu,1960,"Hindi, Film",S.D. Burman,Majrooh Sultanpuri,H.M.V.,0
d7732701-3618-50ec-8e63-f89f3e760da9,Captain India,1960,"Hindi, Film",Hemant Kedar,Rajaram Saki,H.M.V.,0
15974df6-7ede-5c01-a773-69a33a6f0e1d,Chale Chalo Prem Ke Saathi,1960,"Hindi, Non Film",S.D. Burman,,Saregama,0
df79628b-39f3-5702-8d3b-c455d8b83a1c,Chand Mere Aja,1960,"Hindi, Film",Chitragupt,"I.C. Kapoor, Prem Dhawan",H.M.V.,0
20b2a870-3a7f-555c-bb38-29437a8fc8ff,Chandramukhi,1960,"Hindi, Film",S.N. Tripathi,Bharat Vyas,H.M.V.,3.0
f1a9eba2-30b4-599d-9aa1-1eac0ae434ee,Chaudhvin Ka Chand,1960,"Hindi, Film",Ravi,Shakeel Badayuni,H.M.V.,3.5
740668aa-4747-5da5-9dab-8026086f3815,Chhabili,1960,"Hindi, Film",Snehal Bhatkar,S. Ratan,H.M.V.,3.0
3b9b50d3-ce79-5ff1-b979-7cc48bda0ce5,Chhalia,1960,"Hindi, Film",Kalyanji - Anandji,Qamar Jalalabadi,H.M.V.,3.67
b56d8acc-0fa0-501a-bc33-0664f5289891,Choron Ki Baraat,1960,"Hindi, Film",Manohar,"Farooq Qaiser, Sajan Bihari, Gulzar Dinvi, Naqsh Lyallpuri, Aziz Ghazi",H.M.V.,0
9cf2aa5c-5c9e-5522-93c1-151b4bb891d3,College Girl,1960,"Hindi, Film",Shankar - Jaikishan,Rajendra Krishan,H.M.V.,0
135e4b67-9658-514e-b172-3a16e9163e04,Daku Bhupat,1960,"Hindi, Film",S.L. Merchant,Prem Dhawan,,0
f4a921f9-ff0b-528f-8c7e-0169fdf5ae96,Dekha Jaega,1960,"Hindi, Film",Sardul Kwatra,Farooq Qaiser,H.M.V.,0
94bcf05a-3212-5904-bb2f-5940c473bbcd,Delhi Junction,1960,"Hindi, Film",Kalyanji Veerji Shah,"Pyarelal Santoshi, Prem Dhawan, Farooq Qaiser, Gulshan Bawra",H.M.V.,0
fb0afc85-f5d4-538c-97a7-f8a25e16e5b9,Dheere Se Jaana Bagiyan Mein,1960,"Hindi, Non Film",S.D. Burman,,,0
36866759-54ad-5659-9f96-9216daa31a1d,Dil Apna Aur Preet Parai,1960,"Hindi, Film",Shankar - Jaikishan,"Shailendra, Hasrat Jaipuri",H.M.V.,4.0
5064db6a-f16a-5f3c-b15f-098b5a012822,Dil Bhi Tera Hum Bhi Tere,1960,"Hindi, Film",Kalyanji - Anandji,"K.L. Pardesi, Shakeel Nomani, Akhtar Romani, Shamim Jaipuri",H.M.V.,2.5
8a49145e-0611-5ccf-8002-67569f81565b,Dil Ki Baat Kahi Nahin Jati,1960,"Hindi, Non Film",Taj Ahmad Khan,Mir Taqi Mir,Saregama,0
9c81750d-1535-56b5-bd23-7902c18280d4,Diler Hasina,1960,"Hindi, Film",Iqbal,"Gulzar Dinvi, Aziz Ghazi",H.M.V.,0
d79aafda-6fde-5dce-8ac4-deca7f35a3cf,Diya Yeh Dil Agar Usko,1960,"Hindi, Non Film",Taj Ahmad Khan,Mirza Ghalib,Saregama,0
e2d3e40e-346e-5d38-b068-44da55aeada9,Do Admi,1960,"Hindi, Film",S.N. Tripathi,Prem Dhawan,H.M.V.,0
2200b121-184e-5fdf-8266-dc853b38f8cf,Do Dost,1960,"Hindi, Film",S. Mohinder,Bharat Vyas,H.M.V.,0
6849e619-461f-52da-90c3-2962d13bac77,Dr. Shaitan,1960,"Hindi, Film",Datta Naik,Jan Nisar Akhtar,H.M.V.,0
a6e66cdd-e4b8-5252-ae81-bbb41459472c,Duniya Jhukti Hai,1960,"Hindi, Film",Hemant Kumar,Rajendra Krishan,H.M.V.,3.0
06f4dec9-4141-5538-afae-3d62de5423b6,Ek Ke Baad Ek,1960,"Hindi, Film",S.D. Burman,Kaifi Azmi,H.M.V.,0
090cd5be-0f75-5a2b-b660-0dbe7e274199,Ek Phool Char Kante,1960,"Hindi, Film",Shankar - Jaikishan,"Hasrat Jaipuri, Shailendra",H.M.V.,3.0
b0fb2af9-9a83-5105-9a5d-ee6115625875,Falsafe Ishq Mein Pesh Aaye Sawalon Ki Tarha,1960,"Hindi, Non Film",Taj Ahmad Khan,Sudarshan Faakir,Saregama,3.0
d330e26c-7043-5677-9a17-dfe0d661595b,Gambler,1960,"Hindi, Film",Chitragupt,Prem Dhawan,H.M.V.,0
efc4cb96-ce42-57c0-8a5f-94e294d8fe3c,Ghar Ki Laj,1960,"Hindi, Film",Ravi,Rajendra Krishan,H.M.V.,0
aa0b223d-a3e6-5e17-a178-27752218fd92,Ghazab Kiya Tere Vaade Pe Aitbaar Kiya,1960,"Hindi, Non Film",Khayyam,Daagh Dehlvi,Saregama,4.0
a32a33e8-b1eb-5aa2-a062-77da805da2e3,Ghunghat,1960,"Hindi, Film",Ravi,Shakeel Badayuni,H.M.V.,3.0
d4aa38d6-33b1-5593-aff4-5cabdc00c52c,Girl Friend,1960,"Hindi, Film",Hemant Kumar,Sahir Ludhianvi,H.M.V.,2.5
6cbb88c4-668b-5bb8-9d0d-1fe26126fb5e,Gundham Humare,1960,"Hindi, Non Film",S.D. Burman,,,0
4a42a380-e04f-50bf-ac3e-fa5f61bfbeac,Gunfight (Bandukbaz),1960,"Hindi, Film",Iqbal,"Indeevar, Shor Niyazi, Muzaffar Shahjahanpuri, Anwar Farrukhabadi",H.M.V.,0
180b5eae-282b-54f4-90a5-2281298611e1,Honeymoon,1960,"Hindi, Film",Salil Chowdhury,Shailendra,H.M.V.,3.33
d56c6cdb-e237-56e8-b417-449e87fb4dec,Hum Hindustani,1960,"Hindi, Film",Usha Khanna,"K. Manohar, Bharat Vyas, Prem Dhawan, Sahir Ludhianvi, Rajendra Krishan",H.M.V.,3.0
c6a45f8a-4b31-57c6-b880-65ebfeafdbee,Jaali Note,1960,"Hindi, Film",O.P. Nayyar,"Raja Mehdi Ali Khan, Anjaan",H.M.V.,3.0
a01f281c-5a96-5dd0-b301-1cf2d8c1d82a,Jalim Jadugar,1960,"Hindi, Film",Iqbal,"Shor Niyazi, Irshad Sandilvi",H.M.V.,0
b6b1d587-8370-5688-9cb1-d1be8a15f2be,Jawahar,1960,"Hindi, Film",Salil Chowdhury,Prem Dhawan,H.M.V.,0
72db83f1-24cd-5e2e-bf76-11bc8e1c59c3,Jeene Ka Raaz,1960,"Hindi, Non Film",Taj Ahmad Khan,Mirza Ghalib,H.M.V.,0
98148d96-725d-540a-9729-a1d7b4d6190e,Jis Desh Men Ganga Behti Hai,1960,"Hindi, Film",Shankar - Jaikishan,"Shailendra, Hasrat Jaipuri",H.M.V.,3.67
d27e6313-6416-5dc2-9714-4f0ec6480902,Kala Aadmi,1960,"Hindi, Film",Dattaram Wadkar,"Shamim Jaipuri, Hasrat Jaipuri",H.M.V.,0
00d633b3-ec3e-51db-800f-51b672509df5,Kala Bazar,1960,"Hindi, Film",S.D. Burman,Shailendra,H.M.V.,3.0
c27ac57d-438d-5b46-a7e3-af77694b5ebb,Kale Gore,1960,"Hindi, Film",Shivram Krishna,Bharat Vyas,H.M.V.,0
6c142aac-d598-509f-9db2-567e62dba7cd,Kalpana,1960,"Hindi, Film",O.P. Nayyar,"Raja Mehdi Ali Khan, Jan Nisar Akhtar, Qamar Jalalabadi, Hasrat Jaipuri",H.M.V.,3.0
581a099c-ea2a-5e16-9380-be97eeac2980,Kisi Ki Yaad Mein Payi Hain,1960,"Hindi, Non Film",Iqbal Hussain - Maqbool Hussain,Naqsh Lyallpuri,Saregama,0
9a4385a4-eae8-59c1-b28c-9461c4e31a2e,Kitni Raahat Hai Dil Toot Jane Ke Baad,1960,"Hindi, Non Film",Taj Ahmad Khan,Shamim Jaipuri,Saregama,0
64a0863e-afae-581b-86bd-d19d866d1ce1,Kohinoor,1960,"Hindi, Film",Naushad,Shakeel Badayuni,H.M.V.,3.5
74f4ae5a-c053-5d52-81b5-1d0bf3609f9a,Lady Of The Lake (Sarovar Ki Sundari),1960,"Hindi, Film",Suresh - Talwar,"Munshi Nayab, Anjaan, Saba Afghani",H.M.V.,0
5ba784e2-e9c0-51c4-99da-47e56b1c0596,Lal Qilla,1960,"Hindi, Film",S.N. Tripathi,"Bharat Vyas, Bahadur Shah Zafar, Muztar Khairabadi",H.M.V.,3.67
703efe78-3dcf-51d8-8002-bc68f74e91c1,Lalach,1960,"Hindi, Film",S. Kishan,"Aslam - III, Sartaj Rahmani, Khawar Zaman",H.M.V.,0
4e0ce8e5-96f3-5848-8980-fffe55352fda,Lambe Haath,1960,"Hindi, Film",G.S. Kohli,Anjaan,H.M.V.,0
5f2f0aa7-34b2-5921-b4c4-8fae4c2449f7,Love In Simla,1960,"Hindi, Film",Iqbal Qureshi,Rajendra Krishan,H.M.V.,3.0
9bd71d11-a294-57f8-a649-6c17588533a8,Maa Baap,1960,"Hindi, Film",Chitragupt,Rajendra Krishan,H.M.V.,0
6a465d7c-4b51-5ff1-871d-b448ef3ccd0f,Maine Socha Tha Agar,1960,"Hindi, Non Film",Babul,Nyay Sharma,H.M.V.,3.0
4e2ccd55-da3d-5fdb-a059-e7771f8a8011,Manzil,1960,"Hindi, Film",S.D. Burman,Majrooh Sultanpuri,H.M.V.,3.5
fde80bba-4e47-5388-8a2a-a74acec2c097,Masoom,1960,"Hindi, Film","Robin Banerjee, Hemant Kumar","Raja Mehdi Ali Khan, Shailendra, Sahir Ludhianvi",H.M.V.,2.5
81d63b9e-93dc-5e3d-aacc-9241c8e24ae5,Maya Machhendra,1960,"Hindi, Film",Ramlal Heerapanna,"Pandit Madhur, Keshav Trivedi, Saraswati Kumar Deepak",H.M.V.,0
0627aa98-df51-50ad-8342-7a41c26380df,Meera Ka Chitra,1960,"Hindi, Film",Anil Biswas,Meera Bai,H.M.V.,0
65e71196-d8a2-5518-82d2-9ed0334aad10,Mehlon Ke Khwab,1960,"Hindi, Film",S. Mohinder,"Rahil Gorakhpuri, Raja Mehdi Ali Khan, Anand Bakshi",H.M.V.,0
25497483-ead8-5645-a167-228f597a25c6,Mera Ghar Mere Bachchay,1960,"Hindi, Film",Sardar Malik,Hasrat Jaipuri,H.M.V.,2.5
5db292fc-c4ad-57b2-b677-1b2f1997f4b6,Mere Geeton Ka Singaar Ho Tum,1960,"Hindi, Non Film",Khayyam,,,0
77a519db-cee0-510c-8d3c-bd8131c63e7f,Mere Preetam Piyare,1960,"Hindi, Non Film",S.D. Burman,,,0
af729799-1840-5648-824c-c4a35f07e5bd,Mere Shyam Suno Meri Binti,1960,"Hindi, Non Film",S.D. Burman,,,0
2670e7ca-4412-5101-a1ae-8902c433fa57,Miss Good Night,1960,"Hindi, Film",Hansraj Behl,Prem Dhawan,H.M.V.,0
7fa1f772-41e3-5bcc-a9c3-64197de3217e,Mitti Men Sona,1960,"Hindi, Film",O.P. Nayyar,"Raja Mehdi Ali Khan, Qamar Jalalabadi, S.H. Bihari",H.M.V.,3.0
8adb99ff-3a96-5f3a-9b56-6d8602cbb45a,Miya Bibi Razi,1960,"Hindi, Film",S.D. Burman,Shailendra,H.M.V.,0
0c30970e-6f51-5746-b45f-172066a7bcd5,Mohabbat Ki Jeet,1960,"Hindi, Film",Mohammed Shafi,Shri Ram Saaz,H.M.V.,0
4a6938c6-fe7e-5239-89c1-20e03cce9f25,More Shyam,1960,"Hindi, Non Film",Khayyam,,Saregama,0
fbe90d44-6bb4-5946-81e1-8197aaa30613,Mr. Superman Ki Waapsi (Return Of Mr. Superman),1960,"Hindi, Film",Anil Biswas,"Manmohan Sabir, Kaif Irfani, Anand Bakshi, Pyarelal Santoshi",H.M.V.,0
a5f67c75-346b-5ea9-9cff-3dbf3c4bf0f0,Mud Mud Ke Na Dekh,1960,"Hindi, Film",Hansraj Behl,Prem Dhawan,H.M.V.,0
6c5cb04f-e85d-57cb-90f2-4eb20dce5f85,Mughal-E-Azam,1960,"Hindi, Film",Naushad,Shakeel Badayuni,H.M.V.,4.5
f111cd3b-d504-55a6-be32-e21258b7e82c,Mukti,1960,"Hindi, Film",Malay Chakraborty - I,"Munir Arzoo Kazmi, Arzoo Lakhnavi",H.M.V.,0
b764542e-6faa-5754-82d0-8e8ef0fc6daf,Nache Nagin Baje Been,1960,"Hindi, Film",Chitragupt,Majrooh Sultanpuri,H.M.V.,0
d0bced28-a476-52e2-b912-2a09621b433b,Nai Maa,1960,"Hindi, Film",Ravi,"Sarvar, Majrooh Sultanpuri, Pyarelal Santoshi",H.M.V.,0
c517febd-2772-5250-84df-643d5cd5842b,Paon Padoon Tore Shyam,1960,"Hindi, Non Film",Khayyam,Madhukar Rajasthani,Saregama,3.0
3359da91-d60c-50d9-9553-7808f323c557,Parakh,1960,"Hindi, Film",Salil Chowdhury,Shailendra,H.M.V.,4.5
12c9c09c-3ff7-5f36-bc57-e26780e91c96,Patang,1960,"Hindi, Film",Chitragupt,Rajendra Krishan,H.M.V.,3.0
322c981c-9cf4-5240-afc4-8c4157b14d7f,Patiyan Likh Likh Haari,1960,"Hindi, Non Film",Khayyam,Madhukar Rajasthani,,0
53dcf9a2-7399-55d6-90e7-f6812017d39c,Pedro,1960,"Hindi, Film",Bulo C. Rani,"Madan Mohan - I, Khawar Zaman, Anwar Farrukhabadi",H.M.V.,0
0a36f545-3738-5424-adb5-623f8d83e1d2,Peele Hari Naam Ka Pyala,1960,"Hindi, Non Film",S.D. Burman,,,0
669d65d4-aec9-53af-941a-39848ecb1297,Phool Aur Kaliyan,1960,"Hindi, Film",Shivram Krishna,Bharat Vyas,H.M.V.,0
46ce0d45-414e-5a58-a4eb-f6b8937a9fb3,Police Detective,1960,"Hindi, Film",Chitragupt,Prem Dhawan,H.M.V.,0
206f5f3b-9bd1-5785-a78c-eca5ea3ede00,Preet Mein Hui Badnaam,1960,"Hindi, Non Film",S.D. Burman,,,0
19156c65-9ce0-588e-bad3-6d2136be59af,Prem Ka Pinjra Ho Gaya Soona,1960,"Hindi, Non Film",S.D. Burman,Raja Mehdi Ali Khan,,0
724d9ffc-a596-5db3-ac1a-fd0bef69575b,Qatil,1960,"Hindi, Film",Nashad,"Farooq Qaiser, Khumar Barabankvi",H.M.V.,0
c99ffff4-82cb-5414-8d4d-30ab34545e74,Ramayan,1960,"Hindi, Film",T.G. Lingappa,Saraswati Kumar Deepak,H.M.V.,0
de7e9084-6015-5785-8f0c-19e1ded48b62,Rangeela Raja,1960,"Hindi, Film",Shivram Krishna,Asad Bhopali,H.M.V.,0
c6756275-c765-510c-882a-f4906d86b98f,Rickshawala,1960,"Hindi, Film",Datta Naik,Jan Nisar Akhtar,H.M.V.,0
0d64395e-84e5-5dc4-b884-a10d341d0548,Road No. 303,1960,"Hindi, Film",C. Arjun,"Jan Nisar Akhtar, Naqsh Lyallpuri",H.M.V.,0
f3ecb793-bc16-53a0-927d-6c9657ff30c5,Safed Ghoda Kala Sawar (Black Rider),1960,"Hindi, Film",Harbans,Naqsh Lyallpuri,H.M.V.,0
e11ea5da-dbb6-539f-9708-0ecf9f934817,Saranga,1960,"Hindi, Film",Sardar Malik,Bharat Vyas,H.M.V.,2.5
6bd37997-5854-5cb9-96c6-4a436c12e608,Sarhad,1960,"Hindi, Film",C. Ramchandra,Majrooh Sultanpuri,H.M.V.,0
dc6680ed-faa8-5ed8-bc96-473bfb44e902,Shan-E-Hind,1960,"Hindi, Film",Sudipt,"Pratap - II, Shyam Hindi, Butaram Sharma, Naqsh Lyallpuri",H.M.V.,0
da9e80fa-284d-556e-923a-e524dd11fd95,Sharif Daku,1960,"Hindi, Film","Hafeez Khan, Arjun Hingorani",Shewan Rizvi,H.M.V.,0
fb5f190b-86cd-59ab-925b-1c2ca785bd82,Shravan Kumar,1960,"Hindi, Film",Shivram Krishna,Bharat Vyas,H.M.V.,0
0075f680-9e23-5adb-b009-86e8ab625840,Shriman Satyawadi,1960,"Hindi, Film",Dattaram Wadkar,"Hasrat Jaipuri, Gulzar Deenvi, Gulshan Bawra",H.M.V.,3.67
e2d30148-56ac-561d-8b2c-538b1a13130c,Singapore,1960,"Hindi, Film",Shankar - Jaikishan,"Shailendra, Hasrat Jaipuri",H.M.V.,3.0
4c898cdb-aeab-5c46-9c97-84d7ee10f10b,Sinhaldweep Ki Sundari,1960,"Hindi, Film",S.N. Tripathi,Bharat Vyas,H.M.V.,0
afe63f68-7ec9-5fd6-85cf-973c8eb78200,Superman,1960,"Hindi, Film",Sardar Malik,Prem Dhawan,H.M.V.,3.0
04975978-b470-58fe-9f11-079fc773f458,Teer Aur Talwar,1960,"Hindi, Film",Nisar,Farooq Qaiser,H.M.V.,0
4091bd0d-3ee3-5749-adf4-b83aa7016ff8,Trunk Call,1960,"Hindi, Film",Ravi,Qamar Jalalabadi,H.M.V.,0
4d4e01f7-f51b-515f-81f2-aa5c71fa0e99,Tu Nahin Aur Sahi,1960,"Hindi, Film",Ravi,"Majrooh Sultanpuri, Asad Bhopali, Shakeel Nomani",H.M.V.,0
93deef99-f874-5575-9975-558df2aafb2d,Tum Aao Rumjhum Karti,1960,"Hindi, Non Film",Khayyam,Madhukar Rajasthani,,0
3ca4266a-50f8-5dc4-beee-d6e591a97289,Usne Kaha Tha,1960,"Hindi, Film",Salil Chowdhury,"Shailendra, Makhdoom Mohiuddin",H.M.V.,3.33
34bcc388-0eb4-520f-b5bf-d9013f6cd924,Veer Durgadas,1960,"Hindi, Film",S.N. Tripathi,Bharat Vyas,H.M.V.,0
ab1dd978-005f-5f6d-869d-0a7b1ca748eb,Yeh Basti Yeh Log,1960,"Hindi, Film",Bhola Shreshtha,"Prem Warbartani, Shewan Rizvi",H.M.V.,3.0
74f8472a-65f2-51d1-a69a-227df76e3e5a,Yun Bekhudi Se,1960,"Hindi, Non Film",Iqbal,Saba Afghani,H.M.V.,0
f396e233-694e-5a6a-b027-dfc730ee5fe5,Zalim Tera Jawab Nahin,1960,"Hindi, Film",S.D. Batish,"Shadab, Farid Tonki, Aziz Siddiqui",H.M.V.,0
75938228-e7a9-530a-96f8-45dd84c4b6cf,Zameen Ke Tare,1960,"Hindi, Film",S. Mohinder,"Anand Bakshi, Pandit Indra, Tanveer Naqvi",H.M.V.,2.5
a2310724-460f-559d-99b6-03f148682a84,Zimbo Comes To Town (Zimbo Shahar Mein),1960,"Hindi, Film",Chitragupt,Prem Dhawan,H.M.V.,0
f46cac84-fe40-5808-bf17-b834ff6815ea,Aas Ka Panchhi,1961,"Hindi, Film",Shankar - Jaikishan,"Hasrat Jaipuri, Shailendra",H.M.V.,3.67
879d7654-ea8c-5a43-a5b5-a5b59dbb3d98,Amar Rahe Ye Pyar,1961,"Hindi, Film",C. Ramchandra,Kavi Pradeep,H.M.V.,4.0
90f303a2-971c-55ad-aab8-6e87b06a2be0,Amrit Manthan,1961,"Hindi, Film",S.N. Tripathi,B.D. Mishra,H.M.V.,0
aad81d87-bc24-55f2-8eda-d534bb3d1001,Anarbala,1961,"Hindi, Film",Bulo C. Rani,Ramesh Chandra Pandey,H.M.V.,0
d3b8158c-a318-5ad9-ad57-292b385649f4,Aplam Chaplam,1961,"Hindi, Film",Chitragupt,Prem Dhawan,H.M.V.,0
1c36b26b-6c96-50ff-83d0-e8f474b65615,Apsara,1961,"Hindi, Film",Husnlal - Bhagatram,"Jan Nisar Akhtar, Qamar Jalalabadi, Gopal Singh Nepali, Hasrat Jaipuri",H.M.V.,0
beed8527-7f60-56b1-8161-3b490392c845,Arab Ka Sitara,1961,"Hindi, Film",Sadat Khan,"Aziz Ghazi, Ehsan Rizvi, Saba Afghani",H.M.V.,0
6a4ddc6c-4c51-5144-be31-b547438dde1d,Bada Admi,1961,"Hindi, Film",Chitragupt,Prem Dhawan,H.M.V.,0
2d06c38a-2670-592b-a37c-d8c667fa4a42,Baghdad,1961,"Hindi, Film",Jamal Sen,Pandit Indra,H.M.V.,0
cadf5499-c3d4-5c99-b985-6cc514dfe24e,Batwara,1961,"Hindi, Film",S. Madan,Majrooh Sultanpuri,H.M.V.,0
1e25d51f-360f-591c-8ec4-1605319c89b0,Bhabhi Ki Chudiyan,1961,"Hindi, Film",Sudhir Phadke,Narendra Sharma,H.M.V.,0
728066c6-24c2-5418-9c13-40342da98600,Bhagwan Balaji,1961,"Hindi, Film",P. Nageshwar Rao,Saraswati Kumar Deepak,H.M.V.,0
53f31dcd-3885-56de-a5a6-ad8b676c9110,Black Shadow,1961,"Hindi, Film",Harbans,Naqsh Lyallpuri,H.M.V.,0
cd1a7ce4-62a6-517a-9613-fa17d5c2c6f1,Boy Friend,1961,"Hindi, Film",Shankar - Jaikishan,"Hasrat Jaipuri, Shailendra",H.M.V.,3.5
b1824bb3-d836-5079-b77e-29841d2625a3,Char Diwari,1961,"Hindi, Film",Salil Chowdhury,Shailendra,H.M.V.,3.0
793c665e-1099-5295-bc5f-b02b3fae3ec9,Chhaya,1961,"Hindi, Film",Salil Chowdhury,Rajinder Krishan,H.M.V.,4.0
f28f10dd-1886-58aa-b3b4-3909e6ef85f6,Chhote Nawab,1961,"Hindi, Film",R.D. Burman,Shailendra,H.M.V.,4.5
3cd3f532-a9a5-5fca-92a6-0718375e72ff,Daku Mansoor,1961,"Hindi, Film",Krishna Kamal,"Chand Pandit, Pandit Gaafil",H.M.V.,3.0
453c4b51-db96-59c4-adcb-ace1ae3bd9f1,Dark Street,1961,"Hindi, Film",Dattaram,"Gulshan Bawra, Indeevar",H.M.V.,0
e7e7d637-d629-5fc9-b7ff-83067f16f3ba,Dekhi Teri Bombai,1961,"Hindi, Film",Vinod,Aziz Kashmiri,H.M.V.,0
3bed593f-d687-57eb-ab24-c47b4e0c7e08,Dharmputra,1961,"Hindi, Film",Datta Naik,"Sahir Ludhianvi, Mohammed Iqbal",H.M.V.,3.5
3a8286f3-0443-5b50-9c29-4d3ae57e0122,Diamond King,1961,"Hindi, Film",Bipin Datta,"Noor Devasi, Kaif Irfani",H.M.V.,0
3d347fae-1958-52a3-9ea8-16283a669bc8,Do Bhai,1961,"Hindi, Film",Datta Naik,Jan Nisar Akhtar,H.M.V.,0
92963d2f-c5b4-5063-b574-e9adecfa573a,Ek Ladki Saat Ladke,1961,"Hindi, Film","Vinod, S. Mohinder",Majrooh Sultanpuri,H.M.V.,0
0bc16f65-9460-59b1-82bc-37712ddc0c69,Elephant Queen,1961,"Hindi, Film",Suresh - Talwar,"Prem Dhawan, Anjaan, Shewan Rizvi",H.M.V.,0
b976b197-f363-5458-9b2f-0eaff2d9db7e,First Love,1961,"Hindi, Film",Dattaram,Gulshan Bawra,H.M.V.,0
32cff5cd-f5d0-5346-b3a8-2839ed333362,Flat No. 9,1961,"Hindi, Film",Usha Khanna,Majrooh Sultanpuri,H.M.V.,3.5
8a0fe06a-91c3-5862-9b58-7fff41f50310,Gharana,1961,"Hindi, Film",Ravi,Shakeel Badayuni,H.M.V.,3.5
915f6265-e449-524f-92e1-ba9c7bba071e,Gunga Jumna,1961,"Hindi, Film",Naushad,Shakeel Badayuni,H.M.V.,3.5
b50e8b97-f9fc-5a4c-939b-54d59a049a48,Gypsy Girl (Dildar),1961,"Hindi, Film",Sardul Kwatra,Aziz Kashmiri,H.M.V.,0
a54794e2-b81f-5de4-b2d3-2cf24fba79ed,Hamari Yaad Aayegi,1961,"Hindi, Film",Snehal Bhatkar,"Kidar Sharma, Kedar Sharma",H.M.V.,4.33
36630422-b38c-5344-9341-5b8f62e49abb,Hum Dono,1961,"Hindi, Film",Jaidev,Sahir Ludhianvi,H.M.V.,4.71
2e224861-7982-54bd-8afa-914fb792ca76,Hum Hain Rahi Pyar Ke,1961,"Hindi, Film",Khayyam,"Jan Nisar Akhtar, Tanveer Naqvi, Raja Mehdi Ali Khan",H.M.V.,3.33
f7ff7729-955a-5783-9a30-b9fe4dcf6898,Hum Matwale Naujawan,1961,"Hindi, Film",Chitragupt,Majrooh Sultanpuri,H.M.V.,0
04926088-611c-51a2-823b-5db0d319b873,Hurricane Express,1961,"Hindi, Film",Harbans,"Naqsh Lyallpuri, Aziz Ghazi, Akhtar Romani",,0
3a55f7c5-dd54-5fee-89f1-3081acf543bd,Jaane Kya Sochkar,1961,"Hindi, Non Film",Salil Chowdhury,Gulzar,,0
63c5bce8-72e6-53cf-b73a-f7c6a0ffb869,Jab Pyar Kisise Hota Hai,1961,"Hindi, Film",Shankar - Jaikishan,"Hasrat Jaipuri, Shailendra",H.M.V.,0
61f2fcf1-5a86-5957-a565-df2df2b1f4df,Jadoo Nagri,1961,"Hindi, Film",S.N. Tripathi,Hasrat Jaipuri,H.M.V.,0
c3db5bc9-b848-5f25-b2bb-b3778dce330c,Jai Bhavani (Rajput Ramani),1961,"Hindi, Film",S. Mohinder,Gopal Singh Nepali,H.M.V.,0
03e645d5-39c5-5b72-8be6-11562ff0d085,Jai Chitod,1961,"Hindi, Film",S.N. Tripathi,Bharat Vyas,H.M.V.,0
7be9a1fb-3c18-5ade-8f27-3b6975abb0bd,Jhumroo,1961,"Hindi, Film",Kishore Kumar,"Majrooh Sultanpuri, Kishore Kumar",H.M.V.,4.33
8b3c1b11-7391-5786-9c99-047ea60c8ee6,Junglee,1961,"Hindi, Film",Shankar - Jaikishan,"Shailendra, Hasrat Jaipuri",H.M.V.,4.4
5c3edadb-d276-547b-afb8-98a6230306d1,Kabuliwala,1961,"Hindi, Film",Salil Chowdhury,"Prem Dhawan, Gulzar",H.M.V.,3.0
333f384a-3f25-59ad-9762-b8811af362c9,Kanch Ki Guriya,1961,"Hindi, Film",Suhrid Kar,Shailendra,H.M.V.,3.0
960234f3-9207-5f75-8296-3d469e60ad6d,Khilari,1961,"Hindi, Film",Sardul Kwatra,Prem Dhawan,H.M.V.,0
25844ceb-15cc-5157-bc23-e37925b5fe86,King of Qawals,1961,"Hindi, Film",Yusuf Azad Qawwal,Sadiq Nizami,H.M.V.,0
f3e4e2c6-e8c9-5dee-a184-fe1975d2732e,Kismet Palat Ke Dekh,1961,"Hindi, Film",Gunjan,"Akhtar Romani, Sadiq Nizami, Kaif Bhopali",H.M.V.,0
10aefb68-c7a7-5f73-806d-32553377fba6,Krorepati,1961,"Hindi, Film",Shankar - Jaikishan,"Shailendra, Hasrat Jaipuri",H.M.V.,0
6c494c92-fc22-5f3b-84c3-c41008ceeb82,Lucky Number,1961,"Hindi, Film",Anil Biswas,"Anand Bakshi, David, Manmohan Sabir",H.M.V.,0
140e1202-c802-5b78-b418-8339afff295f,Madan Manjari,1961,"Hindi, Film",Sardar Malik,Hasrat Jaipuri,H.M.V.,0
7e623185-afc3-53bb-af14-ac68a4ce7966,Main Aur Mera Bhai,1961,"Hindi, Film",C. Arjun,Jan Nisar Akhtar,H.M.V.,3.0
c1d091d7-d820-59bd-bbd0-c7e398f4fc6a,Matlabi Duniya,1961,"Hindi, Film","Sushant Bannerjee, Bharat Mehta, Jayanti Joshi, Jaywant Kulkarni",Ramesh Gupta,H.M.V.,0
9a0595d8-85e4-521c-aea4-7f731ee4bd39,Maya,1961,"Hindi, Film",Salil Chowdhury,Majrooh Sultanpuri,H.M.V.,4.75
3a7e6ca2-dd68-5264-90df-9131a1d2fd9e,Mem Didi,1961,"Hindi, Film",Salil Chowdhury,Shailendra,H.M.V.,3.0
af413762-7f76-5d99-a2ec-3df3c041dc9c,Miss Chal Baaz,1961,"Hindi, Film",Jimmy,"Anwar Farrukhabadi, Akhtar Romani, Khawar Zaman",H.M.V.,0
917b2bfb-8443-5c76-ba83-1b62feaafa08,Modern Girl,1961,"Hindi, Film",Ravi,"Rajendra Krishan, S.H. Bihari, Qamar Jalalabadi, Gulshan Bawra",H.M.V.,0
bd074aed-b2a8-5dc3-95c7-9e91dc43d4d8,Mr. India,1961,"Hindi, Film",G.S. Kohli,"Jan Nisar Akhtar, Anjaan",H.M.V.,0
1c79544f-2da3-5c67-9b7c-be82df488357,Murad,1961,"Hindi, Film",Hanuman Prasad Triloki,Hanuman Prasad Triloki,H.M.V.,0
5cf63dd4-ceb6-5bab-a54b-ca3a3b36ce04,Nathali Se Toota Moti Re,1961,"Hindi, Non Film",Manna Dey,Madhukar Rajasthani,Saregama,0
2ae3ba6f-fd3b-59d9-9e96-c6d5bf6b54e0,Nazrana,1961,"Hindi, Film",Ravi,Rajendra Krishan,H.M.V.,3.0
caf05ccb-ff70-5674-aedd-cac68858f9f8,Night Bird,1961,"Hindi, Film",Iqbal,"Saba Afghani, Aziz Ghazi, Muzaffar Shahjahanpuri",H.M.V.,0
935ad6c9-bd10-5d88-9ef3-3269a7c90f83,Oomar Qaid,1961,"Hindi, Film",Iqbal Qureshi,Hasrat Jaipuri,H.M.V.,0
324d3365-1fea-5659-9e21-c82f3fef8492,Opera House,1961,"Hindi, Film",Chitragupt,Majrooh Sultanpuri,H.M.V.,3.0
e18ea2e4-e653-5ad6-b904-ee25c0867ad5,Passport,1961,"Hindi, Film",Kalyanji - Anandji,"Qamar Jalalabadi, Farooq Qaiser",H.M.V.,0
58fcfe16-b8ec-55d7-af11-70114876ba8f,Piya Milan Ki Aas,1961,"Hindi, Film",S.N. Tripathi,Bharat Vyas,H.M.V.,0
f72b61d7-2ac1-597e-80ca-90afd9f4cf9e,Pyaar Ka Saagar,1961,"Hindi, Film",Ravi,"Prem Dhawan, Asad Bhopali",H.M.V.,3.33
e9c70770-07fe-5032-ac99-ed5d161684ca,Pyar Ki Dastan,1961,"Hindi, Film",Nashad,Sarvar,H.M.V.,0
27d7e0ab-076f-5aa8-8a85-b63c031e1519,Pyar Ki Pyas,1961,"Hindi, Film",Vasant Desai,Bharat Vyas,H.M.V.,3.5
c0b01308-5e6e-5a97-a18c-964b92e5e459,Pyase Panchhi,1961,"Hindi, Film",Kalyanji - Anandji,"Qamar Jalalabadi, Indeevar",H.M.V.,3.33
a164c0e3-488a-515c-af63-de35c2b4b472,Ram Lila,1961,"Hindi, Film",S.N. Tripathi,Prem Dhawan,H.M.V.,2.67
d0eecad9-56b6-5b89-a4c1-814f0c976efe,Ramu Dada,1961,"Hindi, Film",Chitragupt,Majrooh Sultanpuri,H.M.V.,0
52d8da1b-27ee-508a-a856-e8b085ac6cba,Razia Sultana,1961,"Hindi, Film",Lachhiram Tamar,"Kaifi Azmi, Asad Bhopali, Anand Bakshi",H.M.V.,3.33
6bed139e-782b-5e92-9b85-115706b4aefc,Reshmi Roomal,1961,"Hindi, Film",Babul,Raja Mehdi Ali Khan,H.M.V.,3.67
3b2b22bd-0ac6-5892-a5e5-3c0904e5420c,Room No. 17,1961,"Hindi, Film",Bulo C. Rani,"Aziz Kashmiri, Sartaj, Naqsh Lyallpuri, Anwar Farrukhabadi",H.M.V.,0
23ebe797-96d7-5ded-9c16-e84cb42d9861,Roop Ki Rani Choron Ka Raja,1961,"Hindi, Film",Shankar - Jaikishan,"Shailendra, Hasrat Jaipuri",H.M.V.,4.0
705870d4-87ee-5419-90c4-895d338d47a7,Saaya,1961,"Hindi, Film",Ram Ganguly,"S.H. Bihari, Verma Malik, Khawar Zaman",H.M.V.,0
b8f977b1-0aea-51ab-83c9-2a840e53266b,Salaam Mem Saheb,1961,"Hindi, Film",Ravi,"S.H. Bihari, Qamar Jalalabadi, Asad Bhopali",H.M.V.,0
918daf2f-3827-50a8-bbc2-f02a4b5e0044,Sampoorna Ramayana,1961,"Hindi, Film",Vasant Desai,Bharat Vyas,H.M.V.,0
3a66f74b-b55e-5040-9482-17fdecb633b4,Sanjog,1961,"Hindi, Film",Madan Mohan,Rajendra Krishan,H.M.V.,4.5
39439dfe-bb61-5cf7-bcf0-4851e70f19fe,Sapan Suhane,1961,"Hindi, Film",Salil Chowdhury,Shailendra,H.M.V.,3.5
0c41f4c2-992b-5591-8678-70dd0dc1b3e5,Sapera,1961,"Hindi, Film",Ajit Merchant,Indeevar,H.M.V.,0
0db7e7ae-f9f8-51b1-a137-ecec4b12908e,Sara Jahan Hamara,1961,"Hindi, Film",Babul,"Anjum Jaipuri, Qamil Chandpuri, Khawar Zaman, Anjaan",H.M.V.,0
1eec89ec-da42-5e96-b0e0-cf74db9af657,Sasural,1961,"Hindi, Film",Shankar - Jaikishan,"Hasrat Jaipuri, Shailendra",H.M.V.,3.67
34f9ae63-30a5-5e83-8f92-4f6e419e24dc,Sati Renuka (Parsuram Avtar),1961,"Hindi, Film","S.L. Merchant, Shreeram - I",Bharat Vyas,H.M.V.,0
c6c3840a-b6f9-5a16-90cf-1628312e87de,Saugandh,1961,"Hindi, Film",Dilip Dholakia,Prem Dhawan,H.M.V.,0
302e24d6-1432-5b49-88f5-28994d164727,Senapati,1961,"Hindi, Film",Madan Mohan,Rajendra Krishan,H.M.V.,0
80b4874e-f569-5a1e-9f27-39bb582e8bd1,Shahi Farmaan,1961,"Hindi, Film",Harbans,"Akhtar Romani, Naqsh Lyallpuri",H.M.V.,0
eab31890-dff4-5a8b-81ee-d15f2e32a80f,Shama,1961,"Hindi, Film",Ghulam Mohammed,Kaifi Azmi,H.M.V.,3.75
0205507b-f0a6-56bf-b715-223b7ea001fe,Shola Aur Shabnam,1961,"Hindi, Film",Khayyam,"Jan Nisar Akhtar, Kaifi Azmi, Prem Dhawan, Pandit Rammurti, Raja Mehdi Ali Khan",H.M.V.,4.0
4332e15a-02aa-5011-affe-1463fa06554c,Shola Jo Bhadke,1961,"Hindi, Film",Nisar,"Saba Afghani, Shyam Hindi, Tabish Mehmood",H.M.V.,0
866a08f3-4f3d-59bb-94b8-f4f2950f92ae,State Express,1961,"Hindi, Film",Gunjan,Shakeel Nomani,H.M.V.,0
421eff52-1856-53c0-a506-b0c12470a6d4,Stree,1961,"Hindi, Film",C. Ramchandra,Bharat Vyas,H.M.V.,2.5
3d369aaa-7c32-5d52-9825-fd1c3a8502a5,Suhaag Sindoor,1961,"Hindi, Film",Chitragupt,Rajendra Krishan,H.M.V.,3.0
5d1d9955-44ce-5f96-86d6-897de7dee1c4,Taare Daaman Se Gareban Ko Siya Karte Hain,1961,"Hindi, Non Film",Salil Chowdhury,Gulzar,,0
16d66eb1-3bc1-5cd9-b655-fb0e1b26e9a1,Tel Malish Boot Polish,1961,"Hindi, Film",Chitragupt,Prem Dhawan,H.M.V.,0
05491761-bf8f-504b-b53b-f7fecf646c1b,Vazir-E-Azam,1961,"Hindi, Film",Robin Banerjee,Hairat Sitapuri,H.M.V.,0
25a2df8c-1267-5a05-a36e-2d1f91e2fbdf,Wanted,1961,"Hindi, Film",Ravi,Shakeel Badayuni,H.M.V.,0
5edc578f-384f-5668-bea2-13b97c29ff9e,Warrant,1961,"Hindi, Film",Roshan,"Prem Dhawan, Anand Bakshi",H.M.V.,0
b4dbb19d-45e0-5d45-9518-1659ceb4e982,Zabak,1961,"Hindi, Film",Chitragupt,Prem Dhawan,H.M.V.,4.0
08d771e6-9827-5ad4-9e82-b63c42ec7383,Zamana Badal Gaya,1961,"Hindi, Film",Iqbal Qureshi,"Aziz Kaisi, H.A. Rahbar",H.M.V.,0
5fcecf82-64cf-587c-b3ec-f2a37e2ac783,Zindagi Aur Khwab,1961,"Hindi, Film",Dattaram Wadkar,Kavi Pradeep,H.M.V.,3.5
9d0d47c3-778c-5792-b367-c6c3a1c53e3c,Aarti,1962,"Hindi, Film",Roshan,Majrooh Sultanpuri,H.M.V.,3.33
a73f1dc8-15d0-5e96-be5a-472b22cc34e6,Aashiq,1962,"Hindi, Film",Shankar - Jaikishan,"Shailendra, Hasrat Jaipuri",H.M.V.,3.0
f93107bf-5626-599c-97fd-4949f4980dca,Ankh Micholi,1962,"Hindi, Film",Chitragupt,Majrooh Sultanpuri,H.M.V.,0
29482fc9-082a-59e9-8e54-c97b70f81976,Anpadh,1962,"Hindi, Film",Madan Mohan,Raja Mehdi Ali Khan,H.M.V.,4.89
6cfdc56d-5476-5643-8e64-fce4a1390142,Apna Banake Dekho,1962,"Hindi, Film",Ravi,"S.H. Bihari, Asad Bhopali",H.M.V.,0
1f981881-cdc7-5d7a-ad88-09acc5e3f97f,Asli Naqli,1962,"Hindi, Film",Shankar - Jaikishan,"Hasrat Jaipuri, Shailendra",H.M.V.,3.67
064e29b9-75cd-5966-a618-b7b37bb42998,Baaje Ghungroo,1962,"Hindi, Film",Dhaniram,"Raja Mehdi Ali Khan, Shivraj Shrivastav, Madan Mohan - I",H.M.V.,0
876fe4c0-9035-59df-a0c2-44de034540a5,Baat Ek Raat Ki,1962,"Hindi, Film",S.D. Burman,Majrooh Sultanpuri,H.M.V.,4.33
f6d8120b-5f1e-5a01-aaed-d5afe3aaf11b,Bagdad Ki Raaten (Abu Hasan),1962,"Hindi, Film",Dilip Dholakia,Prem Dhawan,H.M.V.,0
032d423a-9072-5a89-8ea7-7ea5438801d3,Banarasi Thug,1962,"Hindi, Film",Iqbal Qureshi,"Hasrat Romani, Akhtar Warsi, Gulshan Bawra, Prem Dhawan, Aziz Kaisi",H.M.V.,0
8010367b-90cc-5b37-8a99-2aa5e9ee7f00,Banke Sanwaria,1962,"Hindi, Film",S. Mohinder,Anand Bakshi,H.M.V.,0
fdb6bda6-02a1-5010-b4c2-746ece5ca44c,Bees Saal Baad,1962,"Hindi, Film",Hemant Kumar,Shakeel Badayuni,H.M.V.,3.67
1aad5c41-30ad-5931-bc75-534005db55de,Bezuban,1962,"Hindi, Film",Chitragupt,Prem Dhawan,H.M.V.,3.0
8755d246-6476-5a2a-aaeb-5bba7fa35dce,Bombay Ka Chor,1962,"Hindi, Film",Ravi,"Shailendra, Rajendra Krishan",H.M.V.,0
6651ca84-0bb7-550b-94d2-c1ee0401c823,Burmah Road,1962,"Hindi, Film",Chitragupt,Majrooh Sultanpuri,H.M.V.,3.0
510bcb75-3130-5b91-8448-d4cef62f5d4b,Chalo Sipahi Chalo,1962,"Hindi, Non Film",Iqbal Qureshi,Shamsheer,H.M.V.,0
43537f0f-c204-506a-8471-9e053d4a32ad,China Town,1962,"Hindi, Film",Ravi,Majrooh Sultanpuri,H.M.V.,4.67
af58ab2d-2832-5b19-b82b-f6016cc50328,Dil Tera Deewana,1962,"Hindi, Film",Shankar - Jaikishan,"Hasrat Jaipuri, Shailendra",H.M.V.,3.67
70f830be-780a-5f09-955c-7e4a61be3922,Dilli Ka Dada,1962,"Hindi, Film",Datta Naik,"Jan Nisar Akhtar, Sahir Ludhianvi",H.M.V.,0
e4503066-d670-5e51-b056-33df61244303,Dr. Vidya,1962,"Hindi, Film",S.D. Burman,"Majrooh Sultanpuri, Raja Mehdi Ali Khan",H.M.V.,4.0
01b0ba9e-af26-5892-b113-90327f6db6d0,Durga Pooja,1962,"Hindi, Film",Shivram,Pandit Indra,H.M.V.,0
746d5973-c545-5be8-85b3-a2eece75ad3a,Ek Musafir Ek Hasina,1962,"Hindi, Film",O.P. Nayyar,"Raja Mehdi Ali Khan, S.H. Bihari, Shewan Rizvi",H.M.V.,0
e2b1b717-45a7-5ca8-91b7-0cc10e833d01,Gangu,1962,"Hindi, Film",Kalyanji - Anandji,Prem Dhawan,H.M.V.,0
5c2638ba-ed8f-58f0-b100-b3ad990c533a,Girls Hostel,1962,"Hindi, Film",Ravi,"Hasrat Bhopali, Gulshan Bawra, S.H. Bihari",H.M.V.,3.0
e293a567-9abc-5fb0-ade1-a8da914ed156,Gyara Hazar Ladkian,1962,"Hindi, Film",Datta Naik,"Majrooh Sultanpuri, Kaifi Azmi",H.M.V.,3.0
76689e01-c33c-5775-a017-240b74d12b52,Half Ticket,1962,"Hindi, Film",Salil Chowdhury,Shailendra,H.M.V.,3.67
2be102dd-13e7-57ae-87a3-d41a0e1d6233,Hariyali Aur Rasta,1962,"Hindi, Film",Shankar - Jaikishan,"Hasrat Jaipuri, Shailendra",H.M.V.,4.0
4517899c-d410-5e98-ac4f-ab6a4ccc17bc,Hawa Mahal,1962,"Hindi, Film",Avinash Vyas,"Raja Mehdi Ali Khan, Aziz Kashmiri, Deepak - II",,0
882b068e-a6f3-586c-8e77-adddc62c206a,Hong Kong,1962,"Hindi, Film",O.P. Nayyar,"Raja Mehdi Ali Khan, S.H. Bihari, Shewan Rizvi, Qamar Jalalabadi",H.M.V.,3.0
86ecf1b3-cffe-5f66-9e18-7145390088c8,Issi Ka Naam Duniya Hai,1962,"Hindi, Film",Ravi,S.H. Bihari,H.M.V.,0
96ead8b6-5dec-576e-8f76-ebad63903155,Jadoo Mahal,1962,"Hindi, Film",Bulo C. Rani,Shewan Rizvi,H.M.V.,0
e6b5f5a5-4a16-5de0-a66c-cf8c2335fddb,Jadugar Daku,1962,"Hindi, Film",S.N. Tripathi,Prem Dhawan,H.M.V.,0
43915828-10e5-575f-a04e-e55185ced787,Jhoola,1962,"Hindi, Film",Salil Chowdhury,Rajendra Krishan,H.M.V.,3.0
ea7fc94b-69fb-547d-aac0-d3730f28f2f2,Kailashpati,1962,"Hindi, Film",Avinash Vyas,Madan,H.M.V.,0
a2d005ea-1b39-58c1-88e3-939a46cf9f06,Kala Chashma,1962,"Hindi, Film",Sardul Kwatra,"Bismil Ludhianvi, Gulshan Bawra",H.M.V.,0
2585aab7-e336-588a-9ae5-93090c60f67b,Kala Samunder,1962,"Hindi, Film",Datta Naik,"Anand Bakshi, Ram Prakash Ashq, Sahir Ludhianvi",H.M.V.,0
25096744-89b2-5e3d-8b53-96530172e79e,King Kong,1962,"Hindi, Film",Chitragupt,Majrooh Sultanpuri,H.M.V.,3.0
d2c70473-9b5f-5329-937d-ceecf5dfed55,Maa Beta,1962,"Hindi, Film",Hemant Kumar,Prem Dhawan,H.M.V.,3.67
b0f5e552-0c33-55a6-9b1c-7e1ef3d5d80c,Madame Zorro,1962,"Hindi, Film",Bulo C. Rani,Shewan Rizvi,H.M.V.,0
857116bc-2dcb-50f1-bf79-411ce8c5ab3d,Main Chup Rahungi,1962,"Hindi, Film",Chitragupt,Rajendra Krishan,H.M.V.,0
9359f5cc-c36f-535c-b46f-df12770d953d,Main Shadi Karne Chala,1962,"Hindi, Film",Chitragupt,Majrooh Sultanpuri,H.M.V.,0
798fb534-713d-5d25-9adf-7e07e0c5169e,Mall Road,1962,"Hindi, Film",Sudarshan - V,"Prem Warbartani, Viren Dablish, Naqsh Lyallpuri",H.M.V.,0
fc9280be-e537-5a97-b786-0006cf1df9ab,Man-Mauji,1962,"Hindi, Film",Madan Mohan,Rajendra Krishan,H.M.V.,0
cb73ff55-e5e6-545b-8523-d90311246e2d,Manchali (Badla),1962,"Hindi, Film",Jamal Sen,S.R. Saaz,H.M.V.,0
f1b01d82-9c32-5bf5-8bba-5a79602479c6,Maya Jaal (Jadugar),1962,"Hindi, Film",S.N. Tripathi,"Prem Dhawan, Qamar Jalalabadi",H.M.V.,0
3246bacc-7705-5b0e-a666-54d017d65949,Mehndi Lagi Mere Haath,1962,"Hindi, Film",Kalyanji - Anandji,Anand Bakshi,H.M.V.,3.0
eb3e7a18-eeda-517a-8190-d9f09b441a3e,Meri Bahen,1962,"Hindi, Film",Dhaniram,Pandit Indra,,0
e61d011c-4b31-5870-ab88-6e4fefa6543a,Naag Devta,1962,"Hindi, Film",S.N. Tripathi,"Qamar Jalalabadi, Prakash Mehra",H.M.V.,0
f88d443e-649b-5fbb-91bf-d7987d557bbb,Nakli Nawab,1962,"Hindi, Film",Babul,"Kaifi Azmi, Raja Mehdi Ali Khan",H.M.V.,0
53700134-6c32-5fa1-b671-c7369c78992a,Naughty Boy,1962,"Hindi, Film",S.D. Burman,Shailendra,H.M.V.,0
b428860b-9061-5fc4-9af8-4262fbd27108,Neeli Aankhen,1962,"Hindi, Film",Dattaram Wadkar,Gulshan Bawra,H.M.V.,0
0e050886-f9b4-5859-be2e-e933fe0ce0d9,Pathan,1962,"Hindi, Film","Jimmy, Dattraj - Shyambabu, Fakir Mohammad - Asar, Brij Bhushan, David - III","Khawar Zaman, Nazeem Jaipuri, Aish Kanwal, Anjum Jaipuri, Bal Kishan Puri",H.M.V.,0
10ca7477-975e-55dd-a927-308d476cb575,Pick Pocket,1962,"Hindi, Film",Sardar Malik,"Prem Dhawan, Gulshan Bawra, Kaif Irfani",H.M.V.,0
539c632b-7fc7-56ab-856a-736574479076,Prem Patra,1962,"Hindi, Film",Salil Chowdhury,"Rajendra Krishan, Gulzar",H.M.V.,3.67
d7475989-61bb-5073-8796-41b713552ea9,Private Detective (C.I.D. Inspector),1962,"Hindi, Film",S. Kishan,"Nazar Hindi, Hairat Sitapuri",H.M.V.,0
05a74eea-619e-5efb-86d6-657277d44635,Private Secretary,1962,"Hindi, Film",Dilip Dholakia,Prem Dhawan,H.M.V.,3.0
287b8066-680a-58b8-b096-43db9950b70a,Professor,1962,"Hindi, Film",Shankar - Jaikishan,"Hasrat Jaipuri, Shailendra",H.M.V.,4.33
e4f39c1c-5135-54e4-9a52-8581bab5e00a,Pyar Ki Jeet,1962,"Hindi, Film",Sudhir Phadke,Qamar Jalalabadi,H.M.V.,0
bd0b3525-8f2c-5632-aec7-fadcd8f8da53,Raaz Ki Baat,1962,"Hindi, Film",Robin Banerjee,Hairat Sitapuri,H.M.V.,0
1bd05511-7a5b-546d-bcae-96a43800854c,Rakhi,1962,"Hindi, Film",Ravi,Rajendra Krishan,H.M.V.,3.0
c413c404-3105-50d5-b32b-9869421def37,Rang Raliyan,1962,"Hindi, Film","Vinod, Sushant Bannerjee, Lachhiram",Aziz Kashmiri,H.M.V.,0
20fb5df0-986b-578a-a39a-4bcb4d3aa170,Rashtraveer Shivaji,1962,"Hindi, Film",Suresh - Talwar,Anjaan,H.M.V.,0
319d3d7b-4367-59a9-b292-08319cd0b38e,Reporter Raju,1962,"Hindi, Film",S. Mohinder,"Anand Bakshi, Anjaan, Shakeel Nomani, Raja Mehdi Ali Khan",H.M.V.,0
2f86d5d4-670b-5ad9-b840-d417f45a39ec,Rocket Girl,1962,"Hindi, Film",Chitragupt,Prem Dhawan,H.M.V.,0
225a763f-ca6b-5586-ab13-8f3c76285f11,Rooplekha,1962,"Hindi, Film",Nashad,Farooq Qaiser,H.M.V.,0
b12b7ad5-626d-5f4f-8474-0f1926aa590a,Rungoli,1962,"Hindi, Film",Shankar - Jaikishan,"Hasrat Jaipuri, Shailendra",H.M.V.,4.0
e87a45cc-f772-5bb4-8bff-9ede4bdebde4,Sachche Moti (Rajoo),1962,"Hindi, Film",Datta Naik,Sahir Ludhianvi,H.M.V.,3.0
fef8d978-8516-5a5c-aaff-aa1017ce95a4,Sahib Bibi Aur Ghulam,1962,"Hindi, Film",Hemant Kumar,Shakeel Badayuni,H.M.V.,3.0
b2424cbd-1f59-5095-aeeb-28faaf033ff8,Sakhi Robin,1962,"Hindi, Film",Robin Banerjee,Yogesh Gaud,H.M.V.,0
a3a9c45b-a73a-5c78-9023-32118eaf78c8,Sangeet Samrat Tansen,1962,"Hindi, Film","S.N. Tripathi, Tansen, Swami Haridas","Shailendra, Tansen, Swami Haridas",H.M.V.,0
d0949c25-eaef-54b7-af51-27e5efb9d51b,Sautela Bhai,1962,"Hindi, Film",Anil Biswas,Shailendra,H.M.V.,0
f426da54-7a22-5a60-8d7c-c56c2a96e632,Shaadi,1962,"Hindi, Film",Chitragupt,Rajendra Krishan,H.M.V.,0
d757cc39-4ac1-5a11-928e-2decbd3201f5,Sher Khan,1962,"Hindi, Film",S.N. Tripathi,Prem Dhawan,H.M.V.,0
101d3c13-3fb7-568c-ad24-2e5ac970bca0,Shiv Parvati,1962,"Hindi, Film",S.N. Tripathi,"Saraswati Kumar Deepak, Prem Dhawan, Shailendra",H.M.V.,0
25c5b1fc-f449-5bff-bd9b-ce2fc8403dce,Shree Ganesh,1962,"Hindi, Film","Bulo C. Rani, S.N. Tripathi","Traditional, Pandit Madhur, Ramesh Pandey, Indeevar",H.M.V.,0
934e797e-bbd2-541a-9aad-8daf5a9dfe2e,Son Of India,1962,"Hindi, Film",Naushad,Shakeel Badayuni,H.M.V.,4.0
38ec08bd-b6bc-5384-b9b8-406ded6a0b0d,Soorat Aur Seerat,1962,"Hindi, Film",Roshan,Shailendra,H.M.V.,0
f766a6e3-1624-59aa-92eb-853994af13cd,Tilasmi Duniya,1962,"Hindi, Film",Suresh - Talwar,"Aakash - II, Akhtar Lakhnavi, Talib Shahdarzi, Anjaan, Sartaj Romani",H.M.V.,0
6637a9e5-f2eb-5a5b-9fba-e7172de54993,Tower House,1962,"Hindi, Film",Ravi,"Asad Bhopali, S.H. Bihari",H.M.V.,3.0
a1ea5e7f-247e-57d5-aad5-05e4dc04916f,Vallah Kya Baat Hai,1962,"Hindi, Film",Roshan,"Prem Dhawan, Anand Bakshi",H.M.V.,3.0
d0241ed1-d265-55ac-bcef-66fdb4b9332b,Zindgi Aur Hum,1962,"Hindi, Film",Roshan,"Pandit Shivkumar, Veer Muhmmad Puri",H.M.V.,0
74147580-151c-5933-8476-fd88d67aaef3,Aaj Aur Kal,1963,"Hindi, Film",Ravi,Sahir Ludhianvi,H.M.V.,3.5
1dee4ae1-ac28-50f2-bc9f-5c0ac3636b36,Aaj Gagan Se Chanda Utra,1963,"Hindi, Non Film",J.P. Kaushik,Madhukar Rajasthani,Saregama,3.0
f3214e0b-067e-5187-82d0-afbb887d7e50,Aik Tha Alibaba,1963,"Hindi, Film",Hansraj Behl,Prem Dhawan,H.M.V.,0
cfab397d-fc5c-5699-b52b-f35a04ebf910,Akela,1963,"Hindi, Film",Datta Naik,Rajendra Krishan,H.M.V.,0
dcf2e669-5008-5fe0-bacb-5902681f5c11,Akeli Mat Jaiyo,1963,"Hindi, Film",Madan Mohan,Majrooh Sultanpuri,H.M.V.,3.5
8358255b-0a7d-51ee-85dd-fc372115c384,Awara Abdulla,1963,"Hindi, Film",Datta Naik,Asad Bhopali,H.M.V.,0
f7f3c821-c6af-5869-aac0-49baefe06ff9,Bachpan,1963,"Hindi, Film",Sardar Malik,Hasrat Jaipuri,H.M.V.,0
7a7ba9d3-e583-5332-9519-8b15c5af801b,Baharon Se Keh Do Mere Ghar Na Aayen,1963,"Hindi, Non Film",Kishore Desai,Shiv Kumar Saroj,Saregama,0
0edc0eff-73de-5fae-9730-f575c9e132f6,Bahurani,1963,"Hindi, Film",C. Ramchandra,Sahir Ludhianvi,H.M.V.,2.5
7a1c5522-189b-52f7-bbf0-835304f7237b,Band Master,1963,"Hindi, Film",Chitragupt,Prem Dhawan,H.M.V.,0
dee127f0-7b98-5c16-8868-9561491a37e7,Bandini,1963,"Hindi, Film",S.D. Burman,"Shailendra, Gulzar",H.M.V.,4.0
c9fc2c58-6d00-55d8-b737-deec4e1f53ee,Been Ka Jadoo,1963,"Hindi, Film",S.N. Tripathi,B.D. Mishra,H.M.V.,0
d6d258a2-cb3f-5a43-b5db-fe049ceddc69,Begana,1963,"Hindi, Film",Sapan - Jagmohan,Shailendra,H.M.V.,3.5
09b4fea0-f714-5276-a31d-96edb2176230,Bharosa,1963,"Hindi, Film",Ravi,Rajendra Krishan,H.M.V.,4.0
00d9e3ed-90b4-557f-a6c9-9c45e949b9c8,Bhootnath,1963,"Hindi, Film",Vedpal,"Keshav Trivedi, Anjaan, Yusuf - II",H.M.V.,0
6d999cf9-9ba3-541a-822c-a740862665aa,Bin Badal Barsaat,1963,"Hindi, Film",Hemant Kumar,Shakeel Badayuni,H.M.V.,3.67
5fa3b86e-dbd1-5270-9bf3-b06a4edd7083,Black Prince (Yuvraj),1963,"Hindi, Film",Dulal Sen,Upendra,H.M.V.,0
8fe1b9c2-a82d-5231-8981-516a682e7d32,Bluff Master,1963,"Hindi, Film",Kalyanji - Anandji,Rajendra Krishan,H.M.V.,3.0
1fce3d3d-6d71-5c71-8630-75b91635c678,Captain Sheroo,1963,"Hindi, Film",S. Mohinder,"Naqsh Lyallpuri, Raja Mehdi Ali Khan",H.M.V.,0
4ea0b488-859c-51fd-94b0-177278cc82b1,Chandrashekhar Azad,1963,"Hindi, Film",Sardul Kwatra,Prem Dhawan,,0
6d13be6a-349e-58e1-b04e-dcedb6aa6737,Cobra Girl (Naag Rani),1963,"Hindi, Film",S.N. Tripathi,Prem Dhawan,H.M.V.,0
d52ce731-1e46-5050-9794-2c833aedf86a,Commercial Pilot Officer,1963,"Hindi, Film",Roshan,Anand Bakshi,H.M.V.,2.5
5b73fdc2-c136-580b-84d7-c8203b6899a2,Dekha Pyar Tumhara,1963,"Hindi, Film",Raj Ratan,Majrooh Sultanpuri,H.M.V.,0
3998fe93-7c86-5279-9478-b25f18f3fae3,Dev Kanya,1963,"Hindi, Film",S.N. Tripathi,B.D. Mishra,H.M.V.,0
91816de1-b95b-5960-90ff-8919b1c29d52,Dil Ek Mandir,1963,"Hindi, Film",Shankar - Jaikishan,"Hasrat Jaipuri, Shailendra",H.M.V.,3.5
b2605f55-e244-5652-a9c7-1e7647500530,Dil Hi To Hai,1963,"Hindi, Film",Roshan,Sahir Ludhianvi,H.M.V.,3.67
418a1745-8348-57fb-9f3c-6e4ae2a8cfb0,Ek Dil Sao Afsane,1963,"Hindi, Film",Shankar - Jaikishan,"Shailendra, Hasrat Jaipuri",H.M.V.,4.0
df1815ed-9955-59be-9695-780be87ec156,Ek Raaz,1963,"Hindi, Film",Chitragupt,Majrooh Sultanpuri,H.M.V.,3.5
f0267586-e191-52e5-8c6f-37af90b08098,Faulad,1963,"Hindi, Film",G.S. Kohli,"Farooq Qaiser, Anjaan",H.M.V.,0
fd71e142-30a4-5251-92ff-e643e43aaaa7,Gehra Daag,1963,"Hindi, Film",Ravi,Shakeel Badayuni,H.M.V.,3.0
ac02f4a3-c59a-5f20-8f12-f2f1c7dc6bde,Ghar Basake Dekho,1963,"Hindi, Film",Chitragupt,Rajendra Krishan,H.M.V.,3.0
f319b96b-1c9a-507b-b078-084925407408,Go-Daan,1963,"Hindi, Film",Pandit Ravi Shankar,Anjaan,H.M.V.,3.0
b7d543df-5677-593f-9d28-0492139c29f2,Grahasti,1963,"Hindi, Film",Ravi,Shakeel Badayuni,H.M.V.,2.5
0e9d34e6-6396-5979-a6c4-ee1937604d26,Gul-E-Bakawali,1963,"Hindi, Film",Hansraj Behl,"Naqsh Lyallpuri, Prem Warbartani, Gulshan Bawra, Noor Devasi, Shyam Ralhan",Angel,0
1874f2fe-8bb1-578e-9962-68cdd5fde477,Gumrah,1963,"Hindi, Film",Ravi,Sahir Ludhianvi,H.M.V.,4.0
24ff76a3-35b2-57e8-8a39-03eb1852ee15,Hamrahi,1963,"Hindi, Film",Shankar - Jaikishan,"Shailendra, Hasrat Jaipuri",H.M.V.,2.5
a64f1bff-8954-51a9-8f8c-8858d6969e06,Harishchandra Taramati,1963,"Hindi, Film",Laxmikant - Pyarelal,Kavi Pradeep,H.M.V.,3.0
ed25bde7-e67a-5b2f-8d25-a884f4daef20,Holiday In Bombay,1963,"Hindi, Film",Datta Naik,"Anjaan, Anwar Farrukhabadi, Anand Bakshi, P.L. Santoshi",H.M.V.,0
a2e5eb24-25d7-58ad-b05d-2cbaf609cafe,Jab Se Tumhen Dekha Hai,1963,"Hindi, Film",Dattaram,"Shailendra, Anand Bakshi",H.M.V.,0
20b898cd-2a4b-5a40-be8d-1c46a7baaacf,Jitne Door Utne Paas,1963,"Hindi, Film",C. Ramchandra,Shakeel Badayuni,H.M.V.,0
71bde78b-b641-5d35-9181-160d1ccc91d1,Jungle Boy,1963,"Hindi, Film",Suresh - Talwar,Anjaan,H.M.V.,0
5a1d7829-4867-5ad2-8c32-f3942986d205,Kabli Khan,1963,"Hindi, Film",Chitragupt,Majrooh Sultanpuri,H.M.V.,3.0
eefbe7b0-051a-59c2-993e-6fdee2e5dbfd,Kahin Pyar Na Ho Jaye,1963,"Hindi, Film",Kalyanji - Anandji,"Qamar Jalalabadi, Asad Bhopali, Anand Bakshi, Gulshan Bawra, Indeevar",H.M.V.,0
124e7ad9-4022-54a0-a2d1-3069f003491b,Kan Kan Men Bhagwan,1963,"Hindi, Film",Shivram,Bharat Vyas,H.M.V.,0
2e0774dc-109d-5cdb-9f79-339bc3a7e40a,Kaun Apna Kaun Paraya,1963,"Hindi, Film",Ravi,Shakeel Badayuni,H.M.V.,3.33
c500faf4-5726-59d0-9ee4-85cab2a7f90e,Kinare Kinare,1963,"Hindi, Film",Jaidev,Nyay Sharma,H.M.V.,0
53c86087-95c6-5da6-8d7c-d2fda47b6dcf,Magic Box (Jadooi Sandook),1963,"Hindi, Film",Bulo C. Rani,Indeevar,H.M.V.,0
9734432d-15af-5d2a-89d9-ba46fe7f36e1,Mere Arman Mere Sapne,1963,"Hindi, Film",Datta Naik,Rajendra Krishan,H.M.V.,0
0c13a64f-4213-595f-b501-bee5be4be26a,Mere Mehboob,1963,"Hindi, Film",Naushad,Shakeel Badayuni,H.M.V.,4.25
449b408d-86cf-5a6d-8bd6-a946f0f1c55f,Meri Surat Teri Ankhen,1963,"Hindi, Film",S.D. Burman,Shailendra,H.M.V.,4.0
935e9f9b-9f55-5622-9401-03130b1abff3,Mujhe Jeene Do,1963,"Hindi, Film",Jaidev,"Sahir Ludhianvi, Traditional",H.M.V.,3.5
35973a7a-9499-57e2-98cb-c2c93d82d8fc,Mulzim,1963,"Hindi, Film",Ravi,Shakeel Badayuni,H.M.V.,0
c0c384c1-73ca-5193-8e28-5f2890950927,Mummy Daddy,1963,"Hindi, Film",Chitragupt,Prem Dhawan,H.M.V.,0
1128026d-cd18-5c97-97e6-40fb85a7d5ed,Naag Jyoti,1963,"Hindi, Film",Sardar Malik,Bharat Vyas,H.M.V.,0
dac56c5c-5ee1-52e9-9c6d-c4c705bc886d,Naag Mohini,1963,"Hindi, Film",Sardar Malik,Bharat Vyas,H.M.V.,2.5
cd64297d-6bce-53df-85c8-8959fe91be7a,Nartakee,1963,"Hindi, Film",Ravi,Shakeel Badayuni,H.M.V.,3.0
2163d682-524f-5b7f-8a19-5122d4566938,Parasmani,1963,"Hindi, Film",Laxmikant - Pyarelal,"Farooq Qaiser, Asad Bhopali, Indeevar",H.M.V.,3.67
4ced7923-17d4-5d36-af21-961cd0783945,Pareeksha,1963,"Hindi, Film",S.N. Tripathi,Shri Ram Saaz,H.M.V.,0
e781de30-48fb-53a4-b12f-19efc9a17d7d,Patal Nagari,1963,"Hindi, Film",B.N. Bali,"Sajan Bihari, B.D. Mishra",H.M.V.,0
8597e70b-f880-5771-8bf0-d33eaa7d3f27,Phir Wohi Dil Laya Hoon,1963,"Hindi, Film",O.P. Nayyar,Majrooh Sultanpuri,H.M.V.,4.67
df118c22-025f-5b25-b7ed-35a8df4d20cf,Phool Bane Angaare,1963,"Hindi, Film",Kalyanji - Anandji,Anand Bakshi,H.M.V.,3.0
4ca97579-3749-5dc6-a355-3a268edfbd75,Pyar Ka Bandhan,1963,"Hindi, Film",Ravi,"Naqsh Lyallpuri, Sahir Ludhianvi, Qamar Jalalabadi",H.M.V.,0
4e091579-acd3-5517-a55a-393426af28e9,Pyar Kiya To Darna Kya,1963,"Hindi, Film",Ravi,Shakeel Badayuni,H.M.V.,3.33
4fc25e3b-cdbe-540f-93fc-1a5b73353c99,Raja,1963,"Hindi, Film",S.N. Tripathi,"Prem Dhawan, Anand Bakshi",H.M.V.,0
e2144d9a-e5a6-59bc-9aff-8c00b54dab9c,Rocket Tarzan,1963,"Hindi, Film",Robin Banerjee,Yogesh Gaud,H.M.V.,0
0e2c41b1-db48-543e-ade2-22e5f7d57f28,Royal Mail,1963,"Hindi, Film",Avinash Vyas,Indeevar,H.M.V.,3.0
eb6bbc13-3ff3-5a26-b293-ac23ecdf2c24,Rustam Sohrab,1963,"Hindi, Film",Sajjad Hussain,"Qamar Jalalabadi, Jan Nisar Akhtar",H.M.V.,4.56
214d8b57-b1b1-5053-8f6c-927706ec674d,Rustom-E-Baghdad,1963,"Hindi, Film",Datta Naik,Asad Bhopali,H.M.V.,0
70b2b746-e486-5f17-b1c4-c1194ae14e77,Sehra,1963,"Hindi, Film",Ram Lal,Hasrat Jaipuri,H.M.V.,3.0
3e84aad8-3f32-5a2a-8f5b-0ac12f1b715d,Shaheed Bhagat Singh,1963,"Hindi, Film",Husnlal - Bhagatram,"Qamar Jalalabadi, Bismil Azimabadi",,0
1018a1a9-205c-5baf-ab27-7b1f06ff40db,Shehar Aur Sapna,1963,"Hindi, Film",J.P. Kaushik,Ali Sardar Jafri,,0
3f9ad382-5eed-5a42-af7c-7a38de377c25,Shikari,1963,"Hindi, Film",G.S. Kohli,"Farooq Qaiser, Qamar Jalalabadi",H.M.V.,3.5
615c7d71-b644-5479-aa1d-7836b8347c4c,Sunehri Nagin,1963,"Hindi, Film",Kalyanji - Anandji,"Farooq Qaiser, Vedpal, Gulshan Bawra, Anand Bakshi, Indeevar",H.M.V.,0
f20686c2-129b-5f74-a719-625c7095f61c,Taj Mahal,1963,"Hindi, Film",Roshan,Sahir Ludhianvi,H.M.V.,4.93
66a96055-6dad-5ebe-b84b-d1472db69f43,Tarzan Aur Jadugar,1963,"Hindi, Film",Suresh - Talwar,Zafar Rahi,,0
f21ad0c9-3901-51df-93dd-dd2fcc79bbae,Tere Ghar Ke Samne,1963,"Hindi, Film",S.D. Burman,Hasrat Jaipuri,H.M.V.,3.75
32772178-ca55-553d-b504-533f9447fdad,Tere Labon Ke Muqabil Gulaab,1963,"Hindi, Non Film",Kishore Desai,Shiv Kumar Saroj,Saregama,0
6b97a80f-0045-57ce-97af-e722860c72f6,Ustadon Ke Ustad,1963,"Hindi, Film",Ravi,Asad Bhopali,H.M.V.,3.0
f01dd7ed-2733-5ca6-a06f-f529d033f32d,Ye Dil Kisko Doon,1963,"Hindi, Film",Iqbal Qureshi,Qamar Jalalabadi,H.M.V.,3.5
5aafef80-e7d1-5bcf-a9fe-36993e70519a,Yeh Rastey Hain Pyar Ke,1963,"Hindi, Film",Ravi,Rajendra Krishan,H.M.V.,3.0
146a1e55-f319-56f4-9270-c1d0bdae2805,Zaraak Khan,1963,"Hindi, Film",S. Mohinder,"Saba Rampuri, Anand Bakshi",H.M.V.,0
348266fd-d25f-5678-ba5d-2163eaac1a57,Zingaro,1963,"Hindi, Film",S.N. Tripathi,Prem Dhawan,H.M.V.,0
f42e5093-d5d9-5e6b-9885-37d88fd0c941,Aandhi Aur Toofan,1964,"Hindi, Film",Robin Banerjee,Farooq Qaiser,H.M.V.,3.0
df90a471-5e31-538f-9130-5f8cf403da02,Aao Pyar Karen,1964,"Hindi, Film",Usha Khanna,Rajendra Krishan,H.M.V.,4.0
c74c9e74-51c6-5feb-89ea-1d8e77799992,Aap Ki Parchhaiyan,1964,"Hindi, Film",Madan Mohan,Raja Mehdi Ali Khan,H.M.V.,3.67
ba61ac78-fd39-5cb6-9217-cd83b5ed6aab,Aaya Toofan,1964,"Hindi, Film",Laxmikant - Pyarelal,"Asad Bhopali, Farooq Qaiser",H.M.V.,3.0
ceac9f6b-bccc-5077-87d0-a26e09e9152e,Apne Huye Paraye,1964,"Hindi, Film",Shankar - Jaikishan,"Shailendra, Hasrat Jaipuri",H.M.V.,3.67
7f5eee68-9455-50ba-af23-86693d92b266,April Fool,1964,"Hindi, Film",Shankar - Jaikishan,"Shailendra, Hasrat Jaipuri",H.M.V.,3.5
a2b2ca34-8a10-508e-928b-73cec8fe719b,Aquidat Ke Phool,1964,"Hindi, Film",Shankar - Shambhu,Farid Tonki,H.M.V.,0
3bfad00b-db35-57a0-b16d-606e28127c94,Awara Badal,1964,"Hindi, Film",Usha Khanna,"Javed Anwar, Javed - III, Anand Bakshi, Jan Nisar Akhtar",H.M.V.,0
a1b23c7a-b418-597e-b160-fb5c4c5e5ca4,Ayee Milan Ki Bela,1964,"Hindi, Film",Shankar - Jaikishan,"Shailendra, Hasrat Jaipuri",H.M.V.,3.5
ee803be0-14a9-5f95-9067-b02db6903146,Badshah,1964,"Hindi, Film",Datta Naik,Anand Bakshi,H.M.V.,0
5166fd0f-527d-5b4c-8e71-c469f69c35e0,Baghi,1964,"Hindi, Film",Chitragupt,Hasrat Jaipuri,H.M.V.,0
7e06c524-1458-5580-9817-8d5e9ec286c9,Baghi Shahzada,1964,"Hindi, Film",Bipin Datta,"Noor Devasi, Raja Mehdi Ali Khan",H.M.V.,0
bfe6422e-34fc-5360-82b1-55d7d2414668,Benazir,1964,"Hindi, Film",S.D. Burman,Shakeel Badayuni,H.M.V.,3.5
a8bf7135-3756-53e3-9c04-e3d60d2c623a,Beti Bete,1964,"Hindi, Film",Shankar - Jaikishan,"Hasrat Jaipuri, Shailendra",H.M.V.,4.0
62c0ca0c-3f7e-50da-b8d2-d981f3421028,Bhakta Dhruv Kumar,1964,"Hindi, Film",Avinash Vyas,"Avinash Vyas, Madan",H.M.V.,0
2c0ff68f-bf17-5033-9e87-3533dd53b8b2,Bhakta Ramdas,1964,"Hindi, Film",Ashwathama,,H.M.V.,0
5f286ce1-9a1f-592c-ac04-581d25966483,Birju Ustad,1964,"Hindi, Film",Kalyanji - Anandji,Qamar Jalalabadi,H.M.V.,0
b416d123-7be8-5e7b-982e-b97860adbe3a,Captain Azad,1964,"Hindi, Film",Peter - Nawab,"Mohsin Nawab, Shabnam Manchhari",H.M.V.,0
9cb66868-786a-5fa2-be46-08fd7c467e4e,Cha Cha Cha,1964,"Hindi, Film",Iqbal Qureshi,"Makhdoom Mohiuddin, Bharat Vyas, Neeraj",H.M.V.,3.33
fc8635e0-4df9-515f-b3c5-0b94cc3e7349,Chakravarty Vikramaditya,1964,"Hindi, Film",P. Nageshwar Rao,Saraswati Kumar Deepak,H.M.V.,0
c30e1edf-bdab-59dc-8310-7b759bd8564f,Challenge,1964,"Hindi, Film",Ajit Merchant,Prem Dhawan,H.M.V.,2.33
fd201837-e9a3-5614-841e-4de103643a83,Chandi Ki Deewar,1964,"Hindi, Film",Datta Naik,Sahir Ludhianvi,H.M.V.,0
539732b7-a3a9-5248-a2d4-dd37691ba6b5,Char Dervesh,1964,"Hindi, Film",G.S. Kohli,"Raja Mehdi Ali Khan, Anjaan, Saba Fazli",H.M.V.,0
fc94ce7b-edef-57bc-8423-bdf9ec02923d,Chitralekha,1964,"Hindi, Film",Roshan,Sahir Ludhianvi,H.M.V.,4.33
b0fa1169-232e-5239-baf5-da46b21cea2d,Daal Me Kala,1964,"Hindi, Film",C. Ramchandra,"Bharat Vyas, Raja Mehdi Ali Khan, Majrooh Sultanpuri, P.L. Santoshi",H.M.V.,0
22deec72-a500-5612-a757-6c9b4bb2ef62,Dara Singh (The Iron Man),1964,"Hindi, Film",Hansraj Behl,Prem Dhawan,H.M.V.,0
031773fd-2c2d-5e09-ab29-5789f5e183b6,Dooj Ka Chaand,1964,"Hindi, Film",Roshan,Sahir Ludhianvi,H.M.V.,3.67
13f3d4e2-7713-542e-80ee-0995b6e4324c,Door Gagan Ki Chhaon Mein,1964,"Hindi, Film",Kishore Kumar,"Kishore Kumar, Shailendra",H.M.V.,4.75
e4b6b4cf-0970-56db-9ded-ed6b658b8fe6,Door Ki Awaz,1964,"Hindi, Film",Ravi,Shakeel Badayuni,H.M.V.,3.0
0269c426-a587-5e8b-903d-e32dc2553110,Dosti,1964,"Hindi, Film",Laxmikant - Pyarelal,Majrooh Sultanpuri,H.M.V.,3.33
2a89ec5d-bd1a-58d6-9279-e67d8fcec93e,Dulha Dulhan,1964,"Hindi, Film",Kalyanji - Anandji,"Indeevar, Haroon, Anand Bakshi, Gulshan Bawra",H.M.V.,3.5
4b0eafc6-bf98-530c-ab98-21505358343a,Ek Din Ka Badshah,1964,"Hindi, Film",Hansraj Behl,"Prem Warbartani, Gulshan Bawra",H.M.V.,2.5
34f11efb-5aed-525b-98a0-e42b2ddeb681,Fariyad,1964,"Hindi, Film",Snehal Bhatkar,Kidar Sharma,H.M.V.,0
de51ff4d-2191-576c-8b3e-350cf40c407f,Ganga Ki Lahren,1964,"Hindi, Film",Chitragupt,Majrooh Sultanpuri,H.M.V.,4.0
fe789f59-9f12-51cf-b272-9392256a7773,Gazal,1964,"Hindi, Film",Madan Mohan,Sahir Ludhianvi,H.M.V.,4.5
cac9c2dc-cb48-58e7-914b-3e768bc5326c,Geet Gaaya Pattharon Ne,1964,"Hindi, Film",Ram Lal,"Hasrat Jaipuri, Vishwamitter Adil",H.M.V.,4.0
c2dd350a-0d37-5184-a1c2-b8e3d135386f,Gudiya,1964,"Hindi, Film",S. Balachander,Vinod Sharma,H.M.V.,0
0dfa3ff6-fe75-53a5-963c-0498234bdc0d,Hamara Ghar,1964,"Hindi, Film",J.P. Kaushik,"Ali Sardar Jafri, Mohammed Iqbal",H.M.V.,0
0de6ba72-16a8-5343-9126-7b0a44af5f1a,Hameer Hath,1964,"Hindi, Film",Sanmukh Babu Upadhyay,"Neelkanth Tiwari, Uday Khanna, Saraswati Kumar Deepak",H.M.V.,0
857d2c42-e366-5410-81d8-3c1b06081f2a,Haqdaar,1964,"Hindi, Film",Bulo C. Rani,"Prem Warbartani, S.T. Hussaini, Raj Vyas",H.M.V.,0
efd86833-6499-54b8-8b83-e4569ab2800e,Haqeeqat,1964,"Hindi, Film",Madan Mohan,Kaifi Azmi,H.M.V.,3.33
a4b7f179-7924-5887-aa09-6ce7cd86b746,Hercules,1964,"Hindi, Film",Datta Naik,Anand Bakshi,H.M.V.,3.0
2cd6f0ea-e04d-51cc-adb0-9e5268519464,His Highness,1964,"Hindi, Film",Bhanu Thakur,B.D. Mishra,H.M.V.,0
968dc9c5-0982-5067-bf1d-c11a5c0fe91d,Idd Ka Chand,1964,"Hindi, Film",Allah Rakha,"Kaifi Azmi, Raja Mehdi Ali Khan",H.M.V.,0
354bc154-f4f0-5764-a094-8f688fa5f326,Ishaara,1964,"Hindi, Film",Kalyanji - Anandji,Majrooh Sultanpuri,H.M.V.,3.33
6430c695-ae87-585e-b7e5-27f7b279c045,Jadui Anguthi (Magic Ring),1964,"Hindi, Film",Suresh Kumar,"Zafar Rahi, Anjaan",H.M.V.,0
e5f23c6d-69d6-54fe-b889-547841af6742,Jahan Ara,1964,"Hindi, Film",Madan Mohan,Rajendra Krishan,H.M.V.,3.67
b5d82aea-2116-57d7-a73b-d038948a18f1,Jantar Mantar,1964,"Hindi, Film",Sardar Malik,Hasrat Jaipuri,H.M.V.,0
f336a29a-5d98-5165-9490-c7a75a7b7506,Jhanda Ooncha Rahe Humara,1964,"Hindi, Film",Gandharva - Ghantasala,Shrivas,H.M.V.,0
a585f396-d0f7-5d62-bb12-06d098405103,Ji Chahta Hai,1964,"Hindi, Film",Kalyanji - Anandji,Hasrat Jaipuri,H.M.V.,3.33
024b7d9e-fcdf-591b-aa9a-c52ac723948d,Kaise Kahoon,1964,"Hindi, Film",S.D. Burman,Shakeel Badayuni,H.M.V.,3.5
63a49dea-419e-5d12-bdce-af110e7310bb,Kashmir Ki Kali,1964,"Hindi, Film",O.P. Nayyar,S.H. Bihari,H.M.V.,4.6
bb4e3862-207f-587a-b1d8-fe0481ee1a3a,Khufia Mahal,1964,"Hindi, Film",Pardesi,"Shyam Hindi, Zafar Rahi",H.M.V.,0
d8132542-9cfd-5475-8591-22fbb80d8f21,Kohraa,1964,"Hindi, Film",Hemant Kumar,Kaifi Azmi,H.M.V.,4.25
bbead09b-450b-54d4-8883-508b3e2db2c0,Krishnavtar,1964,"Hindi, Film",Suresh Kumar,"Anjaan, Yogesh Gaud",H.M.V.,0
841d2da1-6ca9-5f39-bb1f-b94442576048,Leader,1964,"Hindi, Film",Naushad,Shakeel Badayuni,H.M.V.,4.5
c4528b00-59db-545f-8102-3b607913dfa6,Magic Carpet (Jadui Shatranji),1964,"Hindi, Film",Ram Prasad,"Farooq Qaiser, Arsh Farooqi, Zia Dehlvi, Shakeel Nomani",H.M.V.,0
2e26ba6f-cbd4-5ad7-a2f4-0729d2f698dd,Maharani Padmini,1964,"Hindi, Film",Sardar Malik,D.N. Madhok,H.M.V.,0
66d9a89f-4f4b-5db9-a3df-eb477df50065,Mahasati Behula,1964,"Hindi, Film",Shivram,Bharat Vyas,H.M.V.,0
1b22b3a7-e2aa-55c5-b2ec-0f9a37185701,Main Bhi Ladki Hun,1964,"Hindi, Film",Chitragupt,Rajinder Krishan,H.M.V.,3.0
bf4a744b-2356-5f28-98de-4c1de68480ec,Main Suhagan Hoon,1964,"Hindi, Film",Lachhiram Tamar,"Butaram Sharma, Kaifi Azmi, Aziz Kashmiri, Asad Bhopali",H.M.V.,4.0
f596ca58-41c3-5269-bb3a-02f947cb5405,Majboor,1964,"Hindi, Film",Kalyanji - Anandji,"Anand Bakshi, Indeevar",H.M.V.,0
58389677-eac0-5040-b10b-2097a6db756a,Marvel Man,1964,"Hindi, Film",Robin Banerjee,Yogesh Gaud,H.M.V.,0
754bfa1e-7789-53a6-b530-39c457241081,Mera Qasoor Kya Hai,1964,"Hindi, Film",Chitragupt,Rajendra Krishan,H.M.V.,3.0
6a364a40-a558-549b-bf89-997cf429e6c0,Mr. X In Bombay,1964,"Hindi, Film",Laxmikant - Pyarelal,"Asad Bhopali, Anand Bakshi",H.M.V.,4.67
afcd4411-30d3-5db9-a404-83a1180947c1,Pahadi Nagin,1964,"Hindi, Film",Iqbal,Farooq Qaiser,H.M.V.,0
ba1f25ff-a6af-5a86-9314-fd3cb923f264,Phoolon Ki Sej,1964,"Hindi, Film",Adi Narayana Rao,Hasrat Jaipuri,H.M.V.,0
dde44112-0b8f-55bd-a082-ffdbd737e750,Pooja Ke Phool,1964,"Hindi, Film",Madan Mohan,Rajendra Krishan,H.M.V.,3.5
4aa399d7-7748-5239-82a3-bba2e87a83b7,Punarmilan,1964,"Hindi, Film",C. Arjun,"Gulshan Bawra, Raja Mehdi Ali Khan, Indeevar, Pradeep",H.M.V.,0
f3fc8540-3d0a-555f-9e07-1dc469430fbf,Qawali Ki Raat,1964,"Hindi, Film",Iqbal Qureshi,Shewan Rizvi,H.M.V.,0
81054d43-7447-5432-bace-9527da7357d7,Rahul,1964,"Hindi, Film",Vasant Desai,Madhukar Rajasthani,,0
806f6a8e-8ac1-578b-acfe-10e3e0f80f4f,Rajkumar,1964,"Hindi, Film",Shankar - Jaikishan,"Shailendra, Hasrat Jaipuri",H.M.V.,3.67
0d9270d9-3e2e-5ea3-9d80-1a3eb7c8efbd,Roop Sundari,1964,"Hindi, Film",Sardar Malik,Bharat Vyas,H.M.V.,0
dd8ec3e9-e97b-58cb-81ec-37c50f610b48,Rustom-E-Rome,1964,"Hindi, Film",Suresh Kumar,"Zafar Rahi, Naza Sholapuri",H.M.V.,0
e0f6b119-6dd3-5972-9b49-39150c2c4d7a,Samson,1964,"Hindi, Film",Chitragupt,Majrooh Sultanpuri,H.M.V.,0
296ae021-2df3-5cc4-9161-2e6aab15c516,Sangam,1964,"Hindi, Film",Shankar - Jaikishan,"Shailendra, Hasrat Jaipuri",H.M.V.,3.5
062f2fb6-61ad-51da-9e68-404955439d30,Sanjh Aur Savera,1964,"Hindi, Film",Shankar - Jaikishan,"Hasrat Jaipuri, Shailendra",H.M.V.,3.5
88fb2b8b-9d8d-59d7-ba0d-020c91115f59,Sant Gyaneshwar,1964,"Hindi, Film",Laxmikant - Pyarelal,Bharat Vyas,H.M.V.,3.67
18ccd6dc-3ac4-5839-8786-def37817b512,Sarfarosh,1964,"Hindi, Film",S. Mohinder,Naqsh Lyallpuri,H.M.V.,0
29f94e13-0d82-58ba-a396-f4ca0b61f9cf,Sati Savitri,1964,"Hindi, Film",Laxmikant - Pyarelal,Bharat Vyas,H.M.V.,4.0
dabdeb90-a992-5b83-a502-4bb4a8c230a6,Shabnam,1964,"Hindi, Film",Usha Khanna,"Javed Anwar, Majrooh Sultanpuri, Prem Dhawan",H.M.V.,4.0
75f09ee4-09f6-5578-b083-4aee212dc8f4,Shagoon,1964,"Hindi, Film",Khayyam,Sahir Ludhianvi,H.M.V.,4.5
ca17ba73-9804-5c40-8d70-f2e2106d116d,Sharabi,1964,"Hindi, Film",Madan Mohan,Rajendra Krishan,H.M.V.,4.0
0a86828f-3731-5353-8d43-6760cd9955c1,Shehnai,1964,"Hindi, Film",Ravi,Rajendra Krishan,H.M.V.,3.5
e1a3605a-dcbe-5e37-8819-e97b329ac8e9,Subhadra Haran,1964,"Hindi, Film",Prabhakar Jog,Saraswati Kumar Deepak,H.M.V.,0
3944bad4-3ec8-5b3c-88ae-5f3262ae9f33,Suhagan,1964,"Hindi, Film",Madan Mohan,Hasrat Jaipuri,H.M.V.,3.67
8ae72014-2baf-5efb-b9ed-d172c537ee1a,Tarzan & Delilah,1964,"Hindi, Film",Robin Banerjee,"A. Shamshir, Yogesh Gaud",H.M.V.,0
3b7c78c8-798c-5398-aff5-2cc701f3c97e,Tarzan And Captain Kishore,1964,"Hindi, Film","Manohar Lal, S. Kishen","Akhtar Romani, Farad",H.M.V.,0
acdbdb9e-3f92-5beb-b000-272dff51ec9c,Tarzan Aur Jalpari,1964,"Hindi, Film",Suresh Kumar,Zafar Rahi,H.M.V.,0
a0fd7ff5-323b-567c-a99d-66421ef75624,Tere Dwar Khada Bhagwan (Jisne Tera Naam Liya),1964,"Hindi, Film",Shanti Kumar Desai,"Pandit Madhur, Pyarelal Santoshi",H.M.V.,0
5bd43a6c-559e-51c0-a0f4-fc34fbb24ca1,Veer Bhimsen,1964,"Hindi, Film",C. Ramchandra,Kavi Pradeep,H.M.V.,0
a2cbd241-d247-5c03-a167-3e823cdfb715,Vidyapati,1964,"Hindi, Film",V. Balsara,Prahlad Sharma,H.M.V.,0
516a695d-0b84-5287-943c-be357a5da96f,Woh Kaun Thi,1964,"Hindi, Film",Madan Mohan,Raja Mehdi Ali Khan,H.M.V.,4.8
ad5ba151-a17a-53dc-93b9-a361da771474,Yaadein,1964,"Hindi, Film","Vasant Desai, Traditional","Anand Bakshi, Traditional",H.M.V.,0
914778e0-9b1b-578d-b104-daceb68913eb,Ziddi,1964,"Hindi, Film",S.D. Burman,Hasrat Jaipuri,H.M.V.,3.33
9d439940-7f60-5e5c-8972-4c8048b05ae5,Zindagi,1964,"Hindi, Film",Shankar - Jaikishan,"Hasrat Jaipuri, Shailendra",H.M.V.,3.5
