album_uuid,album_title,album_year,album_category,album_music_director,album_lyricist,album_label,album_rating
81306ddf-fac5-5a77-9a27-f22ebbb77605,Aashique Mastane,1995,"Hindi, Film",Dilip Sen - Sameer Sen,"Rani Malik, Nawab Arzoo, Maya Govind, Deepak Chaudhary",BMB Music,0
a50b93e2-e64f-5619-ad7b-665ad47cfd8b,Aatank Hi Aatank,1995,"Hindi, Film",Bappi Lahiri,"Naqsh Lyallpuri, Anwar Sagar, Shaily Shailendra, Bali Brahmbhatt, Sanam Gazipuri",Tips,0
2d9fc5ec-8ef6-5808-8ba9-9c94b2b55894,Aazmayish,1995,"Hindi, Film",Anand - Milind,Anand Bakshi,Tips,0
46fe1556-8ae4-5e1c-acdd-62d72d228bf4,Ahankaar,1995,"Hindi, Film",Anu Malik,Anand Bakshi,Ultra,3.0
1d00a43a-0e96-55cc-ae10-31da9424e21b,Akele Hum Akele Tum,1995,"Hindi, Film",Anu Malik,Majrooh Sultanpuri,Venus,4.25
3386ccb3-5a0c-51c5-9352-8d649f0d2839,Andolan,1995,"Hindi, Film",Nadeem - Shravan,Sameer,Tips,3.5
dda29834-e75d-5594-ac95-a604550ff406,Angrakshak,1995,"Hindi, Film",Anand - Milind,Sameer,Tips,0
e47e92c3-881f-58c4-811d-101e82042885,Baazi,1995,"Hindi, Film",Anu Malik,"Majrooh Sultanpuri, Anwar Sagar",S Series,4.0
657cf1c0-2a18-5d32-bf98-176cd7192af2,Barsaat,1995,"Hindi, Film",Nadeem - Shravan,"Anwar Sagar, Sameer",Tips,4.0
45a8c6c7-490f-5681-867d-49eba908da35,Bewafa Sanam,1995,"Hindi, Film","Raju Singh, Nikhil - Vinay, Attaullah Khan, Amar - Utpal, Milind Sagar","Tabish Romani, Attaullah Khan, Sameer, Rani Malik",T-Series,0
eb4a291a-9523-57f7-91ec-0ffc4b4986b2,Bolo Ta Ra Ra,1995,"Hindi, Non Film",Jawahar Wattal,Daler Mehndi,Magnasound,4.0
2233ce1c-39d1-57fb-8682-d0f8d407a965,Bombay,1995,"Hindi, Film",A.R. Rahman,Mehboob Kotwal,Music India,4.67
68838290-612e-5e08-a2ce-9db5160a34fd,Chahat,1995,"Hindi, Film",Shyam - Surender,"Zameer Qazmi, Rani Malik, Madan Pal, Satish - I, Deepak Chaudhary",T-Series,0
a5cb96f4-b11f-53d1-8044-a36d84cae5d2,Chhaila,1995,"Hindi, Film",Ilaiyaraaja,P.K. Mishra,Time Audio,0
d01665d3-006c-50fe-8b4b-7e0e8c9ff3c1,Coolie No. 1,1995,"Hindi, Film",Anand - Milind,Sameer,Tips,0
ebf654fd-6b47-5185-8cbc-3c6fba24b35a,Criminal,1995,"Hindi, Film",M.M. Kreem,Indeevar,H.M.V.,4.0
4131019a-115d-52bf-825b-fd1888263497,Cry For Cry,1995,"Hindi, Non Film",Jagjit Singh,"Khaleel Dhantejvi, Sudarshan Faakir, Nand Lal Pathak, Abu Taalib, Waseem Barelvi, Kashmiri Lal Zakir, Nawaz Deobandi, Allama Iqbal",Saregama,0
a858ad7f-b15f-5e6a-80f9-0dbbe36107f5,Dance Party,1995,"Hindi, Film",Baba Sehgal,"Baba Sehgal, Saeed Rahi",Time Audio,0
0a540b07-e507-5fa2-a296-a531680aadb6,Dastaan,1995,"Hindi, Non Film","Ali Haider, Imran Ali - I, Nadeem Jafri",Ali Haider,,0
38db9331-a631-5d11-b36c-93f61de6dccd,Dil Ka Doctor,1995,"Hindi, Film",Bappi Lahiri,"Shaily Shailendra, Maya Govind, Dr. Deepak, Dev Kohli",Zee Music Company,0
bef9f989-67f2-5d18-918a-0481073f75f7,Dilwale Dulhania Le Jayenge,1995,"Hindi, Film",Jatin - Lalit,Anand Bakshi,H.M.V.,4.67
3c1a4c24-f5e4-5fef-bc51-9849daec790f,Diya Aur Toofan,1995,"Hindi, Film",Bappi Lahiri,Ikram Rajasthani,BMB Music,0
79e9167f-0fc9-5ad1-8816-882dbcda7f15,Dole Dole,1995,"Hindi, Non Film",Rahman Rajan,Arun Raaj,Magnasound,3.0
72486d9f-4fdc-5b1b-b5c0-f5335731c13f,Dushmani,1995,"Hindi, Film","Anand - Milind, Traditional",Sameer,Saregama,0
8c9f8ac3-07fe-56e2-bc2b-eb91afc975ba,Fauji,1995,"Hindi, Film",Vishal Bhardwaj,"Vishal Bhardwaj, Ibrahim Ashq, Madan Pal, M.M. Shamim",Time Magnetics,0
919baa01-1a68-5d42-a60d-144728687192,Gaddaar,1995,"Hindi, Film",Nadeem - Shravan,Sameer,Weston,3.0
b1020e3f-6626-57a3-a13e-562849d1a68c,Gambler,1995,"Hindi, Film",Anu Malik,"Anwar Sagar, Dev Kohli, Faaiz Anwar, M.G. Hashmat, Nawab Arzoo, Vinay Dave, Ibrahim Ashq",Time Audio,0
2ab66721-efcb-580f-82b0-ab0d07f2ab1e,Ganga Maange Khoon,1995,"Hindi, Film",Rajkamal,"Mahendra Dehlvi, Abhilash",,0
c81b8d82-da15-5559-8640-a91dd30fc791,Ghar Ka Kanoon,1995,"Hindi, Film",Sapan - Jagmohan,Ram Nath Shukla,Universal,0
91319058-5fc2-51f5-bc80-0834586ca2b9,God And Gun,1995,"Hindi, Film",Anand - Milind,"Pagal Adilabadi, Sameer",BMB Music,0
159e1edb-6731-5ca0-a932-ab521c822889,Guddu,1995,"Hindi, Film",Naushad,Majrooh Sultanpuri,Venus,0
889003bc-6788-5287-9234-c3d931bbc2ea,Gunda Mawali,1995,"Hindi, Film",Jatin - Lalit,"Dev Kohli, Vinoo Mahendra, Anwar Sagar, Zameer Kazmi",Time Audio,0
b6437776-8239-54a0-b75e-d3340a22c996,Gundaraj,1995,"Hindi, Film",Anu Malik,"Shyam Anuragi, Rahat Indori, Zameer Kazmi, Zafar Gorakhpuri",Venus,4.0
5d2637ab-aff4-5306-a863-1322e2a08694,Gunehgar,1995,"Hindi, Film",Shyam - Surender,"Maan Singh Deep, Surendra Sathi, Mithilesh Maan Singh",Time Magnetics,0
c41bc6a8-480e-5a4e-9013-4114efd0f093,Haathkadi,1995,"Hindi, Film",Anu Malik,"Maya Govind, Anu Malik, Dev Kohli",Tips,0
2135d9f4-bd4b-5368-949e-5d80c8d990de,Haqeeqat,1995,"Hindi, Film",Dilip Sen - Sameer Sen,"Gulshan Bawra, Faaiz Anwar, Nawab Arzoo, Rani Malik, Maya Govind",Tips,0
1b041167-db55-5dc8-ae2c-d6c4989df335,Hulchul,1995,"Hindi, Film",Anu Malik,"Abhilaash, Zafar Gorakhpuri, Indeevar, Faaiz Anwar, M.G. Hashmat, Kulwant Jani",Venus,0
da2b0985-6082-574f-ab62-fc3b30edb957,Hum Dono,1995,"Hindi, Film",Anand - Milind,Sameer,Tips,0
20f0bc0e-535c-58ae-a5e5-c94ba367e338,Hum Sub Chor Hain,1995,"Hindi, Film",Bappi Lahiri,Nawab Arzoo,Venus,0
53bcef08-6f8c-59cb-a672-07e473e055ea,Humse Hai Muqabla,1995,"Hindi, Film",A.R. Rahman,P.K. Mishra,Venus,4.0
2587ea95-ec29-5558-9d69-f76ad3458d9a,Jai Vikraanta,1995,"Hindi, Film",Anand - Milind,Sameer,Venus,0
a81993a3-f6dd-5492-8290-05a2981ada38,Jallaad,1995,"Hindi, Film",Anand - Milind,Sameer,Zee,0
ec5ff260-8fcc-5da4-9a51-35af43475c1f,Janam Kundli,1995,"Hindi, Film",Anand - Milind,Sameer,Ultra,0
39f31c80-77e3-5b10-ba56-55e09019bafe,Kalyug Ke Avtaar,1995,"Hindi, Film",Ravindra Jain,Ravindra Jain,Music Bank,0
fcb9ce45-9b5b-5bdc-876d-43da1b97084f,Karan Arjun,1995,"Hindi, Film",Rajesh Roshan,Indeevar,Time Audio,4.2
a0bc7759-49df-5a4a-86c8-b090e6a9cd27,Kartavya,1995,"Hindi, Film",Dilip Sen - Sameer Sen,"Sameer, Rani Malik",Tips,0
dc371ca1-0d83-5f1a-94a3-843207e1f785,Kismat,1995,"Hindi, Film",Anand - Milind,Sameer,Ultra,0
1fe6e825-a4f5-5b68-b343-a6871c80d392,Lady Robinhood (Thanedaarni),1995,"Hindi, Film",Bappi Lahiri,"Indeevar, Mahendra Dehlvi",My Master's Music,0
bfd8dbd8-bd2a-565d-9d6a-45ca01ae8e90,Made In India,1995,"Hindi, Non Film","Biddu, Alisha Chinai","Alisha Chinai, Shyam Anuragi, Biddu",Magnasound,4.0
10a6c25e-cc3a-5d0c-8bae-c5e571bf5e64,Maidan-E-Jung,1995,"Hindi, Film",Bappi Lahiri,"Kasif Muzaffarnagari, Maya Govind, Anjaan, Gulshan Bawra, K.K. Verma",Venus,0
88c8a3a2-f248-5de7-96c4-5779381f4e3e,Mehboob Mere,1995,"Hindi, Non Film",Anwar,"Ekhlas, Rashid Akbar, Naseem Akbarabadi, Nashtar Hinganghaati, Anwar Farrukhabadi, Gulshan Kumar",T-Series,0
5eaaedc9-b6fc-56ab-a131-d70c26b18fe1,Mera Damad,1995,"Hindi, Film","Babul Bose, Salil Chowdhury","Yogesh, Prem - VI",,0
b9cda12b-c726-5d1e-9631-47663d39b656,Miya Biwi Aur Saali,1995,"Hindi, Film",M.M. Kreem,Indeevar,Saregama,0
62a37bdf-1a70-50d6-a9ed-88c6af641bf8,Mohini,1995,"Hindi, Film",Ravindra Jain,Ravindra Jain,Zee,0
85f5ea52-1214-5d0c-8fb1-544f6a21cda6,Muthu Maharaja,1995,"Hindi, Film",A.R. Rahman,P.K. Mishra,Saregama,0
7c057bb1-12cb-5d9d-b9a1-083c14f7e16a,Naajayaz,1995,"Hindi, Film",Anu Malik,"Sudarshan Faakir, Rahat Indori, Indeevar, Maya Govind, Pushpa Varma",Tips,3.5
90327679-e15a-5f0a-9dc1-ef5646ec1617,Nasha,1995,"Hindi, Non Film",Jeetu - Tapan,K. Razdan,Melody,0
66a6e357-1eb9-510d-82c2-7d8f6080adfd,Nigodi Kaisi Jawani Hai,1995,"Hindi, Non Film",Ila Arun,Ila Arun,Tips,0
adf19561-71c1-58fc-b4c4-70f4404921a8,Nirbhay,1995,"Hindi, Film",Raamlaxman,"Ravinder Rawal, Indivar, Dev Kohli",Crescendo Music,0
e512a545-7d18-5ad8-a216-7b218d8ae20e,Nishana,1995,"Hindi, Film",Jatin - Lalit,Sameer,Venus,0
80e14e5e-a590-595d-a664-8e730d546c58,Oh Darling Yeh Hai India,1995,"Hindi, Film",Ranjit Barot,Ketan Mehta,Venus,0
d0b25c7a-6584-5b28-8b28-b50469fac4bb,Paandav,1995,"Hindi, Film",Jatin - Lalit,"Shyam Raj, Mahendra Dehlvi, Majrooh Sultanpuri, Vinoo Mahendra, Anwar Sagar",Time Audio,0
6884ec05-adcf-50a2-8c3a-e3f41376dbe5,Paappi Devataa,1995,"Hindi, Film",Laxmikant - Pyarelal,Anand Bakshi,Prism Cassettes,0
3a36ea5b-1ef9-5b18-87ba-69c69bf266fe,Police Wala Gunda,1995,"Hindi, Film",Bappi Lahiri,"Indeevar, Rani Malik, Maya Govind",Lara Music,0
20b356d2-99f1-580f-9a6e-950335ee3c30,Prem,1995,"Hindi, Film",Laxmikant - Pyarelal,Anand Bakshi,H.M.V.,3.5
04addfe7-317d-5e2f-9b83-926f7f964b2f,Raghuveer,1995,"Hindi, Film",Dilip Sen - Sameer Sen,Sameer,Tips,0
feaadaaa-0112-5f24-acb1-87598d6bf9e4,Raja,1995,"Hindi, Film",Nadeem - Shravan,Sameer,Tips,4.0
bd92c44a-3fc7-59f3-945b-34886429e79e,Ram Jaane,1995,"Hindi, Film",Anu Malik,Anand Bakshi,Polygram,3.5
49e00d5f-16d8-53e9-b77c-df819fa3d686,Ram Shastra,1995,"Hindi, Film",Anu Malik,"Maya Govind, Dev Kohli, Indeevar, Rahat Indori",Tips,0
684e8069-5f48-5671-a330-141509c5447b,Rangeela,1995,"Hindi, Film",A.R. Rahman,Mehboob Kotwal,Time Audio,4.6
7f60cece-3858-53e9-8986-94b16a428aea,Ravan Raaj,1995,"Hindi, Film",Viju Shah,Anand Bakshi,Tips,0
d3c7f205-84b1-56e2-9888-911aedd7c01e,Rock Dancer,1995,"Hindi, Film",Bappi Lahiri,"Indeevar, Maya Govind, Nawab Arzoo, Deepak Sneh",H.M.V.,0
a0648f65-61cd-586a-bc56-d941bf3dca3b,Saajan Ki Baahon Mein,1995,"Hindi, Film",Nadeem - Shravan,Sameer,Venus,0
933169b0-2bd9-5190-adde-e9a46aa041e4,Sabse Bada Khiladi,1995,"Hindi, Film",Rajesh Roshan,Dev Kohli,Time Audio,3.67
0f30a326-9744-5b81-8787-d43d4e1181fb,Sanam Harjai,1995,"Hindi, Film",Usha Khanna,"Sameer, Saawan Kumar",T-Series,0
25cbbabf-c08f-5289-b9d2-8cfd906e7f19,Sanjay,1995,"Hindi, Film",Shyam - Surender,"Gauhar Kanpuri, Sateesh, Faaiz Anwar, Anwar Sagar",Venus,0
20b0c3d5-0ca2-5552-9721-5f1bda5c39bd,Sarhad,1995,"Hindi, Film",Sukhwinder Singh,Sameer,Time Audio,0
0fb15be0-43e8-563a-a3ab-502214dcbf44,Sauda,1995,"Hindi, Film",Aadesh Shrivastava,"Shyam Raj, Anwar Sagar, Kulwant Jani, Madan Pal",Ultra,0
249a4a11-f86d-5e6e-b0db-3c721969dc64,Share Bazaar,1995,"Hindi, Film",Utpal Biswas,"Manmohan K. Sabir, Shrikant Mishra",Crescendo Music,0
e7ce77e6-d8df-5206-a9f9-f5211ba04459,Shikhar,1995,"Hindi, Non Film",Nikhil - Vinay,"Zameer Kazmi, Madan Pal, Suman Sarin, Rani Malik, Payam Sayeedi, Yogesh Gaud, Prashant Vatsala",T-Series,0
66821b39-6b12-5649-a8ec-932f1e1f0b92,Smuggler,1995,"Hindi, Film",Bappi Lahiri,"Maya Govind, Nawab Arzoo, Prashant Vasl",Venus,0
33b147a0-81d4-576f-b338-ff7c6c5ed3c8,Surakshaa,1995,"Hindi, Film",Anu Malik,Faaiz Anwar,Venus,3.0
e917299a-88c2-5362-b046-2890d4889906,Taaqat,1995,"Hindi, Film",Anand - Milind,Sameer,Tips,0
d400a42c-b08b-5055-b9ec-69fea56a1e68,Takkar,1995,"Hindi, Film",Anu Malik,"Maya Govind, Rani Malik, Dev Kohli, Rahat Indori, Nawab Arzoo",Tips,4.0
3b0d1881-907e-5248-bb3b-681f888f7868,Taqdeerwala,1995,"Hindi, Film",Anand - Milind,Sameer,Tips,0
15c795ef-2054-545e-a750-c9b2a19b6702,Tera Chehra,1995,"Hindi, Non Film",Anu Malik,"Anu Malik, Javed Akhtar",T-Series,0
6622d24e-7f79-579e-a6bd-b6d44967c99f,The Don,1995,"Hindi, Film",Dilip Sen - Sameer Sen,"Deepak Chaudhary, Faaiz Anwar, Nawab Arzoo, Anwar Sagar",S Series,0
a349894d-8c67-58e2-902c-d643c01a1d6a,The New Album,1995,"Hindi, Non Film",Salim - Sulaiman,Maya Govind,Magnasound,0
5a964eb1-2b80-54b2-889b-45e199bf739e,Trimurti,1995,"Hindi, Film",Laxmikant - Pyarelal,Anand Bakshi,Tips,0
824f3061-4c49-5fd1-9c24-8b989979803c,Tu Hi Mera Dil,1995,"Hindi, Film",A.R. Rahman,P.K. Mishra,Ultra,3.0
bcfb91b8-819b-50ba-868a-978dcbb90444,Vapsi Saajan Ki,1995,"Hindi, Film",Anand - Milind,Azad Jallundhry,Melody,0
e6cb029a-b075-5699-a15c-9bc560b09a7d,Veer,1995,"Hindi, Film",Dilip Sen - Sameer Sen,"Maya Govind, Poonam Amrish, Faaiz Anwar, Shyam Anuragi, Rani Malik",Royal Music,0
32ea36a4-2880-57f9-8c54-d86498845c73,Velu Nayakan,1995,"Hindi, Film","Deepak Santosh, Ilaiyaraaja","Nawab Arzoo, P.K. Mishra",Polygram,0
5a41b1b1-b5ce-59a8-b9f6-8dc9eadfbc65,Yaraana,1995,"Hindi, Film",Anu Malik,"Maya Govind, Rahat Indori, Rani Malik, Anwar Sagar",Zee,3.5
fe97bfeb-f55a-567a-a017-949aa5435a1e,Zakhmi Sipahi,1995,"Hindi, Film",Rais Bhartiya,"Rani Malik, Manoj Darpan, Anwar Sagar, Nawab Arzoo",Shemaroo,0
3580c30f-41b0-5f13-b87d-75ad282c88fd,Zamaana Deewana,1995,"Hindi, Film",Nadeem - Shravan,Sameer,Venus,0
5b8ee010-488a-5abd-9ca4-611866e3bfce,Aap Ke Naam,1996,"Hindi, Non Film",Bhupinder Singh,,Saregama,0
de08fb6d-6615-58a2-b34b-ff1973f512d1,Aapas Ki Baat,1996,"Hindi, Non Film",Bhupinder Singh,"Ibrahim Ashq, Naseem Ajmeri, Zaheer Anwar, Qateel Rajasthani, Madhu Bakshi",Saregama,0
6d22686e-2920-5f80-b786-afaa6e1028df,Aarzoo,1996,"Hindi, Non Film",Bhupinder Singh,"Surendra Malik Gumnam, Ashk Ambalvi, Naseem Ajmeri, Yasmin Jaipuri, Qateel Rajasthani, Ibrahim Ashq",Saregama,0
10e9e387-9213-5d2e-a108-d9442a73d9ba,Aatank,1996,"Hindi, Film",Laxmikant - Pyarelal,"Dev Kohli, Rani Malik, Majrooh Sultanpuri",Tarana Audio,0
3de0a2c0-dd67-57de-bd3f-4dd1b73dd401,Agnee Prem,1996,"Hindi, Film",Bappi Lahiri,"H.H. Rahi, Nawab Arzoo, Anwar Sagar, Maya Govind, Satyaprakash, Deepak Sneh",R.L. Sound,0
e96cb2cc-03d3-5f10-8940-8956a2d017b5,Agni Sakshi,1996,"Hindi, Film",Nadeem - Shravan,Sameer,Zee,3.0
4fa3936d-1483-553f-96e4-142eb5937bb8,Aisi Bhi Kya Jaldi Hai,1996,"Hindi, Film",Gaurishankar Sharma,Majrooh Sultanpuri,Zee Music Company,0
9fc00564-c502-5438-8ee3-336baeaf6836,Ajay,1996,"Hindi, Film",Anand - Milind,Sameer,Polygram,3.0
1705707b-d4df-5278-8b20-70c3ce581276,Ali More Angana,1996,"Hindi, Non Film","Jawahar Wattal, Shubha Mudgal","Shahab Allahabadi, Madan Gopal Singh, Traditional",Magnasound,3.5
b1b080ac-8885-5395-9f9f-476cf742d97c,Angaara,1996,"Hindi, Film",Dilip Sen - Sameer Sen,"Maya Govind, Nawab Arzoo",We Music,0
08242f87-e90f-52d1-b3f7-3cbc7fa51b01,Apne Dam Par,1996,"Hindi, Film",Aadesh Shrivastava,"Yogesh Gaud, Shyam Raj, Dev Kohli, Madan Pal, Anwar Sagar",Time Audio,0
f25bd490-2708-5d43-bc2a-529f9cd8661e,Army,1996,"Hindi, Film",Anand - Milind,Sameer,United,0
ca796b72-02c6-5928-85b8-8243cc4043a7,Arrow In The Dust,1996,"English, Non Film",Gary Lawyer,,Magnasound,0
bce26178-adf1-56f6-83d4-b3808a8d8011,Arz Kiya Hai,1996,"Hindi, Non Film",Bhupinder Singh,"Abdur Rab Chaush, Qateel Rajasthani, Rajesh Rahi",Saregama,0
114c4eb6-80f6-5276-a1df-cd666c1c7d11,Aur Ek Prem Kahani,1996,"Hindi, Film",Ilaiyaraaja,Amit Khanna,Plus Music,3.5
81b71afc-10e4-524f-bd8e-b52339df9de1,Aurat Aurat Aurat,1996,"Hindi, Film",Laxmikant - Pyarelal,Anand Bakshi,Tarana Audio,0
921acb13-2714-5355-b356-896eb013d468,Bal Bramhachari,1996,"Hindi, Film",Bappi Lahiri,"Prakash Mehra, Maya Govind",Venus,3.0
c58fc54a-9b1a-5a19-9520-0a5be19605d3,Bambai Ka Babu,1996,"Hindi, Film",Anand - Milind,Sameer,Weston,0
5dbcb257-bcdb-5a88-be3f-fdad5e6f42eb,Bandish,1996,"Hindi, Film",Anand - Milind,Sameer,Tips,3.0
60f9f8a8-dec6-5d13-a55c-d3316753df60,Beqabu,1996,"Hindi, Film",Anu Malik,"Maya Govind, Rahat Indori, Nida Fazli",Tips,0
c2621e62-8cca-548d-ba33-3c1d792db1c5,Bhairavi,1996,"Hindi, Film",Laxmikant - Pyarelal,Amit Khanna,Plus Music,0
7ec35941-c897-5d79-81cc-e3dd25fbd1bc,Bhishma,1996,"Hindi, Film",Dilip Sen - Sameer Sen,Anand Bakshi,Zee Music Company,0
11fc9c60-ef3e-59d1-acaf-664985146902,Chaahat,1996,"Hindi, Film",Anu Malik,"Nida Fazli, Maya Govind, Dev Kohli, Neeraj",Tips,3.67
5d89d1ea-6107-5675-aec3-a505435b4d68,Chand Sa Mukhda,1996,"Hindi, Non Film",,,Magnasound,0
9e5f5ed8-7b32-5d58-a004-91ad6896bb60,Chhota Sa Ghar,1996,"Hindi, Film","Rajesh Roshan, Tabun Sutradhar","Daddy, Indeevar, Rani Malik, Manohar Iyer",Ultra,0
7b3e729c-4097-5ea7-b9a1-098b6f9d05a4,Chhote Sarkar,1996,"Hindi, Film",Anand - Milind,Rani Malik,Time Audio,0
c8205f21-73c0-5c55-a9e9-8f0a235a4694,Colonial Cousins,1996,"English, Non Film","Hariharan, Leslie Lewis","Leslie Lewis, Rajesh Johri",Magnasound,0
1d58db48-ce09-5eb1-8567-c4f2e4c195b6,Daayraa,1996,"Hindi, Film",Anand - Milind,Gulzar,Saregama,0
a2e565a5-c8e4-51f2-8280-b7f38942b9f0,Daraar,1996,"Hindi, Film",Anu Malik,"Rani Malik, Rahat Indori, Majrooh Sultanpuri, Hasrat Jaipuri, Shaheen Iqbal",Venus,4.0
6ed304b4-8e72-5897-bfaf-f4468ef45217,Dardi Rab Rab,1996,"Hindi, Non Film","Daler Mehndi, Jawahar Wattal","Daler Mehndi, Janga Nandpuri",Magnasound,4.5
0712153c-3302-5435-b6e8-cbf03a072200,Dastak,1996,"Hindi, Film",Rajesh Roshan,Javed Akhtar,H.M.V.,4.33
91a371d6-3e98-5aa7-8cf7-73d6a90152a2,Dil Tera Diwana,1996,"Hindi, Film",Aadesh Shrivastava,"Shyam Raj, Lubna Khan",Venus,3.33
73e8b7e8-4a5a-5cba-8282-2533e12b9951,Diljale,1996,"Hindi, Film",Anu Malik,Javed Akhtar,Big B,3.0
b0105648-8846-53a5-9bee-4bca3689ada1,Dum Tara,1996,"Hindi, Non Film",Rahman Rajan,Arun Raaj,Magnasound,4.0
f993225d-00e7-5c5e-a804-8c1ddfeac60c,Duniya Dilwalon Ki,1996,"Hindi, Film",A.R. Rahman,"Mehboob Kotwal, P.K. Mishra",Venus,3.0
873108a7-5465-5808-9685-fad1a9c937dd,Dushman Duniya Ka,1996,"Hindi, Film","Anu Malik, R.D. Burman",Ravindra Jain,Zee,0
b69f03de-384e-5e17-adfc-af2a6234a75e,Ek Tha Raja,1996,"Hindi, Film",Anand - Milind,Sameer,Ultra,0
5c400b97-321e-55f7-b6b1-6f5dd8d1a146,English Babu Desi Mem,1996,"Hindi, Film",Nikhil - Vinay,"Yogesh, Rani Malik",Tips,0
6a305cca-8e7d-5919-a96f-54e9911a3fd6,Eyes,1996,"English, Non Film","Anu Malik, Craig Pruess, David Jackson, Manuela Gardner",,Venus,0
868e6dfa-9bac-51c1-b898-64deb1470e8b,Fareb,1996,"Hindi, Film",Jatin - Lalit,"Indeevar, Neeraj",Vatsa Music,3.67
c31acb66-0caf-5df4-8c44-30ff7ece12e3,Fire,1996,"Hindi, Film",A.R. Rahman,Traditional,Polygram,0
c03981c6-d43e-5e00-8b4a-4c095cc08ae1,From Bhupinder With Love,1996,"Hindi, Non Film",Bhupinder Singh,,Saregama,0
8a41a1de-aef4-540c-a873-1734cf8e94ad,Ghatak,1996,"Hindi, Film","R.D. Burman, Anu Malik","Majrooh Sultanpuri, Rahat Indori",Venus,3.0
2f990cf7-dfb9-50d4-a96f-c7c33f677e32,Halka Nasha,1996,"Hindi, Non Film",Utpal Biswas,Rajesh Reddy,Magnasound,0
c9119b16-971b-5520-9d31-6fd80a24afe8,Hasina Aur Nagina,1996,"Hindi, Film",Dilip Sen - Sameer Sen,"Naadaan, Dilip Tahir",Venus,2.67
1d38cfaf-2aa2-5de7-b498-a428463e7c16,Himmat,1996,"Hindi, Film",Anand - Milind,Sameer,Tips,0
03cb822c-9604-5940-9a5e-68f1d235d0a7,Himmatvar,1996,"Hindi, Film",Nadeem - Shravan,"Sameer, Anwar Sagar, Nadeem Saifi",BMB Music,0
f0e3c48b-cd20-59d8-96ad-43860f2a62ad,Hindustani,1996,"Hindi, Film",A.R. Rahman,P.K. Mishra,Tips,0
ebb9e151-c19e-5f68-9a2c-c16fc5518569,Hukumnaama,1996,"Hindi, Film",Iqbal Qureshi,"Anjaan, Soz Layalpuri",My Master's Music,0
8baf2b20-d02a-5e3d-b80e-229a35dcb8c5,Hum Hain Khalnayak,1996,"Hindi, Film",Bappi Lahiri,"Maya Govind, Deepak Sneh, Rani Malik, Nawab Arzoo, Satyaprakash, K.K. Verma",B.L. Sound,0
0098a81f-9f82-5f0f-a953-19f7424a1a7f,Hum Hain Premi,1996,"Hindi, Film",Shyam - Surender,"Rani Malik, Sateesh, Indivar",Tips,0
6ad61b8a-c587-5a61-9131-9153c686d2b9,Humko Ishq Ne Mara,1996,"Hindi, Film",Aadesh Shrivastava,Sameer,Venus,0
13ad1b8d-bc9b-5d4d-8d8f-27d2df100c98,Is Raat Ki Subah Nahin,1996,"Hindi, Film",M.M. Kreem,Nida Fazli,Plus Music,4.0
b4b065d3-4f2e-5d1e-ab21-2fd31ec5121d,Jaan,1996,"Hindi, Film",Anand - Milind,Anand Bakshi,Tips,0
a218b937-06ff-5953-891d-9015a410685a,Jaana Hai Bollywood,1996,"Hindi, Non Film",Biddu,"Shyam Anuragi, Shoaib Mansoor, Biddu",Magnasound,0
d73bc1a2-ec12-53d2-baf3-15312f003428,Jashn,1996,"Hindi, Non Film",Hariharan,"Tahir Faraz, Sheen Kaaf Nizam, Mumtaz Rashid, Qaiser-Ul-Jafri, Muztar Siddique",Venus,0
209165c4-be08-54e6-bdb7-ebe4145a90ed,Jeet,1996,"Hindi, Film",Nadeem - Shravan,Sameer,Tips,4.0
5912efb6-df46-5df9-b78c-94b52e8e17da,Jung,1996,"Hindi, Film",Nadeem - Shravan,Anand Bakshi,Tips,0
7d3a1836-0a1d-5242-a810-5ea3608f93d7,Jurmana,1996,"Hindi, Film",Dilip Sen - Sameer Sen,Mithilesh Maan Singh,Time Magnetics,0
59fe9824-2bc8-5b22-8897-b4ad3a58de94,Kabhi Aansoo Kabhi Khushboo Kabhi Naghma,1996,"Hindi, Non Film",Ali - Gani,Mumtaz Rashid,Tips,0
8b1caf3e-67f1-5156-8147-818ebac074b2,Kachhi Jawani,1996,"Hindi, Film",Sonik - Omi,Brij Bihari,Tips,0
fb0d88ab-8d28-593d-b18d-ca82dfa5ceb8,Khamoshi - The Musical,1996,"Hindi, Film","Jatin - Lalit, Remo Fernandes",Majrooh Sultanpuri,Polygram,4.67
6dc46554-a098-5975-9b2e-b128280e9d80,Khiladiyon Ka Khiladi,1996,"Hindi, Film",Anu Malik,"Dev Kohli, Indeevar",Time Audio,0
66d47eda-1b28-59ca-8e99-7e4892d17aac,Khilona,1996,"Hindi, Film",Naresh Sharma,"Deepak Chowdhary, Zafar Gorakhpuri, Sameer, Satyendra Upadhyaya",Prince Audio,0
0a25ce6f-0992-5ea8-b038-c148549f82f1,Krishna,1996,"Hindi, Film",Anu Malik,"Nida Fazli, Anand Raj Anand, Anwar Sagar, Madan Pal",Time Magnetics,4.0
47a3836c-ef50-5cd9-89b4-dbbb827e711c,Laalchee,1996,"Hindi, Film",Dilip Sen - Sameer Sen,Sameer,Plus Music,0
c814e4a3-0947-5b97-b234-798bab75b8dc,Loafer,1996,"Hindi, Film",Anand - Milind,"Nitin Raikwar, Sameer",Tips,3.0
81d2d7e8-376a-5b45-99c9-b1b6f7f5aad8,Love Birds,1996,"Hindi, Film",A.R. Rahman,"P.K. Mishra, Mehboob Kotwal",Music India,3.0
87d69d5d-7b1a-59f6-a357-f5a3cf80c0d6,Maachis,1996,"Hindi, Film",Vishal Bhardwaj,Gulzar,PAN Music,4.67
91910405-1301-5667-8461-ddbf3adea31e,Mafia,1996,"Hindi, Film",Anand - Milind,Sameer,BMB Music,0
73dfd7af-9444-558d-83eb-9dfffb4e6e12,Majhdhaar,1996,"Hindi, Film",Nadeem - Shravan,"Nawab Arzoo, Sameer",H.M.V.,0
d79dfe37-5229-5497-9292-bf02070435de,Masoom,1996,"Hindi, Film",Anand Raj Anand,Anand Raj Anand,Time Audio,3.0
50bef48f-a255-5d53-9b66-54675ad4321c,Maun,1996,"Hindi, Film",M.M. Kreem,P.K. Mishra,Ultra,0
39628f0e-81e9-524a-9aee-0209ff32c4ee,Megha,1996,"Hindi, Film","Raamlaxman, Surinder Kohli","Ravinder Rawal, Dev Kohli",Ultra,0
82027a6e-3d59-5fd5-8bfe-5b80754e26d6,Mirage,1996,"Hindi, Non Film","Talat Aziz, Jagjit Singh","Nida Fazli, Sagar Azmi, Sabir Dutt, Akhtar Azad, Riaz Khairabadi, Shahid Kabir, Ramal Sehgal, Krishna Bihari Noor",Saregama,0
08e504d8-a96b-53f5-9599-f48900a7260f,Mirch Masala,1996,"Hindi, Non Film",Sukhwinder Singh,,T-Series,0
a01fa0e7-a8e9-514b-978f-2104faccd26c,Miss Loomba Loomba,1996,"Hindi, Non Film",Baba Sehgal,Baba Sehgal,T-Series,0
0f3d7c67-c771-523b-a7f6-eb7633504389,Mr. Aashiq (Yeh Hai Mumbai Meri Jaan),1996,"Hindi, Film",Jatin - Lalit,Indeevar,Saregama,4.0
5c084ed3-d18e-55b7-ad93-b70dc695e967,Mr. Bechara,1996,"Hindi, Film",Anand - Milind,"Sameer, Nawab Arzoo",Time Audio,3.0
15a64c7b-cf2d-5cad-bd78-c06e87ccb4cc,Mr. Romeo,1996,"Hindi, Film",A.R. Rahman,P.K. Mishra,Tips,0
9c34f287-0f7d-5527-86ad-6568bbd07e81,Muqadama,1996,"Hindi, Film",Bappi Lahiri,"Manoj Darpan, Maya Govind, Indeevar, Kasif",BMB Music,0
0e413189-41e0-5c36-851b-355644f51f4e,Muqaddar,1996,"Hindi, Film",Anand - Milind,Sameer,Zee Records,0
6bff1a61-5ba5-52b9-940a-02b6fed46491,Namak,1996,"Hindi, Film",Anu Malik,"Hasrat Jaipuri, Vishweshwar Sharma, Indeevar",Venus,0
d05b0497-72ff-5787-aa7a-f03fe4af30aa,Nasheman (Vol. 1),1996,"Hindi, Non Film",Bhupinder Singh,,T-Series,0
a5e870ad-6228-57d6-805c-541985754434,Nasheman (Vol. 2),1996,"Hindi, Non Film",Bhupinder Singh,,T-Series,0
4955646f-2c7f-5e56-9497-77e42025080f,Naujawan,1996,"Hindi, Non Film",Biddu,Rajesh Johri,Magnasound,0
7d89658a-0bd0-56d7-8101-3448c725578b,Night Song,1996,"Hindi, Non Film",Nusrat Fateh Ali Khan,,Real World,0
c147edd1-4cfa-5397-ab77-98aba229b145,Papa Kahte Hain,1996,"Hindi, Film",Rajesh Roshan,Javed Akhtar,Plus Music,4.25
6cac488e-97db-5bb2-b366-a8109372384f,Papi Gudia,1996,"Hindi, Film",Naresh Sharma,"Gulshan Sarna, Sameer",Venus,0
3be0c5cd-e453-5ecd-bb63-31acf7cfd0a9,Prem Granth,1996,"Hindi, Film",Laxmikant - Pyarelal,Anand Bakshi,H.M.V.,2.5
aeb622dd-7685-54e3-9847-6ee797345c99,Pyaar Ka Saudagar,1996,"Hindi, Film",Bappi Lahiri,"Brij Bihari, Shaily Shailendra",Sterling Recordings,0
6b4a5a78-5626-5862-bb71-72c6fb2f5a12,Qaraar,1996,"Hindi, Non Film",Hariharan,"Naseem Shahar, Dr. Mukhtaruddin, Akbar Hyderabadi, Safi Hassan",T-Series,0
6eec7eec-c883-5d15-aec8-3477482dd7ec,Rahul And I,1996,"Hindi, Non Film","R.D. Burman, Bappi Lahiri, Shankar - Jaikishan, Kalyanji - Anandji","Anand Bakshi, Majrooh Sultanpuri, Gulshan Bawra, Indeevar, Sahir Ludhianvi, Javed Akhtar, Hasrat Jaipuri, Anjaan",Universal,0
49776f48-f86b-55f6-bcc8-45fc810c3117,Raja Hindustani,1996,"Hindi, Film",Nadeem - Shravan,Sameer,Tips,3.67
31eeb6db-1b3a-5c7d-b881-2b134d4fc77e,Raja Ki Aayegi Baaraat,1996,"Hindi, Film",Aadesh Shrivastava,"Shyam Raj, Dev Kohli, Madan Pal",Aftab Music,0
685025da-1dfc-5f00-822a-d07d1604622a,Rajkumar,1996,"Hindi, Film",Laxmikant - Pyarelal,Anand Bakshi,Venus,3.5
313eb460-1f13-5d64-9dab-18f92bb4a896,Rakshak,1996,"Hindi, Film",Anand - Milind,"Sameer, Deepak Chaudhary",Big B,3.67
e0c9f8a3-a263-57fb-931a-af40a14fd50a,Rangbaaz,1996,"Hindi, Film",Bappi Lahiri,Dev Kohli,Shemaroo,0
2176fb41-1073-5f9d-aab0-003ec2f66f9a,Return Of Jewel Thief,1996,"Hindi, Film",Jatin - Lalit,"Anand Bakshi, Mehboob",Zee,0
cf50509a-72d0-5c8c-87e3-f054d6b67ed9,Rising From The East,1996,"Hindi, Non Film",,,Sony Music,0
0b038782-e8c1-59bb-b26b-bc1544c9463e,Saajan Chale Sasural,1996,"Hindi, Film",Nadeem - Shravan,"Arif Khan - I, Sameer",Tips,3.5
520c3f05-afc0-5775-a4c0-59a88958cf5b,Sangam,1996,"Hindi, Non Film",Nusrat Fateh Ali Khan,Javed Akhtar,Saregama,0
fb9c6505-44ca-536c-bc17-ba78a033f280,Sanshodhan,1996,"Hindi, Film",Vishal Bhardwaj,Suryabhanu Gupta,,0
6db1bd02-df97-5bbf-87a9-9ccedddbba4f,Sapoot,1996,"Hindi, Film",Anu Malik,"Vinay Dave, Dev Kohli",Big B,3.0
bec3acb8-6be7-56f8-9066-28b7798834f4,Sardari Begum,1996,"Hindi, Film",Vanraj Bhatia,Javed Akhtar,Plus Music,0
a32518a3-b731-54c6-bc44-307cb05b65f6,Sautela Bhai,1996,"Hindi, Film",R.D. Burman,Majrooh Sultanpuri,,0
ce04914c-83cf-51a5-aca4-518516db6789,Shastra,1996,"Hindi, Film",Aadesh Shrivastava,Shyam Raj,Trimurti Sound,3.67
4e0faa35-15e5-5f68-9f5f-d2599f4e4f20,Shohrat,1996,"Hindi, Film",Nikhil - Vinay,"Rani Malik, Ankit Sagar, Yogesh Gaud",Venus,0
32c35e3b-d38a-5d8d-87ab-47e39d0ad633,Spot Boy,1996,"Hindi, Film",Iqbal Qureshi,Madhosh Bilgrami,Zee,0
2631f32e-9ac5-554e-800b-11335a2c45d5,Sunoh,1996,"Hindi, Non Film",Lucky Ali,Syed Aslam,BMG Crescendo,3.0
501eaaf9-72cd-5756-a029-4f3124d3e91e,Talaash,1996,"Hindi, Non Film",Ranjit Barot,Shyam Anuragi,Saregama,0
13d7228c-3403-5d93-b999-5fdf9f5809d6,Tamanna,1996,"Hindi, Film",Anu Malik,"Nida Fazli, Indeevar, Rahat Indori, Makhdoom Mohiuddin, Kaifi Azmi",Saregama,4.0
b3d85148-d7f0-51d3-85c8-16a5b03ed8ef,Tareef,1996,"Hindi, Non Film",Kuldeep Singh,"Payam Sayeedi, Rajesh Reddy, Majmoa, Suryabhanu Gupta, Zameer Qazmi, Sudarshan Faakir",T-Series,0
6e5a9bf0-6a9e-5b9c-92f6-65ae7a2173f0,Tere Mere Sapne,1996,"Hindi, Film",Viju Shah,Anand Bakshi,T-Series,4.0
8f0170f3-1d0d-5777-a2e7-7b373e0b02b1,Tu Chor Main Sipahi,1996,"Hindi, Film",Dilip Sen - Sameer Sen,Anand Bakshi,Venus,3.0
5848bfa4-f574-5de1-a70c-a8d72dc3ac6b,Udaan,1996,"Hindi, Film",Anand - Milind,Sameer,Venus,0
7c521b0f-4b3d-5102-9116-4b2dae556db1,Uff Yeh Mohabbat,1996,"Hindi, Film",Nikhil - Vinay,"Vipin Handa, Rani Malik",Venus,0
6d38ef10-ff75-5781-b6e0-baff1d9bfc31,Vijeta,1996,"Hindi, Film",Anand - Milind,Sameer,Top Cassettes,0
5da4bd32-5fa9-56dd-8ed5-e995690cd3a9,Visaal,1996,"Hindi, Non Film",Hariharan,"Mumtaz Rashid, Momin, Mirza Ghalib, Shahryar, Shamim Jaipuri",Navras,0
37baafd7-36a7-543f-943f-b38aced6029c,Vishwasghaat,1996,"Hindi, Film",Shyam - Surender,Rani Malik,Ritz Audio Company,0
5c034133-22c2-52fa-8d7a-985c2774e560,We Are Not Listening,1996,"English, Non Film",,,Plus Music,0
b292525e-7e34-5501-9729-153ff9927443,Yash,1996,"Hindi, Film",Tabun Sutradhar,"Nawab Arzoo, Rajesh Johri",Ultra,3.0
99419c90-7c88-5475-9310-3f56172d15c6,A-Ha,1997,"Hindi, Non Film","Suchitra Krishnamoorthi, Raju Singh, Bunty Duggal, Soumitra Maitra, Atul Churamani","Arun Raaj, Suchitra Krishnamoorthi",Magnasound,0
1775ca7d-e6b5-50c2-bfb5-9e025e8615bb,Aar Ya Paar,1997,"Hindi, Film",Viju Shah,"Maya Govind, Indeevar, Rani Malik, Nitin Raikwar",Venus,3.0
2b752d28-744d-55ed-bbc9-f45bd5d288ba,Aastha,1997,"Hindi, Film",Shaarang Dev,Gulzar,H.M.V.,2.5
9e0d57cf-5abc-5c90-8bda-0868f6528457,Aflatoon,1997,"Hindi, Film",Dilip Sen - Sameer Sen,"Anand Bakshi, Deepak Chaudhary",T-Series,3.0
0ef6aa04-d68a-5e58-adc2-c6eafc600fdd,Afsaana,1997,"Hindi, Non Film",Ghulam Ali,"Ikhlaq Sagri, Asif Bijnauri, Shevan Bijnori, Shams Muzaffarpuri, Parveen Shakir, Zia Ansari",T-Series,0
74c699a3-c3d2-526d-b0c9-d0a1b7f73b6a,Agnee Morcha,1997,"Hindi, Film",Shyam - Surender,Satish - I,United,3.0
effd3c70-d8aa-549a-8923-a4e88caf9973,Agnichakra (Action),1997,"Hindi, Film",Bappi Lahiri,Amit Khanna,BMG Crescendo,0
a126f727-7a5c-5749-b38f-d140c1658e60,Allah Meherban To Gadha Pahelwan,1997,"Hindi, Film","Kirti Anurag, Sajan - II","J.R. Jyoti, Ahsan Bharti",Lovers Music,0
0eba9e81-2ba5-5283-a3a6-dc7b9304c8a3,Ankhon Mein Tum Ho,1997,"Hindi, Film",Anu Malik,Anand Bakshi,H.M.V.,0
b5f9efef-3a05-5e91-976f-85dc16f69616,Aur Pyar Ho Gaya,1997,"Hindi, Film",Nusrat Fateh Ali Khan,Javed Akhtar,H.M.V.,3.5
3e829036-d3bc-5331-ad58-0b2e46820b8a,Auzaar,1997,"Hindi, Film",Anu Malik,"Indeevar, Anu Malik, Rahat Indori, Ila Arun, Qateel Shifai",Tips,2.5
1303121b-c607-5c10-9210-542696d108ac,Badalte Mausam,1997,"Hindi, Non Film",Adnan Sami,,Magnasound,0
d9935ec4-855f-5a1d-b2ce-1db1d5b73117,Betaabi,1997,"Hindi, Film",Vishal Bhardwaj,"Sameer, Bashir Badr, Vishal Bhardwaj",Venus,3.67
ddae7d24-b1cd-5bf9-b6bb-42a6ae4a9761,Bewafa Sanam - Dil Ke Tukde (Vol. 7),1997,"Hindi, Non Film",Nikhil - Vinay,Payam Sayeedi,T-Series,0
0cfa6b11-496b-5a81-817d-292eb22f2b05,Bhai,1997,"Hindi, Film",Anand - Milind,Sameer,Bombino,0
a1d64894-bf70-5e71-ab9c-29b96a2e9c20,Bhai Bhai,1997,"Hindi, Film",Aadesh Shrivastava,"Nida Fazli, Indeevar, Shyam Raj, Dev Kohli",Time Audio,0
6ee05ad4-6c99-5709-88b9-e25d6d796356,Border,1997,"Hindi, Film",Anu Malik,Javed Akhtar,Venus,4.25
4ec73aea-1b7a-5411-8d08-de4ef31891fe,Catwalk,1997,"Hindi, Non Film",Edwin Fernandes,"Rajiv Anand, Anamika",Tips,0
fd4d9e36-5993-509e-9268-e1781eb48994,Chachi 420,1997,"Hindi, Film",Vishal Bhardwaj,Gulzar,Bombino,3.0
9ba900c1-df8c-523c-ac4f-e5636d455ac7,Chand Grahan,1997,"Hindi, Film","Jaidev, Santosh Nair","Kaifi Azmi, Rajesh Johri, Traditional",BMG Crescendo,3.0
650eeb98-691e-5e20-9a86-bf14bb412c45,Colonial Cousins: MTV Unplugged,1997,"English, Non Film","Hariharan, Leslie Lewis","Leslie Lewis, Rajesh Johri, Mehboob Kotwal",Magnasound,0
2428288d-2ddd-573a-b5ee-8d0fe6931fd2,Daadagiri,1997,"Hindi, Film",Dilip Sen - Sameer Sen,Nawab Arzoo,T-Series,0
80361e28-7fb4-5456-9a87-7b1d4e31d3f4,Daava,1997,"Hindi, Film",Jatin - Lalit,"Vinoo Mahendra, Rani Malik, Israr Ansari, Madan Pal",Plus Music,0
5ce3e43b-7c8b-5bc0-89a1-8eb67fc0e53a,Darmiyaan,1997,"Hindi, Film",Bhupen Hazarika,Javed Akhtar,PAN Music,3.5
8ac94f85-4ae1-5d70-ae08-9e8968204cd4,Daud,1997,"Hindi, Film",A.R. Rahman,"Mehboob Kotwal, Sukhwinder Singh",Tips,3.5
5ac7f4b0-a07a-5252-a13c-9a9e4c1b7672,Deewana Mastana,1997,"Hindi, Film",Laxmikant - Pyarelal,Anand Bakshi,Venus,0
23f62454-86eb-52cb-bbc2-94d23ffe09f4,Dhaal,1997,"Hindi, Film",Anu Malik,"Dev Kohli, Qateel Shifai, Manohar Iyer, Anu Malik",Venus,0
f52a05da-b21d-5138-a9e2-24043707fefd,Dharma Karma,1997,"Hindi, Film",Bappi Lahiri,Nawab Arzoo,Shemaroo,0
c4359c99-3f67-5cbe-93a1-2f09cf82869c,Dil Kitna Nadan Hai,1997,"Hindi, Film",Anu Malik,"Rahat Indori, Faaiz Anwar, Hasrat Jaipuri",Shemaroo,0
9a71a9cd-9d6b-5814-8b80-c884e38e6530,Dil Le Gaya Ajnabi,1997,"Hindi, Non Film",Sameer Phaterpekar,Manohar Iyer,Tips,0
44d1c850-25f8-5657-a65b-1560b6ad2d71,Dil To Hai Diwana,1997,"Hindi, Non Film",Bhushan Dua,,T-Series,0
8e0b55f1-72ce-5317-9117-10cdcf119869,Dil To Pagal Hai,1997,"Hindi, Film",Uttam Singh,Anand Bakshi,H.M.V.,4.25
8e1f469d-2fba-5310-88e7-fcb1206680af,Do Aankhen Barah Hath,1997,"Hindi, Film",Bappi Lahiri,"Indeevar, Hasrat Jaipuri, Sunil Jha",Tips,0
95931db1-2b2b-54ad-b4c7-db334d7e1a0f,Duniya,1997,"Hindi, Non Film",Trilok Loomba,Trilok Loomba,,0
1f9d39bd-1b60-5539-a3e9-84dc8a4da6f5,Dus,1997,"Hindi, Film","Shankar - Ehsaan - Loy, Sandeep Chowta","Sameer, Deepak Chaudhary",T-Series,4.0
6a54a538-3737-5c07-a5d6-7815accc1203,Ek Phool Teen Kante,1997,"Hindi, Film",Jatin - Lalit,"Vinoo Mahendra, Sameer, Nawab Arzoo",Shemaroo,0
7eb9a70d-06c7-5ed2-a90c-a902f8745739,Ek Tha Dil Ek Thi Dhadkan,1997,"Hindi, Film","Anand Raj Anand, Surendra Sodhi",Javed Akhtar,Time Audio,3.0
9ae12843-6d24-5901-acb0-5704004b62cd,Farebi,1997,"Hindi, Non Film","Biddu, Cole Porter","Timon Singh, Biddu, Prith Nihal, Cole Porter, Dr. Deepak Dhusia",Saregama,0
dbaa2541-f2da-589f-8364-bc121646265f,Ghoonghat,1997,"Hindi, Film",Anand Raj Anand,"Anand Raj Anand, Vicky Nagar, Dev Kohli",Tips,4.0
eaf4511d-4815-50b8-9669-392ef223272d,Ghulam E Musthafa,1997,"Hindi, Film",Rajesh Roshan,Anand Bakshi,Tips,0
3a6a2922-7709-55b5-8d30-76adb2aa1b06,Grahan,1997,"Hindi, Film",Karthik Raja,"Ila Arun, Mehboob Kotwal",Tips,0
01b3be3d-1c0d-5b42-9349-35a14fe0d864,Gudgudee,1997,"Hindi, Film",Bappi Lahiri,"Yogesh Gaud, Amit Khanna",Plus Channel,0
0de88e89-5aac-52a4-8225-370b1336be02,Gudia,1997,"Hindi, Film","Gautam Ghosh, Arthur Gracias","Traditional, Nida Fazli, Gautam Ghosh",Plus Music,0
9e9c2384-4b69-538e-886b-fd0bf52a4b36,Gunda Gardi,1997,"Hindi, Film",Jatin - Lalit,"Maya Govind, Kavita Kiran, Shyam Raj, Anwar Sagar, Rani Malik",Shemaroo,0
9a5fbd25-2a56-574b-9efb-d5382068d434,Gupt,1997,"Hindi, Film",Viju Shah,Anand Bakshi,Tips,4.4
4a0fa379-c35f-59d9-890b-0a984641ab6d,Guzre Zamane,1997,"Hindi, Non Film",M.M. Kreem,"Sameer, Traditional, Rani Malik, Rajesh Malik",T-Series,0
fe9f7e67-4363-50cc-81c5-a49ade24069f,Hameshaa,1997,"Hindi, Film","Anu Malik, Salim - Sulaiman","Rahat Indori, Dev Kohli, Maya Govind",Venus,3.0
512eb540-65cd-549f-906a-a69b384e53cc,Hero No. 1,1997,"Hindi, Film",Anand - Milind,Sameer,Tips,3.5
aeb406fe-4d4e-544f-992b-4f71f58a3d22,Himalay Putra,1997,"Hindi, Film",Anu Malik,"Dev Kohli, Rahat Indori, Nida Fazli",Saregama,0
35cc92ab-f090-5609-9525-eac9c48f640c,Ho Jayegi Balle Balle,1997,"Hindi, Non Film","Daler Mehndi, Jawahar Wattal, Asad Amanat Ali, Ravi Pawar","Daler Mehndi, Sanjeev Anand, Khwaja Ghulam Fareed",Magnasound,4.0
f2d37ee1-a876-56dd-9631-fe9207a449c6,Humnasheen,1997,"Hindi, Non Film",,,Universal,0
87685f9d-284f-5864-b7d7-517ba3299f55,Imaan Beiman,1997,"Hindi, Film",Rajesh Roshan,Indeevar,Saregama,0
0fb811cf-ec31-509f-ba17-b889dfdc4250,Insaaf - The Final Justice,1997,"Hindi, Film",Anand - Milind,Sameer,Tips,0
6d490670-6ee7-5eb9-8f77-bcac30bd7745,Ishq,1997,"Hindi, Film",Anu Malik,"Rahat Indori, Anu Malik, Javed Akhtar, Dev Kohli",Baba Music,0
0f49bbbf-6212-5009-a09f-cebf5bde8a35,Itihaas,1997,"Hindi, Film",Dilip Sen - Sameer Sen,Sameer,Big B,2.67
cb1e6165-87a0-5e3c-8bb5-e19d72fb2385,Jaalsaaz,1997,"Hindi, Film","Dilip Sen - Sameer Sen, Ravindra Jain","Sameer, Ravindra Jain",Saregama,0
75001f49-b719-5796-9525-35d321b84909,Jaanam Samjha Karo,1997,"Hindi, Non Film",Leslie Lewis,Majrooh Sultanpuri,Universal,4.67
37fdac2b-06a0-5464-a837-0993ce638cfd,Jeevan Yudh,1997,"Hindi, Film",Nadeem - Shravan,Sameer,Shemaroo,0
75e0d76f-256f-54c9-8bbc-df385850683c,Jodidar,1997,"Hindi, Film",Bappi Lahiri,"Indeevar, Gauhar Kanpuri",T-Series,0
71900b76-91c5-5e83-afce-a365d32dc456,Judaai,1997,"Hindi, Film",Nadeem - Shravan,Sameer,Venus,3.5
48febd6a-ea8f-56db-be05-7da1fe826949,Judge Mujrim,1997,"Hindi, Film",Bappi Lahiri,Anwar Sagar,Plus Music,2.5
a5d07cc0-a3c7-5e9a-941d-aa31c79bcbf9,Judwaa,1997,"Hindi, Film",Anu Malik,"Dev Kohli, Anu Malik, Nitin Raikwar",Venus,3.5
b48e3217-e94f-5e0b-9cfc-26a44bddf2b5,Kaalia,1997,"Hindi, Film",Anand Raj Anand,"Anand Raj Anand, Dev Kohli, Kavita Kiran",Shemaroo,0
e644d00d-1c81-50d6-85e5-9590f62e7874,Kaun Sachcha Kaun Jhootha,1997,"Hindi, Film",Rajesh Roshan,Sameer,Time Magnetics,3.0
a5400c91-feb8-510c-9e76-237085d72150,Khel Khiladi Ka,1997,"Hindi, Film",A.R. Rahman,Mehboob Kotwal,T-Series,0
bb03022b-3b9f-5d93-922c-7b6196fc74b7,Khichdi,1997,"Hindi, Non Film",Lalit Sen,,Tips,0
c8c11b09-6270-541b-b6ac-4d4299708020,Khushboo,1997,"Hindi, Non Film",Roop Kumar Rathod,Parveen Shakir,,0
7b52d0bb-e342-532c-bc92-0b3de5ad2eea,Koi Kisise Kum Nahin,1997,"Hindi, Film",Anand Raj Anand,Anand Raj Anand,Saregama,4.67
63fcb918-bff3-5628-a852-121450e52a52,Koyla,1997,"Hindi, Film",Rajesh Roshan,Indeevar,Tips,4.25
f2acea5a-8f97-52bb-97bf-2b9012b1a4a1,Krishna Arjun,1997,"Hindi, Film",Arup - Pranay,"Yogesh, Nitesh Raj",Tarana Audio,0
bebdfc0f-603e-56a5-8739-4f6bf16af69c,Lafda Ha Na Jaye,1997,"Hindi, Non Film",Anu Malik,Shyam Anuragi,Magnasound,0
85531dda-673a-5750-8fca-e1885abfcecc,Lahoo Ke Do Rang,1997,"Hindi, Film",Anand - Milind,Sameer,Zee Music Company,0
1248cac8-d0a1-5d8a-83d7-e16c7d4f1db7,Lav Kush,1997,"Hindi, Film",Raamlaxman,"Dev Kohli, Traditional",Plus Music,0
cf8a3077-aa69-5d64-a4d7-1ccb167b0cea,Loha,1997,"Hindi, Film",Tabun Sutradhar,"Nitin Raikwar, Saawan Kumar",Tarana Audio,0
955e5504-112b-5e43-bb0e-8a4f83b3206f,Love-Ology,1997,"Hindi, Non Film",Ram Sampath,"Shaan, Manohar Iyer, Nida Fazli, Yogesh Gaud",Magnasound,0
7ca03b4a-f169-5745-b6af-7467437f066e,Mahaanta,1997,"Hindi, Film",Laxmikant - Pyarelal,Anand Bakshi,Zee Music Company,0
de5a7182-07d9-5db6-892e-2e319eb1d3c4,Mama Mia,1997,"Hindi, Non Film","Bhushan Dua, Shankar - Jaikishan, Madan Mohan, R.D. Burman","Hasrat Jaipuri, Raja Mehdi Ali Khan, Anand Bakshi",Plus Music,0
fbbd6202-9b5a-5664-9663-a19382ac113d,Mehboob,1997,"Hindi, Non Film",Talat Aziz,"Nida Fazli, Qateel Shifai, Arun Bhairav",Venus,0
1cf2c2e3-61c1-5860-aa90-b932a2e56354,Mehrab,1997,"Hindi, Non Film",Ghulam Ali,"Ahmad Faraz, Habib Jalib, Mirza Ghalib, Saifuddin Saif, Saghar Siddiqui, Mohsin Naqvi, Faiz Ahmed Faiz",Venus,0
41f96da3-638f-528f-ae0d-f073e4de5312,Mere Sapno Ki Rani,1997,"Hindi, Film",Anand - Milind,"Nitin Raikwar, Dev Kohli, Traditional",Zee,2.5
b01156b1-6783-5724-96fd-227ea6fc3b17,Mere Watan Ke Logon,1997,"Hindi, Non Film","Hemant Kumar, C. Ramchandra, Avinash Vyas","Kavi Pradeep, Gulzar, Bharat Vyas, Narendra Sharma, Bismil Azimabadi, Bankim Chandra Chatterjee",Saregama,0
974107ad-9baf-517c-b432-b261565ad5fc,Mohabbat,1997,"Hindi, Film",Nadeem - Shravan,"Sameer, Reema Rakesh Nath",H.M.V.,3.0
fad727f4-3500-5bbe-91b5-bcd927b29bbc,Mr. & Mrs. Khiladi,1997,"Hindi, Film",Anu Malik,"Dev Kohli, Anu Malik, Hasrat Jaipuri",Tips,0
f7aa1382-7483-5c3a-8ff9-e85f7e8cc2cd,Mrityudaata,1997,"Hindi, Film","Anand - Milind, Daler Mehndi","Sameer, Daler Mehndi",T-Series,4.0
4fe4ebb4-c55e-51ef-8cb7-6f9f1ec1b79d,Mrityudand,1997,"Hindi, Film",Anand - Milind,Javed Akhtar,Saregama,3.0
2837111a-017f-541c-99bf-b66deb09451f,Mulaqat,1997,"Hindi, Non Film",Ashok Khosla,"Shakeel Badayuni, Qateel Shifai",Venus,0
4b5c410f-c77b-583d-a819-ea5f56953030,Naseeb,1997,"Hindi, Film",Nadeem - Shravan,Sameer,Zee Music Company,0
966d3487-0925-55ea-a2b6-c9942a8d69dd,Nazarr,1997,"Hindi, Film",Dilip Sen - Sameer Sen,"Maya Govind, Nawab Arzoo, A.K. Shrivastava",Time Audio,0
a9246b31-9fce-597f-967d-2b0dd1ca16e6,Nirnayak,1997,"Hindi, Film",Bappi Lahiri,"Indeevar, Maya Govind, Anwar Sagar, Nawab Arzoo",Ultra,0
5fe491e6-e79d-5281-82e1-7d187009e131,Pagla Kahin Ka,1997,"Hindi, Non Film","Tabun Sutradhar, Anand - Milind, Sukhwinder Singh",Bhushan Dua,Krishna Music,0
f2533af3-8a8c-5e16-b9c5-339a05d8fc21,Pardes,1997,"Hindi, Film",Nadeem - Shravan,Anand Bakshi,Tips,4.5
b73c6c77-7e06-5c54-9f70-43c1e6a771c5,Prithvi,1997,"Hindi, Film",Viju Shah,"Azeez Jalandhari, Nitin Raikwar, Deepak Chaudhary, Jalees Sherwani, Madan Pal",T-Series,0
2d60ef9a-bf2d-529a-a78d-eb432cc7c650,Qahar,1997,"Hindi, Film",Anand - Milind,Anand Bakshi,Zee,0
1d8eb68b-1259-5fa8-906d-9049a4c6f12b,Saat Rang Ke Sapne,1997,"Hindi, Film",Nadeem - Shravan,Sameer,T-Series,2.67
1495e17e-74b2-5fc1-aadc-dfbc4506b077,Saaz,1997,"Hindi, Film","Rajkamal, Bhupen Hazarika, Yashwant Deo, Zakir Hussain",Javed Akhtar,Plus Music,4.0
a092f429-81e3-5ddb-9008-d6c4290521b6,Salma Pe Dil Aa Gaya,1997,"Hindi, Film",Aadesh Shrivastava,"Ravindra Jain, Saawan Kumar, Dev Kohli, Shyam Raj",Vatsa Music,2.5
e88d2373-2419-5b21-afd2-23af756f7b59,Sanam,1997,"Hindi, Film",Anand - Milind,Sameer,Tips,3.0
1f6ad373-786c-58ca-a002-50620975c3e6,Sapnay,1997,"Hindi, Film",A.R. Rahman,Javed Akhtar,RPG Music,4.2
f966ce17-9ac8-55d5-b997-619b14bcbd5c,Sapne Ki Baat,1997,"Hindi, Non Film",Raju Singh,"Manohar Iyer, Sonu Nigam, Shyam Raj, Yogesh",T-Series,0
8177773b-aae1-5b92-b2be-1764b4a4511f,Shahkaar,1997,"Hindi, Non Film",Talat Aziz,"Ibrahim Ashq, Qateel Shifai, Hasan Kazmi, Zafar Kaleem, Anwar Mirza Puri, Fana Nizami Kanpuri",Venus,0
01406578-abf9-58a0-8af9-335596ed334e,Shapath,1997,"Hindi, Film",Anand - Milind,Sameer,Shemaroo,3.0
2185eff9-2c52-5141-8fe1-005dbd9111e3,Sher-E-Hindustan,1997,"Hindi, Film",Anand - Milind,Dev Kohli,Shemaroo,0
5006b206-0de9-51c0-9b67-1bfc7ba5cff5,Suraj,1997,"Hindi, Film",Anand - Milind,Sameer,Zee Music Company,2.5
8161e860-5b6b-5a4f-8392-454890fb22d3,Tarazu,1997,"Hindi, Film",Rajesh Roshan,Sameer,Tips,0
25641e86-fad1-5dc3-bba2-e203e37eecec,Tere Husn Ka Jadoo Chal Gaya,1997,"Hindi, Non Film",Sajid - Wajid,,T-Series,0
70fbed91-1f22-5e2c-9730-ce59849f9ca6,Tu Dil De De...,1997,"Hindi, Non Film",Penaz Masani,,Sony Music,0
2053c088-2b1d-5d7d-ae93-095828b8ae82,Tum Yaad Aaye,1997,"Hindi, Non Film",Raju Singh,Javed Akhtar,Nupur Audio,4.5
4f2f30b8-c28f-52c3-9477-926ed1e622d5,Ulfat,1997,"Hindi, Non Film",Zafar Iqbal,Rehmat Khan,Venus,0
ea14ecf5-6229-5911-89c4-fc4c169f595f,Vande Mataram,1997,"Hindi, Non Film",A.R. Rahman,"Mehboob Kotwal, Vairamuthu, Tim Kody, Dinesh Kapoor, Bankim Chandra Chatterjee",Sony Music,3.5
29d36b41-8233-5843-b570-d5cb28b857cc,Virasat,1997,"Hindi, Film",Anu Malik,Javed Akhtar,H.M.V.,4.0
998ddb81-58df-5528-b1f0-eb9156139076,Vishwa Vidhaata,1997,"Hindi, Film",A.R. Rahman,"Mehboob Kotwal, P.K. Mishra",Bombino,3.0
d9695cf1-8a76-535f-845c-8c3e1e69af3a,Woh Ladki Yaad Aati Hai,1997,"Hindi, Non Film",Pankaj Udhas,"Nida Fazli, Sheen Kaaf Nizam",Venus,0
c0627f1d-7c8a-58e4-8dc4-d06db24e7f56,Yes Boss,1997,"Hindi, Film",Jatin - Lalit,Javed Akhtar,Venus,4.75
a78f0695-e226-5f26-b93a-26e9fb4679ed,Yeshwant,1997,"Hindi, Film",Anand - Milind,"Sameer, Hriday Lani",Zee Records,0
4fe98db0-dd83-5713-a1a2-a215227f761c,Zameer,1997,"Hindi, Film",Anand - Milind,Sameer,Tips,3.0
f69df87b-89b1-5ada-921e-91cd7220e156,Ziddi,1997,"Hindi, Film",Dilip Sen - Sameer Sen,Sameer,Vatsa Music,0
bbbe9df0-da98-5e22-903d-54f74defc92e,Zindagi Zindabad,1997,"Hindi, Film",Anand Modak,Gulzar,,0
f9dab6b5-9206-5c17-a468-c3b8a21f71e1,2001: Do Hazaar Ek,1998,"Hindi, Film",Anand Raj Anand,"Dev Kohli, Manoj Darpan",Tips,0
6d255b82-9e76-58a9-a29a-cf2816eeac18,Aag Aur Tezaab,1998,"Hindi, Film",Mahesh - Kishore,"Rani Malik, Kulwant Jani, Nayyar Jaunpuri, Tabish Romani",Tarana Audio,0
e532269e-92e3-5e89-8ab5-884379e49e9e,Aakrosh,1998,"Hindi, Film",Anand Raj Anand,"Dev Kohli, Faaiz Anwar, Anand Raj Anand",Shemaroo,0
dd1ed778-0d33-51fb-b63b-536a08ab2f47,Achanak,1998,"Hindi, Film",Dilip Sen - Sameer Sen,Sameer,Venus,0
bccc6579-22d3-5229-9ee3-3b6b07c3b430,Ajnabi Saaya,1998,"Hindi, Film",Dilip Dutta,"Gumrah Kyanati, Kaisar-Ul-Zaafari, Gufi Paintal, Satyen Sharma",Evershine,0
636c7e05-6e03-5f65-9d55-7a0ab1000f09,Angaaray,1998,"Hindi, Film","Aadesh Shrivastava, Sukhwinder Singh, Anu Malik, Raju Singh","Javed Akhtar, Madan Pal, Rani Malik",T-Series,3.4
7e539d44-f5d0-5262-b6d7-bdc92c2977fb,Asha Aur Khayyam,1998,"Hindi, Non Film",Khayyam,"Hasan Kamal, Nida Fazli, Ahmed Wasi, Naqsh Lyallpuri",Universal,4.0
0145f41a-91da-54de-8c2a-e0cf7baf669b,Aunty No. 1,1998,"Hindi, Film",Anand - Milind,Sameer,Venus,0
e2fd306f-f37e-5894-bc11-8dff7e5fc6ac,Bada Din,1998,"Hindi, Film",Jatin - Lalit,Javed Akhtar,Saregama,3.0
3c493f35-c791-5fe5-bb5e-49990dc769c2,Bade Miyan Chote Miyan,1998,"Hindi, Film",Viju Shah,Sameer,Tips,3.5
9ac41e50-22f0-500b-815a-940c0fe8e0e0,Banarasi Babu,1998,"Hindi, Film",Anand - Milind,Sameer,Ultra,0
9d9d034d-48b2-5a0c-849c-3eeb12bdaea3,Bandhan,1998,"Hindi, Film","Himesh Reshammiya, Anand Raj Anand","Sudhakar Sharma, Dev Kohli, Rajesh Malik, Arun Bhairav",Venus,3.5
0e29836b-2ae8-5e6b-946b-2766f8dac4d5,Barood,1998,"Hindi, Film",Anand - Milind,Sameer,Venus,0
d53096fe-9577-55c5-b53f-dbf639c7d004,Barsaat Ki Raat,1998,"Hindi, Film",Laxmikant - Pyarelal,Anand Bakshi,Venus,0
27679a35-1c2d-5ba9-a8dc-f7b9e73e6c43,Bombay Boys,1998,"English, Film","Ashutosh Pathak, Dhruv Ghanekar, Traditional, Merlin Dsouza, Asif Ali Beg","Javed Jaffrey, Kiran Kotrial, Bashir Sheikh, Manohar Iyer, Tara Sahgal, Traditional, Merlin Dsouza, Asif Ali Beg",BMG Crescendo,3.5
4e38484b-f213-5e5c-b225-b6a99e903849,Boondein,1998,"Hindi, Non Film","Mohit Chauhan, Kem Trivedi, Atul Mittal","Silk Route, Prasoon Joshi, Sailesh Sharma",Crescendo Music,4.5
e6ead9f9-9021-581c-b350-d3f17ad87060,Breathless,1998,"Hindi, Non Film",Shankar Mahadevan,Javed Akhtar,Saregama,4.67
c617cdd3-85d9-5f74-9ebe-888a3579d04c,Chandaal,1998,"Hindi, Film",Anand - Milind,Dev Kohli,Bombino,0
415d0cd0-75ae-5bb4-a606-306d11568141,Chhota Chetan,1998,"Hindi, Film",Anu Malik,Nitin Raikwar,T-Series,0
4575740d-4dda-545f-b6f0-a5537ffe39b3,China Gate,1998,"Hindi, Film",Anu Malik,Sameer,Tips,4.0
97b62917-d919-510b-91b9-ca1b4f69cb27,Dandnayak,1998,"Hindi, Film",Rajesh Roshan,Anand Bakshi,Time Audio,0
a1b10938-f6fb-5192-8880-11b8f4f69caf,Deewana Hoon Pagal Nahin,1998,"Hindi, Film",Aadesh Shrivastava,"Dev Kohli, Madan Pal, Anwar Sagar, Shyam Raj",Universal,0
aebc3789-e4d5-5368-9576-4f37b2791e0d,Deewane To Deewane Hain,1998,"Hindi, Non Film","Jawahar Wattal, Ravi Pawar",Shyam Anuragi,Magnasound,0
bff52811-b14d-5431-9680-0fff948efda3,Devta,1998,"Hindi, Film",Dilip Sen - Sameer Sen,"Dev Kohli, Anwar Sagar, Satyaprakash",Bombino,0
22cec2e3-3100-5a83-8490-01db326ef1f1,Dhoom,1998,"Hindi, Non Film","Palash Sen, D.J. Bhaduri, Gussy","Dahlia, Palash Sen, Debleena Bhaduri, Sam Panchmukhi",Archies Music,0
6ad811b9-7426-51cf-8e7f-7dd3e79224d4,Dhoondte Reh Jaaoge,1998,"Hindi, Film",Jatin - Lalit,Majrooh Sultanpuri,Shemaroo,0
083ed263-3dd6-5ecb-998d-03151930594c,Dil Se,1998,"Hindi, Film",A.R. Rahman,"Gulzar, Girish Puthencheri, Tejpal Kaur",Venus,4.75
5ec883cc-46c0-5743-82dd-1b5c1461dca5,Do Numri,1998,"Hindi, Film",Tabun Sutradhar,"Dev Kohli, Mumtaz Rashid, Meenakshi - II, Pravin Kumar - I",Merica Music,0
e9c4f2ee-6ddd-5d0c-b28c-d459d0dcb180,Doli Saja Ke Rakhna,1998,"Hindi, Film",A.R. Rahman,Mehboob Kotwal,T-Series,0
df6f69d9-b3d0-5cd0-9739-e037bd82f8bf,Dulhe Raja,1998,"Hindi, Film",Anand - Milind,Sameer,T-Series,0
8a4333d4-c7b0-5772-a5b7-694a21f3142c,Duplicate,1998,"Hindi, Film",Anu Malik,Javed Akhtar,H.M.V.,4.0
ff457380-4165-5134-886c-81584e93787c,Dushman,1998,"Hindi, Film",Uttam Singh,Anand Bakshi,H.M.V.,4.5
fe7fa01b-2548-569e-8be6-e0f87c27d180,Geetnuma,1998,"Hindi, Non Film",Pankaj Udhas,"Saeed Rahi, Salaam Machhli Shaherwale, Mumtaz Rashid, Zafar Gorakhpuri, Zameer Kazmi, Nizamuddin Nizam, Sudarshan Faakir",Universal,0
004667ed-28e5-5ba0-be04-bcd0e6e30f7e,Gharwali Baharwali,1998,"Hindi, Film",Anu Malik,"Dev Kohli, Sameer, Nitin Raikwar",T-Series,0
ba42005b-d1df-598f-847e-e66e2b5f5813,Ghulam,1998,"Hindi, Film",Jatin - Lalit,"Sameer, Nitin Raikwar, Vinoo Mahendra, Indeevar",Tips,4.5
90f80178-4e53-5d5c-9d2d-344a07180a1d,Gunda,1998,"Hindi, Film",Anand Raj Anand,"Dev Kohli, Zail Singh, Satyaprakash",Shemaroo,0
610abc9b-1f89-54b2-808b-7f5eaf55a8fa,Gurus Of Peace,1998,"Hindi, Non Film","Pritam, Lucky Ali, Bilal Maqsood, Faisal Kapadia, A.R. Rahman, Sandeep Chowta, Shankar - Ehsaan - Loy, Sandesh Shandilya, Nusrat Fateh Ali Khan, Kailash Kher, Sachin Gupta","Sandeep Srivastava, Javed Akhtar, Mehboob Kotwal, Anil Pandey, Nusrat Fateh Ali Khan, Kailash Kher, Rahat Fateh Ali Khan",Sony Music,0
68daab53-676f-5621-8a03-be5d14e48e11,Hafta Vasuli,1998,"Hindi, Film","Rajesh Roshan, Milind Sagar","Mohan Sharma - I, K.K. Verma, Deepak Balraj Vij, Vishweshwar Sharma, Maya Govind",Bombino,0
f33085bc-cc05-503f-a69c-c84bc3569e38,Haseena,1998,"Hindi, Non Film",Leslie Lewis,"Raajesh Johri, Dev Kohli",Universal,0
71615a21-9498-5d6c-9d40-bdfbfb2bf782,Hatyara,1998,"Hindi, Film",Dilip Sen - Sameer Sen,"Maya Govind, Nawab Arzoo, Satyaprakash",Shemaroo,0
ed53ea32-18af-55a2-91e9-0a36c397d8d9,Hero Hindustani,1998,"Hindi, Film",Anu Malik,"Prayag Raj, Rahat Indori, Gauhar Kanpuri, Zameer Kazmi, Dev Kohli",T-Series,0
2451e618-588e-5c90-8c07-a18c52a9e4f7,Himmatwala,1998,"Hindi, Film",Tabun Sutradhar,Dev Kohli,Krishna Music,0
d977b36c-9a02-5b72-86d6-00fce53031a7,Hitler,1998,"Hindi, Film",Dilip Sen - Sameer Sen,Sameer,Shemaroo,0
9e0814d9-ec17-5fe8-b032-bd851e1217eb,Ho Gayi Hai Mohabbat,1998,"Hindi, Non Film",Aslam,Roop Jauhari,Saregama,0
1e3b7bec-ba58-506f-84a1-1f5a6a37d468,Humse Badhkar Kaun,1998,"Hindi, Film",Viju Shah,Faaiz Anwar,Venus,0
074fdfca-44e5-5bb3-bf60-d0f1abd41cb7,Iski Topi Uske Sarr,1998,"Hindi, Film",Anu Malik,"Rani Malik, Vishweshwar Sharma, Faaiz Anwar, Dev Kohli, Shyam Anuragi",Shemaroo,0
0ad90ef9-a981-5142-8c1f-eb5c49b068ce,Jaane Jigar,1998,"Hindi, Film","Lalit Sen, Rajesh Roshan","Dev Kohli, Javed Akhtar",Vatsa Music,0
79b04b6e-0e4b-53ab-8348-a01a70611f63,Jab Pyaar Kisise Hota Hai,1998,"Hindi, Film",Jatin - Lalit,Anand Bakshi,Tips,4.0
21e1d006-e6ae-5702-9f4f-bae59d2c8df3,Jeans,1998,"Hindi, Film",A.R. Rahman,Javed Akhtar,T-Series,3.0
238a363c-d4f1-5a03-9555-1fb48bde783f,Jhooth Bole Kauwa Kaate,1998,"Hindi, Film",Anand - Milind,Anand Bakshi,Universal,0
5de0cc96-f73a-57a7-ae9b-937e9940fcac,Jiyaala,1998,"Hindi, Film",Altamash Khan,"Wajeda Tabassum, Ibn-E-Insha",Wajeda Music,0
775ba43d-608c-5e62-ad2a-7628677355ea,Kabhi Na Kabhi,1998,"Hindi, Film",A.R. Rahman,Javed Akhtar,Shemaroo,3.0
a64c295e-5ade-515f-b90c-bf8d308dd961,Kaif,1998,"Hindi, Non Film",Pankaj Udhas,"Riyaz Khairabadi, Nizamuddin Nizam, Saeed Rahi, Mumtaz Rashid",Universal,0
a9e029a4-223b-5b71-a78e-bd134dec6a3a,Kandisa,1998,"Hindi, Non Film",Indian Ocean,"Sanjeev Sharma, Gorakh Pandey, Traditional",Times,0
0beebfc6-83e8-5423-b96a-000412cfefc0,Kareeb,1998,"Hindi, Film",Anu Malik,Rahat Indori,Tips,4.0
ad1af441-bfa7-5dd0-8f75-85b85490a6bb,Kashish,1998,"Hindi, Non Film",Anup Jalota,"Israr Ansari, Rani Malik, Qaisar-Ul-Jafri, Rahi Kanpuri",T-Series,0
81c11cdc-eb08-5855-b705-5acd58463ae1,Kathak,1998,"Hindi, Non Film",Trilok Gurtu,Michael Quartermain,,0
affef4cc-d85a-507a-b072-5baf2a1aa81c,Keemat - They Are Back,1998,"Hindi, Film",Rajesh Roshan,"Indeevar, Javed Akhtar, Maya Govind",Venus,0
15f6ec85-4756-51b7-b7f6-f812d4c1cfd6,Khote Sikkey,1998,"Hindi, Film",Rajesh Roshan,"Dev Kohli, Indeevar, Maya Govind",Zee,0
82e6c2d6-2889-5845-a17c-9225f0bc0bc9,Kismat,1998,"Hindi, Non Film","Biddu, Sonu Nigam","Dev Kohli, Biddu, Sonu Nigam, Timon Singh",Magnasound,3.0
a8cefd98-9c2c-59f0-97ea-67d996963aba,Kuch Kuch Hota Hai,1998,"Hindi, Film",Jatin - Lalit,Sameer,Sony Music,4.29
1db45341-cc65-52ce-aad2-2ff50c00b064,Kudrat,1998,"Hindi, Film",Rajesh Roshan,"Indeevar, Dev Kohli",H.M.V.,0
0ba98d00-c1f5-522e-afde-526d3caceb5f,Lo Main Aagayaa,1998,"Hindi, Film",Anand Raj Anand,"Dev Kohli, Rajesh Malik, Saleem Sagar, Anand Raj Anand",T-Series,0
0c69b191-047d-5f75-9fa0-be9d594ef87e,Love Is Blind,1998,"Hindi, Non Film",Jagjit Singh,"Shahid Kabir, Saba Sikari, Nadeem Parmar, Nazeer Banarasi, Wali Aasi, Nida Fazli, Riyaz Kairabadi",Venus,0
7782b328-2f38-5db1-910b-89480ddb91e4,Love Is Life,1998,"Hindi, Non Film",Anand - Milind,Faaiz Anwar,Wings Music,0
ffea4144-3c75-5b71-89c6-673a33ef0b6a,Love Story 98 (Deewana Hoon Mein Tera),1998,"Hindi, Film","Bappi Lahiri, Boy George","Tejpal Kaur, Apache Indian, Sunil Jha, Anwar Sagar, Nawab Arzoo, Dipak, K.K. Verma, Boy George, Bappi Lahiri",Venus,0
c2c7f2c3-2138-56e7-873b-fbe545870fe8,Maharaja,1998,"Hindi, Film",Nadeem - Shravan,"Sameer, Maya Govind",Polygram,0
fcb5ff7a-c575-54a2-a628-2e7d0329ff09,Mahboob Ki Qasam,1998,"Hindi, Film",Chand Pardesi,"Asad Bhopali, Mumtaz Rashid, Naseem Akhtar - I",Universal,0
ba96b5a1-6c08-56ea-97d8-2f81ee3f08f5,Mahi,1998,"Hindi, Non Film","Faizi - I, Ali Haider, Jawahar Wattal","Ali Haider, Traditional",Archies Music,0
9aefe453-e527-5257-a8e5-18a508b49d48,Main Solah Baras Ki,1998,"Hindi, Film",Rajesh Roshan,Amit Khanna,Shemaroo,0
db48e062-e23d-5242-a618-09b4dac69b64,Major Saab,1998,"Hindi, Film","Anand Raj Anand, Aadesh Shrivastava","Anand Raj Anand, Dev Kohli",T-Series,0
3d72e856-6ebf-58c3-8973-58725cd52971,Mard,1998,"Hindi, Film",Dilip Sen - Sameer Sen,"Rani Malik, Dev Kohli, Devang Patel",Shemaroo,0
172bd9e5-755d-5798-9c01-898ed89018d4,Masoom Tera Chehra,1998,"Hindi, Non Film",Aadesh Shrivastava,"Shyamraj, Madan Pal, Satyaprakash, Kukku Prakash",T-Series,0
732936e0-e56b-566d-8da0-7bf1c17ef609,Mausam,1998,"Hindi, Non Film",Ravi Pawar,Ajay Jhingran,Magnasound,3.0
ac15984a-139c-5d98-b641-d6b2aaf757a7,Mehndi,1998,"Hindi, Film",Babul Bose,Rani Malik,Shemaroo,0
0e47800f-203e-5582-8c80-edce664cc852,Mere Do Anmol Ratan,1998,"Hindi, Film",Rajesh Roshan,"Mohan Sharma - I, Mehboob, Indeevar",Bombino,3.0
31ba7c0c-9f74-51e9-851a-76daadffb033,Mohabbat Aur Jung,1998,"Hindi, Film",Dilip Sen - Sameer Sen,"Rani Malik, Maya Govind, Nawab Arzoo",Shemaroo,0
0b06e1ac-c78d-50cd-9c2e-7d688226310d,Muchacha Latina,1998,"English, Non Film",,,,0
e16cf69b-0c40-5da5-bb10-bf50af8f8adf,O Meri Munni,1998,"Hindi, Non Film",,,Magnasound,0
b94fa4c4-b9d9-5609-b9db-bce4b2194c4f,Om,1998,"Hindi, Non Film",,Wajid Ali Shah,Saregama,0
e2f803d9-e70b-5e4f-9c68-6f4ee6dbe61a,Pardesi Babu,1998,"Hindi, Film",Anand Raj Anand,Anand Raj Anand,T-Series,2.5
60b15735-f70e-51f6-8950-428df0f387e9,Phool Bane Patthar,1998,"Hindi, Film",Shyam - Surender,"Faaiz Anwar, Nawab Arzoo",T-Series,0
5f937c3b-a8a2-5df9-a2fe-d30d42142849,Prem Aggan,1998,"Hindi, Film",Anu Malik,"Sudarshan Faakir, Santosh Anand, Rahat Indori, M.G. Hashmat",United,0
f7389bf5-0b6f-5795-a6c5-214142c0b445,Pyaar Kiya To Darna Kya,1998,"Hindi, Film","Jatin - Lalit, Himesh Reshammiya, Sajid - Wajid","Sameer, Sudhakar Sharma, Iqbal Sabri",T-Series,3.5
b21d2d25-9891-5fc0-a18a-6ea6701380dc,Pyaar To Hona Hi Tha,1998,"Hindi, Film",Jatin - Lalit,"Sameer, Vinoo Mahendra",Baba Music,4.0
e44e683c-632d-59dc-85e2-3c9f8a01dc9a,Qila,1998,"Hindi, Film",Anand Raj Anand,Dev Kohli,BMG Crescendo,0
273d346b-e0d1-545c-be23-bc24a9ff3418,Rubayee,1998,"Hindi, Non Film",,,Universal,0
d93e2696-0024-5e93-8a86-4d51e4b4376f,Saawan Mein Lag Gayee Aag,1998,"Hindi, Non Film",Mika Singh,"Mika Singh, Ajmer Singh Chandan",EMI,0
49dfd23e-e3d5-50a1-90c7-58a2382c291d,Saazish,1998,"Hindi, Film",Jatin - Lalit,"Hasrat Jaipuri, Vinoo Mahendra, Indeevar, Israr Ansari",Plus Music,0
24b3d979-0cc3-5884-85d1-9bbf3268313c,Sadaa,1998,"Hindi, Non Film","Chandan Dass, Jaidev Kumar","Israr Ansari, Naseem Riffat, Qateel Shifai",T-Series,0
b4f43073-eae7-5391-bb86-0b3629cec436,Salaakhen,1998,"Hindi, Film",Dilip Sen - Sameer Sen,Sameer,T-Series,2.5
7759a64d-cf2e-590b-ade8-6f3b887019a4,Satya,1998,"Hindi, Film","Vishal Bhardwaj, Sandeep Chowta",Gulzar,Venus,4.0
49021210-a9a0-5146-a8ae-3ec425664042,Sham Ghansham,1998,"Hindi, Film",Vishal Bhardwaj,Anand Bakshi,Tips,0
62c1c8ab-d840-5d9b-a303-95fa91c9a7d1,Sifar,1998,"Hindi, Non Film",Lucky Ali,Syed Aslam,Sony BMG,0
0a35b857-ce65-515b-8c47-3ce68561dd71,Soldier,1998,"Hindi, Film",Anu Malik,Sameer,Tips,3.0
a62a889c-8586-5eaa-9825-0cb2490a30f0,Sun Chaila,1998,"Hindi, Non Film",Triveni - Bhavani,"Maya Govind, Vishweshwar Sharma",Venus,0
84f97e7a-b135-565b-afd7-0040d33f33e8,Tapori No. 1,1998,"Hindi, Non Film",Vaishnav Deva,Arun Bhairav,Venus,0
63308f07-f960-5ba9-b0bc-5566b89b1867,The Way We Do It,1998,"English, Non Film","Hariharan, Leslie Lewis",,Sony BMG,0
610ca7a1-5120-5514-9512-9eabd19bc961,Tirchhi Topiwale,1998,"Hindi, Film",Anand Raj Anand,"Dev Kohli, Shyam Anuragi, Anand Raj Anand, Kulwant Jani",Shemaroo,0
41d559e6-193c-5894-9f57-8fb3f738794b,Train To Pakistan,1998,"Hindi, Film",Kuldeep Singh,"Bulleh Shah, Amrita Pritam",,0
149a2146-7f24-51b0-ae62-132f64a3d4a4,Tunak Tunak Tumba,1998,"Hindi, Non Film",Daler Mehndi,"Daler Mehndi, Traditional, S.M. Sadiq, Shahab Allahabadi, Aziz Khan - III, Krishna Bhardwaj",DRecords,0
12cf5f46-68c9-5461-ac4f-0f73f4619826,Tunak Tunak Tun,1998,"Hindi, Non Film",Daler Mehndi,"Daler Mehndi, Sanjeev Anand, Shahab Allahabadi, Yogesh Gaud, Anubhav Sinha",Magnasound,4.5
2ed42b85-c7b2-5502-85b9-f32096584da9,Ustadon Ke Ustad,1998,"Hindi, Film",Dilip Sen - Sameer Sen,"Nawab Arzoo, Satyaprakash",Zee,0
04982429-b8fd-5c7a-b869-b8f655fb3870,Vande Mataram 2,1998,"Hindi, Non Film","Ranjit Barot, Hemant Kumar","Bankim Chandra Chatterjee, Hamsalekha, Mehboob",Saregama,0
4dde15a3-ce41-5ca3-8152-6c127f710567,Vinashak,1998,"Hindi, Film",Viju Shah,"Deepak Chaudhary, Kishor Shastri, Dinesh Parihar",Time Magnetics,0
1159c2f0-ed3e-5cf6-a2ee-0e7edd00d25b,Wajood,1998,"Hindi, Film",Anu Malik,Javed Akhtar,H.M.V.,0
95a33723-8b66-5dd8-ba74-dac977c0b431,Yaad Piya Ki Aane Lagi,1998,"Hindi, Non Film",Lalit Sen,"Lalit Sen, Sameer, Traditional",Universal,0
1cc58205-b4e3-5914-b7bb-6a526a90db2b,Yamraaj,1998,"Hindi, Film",Anand - Milind,Dev Kohli,Shemaroo,0
8d856ad8-50fc-5ca0-8539-0d982e29ce2d,Yeh Aashiqui Meri,1998,"Hindi, Film",Ajit Varman,Dev Kohli,Pen,0
33958cd9-d8a0-5bc1-a7a4-1292b5cd5315,Yeh Dosti,1998,"Hindi, Non Film",Ghulam Ali,Asad Ajmeri,T-Series,0
4105e615-5bfe-5e99-b083-f2d501e2c0d6,Yugpurush,1998,"Hindi, Film",Rajesh Roshan,"Majrooh Sultanpuri, Rani Malik",T-Series,3.0
61b5f834-4fc5-5794-845f-fa78cf0843eb,Zakhm,1998,"Hindi, Film",M.M. Kreem,Anand Bakshi,RPG Music,3.5
6b256ea8-b8e6-5813-8534-44dd2e0aacdd,Zanjeer The Chain,1998,"Hindi, Film",Anand - Milind,Dev Kohli,Merica Music,0
ce263bd7-e8b5-5a5c-a2f2-d60cd5275ee0,Zor,1998,"Hindi, Film",Agosh,"Anand Bakshi, Ravinder Rawal, Mehboob Kotwal, Shaleen Sharma",Plus Music,3.0
d371f94c-fd13-5af0-82a0-0cee5400904d,Zulm-O-Sitam,1998,"Hindi, Film",Aadesh Shrivastava,"Satyaprakash Mangtan, Shyam Raj, Indeevar",BMB Music,0
faa2dd8c-5a47-5581-82c3-77a2906df365,1947 Earth,1999,"Hindi, Film",A.R. Rahman,Javed Akhtar,T-Series,4.44
41803004-5283-5f5f-bdfc-db42e23aa8f7,Aa Ab Laut Chalen,1999,"Hindi, Film",Nadeem - Shravan,Sameer,H.M.V.,1.0
d1cd93d4-aeb6-54e9-b01f-f9272a5200fc,Aaag Hi Aag,1999,"Hindi, Film",Babul Bose,Nawab Arzoo,T-Series,0
bbdc34c8-1aa7-594e-aa2e-5f2d633d31ab,Aabshaar,1999,"Hindi, Non Film",,,Venus,0
9c3de6ae-b925-5b99-a175-3b9354e9bda2,Aankhon Mein Tera Hi Chehra,1999,"Hindi, Non Film","The Aryans, Lalit Sen",The Aryans,Universal,0
40367cc6-5567-56ae-bf45-e2ac49896204,Aarzoo,1999,"Hindi, Film",Anu Malik,Anand Bakshi,RPG Music,3.5
c804ed21-1416-5e83-9013-dd636c38d9b2,Aaya Toofan,1999,"Hindi, Film",Bappi Lahiri,Sameer,Vision Corporation,0
1a9a83e9-b995-5ea3-8d91-d03502bd16b4,Ab Ke Sawan,1999,"Hindi, Non Film",Shantanu Moitra,"Jaideep Sahni, Prasoon Joshi",Virgin Records,0
428fab46-050c-548f-85d2-443c5925117e,Ahsaas - Beete Din Beete Pal,1999,"Hindi, Non Film",Louis - Shankar,Sameer,T-Series,0
6b4c43f9-b0c4-523f-97f7-1c56ed348b1b,Anari No. 1,1999,"Hindi, Film","Dilip Sen - Sameer Sen, Aadesh Shrivastava",Dev Kohli,Tips,0
19e7a1d0-7421-5347-a1a1-1185dd70bcef,Arjun Pandit,1999,"Hindi, Film","Dilip Sen - Sameer Sen, Daler Mehndi",Javed Akhtar,T-Series,0
ae401648-e4d4-559a-9bf9-462642ad656a,Baadshah,1999,"Hindi, Film",Anu Malik,"Sameer, Javed Akhtar",Venus,3.0
1b98534d-c39d-5f9f-b771-579b55681451,Bade Dilwala,1999,"Hindi, Film",Aadesh Shrivastava,"Faaiz Anwar, Qateel Shifai, Dev Kohli",Tips,3.33
88540128-af4e-5d3a-a5df-82e810e7bbbf,Benaam,1999,"Hindi, Film",Bappi Lahiri,Anwar Sagar,,0
e86f956d-2a88-55e5-bf96-1ebbf04a657b,Beyond Skin,1999,"English, Non Film","Nitin Sawhney, C. S. Gray","Spek, Traditional",Outcaste Records,3.0
ab8d554a-0995-545f-9e7d-e44e48cfdffd,Bhopal Express,1999,"Hindi, Film","Sohail Rana, Shankar - Ehsaan - Loy, Sagarika, Jagjit Singh, Lucky Ali, Ila Arun","Faiyyaz Hashmi, Prasoon Pandey, Sagarika, Nasir Kazmi, Piyush Jha, Ila Arun",Sony BMG,3.0
bd0be425-9512-51c9-a08a-cd6b0ca113b7,Biwi No. 1,1999,"Hindi, Film","Anu Malik, Sukhwinder Singh","Sameer, Dev Kohli, Sukhwinder Singh",Tips,0
4638473c-c746-5779-b395-9a91922cb1ee,Chahat,1999,"Hindi, Non Film","Harry Anand, Vipin Anand","Vicky Nagar, Sham Balkar",T-Series,0
210d55b2-a6f3-5489-9ebc-82d2fba28397,Chehraa,1999,"Hindi, Film",Anu Malik,Sameer,Tips,0
3245723a-4adb-5d45-9da7-312a0f2aaa5c,Daag - The Fire,1999,"Hindi, Film","Rajesh Roshan, Sukhwinder Singh","Sameer, Sukhwinder Singh",T-Series,0
1d595e73-2f7c-56a3-b922-f776f1440d12,Dahek - A Burning Passion,1999,"Hindi, Film","Aadesh Shrivastava, Anand - Milind","Dev Kohli, Shyam Raj, Majrooh Sultanpuri, Madan Pal",Tips,3.33
089cdaf7-0930-5b0c-94a1-4d1a1b0e36b3,Deewana,1999,"Hindi, Non Film",Sajid - Wajid,Faaiz Anwar,T-Series,3.0
d605db73-19cb-5d4c-8dfc-7ea2d8da884d,Dil Ka Sauda,1999,"Hindi, Film",Baba Jagirdar,Himanshu Upadhyay,Shemaroo,0
92a5cf5e-f08a-5ce0-88d9-975d207c203e,Dil Kahin Hosh Kahin,1999,"Hindi, Non Film",Aadesh Shrivastava,Nida Fazli,Universal,3.0
bd0d64b4-3dcc-5669-9375-dc44d353c11c,Dil Kya Kare,1999,"Hindi, Film",Jatin - Lalit,Anand Bakshi,Sony Music,3.67
02e6c257-d214-578a-8168-ea63e0586ae3,Dil La Ley,1999,"Hindi, Non Film",Anand Raj Anand,Shyam Anuragi,Magnasound,0
fb7ab89c-6646-58b2-b41d-e1b9df1cf68a,Dillagi,1999,"Hindi, Film","Sukhwinder Singh, Shankar - Ehsaan - Loy, Jatin - Lalit, Anand - Milind","Sukhwinder Singh, Tejpal Kaur, Javed Akhtar",Venus,0
341eac3b-a334-5254-ad5d-3cbeb362d0dc,Double Gadbad,1999,"Hindi, Film",Baba Sehgal,Baba Sehgal,Time Audio,0
c57a8aab-9b06-5868-bfba-b659f035e641,Dulhan Banoo Mein Teri,1999,"Hindi, Film",Raamlaxman,"Ravinder Rawal, Dev Kohli",Venus,0
e12cde89-0c0d-5999-a63f-fe70b885ade8,Gair,1999,"Hindi, Film",Anand - Milind,Sameer,Shemaroo,0
c6016c6f-18cd-596f-8376-4e4f935f4491,Ganga Ki Kasam,1999,"Hindi, Film",Bappi Lahiri,"Maya Govind, Anwar Sagar, Gauhar Kanpuri",Venus,0
9e18f21d-dcba-5351-87ea-79821647df64,Godmother,1999,"Hindi, Film",Vishal Bhardwaj,Javed Akhtar,RPG Music,0
f1a44ff6-a506-55e1-b0e8-7dccbe080f17,Haseena Maan Jaayegi,1999,"Hindi, Film",Anu Malik,"Sameer, Nitin Raikwar",Tips,0
e83835d3-ce7f-5330-8a2f-c4aadddd2024,Heeralal Pannalal,1999,"Hindi, Film",Anand Raj Anand,"Shaheen Iqbal, Anand Raj Anand",Zee,0
26864c15-ecb1-53ed-b623-d75fcdd6ca30,Hello Brother,1999,"Hindi, Film","Sajid - Wajid, Himesh Reshammiya","Jalees Sherwani, Sudhakar Sharma, Faaiz Anwar",Tips,0
172bab24-0060-5622-b3b0-5c3350e7d6aa,Hindustan Ki Kasam,1999,"Hindi, Film",Sukhwinder Singh,Anand Bakshi,Tips,0
748e9110-4dda-5936-8cfb-7c0a5aae5eab,Ho Raha Hai Sama,1999,"Hindi, Non Film",Anu Malik,Majrooh Sultanpuri,Universal,0
0c79a4b7-bc48-5f37-bddf-5210109bdf74,Hogi Pyar Ki Jeet,1999,"Hindi, Film",Anand - Milind,Sameer,Tips,0
678fb2ac-e915-5aa6-ab95-e9a06fb70fb6,Hosh,1999,"Hindi, Non Film",Ajit Singh,"Asha Rani - I, Geetanjali Singh",T-Series,0
f29aece3-4e4e-5322-a678-5eeb191207e0,Hote Hote Pyaar Ho Gaya,1999,"Hindi, Film",Anand Raj Anand,"Rani Malik, M.G. Hashmat, Zameer Kazmi",Pen,0
abe8277d-5426-5863-b29c-c5fed0e7835f,Hu Tu Tu,1999,"Hindi, Film",Vishal Bhardwaj,Gulzar,Time Audio,3.0
88df08c5-85f9-5859-b94d-4a3a17261bb5,Hulle Hullare,1999,"Hindi, Non Film",Amar Haldipur,,Magnasound,0
40b99d70-84cb-55e4-99ad-69e70c7e0149,Hum Aapke Dil Mein Rehte Hain,1999,"Hindi, Film",Anu Malik,Sameer,T-Series,3.0
5f397782-704a-5c2a-8ede-e0244dc1b23c,Hum Dil De Chuke Sanam,1999,"Hindi, Film",Ismail Darbar,Mehboob Kotwal,T-Series,4.6
b323491a-0ac4-5ba4-847a-477f942e7048,Hum Saath Saath Hain,1999,"Hindi, Film",Raamlaxman,"Mitali Shashank, Dev Kohli, R. Kiran, Ravinder Rawal",Rajshri Music,3.5
a615ebb5-057e-5bc9-b4ec-294ef7a6a321,Hum Tum Pe Marte Hain,1999,"Hindi, Film",Uttam Singh,Anand Bakshi,T-Series,0
5def17af-ca61-59c6-8e0d-202055f99fe0,I Love You,1999,"Hindi, Non Film",Sandesh Shandilya,Faaiz Anwar,Wings Music,0
62f54c68-26d7-50e7-8ed0-b9233a1e3c10,Indian Express,1999,"Instrumental, Non Film",,,Subramaniam Entertainment,0
07073b29-8cf9-544f-8347-81428cd0d663,International Khiladi,1999,"Hindi, Film",Aadesh Shrivastava,Dev Kohli,Tips,0
6d4ce99b-d85c-511d-8c08-58594ff61c31,Jaanam Samjha Karo,1999,"Hindi, Film","Anu Malik, Anand - Milind","Majrooh Sultanpuri, Anu Malik",Tips,0
f4a67ecb-c14e-56e4-b1a2-f2f6e6883cc6,Jaanwar,1999,"Hindi, Film",Anand - Milind,Sameer,Venus,2.67
b78fa877-e9a0-5730-977d-1a2a936b0a72,Jahan Tum Le Chalo,1999,"Hindi, Film",Vishal Bhardwaj,Gulzar,Milestone Music,3.0
36f6b846-75f1-5cda-af5e-a3c463911a22,Kachche Dhaage,1999,"Hindi, Film",Nusrat Fateh Ali Khan,Anand Bakshi,Tips,0
8d0dac87-0165-5c11-ad9f-931eebaccc64,Kartoos,1999,"Hindi, Film","Nusrat Fateh Ali Khan, Bally Sagoo, Anu Malik",Majrooh Sultanpuri,H.M.V.,3.0
7bbeeb21-2a68-5ffc-8e49-3a2f92c3c423,Kaun,1999,"Hindi, Film",Sandeep Chowta,Nitin Raikwar,,2.5
ca980d04-1d0f-5ba7-b964-47c139c97b5b,Khoobsurat,1999,"Hindi, Film","Jatin - Lalit, Narayan Parshuram, Sukhwinder Singh","Gulzar, Sanjay Chhel, Sukhwinder Singh",T-Series,0
7c4d8184-7b55-5c6d-92ce-86d4b773fc44,Kohram,1999,"Hindi, Film",Dilip Sen - Sameer Sen,"Dev Kohli, Anand Bakshi, Sameer",Polygram,0
da5b5509-f544-5302-8f02-d3aaedc43278,Kuch Kuch Dil Mein,1999,"Hindi, Non Film",Kennith - Sanjeev,"Yashwant Budhwani, Mumtaz Nikhat, Dev Kohli, Sanjay Masoomm, Manohar Iyer",Venus,0
b037bb66-f13a-5f7a-be63-0c8d9bf20074,Kya Surat Hai,1999,"Hindi, Non Film","S.D. Burman, Neeraj Shridhar, R.D. Burman","Neeraj Shridhar, Majrooh Sultanpuri",Sony Music,0
323467cc-f366-5c5f-87d9-f93e35c01ed3,Laawaris,1999,"Hindi, Film",Rajesh Roshan,Javed Akhtar,Venus,0
aa48f6f0-ad7d-5db6-bc36-0ba397d549c9,Lal Baadshah,1999,"Hindi, Film",Aadesh Shrivastava,"Shyam Raj, Maya Govind, Gohar Kamla",Shemaroo,0
8113d40c-5ecc-5409-bb12-6e948e95ce6d,Lata Sings Ghalib & Other Ghazals,1999,"Hindi, Non Film","K. Mahavir, Hridaynath Mangeshkar, Faiyyaz Shoukat","Abhilash, Shakeel Badayuni, Khalish Dehlvi, Mirza Ghalib",Saregama,4.0
2cd6f1f7-b3d9-541b-908e-b7903600c493,Loh Purush,1999,"Hindi, Film",Dilip Sen - Sameer Sen,"Hersh Kinnu, Nawab Arzoo, Dev Kohli, Maya Govind",Zee,0
40064402-12b5-5d0e-bc6f-f82c097da070,Love You Hamesha,1999,"Hindi, Film",A.R. Rahman,Anand Bakshi,Saregama,3.0
de6b501a-c3a5-59bd-8306-25f377fa8423,Maa Kasam,1999,"Hindi, Film",Anand - Milind,Sameer,Shemaroo,0
d52127c7-3a40-59cc-ba64-9d8b81ead996,Mahek,1999,"Hindi, Non Film",Ali - Gani,"Nafies Alam, Qaiser-Ul-Jafri, Jameel Mujahid, Hasti Mal Hasti, Zameer Kazmi, Nusrat Badr",T-Series,0
3c8c7221-3db4-5da9-8685-27b2500035e9,Maine Payal Hai Chhankai,1999,"Hindi, Non Film",Lalit Sen,Lalit Sen,Universal,0
ceac5407-6133-5f1f-bde9-31090e8f931c,Manchalaa,1999,"Hindi, Film",Raamlaxman,"Ravinder Rawal, Tilakraj Thapar",Pen,0
3439a6f3-2a92-56aa-9020-da6d07877872,Mann,1999,"Hindi, Film",Sanjeev - Darshan,Sameer,Tips,3.5
21ebd776-5d22-5f35-b7bf-304cb150606e,Marasim,1999,"Hindi, Non Film",Jagjit Singh,Gulzar,Sony Music,0
3286d0f8-84df-575f-a285-20ec9e4c44ce,Mast,1999,"Hindi, Film","Sandeep Chowta, R.D. Burman","Nitin Raikwar, Majrooh Sultanpuri",Venus,0
2a17197c-b67c-5eb0-980a-87ecc248116d,Mohabbat,1999,"Hindi, Non Film",Bhupinder Singh,"Abdur Rab Chaush, Ashk Ambalvi, Qateel Rajasthani, Ibrahim Ashq",Saregama,0
60a48e7f-e5d7-52ef-85fb-c231a76e6b92,Mother 98,1999,"Hindi, Film",Dilip Sen - Sameer Sen,Sameer,Universal,0
7d116a2e-6958-5c58-93be-5fac5470d8a0,Mujhe Apna Bana Lo,1999,"Hindi, Non Film",Mohammed Shafi Niyazi,"Jameel Mujahid, Abdul Hameed Calcattavi, Abbas Dana, Arun Bhairav, Zaheer Alam",Venus,0
208ab1b6-4ce6-55ed-9abd-6c41e30aaa07,Naam Kya Hai,1999,"Hindi, Film",Anand - Milind,Majrooh Sultanpuri,T-Series,0
0eaf1f59-c9f5-5f23-8853-d947f63e1cb8,Nayi Disha,1999,"Hindi, Non Film",Jagjit Singh,Atal Bihari Vajpayee,Saregama,0
8e1bfcb4-208c-57a6-bfad-25c11ba45277,Pal,1999,"Hindi, Non Film",Leslie Lewis,Mehboob,Sony Music,3.0
5377e4d4-1d45-5bf9-a176-1d591178572f,Phool Aur Aag,1999,"Hindi, Film","Aditya - Sunny, Shaheen - II","Madan Pal, Rani Malik, Shyam Anuragi",Shemaroo,0
2745b529-7934-5194-8e7e-b68785cff2a8,Piya Se Milke Aaye Nain,1999,"Hindi, Non Film",Jawahar Wattal,Sameer,Tips,0
c3ce797f-9edb-5ca5-bef7-cfed59e3a14d,Pyaar Koi Khel Nahin,1999,"Hindi, Film","Jatin - Lalit, Lalit Sen","Majrooh Sultanpuri, Idris, Lalit Sen",Universal,0
b92353b7-5671-5ad3-9221-1d14a9c46be3,Pyaar Mein Kabhi Kabhi,1999,"Hindi, Film","Shekhar Ravjiani, Vishal - Shiraz - Samrat, Salim - Sulaiman, Vishal - Shekhar","Raj Kaushal, Mandira Bedi, Vishal Dadlani, Salim Bijnori, Patrick Biswas",Sony Music,3.5
81c65be0-05f3-522f-8221-c2c08255e945,Pyar Ke Geet,1999,"Hindi, Non Film",Sandesh Shandilya,"Anil Pandey, Prashant Vasl",Rajshri Music,4.0
2caca302-80e3-510b-9863-30207cc332b1,Rajaji,1999,"Hindi, Film",Anand - Milind,Sameer,Saregama,3.0
47a43b34-d9e9-5e49-91ba-fe9741ec52e6,Rockford,1999,"English, Film","Shankar - Ehsaan - Loy, Indus Creed, Colonial Cousins, Ashirvad, Sangeeth Luke, Leslie Lewis","Gulzar, Indus Creed, Colonial Cousins, Ashirvad, Mehboob Kotwal",Sony BMG,4.5
0ee7e2b3-da79-5f78-834b-7a1a3831ff0a,Safari,1999,"Hindi, Film",Shyam - Mohan,Rani Malik,Shemaroo,0
089f0cac-5964-5038-a6e8-2ca45643eb09,Sangharsh,1999,"Hindi, Film",Jatin - Lalit,Sameer,T-Series,3.0
1725970e-5849-5a64-99ba-350252bf8f44,Sanyasi Mera Naam,1999,"Hindi, Film",Anand - Milind,Sameer,Saregama,0
e4904b6c-6a54-5342-b8d3-ac534060a1f0,Sarfarosh,1999,"Hindi, Film",Jatin - Lalit,"Nida Fazli, Sameer, Indeevar, Israr Ansari",Tips,4.75
804751bf-4a5a-56de-8b23-051164629adc,Saugaat,1999,"Hindi, Non Film",Ghulam Ali,"K.M. Arif, Saleem Kausar",Sagarika Music,0
44f24c74-7e14-5a52-86f1-9692fd3b99c9,Sautela,1999,"Hindi, Film",Tabun Sutradhar,"Maya Govind, Dev Kohli",Krishna Music,0
4ca0263c-633a-540c-a816-45a99ba0ce78,Shera,1999,"Hindi, Film",Anand - Milind,Dev Kohli,Shemaroo,0
07663f7d-0ebe-5375-b4d2-8e220e6dbeed,Shool,1999,"Hindi, Film",Shankar - Ehsaan - Loy,Sameer,T-Series,0
89790c0d-c3c0-5e21-a2f7-77054237ba55,Sikandar Sadak Ka,1999,"Hindi, Film",Dilip Sen - Sameer Sen,"Maya Govind, Nawab Arzoo, Tabish Romani, Akhtar Indori",Plus Channel,0
716c0208-9bb5-50aa-b719-6b054c16e07b,Silsila Hai Pyar Ka,1999,"Hindi, Film",Jatin - Lalit,Sameer,T-Series,0
dcc0fbdb-d518-5d1a-bc3c-c815a32fbc04,Sirf Tum,1999,"Hindi, Film",Nadeem - Shravan,Sameer,T-Series,3.75
fd5a1c5b-45d1-5fbc-b7fa-145d6a9a3db6,Sooryavansham,1999,"Hindi, Film",Anu Malik,Sameer,Venus,0
fcee35db-029c-5417-a09c-714e398478b3,Suno To Diwana Dil,1999,"Hindi, Non Film","Anand Raj Anand, Kamaal Khan","V.K. Mehta, Roop Jauhari, Anand Raj Anand, Kamaal Khan",RPG Music,0
c592d951-ee27-58d1-9285-a1ceb7d95510,Taal,1999,"Hindi, Film",A.R. Rahman,Anand Bakshi,Tips,4.5
f1871ebb-3387-5088-b419-07f66d3cc16e,Tabaahi - The Destroyer,1999,"Hindi, Film","Mona - Arun, Tabun Sutradhar, Naresh Sharma","Dev Kohli, Sameer, Pradeep Raj, Gopi Sapru",,0
168aa387-5625-59b2-a20a-7bdaad5bd7dd,Teri Mohabbat Ke Naam,1999,"Hindi, Film",Channi Singh,Madan Pal,Ultra,0
0474fa5c-2bfe-5105-b735-6b3514711347,Thakshak,1999,"Hindi, Film",A.R. Rahman,"Mehboob Kotwal, Sukhwinder Singh, Tejpal Kaur",H.M.V.,4.8
87e89516-a84f-594c-81c3-5e25576e92ad,Trishakti,1999,"Hindi, Film",Rajesh Roshan,Mehboob,Shemaroo,0
b3371fa8-6e07-55b2-9486-704f9778b031,Vaastav: The Reality,1999,"Hindi, Film","Jatin - Lalit, Rahul Ranade","Sameer, Gautam Joglekar, Traditional",T-Series,3.0
05b50458-161d-59b9-9811-18faf7885f6a,Y2K Saal Do Hazaar,1999,"Hindi, Non Film",Trilok Loomba,Trilok Loomba,Saregama,0
fbb1e45d-4b08-5f4d-a07a-c4eee1d271ff,Zulfon Mein Ek Chehera,1999,"Hindi, Non Film",Varinder Bachan,Ram Rasik,T-Series,0
db7d8970-8eef-5c49-b6f9-2c2a27714071,Zulmi,1999,"Hindi, Film","Dilip Sen - Sameer Sen, R.D. Burman",Gulshan Bawra,T-Series,0
078554a8-0ad3-52ec-9e8d-1eee9d6b0855,Aaeena,2000,"Hindi, Non Film",Jagjit Singh,"Dr. Akhtar Nazmi, Gulzar, Rajesh Reddy, Ibrahim Ashq, Bashir Badr, Jaam Nasimi, Kaif Bhopali",Universal,0
7084d3a7-cea5-53b8-8845-b20583281e1e,Aaghaaz,2000,"Hindi, Film",Anu Malik,Sameer,Tips,3.0
4a117008-7ccd-5523-88de-2686eca1e549,Aashiqui,2000,"Hindi, Non Film",Nikhil - Vinay,Faaiz Anwar,T-Series,0
b4d1c317-c872-526d-bca4-8255eecf8259,Ab To Piyaji Mann Dole Re,2000,"Hindi, Non Film",Kirti - Girish,Maya Govind,Venus,0
3abda66d-cb10-5ffc-a96c-85663b6ce382,Agniputra,2000,"Hindi, Film","Nikhil - Vinay, Rajesh Roshan",Anand Bakshi,Tips,0
17354d00-5465-5f49-aa40-8cece9b411b7,Aks,2000,"Hindi, Non Film","Lucky Ali, Abuzar","Tanvir Shah, Arshii",Sony Music,0
22e4c5e4-5553-5397-815a-461699152487,Alvida,2000,"Hindi, Non Film",,,,0
57b9b21c-445e-50f6-9c4b-7c3f0f169d72,Anjaane,2000,"Hindi, Film",Rajesh Roshan,"Qateel Shifai, Indeevar, Amit Khanna",Ultra,0
deb5df93-5555-5ad4-a916-58270aacbf23,Astitva,2000,"Hindi, Film","Sukhwinder Singh, Rahul Ranade","Sukhwinder Singh, Shrirang Godbole",T-Series,3.2
57d03d14-5938-50dd-ae94-6accc677b930,Baaghi,2000,"Hindi, Film",Sajid - Wajid,Faaiz Anwar,Venus,0
43a82e12-7ffd-5a8e-8ac3-c6418aa7517a,Badal,2000,"Hindi, Film",Anu Malik,Sameer,T-Series,3.5
59ebb718-be70-52c3-96fe-efd36827418a,Bawandar,2000,"Hindi, Film","Daan Singh, Vishal - Shekhar, Shankar - Jaikishan","Hariram Acharya, Vishal Dadlani, K. Vikas",Saregama,0
de9b02da-f46b-50ac-92e9-8f9503396389,Beti No. 1,2000,"Hindi, Film",Viju Shah,"Maya Govind, Dev Kohli",T-Series,0
b7cd52b5-9838-55c3-baa1-43c87bc3746f,Bhairav,2000,"Hindi, Film",Surender Sodhi,"Gauhar Kanpuri, Satish - I, Satya Prakash - II",Sun Audio,0
94e37281-77f9-5852-94c7-e16446ffd153,Bichhoo,2000,"Hindi, Film",Anand Raj Anand,Sameer,T-Series,3.0
4624b803-fee4-5398-91a1-7f60913d19ea,Billa No. 786,2000,"Hindi, Film",Luv - Kush,Vinay Bihari,Saregama,0
fc1ba744-5b53-5603-9a39-b6736e58a7ce,Bulandi,2000,"Hindi, Film",Viju Shah,"Anand Bakshi, Kumar Kenny",T-Series,3.0
ca648c54-6892-57df-8a5b-a3e9e5c10c46,Chal Mere Bhai,2000,"Hindi, Film",Anand - Milind,"Sameer, Nitin Raikwar",T-Series,0
f49d1586-8fb2-5b8b-a706-4c6ec0be3c30,Champion,2000,"Hindi, Film","Vishal - Shekhar, Anu Malik, Anand Raj Anand","Nitin Raikwar, Javed Akhtar, Anand Raj Anand",Tips,0
52ab6374-c284-5c7e-a325-fff572caa34a,Chandni Raat,2000,"Hindi, Non Film",Bhupinder Singh,"Rajesh Johri, Naseem Ajmeri",Saregama,0
8ef750f9-3c53-5f3b-bfaf-72b291b2b2e5,Deewane,2000,"Hindi, Film",Sanjeev - Darshan,Sameer,Tips,0
79211169-d25e-5aca-a2f8-7dc935a79c6d,Dhaai Akshar Prem Ke,2000,"Hindi, Film",Jatin - Lalit,"Sameer, Arun Bhairav",T-Series,0
946992a1-1e7a-5c7c-8001-22f824ed88df,Dhadkan,2000,"Hindi, Film",Nadeem - Shravan,Sameer,Venus,3.5
fda90886-4d01-55ce-9fbc-ba28151d2787,Dil Hi Dil Mein,2000,"Hindi, Film",A.R. Rahman,Mehboob Kotwal,Sony Music,3.0
cbfc3f42-6bbd-5359-91b4-3cd01d35761c,Dil Ke Tukde Hazaar Huye,2000,"Hindi, Non Film","Altaf Raja, Vaishnav Deva","Arun Bhairav, Munawwar Rana, Shakeel Jamali",Venus,0
2f0c9e9a-8a64-5f1e-b967-696f95fa5485,Dil Pe Mat Le Yaar!!,2000,"Hindi, Film",Vishal Bhardwaj,"Abbas Tyrewala, Piyush Mishra",Zee Music Company,0
c6119c32-7906-5ce1-8c8a-7c33a8082630,Distance,2000,"Hindi, Non Film",,,Six Degrees Records,0
70dc3e61-7d08-5d9c-a542-b18447d60602,Do Dil Haare,2000,"Hindi, Non Film","Altaf Raja, Vaishnav Deva, Khayyam, Usha Khanna","Arun Bhairav, Hamid Ansari, Wali Sahab, Indeevar, Munawwar Rana, Chand Iqbal",Venus,0
504b554e-bb61-5d13-aff4-2ab2ffecaf84,Dulhan Hum Le Jayenge,2000,"Hindi, Film",Himesh Reshammiya,Sudhakar Sharma,Tips,0
d4882bd4-d6a7-5791-a67e-7a956aca7c17,Duur,2000,"Hindi, Non Film",,,Mainstage Productions,0
837f2d2e-94aa-5607-bc1d-864b4e2cf55b,Ek Dana,2000,"Hindi, Non Film","Daler Mehndi, Ravi Pawar","Daler Mehndi, Shahab Allahabadi, Satya Prakash - II, Ajay Jhingran, Meenu Singh, Rajan Raj",Tips,0
c5a5f5c6-6ac9-5dc0-9985-30fce68f23ec,Fiza,2000,"Hindi, Film","Anu Malik, Ranjit Barot, A.R. Rahman","Gulzar, Sameer, Tejpal Kaur, Shaukat Ali - I",Tips,0
7618136f-ff80-575a-853f-d7875b032742,Gaja Gamini,2000,"Hindi, Film",Bhupen Hazarika,"Maya Govind, Javed Akhtar, Mahakavi Kalidas, M.F. Hussain",Saregama,0
0131f40a-c723-5f5d-b3ae-19b5f502d3c8,Gang,2000,"Hindi, Film","Anu Malik, R.D. Burman",Javed Akhtar,Universal,0
ecdfd5e0-cfd2-599a-b48e-06faed92c9f2,Ghaath,2000,"Hindi, Film","Anu Malik, Salim - Sulaiman",Sameer,Sony Music,0
97b2f583-e365-5fdd-8fc5-08b6ad801112,Good Luck Mundeya,2000,"Hindi, Non Film",Anand Raj Anand,Dev Kohli,T-Series,0
f6a41f6c-6d20-5272-aa30-eaa5477a2a30,Hadh Kar Di Aapne,2000,"Hindi, Film",Anand Raj Anand,Anand Bakshi,T-Series,0
e1acbfaa-b63b-588c-9781-274197436755,Hamara Dil Aapke Paas Hai,2000,"Hindi, Film",Sanjeev - Darshan,Javed Akhtar,Tips,3.0
10b080fa-152a-548d-af8c-ec480b03c728,Har Dil Jo Pyar Karega,2000,"Hindi, Film",Anu Malik,Sameer,T-Series,0
6ae9734d-0846-5d17-8caa-af47c2b13a44,Hari-Bhari,2000,"Hindi, Film",Vanraj Bhatia,Maya Govind,,0
4cb4b651-7f37-5033-b50f-d06d61a3a982,Haule Haule,2000,"Hindi, Non Film","Karthik Raja, Jawahar Wattal, Ila Arun",,Tips,0
286adfa1-1535-51a6-8941-59f3f73fd781,Hera Pheri,2000,"Hindi, Film","Anu Malik, Lalit Sen, Bally Sagoo",Sameer,H.M.V.,0
babfff56-435f-5d9b-b74e-4f75c3652cb0,Hey Ram,2000,"Hindi, Film",Ilaiyaraaja,"Jagdish Khebudkar, Sameer, Jibananda Das, Traditional, Anandaal, Gnanakoothan, Narsinh Mehta",Universal,3.33
95fad147-51d1-5518-a1d8-954490299276,Hum To Mohabbat Karega,2000,"Hindi, Film",Anu Malik,"Anu Malik, Majrooh Sultanpuri",Saregama,0
d9c8fb29-727d-5537-a938-2cd73775c443,Irshaad Vol. 1,2000,"Hindi, Non Film","Talat Aziz, Jagjit Singh","Nida Fazli, Qateel Shifai, Saeed Rahi, Saeed Shaheedi, Hasan Kazmi",Venus,4.0
a9761ec7-d911-5bfe-8a97-a4df11d8d863,Ishq Hua,2000,"Hindi, Non Film","Lalit Sen, Nikhil - Vinay","Rani Malik, Faaiz Anwar, Lalit Sen",T-Series,0
f3dea765-8f57-5c5f-bb92-7adc9487b741,Jaan,2000,"Hindi, Non Film",Nikhil - Vinay,Faaiz Anwar,T-Series,0
d76e41bb-c21e-5fd2-a16e-c78e9fbdf027,Jaanam,2000,"Hindi, Non Film",Nikhil - Vinay,Faaiz Anwar,T-Series,0
f9bb2060-76d5-588d-a862-f89a0d340ce7,Janeman,2000,"Hindi, Non Film",Lalit Sen,"Naqsh Lyallpuri, Zameer Kazmi, Lalit Sen",Universal,0
9da87fba-f834-5878-8d23-fab2192d5dca,Jeetenge Hum,2000,"Hindi, Film",Viju Shah,"Deepak Chaudhary, Faaiz Anwar, Dev Kohli, Rajesh Mishra - II, Nitin Raikwar",Saregama,0
d444a296-c25c-5cb3-ad51-bd649ff87848,Jhanjhariya,2000,"Hindi, Non Film",Ali - Ghani,Ibrahim Ashq,T-Series,0
eb53e216-3e64-5c5a-8024-f61a4b611d34,Jis Desh Mein Ganga Rehta Hai,2000,"Hindi, Film",Anand Raj Anand,"Dev Kohli, Praveen Bharadwaj",Universal,0
ace6ac5f-acf1-5c50-bb16-82aba17c2968,Joru Ka Ghulam,2000,"Hindi, Film",Aadesh Shrivastava,Sameer,Venus,0
02561e4a-57d5-5560-8059-9f91f7f6f653,Josh,2000,"Hindi, Film",Anu Malik,"Nitin Raikwar, Sameer",Venus,0
1587c49b-3dea-5362-a7af-57032f27c07d,Jung,2000,"Hindi, Film",Anu Malik,"Sameer, Dev Kohli",Universal,0
fc12f62c-c680-538b-826a-3e1d8a2eec0e,Jungle,2000,"Hindi, Film",Sandeep Chowta,Sameer,Universal,2.5
aa76067e-507b-57b4-b98e-4516b4a73d68,Jwalamukhi,2000,"Hindi, Film",Anand - Milind,"Dev Kohli, Anwar Sagar",Shemaroo,0
313f782e-b115-5c62-804c-3f8a2af6dc23,Kaash,2000,"Hindi, Non Film",Hariharan,Tahir Faraz,Magnasound,0
9aa64d89-9162-5b49-8169-5fde410b3722,Kahin Pyaar Na Ho Jaaye,2000,"Hindi, Film",Himesh Reshammiya,"Sudhakar Sharma, Rajesh Malik",Venus,4.0
a37ec22c-05cf-5e05-9aa3-d5872e75e574,Kaho Naa... Pyaar Hai,2000,"Hindi, Film",Rajesh Roshan,"Saawan Kumar Tak, Ibrahim Ashq, Vijay Akela",H.M.V.,4.0
d4f773c9-7598-538d-abaf-12fad7c2f35b,Karobaar: The Business of Love,2000,"Hindi, Film",Rajesh Roshan,Javed Akhtar,Venus,0
820cc4e9-e8b6-5ca7-b9a4-d7bded125670,Keh Diya,2000,"Hindi, Non Film",Smit Desai,"Smit Desai, Nikhil Parmar",Red Ribbon,0
45d3d2ab-b77b-53a6-ae8e-510a93f1fde1,Kehna To Hai,2000,"Hindi, Non Film",,,Wings Music,0
afbcb213-e01d-54ff-8da2-afffaae7b0ac,Kharidaar,2000,"Hindi, Film",Sanjay Raj,"Deepak Sneh, Soz Layalpuri",,0
c93f9418-c740-54d9-9b51-610b85c93dda,Khauff,2000,"Hindi, Film","Anu Malik, Daler Mehndi, Sajid - Wajid","Mehboob Kotwal, Dev Kohli, Rahat Indori, Rani Malik",T-Series,0
2e2809d2-1ca6-5c34-ba3e-c5a183b92fcb,Khiladi 420,2000,"Hindi, Film",Sanjeev - Darshan,Sameer,Saregama,0
13000e88-5d9a-5d50-97f0-75bd4b3fffbc,Khubsoorat,2000,"Hindi, Non Film",Sameer Phaterpekar,Anand Bakshi,Venus,0
32f33c5e-3e21-55f1-a8c8-733c09df78c4,Krodh,2000,"Hindi, Film",Anand - Milind,"Deepak Chaudhary, Dev Kohli",Tips,0
80dd0119-9cfc-529f-94c2-b73feaedf66b,Kunwara,2000,"Hindi, Film",Aadesh Shrivastava,Sameer,Tips,0
224199cf-c6cd-5573-aa2c-2731e3bfe616,Kurukshetra,2000,"Hindi, Film","Himesh Reshammiya, Sukhwinder Singh","Dev Kohli, Madan Pal, Sudhakar Sharma",Saregama,0
dfa01684-1744-5b10-9d62-96218efad4bd,Kya Kehna!,2000,"Hindi, Film",Rajesh Roshan,Majrooh Sultanpuri,Tips,4.0
78ad0654-f302-5b4f-b217-3eaca3062fc7,Lamha,2000,"Hindi, Non Film",Pankaj Udhas,"Zafar Gorakhpuri, Prashant Vasl, Nida Fazli, Zameer Kazmi",Saregama,0
483bce5d-a217-5b48-bb6d-3dc3d906f940,Le Chal Apne Sang,2000,"Hindi, Film",Raamlaxman,"Dev Kohli, Shaily Shailendra, Ravinder Rawal, Kiran Joshi",Venus,0
773cb9c6-2de0-5d66-82ef-3595c4e33c92,Mela,2000,"Hindi, Film","Rajesh Roshan, Leslie Lewis, Anu Malik","Sameer, Dharmesh Darshan, Traditional, Dev Kohli",Venus,0
9d8ec97b-d4cb-5e46-b73f-ff6ee1030ccd,Meri Chunar Udd Udd Jaye,2000,"Hindi, Non Film",Lalit Sen,"Naqsh Lyallpuri, Nawab Arzoo, Tauqeer Zaidi, Lalit Sen",Universal,0
ed8f5a23-abce-59b4-a1ff-41505e98b1be,Mission Kashmir,2000,"Hindi, Film",Shankar - Ehsaan - Loy,"Rahat Indori, Sameer",Tips,3.33
56568626-e9f8-5a26-b429-55af07830a39,Mohabbatein,2000,"Hindi, Film",Jatin - Lalit,Anand Bakshi,YRF Music,3.75
ea5a91b9-326c-533f-8566-e4cff0ff58a5,Nasha Hi Nasha Hai,2000,"Hindi, Non Film",Sukhwinder Singh,,Saregama,0
a9bf854a-6930-5ebd-a473-8273128e31d8,Nidaan,2000,"Hindi, Film",Rahul Ranade,Gautam Joglekar,PAN Music,0
2d8a6ee6-c142-5db7-b801-9d9cb88ab2b6,Oh! Laila,2000,"Hindi, Non Film",Stereo Nation,,T-Series,0
4ca770c3-cb1a-5d84-b505-79ce6c98a248,Papa The Great,2000,"Hindi, Film","Sajid - Wajid, Nikhil - Vinay, Jaidev Kumar, M.M. Kreem, Naresh Sharma","Faaiz Anwar, Babu Singh Mann, Sameer, Maya Govind, Ajay Jhingran",T-Series,0
8ae21596-8a2d-583b-80d4-9eaa9cf9913b,Patelscope,2000,"Hindi, Non Film",Devang Patel,Devang Patel,Times,0
23c1879e-21a1-5f62-b39b-5ffd43a3076a,Pehchan,2000,"Hindi, Non Film",Silk Route,"Prasoon Joshi, Atul Mittal",,0
c3f72079-7f01-5b1b-9c80-afaf451858d1,Phir Bhi Dil Hai Hindustani,2000,"Hindi, Film",Jatin - Lalit,Javed Akhtar,Sony Music,0
ca502445-b74b-5672-86fc-f48c63214c07,Piya Basanti,2000,"Hindi, Non Film",Sandesh Shandilya,Ustad Sultan Khan,Sony Music,3.5
6410c070-df3e-598f-85f7-0c99818e85dd,Pukar,2000,"Hindi, Film",A.R. Rahman,"Majrooh Sultanpuri, Javed Akhtar",Venus,3.75
a51d25e5-ea76-5d16-8c45-98fc14d9fd39,Raja Ko Rani Se Pyar Ho Gaya,2000,"Hindi, Film",Jatin - Lalit,Javed Akhtar,T-Series,0
e57d84ba-8d08-5729-9527-13520fe1376e,Raju Chacha,2000,"Hindi, Film",Jatin - Lalit,Anand Bakshi,Sony Music,4.5
ee1ec0a1-eec5-5d88-9aa3-b1f44ff6fd1f,Refugee,2000,"Hindi, Film",Anu Malik,Javed Akhtar,Saregama,3.57
17db4007-0c8f-59f5-bc20-55bb000e52e8,Rishta,2000,"Hindi, Non Film",Shekhar Sen,"Ibrahim Ashq, Naini Kazmi, Madan Pal, Prashant Vatsala, Israr Ansari, Payam Sayeedi, Shekhar Sen, Ayaz Jhanswi",T-Series,0
deaf3b2c-14f0-50b3-bf43-6a98d615b511,Saher,2000,"Hindi, Non Film",Jagjit Singh,"Faiz Ratlami, Rahat Indori, Bashir Badr, Nawaz Deobandi, Meraj Faizabadi, Iqbal Azeem, Nazeer Baqri, Rajesh Reddy",T-Series,0
8a590cb3-c705-56f9-9623-d40a2fa5b354,Sanam Tere Hain Hum,2000,"Hindi, Film",Mani Sharma,P.K. Mishra,Nupur Audio,0
e59d7a8d-678a-5f27-8c1a-652c5a023bd7,Shikari,2000,"Hindi, Film",Aadesh Shrivastava,"Sameer, Madan Pal, Dev Kohli",T-Series,0
71150305-d27a-5fa4-b782-b9b41c542674,Silsilay,2000,"Hindi, Non Film",Jagjit Singh,Javed Akhtar,Saregama,0
362b2a00-bfcc-5467-8d20-b82c71dc1514,Sitaron Mein Tu Hi,2000,"Hindi, Non Film",Lalit Sen,Mehboob,Universal,0
caefa320-b605-510c-84c8-d42d4c817527,Snip!,2000,"English, Film","Ashutosh Pathak, Dhruv Ghanekar","Sameer, Tara Sahgal",Universal,0
8ca9ca95-c26e-5c85-a3f7-4c913b2e7c60,Sultaan,2000,"Hindi, Film","Aadesh Shrivastava, Bappi Lahiri",T.L.V. Prasad,Shemaroo,0
019d438e-9823-54ae-8031-94639d8ea851,Sunset Point,2000,"Hindi, Non Film",Vishal Bhardwaj,Gulzar,Universal,0
7476e213-358f-57cb-8935-c1e92f8aa838,Tala Matrix,2000,"Hindi, Non Film","Zakir Hussain, Trilok Gurtu, Bill Laswell, Ustad Sultan Khan, B. Somatik, Talvin Singh, Karsh Kale",,EMI,0
a6f58e3d-21fd-5748-91b0-b91f41b16f97,Tanha Dil,2000,"Hindi, Non Film","Shaan, Ram Sampath",Shaan,Virgin,4.5
4b4d33f1-190e-590c-b288-cc25d15458ca,Tapish,2000,"Hindi, Film","Ashutosh Pathak, Dhruv Ghanekar, Kishore Sharma","Dev Kohli, Rajesh Johri",,0
6e6aaf55-f674-5d01-a2d8-bb3326237fa7,Tarkieb,2000,"Hindi, Film",Aadesh Shrivastava,Nida Fazli,Zee Music Company,3.5
1fc615a3-577f-5e62-a7a3-2b01878e8bb3,Tera Jadoo Chal Gayaa,2000,"Hindi, Film",Ismail Darbar,Sameer,Tips,3.6
cb30b805-a585-5e05-98cf-7fce18202c5d,Tujhko Pukare Mera Pyaar,2000,"Hindi, Film","Triveni - Bhavani, Kanak Raj",Rani Malik,Venus,0
27b4f269-5b31-5674-8170-b2e1a839ccc8,Vaada,2000,"Hindi, Non Film",Ustad Amjad Ali Khan,Gulzar,Saregama,0
be8231c8-0052-5a2f-8f41-6c2852379b3f,Woh Mera Hoga,2000,"Hindi, Non Film",Ali - Gani,,Tips,0
93e5f264-d356-5bc5-9117-41d2cb866988,Yaar Ka Deedar Chahiye,2000,"Hindi, Non Film",Deepak Pandit,Abhilash,Venus,0
13352781-c6bc-550e-ae09-569ec8d229b3,Aakheer,2001,"Hindi, Film",Aabir Mukherjee,Bhisham Kohli,Saregama,0
5663f978-dbca-5dc0-af2a-4a4e400bc904,Aamdani Atthanni Kharcha Rupaiya,2001,"Hindi, Film",Himesh Reshammiya,Sudhakar Sharma,Universal,0
fb726c38-314a-5341-b61b-18fcabbe77f5,Aashiq,2001,"Hindi, Film",Sanjeev - Darshan,Sameer,Tips,0
1efc6b79-1181-5485-a847-162962f2ac37,Aatma,2001,"English, Non Film","Leslie Lewis, Hariharan, Jaidev, Ustad Ghulam Mustafa Khan","Leslie Lewis, Dev Kohli, Munawar Masoom, Traditional, Tahir Faraz, Milind Joshi, Thyagaraja, Ustad Ghulam Mustafa Khan, Ibrahim Ashq",Sony Music,3.0
19ade301-7c4b-503c-8e6d-6a145677b1ee,Abhay,2001,"Hindi, Film",Shankar - Ehsaan - Loy,Javed Akhtar,Universal,3.5
2a75cbe0-c255-5c87-9002-08a5ed4f1f97,Afsana Dilwalon Ka,2001,"Hindi, Film",Shyam - Surender,"Ibrahim Faiz, Sateesh",Zee Music Company,0
4d4b4a74-e6f9-58b6-92b7-72f9beb8c4d1,Ajnabee,2001,"Hindi, Film",Anu Malik,Sameer,Tips,0
a74e84e0-55cc-5933-9934-4703a434287b,Aks,2001,"Hindi, Film",Anu Malik,Gulzar,Saregama,3.0
4689c19e-6a22-552b-b3a4-8ac79937195a,Albela,2001,"Hindi, Film",Jatin - Lalit,"Rani Malik, Sameer",Tips,0
2a9faf88-e8b2-5188-8393-9688b5035a71,Alisha,2001,"Hindi, Non Film",Sandeep Chowta,,Tips,0
4dcbb05e-f3c7-5fb7-94bd-2cdb813e4d52,Arjun Devaa,2001,"Hindi, Film","Ram Shankar, Gunvantraaj","Rekha Mistry, Asad Ajmeri, Rafiq Rajasthani",Polygram,0
d39051e9-12a8-5b9f-a053-1e00eaea76b3,Asoka,2001,"Hindi, Film","Anu Malik, Sandeep Chowta","Gulzar, Anand Bakshi",Sony BMG,3.0
5552040b-63dc-5d3e-8378-6ee39037efe7,Bedard Sanam,2001,"Hindi, Non Film",Anil Sharma - IV,Chiraag Jaipuri,T-Series,0
b402d120-ef3e-571d-8c06-55dc6d5c650d,Bengal Tiger,2001,"Hindi, Film","Gulam Ali Chander, Arvinder - Surinder","Kukku Prabhas, Zaheer Anwar, Bittu Parikh",Sun Audio,0
5041c999-8874-570b-9eec-054abb549056,Censor,2001,"Hindi, Film",Jatin - Lalit,"Vinoo Mahendra, Neeraj",Saregama,0
25d876bd-8be7-598c-a90a-72a11c0ad4c2,Chhupa Rustam,2001,"Hindi, Film",Anand - Milind,Anand Bakshi,Saregama,0
96466a90-3d11-59c4-b5c6-d68bb2c512f4,Chori Chori Chupke Chupke,2001,"Hindi, Film",Anu Malik,Sameer,Universal,3.0
d2f8c32c-bb20-5837-b6f7-1e93f66c0c9e,Classics Collection,2001,"Hindi, Non Film","Talat Aziz, Jagjit Singh, Krishan Sehgal, Ajit Merchant, Kuldeep Singh","Nida Fazli, Kafil Azar, Wajid Ali Shah, Traditional, Gulzar, Basant Kumar Puri, Indeevar, Javed Akhtar, Ibn-E-Insha, Kaif Bhopali, Sahir Hoshiarpuri, Khwaja Ghulam Fareed, Venibhai Purohit, Hariram Acharya, Anwar Mirza Puri, Ameer Minai, Kaifi Azmi, Sudarshan Faakir",Universal,0
5d07eb70-2a0e-50e7-8185-8db5ac3cb078,Dal - The Gang,2001,"Hindi, Film",Shyam Sunder - I,Sudhakar Sharma,,0
35a6d94b-4544-5ed3-a8ac-1c5157f53e69,Daman,2001,"Hindi, Film",Bhupen Hazarika,Maya Govind,Universal,2.5
2c394cb4-669c-5e0e-9da7-65045ac9e199,Deewaanapan,2001,"Hindi, Film",Aadesh Shrivastava,Sameer,Saregama,0
358c1f51-2728-50fb-ad9d-08e23a44ebb4,Deham,2001,"English, Film",Roy Venkataraman,"Traditional, Roy Venkataraman, Nida Fazli",Universal,3.0
ea16fae4-d8b7-5c56-8d53-d371451ddde6,Dekha Hai Teri Aankhon Ko,2001,"Hindi, Non Film",The Aryans,The Aryans,Universal,0
8bf045fd-7a08-5caf-b830-ec738c5c5f45,Dial 100,2001,"Hindi, Film","Sunil Jha, Raj Sen","Asad Ajmeri, Sudhakar Sharma, Sunil Jha",,0
0f01891c-ddb2-5acb-bbc3-cc40a008cd91,Different Strokes,2001,"Hindi, Non Film",Jagjit Singh,"Traditional, Wajid Ali Shah",Saregama,0
1dea251e-a1c8-5947-9f7c-720ee05664d9,Dil Chahta Hai,2001,"Hindi, Film","Mike Harvey, Shankar - Ehsaan - Loy",Javed Akhtar,T-Series,4.4
51df67b3-48f3-5260-ba8b-b93a855c02b0,Dil Churaya Aapne,2001,"Hindi, Film",Suresh Wadkar,"Rani Malik, Dev Kohli, Naqsh Lyallpuri",Universal,0
65d7bad4-aa18-515c-83e8-1326e8bb7dcc,Dil Dhoondta Hai,2001,"Hindi, Film",Anu Malik,Tahir Hussain,Saregama,0
5198e8b9-3e3f-58b7-a84b-dceaf8ae75dd,Dil Ka Haal Sune Dilwala,2001,"Hindi, Non Film","Altaf Raja, Vaishnav Deva",Shakeel Jamali,Venus,0
742559fd-8c88-56a7-b472-4c09c59ae06d,Dil Ne Phir Yaad Kiya,2001,"Hindi, Film","Aadesh Shrivastava, Uttam Singh",Sameer,Sony Music,0
a62ee5e5-4a47-5248-b4b1-f0eb1ff04a9d,Ehsaas: A Feeling,2001,"Hindi, Film","Anand Raj Anand, Milind Sagar, Prajwal Anand","Praveen Bharadwaj, Anwar Sagar, Shyam Anuragi, Pratik Joseph, Madan Pal",Tips,4.0
a4cd657a-237b-520e-bcc0-73026a6168cf,Ek Aur Jung,2001,"Hindi, Film",Omkar Rana,Sudhakar Sharma,,0
ec00fdc4-dd79-5d1c-80a0-97fe064df8e0,Ek Rishtaa: The Bond of Love,2001,"Hindi, Film",Nadeem - Shravan,Sameer,Tips,0
29e462b9-e76a-5a23-afe6-22eb4f0af003,Farz,2001,"Hindi, Film","Uttam Singh, Aadesh Shrivastava",Sameer,T-Series,0
20685356-0728-57d7-a563-dd6c8cacded8,Gadar - Ek Prem Katha,2001,"Hindi, Film",Uttam Singh,Anand Bakshi,Zee,3.0
6df38ca5-b099-5035-9790-7942fed4d73d,Ghoonghat,2001,"Hindi, Non Film",Pankaj Udhas,"Zameer Kazmi, Qaiser-Ul-Jafri, Zafar Gorakhpuri, Traditional",T-Series,0
892d101c-1b15-5225-9b44-5f21c4f98914,Hadh,2001,"Hindi, Film","Viju Shah, Pravin Kumar - I","Sameer, Kartik Awasthi, Pravin Kumar - I",Zee,0
26476403-4e76-537d-974a-2c38d53bcfa5,Hum Deewane Pyar Ke,2001,"Hindi, Film",Anup Jalota,Rani Malik,Tips,0
9c58cfb3-405e-5b8e-b847-a57ce7815f12,Hum Ho Gaye Aap Ke,2001,"Hindi, Film",Nadeem - Shravan,Sameer,Venus,0
9c394b22-9b38-5735-9042-c98ffe03b575,Indian,2001,"Hindi, Film",Anand Raj Anand,Anand Bakshi,Universal,0
536eca83-17b3-516d-a283-1a4e6945e5f3,Inth Ka Jawab Patthar,2001,"Hindi, Film",Raamlaxman,Shaheen Iqbal,Polygram,0
e214baf3-61ca-542e-ac0f-8f90db1d8d1d,Ittefaq,2001,"Hindi, Film",Dilip Sen - Sameer Sen,Sameer,Zee,0
b3d37a33-ee62-5789-86c1-b8aa19ffa491,Jashn,2001,"Hindi, Non Film","Sajid - Wajid, Sukhwinder Singh, Anand Raaj Anand, Nusrat Fateh Ali Khan, Shankar Mahadevan","Sameer, Sukhwinder Singh, Shyam Anuragi, Khwaja Parvez, Javed Akhtar",Saregama,0
8f630d8e-5316-5c72-a666-da216a9d41ff,Jaydev,2001,"Hindi, Film",Kishor Sharma,"Dev Kohli, Raghavendra, Sunil Kumar Tak",,0
4bda818c-8409-5a33-8725-ca22c2219095,Jodi No. 1,2001,"Hindi, Film","Anand Raj Anand, Himesh Reshammiya","Dev Kohli, Pratik Joseph, Sudhakar Sharma",T-Series,0
4389caa9-c39f-5301-ba93-028761afe643,Kabhi Khushi Kabhie Gham,2001,"Hindi, Film","Jatin - Lalit, Sandesh Shandilya, Aadesh Shrivastava","Sameer, Anil Pandey, Bankim Chandra Chatterjee",Sony Music,3.0
b1442b10-d401-5129-bb9b-f02c6cea4a3d,Kasam,2001,"Hindi, Film",Viju Shah,"Indeevar, Anand Bakshi",Tips,0
4962d8bc-3c4e-506f-aaff-0d81311d8a9f,Kasoor,2001,"Hindi, Film",Nadeem - Shravan,Sameer,Saregama,4.5
570ebe50-5c9a-5c41-829a-a7c1e33afe02,Khatron Ke Khiladi,2001,"Hindi, Film","Ram Shankar, Gunwant Raj","Aseer Burhanpuri, Rajendra Bhatt, Vinay Bihari, Ibrahim Ashq, Gunwant Raj",Saregama,0
74734f96-e1dd-55f4-9381-503f737c2da5,Khoya Khoya Chand,2001,"Hindi, Non Film",Sajid - Wajid,Sameer,Tips,0
9d0beba6-8e30-5e11-b28f-d53dcb1322ec,Kuch Khatti Kuch Meethi,2001,"Hindi, Film",Anu Malik,Sameer,Tips,0
7c5449bb-c5b3-5ee2-9c2a-11ea98fbf883,Kuchh Intezaar Hai,2001,"Hindi, Non Film",Bhupinder Singh,"Ashar Nadeemi, Aish Kanwal, Ibrahim Ashq, Gulshan Madan, Saeed Rahi, Israr Ansari",,0
70cb75d6-d8b2-5d69-995a-1216ac992361,Kyo Kii... Main Jhuth Nahin Bolta,2001,"Hindi, Film",Anand Raj Anand,"Dev Kohli, Pratik Joseph",T-Series,0
f4165dbe-a133-5fab-a617-4d41e618e7ef,Lagaan,2001,"Hindi, Film",A.R. Rahman,Javed Akhtar,Sony Music,4.67
45924e33-0d96-5ed4-b758-dd367926828b,Lajja,2001,"Hindi, Film","Anu Malik, Ilaiyaraaja","Sameer, Prasoon Joshi",Universal,0
842dfc32-d15d-5a3d-a136-44159e12d4e2,Little John (Chota Johny),2001,"Hindi, Film",Pravin Mani,Javed Akhtar,Saregama,0
6b27501a-42d3-50e8-9649-d9b06c848ba8,Love Ke Liye Kuch Bhi Karega,2001,"Hindi, Film",Vishal Bhardwaj,Abbas Tyrewala,T-Series,3.5
cc8dc5d7-367a-570d-9bf2-d7545b57a044,Meera Soor Kabir,2001,"Hindi, Non Film",Hridaynath Mangeshkar,"Surdas, Kabir, Meera Bai",Saregama,0
1af765df-822f-5718-b25d-995149803a06,Mera Ghunghta,2001,"Hindi, Non Film",Babli - I,Manoj Darpan,T-Series,0
f2e02243-e4c2-5ed5-9837-30aa1bd51a8b,Meri Pyaari Bahania Banegi Dulhania,2001,"Hindi, Film","Madhu Burman, Gopal Burman",Madan Pal,,0
3d8a0db5-44a4-51ac-9fe1-7c819d59e8cd,Mitti,2001,"Hindi, Film","Ali - Gani, Monty Sharma, Sajid - Wajid","Qaiser-Ul-Jafri, Mehboob Kotwal, Rahul B. Seth, Jalees Sherwani",Venus,0
af08b03d-3aa9-583e-b29c-d7517d4dff53,Mitwaa,2001,"Hindi, Non Film",Roop Kumar Rathod,"Madan Pal, Ikhlas, Rahat Indori, Tahir Taraash, Qateel Shifai, Israr Ansari, Anjum Rehbar, Panchhi Jalonvi",Venus,0
9387cb42-2def-5be3-8001-cd6c62a3600a,Moksha,2001,"Hindi, Film",Rajesh Roshan,Javed Akhtar,Venus,3.0
211e2aaf-406e-5440-9039-48eab2413203,Monsoon,2001,"English, Film","Louis Banks, Lalit Sen","Asha Putli, Qateel Shifai, Syed Gulrez, Ziya Amrohi",T-Series,0
d5ed6917-7629-5175-b6f6-acc2fa594d7a,Monsoon Wedding,2001,"Hindi, Film","Sukhwinder Singh, Mychael Danna, Malkit Singh, Midival Punditz",Traditional,Universal,0
3e46899b-3a7c-5fcd-8c87-0192b5b89a12,Mujhe Kucch Kehna Hai,2001,"Hindi, Film","Anu Malik, Vishal - Shekhar","Sameer, Vishal Dadlani",Tips,3.0
e62f46e6-aa47-5842-bfc6-e464de193e9c,Mujhe Meri Biwi Se Bachaao,2001,"Hindi, Film",Rajesh Roshan,Majrooh Sultanpuri,Venus,0
d53dac46-fa1b-5830-a179-d4880a57ce6f,Mujhe Pyar Hua Tumse,2001,"Hindi, Film",Sawan Kumar,P.K. Mishra,Saregama,0
1dbaf293-52a7-5ba3-91d6-9e04224a79b8,Mulaqaat,2001,"Hindi, Film",Vishal Bhardwaj,"Bashir Badr, Vinoo Mahendra, Shyam Anuragi",Universal,0
8e6bcd17-bc3d-5b5f-9014-590143c5e292,Nayak,2001,"Hindi, Film",A.R. Rahman,Anand Bakshi,T-Series,3.0
344cbd54-5f9f-5d18-959f-68c1cc7d6917,Noorjahan,2001,"Hindi, Non Film",Talat Aziz,Nida Fazli,Venus,0
5f435693-4d37-5ab8-80da-6cf3e5486df9,Officer,2001,"Hindi, Film","Deepak Chaudhary, Rajesh Roshan","Deepak Chaudhary, Nawab Arzoo, Sayeed Rahi",Universal,0
0a328c1c-4786-5fe1-9277-1bea69f7eb4f,One 2 Ka 4,2001,"Hindi, Film",A.R. Rahman,"Majrooh Sultanpuri, Mehboob",Saregama,4.0
546900f1-e962-5ebf-b9aa-75b3961da2bc,Paagalpan,2001,"Hindi, Film",Raju Singh,Sameer,Tips,0
3f27f8a1-46aa-5772-b910-f5ef11f8df4f,Parwaaz,2001,"Hindi, Non Film","Jagjit Singh, Anil Biswas, Kuldeep Singh, Shankar - Jaikishan","Sudarshan Faakir, Kafil Azar, Traditional, Indeevar, Kaifi Azmi, Ibn-E-Insha, Nida Fazli, Hasti Mal Hasti, Prem Dhawan, Kaif Bhopali, Meraj Faizabadi, Rajinder Nath Rehbar, Javed Akhtar, Hasrat Jaipuri, Nazeer Baqri",Sony Music,0
02728697-f545-5036-919b-4f1afa9a4aad,Pehla Nasha,2001,"Hindi, Non Film",Lalit Sen,,Universal,0
f4099227-cc72-5515-a8a9-b5ce21847e55,Pyaar Ishq Aur Mohabbat,2001,"Hindi, Film",Viju Shah,Anand Bakshi,Tips,0
c287d5f7-7e69-58df-bdb8-9f75dcb21b81,Pyaar Tune Kya Kiya,2001,"Hindi, Film","Sandeep Chowta, W. Killar",Nitin Raikwar,Venus,4.0
b0e3a7b9-4cd3-53aa-ba38-5028c730e898,Pyaar Zindagi Hai,2001,"Hindi, Film","Bali Brahmbhatt, Jaideep Choudhry","Sameer, Preet Nihal, Surendra Mishra",Shemaroo,0
1195ad9c-5f33-5358-a46d-bf2ed463f5c6,Rahul,2001,"Hindi, Film",Anu Malik,Anand Bakshi,Tips,0
7aba7327-1b57-5a9f-a05c-f6821dc324fb,Realize,2001,"Hindi, Non Film",Karsh Kale,,Times,0
c26d9528-3f7c-567f-8f6c-9b1f0158e339,Rehnaa Hai Terre Dil Mein,2001,"Hindi, Film","Harris Jayaraj, Vishal - Shekhar, A.M.M., Aadesh Shrivastava, Anand Raj Anand",Sameer,Saregama,3.0
ce047e4e-74fc-5503-974b-f536513af4fa,Saawariyan Teri Yaad Mein,2001,"Hindi, Non Film",Lalit Sen,Mehboob,Universal,0
fa125b99-4e67-5e3c-9fd4-2f60767e4251,Sajnaa,2001,"Hindi, Non Film",Jawahar Wattal,"Sameer, Traditional",Tips,0
0233f315-bf98-53db-85d6-2cae75d7b95b,Saturday Night In Bombay,2001,"Instrumental, Non Film",Thyagaraja,Thyagaraja,Mulberry International,0
d69ed408-95f7-5d2e-a89f-dd223b95b1a4,Shirdi Sai Baba,2001,"Hindi, Film","Pandurang Dixit, Bali Brahmbhatt, Jaideep Choudhry","Pandurang Dixit, Bali Brahmbhatt, Jaideep Choudhry",Saregama,0
61d9d150-9a8c-5cff-8999-526a532a4316,Soz,2001,"Hindi, Non Film",Jagjit Singh,Javed Akhtar,Saregama,0
a966198a-d602-5fd5-990c-37dffcaaa4ef,Style,2001,"Hindi, Film","Nitin Raikwar, Sanjeev - Darshan","Nitin Raikwar, Abbas Katka, Tejpal Kaur",Saregama,0
526cd9b7-fee0-562b-951e-cb78231c0e39,Suhagan Bani Ladli,2001,"Hindi, Non Film",Jay Khanna,Asim Rana,Venus,0
97f67769-7355-5a3f-8f7f-d2b33b9f5e8d,Taaza Hawa Lete Hain,2001,"Hindi, Non Film","Vaishnav Deva, Altaf Raja",Hamid Ansari,Venus,0
820e0477-f198-557e-94bb-4867edf3b43e,Tera Mera Saath Rahen,2001,"Hindi, Film","Anand Raj Anand, Rahul Ranade","Praveen Bharadwaj, Sameer, Gautam Joglekar, Anand Ingle",Tips,0
dc985355-a4a0-5ce0-abbd-6b2a98955f08,Tere Liye,2001,"Hindi, Film",Jeet - Pritam,Abbas Tyrewala,Zee Music Company,0
d2fe5936-ae93-505e-a111-b0b89d35d7ad,The Beat Of Love,2001,"Hindi, Non Film","Trilok Gurtu, Wally Badarou",,The Verve,0
78a50a53-4c0f-5b94-8582-82656b404109,Timeless,2001,"Hindi, Non Film","Partners In Rhyme, Billy Young, Ronnie Wilson, Nusrat Fateh Ali Khan","Israr Ansari, Dev Kohli, Devinder Singh, Hasan Sufi, Praveen Bharadwaj, Bittoo Khannewala, Nusrat Fateh Ali Khan",Sony Music,0
6876ce9b-7dde-570e-8c32-4c1ca1ef4b41,Tum Aaye,2001,"Hindi, Non Film",Raju Singh,Javed Akhtar,Sony Music,0
84725bf9-4df4-5b30-a86e-4ba5915dc7bc,Tum Bin,2001,"Hindi, Film","Nikhil - Vinay, T.S. Jarnail, Ravi Pawar","Faaiz Anwar, T.S. Jarnail",T-Series,3.5
aaf6c91b-128b-588d-a997-c93d1d3b49bb,Uljhan,2001,"Hindi, Film",Aadesh Shrivastava,"Shyam Raj, Madan Pal",Venus,0
f4967d82-b97b-597c-a1d4-fddbd3aee4ff,Visaal,2001,"Hindi, Non Film",Ghulam Ali,Gulzar,Saregama,0
835e4346-ccf2-5e8b-ace7-d1afe298e281,Yaad,2001,"Hindi, Non Film","Ravi Pawar, Nikhil - Vinay",B.K.N.,T-Series,0
cb1ffc0a-2d70-577f-85e8-73949331d202,Yaadein,2001,"Hindi, Film",Anu Malik,Anand Bakshi,Tips,2.5
bfa30ad9-3d3d-5da1-954b-913b2cb56fbd,Yeh Raaste Hain Pyaar Ke,2001,"Hindi, Film","Adnan Sami, Sanjeev - Darshan","Mehboob Kotwal, Anand Bakshi",Tips,0
3db317a4-9313-5505-80fd-db9fbfe4ec4a,Yeh Teraa Ghar Yeh Meraa Ghar,2001,"Hindi, Film",Anand - Milind,Ibrahim Ashq,Universal,0
3b23045d-5e0c-59fb-acbb-f6f32b92d498,Yeh Zindagi Ka Safar,2001,"Hindi, Film","Sajid - Wajid, Daboo Malik","Faaiz Anwar, Nasir Faraaz, Salim Bijnori, Anwar Sagar",Universal,0
3ab6f0dc-a851-55d8-bdac-e578a482ba3d,Zahreela,2001,"Hindi, Film",Anand - Milind,Dev Kohli,Shemaroo,0
604b60cf-2c2f-5770-932d-5a3a496e7eeb,Zubeidaa,2001,"Hindi, Film",A.R. Rahman,Javed Akhtar,Sony Music,0
e57591e6-96e2-56dd-9e08-38ebdf1434c7,16 December,2002,"Hindi, Film","Karthik Raja, Vikesh Mehta",P.K. Mishra,Universal,0
10190d6b-fca7-5fb9-ab90-d71f9485bb99,23rd March 1931 - Shaheed,2002,"Hindi, Film",Anand Raj Anand,"Dev Kohli, Bismil Azimabadi",T-Series,0
39fe1e71-cba8-51d4-a8a4-acd725b0dbd9,Aankhen,2002,"Hindi, Film","Jatin - Lalit, Aadesh Shrivastava, Nitin Raikwar","Praveen Bharadwaj, Prasoon Joshi, Nitin Raikwar, Aatish Kapadia",Universal,0
8ae56106-c144-5c2d-90f6-82cfece82f89,Aap Ki Asha,2002,"Hindi, Non Film",Asha Bhosle,Majrooh Sultanpuri,Universal,0
65f2f1ed-bd17-5720-b606-d50614f649f4,Aap Mujhe Achche Lagne Lage,2002,"Hindi, Film",Rajesh Roshan,"Ibrahim Ashq, Dev Kohli",Universal,0
afb75270-2cc9-5390-8a74-4d86fecaa831,Ab Ke Baras,2002,"Hindi, Film",Anu Malik,Sameer,T-Series,0
a4777e35-59fb-5846-8b43-ff697d12a2b1,Agni Varsha,2002,"Hindi, Film",Sandesh Shandilya,Javed Akhtar,Universal,3.5
2bb91f7d-2464-5541-8575-968eaf47acbb,Akhiyon Se Goli Maare,2002,"Hindi, Film","Anand Raj Anand, Daboo Malik, Anand - Milind, Dilip Sen - Sameer Sen","Dev Kohli, Salim Bijnori, Sameer, Nitin Raikwar",T-Series,0
93159385-d42d-5acb-825c-31e9b68cacb0,Ansh,2002,"Hindi, Film",Nadeem - Shravan,Sameer,Saregama,3.33
7eb1c536-a8b3-59be-a7a9-328d3c90a0cd,Awara Paagal Deewana,2002,"Hindi, Film",Anu Malik,Sameer,Saregama,3.33
e4d2f490-3f01-547a-99d8-f08f9b494255,Baahon Mein Meri Aaja,2002,"Hindi, Non Film",Rajesh Gupta,"Anjum Gaazipuri, Deep Mohamadabadi",T-Series,0
ed69d7a9-ddc7-5aa0-9f8a-cadb2674e777,Badhaai Ho Badhaai,2002,"Hindi, Film",Anu Malik,Javed Akhtar,Universal,0
47f79d82-70f2-5778-8bdc-3a56c532332f,Be-Lagaam,2002,"Hindi, Film",Amar - Ackbar,"Tauqeer Zaidi, Gauhar Kanpuri",Tarana Audio,0
5c922583-273c-5c2a-90e2-cb9aced767ca,Bharat Bhagya Vidhata,2002,"Hindi, Film",Hriju Roy,Mehboob,Universal,0
c7560955-656b-5ab3-856f-69b371ffcba7,Bollywood Hollywood,2002,"English, Film","Sandeep Chowta, O.P. Nayyar","Qamar Jalalabadi, Ajay Virmani, Jaideep Sahni, Mark Cassius, Sowmya Raoh, Tabish Romani",Times Music,0
419032ae-86dc-58ce-b476-7a6703442726,Bombay Dreams,2002,"English, Non Film",A.R. Rahman,"Don Black, Gulzar, Sukhwinder Singh",Really Useful Group,0
802228a0-1fbf-5493-93fc-08512adc287d,Chalo Ishq Ladaaye,2002,"Hindi, Film",Himesh Reshammiya,Sameer,Tips,0
b75bd9fa-ba26-55e8-bb64-58bef0b59b16,Chandni Raatein,2002,"Hindi, Non Film",,,,0
29c24dc3-856d-5d5a-8e7f-5cfe250b1d65,Chhal,2002,"Hindi, Film",Viju Shah,Amitabh Verma,Zee,3.0
db8c615c-043f-56e9-b486-02ae4bd938bc,Chor Machaaye Shor,2002,"Hindi, Film",Anu Malik,"Dev Kohli, Tejpal Kaur, Farhad - I, Minoo Singh",T-Series,0
0524154b-36e7-5586-bc89-2e4c572fd585,Chura Liyaa Hai Tumne,2002,"Hindi, Film",Himesh Reshammiya,"Jay Verma, Sudhakar Sharma, Sanjay Chhel",Sony Music,0
667b04be-a8f9-5f52-845e-d49a70694fb2,Company,2002,"Hindi, Film",Sandeep Chowta,"Tabish Romani, Jaideep Sahni, Nitin Raikwar",T-Series,4.0
08c661f7-6894-52ad-a99e-65ee1a4e57bd,Deewangee,2002,"Hindi, Film",Ismail Darbar,"Salim Bijnori, Nusrat Badr",T-Series,0
2385aa9a-6689-54ad-8014-db66b08b0354,Desh Devi - Maa Ashapura,2002,"Hindi, Film",Ismail Darbar,Mehboob Kotwal,Venus,0
2d17baf9-a3e6-5481-913a-88d43aad9f8c,Devdas,2002,"Hindi, Film","Ismail Darbar, Monty Sharma, Birju Maharaj","Nusrat Badr, Birju Maharaj, Prakash Kapadia, Sameer",Universal,4.0
13de2ad0-bc98-5581-9b31-24ac4bd2af05,Dil Hai Tumhaara,2002,"Hindi, Film",Nadeem - Shravan,Sameer,Tips,4.0
287ba683-cfa1-5b28-88ed-f04b5d454788,Dil Mera Dhadkan Teri,2002,"Hindi, Non Film",Vaishnav Deva,Arun Bhairav,Venus,0
e0c450fd-d8d8-5ecf-9ecc-c9dc73323054,Dil Vil Pyar Vyar,2002,"Hindi, Film",R.D. Burman,"Anand Bakshi, Rajinder Krishan, Majrooh Sultanpuri, Gulzar",Saregama,4.0
6c87ff85-ac61-565a-8696-687d910c5cda,Dushmani,2002,"Hindi, Film",Nikhil - Vinay,"Jyoti Nayar, Vinay Bihari, Rajan Raj, Yogesh Gaud",T-Series,0
3409e9fe-1d99-5e4a-ab37-2e59c808a2b9,Ek Hindustani,2002,"Hindi, Film","Daboo Malik, Anand Raj Anand","Praveen Bhardwaj, Anand Bakshi",T-Series,0
1d9d5433-a243-522e-88a7-380595b17e19,Encounter: The Killing,2002,"Hindi, Film",Amar Mohile,"Sanjay Churmure, Rajan Bane",,0
4546772e-4a3b-5f54-964c-bd0dd211878d,Filhaal,2002,"Hindi, Film",Anu Malik,Gulzar,Saregama,0
8e4ce685-405a-567b-81a7-4da77961bc13,Forget Me Not,2002,"Hindi, Non Film",Ghanshyam Vaswani,Kunwar Mohinder Singh Bedi Sahar,T-Series,0
e07c5d20-7705-52ed-991c-c3f4099a8bca,Gautam Govinda,2002,"Hindi, Film",Natraj - Durga,Vinay Bihari,T-Series,0
52a6d311-74dc-5b7d-a27c-f04d806cb7a3,Gunaah,2002,"Hindi, Film","Sajid - Wajid, Anand Raj Anand","Faaiz Anwar, Praveen Bharadwaj, Anand Bakshi",Sony Music,0
b36095d9-e572-54e8-99f5-cd9989da9354,Haan Maine Bhi Pyaar Kiya,2002,"Hindi, Film",Nadeem - Shravan,Sameer,Tips,0
7261f56e-3a25-5dc8-9d30-a6ed010edab8,Hasina Hoon Main,2002,"Hindi, Non Film",Nitin Raikwar,Nitin Raikwar,T-Series,0
333976d2-87f6-5668-adcc-d6fd9ef2707a,Hathyar,2002,"Hindi, Film","Anand Raj Anand, Nitin Raikwar, Rahul Ranade","Vineet Srinet, Nitin Raikwar, Dev Kohli, Praveen Bharadwaj, Sanjay Upadhyay",Venus,0
0491478b-2c14-56ba-8529-6c6a6ced3c3a,Hook,2002,"English, Non Film",,,,0
7b5a5591-8d9c-5f01-9276-127715fbfc08,Hum Hain Pyaar Mein,2002,"Hindi, Film",Nishad Vaidya,Yogesh,Polygram,0
61c09113-46a4-559c-9ce2-67e6e533b9ca,Hum Kisise Kum Nahin,2002,"Hindi, Film",Anu Malik,Anand Bakshi,T-Series,0
b0a53327-8454-5dda-af07-a4aadb9cc8e5,Hum Pyar Tumhi Se Kar Baithe,2002,"Hindi, Film",Raamlaxman,"Ravinder Rawal, Israr Ansari, Shaheen Iqbal, Dev Kohli, Aziz Khan Shahani, Suman Sarin",Rajshri Music,0
4d066a9c-619a-5f0f-a4bf-0293b0e561ee,Hum Tumhare Hain Sanam,2002,"Hindi, Film","Sajid - Wajid, Bappi Lahiri, Nikhil - Vinay, Daboo Malik, Bali Brahmbhatt","Sameer, Jalees Sherwani, Maya Govind, Praveen Bharadwaj, Kartik Awasthi",T-Series,0
26df2fc6-4a05-5a28-9143-8244e4b0ff65,Humein Tumse Pyar Ho Gaya Chupke Chupke,2002,"Hindi, Film",Bappi Lahiri,Ibrahim Ashq,Polygram,0
3ec4d868-7fc8-5697-822b-b87e74859967,Humraaz,2002,"Hindi, Film",Himesh Reshammiya,Sudhakar Sharma,Venus,3.67
5dab3b4f-c038-5997-97f6-4979daf16ad6,Indian Babu,2002,"Hindi, Film",Nadeem - Shravan,Sameer,Saregama,0
4f56230b-3f8f-5e58-b42e-f7a4f394d9d3,Ishara,2002,"Hindi, Non Film",,Israr Ansari,Venus,0
e2fb66cf-0a71-5751-9ed8-710b6aa2b6fe,Jaani Dushman,2002,"Hindi, Film","Anand - Milind, Anand Raj Anand, Sandeep Chowta","Sameer, Dev Kohli, Nitin Raikwar",Universal,3.0
71c4f15f-9b40-5af1-87c9-488aec05e69d,Jab Dil Karta Hai Peete Hain,2002,"Hindi, Non Film",Jaidev,Faaiz Anwar,T-Series,0
aa96f82a-3b74-5966-9272-4e3b7ef1a0be,Jeena Sirf Merre Liye,2002,"Hindi, Film",Nadeem - Shravan,Sameer,Puja Music,0
211aeb71-2176-523a-8480-9fd2e9f078db,Joyful Noise,2002,"Hindi, Non Film",,,Sony Music,0
6910362e-3777-5506-a5a2-0cfa1fb85499,Junoon,2002,"Hindi, Film",Aadesh Shrivastava,"Nida Fazli, Shyam Raj",Universal,0
810d3326-7460-567f-bfff-3fbf7a24c610,Kaaboo,2002,"Hindi, Film",Anchal Talesara,"Anchal Talesara, Shabbir Ahmed, Naqsh Lyallpuri, Sukhwinder Singh",Soul Music,0
f3fa6892-d557-569d-be8a-c8fd5fb5848a,Kaante,2002,"Hindi, Film","Anand Raaj Anand, Vishal - Shekhar, Mikey McCleary","Dev Kohli, Vishal Dadlani, Anand Raaj Anand, Dr. Arshi",T-Series,4.33
9aa1c858-348f-5456-a49f-4b8dd5f47aee,Kahin Jiya Jale Kahin Diya,2002,"Hindi, Non Film",Vaishnav Deva,Arun Bhairav,Venus,0
db2f5960-8798-540d-a16e-2faeed2d36ab,Kahkashan Vol - I,2002,"Hindi, Non Film",Jagjit Singh,"Hasrat Mohani, Asghar Gondvi, Jigar Moradabadi, Josh Malihabadi",Saregama,0
41417979-722b-587c-b668-6aac25b33de7,Kahkashan Vol - II,2002,"Hindi, Non Film",Jagjit Singh,"Firaq Gorakhpuri, Majaz Lucknawi, Makhdoom Mohiuddin",Saregama,0
fd118ad9-0fbb-583e-9412-5e49568fb94a,Karz - The Burden Of Truth,2002,"Hindi, Film",Sanjeev - Darshan,"Abbas - III, Sameer",T-Series,0
6c3ab961-37b6-5e52-8daf-13a9f4c7b907,Kehtaa Hai Dil Baar Baar,2002,"Hindi, Film",Jatin - Lalit,Sameer,Sony Music,0
66f1e1d6-ab81-5cfc-afe1-ceb015443554,Khamoshi,2002,"Hindi, Non Film","Jagjit Singh, Kuldeep Singh","Wajid Ali Shah, Traditional, Rajesh Reddy, Ibrahim Ashq, Jaam Nasimi, Fana Nizami Kanpuri, Ameer Minai, Gulzar, Kaif Bhopali, Kaifi Azmi, Ali Sardar Jafri, Javed Akhtar",Universal,0
f2a55f14-2e50-5b89-978c-e8d67423130e,Kitne Door Kitne Paas,2002,"Hindi, Film",Sanjeev - Darshan,"Abbas Katka, Anand Bakshi, Anwar Sagar",Universal,0
4a7a45b0-ca24-54fb-9b3c-6c6d8c062d06,Koi Mere Dil Se Poochhe,2002,"Hindi, Film",Rajesh Roshan,"Dev Kohli, Ibrahim Ashq, Suryabhanu Gupta",Tips,0
1f72f7cd-4465-5e53-8a0c-cf403b417799,Kranti,2002,"Hindi, Film",Jatin - Lalit,Anand Bakshi,Universal,0
5ce4c4e3-35fd-5280-864e-0e4dd2c6ad61,Kuch Dil Ne Kaha,2002,"Hindi, Film",Nikhil - Vinay,Anand Bakshi,T-Series,0
02484e8c-47f2-571d-ae6d-5e06c5dbc49a,Kuch Tum Kaho Kuch Hum Kahein,2002,"Hindi, Film",Anu Malik,Sameer,Tips,0
ebab87d3-c8d8-510e-86b1-2dd85f2a8edd,Kya Yehi Pyaar Hai,2002,"Hindi, Film",Sajid - Wajid,"Jalees Sherwani, Ajay Jhingran",Tips,0
d7e6d091-fdf0-511b-b0c1-e93d3d162ebb,Kyaa Dil Ne Kaha,2002,"Hindi, Film",Himesh Reshammiya,Sanjay Chhel,Sony Music,0
bd7466de-9737-5cbc-aed3-d1b7218d6b43,Lal Salaam,2002,"Hindi, Film",Hridaynath Mangeshkar,Gulzar,Universal,2.5
4a3d905a-cc38-58bc-9760-cf43363b82e4,Leela,2002,"Hindi, Film","Shantanu Moitra, Jagjit Singh, Traditional","Gulzar, Nida Fazli, Abbas Tyrewala, Traditional",Saregama,4.0
44aa370a-5f14-5417-94a1-13fa861cf598,Let's Talk,2002,"English, Film","Ram Sampath, Traditional, Kshetrayya","Traditional, Kshetrayya",Omgrown Music,0
cb842b67-df28-5488-b8be-8397282260cf,Love At Times Square,2002,"Hindi, Film","Adnan Sami, Lucky Ali, Rajesh Roshan, Aadesh Shrivastava","Javed Akhtar, Mohamed Aslam, Nasir Faraaz, Prasoon Joshi, Sameer",Saregama,0
fd24ebd6-2d86-5041-8a74-22dc731313df,Maa Tujhhe Salaam,2002,"Hindi, Film",Sajid - Wajid,"Sameer, Vikki Nagar, Tejpal Kaur",Universal,0
b16ba072-a7db-5924-aae8-81d5686cddc9,Maine Dil Tujhko Diya,2002,"Hindi, Film",Daboo Malik,"Salim Bijnori, Praveen Bharadwaj, Jalees Sherwani, Gufi Paintal, Faaiz Anwar",T-Series,0
a4e80627-2ab3-582d-a088-8a0245a4c794,Makdee,2002,"Hindi, Film",Vishal Bhardwaj,Gulzar,Times,0
3eca2241-3eeb-5b82-90a2-aa54506b4862,Maseeha,2002,"Hindi, Film",Anand Raj Anand,Dev Kohli,Time Audio,0
deded6b7-b6e5-57e5-864d-271af87c13c5,Mere Yaar Ki Shaadi Hai,2002,"Hindi, Film",Jeet - Pritam,Javed Akhtar,YRF Music,0
3121e1d0-bef9-5ff7-9d28-458db5dd4165,Mitr - My Friend,2002,"English, Film","Bhavatharini Ilaiyaraaja, Karthik Raja, Vikesh Mehta, Traditional","Gulzar, Satish Chakravarthy, P.K. Mishra, Traditional",Universal,0
11b0c8db-8c54-52fb-ad0c-c60b1c473fae,Mitti - Songs Of The Soil,2002,"Hindi, Non Film",Sandeep Chowta,Traditional,Sony BMG,0
2b5c4a36-3f73-5afd-befa-a2850d576ba9,Mohabbat Ho Gayi,2002,"Hindi, Non Film",,,Venus,0
fe2dac83-64ad-5bac-bb9f-ae034258f256,Mujhse Dosti Karoge,2002,"Hindi, Film","Rahul Sharma, Various artists","Anand Bakshi, Various artists",YRF Music,3.0
0123b55c-5bda-5a44-a045-163f7466f754,Music Of The Himalayas,2002,"Instrumental, Non Film",,,Real World,0
59621863-e058-56ac-9078-7beae19923e4,Muskaan,2002,"Hindi, Non Film",Pankaj Udhas,"Qaiser-Ul-Jafri, Naseem Akhtar - I, Shevan Bijnori, Mohammad Alvi, Waseem Barelvi, Anjum Rehbar, Zafar Gorakhpuri",T-Series,0
7f92e9a8-d9a7-588d-8f1f-c9fc051f0b4f,Na Tum Jaano Na Hum,2002,"Hindi, Film",Rajesh Roshan,Anand Bakshi,Saregama,3.0
b8aa30f7-231a-5866-b0bb-28bdb906c658,Om Jai Jagadish,2002,"Hindi, Film",Anu Malik,Sameer,Saregama,0
bdbc3527-a963-55b3-94a9-bd3af434661f,Patli Kamar,2002,"Hindi, Non Film",,,Sony BMG,0
5b026385-2ee8-56f8-8838-a7be6959000b,Pitaah,2002,"Hindi, Film",Anand Raj Anand,"Praveen Bharadwaj, Shri Desai",Universal,0
05f8acf8-2cb3-5b83-97cd-9a0977d56abd,Pyaar Diwana Hota Hai,2002,"Hindi, Film",Uttam Singh,Anand Bakshi,Universal,0
68266721-afc0-5efe-93e8-e4578fb0b99e,Pyaar Kiya Nahin Jaata,2002,"Hindi, Film","Anand Raj Anand, Milind Sagar","Praveen Bhardwaj, Anand Raj Anand, Shyam Anuragi, V.K. Mehta",Saregama,0
a4644784-7ecf-5516-9a71-4cdcb7280a19,Pyaasa,2002,"Hindi, Film","Sanjeev - Darshan, Nikhil - Vinay, Daboo Malik, Anand Raj Anand","Faaiz Anwar, Praveen Bharadwaj, Dev Kohli, Narendra Bedi",T-Series,0
a67f12c7-074f-52a7-b58f-69cd7c7e3f28,Pyar Ki Dhun,2002,"Hindi, Film",Shantanu Moitra,Javed Akhtar,Saregama,3.0
eea06042-2785-5f05-b362-c19a9b89d20a,Qaidi,2002,"Hindi, Film",Bappi Lahiri,Anwar Sagar,H.M.V.,0
6bfea7d6-230b-57d5-83c1-7b8aaa250a3c,Raaz,2002,"Hindi, Film",Nadeem - Shravan,Sameer,Tips,0
5742176e-dec1-56aa-9e80-213205528da7,Rabindra Sudha,2002,"Hindi, Non Film",,,Saregama,0
63defdf9-0735-5549-8ce5-9ed866ac7432,Redesign: Realize Remixed,2002,"Instrumental, Non Film","Karsh Kale, Vishal Vaid, Ustad Sultan Khan, Shahid Siddiqui, Gaurav Raina",,Times,0
3c2017e0-5216-548f-be6c-219712e67c2d,Remembrance,2002,"Hindi, Non Film",,,Universal,0
e2111b8d-b6cb-52e0-a75c-71b5d1b6bc82,Reshma Aur Sultaan,2002,"Hindi, Film",Abhi - Raj,,,0
2c3f43d6-97bf-537f-bbc8-4489c7cf6821,Rishtey,2002,"Hindi, Film",Sanjeev - Darshan,Abbas Katka,T-Series,0
b3df4a75-2aed-546e-86b9-ddf1a20ead10,Road,2002,"Hindi, Film","Sandesh Shandilya, Amar Mohile, Nitin Raikwar","Khilesh Sharma, Makrand Deshpande, Jaideep Sahni, Tabish Romani, Nitin Raikwar",Universal,3.0
f0f50a3c-87a7-5635-8924-bc40401296eb,Roshni,2002,"Hindi, Film",Anand - Milind,Ibrahim Ashq,Tips,0
3b073924-c2a1-566f-a50d-3af38a315a91,Rukhsaar,2002,"Hindi, Non Film",Ali - Gani,Mir Taqi Mir,Universal,0
accd64fd-bf8c-54e6-86d7-3779c4fe1dc0,Saathiya,2002,"Hindi, Film",A.R. Rahman,Gulzar,YRF Music,4.33
e37bffca-5a78-5ca1-838b-b03f7fc10a37,Sabse Badhkar Hum,2002,"Hindi, Film","Anu Malik, Babul Bose","Dev Kohli, Nawab Arzoo",Universal,0
49bcd755-91c9-5f2c-a669-72055e70aa0f,Samvedna,2002,"Hindi, Non Film",,Atal Bihari Vajpayee,Saregama,0
22313dd3-1011-5cb6-aca2-169603fd4c7b,Shaheed Bhagat Singh,2002,"Hindi, Film",Jaidev Kumar,"Naqsh Layalpuri, Bismil Azimabadi",Venus,0
4b7aa945-99ad-5471-827b-ac7319a0b726,Shaheed-E-Azam,2002,"Hindi, Film","Sardool Sikander, Maqbool Khan - I, Sabar Ali","Baba Bulleh Shah, S.M. Sadiq, Khwaja Parvez, Bhagat Singh, Traditional",Catrack,0
3a25804f-2dab-5ecc-8f12-081cb447722d,Shakti - The Power,2002,"Hindi, Film","Ismail Darbar, Anu Malik","Mehboob Kotwal, Sameer",Tips,0
4e9530b6-1ce5-5bf2-8965-5263dd1486af,Shararat,2002,"Hindi, Film",Sajid - Wajid,"Sameer, Muztar Khairabadi",Tips,0
5fc13fe4-3536-5ac8-b8fa-362ea12bd4a0,Soch,2002,"Hindi, Film",Jatin - Lalit,Sameer,Universal,0
c4c617d4-8f52-5252-8609-cdf46f64cfae,Sur,2002,"Hindi, Film",M.M. Kreem,"Nida Fazli, Traditional",Universal,4.0
7a0c2f55-c5e5-513e-8807-8805529a9ec6,Swaraj (The Little Republic),2002,"Hindi, Film",Indian Ocean,Kabir,Kosmic Music,0
e7990750-98de-5c4d-a9f5-eb0303d7e883,Tera Chehra,2002,"Hindi, Non Film",Adnan Sami,Sameer,T-Series,4.0
aa89bf5e-ee1b-5317-a095-97920bfb64c0,The Confluence - Santoor & Piano,2002,"Instrumental, Non Film",,,EMI,0
b8025966-c327-5a0e-b168-24d0be7ff86b,The Legend Of Bhagat Singh,2002,"Hindi, Film",A.R. Rahman,"Sameer, Bismil Azimabadi, Traditional",Tips,4.33
12034877-8558-5d21-8465-b736eda08378,Tu Meri Jaan,2002,"Hindi, Non Film",Ruchir,Ruchir,T-Series,0
9e15fd5d-5481-55a8-b444-fcb9508238a7,Tum Jiyo Hazaron Saal,2002,"Hindi, Film",Jatin - Lalit,"Vinoo Mahendra, K.K. Verma, Gauhar Kanpuri, Dev Kohli, Roshan Nanda",Padmini Music,0
f884045b-6414-5205-8619-5ae032ff7ff5,Tum Se Achcha Kaun Hai,2002,"Hindi, Film",Nadeem - Shravan,Sameer,Venus,0
c05cf5ab-3734-59b5-9003-dd9b986e03a2,Tum Yaad Na Aaya Karo,2002,"Hindi, Non Film",Ram Shankar,"Ibrahim 'Ashk', Manoj Muntashir, Arun Bhairav, Sajid Ajmeri",Venus,0
a63bac3b-e819-56e3-9eb2-fef0a960bcfe,Tumko Naa Bhool Payenge,2002,"Hindi, Film","Daboo Malik, Sajid - Wajid","Salim Bijnori, Jalees - Rashid, Sudhakar Sharma",T-Series,0
7253146c-0491-5f55-84aa-fe248661b647,Vadh,2002,"Hindi, Film",Vishal - Shekhar,"Vishal Dadlani, Nida Fazli",Universal,3.0
80217490-6c12-57d5-b1ed-063d8cbe6be3,Viva,2002,"Hindi, Non Film",,Javed Akhtar,Times,3.5
348fc252-8e1a-5b16-a08a-54ac545420d5,Waah Tera Kya Kehna,2002,"Hindi, Film",Jatin - Lalit,Sameer,Universal,0
f6174daf-3eab-5233-aaf3-768ee246f4a1,Yeh Bhi Woh Bhi,2002,"Hindi, Non Film",Leslie Lewis,,Universal,0
9a22aa0b-e03c-5e77-9aa3-58cb53bab13d,Yeh Dil,2002,"Hindi, Film",Nadeem - Shravan,Sameer,Tips,0
c496fdd3-166e-5d39-b854-9aa94badb713,Yeh Dil Aashiqanaa,2002,"Hindi, Film",Nadeem - Shravan,Sameer,Tips,3.0
a05dd6db-1d05-53c3-bcb1-271d3d1baa13,Yeh Hai Jalwa,2002,"Hindi, Film",Himesh Reshammiya,"Sudhakar Sharma, Dev Kohli",Universal,3.0
12ba768a-84b3-5338-afdd-df2550f41b79,Yeh Kaisi Mohabbat,2002,"Hindi, Film",Sandeep Chowta,Nitin Raikwar,Polygram,0
2157e386-596f-52e8-b5ff-861ca7339732,Yeh Kisne Jadoo Kiya,2002,"Hindi, Non Film",Lalit Sen,Nida Fazli,Universal,0
ea985d35-2329-580d-9496-625e2c8925db,Yeh Kya Ho Raha Hai?,2002,"Hindi, Film",Shankar - Ehsaan - Loy,Javed Akhtar,T-Series,0
478b2180-1993-5220-93d5-0f08086c6bce,Yeh Mohabbat Hai,2002,"Hindi, Film",Anand Raj Anand,Dev Kohli,Saregama,0
306967f0-7e6b-5872-afa4-29de4a32e3fa,Zindagi Khoobsoorat Hai,2002,"Hindi, Film",Anand Raj Anand,Anand Raj Anand,Moviebox,3.0
6d3dffe8-7730-58b7-a6b7-55d1e60f912c,88 Antop Hill,2003,"Hindi, Film",Rajesh Roy,"Ravi Basnet, Ehsaan, Rajesh Roy",,0
8e6011d7-d521-5eb3-9e84-1ca8e8fa4ea7,Aanch,2003,"Hindi, Film",Sanjeev - Darshan,"Afsar, Mithilesh Sinha, Poojashree, Sudhakar Sharma, Abbas Katka",Universal,0
6d7ec50d-3cbc-53b1-8f2d-dc75e1154d11,Aapko Pehle Bhi Kahin Dekha Hai,2003,"Hindi, Film",Nikhil - Vinay,"Sameer, Anand Bakshi, Rajan Raj, Nitin Raikwar",T-Series,0
a57c911b-5904-5da9-8b06-88a63d31a97f,Afsana,2003,"Hindi, Non Film","Pankaj Udhas, Laxmikant - Pyarelal",Anand Bakshi,Universal,0
cc6628fa-a403-5a05-8692-f9ceaf99ada5,Aisa Kyon,2003,"Hindi, Film",Raamlaxman,Dev Kohli,Polygram,0
100164b7-3961-5364-ac35-e3d804488c98,Aman Ke Farishtey,2003,"Hindi, Film",Bappi Lahiri,Sohan Bhatiya,Tips,0
d91649e3-d372-532f-a59d-928015287b4e,Andaaz,2003,"Hindi, Film",Nadeem - Shravan,Sameer,Shree Krishna Audio,0
3d1ead8b-aff8-5864-b1d7-f4fcff6f035f,Armaan,2003,"Hindi, Film",Shankar - Ehsaan - Loy,Javed Akhtar,T-Series,3.8
e99cbfe1-c0de-50e4-bc62-989db11e9458,Baaz: A Bird in Danger,2003,"Hindi, Film",Ismail Darbar,Mehboob Kotwal,Crescendo Music,0
d775c59a-fecf-53da-947d-7f84b56d2b19,Baghban,2003,"Hindi, Film",Aadesh Shrivastava,Sameer,T-Series,0
90e3f353-48e9-5e45-8653-bf26230b8c68,Banana Brothers,2003,"Hindi, Film",Jaidev Kumar,"Sameer, Babu Singh Mann",Nupur Audio,0
000c38d0-9ea1-5d3d-b847-f61b7953903e,Bas Yun Hi,2003,"Hindi, Film",Rajeev - Merlin,Subhu,Sony BMG,0
2e52140c-b4e3-5065-9b43-4683d80c9ab1,Basti,2003,"Hindi, Film",Milind Sagar,"Sudhakar Sharma, Anwar Sagar",Venus,0
2cd42264-f6d0-59bd-a195-bff470e576c7,Bhoot,2003,"Hindi, Film","Amar Mohile, Salim - Sulaiman, Bapi - Tutul, Anand Raj Anand","Jaideep Sahni, Lalit Marathe, Amar Mohile, Sandeep Nath, Mahathi Prakash, Praveen Bharadwaj",T-Series,0
f7f9cd2b-6c7a-5256-bcf5-c4c05a3d400e,Border Hindustan Ka,2003,"Hindi, Film",Dilip Harikishan,Tahir Ambalvi,Venus,0
15eb9d91-2af7-53a8-94b5-874e09f809d3,Calcutta Mail,2003,"Hindi, Film","Viju Shah, Anand Raj Anand","Javed Akhtar, Mehboob Kotwal",Zee Records,0
ba43fa5c-c900-5a5f-88cd-4e83b7875bf5,Chaal Baaz,2003,"Hindi, Film",Durga - Natraj,Vinay Bihari,T-Series,0
aeff2d2e-9098-5bfc-8186-facc0e87c04c,Chalte Chalte,2003,"Hindi, Film","Jatin - Lalit, Aadesh Shrivastava","Javed Akhtar, Babbu Maan, Pappu Dhillon",T-Series,4.5
9f8fa042-c0ba-57c8-b87a-710d0c1c657a,Chameli,2003,"Hindi, Film",Sandesh Shandilya,"Irshad Kamil, R.N. Dubey",T-Series,5.0
291d81f4-a734-59b6-b7fa-da784b3f3b67,Chandnii Raat,2003,"Hindi, Non Film",Vijay Batalvi,"Shyam Anuragi, Ibrahim Ashq, Vijay Batalvi, Naqsh Lyallpuri",Worldwide Records,0
eaa90d9e-2f11-5d00-81b7-a9ba6ca6180b,Chappan Chhuri,2003,"Hindi, Non Film",Ila Arun,Ila Arun,Saregama,0
4773b9f8-883f-534a-aab7-22651d98c085,Chori Chori,2003,"Hindi, Film",Sajid - Wajid,"Anand Bakshi, Amir Khusro, Sabri Brothers",Universal,0
9267f210-53d7-597f-9348-1a1f68af13ed,Chota Jadugar,2003,"Hindi, Film","Sharreth, Jagan - I",Sudhakar Sharma,,0
af70f2cb-922a-5c96-b686-1ff824c8d8eb,Chupke Se,2003,"Hindi, Film",Vishal Bhardwaj,Gulzar,Saregama,3.5
af87ef2d-9202-501b-bb64-d8b073894764,Close To My Heart,2003,"Hindi, Non Film","S.D. Burman, Laxmikant - Pyarelal, Salil Chowdhury, Anil Biswas, Nashad, Shankar - Jaikishan, Hemant Kumar","Sahir Ludhianvi, Santosh Anand, Yogesh Gaud, Prem Dhawan, Khumar Barabankvi, Kaifi Azmi, Hasrat Jaipuri",Saregama,0
c231338c-a2b5-5b36-9e95-e99cfdfaf355,Dhaani,2003,"Hindi, Non Film",Bilal Maqsood,"Anwar Maqsood, Zehra Nigah",Sony BMG,4.0
770fdaa8-7d1a-57b3-bfd8-188f5ab6f48a,Dhoop,2003,"Hindi, Film",Lalit Sen,Nida Fazli,Universal,3.67
067f8c9d-ce65-5929-aa71-dd914d6cca06,Dhund : The Fog,2003,"Hindi, Film",Viju Shah,"Ibrahim Ashq, Chandrashekhar Rajit, Rakesh Mishra",Saregama,3.0
e8132d84-15c3-5400-8dc2-29feae1408ec,Dil Ka Rishta,2003,"Hindi, Film",Nadeem - Shravan,Sameer,Tips,0
1a2411fc-f161-5087-bcf3-b6858d783dea,Dil Pardesi Ho Gayaa,2003,"Hindi, Film",Usha Khanna,Saawan Kumar Tak,BMG Crescendo,0
2da2ce25-db59-50cb-816e-4b335d0594b7,Diva - Asha In a Different Mood - Vol 1,2003,"Hindi, Non Film","Jaidev, Ghulam Ali, R.D. Burman, Nazar Hussain","Fani Badayuni, Nasir Kazmi, Gulzar, Razi Tirmazi, Mirza Ghalib, Jigar Moradabadi, Saleem Gilani, Saghar Siddiqui, Faiz Ahmed Faiz",Saregama,0
9f64ea80-69a9-5170-be57-1a1614929da9,Diva - Asha In a Different Mood - Vol 2,2003,"Hindi, Non Film","Ghulam Ali, Nazar Hussain, R.D. Burman, Mohsin Raza","Manzoor Ahmer, Zia Jalandhari, Shehzad Jalundhari, Gulzar, Ahmad Faraz, Nasir Kazmi, Shabih Abbas",Saregama,3.0
be22e8fd-9d86-5775-a372-98b813462a11,Dum,2003,"Hindi, Film",Sandeep Chowta,"Sameer, Abbas Tyrewala, Nitin Raikwar",Sony BMG,0
2b962cd9-8c0b-5281-8a66-29a91695185f,Ek Alag Mausam,2003,"Hindi, Film","Ravi, Nalin Dave, Mohini Singh, Gautam Sharma - I","Kaifi Azmi, Sushma Ahuja, Jaswanth Badhwani, Ali Baba",Times,0
5364d70c-c7e1-56eb-a66f-5d445226f06a,Ek Aur Ek Gyarah,2003,"Hindi, Film",Shankar - Ehsaan - Loy,Sameer,Tips,0
208dd71f-e6f4-5237-ac13-cfaea57bfbca,Ek Dard Sabhi Ko Hota Hai,2003,"Hindi, Non Film","Vaishnav Deva, Altaf Raja","K. Shravan Sinha, Arun Bhairav, Mumtaz Sajid, Zaheer Alam, Munawwar Rana",Venus,0
abba03cc-c622-52e1-b07a-73e45b1d9f73,Escape From Taliban,2003,"Hindi, Film",Vanraj Bhatia,Mehboob Kotwal,BMG Crescendo,0
2f4d3eff-d463-5ddd-a2f8-797836a69c8b,Footpath,2003,"Hindi, Film","Nadeem - Shravan, Himesh Reshammiya","Sameer, Praveen Bhardwaj",Tips,0
18ece8f1-8b5e-590a-a232-fa915d2cee60,For The First Time,2003,"Hindi, Non Film",Raghav Sachar,,Saregama,0
94bf8585-9b47-53ea-b18b-0dd86cbc779f,Freaky Chakra,2003,"Hindi, Film",Ouseppachan,"Shiven Surendranath, Roohi Dixit, Shormistha Mukherjee, Kavitha Paul",Times,4.0
070b6ac1-1502-56ca-909c-b5e985819f25,Gangaajal,2003,"Hindi, Film",Sandesh Shandilya,Akhilesh Sharma,BMG Crescendo,0
ce78854f-53a4-52c6-8f6c-1c65ac03f0ef,Gully,2003,"Hindi, Non Film","Palash Sen, D.J. Bhaduri, Chris, Arjun Sen","Palash Sen, Dahlia, Deekshant Sherawat, Arjun Sen, D.J. Bhaduri, Neeraj - II",T-Series,0
ba0fe629-f3b2-5759-96a1-090739b5c549,Haasil,2003,"Hindi, Film",Jatin - Lalit,"Israr Ansari, Kausar Pandey, Vinoo Mahendra, Satyaprakash, Devmani Pandey",Times,3.67
c312ff18-4737-5980-b88d-a647da287c73,Hawayein,2003,"Hindi, Film",Babbu Maan,Babbu Maan,T-Series,0
73e0a846-d343-51e0-bdb7-369d0d78b47f,Hungama,2003,"Hindi, Film",Nadeem - Shravan,Sameer,Venus,0
784c5ef4-3498-5f4a-9bd7-c8094f148da3,Huqa Pani,2003,"Hindi, Non Film",Ali Zafar,Ali Zafar,Universal,0
c72bd943-aea7-52df-a4e5-9ee2a4f6d3e5,I - Proud To Be An Indian,2003,"Hindi, Film","Daboo Malik, K.C. Loy","K.C. Loy, Jay Verma, Daboo Malik, Harcharan Dhillon, Kunwar Juneja, Deepali Deep",T-Series,0
92f69492-4c7c-545f-bdea-b841c8996ed4,Inteha,2003,"Hindi, Film",Anu Malik,"Praveen Bharadwaj, Dev Kohli, Rahat Indori",T-Series,3.0
c4fc696b-5c8b-53cf-80c2-070c9540ea7e,Ishq Vishk,2003,"Hindi, Film",Anu Malik,Sameer,Tips,0
0938d2a9-331f-5aef-8923-af2b41902a4f,Jajantram Mamantram,2003,"Hindi, Film",Three Brothers And A Violin,Nitin Raikwar,Times,0
66c99e41-cb0e-5b1c-b246-59fb917a92fb,Janasheen,2003,"Hindi, Film","Channi Singh, Mrinal Sampat, Biddu, Anand Raj Anand, Sukhwinder Singh","Nasir Kazmi, Ijaz Ahmed Ijaz, Timon Singh, Dev Kohli, Ibrahim Ashq, Tejpal Kaur, Praveen Bharadwaj",T-Series,0
77c00f20-68af-55ac-a020-1fabe0c26b08,Jhankaar Beats,2003,"Hindi, Film","Vishal - Shekhar, R.D. Burman","Vishal Dadlani, Majrooh Sultanpuri",EMI,3.67
7e81135c-2e17-52d4-bfb1-a22c0c63f965,Jhini,2003,"Hindi, Non Film",,"Kabir, Amita Baviskar, Sanjeev Sharma, Traditional",Kosmic Music,0
42711160-acdc-5fca-9bd5-9383fe9b6aaa,Jism,2003,"Hindi, Film",M.M. Kreem,"Sayeed Quadri, Neelesh Misra",Saregama,4.8
44cdfd34-1225-57c1-a305-eeb23ceb1a70,Jodi Kya Banayi Wah Wah Ramji,2003,"Hindi, Film",Anand Raj Anand,Dev Kohli,Times,0
969db4b9-408d-59c2-b72f-a96abd23a729,Joggers' Park,2003,"Hindi, Film","Tabun Sutradhar, Anil Biswas","Zameer Kazmi, Safdar Aah, Sameer, Usha Uthup, Subhash Ghai",Tips,3.0
03cebcd9-9cf2-5302-9afd-2a56291fc47b,Kabhi To Nazar Milao,2003,"Hindi, Non Film",Adnan Sami,Riaz-Ur-Rehman Saghar,Magnasound,0
9be02bda-a634-5ef4-b2e5-66d9d3946b1a,Kal Ho Naa Ho,2003,"Hindi, Film",Shankar - Ehsaan - Loy,Javed Akhtar,Sony Music,4.67
8f56b0db-8733-5631-a2b8-a85e11eea20f,Kash...Aap Hamare Hote,2003,"Hindi, Film",Aadesh Shrivastava,"Sameer, Praveen Bharadwaj",T-Series,0
73e9d648-84d8-5034-affa-2b15cfae3fd1,Khanjar: The Knife,2003,"Hindi, Film",Amar - Utpal,Anand Bakshi,Times Music,0
a52d32f7-29f0-523a-91f9-ad652e53c281,Khel,2003,"Hindi, Film","Dude's Music Company, Baboo Mann, Daboo Malik","Salim Bijnori, Faaiz Anwar, Baboo Mann, Rahul B. Seth, Praveen Bhardwaj",Times,0
33379f29-6794-5a06-b7ee-78bf2eaa9f02,Khushi,2003,"Hindi, Film",Anu Malik,Sameer,Tips,0
4752e217-787d-59ac-abc3-b500d5cb525d,Khushnuma,2003,"Hindi, Non Film",Talat Aziz,Nusrat Badr,Universal,0
91fe0340-da27-53a7-ada1-f7b547cc768e,Khwahish,2003,"Hindi, Film",Milind Sagar,Faaiz Anwar,BMG Crescendo,0
9f764d12-c757-53a3-b8bd-5701a07ce9fe,Kisson Ki Chadar,2003,"Hindi, Non Film",Shantanu Moitra,Nivedita Joshi,Saregama,0
a71b3f04-3660-535d-aaef-1713a0ac4e4e,Koi Hai,2003,"Hindi, Film",Dilip Sen - Sameer Sen,"Nawab Arzoo, Asad Ajmeri, Jaffer Sagar, Prashant - IV",Catrack,0
5400aeea-3579-55c4-ba94-48c0ba9f96fe,Koi... Mil Gaya,2003,"Hindi, Film",Rajesh Roshan,"Nasir Faraaz, Dev Kohli, Ibrahim Ashq",Saregama,0
59c3d29f-4e39-595e-911d-deea034dd4e0,Kucch To Hai,2003,"Hindi, Film",Anu Malik,Sameer,T-Series,0
23b45498-b891-50a3-9b58-ad78636109c2,Kuch Naa Kaho,2003,"Hindi, Film",Shankar - Ehsaan - Loy,Javed Akhtar,Saregama,3.0
fed626d3-45a5-5ccf-bd38-1da7e075ea48,Kuchh Kaho Yaar Tum,2003,"Hindi, Non Film",Rajendra Prasanna,B.N. Sharma - II,T-Series,0
fdf977bf-a804-5f45-9bf6-2439f0ab09f5,Kyon?,2003,"Hindi, Film",Bhupen Hazarika,Prasoon Joshi,BMG Crescendo,0
e55caa66-6780-5b84-b4e8-d796c4348ccf,LOC Kargil,2003,"Hindi, Film",Anu Malik,Javed Akhtar,Saregama,0
900ef323-38f0-5454-b3f2-6902d3a2bda4,Liberation,2003,"Instrumental, Non Film",,,Six Degrees Records,0
8f3d8462-85bd-520c-a946-752730f6ed5a,Maa Santoshi Maa,2003,"Hindi, Film",Vishwajit,Abhilash,T-Series,0
6152b5de-5cf4-54f7-8844-1b447dd5d15c,Main Prem Ki Diwani Hoon,2003,"Hindi, Film",Anu Malik,"Dev Kohli, Traditional",Rajshri Music,0
a25f55f7-abb8-5375-a0e6-27a7b1ccfb37,Market,2003,"Hindi, Film",Altaf Raja,"Arun Bhairav, Khurshid Hallauri",Venus,0
0f63bf39-9e59-57b8-817c-e4e4f453b37a,Miss India,2003,"Hindi, Film",Anand - Milind,"Rashid Lakhnavi, Ibrahim Ashq, Kumaar",Nupur Audio,0
b27f6ff1-26f0-5e95-a556-f48ad9f7011b,Mission Mumbai,2003,"Hindi, Film","Dilip Sen - Sameer Sen, Abhishek Ray, Shabbir Ahmed","Jaffer Sagar, Aslam Sani, Abhishek Ray, Shabbir Ahmed",Venus,0
7d90b931-dd1a-5058-8952-921e0cb3b811,Mumbai Matinee,2003,"Hindi, Film","Anand Raaj Anand, Bappi Lahiri, Farhad Wadia","Dev Kohli, Farhad Wadia, Milap Zaveri",Times,0
d4ae01fa-ef45-538f-959c-8e86886c3236,Mumbai Se Aaya Mera Dost,2003,"Hindi, Film","Anu Malik, Amar Mohile",Sameer,Sony Music,0
23e88976-a9e4-538d-a7a7-6f6bced54eb6,Munna Bhai M.B.B.S.,2003,"Hindi, Film",Anu Malik,"Abbas Tyrewala, Rahat Indori, Joi Barua, Farhad - I",Universal,3.0
2b9019e4-029e-5dd4-8cc7-08a3f68f1ccf,Nayee Padosan,2003,"Hindi, Film",Shankar - Ehsaan - Loy,Sameer,Saregama,0
7e40a003-00e1-56f3-b178-5a331cd1443e,Nine Volume 9,2003,"Hindi, Non Film",Shankar Mahadevan,Javed Akhtar,Saregama,0
7166c5e9-0d9d-5b5d-919a-fe9d3fa94c22,Now And Then,2003,"Hindi, Non Film",Lalit Sen,"Sameer, Lalit Sen, Nida Fazli, Mehboob, Tauqeer Zaidi",Universal,0
eb49048e-a9e9-5924-b144-f3003d30be35,Om,2003,"Hindi, Film",Amar Mohile,Sameer,Crescendo Music,0
607ee7ed-23a5-5b1e-bafd-b51216ef730e,Paanch,2003,"Hindi, Film",Vishal Bhardwaj,Abbas Tyrewala,BMG Crescendo,0
39bf9c8a-ff51-5c9d-9332-88d814efea7a,Paap,2003,"Hindi, Film","Music Mushrooms, Anu Malik, Shahi, Ali Azmat","Sayeed Quadri, Amjad Islam Amjad, Sabir Zafar, Ali Azmat",Saregama,4.0
93637b37-3989-52b0-afec-db1d7843b2a0,Parwana,2003,"Hindi, Film",Sanjeev - Darshan,"Sameer, Afsar",Saregama,0
8fd3de82-6038-5cc0-b40a-57891ad6c531,Patth,2003,"Hindi, Film",Nikhil - Vinay,Sameer,,0
68b4bb6e-3269-5e37-ab07-954d63ee33d0,Pinjar,2003,"Hindi, Film","Uttam Singh, Jagjit Singh","Amrita Pritam, Gulzar, Zehra Nigah",Saregama,0
2ba048b2-901f-5aea-be15-240d6bf6df7b,Pump Up Your Style,2003,"Hindi, Non Film",Baba Sehgal,Baba Sehgal,,0
09a206ad-bcc6-58b4-ad01-b7787d6fa0b5,Pyar Ka Jashn,2003,"Hindi, Non Film",Roop Kumar Rathod,,Saregama,0
906a9539-14fa-57ef-9b4a-e5e19da85638,Qayamat: City Under Threat,2003,"Hindi, Film",Nadeem - Shravan,Sameer,Venus,0
1c201be8-868b-562a-afda-f2ea700224a0,Raghu Romeo,2003,"Hindi, Film",Pritam,"Sanjeev Sharma, Sharat Katariya",Crescendo Music,0
cc7d44e5-1c28-5808-9025-f763c62923ca,Rules - Pyaar Ka Superhit Formula,2003,"Hindi, Film",Sandesh Shandilya,"Subrat Sinha, R.N. Dubey",Universal,3.0
e156bacc-07d6-5874-a421-3acbb0709967,SSSShhh...,2003,"Hindi, Film",Anu Malik,"Praveen Bharadwaj, Dev Kohli, Yogesh Gaud, Rahat Indori",T-Series,0
520eb117-83b2-5079-b604-fcde06aad918,Saajna,2003,"Hindi, Non Film",DJ Moody,"Shabbir Ahmed, Shashikant Mishra, Yashpal Tanwar, Shweta Shetty",Universal,0
9ddab3f2-27c3-5020-a328-cfa310c07617,Saaya,2003,"Hindi, Film","Anu Malik, M.M. Kreem","Praveen Bharadwaj, Sayeed Quadri, Anand Bakshi",T-Series,3.0
17c87f28-ab5a-571a-ae12-b0e901f52d86,Sang Sang Ho Tum,2003,"Hindi, Non Film",Ajay - Atul,Shyam Anuragi,Sagarika Music,0
0545365e-821d-594e-bd07-001b24f1ac0c,Satta,2003,"Hindi, Film",Raju Singh,Javed Akhtar,BMG Crescendo,3.0
9bef7089-5229-55ed-ac2a-45df216264a5,Sochta Hun,2003,"Hindi, Non Film",Sami - Maroof,Faaiz Anwar,Universal,0
ff46b8e4-456c-59f9-99c2-a216d1a211a0,Supari,2003,"Hindi, Film","Sandesh Shandilya, Vishal - Shekhar","Makrand Deshpande, Javed Akhtar, Vishal Dadlani",Saregama,0
1cc74d16-5c47-557a-b168-5cd486d1c24f,Tada,2003,"Hindi, Film",Dilip Sen - Sameer Sen,"Zaheer Anwar, Sameer, Rani Malik",Sun Audio,0
54865964-9cb3-52db-b816-6cbc249e297c,Taj Mahal - A Monument Of Love,2003,"Hindi, Film",Santosh Nair,"Rahul B. Seth, Rajesh Johri",Saregama,0
536249b7-0ed2-5577-a321-a8d9b39108b4,Talaash: The Hunt Begins,2003,"Hindi, Film",Sanjeev - Darshan,Sameer,Venus,0
52c74bf4-37a4-5e12-b000-40e1c08fe6ce,Tehzeeb,2003,"Hindi, Film",A.R. Rahman,"Blaaze, Javed Akhtar, Shad Azimabadi, Momin Khan Momin, Daagh Dehlvi",T-Series,0
2ce38693-463a-52d7-8e76-703f89a1f69c,Tera Meraa Dil,2003,"Hindi, Non Film",Himesh Reshammiya,Sameer,T-Series,0
200f3bb7-0e0c-5bf7-948e-aa017214ebd4,Tere Bina,2003,"Hindi, Non Film",Saptarishi Abhijeet,Nusrat Badr,T-Series,0
e3acd131-1abb-5cd1-bf74-aca7a9d391d0,Tere Naam,2003,"Hindi, Film","Himesh Reshammiya, Sajid - Wajid","Sameer, Jalees Sherwani",T-Series,3.0
e26b7100-6083-5714-b5ff-0e59bb6f4035,Tumse Milke.... Wrong Number,2003,"Hindi, Film",Daboo Malik,"Praveen Bharadwaj, Sanjay Chhel",T-Series,0
75c1722f-8334-5830-8b0e-672f48135abc,Viva Reloaded,2003,"Hindi, Non Film","R.D. Burman, S.D. Burman","Majrooh Sultanpuri, Javed Akhtar, Sahir Ludhianvi",Times,0
6e53d56d-0998-5570-88cc-d70b413e78ae,Waisa Bhi Hota Hai - Part II,2003,"Hindi, Film","Vishal - Shekhar, Abhinay Dhar, Saibal Basu, Shibani Kashyap","Virag Mishra, Abhinay Dhar, Sadaqat Hussain, Vishal Dadlani",Zee Music Company,0
bcd16a9b-b402-5b11-aab7-cf06972aa486,Woh Tera Naam Tha,2003,"Hindi, Film","Traditional, Roop Kumar Rathod, Dilip Sen - Sameer Sen, Sumeet Chopra","Traditional, Nida Fazli, Shakeel Azmi, Shahid Hamdani, Qateel Shifai, Rani Malik",Saregama,3.0
95c56802-5825-54fd-9270-4a029c6ee7bb,Xcuse Me,2003,"Hindi, Film",Sanjeev - Darshan,Abbas Katka,Saregama,0
1de26307-fe3b-5aae-ac17-863e09ce01de,Zameen,2003,"Hindi, Film",Himesh Reshammiya,Sameer,T-Series,0
d0914b4a-c454-516d-bcd6-ea84d51f4474,Zinda Dil,2003,"Hindi, Film",Nadeem - Shravan,Sameer,Saregama,0
536515da-b4e5-543c-b88b-2e9af0739407,99.9 FM,2004,"Hindi, Film","Blaaze, Traditional, Piyush Kanojia","Blaaze, Traditional, Amitabh Verma",EMI,0
a32d4a42-ef5f-5b66-8d52-8095f08d9cbd,AK-47,2004,"Hindi, Film",Sajid - Wajid,Jalees Sherwani,Venus,0
94a2bf90-93d0-5ba9-a96b-dbdccba8f6f9,Aabra Ka Daabra,2004,"Hindi, Film","Raju Rao, Himesh Reshammiya",Sameer,Music Today,0
33923c75-7148-5be8-b7c6-fe80e63c0679,Aan: Men At Work,2004,"Hindi, Film",Anu Malik,"Sameer, Tejpal Kaur, Dev Kohli",T-Series,0
8b79c46e-7134-5c06-b1fe-023eea6c29b8,Ab Bas,2004,"Hindi, Film",Daboo Malik,Sameer,T-Series,0
342705ad-6e66-5671-bbaf-79cf966b1d01,Ab Tumhare Hawale Watan Sathiyo,2004,"Hindi, Film",Anu Malik,Sameer,T-Series,3.0
b3b7e8a9-9df8-5d04-b476-51a9f4856bd2,Aetbaar,2004,"Hindi, Film",Rajesh Roshan,"Dev Kohli, Ibrahim Ashq, Chandrashekhar Rajit, Maya Govind, Nasir Faraaz",Sony Music,0
084104a6-1ab5-5485-a223-056c798a3385,Agni Pankh,2004,"Hindi, Film",Pritam,"Sandeep Nath, Ravi Basnet",Das Music,0
e0ef120b-6543-5df6-8ee1-723efbd18508,Aitraaz,2004,"Hindi, Film",Himesh Reshammiya,Sameer,Tips,0
4ba1c48e-0f14-5062-b8e6-d9a4f556c19e,Aksar,2004,"Hindi, Non Film",Shaan,Shaan,Virgin,3.0
aa46f8dc-a145-585a-975e-49661d08f7a6,Apna Sangeet,2004,"Hindi, Non Film",,,T-Series,0
3d4b35e8-9784-5f14-98a2-13b04f923228,Asambhav,2004,"Hindi, Film",Viju Shah,Sameer,Tips,0
aea7b959-fa85-514e-89fc-127ed6f743a3,Asha Wali Dhoop,2004,"Hindi, Non Film",Taufiq Qureshi,Prasoon Joshi,,0
8818a19d-1b84-551b-a802-70074a4f54c0,Athens,2004,"Hindi, Non Film",L. Subramaniam,Gulzar,Music Today,0
ce65f150-d86e-5dc5-a7d7-28b237e32287,Bardaasht,2004,"Hindi, Film",Himesh Reshammiya,Sameer,Saregama,0
7b522867-c405-5fe0-a6f7-f95dc0eff0a6,Bewafaai,2004,"Hindi, Non Film",Nikhil - Vinay,"Asad Ajmeri, Praveen Bharadwaj",T-Series,0
7d5b8d80-7a53-5e99-9081-c623998437a9,Blazing Drums,2004,"Instrumental, Non Film",,,Times,0
96375d76-c7dd-50df-9c05-f723e0d17890,Broken Rhythms,2004,"Hindi, Non Film",,,,0
d14f269e-525a-5ffc-b2e9-a6766fae7439,Bullet: Ek Dhamaka,2004,"Hindi, Film","Anand Raj Anand, Somesh Mathur","Anand Raj Anand, Neha Bhasin",T-Series,0
4cfe2ac5-0059-5e10-be79-2f54d0377267,Chahat,2004,"Hindi, Non Film","Talat Aziz, Jagjit Singh","Nida Fazli, Kaif Bhopali, Akhtar Azad, Naqsh Lyallpuri, Nadeem Parmar",,0
afee0b7c-8fcd-5302-9891-8f4123d9f7b8,Channa Vey,2004,"Hindi, Non Film",Prasad Sashte,,Universal,0
4951f801-be9b-5e48-abd6-05fe431ce00b,Chot,2004,"Hindi, Film","Raju Singh, Bobby Singh",Sudhakar Sharma,Nupur Audio,0
20a5d552-5620-5d2c-92b7-8693c41007e5,Deewaar,2004,"Hindi, Film",Aadesh Shrivastava,"Nusrat Badr, Madan Pal",T-Series,0
a414a9a8-63b5-5bcb-8f8b-946bcd4ba5b0,Dekhiye Kya Mod Leti,2004,"Hindi, Non Film",Pankaj Udhas,Zafar Gorakhpuri,Saregama,0
49c00cdc-619d-523b-be7b-65f1071757b2,Dev,2004,"Hindi, Film",Aadesh Shrivastava,"Nida Fazli, Govind Nihalani",Times,3.0
490f744b-fb8e-5eec-825c-4f6c0fae8004,Dhoom,2004,"Hindi, Film",Pritam,"Sameer, Asif Ali Beg",YRF Music,4.25
faec12cd-b970-5db3-b37a-6713aeb84556,Dil Bechara Pyaar Ka Maara,2004,"Hindi, Film",Nikhil - Vinay,"Rajeshwar Mishra, Praveen Bharadwaj, Rahul B. Seth, Traditional",Universal,0
55626985-c682-590e-8e2b-2e6691a2a464,Dil Maange More,2004,"Hindi, Film",Himesh Reshammiya,Sameer,T-Series,0
84a7ebbf-f01e-5c20-bfa2-6322b7d34653,Dil Ne Jise Apna Kahaa,2004,"Hindi, Film","Himesh Reshammiya, A.R. Rahman","Sameer, Mehboob Kotwal",T-Series,3.0
82f6f5a5-72c0-5b8b-9093-d8fb3a6781ee,Dil Pagal Hai,2004,"Hindi, Non Film",Ali - Gani,"Shyam Anuragi, Vishuraj, Nafees Aalam, Nusrat Badr, Ibrahim Ashq, Zafar Gorakhpuri",T-Series,0
61de9141-601a-50a8-9925-1493ab5ef3fe,Dobara,2004,"Hindi, Film","Anu Malik, Jasbir Jassi","Javed Akhtar, Jasbir Jassi",Times,0
f18ff35d-1827-519a-aa86-ff14d84c2376,Dukaan - The Body Shop,2004,"Hindi, Film",Altaf Raja,Arun Bhairav,Venus,0
53974fd7-1d33-59dc-a820-3800f976fe30,Ek Arzoo,2004,"Hindi, Non Film",Ravi Pawar,Harsh Bhrambhatt,T-Series,0
8158f390-20ed-59f3-8c3c-e2e39ac464ea,Ek Se Badhkar Ek,2004,"Hindi, Film","Anand Raj Anand, Jaidev Kumar, Abbey","Majrooh Sultanpuri, Dev Kohli, Gurbhajan Gill, Abbey",Times,0
2a197794-78cc-5e9a-9e5e-10baf1fa1175,Fida,2004,"Hindi, Film",Anu Malik,Sameer,Tips,0
62898638-1857-5e9c-8eb2-150b28a3a074,Garv - Pride and Honour,2004,"Hindi, Film","Sajid - Wajid, Aadesh Shrivastava, Anu Malik","Jalees Sherwani, Shabbir Ahmed, Maya Govind, Dev Kohli",T-Series,3.0
90e0b131-a714-5a83-9903-2973163d310a,Gayab,2004,"Hindi, Film","Ajay - Atul, Amar Mohile","Tabish Romani, Nitin Raikwar",Times,0
d23d1686-bb88-571a-8c8c-dc10b895217f,Girlfriend,2004,"Hindi, Film",Daboo Malik,"Praveen Bharadwaj, Anwar Sagar",T-Series,0
e26b43d3-6c1b-572c-9a6f-779731cdd1ac,Gumnaam: The Mystery,2004,"Hindi, Film",Nadeem - Shravan,Sameer,Sony Music,0
9e3cf2ed-697a-52e9-94ec-13d045ca9da5,Halki Halki Si Baarish,2004,"Hindi, Non Film",Pankaj Udhas,Prashant Vasl,Saregama,0
689508c3-125f-57cf-a491-61f82a03bd52,Hatya,2004,"Hindi, Film",Nadeem - Shravan,"Hasrat Jaipuri, Rani Malik, Aftab - I, Noor - II",Venus,0
df68465b-1174-575b-9edb-8b9d95713f52,Hawas,2004,"Hindi, Film",Daboo Malik,Praveen Bharadwaj,Venus,0
1be19b14-6713-535e-8fd4-51133420d20c,Hosh - Be Awake,2004,"Hindi, Film","Laxmi - Pawan, A. Farhan","Saher Riyaz, Sudhakar Sharma, Khursheed Hallauri, Chacha Choudhary, Krishna Bharadwaj, Shahab Allahabadi",Shemaroo,0
98ed24b1-d616-50c4-bc2c-af03d9a0c584,Hulchul,2004,"Hindi, Film",Vidyasagar,Sameer,Venus,0
9852edeb-ccd5-5ba5-84b2-4b1e3319bb60,Hum Tum,2004,"Hindi, Film","Jatin - Lalit, Veronica Mehta","Prasoon Joshi, Veronica Mehta, Juggy D",YRF Music,0
6584e742-ea36-5c9b-ab67-17dedacf9667,Insaaf: The Justice,2004,"Hindi, Film",Nikhil - Vinay,Sameer,T-Series,0
cde86e8b-1083-5249-a2ef-f624fea07e36,Inteqam,2004,"Hindi, Film",Anand - Milind,Jalees - Rashid,Time Audio,0
154e63b5-5cb1-51d6-a30d-f4004782a9ad,Ishq Hai Tumse,2004,"Hindi, Film",Himesh Reshammiya,"Sanjay Chhel, Sameer",Sony Music,0
fe3277bb-6fc1-54ed-b253-a02da83d43bc,Ishq Qayamat,2004,"Hindi, Film",Bobby Rehman,Nawab Arzoo,Nupur Audio,0
4f7b949f-ec2a-5538-a07a-eb70e8e0e84e,Jhagde,2004,"Hindi, Non Film","Ishq Bector, Haji Springer, Chirantan Bhatt","Ishq Bector, Haji Springer, Sagar - II, Sonny Ravan, Junaid Wasi, Nitin Gupta",Shemaroo,0
ddecd154-4948-5fe4-b41d-6284d5e43986,Julie,2004,"Hindi, Film",Himesh Reshammiya,Sameer,T-Series,0
ba63055e-6ac2-5d39-a342-9db7414b4379,Kabhi Aisa Lagta Hai,2004,"Hindi, Non Film",Lucky Ali,,T-Series,0
bf49b64e-a0d4-57ce-a96a-b8d77d49f9ee,Kaun Hai Jo Sapno Mein Aaya,2004,"Hindi, Film",Nikhil - Vinay,Sameer,T-Series,0
9fa791b1-fa8c-55f1-bbd0-a6d0878499a7,Khakee,2004,"Hindi, Film",Ram Sampath,Sameer,T-Series,4.0
e306066b-c8f1-5f99-aa85-8171cb339106,King Of Bollywood,2004,"Hindi, Film","Smoke, Ashutosh Phatak, Sanjay Divecha","Sudhakar Sharma, Piyush Jha",,0
61f4a5fb-d643-526f-ae54-193a32118963,Kis Kis Ki Kismat,2004,"Hindi, Film",D. Imman,Farhad - I,Das Music,0
7bdc17f0-3d86-5abe-a1c3-064e6009a6c6,Kismat,2004,"Hindi, Film",Anand Raj Anand,Dev Kohli,T-Series,0
4e1663f1-a053-5d27-b3e4-0d9b8eacd5e5,Kiss Kis Ko,2004,"Hindi, Film","A Band Of Boys, Vikesh Mehta","A Band Of Boys, Karan Oberoi, P.K. Mishra, Sachin Tyagi",T-Series,0
6c7ae0d1-a070-55c4-a7be-f866c9c923e5,Krishna Cottage,2004,"Hindi, Film","Anu Malik, Vishal - Shekhar","Sameer, Sanjay Chhel, Shekhar Ravjiani, Neelesh Misra",Times,0
45155e16-5eec-57cb-a19e-83aadb9b2fd5,Kuchh To Gadbad Hai,2004,"Hindi, Film",Baba Jagirdar,"Jay Babla, S.R. Bharti, Paras Jaiswal",Venus,0
dff3e1c1-012c-5118-a67b-4beb60cb2d7d,Kyun...! Ho Gaya Na,2004,"Hindi, Film",Shankar - Ehsaan - Loy,Javed Akhtar,Tips,3.0
4880992c-979b-5f3d-8825-e49ade94a0c6,Lakeer - Forbidden Lines,2004,"Hindi, Film",A.R. Rahman,Mehboob Kotwal,T-Series,3.0
8344cff8-6564-5028-8639-dd3fa9196c0d,Lakshya,2004,"Hindi, Film",Shankar - Ehsaan - Loy,Javed Akhtar,Sony Music,4.5
571c8dca-51b0-5e78-bda3-24f727363032,Let's Enjoy,2004,"Hindi, Film","Kais, Jayant Luthra, Midival Punditz, Ankur Tewari, Needless To Say, Julius Packiam, Ashvin Mani Sharma, Ghulam Mohammed, Naushad, Papon, Kalyanji - Anandji, Jayant Luthra, Namito, DJ Rummy","Traditional, Ankur Tewari, Rabbi Shergill, Jolly - I, Jasmeet, Majrooh Sultanpuri, Kaifi Azmi, Kaif Bhopali, Papon, Prakash Mehra",Times Music,0
b4ba0b60-4a26-5f0d-92c6-af61c4c9df39,Love In Nepal,2004,"Hindi, Film","Vishal - Shekhar, Nikhil - Vinay, Anu Malik",Sameer,T-Series,0
d3d0eacb-b7e4-517a-8bb8-cfc0e66a4930,Madhoshi,2004,"Hindi, Film",Roop Kumar Rathod,Shakeel Azmi,T-Series,0
e7954fdd-ad7a-5944-9603-cde2807ae946,Maidan-E-Jung,2004,"Hindi, Film",Mani Sharma,Darpan Mathur,Ultra,0
5f360987-3455-579e-b8a3-d51e3f81544f,Main Hoon Na,2004,"Hindi, Film",Anu Malik,Javed Akhtar,T-Series,3.5
7e06feac-1315-5fe9-8097-fa4658cdb09b,Maqbool,2004,"Hindi, Film",Vishal Bhardwaj,Gulzar,Music Today,3.5
c9a420fc-42e5-5eb4-9b84-792848d6f68f,Mashooqa,2004,"Hindi, Non Film",Bappi Lahiri,Sameer,Venus,0
b21ffbfd-3509-5af3-a630-f7c92da3e752,Masti,2004,"Hindi, Film",Anand Raj Anand,Sameer,T-Series,0
ad4bed3a-23fc-5e06-8406-b142da7750ae,Meenaxi: A Tale Of Three Cities,2004,"Hindi, Film",A.R. Rahman,"Sukhwinder Singh, Rahat Indori, M.F. Hussain",Sony Music,4.5
0a370128-3c51-5d7c-a5b8-81e34475ac56,Meri Biwi Ka Jawab Nahin,2004,"Hindi, Film","Laxmikant - Pyarelal, Shyam - Surender","Anand Bakshi, Majrooh Sultanpuri",Venus,0
6f1f2056-a7c4-522e-8f26-ec255e1290e3,Morning Raga,2004,"English, Film","Amit Heri, Purandara Dasa, Muthuswami Dikshitar, Mani Sharma, Muthiah Bhagavatar, Sadasiva Brahmendra, Traditional, Oothukadu Venkata Kavi",,Music Today,0
85114686-4470-5ff5-ade2-5a50302ff96d,Mujhse Shaadi Karogi,2004,"Hindi, Film","Sajid - Wajid, Anu Malik, Arun Bhairav","Jalees Sherwani, Sameer, Arun Bhairav",T-Series,0
1d172f52-8947-5e5e-a70a-94ee02e9b049,Muntazir,2004,"Hindi, Non Film","Vishal - Shekhar, Lalit Sen, K.L. Saigal, Ajit Merchant, Jagjit Singh, Roy Venkataraman","Nida Fazli, Basant Kumar Puri, Hariram Acharya, Anwar Mirza Puri, Jigar Moradabadi",Universal,0
46750cdb-4d34-52e0-aa8a-dd4c20ed05cb,Murder,2004,"Hindi, Film","Anu Malik, Najam Sheraz","Sayeed Quadri, Rahat Indori",Saregama,4.0
ae2ff3b0-774c-5150-bcfb-e4799c3eaf1e,Musafir,2004,"Hindi, Film","Vishal - Shekhar, Anand Raaj Anand","Dev Kohli, Kumaar, Vishal Dadlani, Milap Zaveri",T-Series,0
78728e79-0d90-5945-af70-d3419992cf5b,Muskaan,2004,"Hindi, Film",Nikhil - Vinay,Sameer,T-Series,0
f138a09c-d32a-5589-9516-82dea493c12c,Mysteries Shaque,2004,"Hindi, Film",Ravi Pawar,"Panchhi Jalonvi, Shahab Allahabadi",,0
14c8a190-b969-526b-9da1-167bec5c46ae,Naach,2004,"Hindi, Film","Amar Mohile, Nitin Raikwar, Shailendra Swapnil","Nitin Raikwar, Jaideep Sahni, Tabish Romani, Makrand Deshpande",T-Series,0
5acb11ae-2e4c-5d50-9b67-78c58fc4ab45,Paisa Vasool,2004,"Hindi, Film",Bapi - Tutul,Sandeep Nath,Times,0
4cad4103-b5ce-50b3-84c8-aea28e4018b5,Phir Milenge,2004,"Hindi, Film","Nikhil - Vinay, Shankar - Ehsaan - Loy, Bhavatha Raja","Sameer, Prasoon Joshi",T-Series,4.0
b24ba8ff-305f-522d-b934-23acd89805c8,Plan,2004,"Hindi, Film","Anand Raj Anand, Vishal - Shekhar","Dev Kohli, Kumaar, Praveen Bharadwaj",T-Series,0
fe05797b-ae06-5216-b5cf-2f0affb7f266,Police Force - An Inside Story,2004,"Hindi, Film","Satish - Ajay, Anand - Milind","Nafies Alam, Sameer",Saregama,0
b7c06e8a-6bf5-5a7a-b5af-9d2b4c9c8498,Popcorn Khao Mast Ho Jao,2004,"Hindi, Film",Vishal - Shekhar,Vishal Dadlani,Sony Music,0
e8ff4b62-40a0-582b-a3bc-2ac712ba913f,Pray For India,2004,"Hindi, Non Film",Anil Kant,,Trinity Sounds,0
45d78ce4-93d4-5d84-bd3b-f644c7623537,Rabbi,2004,"Hindi, Non Film",Rabbi Shergill,"Rabbi Shergill, Bulleh Shah, Baba Waris Shah, Shiv Batalvi, Traditional",YRF Music,4.5
8339ae97-fa52-55c8-bdfd-a0231941620e,Raincoat,2004,"Hindi, Film",Debojyoti Mishra,"Rituparno Ghosh, Gulzar",SVF Music,3.5
542945bc-0ece-5e78-b157-9dfc24f32482,Rakht,2004,"Hindi, Film","Naresh Sharma, Anand Raj Anand, Blue, Shamir Tandon, Anand - Milind","Deepak Sneh, Anand Raj Anand, Blue, Shaan, Ajay Jhingran, Salim Bijnori, Sandeep Nath",T-Series,0
9698d55f-a815-5000-8df5-e45e24bc3499,Rok Sako To Rok Lo,2004,"Hindi, Film",Jatin - Lalit,Prasoon Joshi,Saregama,0
5cb8a989-6f87-504c-8c63-a596e76ad4b2,Rudraksh,2004,"Hindi, Film","Shashi Pritam, Vishal - Shekhar, Shankar - Ehsaan - Loy","Mast Ali, Sameer, Arun Bhairav",T-Series,0
5d66f727-e55c-5d10-83ec-4636f03f9082,Run,2004,"Hindi, Film","Himesh Reshammiya, Naresh Sharma","Sameer, Deepak Sneh",Tips,0
41848107-e217-55e3-b2a8-d2340b860082,Shart: The Challenge,2004,"Hindi, Film","Anu Malik, Ramana Gogula","Sameer, Uday Shankar - I",Mayuri Audio,0
2deb787f-e9a1-5ccc-af3c-259f301703cf,Sheen,2004,"Hindi, Film",Nadeem - Shravan,Sameer,Venus,0
a79cb8f5-2595-5f45-8f55-de0ce45bccea,Shikaar,2004,"Hindi, Film",Anand Raj Anand,"Praveen Bharadwaj, Dev Kohli",T-Series,0
ee27dad1-59b6-578a-932e-27226d302e2a,Shukriya,2004,"Hindi, Film","Vishal - Shekhar, Himesh Reshammiya, Devendra - Yogendra, Raju Rao",Sameer,T-Series,0
a75b264f-911e-56ce-b3c0-fc7972493aa7,Stop,2004,"Hindi, Film",Vishal - Shekhar,"Vishal Dadlani, Panchhi Jalonvi, Kumaar",Saregama,0
80ef505a-89db-5add-920c-b5028005d899,Suno Sasurjee,2004,"Hindi, Film",Sanjeev - Darshan,Sameer,Tips,0
f234f08d-ab07-5a52-a05d-096032bd4d27,Swades,2004,"Hindi, Film",A.R. Rahman,Javed Akhtar,T-Series,4.5
9e5a9c6a-2597-5130-945b-1023c8b4d3c5,Taarzan - The Wonder Car,2004,"Hindi, Film",Himesh Reshammiya,Sameer,Baba Music,0
6547e3d7-65d1-53a3-9cb3-efb65643b45d,Tera Mera Pyar,2004,"Hindi, Non Film",Partners In Rhyme,,Sony Music,0
7e85285a-a244-5b21-9c30-2865ab030a5e,Tera Naam Liya To,2004,"Hindi, Non Film",,,Times,0
32e58a16-3201-5e76-b0eb-4366775f3e51,Teri Kasam,2004,"Hindi, Non Film",Adnan Sami,Sameer,T-Series,0
918d0f2a-0d37-5fbf-bf1d-8d3a80986b29,Thoda Tum Badlo Thoda Hum,2004,"Hindi, Film",Amar Mohile,"Nida Fazli, Nitin Raikwar, Ibrahim Ashq",Mayuri Audio,0
7f1b8b9d-2513-5af0-8886-8167daf2dc66,Tum?,2004,"Hindi, Film",Himesh Reshammiya,"Sameer, Kumaar",Venus,0
a54c1d52-e4bb-5b2d-877e-b8965d6fabc9,Tumsa Nahin Dekha,2004,"Hindi, Film",Nadeem - Shravan,Sameer,Saregama,0
89475fac-9e0b-5d50-85ef-ef897ad5c91d,Uuf Kya Jaadoo Mohabbat Hai,2004,"Hindi, Film",Sandesh Shandilya,Mehboob,Sony Music,0
82ab9ab9-c7d8-53a4-9702-43c83d36a92f,Veer Zaara,2004,"Hindi, Film",Madan Mohan,Javed Akhtar,YRF Music,4.67
a782629f-96a7-5c8f-91eb-1e2cfc7aa2c7,Vidyarthi,2004,"Hindi, Film",Anand Raaj Anand,Dev Kohli,,0
9ab773a8-c96d-5c0e-acb2-9ecbb4681c7e,Woh,2004,"Hindi, Film",Anand Raj Anand,Dev Kohli,Times,0
fda2224a-b75f-560e-be5d-9b8d3d73ea2b,Yeh Lamhe Judaai Ke,2004,"Hindi, Film","Nikhil - Vinay, Rajendra Salil","S.R. Bharti, Yogesh Gaud, Rani Malik, Chander - II",Fai Audio,3.0
cdbff1c2-0495-5b13-bd50-95db23d24f85,Yuva,2004,"Hindi, Film",A.R. Rahman,Mehboob Kotwal,Venus,4.5
