album_uuid,album_title,album_year,album_category,album_music_director,album_lyricist,album_label,album_rating
84eda5db-109a-5ed5-b197-7eb29874cb90,24 Carat,2005,"Hindi, Non Film",,,,0
23198fb8-9259-5d06-9fbb-ac716fd74f86,7 1/2 Phere,2005,"Hindi, Film",Shantanu Moitra,"Subrat Sinha, Honey Trehan",Venus,0
865ddea4-a2bb-5bcb-8063-c11e3d116e41,Aapka Abhijeet Sawant,2005,"Hindi, Non Film","Laxmikant - Pyarelal, Biddu, Prempal Hans, Hardeep Sidhu","Anand Bakshi, Sameer, Amit Khanna",Sony BMG,0
60753f37-fb17-532e-8c46-b5226efb71d8,Aashiq Banaya Aapne,2005,"Hindi, Film",Himesh Reshammiya,"Sameer, Mudassar Aziz",T-Series,3.0
85927895-4aa6-5dcd-b23a-ea29208e3547,Aise Na Dekho Mujhe,2005,"Hindi, Non Film",Shibu Pinto,Nusrat Badr,T-Series,0
977c43ce-f840-58c8-94ac-8de7cb17b42c,Anjaan,2005,"Hindi, Film","Viju Shah, Rahul Mehta, Aumkar Gholap","Amitabh Verma, Rahul Mehta, Aumkar Gholap",Das Music,0
4e016f5c-d383-5bba-a6b0-1dbd6bc22d2e,Asha,2005,"Hindi, Non Film","Sohail Rana, Ghulam Ali, Mehdi Hassan, Nisar Bazmi, Jagjit Singh","Faiyyaz Hashmi, Hasrat Mohani, Masroor Anwar, Ahmad Faraz, Ameer Meenai",Saregama,0
7452a3cd-a53c-565a-8a97-52b02ba38250,Bachke Rehna Re Baba,2005,"Hindi, Film",Anu Malik,"Dev Kohli, Anu Malik, Farhad - I, Sayeed Quadri",T-Series,0
76e92dc1-e171-5085-bc1c-064bc1e40b38,Barsaat,2005,"Hindi, Film",Nadeem - Shravan,Sameer,Shree Krishna Audio,0
a14ec7a2-fbc7-528b-a99d-c6b74b3d47dd,Bewafaa,2005,"Hindi, Film",Nadeem - Shravan,Sameer,Tips,0
56165e3a-0242-54c7-98e3-711abf14e251,Bhola In Bollywood,2005,"Hindi, Film",Altamash Khan,"Wajeda Tabassum, Gazi",Crescendo Music,0
475d351d-9dd7-5043-8ba0-df61d262ee26,Black,2005,"Hindi, Film",Monty Sharma,Prasoon Joshi,YRF Music,0
429a6dc0-26e0-5fda-aca1-fefbe845fa3b,Blackmail,2005,"Hindi, Film",Himesh Reshammiya,Sameer,T-Series,0
2df5a20d-8f6b-5c59-9889-51a2cc0d62a1,Bluffmaster!,2005,"Hindi, Film","Trickbaby, Robert Uhlmann, Arash, Sameeruddin, C. Ramchandra, Usha Khanna, Shiv - Hari, Vishal - Shekhar, Basu - Manohari, S.D. Burman, Johan Bejerholm, Rajesh Roshan","Jaideep Sahni, Rajinder Krishan, Saawan Kumar Tak, Hasan Kamaal, Vishal - Shekhar, Majrooh Sultanpuri, Sahir Ludhianvi, Aneela, Robert Uhlmann, Arash, Anjaan",Saregama,3.0
8b56ce29-8d99-5eb6-9d0a-ebc9a19ca9bb,Bose: The Forgotten Hero,2005,"Hindi, Film","A.R. Rahman, Rabindranath Tagore",Javed Akhtar,Times,3.0
e5efadf7-88a6-5727-9600-c3f470fe7713,Brides Wanted,2005,"Hindi, Film","Nandini Srikar, Ranjit Barot","Nandini Srikar, Ranjit Barot, Dev Kohli, Mehboob, Ravi Khote",Universal,0
ba947569-da79-59fe-bb5b-4837109d59a7,Bunty Aur Babli,2005,"Hindi, Film",Shankar - Ehsaan - Loy,"Gulzar, Blaaze",YRF Music,3.5
80e18ba5-56ce-5aa2-87e5-c5b5cc3af178,Chalta Hai Yaar,2005,"Hindi, Film",Kamlesh Bhadkamkar,Mahesh Tilekar,Shemaroo,0
fc82015a-a583-58f0-8bbc-a297434a5542,Chand Sa Roshan Chehra,2005,"Hindi, Film",Jatin - Lalit,Sameer,T-Series,0
aafe3e74-bcb9-5d61-b2e4-aed8fae5a778,Chanda Ki Doli,2005,"Hindi, Non Film",Sonu Nigam,Nusrat Badr,T-Series,0
f4cec693-d577-5066-aab3-656585c07135,Chehraa,2005,"Hindi, Film","Anu Malik, Naresh Sharma, Nikhil - Vinay","Sanjay Chhel, Deepak Sneh, Rahat Indori, Zameer Kazmi, Sameer, Dev Kohli",T-Series,0
e201f3f5-de87-5bf8-a1c7-2d957345ff1d,Chetna: The Excitement,2005,"Hindi, Film",Daboo Malik,Praveen Bharadwaj,Venus,0
da3847bf-07c2-549f-b61e-fc9e9f08e79d,Chocolate,2005,"Hindi, Film",Pritam,"Ajeet Srivastava, Mayur Puri, Dev Kohli, Praveen Bharadwaj",T-Series,0
c7ebbc37-761b-5463-acd7-0fe5e4298657,Chor Mandli,2005,"Hindi, Film",Nirmal B. Pawar,Kumaar,Ultra,0
88de5778-72ff-5dae-ae09-21fa5347cce0,D - Underworld,2005,"Hindi, Film","Prasanna Shekhar, Nitin Raikwar","Manish Gupta, Nitin Raikwar, Sarim Momin",Saregama,0
2a2833ee-6f4a-5a51-85ad-1209fc56cffc,Dansh,2005,"Hindi, Film",Fazal Qureshi,Nida Fazli,,0
a26de4a5-606e-51a6-8fcc-98fb1ad58162,Deewane Huye Paagal,2005,"Hindi, Film",Anu Malik,Sameer,T-Series,0
6a78b095-5267-5fa2-a833-b51ce79b38c0,Destiny,2005,"Hindi, Non Film",Dinesh Pandit,Nida Fazli,,0
7143c200-cf2e-53c0-bd9d-7fdeb99b9b23,Dhamkee: The Extortion,2005,"Hindi, Film","Siddhant Madhav, Mahesh Sharma - IV","Farhad - I, Preeti Arora, Ramesh Dubey - I",,0
729dc167-f37e-50df-a6ab-c746d0104588,Dil Jo Bhi Kahey,2005,"Hindi, Film",Shankar - Ehsaan - Loy,Javed Akhtar,Tips,0
b83dea08-85c8-53a1-9eb5-5a04c8ad77e5,Dosti - Friends Forever,2005,"Hindi, Film",Nadeem - Shravan,Sameer,Shree Krishna Audio,0
e819f703-1660-53f9-8ecd-a811158e9c3f,Dunalli Rifle,2005,"Hindi, Non Film",Mika Singh,,Tips,0
b5577d2b-08bb-5ab5-beaa-730a697fa144,Dus,2005,"Hindi, Film","Vishal - Shekhar, Ranjit Barot","Panchhi Jalonvi, Mehboob Kotwal",T-Series,3.0
9d3d86ee-f405-53dd-be99-749d39c21f4a,Ek Ajnabee,2005,"Hindi, Film","Amar Mohile, Vishal - Shekhar","Jaideep Sahni, Lalit Tiwari, Vishal Dadlani, Sameer",T-Series,0
2ec39ff5-b629-5645-b3e1-30ee31c98e07,Ek Hi Bhool,2005,"Hindi, Film",Dilip Sen - Sameer Sen,"Tabish Romani, Sunil Jha",Venus,0
a5a9c98b-5164-599d-a52b-befb336410b4,Ek Khiladi Ek Haseena,2005,"Hindi, Film",Pritam,"Dev Kohli, Mayur Puri, Amitabh Verma, Shabbir Ahmed, Subrat Sinha, Shaan",T-Series,0
5ecb7f6b-b39f-54d7-84f2-600129876346,Elaan,2005,"Hindi, Film",Anu Malik,Sameer,Venus,0
533a530b-9589-5483-8ce8-54c322ff7d1f,Faakhir Mantra,2005,"Hindi, Non Film",Faakhir Mehmood,Faakhir Mehmood,T-Series,0
79fa57e9-8a03-53ba-a85f-5332f13dca7e,Fareb,2005,"Hindi, Film",Anu Malik,Sayeed Quadri,Saregama,0
984ac9ae-5d6e-5da4-88e0-ea6b1f35bd12,G Ganesh Hegde,2005,"Hindi, Non Film",Ganesh Hegde,"Manoj Santoshi, Vicky Sharma",T-Series,0
82ac4541-dd3c-5fdd-99d2-637fdb3c4235,Gaane Bhi Do Yaaron,2005,"Hindi, Non Film",Leslie Lewis,,Universal,0
625d2cd9-75bc-51a9-9c86-d49d296949e0,Garam Masala,2005,"Hindi, Film",Pritam,"Sameer, Mayur Puri",Venus,3.0
e42ce3ee-b30c-5782-81e3-ca452bedcc51,Hanuman,2005,"Hindi, Film",Tapas Relia,"Traditional, Satish Mutatkar",Times,0
7e468cff-8ed2-543f-b7d4-e3cae9e3c276,Hasrat,2005,"Hindi, Non Film",Nikhil - Vinay,"Sunil Jogi, Nusrat Badr, Praveen Bharadwaj, Jyoti Nayar",T-Series,0
c08321de-78fc-570c-a921-9bd807a5e17d,Hazaaron Khwaishein Aisi,2005,"Hindi, Film",Shantanu Moitra,"Swanand Kirkire, Mirza Ghalib, Bhikhari Thakur, Ajay Jhingran, Traditional",Virgin,0
57536d5d-6755-5c14-a190-763b4f439770,Home Delivery : Aap Ko... Ghar Tak,2005,"Hindi, Film",Vishal - Shekhar,Vishal Dadlani,T-Series,0
598270df-610c-5efa-a45a-fa761b2e6192,Insan,2005,"Hindi, Film",Himesh Reshammiya,Sameer,T-Series,0
006a4224-2430-58ff-85d0-c9090c95564f,Iqbal,2005,"Hindi, Film","Himesh Reshammiya, Salim - Sulaiman, Sukhwinder Singh, Amartya Rahut, Shriram Iyer, Kedar - Sarosh","Sameer, Irfan Siddiqui, Subhash Ghai, Indraneel, Vimal Kashyap",Tips,4.0
6794926f-0a84-5937-a706-e4da0d0ee6ea,It's All About Love,2005,"Hindi, Non Film",Mikey McCleary,,Universal,0
1819b236-c167-5956-8738-c112caf798b0,Jackpot - The Money Game,2005,"Hindi, Film",Dhrubajyoti Phukan,"Abbas Katka, Sham Balkan",T-Series,0
b9f5464d-7b36-578e-b7bf-b56470f6c2a1,James,2005,"Hindi, Film","Nitin Raikwar, Bapi - Tutul","Nitin Raikwar, Sandeep Nath",T-Series,0
f6bcf8fe-5431-5024-a065-50dc7e1a1e8d,Jo Bole So Nihaal,2005,"Hindi, Film",Anand Raj Anand,Dev Kohli,T-Series,0
c0cd62b3-b0aa-57a1-847c-cb74d318f9b2,Jurm,2005,"Hindi, Film","Anand Raj Anand, Anu Malik","Dev Kohli, Rahat Indori",YRF Music,0
d5218223-cd80-5d51-95b1-fa1ae1928418,Kaal,2005,"Hindi, Film",Salim - Sulaiman,"Kailash Kher, Shabbir Ahmed, Anand Raj Anand",Sony Music,0
f2fcdc2d-0f22-5f6d-812e-3627ade62a9a,Kalyug,2005,"Hindi, Film","Goher Mumtaz, Mithoon Sharma, Anu Malik, Rohail Hyatt, Faisal Rafi","Sayeed Quadri, Goher Mumtaz, Asim Raza",Saregama,4.5
e4977989-29aa-594d-bf60-f973d4c55cd5,Karam,2005,"Hindi, Film","Vishal - Shekhar, Pankaj Awasthi","Vishal Dadlani, Dev Kohli, Pankaj Awasthi, Amit Mishra, Irshad Kamil",T-Series,3.0
a20ca31f-0366-514d-9333-f484753d91fd,Kasak,2005,"Hindi, Film",M.M. Kreem,Sameer,Tips,0
1db6c7d9-7bfd-5791-ac50-18e14e240361,Kashish,2005,"Hindi, Non Film","Nazar Hussain, Mohsin Raza","Mustafa Zaidi, Zia Jalandhari, Qateel Shifai, Shehzad Jalundhari, Razi Tirmazi, Qamar Jalalvi, Masroor Anwar, Nasir Kazmi",Saregama,0
bc1ffb39-e9ba-59ce-b70f-272c1ac02b34,Kehta Hai Dil Yahi Baar Baar,2005,"Hindi, Non Film",The Aryans,The Aryans,T-Series,0
d4a08f12-a1d9-570d-823d-1d531a6ffc92,Khullam Khulla Pyaar Karen,2005,"Hindi, Film",Anand - Milind,Sameer,T-Series,0
913d0007-4656-5fa6-aed7-f8b2f1a8eb59,Kisna: The Warrior Poet,2005,"Hindi, Film","Ismail Darbar, A.R. Rahman","Javed Akhtar, Blaaze",Tips,0
967c61bd-1ba4-51cd-9bc0-af13d3298512,Koi Aap Sa,2005,"Hindi, Film",Himesh Reshammiya,Sameer,T-Series,0
652f0ee4-e74e-52b6-a3e1-dac6180a4256,Koi Mere Dil Mein Hai,2005,"Hindi, Film",Nikhil - Vinay,Faaiz Anwar,T-Series,0
f8fcf4c8-25c0-5931-ab85-7d15c746ffad,Kuchh Meetha Ho Jaye,2005,"Hindi, Film",Himesh Reshammiya,Sameer,Shemaroo,0
ec1e96dc-2c7d-502d-8a8a-2aa026e471b2,Kya Mast Jawani Hai (Qawwali Muqabla),2005,"Hindi, Non Film",Raju Khan,Anwar Gujrati,Venus,0
35f12e74-a8b1-585b-b95e-dd595d50afb1,Kyaa Kool Hai Hum,2005,"Hindi, Film","Anu Malik, The Rishi Rich Project",Sameer,T-Series,0
2f88085d-4596-5f12-9338-208b899cc8dc,Kyon Ki - It's Fate,2005,"Hindi, Film",Himesh Reshammiya,"Sanjay Chhel, Sameer",T-Series,0
3d2cd91e-6be2-5da6-b7cc-393728294163,Lahore Ke Rang Hari Ke Sang,2005,"Hindi, Non Film","Wazir Afzal, Nazar Hussain, Qadir Shaggan, Hariharan","Amir Khusro, Bulleh Shah, Majeed Amjad, Traditional, Hasrat Mohani, Mushtaq Soofi, Tajjamul, Adeen Taji, Nasir Kazmi",Times,0
ab2d861f-5fe2-5c4c-b9ed-7efa7729fb4a,Lucky - No Time For Love,2005,"Hindi, Film",Adnan Sami,Sameer,T-Series,0
fd51b5ad-b916-567d-a563-b723ea046cf4,Mahiya: Call Of Love,2005,"Hindi, Film","J. Subhash, Shekhar Sharma","Sudhakar Sharma, Vinay Bihari",Venus,0
8e2c3343-6aa6-5ab0-bef0-0d4e7df46d01,Main Aisa Hi Hoon,2005,"Hindi, Film",Himesh Reshammiya,Sameer,T-Series,0
e178e65a-22d2-58cd-8895-454008662cc9,Main Deewana Hoon,2005,"Hindi, Non Film","Abhijeet, Vaishnav Deva","Yogesh Gaud, Mumtaz Nikhat, Maya Govind",,0
0f791af4-f49d-5a59-81d6-fba656502571,Main Meri Patni Aur Woh,2005,"Hindi, Film","Rajendra Shiv, Mohit Chauhan, Nayab Raja","Rocky Khanna, Zaheer Anwar, Vivek Kumar 'Vinay'",Universal,0
bbab8259-77b6-5962-9f2c-6453678b6c2d,Maine Pyaar Kyun Kiya,2005,"Hindi, Film",Himesh Reshammiya,Sameer,T-Series,0
df054cbf-a0b1-58e6-9049-d8a285d5ce9d,Mashooka,2005,"Hindi, Film",Sajid - Wajid,Jalees Sherwani,T-Series,0
e3654dd7-ec22-56e8-8cf1-b48b2528b8ff,Meri Aashiqui,2005,"Hindi, Film",Nishad Vaidya,Manoj Darpan,Venus,0
b5f116a4-b364-5c8e-88ad-1b9d94b7e98e,Mohabbat Ho Gayi Hai Tumse,2005,"Hindi, Film",Sanjeev - Darshan,Sameer,Lara Music,0
5335f746-dbf6-57ec-bf66-8fe63c20a38e,Mr. Prime Minister,2005,"Hindi, Film","Darshan Dave, Bappi Lahiri","Darshan Dave, Imran Ahmad Khan, Dev Anand, Kuku Prabhas",Times,0
6754418f-6479-5266-89cb-dc968eeb735d,Mr. Ya Miss,2005,"Hindi, Film","Nitin Raikwar, Ronkini Gupta","Nitin Raikwar, Satchit Puranik",T-Series,0
4e563038-1c38-549e-b192-1e0ca0aab3b5,My Brother Nikhil,2005,"Hindi, Film",Vivek Philip,"Amitabh Verma, Nilanjana Kishore",Universal,3.0
2ae5994e-c22d-5194-b465-aaf809473f8b,My Wife's Murder,2005,"Hindi, Film",M.M. Kreem,Ahmad Anees,,0
f03568db-1191-5b31-bea1-95f0399e7ab8,Naam Gum Jaayega,2005,"Hindi, Film",Anand - Milind,Praveen Bharadwaj,T-Series,0
06a1149c-2b2f-57d0-86f9-000305b17e5d,Nazakat,2005,"Hindi, Non Film",Shibani Kashyap,,Sagarika Music,0
157c1da6-f630-5f65-9130-d283242eed27,Nazar,2005,"Hindi, Film",Anu Malik,"Shakeel Azmi, Sayeed Quadri",T-Series,0
ef8694a2-286d-54ce-baf3-ad9fef3db3e4,Neal 'N' Nikki,2005,"Hindi, Film",Salim - Sulaiman,"Anvita Dutt Guptan, Irshad Kamil, Asif Ali Beg",YRF Music,0
7b4163dc-adc2-5ca9-8980-b013e110ee3d,No Entry,2005,"Hindi, Film",Anu Malik,Sameer,Tips,0
f176a48d-c6e5-5a5d-a1ac-d287af31f1f6,Page 3,2005,"Hindi, Film","Shamir Tandon, David Bowie","Sandeep Nath, Ajay Jhingran, David Bowie, Komal Rizvi",Virgin,0
a9dfb8be-0d85-57f3-ab34-8fa3fb6613ab,Paheli,2005,"Hindi, Film",M.M. Kreem,Gulzar,T-Series,4.5
e17176f1-d81d-5197-be6e-eae112d2c065,Parineeta,2005,"Hindi, Film",Shantanu Moitra,Swanand Kirkire,Tips,4.75
c76e5f1c-06ed-516b-8ccc-8a153f6e1e48,Procrastination,2005,"English, Non Film",,,,0
8cecb824-2ab2-59c4-b78d-09db8799e3e4,Pyaar Mein Twist,2005,"Hindi, Film","Jatin - Lalit, R.D. Burman","Sameer, Gulshan Bawra",Venus,0
0e72c9b0-5c3b-521d-849b-ee534655455c,Pyaar Nahi Milta,2005,"Hindi, Non Film",Nawab Raja,Devendra Dev,Venus,0
339ae5fe-27b6-5763-bad5-a6e80ce35d25,Rain,2005,"Hindi, Film",Satish - Ajay,Praveen Bharadwaj,Venus,0
2c313ac1-30cd-576b-9ea5-09ea29c141a8,Ramji Londonwaley,2005,"Hindi, Film",Vishal Bhardwaj,Munna Dhiman,Sony Music,0
785215bd-6e2c-5a09-93a1-a5dcf096e6b3,Rog,2005,"Hindi, Film","M.M. Kreem, Music Mushrooms, Gaudi","Neelesh Misra, Traditional, Sayeed Quadri",Saregama,4.25
099c44f6-be7a-5e31-a732-a52db5c9e207,Royal Salute,2005,"Hindi, Non Film",Jagjit Singh,"Madan Pal, Rustam Sehgal Wafa",Tips,0
d214c9e9-8061-53f7-9e5f-83e927733735,Salaam Namaste,2005,"Hindi, Film",Vishal - Shekhar,Jaideep Sahni,YRF Music,3.0
0748d051-7e94-54e2-9652-3852aed9f95e,Sarkar,2005,"Hindi, Film",Bapi - Tutul,Sandeep Nath,T-Series,0
c0bc0d07-8345-5b7d-b573-cde73cee7d46,Sehar,2005,"Hindi, Film",Daniel B. George,"Faiz Ahmed Faiz, Nilanjana Kishore, Swanand Kirkire",Living Media,0
b337dc7c-7aad-5134-a7e4-0b697d73d50b,Shaadi No. 1,2005,"Hindi, Film","DJ Aqeel, Sanjeev, Anu Malik","Shabbir Ahmed, Sameer",Puja Music,0
6f45d132-55d8-59eb-8dbe-74ca1d61a33f,Shabd,2005,"Hindi, Film",Vishal - Shekhar,"Irshad Kamil, Vishal Dadlani",T-Series,0
0d9d9809-0818-56d8-8e12-d9339e21283f,Shabnam Mousi,2005,"Hindi, Film","Kanak Raj, Sujeet Chaubey, Mannishankar, Dilip Harikishan","Kuku Prabhas, Sujeet Chaubey, Sudhakar Sharma, Dilip K. Tahir",Venus,0
9786d302-86b7-5870-8e02-1ba9ddd17978,Sheesha,2005,"Hindi, Film",The Sen Brothers,"Dev Kohli, Guddu Dhanoa, Yunus Khan, Nida Fazli, Maya Govind",T-Series,0
b42e7bdb-c40e-5712-9514-64f3de4d3c9d,Shikhar,2005,"Hindi, Film",Viju Shah,"Sudhakar Sharma, Manohar Iyer, Chandrashekhar Rajit, Anita Sarkar",T-Series,0
2bcd0930-a5a8-5a5c-81be-ad39aaa84591,Silsiilay,2005,"Hindi, Film",Himesh Reshammiya,Sameer,Puja Music,0
6ab75389-6d4e-5c65-a215-0e6f90044af0,Socha Na Tha,2005,"Hindi, Film",Sandesh Shandilya,"Subrat Sinha, Irshad Kamil",T-Series,0
6bec88e8-48df-5ca5-a873-6ef42bb3f5a5,Taj Mahal - An Eternal Love Story,2005,"Hindi, Film",Naushad,"Naqsh Lyallpuri, Syed Gulrez",Times,0
76b0c31e-5e1a-59cc-8f4c-ca690ff3087f,Tango Charlie,2005,"Hindi, Film","Anand Raj Anand, Anu Malik","Anand Raj Anand, Javed Akhtar",T-Series,0
4c6f49f9-a231-5e1d-a47b-d0c4110ce136,Tera Intezar,2005,"Hindi, Non Film",Sajid - Wajid,"Sajid - Wajid, Jalees Sherwani",Sony Music,0
f71cfbf9-d216-53ee-ac5d-57084812f73c,Teri Sajni,2005,"Hindi, Non Film",Sandeep Chowta,Vipin Kakkar,Sony Music,0
bb1b82e1-c73c-5ef5-902b-8dbb2c9230c0,The Film,2005,"Hindi, Film","Samidha - Khalid, Siddharth - Suhas","Samidha - Khalid, Sarim Momin, Kumaar",Saregama,0
83abd431-1c28-5170-89f0-d3974f66c8b4,The Rising: Ballad Of Mangal Pandey,2005,"Hindi, Film",A.R. Rahman,Javed Akhtar,YRF Music,3.5
05af2793-701e-5477-9785-436cf468d83a,Time Pass,2005,"Hindi, Film",Sunil Jha,Sunil Jha,Venus,0
4192d167-414d-5509-aaa1-aebd891c6e83,Topless,2005,"Hindi, Film","Nikhil - Vinay, Channi - Akram, Bappi Lahiri","Prashant Vasl, Vinod Swapnil, Meenu Singh",Venus,0
45af2cda-b541-502c-90e0-83f4a8021eb1,Tujhko Pukare,2005,"Hindi, Film",Gnyaneshwar Dubey,"Abhiraaj, P.K. Sinha, Vimal Kashyap, Harishchandra - I, Naveen Kumar Mishra",Venus,0
80c0cf7a-f8d5-53d9-8e76-e214a9f01ab8,Tum Toh Nahin Ho,2005,"Hindi, Non Film",Jagjit Singh,Bashir Badr,T-Series,0
dc5d0ab3-4362-5c10-a5a5-b02693738b1e,Vaada,2005,"Hindi, Film",Himesh Reshammiya,Sameer,T-Series,0
d1826be1-3370-59b7-8f0b-572e146bb334,Vaah! Life Ho Toh Aisi,2005,"Hindi, Film","Himesh Reshammiya, Ajay - Atul",Sameer,Tips,0
9f82d0c6-ddf8-592f-9b91-475e8594edb4,Waqt: The Race Against Time,2005,"Hindi, Film",Anu Malik,"Aatish Kapadia, Sameer",T-Series,0
84da7197-47a7-5662-a90a-9152351aed0d,Water,2005,"Hindi, Film","A.R. Rahman, Narsinh Mehta","Sukhwinder Singh, Raqueeb Alam, Narsinh Mehta",Sony BMG,4.5
89ea0098-ab6b-59f6-bbfc-fa2904131b94,Yahaan,2005,"Hindi, Film","Nizami Bandhu, Shantanu Moitra, Traditional, Sameeruddin, Abhishek Arora","Nizami Bandhu, Traditional, Gulzar",Times,4.0
6f0de3d4-4b33-550d-8a9b-731f3acc7743,Yakeen,2005,"Hindi, Film",Himesh Reshammiya,Sameer,T-Series,0
c60a5c7b-14e8-517f-9d65-e03fa27fb360,Yehi Hai Zindagi,2005,"Hindi, Film",Arvind Haldipur,"Sanjay Churmure, Rajan Bane",Venus,0
35fec7d1-f760-5a92-b6b2-2c2dd2b28963,Zameer,2005,"Hindi, Film","Nikhil - Vinay, Jatin - Lalit","Praveen Bharadwaj, Sameer, Israr Ansari",T-Series,0
45b38cd2-c2a1-5335-b01b-5c920573b83b,Zeher,2005,"Hindi, Film","Nashad, Anu Malik, Roop Kumar Rathod, Jal, Mithoon Sharma, Naresh Sharma","Sayeed Quadri, Shakeel Azmi",Saregama,3.75
0627ffae-10bc-5062-b673-419ef182dc7b,36 China Town,2006,"Hindi, Film",Himesh Reshammiya,Sameer,Tips,0
ac7bc23b-a5a4-5fb0-940c-98aef782c98f,Aap Kaa Surroor,2006,"Hindi, Non Film",Himesh Reshammiya,Sameer,T-Series,4.0
e02bb242-2acb-5521-8bd4-1d18bd216c69,Aap Ki Khatir,2006,"Hindi, Film",Himesh Reshammiya,Sameer,Venus,0
d447d2af-cb33-5a50-8324-4137b43f6fc6,Aatma,2006,"Hindi, Film","J. Gopal Prasad, P. Sameer, Anchal Talesara, Anu Malik","Mukhhar, Rakesh Mehra, Ibrahim Ashq, Tabish Romani, Sameer",T-Series,0
0ca824bf-f278-5f6c-a6bd-26488e7530d9,Ahista Ahista,2006,"Hindi, Film",Himesh Reshammiya,"Irshad Kamil, Sameer",T-Series,0
3564f532-014d-540d-be75-cda0aac2b379,Aisa Kyon Hota Hai?,2006,"Hindi, Film",Tauseef Akhtar,"Payam Sayeedi, Tauseef Akhtar, Sayeed Quadri",Times,0
35fcc0ae-34d2-5b17-9f33-681de1e80596,Aksar,2006,"Hindi, Film",Himesh Reshammiya,Sameer,T-Series,3.0
16adb47c-16ed-52c9-8d8f-3bcd0eee7d8a,Alag,2006,"Hindi, Film",Aadesh Shrivastava,"Rahul B. Seth, Nusrat Badr",Times,3.0
3b4506ab-a368-5550-a231-33888e5f9188,Along The Dusty Road,2006,"Hindi, Non Film",Niraj Chag,,Buzz-erk Records,0
33ea3c83-2a69-52a3-aece-d1b3f3509048,Ankahee,2006,"Hindi, Film",Pritam,"Sameer, Amitabh Verma, Subrat Sinha",T-Series,0
082c72d0-8a1d-5abe-a045-e69a47d8f0cc,Anthony Kaun Hai?,2006,"Hindi, Film",Himesh Reshammiya,Sameer,T-Series,0
49461675-2522-5c9e-8610-2b96c89a7f9c,Anwar,2006,"Hindi, Film","Pankaj Awasthi, Ghungroo, Mithoon","Dharam Sarthi, Shyam Ravindran, Hasan Kamal, Pankaj Awasthi, Sayeed Quadri",Saregama,4.5
41f352ba-1cf2-5faa-8555-1a5b4058ac09,Aparichit,2006,"Hindi, Film",Harris Jayaraj,Mehboob Kotwal,Venus,0
23d8ff5c-4f00-5e2f-8993-dc83c2cdaef2,Apna Sapna Money Money,2006,"Hindi, Film",Pritam,"Shabbir Ahmed, Mayur Puri, Ashish Pandit, Suzanne D'Mello, Asif Ali Beg",Tips,0
3244142f-0940-558e-815f-9ca047971a86,Aryan - Unbreakable,2006,"Hindi, Film",Anand Raj Anand,"Anand Raj Anand, Kumaar",T-Series,3.0
ec9407c8-70ba-5ea2-9c83-1306a2ab08d8,Asha and Friends,2006,"Hindi, Non Film",Shamir Tandon,"Vijay Akela, Brett Lee, Shamir Tandon, Ajay Jhingran",EMI,0
6c5a33dc-7ce8-5f25-87d5-f55789c92695,Baabul,2006,"Hindi, Film","Aadesh Shrivastava, Amitabh Bachchan",Sameer,T-Series,0
6150757b-48d5-5e3e-8b98-a5d9d137e48e,Bas Ek Pal,2006,"Hindi, Film","Vivek Philip, Mithoon, Pritam, Eric Pillai","Amitabh Verma, Sayeed Quadri",Tips,3.0
7ec5dffe-b7ca-5921-91cd-59ddcc85c031,Beete Pal,2006,"Hindi, Non Film",Nandini Srikar,"Nandini Srikar, Shaleen Sharma, Meera Bai, Traditional",Nandini Srikar,4.0
26a8441a-916c-562a-946c-b63f67ba48c9,Bhagam Bhag,2006,"Hindi, Film",Pritam,Sameer,T-Series,0
b3caa2e9-b0dc-5689-825b-12e010a07160,Bhoot Unkle,2006,"Hindi, Film",Baba Sehgal,"Baba Sehgal, Pratibha - II",Ultra,0
6c47ebef-0127-5a26-a649-cae174467302,Boodhe Pahadon Par,2006,"Hindi, Non Film",Vishal Bhardwaj,Gulzar,,0
30fde2b7-5d33-5e83-a824-36d564639d3c,Broken English,2006,"Hindi, Non Film",,"Vishal Vaid, Napoleon Maddox, Karsh Kale, Todd Michaelsen, Gaurav Raina, Tapan Raj, Trixie Reiss, Dierdre Dubois, Shahid Siddiqui",Six Degrees Records,0
ffc85a08-c266-5c31-b556-040f70d929ae,Chand Ke Paar Chalo,2006,"Hindi, Film",Vishnu Narayan,"Rishi Azad, Babu Bhai - I, Sani Aslam, Afsar Azad",Saregama,0
cdbd2bf0-fafe-50f5-9a45-d0eb8a40f89e,Chausar,2006,"Hindi, Film",Sudeep Banerjee,"Manu Gautam, Nida Fazli, Kafil Azar, Sudarshan Faakir",Living Media,0
973f9519-34fc-5506-a555-bee0bbad2da7,Chingaari,2006,"Hindi, Film",Aadesh Shrivastava,Sameer,Times,0
5f052a5f-a6ce-5a21-82c2-d59b4e397aba,Chup Chup Ke,2006,"Hindi, Film",Himesh Reshammiya,Sameer,T-Series,0
0efcf4de-c55a-5e2b-b09b-9fd6d93177ba,Corporate,2006,"Hindi, Film",Shamir Tandon,Sandeep Nath,Universal,0
c5883e90-4b69-5b33-bc80-f23f69bd5ed4,Darna Zaroori Hai,2006,"Hindi, Film","Nitin Raikwar, Tabish Romani","Nitin Raikwar, Tabish Romani",T-Series,0
8058c97b-b9e5-589b-b239-22483c34e393,Darwaza Bandh Rakho,2006,"Hindi, Film",Nitin Raikwar,Nitin Raikwar,T-Series,0
b0e83422-f4db-5075-bcc4-dc548ee8faa7,Debojit - EP,2006,"Hindi, Non Film","Biddu, Ismail Darbar","Sameer, Mehboob",Saregama,0
9ac872da-96d4-5f1a-b73d-bcdcd257f7e8,Dhoom 2,2006,"Hindi, Film",Pritam,"Sameer, Asif Ali Beg",YRF Music,4.0
647eea82-1970-5ed5-8653-d6a7bdf4559a,Dil Aisa Kisi Ne Mera Toda,2006,"Hindi, Non Film",Triveni - Bhavani,"Qaisar-Ul-Jafri, Zaheer Anwar, Rani Malik",Venus,0
86063413-66a5-50f1-a996-10bcc8cce62a,Dil Diya Hai,2006,"Hindi, Film",Himesh Reshammiya,Sameer,T-Series,0
94b12e06-985d-5450-88a7-bd4f409ddede,Dilli Ki Billi,2006,"Hindi, Non Film",Anu Malik,Amit Khanna,Saregama,0
a828fbca-ee93-5c85-a526-dfe607321b62,Don,2006,"Hindi, Film","Shankar - Ehsaan - Loy, Kalyanji - Anandji","Javed Akhtar, Anjaan, Indeevar",T-Series,3.0
ac6e6951-3273-52fb-a93f-9b03d518c048,Doorie,2006,"Hindi, Non Film","Sachin Gupta, Atif Aslam, Mithoon, Mithoon Sharma",,Tips,3.5
70c2f1c5-2c78-5bd8-87e7-5d3c420cec80,Dor,2006,"Hindi, Film","Nusrat Fateh Ali Khan, Jawahar Wattal, Salim - Sulaiman, Trilok Gurtu, Traditional, Ali - Gani","Traditional, Mir Ali Husain, Nawab Arzoo",Universal,4.67
b23e5684-0e04-5f63-a859-79cad3bcb2fa,Eight Stages Of Love,2006,"Hindi, Non Film",Shivkumar Sharma,Javed Akhtar,Saregama,0
9453ef7f-0027-53e5-84ae-6e41a3083329,Family - Ties of Blood,2006,"Hindi, Film",Ram Sampath,Sameer,T-Series,0
43690e07-215e-5297-949c-184c7dd09708,Fanaa,2006,"Hindi, Film",Jatin - Lalit,Prasoon Joshi,YRF Music,4.25
d8c7a811-5e78-56f8-8c1f-c244aecaeb96,Fight Club,2006,"Hindi, Film","Pritam, Ali Zafar","Neelesh Misra, Mayur Puri",T-Series,0
7f2e031b-c799-53cd-bbeb-ef92a9367d30,Game,2006,"Hindi, Film",Bapi - Tutul,Sandeep Nath,Universal,0
91e4723e-1b97-53e0-895d-30b6b628b39c,Gangster,2006,"Hindi, Film",Pritam,"Mayur Puri, Neelesh Misra, Sayeed Quadri",Saregama,3.75
75617a6e-cef4-58d0-bd5d-e200d2639e63,Golmaal - Fun Unlimited,2006,"Hindi, Film",Vishal - Shekhar,Kumaar,T-Series,0
a2192a31-50ed-5968-8d97-8af73b7e736c,Harrjaiie,2006,"Hindi, Non Film",Altaf Raja,"Arun Bhairav, Amaan, Altaf Raja, Farooq Shafaq",Venus,0
188f988a-17a6-59a9-98f4-4a03ea103937,Holiday,2006,"Hindi, Film","Ranjit Barot, Nandini Srikar","Mehboob Kotwal, Neelesh Misra",Saregama,3.25
a769c321-2d62-5dec-b709-39df19c6c44e,Hum Ko Deewana Kar Gaye,2006,"Hindi, Film","Anu Malik, Himesh Reshammiya",Sameer,T-Series,0
34f41d0f-b171-5253-b7b0-3410ddb9794f,Humko Tumse Pyaar Hai,2006,"Hindi, Film",Anand Raj Anand,Dev Kohli,T-Series,0
77d0e710-f159-5d8e-9065-40a9114cf27c,I See You,2006,"Hindi, Film",Vishal - Shekhar,Vishal Dadlani,Eros Music,3.0
bbe0b568-ec2d-5892-812e-bf958c4aac97,Insaaf Ki Jung,2006,"Hindi, Film",Laxmi - Pawan,,Nupur Audio,0
f73aa7c2-ee9c-519a-8e7b-c1ff2211a420,Iqraar - By Chance,2006,"Hindi, Film",Sandesh Shandilya,"Mehboob Kotwal, Shabbir Ahmed, Sandesh Shandilya",Saregama,0
df650d5f-122c-55d1-b628-1b2e81d39328,Is Dil Se,2006,"Hindi, Non Film",Sukhwinder Singh,Sameer,T-Series,0
f4e00dcc-c486-5148-a57e-98afed105de6,Jaadu Sa Chal Gaya,2006,"Hindi, Film",Nikhil - Vinay,"Jyoti Nayyar, Sunil Jogi, Vinay Tiwari",Shemaroo,0
bfef75d8-753c-513a-87fc-29a8d8612b8f,Jaan-E-Mann,2006,"Hindi, Film",Anu Malik,Gulzar,T-Series,3.0
1a3d5a71-6330-5ff7-b4d4-ba8662b45869,Jaana - Let's Fall In Love,2006,"Hindi, Film","Anand - Milind, Rajendra Shiv, Abbas Jelani, Guru Sharma, Pramod Tripathi","Sharukh Mirza, Moid Elham",Saregama,0
1cab85fd-d5fd-5375-a1e2-0b6d11be3302,Jaane Hoga Kya,2006,"Hindi, Film","Sajid - Wajid, Nikhil - Vinay","Jalees - Rashid, Sameer",T-Series,0
da0392bd-594c-51eb-940d-f70243a0bfca,Jai Santoshi Maa,2006,"Hindi, Film","Surinder Kohli, Anu Malik, C. Arjun","Balbir Nirdosh, Swanand Kirkire, Kavi Pradeep",Sony BMG,0
1a77c7f4-7fc8-5011-9d1e-a21e8a78c7d3,Janani,2006,"Hindi, Film",Nirmal B. Pawar,,Ultra,0
6a21bae4-1949-59c8-97eb-5dbaf2c8cf0c,Jawani Diwani - A Youthful Joyride,2006,"Hindi, Film","Sajid - Wajid, Clinton Cerejo, Siddharth - Suhas","Shabbir Ahmed, Kumaar",T-Series,0
213bf8de-a802-5724-99a4-6526925982e4,Kabhi Alvida Naa Kehna,2006,"Hindi, Film",Shankar - Ehsaan - Loy,Javed Akhtar,Sony Music,4.6
d977f463-3298-5816-a9ae-233acbb40726,Kabul Express,2006,"Hindi, Film","Raghav Sachar, Julius Packiam","Swaratmika Mishra, Aditya Dhar, Vijay Kumar - I",YRF Music,0
cc21c2ef-a55c-5309-b4d1-bd92fdb4c088,Kachchi Sadak,2006,"Hindi, Film",Uttam Singh,Prabha Thakur,Saregama,0
9a5239ba-e832-5a7d-a128-8f0b0c970e1f,Kailasa,2006,"Hindi, Non Film","Kailash Kher, Naresh Kamath, Paresh Kamath, Vishal - Shekhar","Kailash Kher, Vishal Dadlani, Bulleh Shah, Sant Kabir",Sony Music,4.5
088efc86-be77-5d1d-90ec-a8afdfbf9e97,Kaise Kahoon,2006,"Hindi, Non Film","Chris Powell, Desmond Powell, Adil Manuel, Abhishek Nailwal","Abhishek Nailwal, S. Mukhtiyar, Shivani Powell, Lalit Tiwari, Swanand Kirkire, Chris Powell",Saregama,0
c1079845-0143-5b3c-b546-65dffdec55d0,Khosla Ka Ghosla,2006,"Hindi, Film","Bapi - Tutul, Dhruv Dhalla",Jaideep Sahni,Music Today,3.33
4998d3cf-50ae-5675-86f3-f6d4ffb02a54,Koi Baat Chale,2006,"Hindi, Non Film",Jagjit Singh,Gulzar,Sony Music,0
d2981a1c-75a4-570d-8d80-d6fd6801a442,Krrish,2006,"Hindi, Film",Rajesh Roshan,"Nasir Faraaz, Vijay Akela, Ibrahim Ashq",T-Series,3.67
1127255e-b4e4-57df-959e-1ab2111ef069,Lage Raho Munna Bhai,2006,"Hindi, Film",Shantanu Moitra,"Swanand Kirkire, Vidhu Vinod Chopra, Farhad - Sajid",T-Series,0
861a519e-322f-5060-9836-49550805abdb,Lamahe,2006,"Hindi, Non Film",Saptarishi Abhijeet,Shaheen Iqbal,T-Series,0
6e10d9ba-965f-5768-8edb-038418e584d7,Live In Sydney,2006,"Hindi, Non Film","Jagjit Singh, Uttam Singh, Kuldeep Singh","Kafil Azar, Anand Bakshi, Mirza Ghalib, Indeevar, Rahi Masoom Raza, Ibn-E-Insha, Nida Fazli, Shahid Kabir, Traditional, Ameer Minai, Chaman Lal Chaman, Kaifi Azmi, Javed Akhtar, Qateel Shifai, Sudarshan Faakir",Saregama,0
38d08ccc-c36d-5dbf-854b-d9546b9f3b84,Love Ke Chakkar Mein,2006,"Hindi, Film","Anand Raj Anand, Daboo Malik, Nikhil - Vinay","Dev Kohli, Praveen Bharadwaj",T-Series,0
2727aadc-fb50-5276-b567-070080db6ad6,Maya: The Illusion,2006,"Instrumental, Non Film",Rahul Sharma,,Navras,0
732cbb0f-5083-5863-8b66-412af33d8634,Mehfuz,2006,"Hindi, Non Film","Palash Sen, D.J. Bhaduri, Hitesh Madan, Ashwani Verma, Benjamin Pinto","Palash Sen, Deekshant Sherawat, Gulzar, Traditional, Dahlia, R. Tomling",Saregama,0
943ceca0-40f3-5cf1-8d1a-9e1bb50490fe,Men Not Allowed,2006,"Hindi, Film",Sanjeev Srivastava,"Shaheen Iqbal, Dena Gregory",T-Series,0
94b9a739-b5bd-5fd2-8bb9-0cb364e65426,Mere Piya,2006,"Hindi, Non Film","Satyanarayan Mishra, Raju Singh",Sudhakar Sharma,T-Series,0
89a1d0a5-0c1a-5bcd-a4a2-44e2823966e6,Mr. Khujli,2006,"Hindi, Film","Prem Paras, Deepak Pandit","Anwar Khan, Shakeel Azmi, Vivek Rawat",Ultra,0
35f9a77f-db5b-5953-8826-62246d716b51,Na-Yaab,2006,"Hindi, Non Film",Pankaj Udhas,"Naseem Ajmeri, Mumtaz Rashid, Zafar Gorakhpuri, Sardar Anjum, Sheikh Adam Aboowala",Universal,0
5f8b0066-3a1a-5bb2-8bd4-3a5c3a1e8cbe,Nakhra Husn Ka,2006,"Hindi, Non Film",Ramesh Roshan Rai,"Sudhakar Sharma, Dr. Rohidas Waghmare",T-Series,0
99dfd2b7-66a4-593e-810d-e502d4c91863,Naksha,2006,"Hindi, Film",Pritam,"Sameer, Mayur Puri, Labh Janjua, Ashish Pandit",Saregama,0
7f4cb563-e2df-5373-a72f-95624b0a1667,Nine,2006,"Hindi, Non Film",Pankaj Awasthi,,,0
aeb4d58e-d0f3-5846-9fbb-74f1da0d5af8,Omkara,2006,"Hindi, Film",Vishal Bhardwaj,Gulzar,Eros Music,4.0
28014fb4-c037-596d-bb79-3e067a855acd,Pal Pal Dil Ke Ssaat,2006,"Hindi, Film",Abhishek Ray,"Manavendra, Naveen Agarwal",Venus,0
e4f1fe3e-a857-5b27-b76d-d83ddf80df5c,Phir Hera Pheri,2006,"Hindi, Film",Himesh Reshammiya,Sameer,T-Series,3.0
30399799-1314-58b6-9439-260c76734561,Pyaar Ke Side Effects,2006,"Hindi, Film",Pritam,Mayur Puri,T-Series,0
58447b4e-f3c1-50bf-be2b-cd88bcf07119,Pyare Mohan,2006,"Hindi, Film",Anu Malik,Sameer,Saregama,0
7fb05c29-277c-5d2c-8cfc-58a3724cedb2,Radha Ne Maala Japi Shyam Kee,2006,"Hindi, Film",Ravindra Jain,Ravindra Jain,T-Series,0
11118241-d2a6-52d2-8d93-2869a4184bc3,Rang De Basanti,2006,"Hindi, Film",A.R. Rahman,Prasoon Joshi,Sony BMG,4.0
d8969d48-c8ee-5e71-801c-85037bd05ab8,Rang Dey,2006,"Hindi, Non Film",Jawahar Wattal,Vikki Nagar,Venus,0
809d811b-43f2-5fa5-98c3-ad21bbec899b,Rehguzar,2006,"Hindi, Film",Aadesh Shrivastava,Nusrat Badr,Times,0
a02aa01b-1843-5dc6-bab4-7278f16637ab,Rocky - The Rebel,2006,"Hindi, Film",Himesh Reshammiya,Sameer,T-Series,0
1ff4ddf7-b8b9-5b4a-9603-5089da38386a,Saawan - The Love Season,2006,"Hindi, Film","Aadesh Shrivastava, Sajid - Wajid",Saawan Kumar Tak,Times,0
ec149655-b1fb-54a2-87ce-3db0b806f51c,Sajnaa,2006,"Hindi, Non Film","Bhavdeep Jaipurwale, Kunwar Shyam Goswamiji","Shakeel Azmi, Satyen Sharma, Kunwar Shyam Goswamiji",Universal,0
022c18cf-5310-5021-8b4a-c3f41b815f04,Sandwich (Hum Do Hamaara Ek),2006,"Hindi, Film","Sandeep Chowta, Rajesh Gupta, Aadesh Shrivastava, Sukhwinder Singh","Farhad - I, Vinay Bihari, Nitin Raikwar, Tabish Romani, Dev Kohli, Sukhwinder Singh",T-Series,0
da769411-f114-5956-9f63-c0d500f95a5f,Shaadi Karke Phas Gaya Yaar,2006,"Hindi, Film","Sajid - Wajid, P. Sameer, Daboo Malik","Shabbir Ahmed, Salim Bijnori, Jalees Sherwani, Manohar Iyer",Tips,0
f5e463f6-3824-57b3-92f6-d0f64c5ae9bb,Shaadi Se Pehle,2006,"Hindi, Film",Himesh Reshammiya,Sameer,Tips,0
6ac09060-dc63-5d60-90b3-4519271b049f,Shiva,2006,"Hindi, Film",Ilaiyaraaja,Nitin Raikwar,T-Series,0
f0e5065f-7c27-563a-8ce5-d988f9c613eb,Sona,2006,"Hindi, Non Film",Ram Sampath,"Munna Dhiman, Prasoon Joshi, Traditional",Sony BMG,4.0
cf7677e2-0e91-590a-b578-550be7b6f48c,Sowmya,2006,"Hindi, Non Film",,,Times,0
afba107b-d868-5ec5-be7b-9247204dfe39,Strings - Bound By Faith,2006,"Hindi, Film","Zubeen Garg, Pankaj Mullick","Minoo Singh, Ajay Jhingran, Zubeen Garg, Baba Nagarjuna, Arzoo Lucknawi, A.H. Shor, Sumit Acharya",Saregama,0
c930f21a-c0a2-53a1-8ab7-c4b5fef545a0,Sun Zarra,2006,"Hindi, Film",Sandesh Shandilya,"Anil Pandey, Sandesh Shandilya",Paramount Entertainment,0
c973d567-d3f2-519c-95a7-52701c78345b,Tathastu,2006,"Hindi, Film",Vishal - Shekhar,Panchhi Jalonvi,T-Series,0
7c537acb-2a36-53d5-883a-2c3cb1d0a669,Taxi No. 9211,2006,"Hindi, Film",Vishal - Shekhar,"Dev Kohli, Vishal Dadlani",Saregama,3.0
e4a4ba88-b04d-51b9-9d29-14cd7b07e2f7,Teesri Aankh - The Hidden Camera,2006,"Hindi, Film","Harry Anand, Sukhshinder Shinda, Nitz 'N' Sony","Sameer, Karamjeet Kadhowala, Nitin Nitz Arora",Tips,0
3cc90bca-87c2-59be-ac5e-7250c8ec3cf0,Teri Aankhen,2006,"Hindi, Non Film",Raaj Aashoo,Murli Agarwal,T-Series,0
27d75fdb-e32d-5732-be0c-f7a7ab5a6d17,The Killer,2006,"Hindi, Film",Sajid - Wajid,Jalees Sherwani,T-Series,0
bc7496fa-2d62-57ce-bdc6-e75225e10814,The Music Messiah,2006,"Instrumental, Non Film",Ilaiyaraaja,,AGI Music,0
814320a9-5dbf-5f88-b3d3-4ed936a6e64f,Tishnagi,2006,"Hindi, Non Film","Shaan, Ranjit Barot",Shaan,Virgin Records,0
8bc94fa2-9f26-5970-b7f1-98aa8c565ba8,Tom Dick And Harry,2006,"Hindi, Film",Himesh Reshammiya,Sameer,T-Series,0
776aac8e-4f2e-5a7f-adec-b7455d9b50d0,Umar,2006,"Hindi, Film",Shamir Tandon,Shaily Shailendra,Times,0
9fa962b2-b5e4-5ccc-a893-09905bd52b64,Umrao Jaan,2006,"Hindi, Film",Anu Malik,Javed Akhtar,T-Series,0
9c5724c9-9c48-5490-9b79-b2e27a425c04,Ustad And The Divas,2006,"Hindi, Non Film",Sandesh Shandilya,Irshad Kamil,YBR,4.0
234c9dee-fbcb-5fef-ad3a-69fe8a3cf31f,Utthaan,2006,"Hindi, Film",Kumar Sanu,Sudhakar Sharma,Venus,0
cb212ddd-49df-51e1-97e3-16c21915329f,Vivah,2006,"Hindi, Film",Ravindra Jain,Ravindra Jain,Rajshri Music,0
28eb2e0e-ddf0-53d0-a1ef-5a308bb6f8cd,We R Friends,2006,"Hindi, Film","Anand - Milind, Gunwant Raj","Jalees Sherwani, Gunwant Raj",Venus,0
783762a0-3b03-50e9-98fb-728f95cb7aa7,Woh Lamhe,2006,"Hindi, Film","Jawad Ahmad, Pritam, Roop Kumar Rathod, Manzoor Hussain","Sayeed Quadri, Jawad Ahmad, Neelesh Misra, Shakeel Azmi, Faiyyaz Hashmi",T-Series,3.0
820ff75c-5162-5393-b8fe-9d9e3d9b90f2,Yatra,2006,"Hindi, Film","Khayyam, Goutam Ghosh, Kunwar Shyam, O.P. Nayyar, Kadar Piya","Ahmed Wasi, Kadar Piya, Kunwar Shyam, Majrooh Sultanpuri, Maya Govind, Sanjeev Tiwari, Naqsh Lyallpuri",Times,0
ddfcf44c-37ca-5da9-9c77-92ae4f99b7b9,Zara Nazron Se Kehdo,2006,"Hindi, Non Film","S.D. Burman, Shankar - Jaikishan, Neeraj Shridhar, Madan Mohan, Laxmikant - Pyarelal, R.D. Burman, Hemant Kumar","Majrooh Sultanpuri, Hasrat Jaipuri, Neeraj Shridhar, Ramesh Shastri, Sahir Ludhianvi, Rajendra Krishan, Anand Bakshi, Shakeel Badayuni",T-Series,0
ec6504f6-4292-575d-92c2-a497b8a2cdc2,Zinda,2006,"Hindi, Film","Strings, Vishal - Shekhar, Shibani Kashyap, Nikhil Chinnappa, Naved","Anwar Maqsood, Vishal Dadlani, Sanjay Gupta, Virag Mishra",T-Series,0
03829293-e860-5562-b26f-57f9b41666c3,Zindaggi Rocks,2006,"Hindi, Film",Anu Malik,"Mudassar Aziz, Sayeed Quadri",T-Series,0
a91eb35e-e652-5cba-b307-21913bf76c7e,1971,2007,"Hindi, Film",Akash Sagar,"Dev Kohli, Zahir Anwar, Neeraj",Times,0
d1d71f1b-cde0-5c7f-8cdf-be01b5e5b1b5,68 Pages,2007,"Hindi, Film",Xen@Bob,Saagar Gupta,,0
cb63486b-5d08-5595-8a75-0ad9fbb9a76f,Aaja Nachle,2007,"Hindi, Film",Salim - Sulaiman,"Piyush Mishra, Asif Ali Beg, Jaideep Sahni",YRF Music,4.33
b9ed7f21-3a74-59a2-a22b-e927ad84c121,Aaliya,2007,"Hindi, Non Film",Manu Rajeev,Rakesh Nirala,T-Series,0
b44b3436-b06c-5ac0-a7fb-75d84d5e2bb5,Aap Kaa Surroor,2007,"Hindi, Film","Himesh Reshammiya, R.D. Burman","Sameer, Anand Bakshi",T-Series,0
6e1e44c8-15d9-5cfe-9e69-e118180a720a,Aggar,2007,"Hindi, Film",Mithoon,Sayeed Quadri,T-Series,0
bc00d14b-01ae-564b-8e6f-0be1664f2cfc,Agnee,2007,"Hindi, Non Film",Agnee,"Agnee, Sant Kabir Das, Arijit Datta",Sony BMG,3.0
5f170c56-c86e-5dbb-bd53-22a5b7dcd8de,Antariksh,2007,"Instrumental, Non Film",,,Saregama,0
a7eada57-2afa-59bc-837d-1c3b85c4a649,Apna Asmaan,2007,"Hindi, Film",Leslie Lewis,Mehboob Kotwal,Saregama,0
4d58a3fa-12a4-5bf0-ab2b-9683e2e26100,Apne,2007,"Hindi, Film",Himesh Reshammiya,Sameer,T-Series,0
626831d3-1342-5a3f-9b55-5081080d7e7c,Aur Pappu Paas Ho Gaya,2007,"Hindi, Film",Ravi Chopra - I,Ravi Chopra - I,Venus,0
a99ea406-3d9c-58f7-90bd-2631c73ac674,Awarapan,2007,"Hindi, Film","Annie Khalid, Pritam, Rafaqat Ali Khan, Traditional, Mustafa Zahid","Sayeed Quadri, Asif Ali Beg, Baba Farid",Saregama,3.0
bb8478bc-9947-5954-a595-0d7e83880c97,Beyond Boundaries - Apna Bana Le,2007,"Hindi, Non Film",Aadesh Shrivastava,Sameer,Eros Music,0
75042230-2ba8-5560-873d-0d5d459814ed,Bhool Bhulaiyaa,2007,"Hindi, Film",Pritam,"Sameer, Sayeed Quadri",T-Series,3.0
579ccfad-6645-5f5b-bb8e-a9414e28650d,Big Brother,2007,"Hindi, Film","Sandesh Shandilya, Anand Raj Anand","Neelesh Misra, Anil Pandey, Sameer, Anand Raj Anand, Sandesh Shandilya",Tips,3.0
8c07b0b7-3338-579e-8949-277fb61edbc8,Black Friday,2007,"Hindi, Film",Indian Ocean,Piyush Mishra,Times,4.5
4af84e1a-eb30-5d6c-97ae-95922bc847f5,Bombay To Bangkok,2007,"Hindi, Film","Sukhwinder Singh, Salim - Sulaiman, Ronnie Shirish, Pritam","Ibrahim Ashq, Mir Ali Husain, Shabbir Ahmed",Tips,0
05f97de3-b6e3-585c-9ab2-1b2f3747ba8d,Breathing Under Water,2007,"Instrumental, Non Film",,"Ajay Jhingran, Todd Michaelsen, Anoushka Shankar, Gaurav Raina, Karsh Kale, Norah Jones, Indira Verma, Nishant Peralta",Saregama,0
b7097a37-d090-5a80-a617-d6ab8477c520,Cash,2007,"Hindi, Film",Vishal - Shekhar,"Vishal Dadlani, Panchhi Jalonvi",Big Music,0
e4935d8c-fade-5501-afb4-1cf393de79a8,Chain Kulii Ki Main Kulii,2007,"Hindi, Film","Salim - Sulaiman, S.D. Burman, Shankar - Jaikishan","Irfan Siddiqui, Majrooh Sultanpuri, Hasrat Jaipuri",Saregama,0
0409526c-fc6f-5ce9-ac55-5a194b030bb5,Chak De India,2007,"Hindi, Film",Salim - Sulaiman,Jaideep Sahni,YRF Music,3.0
768789f9-4507-54a7-801e-ef7e6b0038ba,Chalte Jana Hai,2007,"Hindi, Non Film",Sameer Date,"Aamir Rizvi, Niraj Kumar Gupta",Yellow & Red Music,0
f890c318-e95c-50e4-8cf1-932057e486f4,Cheeni Kum,2007,"Hindi, Film",Ilaiyaraaja,"Sameer, Manoj Tapadia",Eros Music,3.5
b82f7e09-a485-5d83-9a54-714838266543,Chhodon Naa Yaar,2007,"Hindi, Film","Gourov Dasgupta, Tribe, Anand Raj Anand","Anand Raj Anand, Panchhi Jalonvi",Big Music,0
ccc5f70d-b54c-55bc-b23a-a0a8c3bd2991,Dahek: A Restless Mind,2007,"Hindi, Film",Debjit Bera,Kunal Bose,Venus,0
bb56eac3-662e-588e-92ea-e96716fa7688,Darling,2007,"Hindi, Film","Pritam, Prasanna Shekhar, Himesh Reshammiya","Sameer, Sarim Momin",T-Series,0
93f2651c-f5c6-5fb0-af7d-667bf4d4eb53,Delhii Heights,2007,"Hindi, Film",Rabbi Shergill,Rabbi Shergill,Saregama,4.0
ba17690b-bd0b-5690-a3d6-2b8bbfc968ea,Dhakka,2007,"Hindi, Non Film","Leslie Lewis, Anu Malik, S.D. Burman","Mehboob, Rahat Indori, Neeraj",Sony Music,0
8b491eed-7d2d-5d82-81b7-c53a431d1974,Dhamaal,2007,"Hindi, Film","Raghav Sachar, Naveen, Adnan Sami",Sameer,Big Music,0
f0f96773-27bf-572c-9a81-25bbeda3f48d,Dhan Dhana Dhan Goal,2007,"Hindi, Film",Pritam,Javed Akhtar,T-Series,3.0
65c65b25-7c15-59b5-bcb4-13b72b9e4874,Dhokha,2007,"Hindi, Film","M.M. Kreem, Shiraz Uppal","Shakeel Azmi, Bharat Bhushan Pant, Khushbir Singh Shaad, Sayeed Quadri",Saregama,0
d4b4ea4b-3504-5cb9-8c68-273da678f2c7,Dhol,2007,"Hindi, Film",Pritam,"Mayur Puri, Irshad Kamil, Amitabh Verma, Ashish Pandit",T-Series,0
1b2b35d2-2cc3-5ea9-a8e8-e62006de81c2,Dil Dosti Etc,2007,"Hindi, Film","Siddharth - Suhas, Agnee","Prashant Pandey, Ram Goutam, Suhas Shetty, Siddharth Sharma, Kumaar",Big Music,0
da674196-5dca-53b3-ac75-39b421ccba02,Dus Kahaniyaan,2007,"Hindi, Film","Gourov Dasgupta, Bappa Lahiri, Shafqat Ali Khan, Anand Raj Anand","Virag Mishra, Panchhi Jalonvi, Ambar Hoshiyarpuri, Ibrahim Ashq",Eros Music,0
77dd48c0-4c03-5a32-855c-0a052a79d62f,Eklavya,2007,"Hindi, Film",Shantanu Moitra,Swanand Kirkire,Eros Music,4.5
d621789e-d50c-541d-9728-a18ecc9e7bbf,Fear,2007,"Hindi, Film",Himesh Reshammiya,Sameer,Saregama,0
2ffca138-0a79-5f8d-a02c-7154d8d0e302,Fool N Final,2007,"Hindi, Film",Himesh Reshammiya,Sameer,T-Series,0
57983c6a-2f23-5282-98b5-8910f3d10497,Gandhi My Father,2007,"Hindi, Film",Piyush Kanojia,,Eros Music,0
5c7a528f-25f9-5de9-b45d-028d1880d6a7,Ghutan,2007,"Hindi, Film",Vishwanath Dixit,"Ibrahim Ashq, J.P. Chandel",,0
e49edb7a-6a81-52d6-b585-c22ad3ed2b07,Global Drum Project,2007,"Instrumental, Non Film",,,Evangeline Records,0
2fd28b69-bf99-56ed-aa27-51618f1a9751,Go,2007,"Hindi, Film","Sneha Khanwalkar, Prasanna Shekhar, Amar Mohile","Swanand Kirkire, M. Nakul, Sarim Momin, Milind Gadagkar, Rahul B. Seth",Big Music,0
db5f4cab-5365-5c69-9fce-fab7c6c92df3,Good Boy Bad Boy,2007,"Hindi, Film",Himesh Reshammiya,Sameer,Tips,0
555d95c0-e556-5d07-87c7-2105a4f7f4b8,Guru,2007,"Hindi, Film",A.R. Rahman,Gulzar,Sony Music,4.0
c5c72df6-22e6-5326-a8bf-60f9d684b7eb,Hanuman Returns (Return Of Hanuman),2007,"Hindi, Film",Tapas Relia,"Tulsidas, Satish Mutatkar",T-Series,0
6777120b-8d7e-551a-a348-6f6163f0480c,Hattrick,2007,"Hindi, Film","Pritam, Rajesh Roshan, Zero DB","Mayur Puri, Vishal Dadlani, Amit Khanna, Ashish Pandit",Saregama,0
1944c760-34cb-59a9-a0f0-676430810917,Heyy Babyy,2007,"Hindi, Film","Shankar - Ehsaan - Loy, Akbar Sami","Sameer, Anvita Dutt Guptan",T-Series,0
ea6b189b-b16e-562d-b892-540c65dce7bd,Honeymoon Travels Pvt Ltd,2007,"Hindi, Film",Vishal - Shekhar,Javed Akhtar,T-Series,3.5
150aa643-aaeb-5991-9b6e-086296760a55,Humne Jeena Seekh Liya,2007,"Hindi, Film",Pranit Gedham,Pranit Gedham,Artist Aloud,0
af3a2b39-3d43-582e-bafd-49491b3b777c,Icy 'N' Spicy (A Journey To Tonga),2007,"Hindi, Film","Dilip Sen, Madhushree",Harvinder Mankkar,T-Series,0
f9e40ca5-158f-5556-8c79-4a05af145ad6,It's Breaking News,2007,"Hindi, Film",Kaushal S. Inamdar,Sahil - I,Gofish Records,0
f9106ee4-505e-5e03-9456-4e2c06d32908,"It's Ok, It's All Good",2007,"English, Non Film",,,Counter Culture Records,0
53026e69-c4c2-5405-af4b-07fe5806ba0b,Jab Deewane They Hum,2007,"Hindi, Non Film","Nikhil - Vinay, Kashi - Richard","Devendra Singh Bhatti, Shyam Anuragi",T-Series,0
54768d5d-07f5-507d-9839-854547da8229,Jab We Met,2007,"Hindi, Film","Pritam, Sandesh Shandilya","Irshad Kamil, Faaiz Anwar",T-Series,3.33
bd70fe97-f578-5dd9-9b87-f38c0a1ddfcf,Jahan Jaaeyega Hamen Paaeyega,2007,"Hindi, Film",Aadesh Shrivastava,"Dev Kohli, Nusrat Badr, Janmendra Ahuja",T-Series,0
f6e64394-9fbc-58ef-959e-48a763034dd1,Jai Jagannath,2007,"Hindi, Film",Akshya Mohanty,Abhilash,Amara Muzik,0
549f4466-169a-5dc6-8cb8-56f8c7374c65,Jana Gana Mana,2007,"Hindi, Non Film",A.R. Rahman,Rabindranath Tagore,Sony Music,3.0
e4cd0eaf-01d6-5156-9ab6-01a721acf62e,Jeena Tere Bina,2007,"Hindi, Non Film","Sundeep - Surya, Vicky S., Arun Daga","Vikram Choudhary, Naveen Tyagi, Sayeed Quadri",T-Series,0
7d625143-d926-5133-9c9c-399a455e3017,Jhoom Barabar Jhoom,2007,"Hindi, Film",Shankar - Ehsaan - Loy,Gulzar,YRF Music,3.0
5ba22580-555d-5c63-aa04-74b41e213023,Jhoomo Re,2007,"Hindi, Non Film","Kailash Kher, Naresh Kamath, Paresh Kamath","Kailash Kher, Amir Khusro",Sony Music,3.0
352e1830-e40a-5ddf-ae6e-10b65064cbd6,Johnny Gaddaar,2007,"Hindi, Film","Daniel B. George, Shankar - Ehsaan - Loy, Gulraj Singh, DJ Shane","Swanand Kirkire, Neelesh Misra, Jaideep Sahni, Des C, Hard Kaur",Big Music,3.67
ee117e65-d998-5b00-b6f1-54e5eaa7e2b2,Journey Bombay To Goa,2007,"Hindi, Film","Nitin Shankar, Ravi Meet",Shabbir Ahmed,Eros Music,0
9d22295b-e87b-57e8-8ba1-70fff1a68f30,Junoon,2007,"Hindi, Non Film","Amit Trivedi, Mithoon, Jatin Sharma, Biddu, Raju Singh","Anusha Mani, Sayeed Quadri, Vikram Choudhary, Amit Trivedi, Amitabh Verma, Biddu, Vaibhav Modi",Sony BMG,0
892a865b-d676-59f0-bca4-aea27a52c078,Just Married,2007,"Hindi, Film",Pritam,Gulzar,T-Series,0
d1b6c5f3-84bb-5f04-9ba6-6c267e62232e,Kaafila,2007,"Hindi, Film",Sukhwinder Singh,Babbu Maan,Pen,0
ecf187c6-aa7b-59cf-8a38-baed0e128d97,Kahaani Gudiya Ki,2007,"Hindi, Film",Vivek Prakash,Madan Pal,Times Music,0
05c37f63-5142-57e1-bf6a-3009c143adbc,Kaisay Kahein,2007,"Hindi, Film","Imran Ali Khan, Subhendu Mukherjee, Pritam","Ashish Pandit, Irshad Kamil, Kunwar Juneja, Rahul B. Seth",T-Series,0
b267c757-abf0-5ad1-9778-1e0bbe7c29c3,Khanna & Iyer,2007,"Hindi, Film",Tabun Sutradhar,"Sunil Jha, Rajesh Johri",T-Series,0
503d33b3-7dc4-522e-922a-c73fdb8296d7,Khoya Khoya Chand,2007,"Hindi, Film",Shantanu Moitra,Swanand Kirkire,Big Music,3.5
b8a91577-d5c8-5802-aba9-b4ab8abfbe93,Kisi Din,2007,"Hindi, Non Film",Adnan Sami,"Sameer, Adeem Hashmi, Amjad Islam Amjad, Riaz-Ur-Rehman Saghar, Maqbool Khwaja",T-Series,0
3ad15927-4491-558a-9eff-bb47892e130e,Kuch Khwaab Aise,2007,"Hindi, Non Film",Aadesh Shrivastava,Shekhar Suman,T-Series,0
fcb478f2-6c17-54e5-abe1-6c5a464c03e8,Kya Love Story Hai,2007,"Hindi, Film",Pritam,Shabbir Ahmed,T-Series,0
c2e902f6-70ba-5ad4-9e99-439eccc269a1,Laaga Chunari Mein Daag,2007,"Hindi, Film",Shantanu Moitra,Swanand Kirkire,YRF Music,0
7150784f-aa45-5828-83e9-cb52e334dfb2,Life In A Metro,2007,"Hindi, Film",Pritam,"Amitabh Verma, Sandeep Srivastava, Sayeed Quadri",Sony Music,4.75
d5e40f98-0017-5abc-a9c8-1c2da48207d7,Life Mein Kabhie Kabhiee,2007,"Hindi, Film",Lalit Pandit,Sameer,Times,0
b388f0b3-00fa-5d43-9fe1-0e2fd8458004,Loins of Punjab Presents,2007,"English, Film",Samrat Chakrabarti,Samrat Chakrabarti,Horn Ok Please Entertainment,0
e989c4fd-6bf5-53e3-8a13-3959c70782b9,MP3 - Mera Pehla Pehla Pyaar,2007,"Hindi, Film","Ashutosh Pathak, Dhruv Ghanekar","Kiran Kotrial, Aslam Noor, Vipin Mishra",T-Series,4.0
f233dd6e-79aa-557e-bd4c-be85e7113d2c,Manorama Six Feet Under,2007,"Hindi, Film","Raymond Mirza, Jayesh Gandhi","Rowdy, Irfan Siddiqui, Manoj Tapadia, Surendra Mishra, Jayesh Gandhi",Shemaroo,3.0
9d1273ed-3a56-5d32-b4d1-fa8edf9c1f2a,Marigold,2007,"English, Film",Shankar - Ehsaan - Loy,"Truth Hurts, Javed Akhtar, Willard Carroll",Big Music,0
6f1ea864-d099-5293-9a6b-4a22bea0c656,Meri Kahani,2007,"Hindi, Non Film",Atif Aslam,"Atif Aslam, Shahbaz Aslam, Omar Ahmed, Shahzad Aslam, Shah Hussain, Samad Ghafoor",Tips,0
8027a8b3-97de-5f9e-bbb4-14619398776c,Miss Anara,2007,"Hindi, Film","Mannishankar, Dilip Tahir",,M-Series,0
54c655d8-d3d5-5b14-8343-e358504a3af0,Mumbai Salsa,2007,"Hindi, Film",Adnan Sami,"Sameer, Adnan Sami",Big Music,0
dfd50a5c-af7c-5a5b-aef9-b4707612bc60,Namastey London,2007,"Hindi, Film",Himesh Reshammiya,Javed Akhtar,Eros Music,0
bd1c3422-35ec-5366-bd73-9bc94a955fb0,Nanhe Jaisalmer,2007,"Hindi, Film",Himesh Reshammiya,Sameer,Eros Music,0
c8b08fd2-f40e-57b9-9447-d5ab9640c554,Naqaab,2007,"Hindi, Film",Pritam,Sameer,Tips,4.0
b980ea2c-ffbc-5666-b402-9ea4ef160310,Nehlle Pe Dehlla,2007,"Hindi, Film","Daboo Malik, DJ Suketu, Anand Raj Anand, Pritam, Nitin Shankar, Nikhil - Vinay","Salim Bijnori, Sameer, Dev Kohli, Panchhi Jalonvi, Shabbir Ahmed, Faaiz Anwar",T-Series,0
49eb4d17-585d-513a-b714-040b1fc51c7a,New Day: The Love Album,2007,"English, Non Film",,,Blue Frog Records,0
4c247dd1-0dc5-5dfc-9572-20f79adf3e86,Nights In Shining Karma,2007,"Instrumental, Non Film",,,,0
111b1137-a69d-5268-87d0-3f772f5c0046,Nishabd,2007,"Hindi, Film","Vishal Bhardwaj, Amar Mohile","Munna Dhiman, Farhad - Sajid",T-Series,3.0
fbfcb342-0800-5861-ae1f-d2a61a18a5bd,No Smoking,2007,"Hindi, Film",Vishal Bhardwaj,Gulzar,Eros Music,0
fb60fbca-fb50-5894-b240-2a654d8f213b,Om Shanti Om,2007,"Hindi, Film",Vishal - Shekhar,"Vishal Dadlani, Javed Akhtar, Kumaar",T-Series,4.8
c0328462-48c2-5f89-b407-de1a10055953,Outrageous,2007,"Hindi, Non Film",Arup Banerjee,Sherlyn Chopra,T-Series,0
a0b1b7d1-4512-58e1-b79d-18007d50c70f,Partner,2007,"Hindi, Film",Sajid - Wajid,"Sanjay Chhel, Shabbir Ahmed, Jalees Sherwani",T-Series,3.0
c3b797ec-a37f-5d72-bd24-26774fb4d8aa,Phir Bewafaai - Deceived In Love,2007,"Hindi, Non Film",Nikhil,Praveen Bharadwaj,T-Series,0
21ba4541-6ba7-58cc-a5db-10798ffef8c5,Play It Loud,2007,"Hindi, Non Film",,,,0
1142755d-9c08-5340-9d73-dfcc23893c2d,Pray For Me Brother,2007,"Hindi, Non Film",A.R. Rahman,,KM Musiq,0
02e2da7a-8c32-531a-be8d-387b0230399c,Provoked,2007,"English, Film",A.R. Rahman,,,0
54a998c2-5cbf-5366-ae4d-04db62edf8a2,Ram Gopal Varma Ki Aag,2007,"Hindi, Film","Nitin Raikwar, Amar Mohile, Prasanna Shekhar, Ganesh Hegde","Nitin Raikwar, Sarim Momin, Sajid - Farhad, Shabbir Ahmed",T-Series,0
c4b25a2e-89c4-50e2-bdb1-73ab9e148e74,Raqeeb - Rivals in Love,2007,"Hindi, Film",Pritam,Sameer,T-Series,0
3f29a152-0329-561f-8b75-771335487cfc,Red - The Dark Side,2007,"Hindi, Film",Himesh Reshammiya,Sameer,T-Series,0
84ec9dd3-f51c-53a6-8856-56b7e2b48fdb,Red Swastik,2007,"Hindi, Film","Shamir Tandon, John Hunt, Ashutosh Singh","Vinod Pandey, Ashutosh Singh",Shemaroo,0
12cce8e5-9d27-582d-98a7-b484ee4b68c6,Rooh,2007,"Hindi, Film",Vaishnav Deva,"Mumtaz Nikhat, Sahil Azmi",,0
3ffb25e9-37e6-5cd3-9d97-ec3264d5f68e,Saadgi,2007,"Hindi, Non Film",Mayuresh Pai,"Meraj Faizabadi, Javed Akhtar, Farhat Shahzad",T-Series,3.0
e6e82431-974c-59a9-9af5-e5ffb1a34323,Saawariya,2007,"Hindi, Film","Monty Sharma, Sanjay Leela Bhansali","Sameer, Nusrat Badr, Sandeep Nath",Sony Music,0
b8a93f3c-7a88-5f2a-9ece-7b009966d86f,Salaam Bachhe,2007,"Hindi, Film",Raju Singh,Kumaar,,0
285a7677-80d8-5557-a7d5-31cb39e14a3a,Salaam-E-Ishq,2007,"Hindi, Film","Shankar - Ehsaan - Loy, O.P. Nayyar","Majrooh Sultanpuri, Sameer",T-Series,0
cbbfbe0e-8ce9-5030-8a0c-89471f1a3f9d,Sapna Dekha Hai Maine,2007,"Hindi, Non Film",,Prasoon Joshi,Virgin,0
56528a7f-7903-5d5a-b95e-6552f9ca46fc,Sarhad Paar,2007,"Hindi, Film","Anand Raj Anand, Sameer - Kanchman","Dev Kohli, Sheershak Anand",T-Series,0
45cb3e4c-2f4f-5048-ab75-876f7477be7f,Say Salaam India,2007,"Hindi, Film",Gaurav Dayal,"S. Mukhtiyar, Gauhar Raza, Lalli, Kuldeep Singh - I",M-Series,0
c6e8dd54-7f87-551b-9601-cd15c4bb17fc,Shakalaka Boom Boom,2007,"Hindi, Film",Himesh Reshammiya,Sameer,T-Series,0
55ec0a88-8cd0-58cd-9d06-2c3e99f9c421,Shootout At Lokhandwala,2007,"Hindi, Film","Strings, Mika Singh, Biddu, Anand Raj Anand, Euphoria","Anwar Maqsood, Mika Singh, Virag Mishra, Biddu, Dev Kohli, Deekshant Sherawat, Palash Sen, Sanjay Gupta",T-Series,0
b26958f4-12f3-57d3-a9e0-36fde424bceb,Showbiz,2007,"Hindi, Film",Lalit Pandit,Sayeed Quadri,T-Series,0
9ea0cde3-5171-5fc7-acb2-b7595b4d6787,Shut Up N Kiss Me,2007,"Hindi, Non Film",Ravi Bal,,Tips,0
d484515c-070e-5117-815c-1aad890e4c29,Sivaji - The Boss,2007,"Hindi, Film",A.R. Rahman,P.K. Mishra,Sony Music,0
6f683898-19cd-58af-ae47-e10caf9cda87,Speed,2007,"Hindi, Film",Pritam,Mayur Puri,Tips,0
2d262b29-6656-5870-8005-cae98ce3b4ff,Super Girl,2007,"Hindi, Non Film","DJ Sheizwood, C. Ramchandra, Kalyanji - Anandji, R.D. Burman","Shabbir Ahmed, Rajendra Krishan, Sandeep Nath, Indeevar, Anand Bakshi",Venus,0
929078f1-0e06-59cf-8795-ca7bc632663b,Superwoman,2007,"English, Non Film",Hard Kaur,Hard Kaur,Saregama,0
fb4bc725-1e6c-52f6-96fa-0d31831c151d,Swami,2007,"Hindi, Film","Nitin Nitz Arora, Sony Chandy",Sameer,Times,0
757ed8bb-f6c5-56a0-a3c0-311312ff0de8,Taare Zameen Par,2007,"Hindi, Film","Shankar - Ehsaan - Loy, Shailendra Barve","Prasoon Joshi, Amole Gupte",T-Series,4.75
8962e687-b387-5d41-a51a-8a318eec6cb4,Tara Rum Pum,2007,"Hindi, Film",Vishal - Shekhar,Javed Akhtar,YRF Music,0
741a10a7-b36e-5593-9115-6aec735bcb5b,The Blue Umbrella,2007,"Hindi, Film",Vishal Bhardwaj,Gulzar,Times,0
ebb1d095-65cf-53eb-a7a3-9e5d0e7d40d9,The Namesake,2007,"English, Film","Nitin Sawhney, Sudhin Dasgupta",Sudhin Dasgupta,Fox Music,0
9e491117-3fd7-5807-b690-432d123ec70b,The Train,2007,"Hindi, Film",Mithoon,Sayeed Quadri,T-Series,3.0
23dba43a-32a3-51d4-9d13-65f0e102dd0e,This Is Me,2007,"Hindi, Non Film",Leslie Lewis,Mehboob,Saregama,0
f62e706f-8523-5ed7-af3e-8d026cc1d6f6,Time Traveler,2007,"Instrumental, Non Film",Rahul Sharma,,Saregama,0
67efd551-717f-5b22-a77d-663e4eb89308,Traffic Signal,2007,"Hindi, Film","Shamir Tandon, Raju Singh",Sameer,Sony BMG,0
612a1fdd-9ccb-5abc-80ce-cb71b14d9ab4,Victoria No. 203,2007,"Hindi, Film","Viju Shah, Kalyanji - Anandji","Chandrashekhar Rajit, Verma Malik, Asif Ali Beg",Saregama,0
b2284a82-c0d1-55c9-a0de-35c9eabbcfd4,Waqt Par Bolna,2007,"Hindi, Non Film",Hariharan,Traditional,Sony BMG,0
5a8be081-9423-53b5-82f7-ce90eeac0e46,Welcome,2007,"Hindi, Film","Anand Raj Anand, Himesh Reshammiya, Sajid - Wajid","Ibrahim Ashq, Sameer, Anjan Sagri, Anand Raj Anand, Shabbir Ahmed",Junglee Music,0
a1d4b8d6-95b8-50bb-b397-9731e8f9ac91,Zindagi,2007,"Hindi, Non Film",Alaap,"Shabbir Ahmed, Ravi Basnet, Sunil Bhatia",Universal,0
97394ae4-f127-5371-b089-6d76c749c178,1920,2008,"Hindi, Film",Adnan Sami,Sameer,Big Music,3.5
ad2be6b6-cc04-5b6f-b59e-d33a408f907b,A Wednesday,2008,"Hindi, Film",Sanjoy Chowdhury,"Irshad Kamil, Bulleh Shah",T-Series,0
894597e7-fc12-50ab-be87-25ec8445b281,Aaj Ka Boss,2008,"Hindi, Film",Ghulam Ali - I,"Nawab Arzoo, Navdeep Bikaneri",,0
fa67138f-125a-584c-9b52-ad33027bca00,Aamir,2008,"Hindi, Film",Amit Trivedi,Amitabh Bhattacharya,Sony BMG,4.0
364ed935-46f5-564e-8919-910f733c7b71,Aawargee,2008,"Hindi, Non Film",Ghulam Ali,Mohsin Naqvi,,0
b5bfeb99-1ff6-55a3-a426-e59f4d9e8e52,Ada A Way Of Life,2008,"Hindi, Film",A.R. Rahman,"Nusrat Badr, Raqueeb Alam",Big Music,4.0
d9075118-1e57-5fe9-b0d4-f60dadee7604,Again Dekh Jawani Dekh,2008,"Hindi, Non Film","Meet Brothers, Tatta Tannu",Kunwar Juneja,Worldwide Records,0
01f54ec1-ceb3-5ab1-ba21-c2fb1095efb5,Anamika,2008,"Hindi, Film",Anu Malik,Sameer,Venus,0
838ce7f4-1a0f-5b34-85d6-733166a903cb,Antaragni - The Fire Within,2008,"Hindi, Non Film",,"Raghu Dixit, Neeraj Singh, Shishunala Sharif",Vishal And Shekhar Records,3.0
cb75f330-e7dc-5669-9e57-8387ef3f2438,Anuranan,2008,"Hindi, Film",Tanmoy Bose,"Dibya Mukherji, Rabindranath Tagore",Shemaroo,0
adea67ae-a179-5850-9b46-d691d39e54b4,Bachna Ae Haseeno,2008,"Hindi, Film","Vishal - Shekhar, R.D. Burman",Anvita Dutt Guptan,YRF Music,4.67
11b870d6-4ded-5e65-9732-c9670e1b403a,Bal Ganesh,2008,"Hindi, Film","Shamir Tandon, Sanjay Dhakan","Vibha Singh, Shabbir Ahmed, Rajendra Mehra",Shemaroo,0
b9432273-4441-59bb-9041-24c1f0c294ed,Barsan Lagi,2008,"Hindi, Non Film",Robby Badal,Wajid Ali Shah,Royant Music,0
8f8f9aad-ebce-5015-9190-d4f68fd98f58,Bewafa Yaar Tha,2008,"Hindi, Non Film",,,,0
447c3c0e-71ad-5b20-8ea3-de60cff11b72,Bhoothnath,2008,"Hindi, Film","Vishal - Shekhar, Salim - Sulaiman",Javed Akhtar,T-Series,0
4b7632bd-847f-504f-b192-cb34e6aee391,Bhram,2008,"Hindi, Film","Siddharth - Suhas, Pritam","Kumaar, Irshad Kamil",Times,0
71023265-6bd9-5fbf-b957-f1b26546b8a3,Black & White,2008,"Hindi, Film",Sukhwinder Singh,Ibrahim Ashq,T-Series,3.0
10b183ac-0ac2-5e4a-802d-0c3487c3a30b,C Kkompany,2008,"Hindi, Film","Anand Raj Anand, Bappa Lahiri","Anand Raj Anand, Shabbir Ahmed",T-Series,0
d3eda987-db64-5f9d-8b4a-e5288002fc85,Chamku,2008,"Hindi, Film",Monty Sharma,Sameer,T-Series,0
7c872f02-c16a-5938-8e74-76aea762641b,Charkha,2008,"Hindi, Non Film",,"Bulleh Shah, Ahmad Anees, Anwar Jogi, Rahat Fateh Ali Khan, Hazrat Shah Hussain",Saregama,4.0
14be2510-cbd8-5b7e-a8a2-07320f940556,Chupke Chupke - Live In Concert,2008,"Hindi, Non Film",Ghulam Ali,"Hasrat Mohani, Nasir Kazmi",,0
62e88970-452b-5284-8b5b-85fdd31cee1c,Classically Mild,2008,"Hindi, Non Film",Deepak Pandit,Ajay Jhingran,Saregama,0
d6ec2e46-9bc1-5875-acb2-3fb64b060723,Contract,2008,"Hindi, Film","Bapi - Tutul, Amar Mohile, Sanaa","Prashant Pandey, Mehboob Kotwal",T-Series,0
652d29a7-36f4-5cfe-8ec1-f0799a825786,Dashavatar,2008,"Hindi, Film",Anand Kurhekar,Sandeep Khare,T-Series,0
2e80abad-c9da-5bd1-b2d5-7a06f0ab8a86,Dasvidaniya,2008,"Hindi, Film",Kailash Kher - Naresh Kamath - Paresh Kamath,Kailash Kher,Junglee Music,0
2caa0115-70c5-5c87-a259-47b373b36b51,De Taali,2008,"Hindi, Film",Vishal - Shekhar,"Vishal Dadlani, Abbas Tyrewala",T-Series,0
1d864b91-0878-5d56-a3d1-45e3e1a054ef,Deshdrohi,2008,"Hindi, Film","Pramod Nair, Nikhil","Sahil Fatehpuri, Kamaal Rashid, Vimal Kashyap",T-Series,0
090ba549-c89a-51d0-afd6-dc26146e57f8,Dhoom Dadakka,2008,"Hindi, Film",Roop Kumar Rathod,"Shakeel Azmi, Parveen Kumar Ashk",Eros Music,0
8bc18226-3c13-5692-afc3-1db9153e6f02,Dil Kabaddi,2008,"Hindi, Film","Sachin Gupta, Dhruv Dhalla","Sachin Gupta, Virag Mishra, Rahat Fateh Ali Khan, Shabbir Ahmed",Sony Music,0
4ac19954-e3c7-59b9-be8a-2422d81da8ca,Dil Ki Awaaz,2008,"Hindi, Non Film","Gurudutt Saahil, S.R. Raajan",Sudhakar Sharma,Yellow & Red Music,0
4931f837-1eba-53b6-ba38-e181f9a391a4,Don Muthu Swami,2008,"Hindi, Film",Anu Malik,"Amitabh Verma, Rahat Indori",Saregama,0
ca8a4572-dd72-5299-91af-489453a722bf,Don't Touch Me,2008,"Hindi, Non Film",Tony Kakkar,,Sony Music,0
a4d0101f-dfa7-59ef-a1f4-2fe2c34ce9c7,Dostana,2008,"Hindi, Film",Vishal - Shekhar,"Kumaar, Anvita Dutt Guptan, Vishal Dadlani",Sony Music,4.0
99417204-eeea-5697-8f8a-b3168c6f4556,Drona,2008,"Hindi, Film",Dhruv Ghanekar,Vaibhav Modi,Eros Music,0
a6be1d6b-6aa3-59ca-bccd-8f8efab2c076,Dulhan Ko Dulha Pyara Lage,2008,"Hindi, Non Film","Bappi Lahiri, Triveni - Bhavani","Maya Govind, Traditional",Venus,3.0
030ec4e8-13b7-5129-bc1a-57149fbe1cd1,EMI,2008,"Hindi, Film",Chirantan Bhatt,"Hamza Faruqui, Sarim Momin, Shakeel Azmi, Shabbir Ahmed, Junaid Wasi, Amar Valentine",T-Series,0
f298c545-7c2f-5efd-884b-b527db17998c,Ek Vivaah Aisa Bhi,2008,"Hindi, Film",Ravindra Jain,Ravindra Jain,Big Music,0
cb447a3a-1287-59af-bf33-28b223fa6176,Endless Love,2008,"Hindi, Non Film",,Mumtaz Rashid,T-Series,0
5a7b1247-21a1-565d-98ab-597c9ac73276,Fashion,2008,"Hindi, Film",Salim - Sulaiman,"Sandeep Nath, Irfan Siddiqui",T-Series,0
d58c2f03-070b-594b-bccb-657780eccf13,Fusion,2008,"Hindi, Non Film",Nayab Raja,"Suroor Lucknowi, Zaheer Anwar, Seema Saini, Vijay Vijawat, Sahil Fatehpuri, Meraj Rampuri",Yellow & Red Music,0
c045ab4d-6910-5ca7-b6f2-8572a16ab1d8,Ghajini,2008,"Hindi, Film",A.R. Rahman,Prasoon Joshi,T-Series,3.2
cec507eb-dbbe-5ca8-bc61-b776d672b7e8,Ghatothkach: Master Of Magic,2008,"Hindi, Film",Singeetam Srinivas Rao,Sameer,T-Series,0
6b401f3a-c0ae-52f0-829e-ac882090f83d,God Tussi Great Ho,2008,"Hindi, Film",Sajid - Wajid,"Shabbir Ahmed, Deven Shukla, Jalees Sherwani",T-Series,0
19abb3a9-9db6-5c46-b414-9ec6c6f36887,Golmaal Returns,2008,"Hindi, Film","Pritam, Ashish Pandit",Sameer,T-Series,3.0
e512870a-7559-5df9-ae07-aabd2b5879cd,Good Luck,2008,"Hindi, Film",Anu Malik,Sameer,Venus,0
a9b08192-cc9c-52a2-8c72-d6e7b4630687,Haal-E-Dil,2008,"Hindi, Film","Pritam, Vishal Bhardwaj, Anand Raj Anand, Raghav Sachar","Shabbir Ahmed, Munna Dhiman, Sameer, Aditya Dhar",T-Series,0
74806b39-7cc2-5aa4-9a05-ce68dd58ba49,Halla Bol,2008,"Hindi, Film","Vanraj Bhatia, Sukhwinder Singh","Mehboob Kotwal, Sameer, Dushyant Kumar",T-Series,0
44121b4b-46e2-5038-bee3-d9a5728b025c,Hari Puttar,2008,"Hindi, Film","Guru Sharma, Aadesh Shrivastava","Vishal Navnit, Guru Sharma, Sameer, Kuku Prabhas",T-Series,0
cd60fe91-1476-5b4e-9909-f6ed49ed210a,Hastey Hastey,2008,"Hindi, Film",Anu Malik,Sameer,T-Series,0
678dbeb3-b8fd-5d0d-82a1-5de2f32ae380,Hello,2008,"Hindi, Film",Sajid - Wajid,Jalees Sherwani,Tips,0
182675b4-a677-5bf8-9f49-d893fe479ee6,Heroes,2008,"Hindi, Film","Monty Sharma, Traditional, Sajid - Wajid","Rahul B. Seth, Traditional, Jalees Sherwani",Eros Music,0
85eafaa6-65bb-5645-a195-5dc1cc9f6dfb,Hijack,2008,"Hindi, Film",Justin - Uday,Kumaar,Eros Music,3.0
e9b318d1-649c-5bc1-83e2-e982c7fe5a94,Hum Sey Hai Jahaan,2008,"Hindi, Film","Siddharth - Suhas, Abuzar","Kumaar, Tajdar Kamaal Amrohi",Hit Music,0
283d7774-55a0-5278-80bb-e8ab3cb4160d,Humsafar,2008,"Hindi, Non Film",KK,Mehboob,Sony Music,3.0
1c647208-6228-514c-a752-c6651116b54f,Interface,2008,"Instrumental, Non Film",,,Saregama,0
e3a855c4-ece7-5044-b5f7-cb3475f5569c,Ishq Gali Naa Jaiyo,2008,"Hindi, Non Film","Krishna Beura, Sachin Gupta, Prakash Ashish","Faaiz Anwar, Rohit Sharma, Shellee",Tips,0
84959e88-a7b8-576a-a659-201f7d3b5cb8,Jaane Tu Ya Jaane Na,2008,"Hindi, Film",A.R. Rahman,Abbas Tyrewala,T-Series,5.0
5ecc70fd-f9da-5cff-a91f-8fa5f4b8380a,Jannat,2008,"Hindi, Film","Pritam, Kamran Ahmed","Sayeed Quadri, Neelesh Misra, Kamran Ahmed",Sony BMG,4.0
a5459387-0223-5edd-b800-d4e317c277bd,Jeena To Hai,2008,"Hindi, Film",Uttsava Anand,"N. Kaskar, Shyam Raj, Tasneem Arsh",Red And Yellow Music,0
0305e75e-28ec-59ef-87c2-679f2d84d6f0,Jimmy,2008,"Hindi, Film","Anand Raj Anand, Bappa Lahiri, Vijay Verma","Ranbir Pushp, Virag Mishra, Anand Raj Anand",Venus,0
8b35c726-a89f-5889-b2e6-62e6cc950a71,Jodhaa Akbar,2008,"Hindi, Film",A.R. Rahman,"Javed Akhtar, Kashif",Sony Music,3.5
14304f10-f674-5b91-ab5b-8fe48e5dfe3a,Jumbo,2008,"Hindi, Film",Ram Sampath,"Munna Dhiman, Israr Ansari, Asif Ali Beg, URL, Ram Sampath",T-Series,0
a95ffdfd-23ae-524a-9a12-a69912957a10,Karzzzz,2008,"Hindi, Film","Himesh Reshammiya, Laxmikant - Pyarelal","Sameer, Anand Bakshi",T-Series,0
ea1fb977-c713-571f-a576-6d26c4b44891,Khushboo,2008,"Hindi, Film",Adnan Sami,Javed Akhtar,Dhol Music,0
d25aca84-7078-5a69-94a1-1a481d8c7616,Kidnap,2008,"Hindi, Film","Pritam, Sandeep Vyas, Sanjeev Vyas","Mayur Puri, Sandeep Vyas, Sanjeev Vyas",Sony Music,0
15df20a9-01f0-5483-b585-f14d52fc04f5,Kismat Konnection,2008,"Hindi, Film","Pritam, Sajid - Wajid","Shabbir Ahmed, Sayeed Quadri",Tips,0
e5a3f0ee-3fdf-5348-9aae-3c250fbb5e78,Koi Aane Wala Hai,2008,"Hindi, Non Film",Strings,Anwar Maqsood,Sony Music,4.0
6812bc52-d5c5-5105-9b76-5cf429070b9a,Krazzy 4,2008,"Hindi, Film","Rajesh Roshan, Rabindranath Tagore","Asif Ali Beg, Javed Akhtar, Rabindranath Tagore",T-Series,0
6d2b1da0-89e7-5238-8ce0-d7252300d4bf,Kya Cheez Hai Sharab,2008,"Hindi, Non Film",Bhupinder Singh,Rajesh Rahi,Saregama,0
e3d8e562-2673-53b0-923d-0854cfe6c988,Kyon Toone Dil Ko Toda,2008,"Hindi, Non Film",Satish Sharma,"Ajay Milind, Satish Sharma, Praveen Bharadwaj, Prashant Vasl, Praveen K. Ashk",T-Series,0
c19f5e86-c810-5bb0-837b-a4dab47eb216,Light Tribe,2008,"English, Non Film",,,,0
414ff19e-bf65-54ab-ac00-d1447c746d08,Love Story 2050,2008,"Hindi, Film",Anu Malik,Javed Akhtar,Big Music,0
631647a3-3501-5674-93ba-d439df08f359,Maan Gaye Mughall-E-Azam,2008,"Hindi, Film",Anu Malik,Sanjay Chhel,Venus,0
c3ff3d08-720c-57eb-96b9-4af1a1e702fe,Maharathi,2008,"Hindi, Film",Shibani Kashyap,Sanjay Chhel,T-Series,0
1be8ffbd-1f8e-5f82-a5c4-c2d6e3d1caa9,Manthan - Ek Kashmakash,2008,"Hindi, Film",Prakash Ashish Veeru,Tanveer Ghazi,,0
d2a50560-3645-5f39-b7ec-abf6a02d4e7e,Meerabai Not Out,2008,"Hindi, Film",Sandesh Shandilya,"Soumik Sen, Sandesh Shandilya, Ashish Puri, Prashant Vasl, Irfan Siddiqui, R.N. Dubey",Sony Music,0
b3598d21-c200-5190-87ce-48fe971cb6bf,Mehbooba,2008,"Hindi, Film",Ismail Darbar,Anand Bakshi,T-Series,0
3ede794a-9e8c-5985-9855-5dbf81593352,Mere Baap Pehle Aap,2008,"Hindi, Film","Tauseef Akhtar, Vidyasagar",Sameer,T-Series,0
29aea670-a5f4-5412-8517-06a224c8e723,Mission Istanbul,2008,"Hindi, Film","Mika Singh, Anu Malik, Chirantan Bhatt, Shamir Tandon","Mika Singh, Virag Mishra, Sameer, Ege, Hamza Faruqui, Shabbir Ahmed",T-Series,0
711059bd-6318-569a-b7d7-f54e6a10947b,Money Hai Toh Honey Hai,2008,"Hindi, Film","Nitin Nitz Arora, Sony Chandy",Sameer,Eros Music,0
74fce5b7-bef7-5951-9de8-2134bd85d59e,Mr. White Mr. Black,2008,"Hindi, Film","Tauseef Akhtar, Jatin - Lalit, Shamir Tandon","Sameer, Shabbir Ahmed",Eros Music,0
cb935c62-5ff8-53d5-afe7-c2524d302366,Mudrank,2008,"Hindi, Film",Bappi Lahiri,Shakir Shaikh,Dhol Music,0
cbb9665d-99d3-5943-832b-71355f685209,Mumbai Meri Jaan,2008,"Hindi, Film",Sameer Phaterpekar,Yogesh Vinayak Joshi,,0
be0b2fdb-7a42-5992-b288-e1da328ade34,My Friend Ganesha 2,2008,"Hindi, Film","Vinay Kapadia, Raaj Ashu, Sameer Phatarpekar","Sudhakar Sharma, Kuku Prabhas, Raaj Ashu",Venus,0
81b2efd0-551c-57ab-b43e-bc51cd7a96f2,My Name Is Anthony Gonsalves,2008,"Hindi, Film","Sachin - Jigar, Pritam, Himesh Reshammiya","Irshad Kamil, Sameer",T-Series,3.0
05e3b44f-7d72-59de-a9fa-9ed9c8d36b92,One Two Three,2008,"Hindi, Film",Raghav Sachar,"Aditya Dhar, Munna Dhiman",Eros Music,0
3b8e4051-598c-5597-a698-3e59bb8c1b25,Oye Lucky! Lucky Oye!,2008,"Hindi, Film",Sneha Khanwalkar,"Dibakar Banerjee, Amitosh Nagpal, Manu Rishi, Kanu Behl, Mange Ram",T-Series,3.0
9a7dab2a-dba4-56b3-8ed1-659f4e313753,Precious Platinum,2008,"Hindi, Non Film",Nitin Ramesh Shankar,"Nusrat Badr, Israr Ansari, A.M. Turaz",Saregama,0
35784589-6703-560b-aeee-2a541c69540f,Rab Ne Bana Di Jodi,2008,"Hindi, Film",Salim - Sulaiman,Jaideep Sahni,YRF Music,4.0
bb878ac2-b2cf-50c6-a3e9-feca62f7cc34,Race,2008,"Hindi, Film",Pritam,"Sameer, T.S. Jarnail",Tips,3.5
5650ef72-01c3-5b07-bc60-833932f0e111,Rafoo Chakkar,2008,"Hindi, Film","Lalit Pandit, Siddharth - Suhas",Salim Bijnori,Shemaroo,0
4f783a27-6ad5-5ff0-a806-51bca33c7ab6,Rama Rama Kya Hai Dramaaa,2008,"Hindi, Film",Siddharth - Suhas,Kumaar,T-Series,0
336128ff-e9aa-5f97-9cc5-f1cbb2c7f26c,Roadside Romeo,2008,"Hindi, Film",Salim - Sulaiman,Jaideep Sahni,YRF Music,0
594e3c3d-ea53-5186-bc94-70695659f233,Rock On,2008,"Hindi, Film",Shankar - Ehsaan - Loy,Javed Akhtar,Big Music,4.5
e94dd522-5a3b-5f60-bbd3-b750a4b27727,Royal Utsav,2008,"Hindi, Film",Vaishnav Deva,"Sahil Rayyan, Mumtaz Nikhat, Sahil Azmi, S. Neeraj, Ravi K. Patwa",Worldwide Records,0
5af66926-f2ed-5a58-9499-08ed8dbf1738,Ru Ba Ru,2008,"Hindi, Film","Sameeruddin, Satyadev Barman, Speed Of Sound, Ranjit Barot","Sameeruddin, Soumik Sen, Arjun Chandramohan Bali, Aditya Narayan, Shuja Haider, Akshay Verma - I",T-Series,0
d22dad1c-887c-592e-a560-5d452ef0fe8f,Saas Bahu Aur Sensex,2008,"Hindi, Film","Randolph Correia, Bipin Panchal, Blaaze","Raqueeb Alam, Shona Urvashi, Monica Nath, Blaaze",T-Series,0
f593f70b-f871-5369-b2fb-7ad84471b581,Samay Ki Pukar,2008,"Hindi, Non Film",Jatin - Lalit,,BK Publications,0
c84eb70b-1dcc-5994-a618-b238a300971c,Sarkar Raj,2008,"Hindi, Film",Bapi - Tutul,"Sandeep Nath, Prashant Pandey",T-Series,0
412acc46-338a-5d39-b13d-1213d82dcaef,Shaurya,2008,"Hindi, Film","Adnan Sami, Surendra Sodhi","Javed Akhtar, Jaydeep Sarkar",Moser Baer,0
ad9010c1-0e99-5f21-b205-9b2f8d3da64e,Singh Is Kinng,2008,"Hindi, Film","Pritam, Calvin Broadus, Surjeet Singh - I, Manjeet Ral, Kuldeep Ral","Mayur Puri, Bimal Oberoi",Junglee Music,3.0
5e467c7b-347e-5000-b1ec-49f78aba8db0,Something Something,2008,"Hindi, Non Film",Mika Singh,,Tips,0
56c005df-22e7-50ac-a9a6-d90c52ba9fd4,Sorry Bhai,2008,"Hindi, Film","Gaurav Dayal, Vivek Philip","Amitabh Verma, Nanette Natal, Vivek Philip",T-Series,0
56e56b5f-dc19-57c6-9713-ae2253c893a5,Sufiana,2008,"Hindi, Non Film",Kavita Seth,"Rumi, Syed Zia Alvi",Times,0
635326c0-4718-5247-bccd-b2b67618c0e0,Summer 2007,2008,"Hindi, Film",Gourov Dasgupta,"Vibha Singh, Ujjayinee Roy, Gourov Dasgupta",T-Series,0
32241a3a-1ca9-5834-a068-c69134175e6e,Sun Le,2008,"Hindi, Non Film","Vidyut Goswami, Gaurav Dayal",Shael Oswal,Universal,0
48e90461-1ded-59ec-bd6a-5110b9141151,Sunday,2008,"Hindi, Film","Sandeep Chowta, Suroor, Daler Mehndi, Shibani Kashyap, Raghav Sachar, Amar Mohile","Farhad - Sajid, Kamran Bari, Daler Mehndi, Virag Mishra, Aditya Dhar, Joy",Eros Music,0
53e3ac3e-ebcb-5e1b-a149-46be3ca19b70,Super Star,2008,"Hindi, Film",Shamir Tandon,"Vibha Singh, Shabbir Ahmed",T-Series,0
0e5e7eb7-913f-54f9-969f-e55256a8b9a5,Swarathma,2008,"Hindi, Non Film",Swarathma,"Hitesh Kewalya, Vasu Dixit, Bhavneet Kaur",EMI,3.0
5d91f059-1158-501d-b531-34989f2daf04,Tabeer,2008,"Hindi, Non Film",,,Music Today,3.0
12038d0b-d0d6-5fec-86c8-a8e889bc44fc,Tahaan,2008,"Hindi, Film","Taufiq Qureshi, Adnan Sami, Traditional","Mehboob Kotwal, Fazil Kashmiri, A.G. Madhosh",T-Series,0
e9f67fb0-d04f-5240-ae68-e45798922aba,Tashan,2008,"Hindi, Film",Vishal - Shekhar,"Anvita Dutt Guptan, Kausar Munir, Vishal Dadlani, Piyush Mishra",YRF Music,3.0
bd451685-6626-52ab-974e-8ed637990095,Tera Naam,2008,"Hindi, Film",Vishnu Narayan,"Rishi Azad, Saani Aslam, Atique Allahabadi",Venus,0
b437dbd0-9cdb-5bc8-9501-fdd9071957b5,The Hero - Abhimanyu,2008,"Hindi, Film","Farid Sabri, P. Sameer, Gurudutt Saahil, Harish Chauhan, Pawan Goswami",Sudhakar Sharma,Vision Corporation,0
60c99c6a-f08f-552e-b40a-59a344296e6c,Thoda Pyaar Thoda Magic,2008,"Hindi, Film",Shankar - Ehsaan - Loy,Prasoon Joshi,YRF Music,3.5
af715e3a-e2cb-5206-a003-6441dbbfee23,Thodi Life Thoda Magic,2008,"Hindi, Film","Vinay Tiwari, Siddharth - Suhas","Irshad Kamil, Sunil Jogi, Aanand L. Rai",T-Series,0
f1ddad40-dfc7-54c6-94ad-f028be012a62,Tu To Na Aai,2008,"Hindi, Non Film","Rajesh Roshan, R.D. Burman, Vishal - Shekhar, Amit Trivedi, Kalyanji - Anandji, Ajay Singha, Leslie Lewis","Anjaan, Anand Bakshi, Vishal Dadlani, Amitabh Bhattacharya, Rajendra Krishan, Syed Aslam Noor, Mehboob, Amit Trivedi",Sony Music,0
59339a9e-86e2-59d2-ace4-34c359feeb36,Tulsi,2008,"Hindi, Film",Nikhil - Vinay,Irshad Kamil,,0
af71764d-206d-5a44-a4d0-2495d54a507d,U Me Aur  Hum,2008,"Hindi, Film",Vishal Bhardwaj,Munna Dhiman,Eros Music,3.0
79f9b7f7-a53c-5ecd-926a-3fe3999e2124,Ugly Aur Pagli,2008,"Hindi, Film",Anu Malik,Amitabh Verma,T-Series,0
382252ed-a3bd-5676-97a7-79fe7f371039,Via Darjeeling,2008,"Hindi, Film",Prabuddha Banerjee,"Mrityunjay Kumar Singh, Vibha Singh, Sanjeev Tiwari, Gautam Nag, Arindam Nandy",Saregama,0
6006cfb5-f3fc-5dd9-879a-7dbdadb97508,Visions Of India,2008,"Hindi, Non Film",,"Narsinh Mehta, Sameer",Times,0
cf8e8002-70c1-593a-b084-07263fbd6e66,Wafaa,2008,"Hindi, Film","Sayed Ahmed, Ravi Pawar","Payam Sayeedi, Shahab Allahabadi, Salim Raza - I",Red And Yellow Music,0
f898aa0b-4180-574f-b1ec-3e5a15d6ac9c,Welcome To Sajjanpur,2008,"Hindi, Film",Shantanu Moitra,"Ashok Mishra, Swanand Kirkire",T-Series,0
2655ae11-28aa-5f85-be05-2784b99e969f,Woh Bewafa,2008,"Hindi, Non Film",Nikhil,Praveen Bharadwaj,T-Series,0
5e373efc-aac4-5237-bec7-4d87cc850096,Woodstock Villa,2008,"Hindi, Film","Anu Malik, Shibani Kashyap, Mika Singh","Virag Mishra, The Aryans, Manoj Muntashir, Mika Singh",T-Series,0
fab5c538-e9cb-5476-b078-e8988e9f3efc,Yaar Meri Zindagi,2008,"Hindi, Film",R.D. Burman,"Majrooh Sultanpuri, Surendra Sathi",G Series,0
01d6488d-bfb0-5198-b032-3461777d6ce1,Yeh Hawa Kehti Hai Kya,2008,"Hindi, Non Film",Lalit Sen,"Jai Walia, K.M. Sadasivan, D.J. Narain",Universal,0
deb892fc-19bc-59f4-b815-291140ae598c,Yuvvraaj,2008,"Hindi, Film",A.R. Rahman,Gulzar,T-Series,0
8bb9ba25-8024-5b27-936d-eb7ef2f10c62,Zindagi Tere Naam,2008,"Hindi, Film",Sajid - Wajid,"Jalees Sherwani, Faaiz Anwar Quereshi",Venus,0
80adb997-10d6-5e33-9602-632b7375a11d,13B,2009,"Hindi, Film",Shankar - Ehsaan - Loy,Neelesh Misra,Big Music,0
518ca1bd-26b8-52ec-98ed-e57b47ebc998,3 Idiots,2009,"Hindi, Film",Shantanu Moitra,Swanand Kirkire,T-Series,3.25
86b75692-3f65-58df-bda9-8c7f73bdaa49,8x10 Tasveer,2009,"Hindi, Film","Neeraj Shridhar, Salim - Sulaiman, Ismail Darbar, Bohemia","Sameer, Irfan Siddiqui, A.M. Turaz, Bohemia",T-Series,3.0
2f184e93-e4e9-50d8-9291-096e9bd94297,99,2009,"Hindi, Film","Ashu, Roshan Machado, Shamir Tandon, Mahesh Shankar","Vaibhav Modi, Amitabh Bhattacharya, Shabbir Ahmed, Chintan Gandhi",Saregama,0
cfcd992e-3294-5866-8bb2-2e408e006824,Aa Dekhen Zara,2009,"Hindi, Film","Gourov Dasgupta, R.D. Burman, Pritam","Sheershak Anand, Anand Bakshi, Irshad Kamil, Syed Gulrez, Prashant Ingole, Avishek - Ravi",Eros Music,0
17202605-1aca-50a2-981b-d7c166068c28,Aagey Se Right,2009,"Hindi, Film","Ram Sampath, Amartya Rahut","Munna Dhiman, Hitesh Kewalya, Shadab Akhtar, Manish Hariprasad",Sony Music,3.0
76e17e92-54b7-5207-8001-5193c350a051,Aao Wish Karein,2009,"Hindi, Film","Xulfi, Ankur Tewari, Mikey McCleary","Xulfi, Danish Khan, Ankur Tewari",T-Series,3.67
e8350670-3001-56a7-a290-04943fb34b2a,Aasma,2009,"Hindi, Film","Call - The Band, Afsar - Sajid",Shahab Allahabadi,Times,0
71b4ac44-f8de-584c-ab21-6f4258311cff,Acid Factory,2009,"Hindi, Film","Gourov Dasgupta, Manasi Scott, Bappa Lahiri, Ranjit Barot, Shamir Tandon","Shellee, Manasi Scott, Amitabh Bhattacharya, Virag Mishra",Junglee Music,0
d2374e3b-36e6-5d59-b584-dac17e82dca5,Agyaat,2009,"Hindi, Film","Imran - Vikram, Bapi - Tutul","Prashant Pandey, Sarim, Sandeep Singh",T-Series,0
8e7ec842-646a-5025-87eb-bd395ac8c238,Ajab Prem Ki Ghazab Kahani,2009,"Hindi, Film",Pritam,"Irshad Kamil, Hard Kaur, Ashish Pandit",Tips,3.0
2a7b3834-0585-53a1-8ffb-39a46cc0fc3e,Aladin,2009,"Hindi, Film",Vishal - Shekhar,"Anvita Dutt Guptan, Vishal Dadlani",Eros Music,0
1f8cc921-e0b6-56d0-ace3-954dcaf3c1d1,All The Best,2009,"Hindi, Film",Pritam,Kumaar,T-Series,0
40259a75-d717-56a6-90f0-71325b8b05fe,Aloo Chaat,2009,"Hindi, Film","RDB, Vipin Mishra, Xulfi, Mehfuz Mahruf","RDB, Vipin Mishra, Xulfi, Syed Gulrez",T-Series,0
071cac97-cc76-5e99-977a-618fe05269e6,Aseema,2009,"Hindi, Film",Shamir Tandon,"Satyakam Mohanty, Manoj Darpan, Shabbir Ahmed",Sony Music,0
3e8b906b-d58e-568f-908e-c6bc7a651d09,Baabarr,2009,"Hindi, Film","Sunil Singh, Anand Raj Anand",Anand Raj Anand,Big Music,0
b9c3420c-f775-5669-b7f1-4f05f4a5ed11,Bad Luck Govind,2009,"Hindi, Film",Abu Malik,Madan Pal,,0
70fcaf4f-c47f-5fef-a530-da4766192bc1,Bhoomi,2009,"Hindi, Non Film","Traditional, Ustad Sultan Khan","Traditional, Shankar Dev, Ustad Sultan Khan",EMI,4.33
633d1388-a20b-5850-a943-7ee6ba837240,Billu,2009,"Hindi, Film",Pritam,"Neeraj Shridhar, Gulzar, Sayeed Quadri, Ashish Pandit, Mayur Puri",T-Series,3.5
ca9ea15e-46d0-5e55-af89-6741bfc41390,Blue,2009,"Hindi, Film",A.R. Rahman,"Mayur Puri, Abbas Tyrewala, Raqueeb Alam, Sukhwinder Singh, Rajat Arora",T-Series,3.0
cbb41f55-980d-5436-90c9-1d10fe16ecaf,Bolo Raam,2009,"Hindi, Film",Sachin Gupta,"Ajay Jhingran, Saajan Aggarwal",T-Series,0
4a1eb200-8c32-5b25-ad3a-d51718fc5a77,Chaandan Mein,2009,"Hindi, Non Film","Kailash Kher, Naresh Kamath, Paresh Kamath",Kailash Kher,Sony Music,4.0
9148f69e-5e09-50e7-bfc0-ac0c807d67c6,Chal Chala Chal,2009,"Hindi, Film","Anu Malik, Anand Raj Anand, Sunil Jha","Vaibhav Modi, Anand Raj Anand, Sunil Jha",Venus,0
ec8fb2e9-32f1-50ce-927a-7613b05f7772,Chalo Maikhane Chale,2009,"Hindi, Non Film",Altaf Raja,"Qaiser-Ul-Jafri, Parveen Kumar Ashk, Altaf Raja, Qateel Shifai, Tabish Kanpuri",Venus,0
6dabe383-626e-5fd2-8c39-8cf15b99e8a0,Chandni Chowk To China,2009,"Hindi, Film","Bohemia, Kailash Kher - Naresh Kamath - Paresh Kamath, Shankar - Ehsaan - Loy, Bappi Lahiri, Bappa Lahiri","Bohemia, Kailash Kher, Rajat Arora, Shaily Shailendra",T-Series,0
a59fb920-e8d4-5331-aa7a-7ead5e9c3df8,Charming Lootera,2009,"Hindi, Non Film",,,,0
a64b103e-2ba1-59cd-99c7-f0f5c2c22c1b,Chintu Ji,2009,"Hindi, Film","Siddharth - Suhas, Abhishek - Ishteyak, Amjad - Nadeem, Sukhwinder Singh","Ranjit Kapoor, Shabbir Ahmed, Sameer",Eros Music,0
3f9be316-7694-5f93-b1ae-49ab64325f83,Daddy Cool,2009,"Hindi, Film","Raghav Sachar, Farhad - Sajid","Aditya Dhar, Farhad - Sajid, Prashant Ingole",Big Music,0
a4275339-3c55-56f2-a2c2-530525c77e52,Dashavtar,2009,"Hindi, Film",Himesh Reshammiya,Sameer,Sony BMG,0
3509a435-f758-58e3-9595-ea8462c98b76,De Dana Dan,2009,"Hindi, Film","Pritam, Ad Boyz, DJ Akhil Talreja, RDB, DJ Meets","Ashish Pandit, Irshad Kamil, Sameer, Neeraj Shridhar, Manak-E, RDB, Selina, Sayeed Quadri",Venus,0
499982aa-1a90-586e-a738-578e49f6e9ca,Dekh Bhai Dekh (Dekh Re Dekh),2009,"Hindi, Film","Abuzar, Nayab Raja, Shadab Bhartiya, Prem Anand","Rashid Firozabadi, Sanjay Mishra - I, Dr. Moauzzam Azam",Search Films,0
bd6c2066-2874-58e6-89f9-8bf1f73e8763,Delhi-6,2009,"Hindi, Film","A.R. Rahman, Traditional","Prasoon Joshi, Traditional",T-Series,4.2
5db2043f-ac54-5d9d-9c73-9778b162d04a,Dev.D,2009,"Hindi, Film",Amit Trivedi,"Amitabh Bhattacharya, Amit Trivedi, Anusha Mani, Shellee, Shruti Pathak",T-Series,4.0
241c7064-3a39-50bb-991a-ce24d3eb8fb8,Dhoondte Reh Jaoge,2009,"Hindi, Film",Sajid - Wajid,"Shabbir Ahmed, Jalees Sherwani",T-Series,0
596f6a35-183c-555f-a37e-16a171146b9f,Dil Bole Hadippa!,2009,"Hindi, Film","Pritam, Joshilay",Jaideep Sahni,YRF Music,0
1e1b95b4-7000-5959-b94f-5c7cd5536ad0,Do Knot Disturb,2009,"Hindi, Film","Nadeem - Shravan, Amjad - Nadeem","Sameer, Shabbir Ahmed",Big Music,0
ceb1071b-5d05-5dc2-9efa-8156722d1abb,Dreams,2009,"Hindi, Film","Arun Kerkar, Sajid - Wajid, Merlin Dsouza","Arun Kerkar, Jalees - Rashid, Ajay Jhingran, Iqbal Qureshi - I",Venus,0
ec31bc75-e394-5a6b-8212-8f3a596b38cf,Ek Ladki Deewani Si,2009,"Hindi, Non Film",Adnan Sami,Irfan Siddiqui,T-Series,0
5c9c883e-0f56-52a2-8a8d-bd4c558b9377,Ek Se Bure Do,2009,"Hindi, Film",Ravi Pawar,"Panchhi Jalonvi, Nissar Akhtar, Sahil Fatehpuri, Shahab Allahabadi, Warriam",Eros Music,0
6505db6e-6b4a-5d48-9e50-ae637b68f603,Firaaq,2009,"Hindi, Film",Rajat Dholakia - Piyush Kanojia,"Gulzar, Faiz Ahmed Faiz",Times,2.0
e60fc63c-328a-56c9-b477-c232a16f8b95,Fitoor,2009,"Hindi, Non Film","Mohit Chauhan, Rocky Khanna, Prarthana Gehlot","Mohit Chauhan, Rocky Khanna, Prarthana Gehlot",Universal,0
059e2b0b-8b38-5588-abae-bb24d1f7badd,Fox,2009,"Hindi, Film",Monty Sharma,Sandeep Nath,Zee,0
7a627686-bb9d-5ba5-ae21-3f0162c7b233,Fruit & Nut,2009,"Hindi, Film",Sangeet Haldipur - Siddharth Haldipur,Saajan Aggarwal,T-Series,0
93d1b852-0bb1-5e5e-baf9-752530ed388c,Grounded In Space,2009,"Hindi, Non Film",,,EMI,3.0
74fb8601-8ef0-56e1-8314-c05fd807daf6,Gulaal,2009,"Hindi, Film",Piyush Mishra,Piyush Mishra,T-Series,4.0
f15ef65c-5ba5-5133-89b6-1057372b2ac5,Hum Phirr Milein Na Milein (Hum Phir Mileinge),2009,"Hindi, Film","Sameer - I, Sandesh Shandilya","Vinay Jaiswal, Irshad Kamil",T-Series,0
d7a022ad-5764-5d50-991b-69f13a88bb81,India 24 Hours,2009,"Instrumental, Non Film",Ilaiyaraaja,,AGI Music,0
14dfb69e-fc72-5502-b135-575532e698bf,Inteha,2009,"Hindi, Non Film","Jagjit Singh, Deepak Pandit","Nawaz Deobandi, Rajinder Nath Rehbar, Amjad Islam Amjad, Payam Sayeedi, Sanjay Masoomm, Kunwar Mohinder Singh Bedi Sahar, Aalok Shrivastav, Naseem Ajmeri",T-Series,0
66ad1c8a-47a7-5ac2-9296-a412e3f2eeef,Ishara,2009,"Hindi, Non Film",,"Qaiser-Ul-Jafri, Sahir Ludhianvi, Sabir Jalalabadi, Ahmed Mushtaq, Irfan Siddiqui, Parveen Shakir, Madan Pal",Venus,0
00f97439-022d-55b2-8e12-e957dfbc27fe,Ishqamaan,2009,"Hindi, Non Film",Ali Quli Mirza,,Times,0
4e9fd068-41cd-5145-8f0e-4e1c78fa9085,Jai Veeru,2009,"Hindi, Film",Bappa Lahiri,"Sameer, Omer Inayat",T-Series,0
20178568-87b6-5101-b818-7b80d7d4dece,Jail,2009,"Hindi, Film","Shamir Tandon, Sharib - Toshi","Sandeep Nath, Ajay Kumar Garg, Sharib - Turaz, Sharib - Toshi",T-Series,0
e731fe0d-a231-59d7-9e89-fa19510f3b82,Jashnn,2009,"Hindi, Film",Sharib - Toshi,"Kumaar, Nouman Javaid, Neelesh Misra",T-Series,0
3fb823b6-2ce0-5314-8fa9-288c334ed8a1,Jugaad,2009,"Hindi, Film","Sachin Gupta, Krishna Beura","Adeel, Sameer, Rohit Sharma, Priyank Dubey, Sahil Sultanpuri",Junglee Music,0
3d63a96b-ae85-5adb-b98a-d54ecb50a71a,Kal Kissne Dekha,2009,"Hindi, Film",Sajid - Wajid,Sameer,Big Music,0
f1680891-b375-5c74-9647-d07a14d610b0,Kambakkht Ishq,2009,"Hindi, Film","Anu Malik, RDB, Salim - Sulaiman","Anvita Dutt Guptan, RDB, Shabbir Ahmed",Eros Music,0
1c3cb325-7ef6-518e-99ee-14252ad01dd8,Kaminey,2009,"Hindi, Film",Vishal Bhardwaj,Gulzar,T-Series,4.0
0225e84b-30a7-5fb3-899c-a05823d22002,Karm Aur Dharm,2009,"Hindi, Film",Surya Raj Kamal,"Kiran Mishra, Kunwar Juneja",Shemaroo,0
10fbbdfd-637e-521b-b21e-8a68a1263b8f,Karma Aur Holi,2009,"English, Film","Raju Singh, Nusrat Fateh Ali Khan","Sameer Pandey, Javed Akhtar",Saregama,0
90ebd9d1-27f7-53b5-9023-b15218934945,Khaer,2009,"Hindi, Non Film",Aamir Ghulam Ali,Ahmad Anees,T-Series,0
53c1a7ad-4835-5503-b1b1-ddb29455620c,Khushboo Ki Khushboo Se,2009,"Hindi, Non Film",Khushboo Khanum,"Shams Muzaffarpuri, Qaiser-Ul-Jafri, Tajdar Taj, Mumtaz Rashid, Ghulam Mustafa Tabassum",Saregama,0
382464e2-823a-5fed-bc5e-d693695a8bbc,Kingdom Of Rhythm,2009,"Instrumental, Non Film",,,Saregama,0
65f660ee-9754-5964-a828-1d40d975a354,Kisaan,2009,"Hindi, Film",Daboo Malik,"Panchhi Jalonvi, Salim Bijnori, S.R. Bharti, K. Juneja",T-Series,0
5330c028-f2ea-50ea-9ada-2efe3ecc74f3,Kurbaan,2009,"Hindi, Film",Salim - Sulaiman,"Irfan Siddiqui, Niranjan Iyengar",Sony Music,3.5
6990ccfe-7bdd-551e-8bc3-dba399f788f9,Let's Dance - Sirf Ek Bahana Chahiye,2009,"Hindi, Film",Vipin Mishra,"Vipin Dhyani, Vipin Mishra, Prateek Bhardwaj, Ashish Khazanchi",EMI,0
916856f5-bb8e-5776-8e34-47e640ecb940,Life Partner,2009,"Hindi, Film","Pritam, Sachin - Jigar","Javed Akhtar, Kumaar",T-Series,0
79486b13-5d05-5f8c-bc39-3c905c56cb39,London Dreams,2009,"Hindi, Film",Shankar - Ehsaan - Loy,Prasoon Joshi,T-Series,3.0
5799b710-3fbb-56a6-85f7-28d241f56932,Love Aaj Kal,2009,"Hindi, Film",Pritam,Irshad Kamil,Eros Music,3.0
c054a7f7-6c73-5a99-aacb-4368e58aef45,Love Khichdi,2009,"Hindi, Film",Pritam,"Amitabh Verma, Shaleen Sharma",Victoria,0
c1810336-73dc-5a01-be61-3bc8d4ec5286,Luck,2009,"Hindi, Film",Salim - Sulaiman,"Shabbir Ahmed, Anvita Dutt Guptan",T-Series,0
2f865f6c-62df-55fd-aa93-1274de459e81,Luck By Chance,2009,"Hindi, Film",Shankar - Ehsaan - Loy,Javed Akhtar,Big Music,4.0
f716810b-0d2a-5001-9992-40e31b5ea8bd,Main Aurr Mrs Khanna,2009,"Hindi, Film",Sajid - Wajid,"Junaid Wasi, Jalees Sherwani, Arun Bhairav",T-Series,0
604d0b31-bac8-58b3-a9d4-9001d5eed1f8,Marega Salaa,2009,"Hindi, Film",Daboo Malik,Praveen Bharadwaj,Saregama,0
27ed7d1d-23fa-5a41-ad5d-9633f84a8095,Maruti Mera Dosst,2009,"Hindi, Film",Kartik Shah,Subrat Sinha,T-Series,0
c116a4c7-4dcd-54bd-9e20-da2370cf3af9,Mere Khwabon Mein Jo Aaye,2009,"Hindi, Film","Lalit Pandit, Sidd Coutto","Rohit Bhatia, Renuka Kunzru, Javed Akhtar",T-Series,0
39e33b3e-f139-5eb9-af3b-3efc7049dc01,Mohandas,2009,"Hindi, Film",Vivek Priyadarshan,"V.K. Sonakia, Yash Malviya",Saregama,0
dc80d17b-1552-5481-a2d9-8636c791c0f9,Morning Walk,2009,"Hindi, Film",Jeet Ganguly,"Shaan, Sanjeev Tiwari, Nida Fazli, Dibyendu Mukherjee",T-Series,4.0
60b7e272-774d-5f7f-af67-748d1968b00e,New York,2009,"Hindi, Film","Pankaj Awasthi, Pritam, Julius Packiam","Junaid Wasi, Sandeep Shrivastava",YRF Music,3.0
0eb89b63-240e-58e6-a427-a85eb536aec5,Paa,2009,"Hindi, Film",Ilaiyaraaja,Swanand Kirkire,T-Series,3.0
8795258c-61a4-587f-af88-9e0516d76f71,Paying Guests,2009,"Hindi, Film",Sajid - Wajid,"Jalees Sherwani, Wajid Khan, A.K. Upadhyay, Rashid Firozabadi",Junglee Music,0
42d51e30-ccac-54d2-b6e1-b5675aba6830,Phir Kabhi,2009,"Hindi, Film",Shantanu Moitra,Ajay Jhingran,T-Series,0
4e95e790-ef68-5dd8-8c25-2c0e8e32a36e,Quick Gun Murugun,2009,"Hindi, Film","Traditional, Sagar Desai, Raghu Dixit","Ankur Tewari, Shellee, MC Bobkat, Raghu Dixit, Rahul Sout Dandy Squad",Sony Music,0
2c6506db-e1d3-5fbf-b7cb-4138b04f140f,"Raat Gayi, Baat Gayi?",2009,"Hindi, Film",Ankur Tewari,"Ankur Tewari, Sameer Malhotra",T-Series,0
97597576-4469-59fa-945f-febb8cfce7c3,Raaz : The Mystery Continues,2009,"Hindi, Film","Gourov Dasgupta, Pranay M. Rijia, Sharib - Toshi, Raju Singh","Sayeed Quadri, Sant Kabir, Kumaar",Sony BMG,0
c64a15d2-384b-5df7-88ac-ad03673330c1,Radio,2009,"Hindi, Film",Himesh Reshammiya,Subrat Sinha,T-Series,0
f220b23f-72d6-5953-b1ce-e32f37c52e53,Raftaar - An Obsession,2009,"Hindi, Film",Nitin Raikwar,Rashid Firozabadi,,0
72c083fb-4fe4-5b7b-a45e-ab0645abb719,Ravana,2009,"Hindi, Film",Debjit,"Debjit, Joy - I",Shemaroo,0
0b4821d3-b9f0-5e17-b03d-bd8b8584276d,Rocket Singh - Salesman Of The Year,2009,"Hindi, Film",Salim - Sulaiman,Jaideep Sahni,YRF Music,3.0
4cb7b6d5-c9d9-51d2-bc7f-84a4bf3d1821,Rubaru,2009,"Hindi, Non Film",Rajeev K. Mahavir,"Baba Farid, Traditional, Haider Najmi",Times,0
52296372-8a7d-5b17-8da5-80e58d8704db,Runway,2009,"Hindi, Film",Shamir Tandon,Shabbir Ahmed,T-Series,0
e2cbc2a4-c269-5a17-95e4-1710a4e21a0c,Ruslaan,2009,"Hindi, Film",Raees Jamal Khan,"A.M. Turaz, Vicky Nagar",Worldwide Records,0
56781150-466f-5fbe-8f72-ba52b4b16c69,Sanam Teri Kasam,2009,"Hindi, Film",Nadeem - Shravan,Sameer,Ultra,0
dca6b30d-7c65-57e3-928e-9e5283c957cc,Sankat City,2009,"Hindi, Film",Ranjit Barot,"Panchhi Jalonvi, Mehboob",Venus,0
e1127bc6-f54b-5b06-a238-cd415e3a42cf,Shaabash! You Can Do It,2009,"Hindi, Film",Santokh Singh Dhaliwal,"Dev Narayan, Rahul B. Seth, Kumaar",Saregama,0
58bd6594-e200-5962-a356-81774ffbed58,Short Kut - The Con Is On,2009,"Hindi, Film",Shankar - Ehsaan - Loy,Javed Akhtar,Tips,0
24c6f37d-0699-54a1-a81f-db27949b8e05,Sikandar,2009,"Hindi, Film","Justin - Uday, Traditional, Shankar - Ehsaan - Loy, Sandesh Shandilya","Kumaar, Traditional, Prasoon Joshi, Neelesh Misra",Big Music,3.0
7b9a6a3b-75d6-5892-88fd-9ca14c01f07c,Slumdog Millionaire,2009,"English, Film",A.R. Rahman,"Wendy Parr, Blaaze, Gulzar, Tanvi Shah, A.R. Rahman, M.I.A., Raqueeb Alam",T-Series,0
4c39840b-0240-528b-bf5e-bd32e322c77a,Stop And Think,2009,"Hindi, Non Film",,,,0
cbb4936c-c3e1-561d-9698-03603216c0ca,Straight,2009,"Hindi, Film","Sagar Desai, Louis Banks, Gino Banks",Subrat Sinha,Sony BMG,0
d82f7c24-344c-58e3-89c5-4b28d34e5a8f,Suno Na: Ek Nanhi Aawaz,2009,"Hindi, Film",Sanjoy Chowdhury,"Yogesh Gaud, Roopmati, Traditional",T-Series,0
c6f5e5ed-d2ae-5709-b070-4b4a6c2af898,Team - The Force,2009,"Hindi, Film",Daboo Malik,"Shabbir Ahmed, Praveen Bharadwaj, Kunwar Juneja",T-Series,0
6f18faf7-5376-5fb4-b3ff-1a9827534686,The New Album,2009,"Instrumental, Non Film",,,,0
32d957a6-5832-5404-b0a7-4d62b28bc5c2,Three - Love Lies Betrayal,2009,"Hindi, Film",Chirantan Bhatt,"Hamza Faruqui, S. Sagar, Shakeel Azmi",ASA Music Records,0
8314e033-b6a0-5bcd-b5d3-f29a1cdaf28e,Toss,2009,"Hindi, Film","Siddharth - Suhas, Sandesh Shandilya","Kumaar, Siddharth - Suhas, Sudhir Nema",T-Series,0
a2219d34-adc0-5b48-8eaf-d325a9979d23,Tuhi Mere Rab Ki Tarha Hai,2009,"Hindi, Non Film",Mithoon,Sayeed Quadri,T-Series,0
379e2013-411f-59f9-935b-e3bbe282ad64,Tum Mile,2009,"Hindi, Film",Pritam,"Sayeed Quadri, Kumaar",Sony Music,4.5
da211a15-6274-59d6-bf71-3539e642815c,Vaada Raha,2009,"Hindi, Film","Rahul B. Seth, Sandy, Sanjoy Chowdhury, Monty Sharma, Babbu Maan, Sharib - Toshi","Rahul B. Seth, Sandy, Sandeep Nath, Babbu Maan, A.M. Turaz",Eros Music,0
9496a7c5-8d98-575d-bc2d-3d987505e277,Victory,2009,"Hindi, Film",Anu Malik,"Amitabh Verma, Syed Gulrez",T-Series,0
2c36faf0-6f38-5566-b202-167a37f6af16,Wake Up Sid,2009,"Hindi, Film","Shankar - Ehsaan - Loy, Amit Trivedi","Javed Akhtar, Amitabh Bhattacharya",Sony Music,4.0
4548951a-7b32-5a29-8144-9ac9826d9f82,Wanted,2009,"Hindi, Film","Sajid - Wajid, DJ A-Myth, Akbar Sami","Arun Bhairav, Sameer, Jalees Sherwani, Wajid Khan, Shabbir Ahmed, Carlyta Mouhini, Salman Khan",T-Series,0
08caedff-b563-55ca-9db2-5ac0cef97f00,What's Your Raashee?,2009,"Hindi, Film",Sohail Sen,Javed Akhtar,Sony Music,0
a9d1ff60-f929-513d-8719-efc0e5afe204,Xsuie,2009,"Hindi, Non Film",Lucky Ali,,,0
ea9351ce-03df-52b9-8407-85e55ae05d1d,Y.M.I. Yeh Mera India,2009,"Hindi, Film","Kavita Seth, Siddharth - Suhas","Charanjit Charan, Chandra N, Arif Dehlvi, Kavita Seth",Pen,0
07369144-489a-59a4-b8b8-49fc28940c10,Yaar Bewafa,2009,"Hindi, Non Film",Ram Shankar,Jagdish Thakur,Venus,0
32bd2543-2b33-5402-9711-ba6e87b9fa31,Zor Lagaa Ke Haiya,2009,"Hindi, Film",Bapi - Tutul,"Amitabh Verma, Sandeep Nath",Saregama,0
4c0c1b57-8bde-5d3e-b822-8eacc7361d4a,127 Hours,2010,"English, Film","A.R. Rahman, Vladimir Ashkenazy, Marguerite Monnot","Dido Armstrong, Rollo Armstrong",Universal,0
33a72aa6-66b7-5c5d-8e54-1d0a2946ab7e,13 Mai Gulabi Nagar,2010,"Hindi, Film",Laxmi - Vasant,"Gopal Gupta, Lakshmi Narayan, Krishna Bharadwaj",Red Ribbon,0
d8e5004d-32f6-5cbe-aa8d-045e4d706b60,16/330 Khajoor Road,2010,"Hindi, Non Film",Indian Ocean,"Sanjeev Sharma, Avik Mukhopadhyay, N.M. Rashid",Indian Ocean,4.0
e568bcba-3c08-5408-ae1e-e0f677ac325a,27-13.20 Nakshatra,2010,"Hindi, Film","Sameer Sen, DJ Sheizwood, Harry Anand","Nawab Arzoo, Rani Malik, Harry Anand",R-Vision,0
9e4c2580-0feb-55a3-89f8-18a3daafbe21,A Flat,2010,"Hindi, Film",Bappa Lahiri,Virag Mishra,T-Series,0
445838bb-c749-5f60-bca2-9a7569bba876,Aadi Shakti,2010,"Hindi, Film",Jwala Prasad,Praveen Dutta,T-Series,0
48c0369b-5f3c-5337-bd69-9746f7ff53ef,Aakhari Decision,2010,"Hindi, Film","Hanif Shaikh, Bapi - Tutul","Hanif Shaikh, Tripurarinath Tiwari, Amitabh Verma",Worldwide Records,0
bbcd66b2-c108-597e-a274-2a769e1bbbb4,Aakrosh,2010,"Hindi, Film",Pritam,Irshad Kamil,T-Series,0
9b5be383-8371-5e0c-8c31-1716851e23d3,Aashayein,2010,"Hindi, Film","Salim - Sulaiman, Pritam, Shiraz Uppal","Mir Ali Husain, Kumaar, Sameer, Shakeel Sohail",T-Series,0
5c96c943-1e45-5d94-959a-9a004a7c7b13,Accident On Hill Road,2010,"Hindi, Film",Raju Singh,Sandeep Nath,Shemaroo,0
c02dadd6-f0d5-51e0-83e9-1f1a9615272c,Action Replayy,2010,"Hindi, Film","Pritam, Traditional",Irshad Kamil,T-Series,3.0
f2fd26f0-13bd-5e3b-bcb0-9001a88805e4,Admissions Open,2010,"Hindi, Film",Amit Trivedi,Shellee,Apple Music,0
870c4a84-6547-5006-ae48-1550c125cebe,Aisha,2010,"Hindi, Film",Amit Trivedi,Javed Akhtar,Sony Music,4.5
63c4c9d9-d546-5adb-99f8-f3c3b43b77a8,Akriti,2010,"Hindi, Non Film","Akriti Kakar, Traditional, Shankar Mahadevan","Neelesh Misra, Traditional, Manoj Yadav, Rani Malik",Sony Music,0
c3581202-cee1-5e98-8b44-54026b6f6193,Allah Ke Banday,2010,"Hindi, Film","Ishq Bector, Kailasa, Chirantan Bhatt, Hamza Faruqui, Tarun - I, Vinayak - I","Sarim Momin, Kailash Kher, Faruk Kabir",Saga Music,0
335844c1-51cd-579e-96ad-9eed691d01ec,Anjaana Anjaani,2010,"Hindi, Film",Vishal - Shekhar,"Vishal Dadlani, Shekhar Ravjiani, Kausar Munir, Irshad Kamil, Neelesh Misra, Kumaar, Amitabh Bhattacharya, Anvita Dutt Guptan, Caralisa Monteiro",T-Series,3.0
4c926d74-dcd4-5082-bf45-6adf1abf9adf,Apartment,2010,"Hindi, Film",Bappa Lahiri,"Syed Gulrez, Virag Mishra",Magna Music,0
3cac45f2-ca4c-509a-aab7-b1ca95bfbbd5,Atithi Tum Kab Jaoge?,2010,"Hindi, Film","Pritam, Amit Mishra, Vishal Bhardwaj","Irshad Kamil, Amit Mishra, Kabir, Sant Ramdas",Junglee Music,0
0c970775-070d-5caf-8b5f-71272ac19eaf,Badmaash Company,2010,"Hindi, Film",Pritam,Anvita Dutt Guptan,YRF Music,0
77481359-6ad0-5131-8315-8b21bf2c76a6,Band Baaja Baaraat,2010,"Hindi, Film",Salim - Sulaiman,Amitabh Bhattacharya,YRF Music,3.0
ee36903d-bc66-5fc1-acf1-9f14b3fce6b6,Bandish,2010,"Hindi, Non Film",Chris Powell,"S. Mukhtiyar, Chris Powell",Universal,0
5dda8492-951f-5c0d-b2e6-08779d5c8ea1,Benny And Babloo,2010,"Hindi, Film","Amjad - Nadeem, Anand Raj Anand","Shabbir Ahmed, Panchhi Jalonvi",Shemaroo,0
5afeea40-cde2-5961-8621-9ab33f4cbd03,Bewafaai Ka Aalam,2010,"Hindi, Non Film",Nikhil,Praveen Bharadwaj,T-Series,0
a619bf4d-fe5d-5405-bc7d-a26938c14c7d,Bhavnao Ko Samjho,2010,"Hindi, Film","Dinu - Tinu, Tinu","Pancham Banjara, Sunil Pal, Salim Begana",Saregama,0
0c72cbb3-92ba-5f1a-92aa-56b1024dd48f,Bhoot,2010,"Hindi, Non Film",Ishq Bector,,,0
246a3d3c-d442-57b5-b076-f951130a7135,Break Ke Baad,2010,"Hindi, Film",Vishal - Shekhar,"Prasoon Joshi, Vishal Dadlani",T-Series,4.0
a665cd0d-7a71-5b3a-ae3c-5e79593bb889,Bulleh Shah,2010,"Hindi, Non Film",Kavita Seth,Bulleh Shah,Virgin,0
d6dfbfcc-c73b-51ac-a98d-d8a0d9311750,Bumm Bumm Bole,2010,"Hindi, Film","Tapas Relia, Azaan Sami, M.G. Sreekumar","Satish Mutatkar, Irfan Siddiqui, Sameer",T-Series,0
5c3b5772-3deb-54d3-901e-2d29abc6a593,Chance Pe Dance,2010,"Hindi, Film","Adnan Sami, Pritam","Amitabh Bhattacharya, Irfan Siddiqui, Kumaar",T-Series,0
880da2a7-4fc8-5004-9d50-4ca179a30059,Cinema,2010,"Hindi, Non Film",,,Times,0
04bb21fb-3fb2-5c38-ae86-0253ec2d1d29,Click,2010,"Hindi, Film",Shamir Tandon,Shabbir Ahmed,T-Series,0
3268b3ad-4682-5f98-a474-1ff24768bdd2,Collaborations,2010,"Hindi, Non Film",Pandit Ravi Shankar,"Pandit Ravi Shankar, Traditional",Warner Music,0
8d5ae51d-bed3-570e-a392-7146662a54e9,Come Out And Play,2010,"Hindi, Non Film",Anand Raj Anand,,Times,0
4be15f97-7e5c-5801-9015-9fcf3cfac4a0,Crook,2010,"Hindi, Film",Pritam,Kumaar,Sony Music,2.0
dbbdc78b-ca7e-5d68-8250-dd76704d2692,Daayen Ya Baayen,2010,"Hindi, Film",Vivek Philip,Mrigank Negi,,0
614aa7bc-8411-5a78-96ab-660e1a6a309f,Dabangg,2010,"Hindi, Film","Sajid - Wajid, Lalit Pandit","Jalees Sherwani, Lalit Pandit, Faaiz Anwar",T-Series,4.0
b30c897a-cf03-5426-97e4-deed407889d0,Dil Diya Dard Liya,2010,"Hindi, Non Film",Altaf Raja,"Altaf Raja, Noor Taqi Noor, Tasnim Farooqui, Abbas Dana",Venus,0
80071761-12d1-59fd-b043-ecc1738e3755,Dil Toh Baccha Hai Ji,2010,"Hindi, Film",Pritam,"Neelesh Misra, Sayeed Quadri, Sanjay Chhel, Kumaar",T-Series,3.5
19f52ec2-c5dc-5bf6-b4d8-5d443f522d84,Dilli  Meri Jaan,2010,"Hindi, Non Film","Palash Sen, Gussy","Palash Sen, Dahlia",,0
adb34da3-1ba2-5b86-88f3-be3073bd8f7b,Divine Dhrupad,2010,"Instrumental, Non Film",,,,0
12f7f856-d614-5330-b901-dec9daf50413,Diwangi Ne Had Kar Di,2010,"Hindi, Film",Sandesh Shandilya,"Rashid Firozabadi, Akshar Allahabadi",United White Flag,0
6c6d6779-2914-5bd4-83f0-6d36480dc7d3,Dulha Mil Gaya,2010,"Hindi, Film",Lalit Pandit,"Mudassar Aziz, Kumaar",T-Series,0
89ad2b73-9889-5c75-bbb9-9374454b50a8,Dunno Y Na Jaane Kyun,2010,"Hindi, Film",Nikhil,"Vimal Kashyap, Fanindra Rao, Satyaprakash",T-Series,0
ef0acb03-5c88-5e21-82d9-d9c7dca2da85,Dus Tola,2010,"Hindi, Film",Sandesh Shandilya,Gulzar,Junglee Music,0
14d739b4-6740-52ae-afba-6cd04f2b58dd,Ek Second Jo Zindagi Badal De,2010,"Hindi, Film","Sawan Kumar, Arvinder Singh, Anand Raj Anand","Pradeep Chaudhary, Devendra Kafir, Anand Raj Anand",Saregama,0
3ad2cba5-0025-5841-8afc-4c283352967d,Faraar... On The Run,2010,"Hindi, Film",Vaishnav Deva,Santosh Gupta - I,Venus,0
a732dd8f-403d-5a11-bbea-5a7c1eb74dcf,Golmaal 3,2010,"Hindi, Film","Pritam, Bappi Lahiri, Amar Mohile","Kumaar, Anjaan",T-Series,3.0
2da8f936-d1be-56ea-937b-b755ecb2b5c3,Guzaarish,2010,"Hindi, Film",Sanjay Leela Bhansali,"Vibhu Puri, A.M. Turaz",T-Series,0
a686b220-25ea-516b-b3cf-50c0a4803f7f,Hello Darling,2010,"Hindi, Film","Laxmikant - Pyarelal, Pritam","Shabbir Ahmed, Rajendra Krishan, Ashish Pandit, Kumaar",T-Series,0
7913665e-19fe-58dc-a573-749d2186cff3,Help,2010,"Hindi, Film","Gourov Dasgupta, Ashu","Manthan, Ashu, Irshad Kamil",Pen,0
a4b4ee5a-6470-5e56-b8a0-e9b6484ce62f,Hide & Seek,2010,"Hindi, Film","Gourov Dasgupta, Chirantan Bhatt","Prashant Ingole, Krishna Beura, Ravi Basnet, Sarim Momin",Moser Baer,0
0c3f3478-db71-5097-8672-11553b0f5948,Hisss,2010,"Hindi, Film","David Kushner, Franky Perez, Shraddha Pandit, Panjabi MC, Anu Malik, Julian Lennon, Mark Sipro, Peter Vetesse","Shruti Haasan, Shweta Pandit, Shraddha Pandit, Sayeed Quadri, Sameer, Mallika Sherawat",Venus,0
43b6ce5b-b0ef-5386-b148-5a2b1eb6895a,Housefull,2010,"Hindi, Film","Kalyanji - Anandji, Shankar - Ehsaan - Loy","Sameer, Prakash Mehra, Amitabh Bhattacharya",T-Series,3.0
2fce7021-d716-5570-961d-e771543f8a03,Hum Do Anjaane,2010,"Hindi, Film",Prashant Singh,"Rajan Khera, Francis",Worldwide Records,0
2658edb7-b358-5286-97c0-4cc73d74e169,Hum Tum Aur Ghost,2010,"Hindi, Film",Shankar - Ehsaan - Loy,Javed Akhtar,T-Series,3.0
b11be76e-a7bc-589d-a616-de931e72acdf,Humm - Towards Nirvana,2010,"Hindi, Non Film",Kamlesh Shaamaniya,Alimchand Prakash,Worldwide Records,0
87ea2223-2ea3-52f2-98ce-c40d3b871695,I Hate Luv Storys,2010,"Hindi, Film",Vishal - Shekhar,"Kumaar, Vishal Dadlani, Anvita Dutt Guptan",Sony Music,3.5
b674a0cf-95f6-5bb6-bc9c-c254c65e60a0,Idiot Box,2010,"Hindi, Film",Anand - Milind,Sameer,Venus,0
02ead64a-2900-542b-af17-af12b89bfc36,Ishqiya,2010,"Hindi, Film",Vishal Bhardwaj,Gulzar,T-Series,4.25
8e4d784f-51df-539f-81fb-13360399bac8,Isi Life Mein,2010,"Hindi, Film","Meet Bros, Anjjan",Manoj Muntashir,Rajshri Music,0
43024750-e831-5320-8d16-3a8ba274b6de,Jaane Kahan Se Aayi Hai,2010,"Hindi, Film",Sajid - Wajid,Sameer,T-Series,0
d15a307e-4267-517b-9f52-abbdd6ebc8ba,Jannat,2010,"Hindi, Non Film",Ankur Tewari,"Ankur Tewari, Samir",EMI,0
73a16c9b-1b5d-5982-b7f8-51a0b77e1dbb,Jhootha Hi Sahi,2010,"Hindi, Film",A.R. Rahman,Abbas Tyrewala,Saregama,3.0
5c95623c-36cd-58f1-8c24-c52486cfa1d0,Kaise Ho Tum (Male),2010,"Hindi, Non Film",,Shellee,,0
4cb5d8f6-29e6-5f62-bb9e-137ca81a2a91,Kajraare,2010,"Hindi, Film",Himesh Reshammiya,Sameer,T-Series,0
c73e0681-1dd2-5f2d-be39-3345a7559521,Karthik Calling Karthik,2010,"Hindi, Film","Shankar - Ehsaan - Loy, Midival Punditz, Karsh Kale",Javed Akhtar,T-Series,3.0
d5ae4d3d-d288-5481-907a-acafedd9793a,Khatta Meetha,2010,"Hindi, Film","Pritam, Shani, Traditional","Nitin Raikwar, Shehzad Roy, Irshad Kamil",T-Series,0
0d26e10b-4141-5ea5-b687-51554a648613,Khelein Hum Jee Jaan Sey,2010,"Hindi, Film",Sohail Sen,Javed Akhtar,T-Series,0
bf2ede6a-73d3-5b14-87cd-148f37e83aab,Khichdi - The Movie,2010,"Hindi, Film",Raju Singh,Aatish Kapadia,Sony Music,0
3f7d8935-b285-5663-a0da-3b646f59d52b,Khuda Kasam,2010,"Hindi, Film",Aadesh Shrivastava,,,0
2d0284cf-2c29-568b-a458-02fcadc87547,Kites,2010,"Hindi, Film",Rajesh Roshan,"Nasir Faraaz, Asif Ali Beg",T-Series,3.0
4eb14e2e-3dec-597a-94e8-eb561c702ebb,Knock Out,2010,"Hindi, Film","Sanjeev - Darshan, Gourov Dasgupta","Sameer, Panchhi Jalonvi, Shellee",T-Series,0
17f7dec9-7b77-5c3c-9a82-b385567ba217,Krantiveer - The Revolution,2010,"Hindi, Film",Sachin - Jigar,Sameer,T-Series,0
5c3df2e3-b2f8-587f-84b6-749423769f7f,Kushti,2010,"Hindi, Film","Srinivas, Hirju Roy, Ad Boyz, Tauseef Akhtar","Sameer, Tulsidas, Shammi - I",Venus,0
57e646f0-697b-51c9-ad25-b3d14374fa7f,Kyun Dooriyan,2010,"Hindi, Non Film",Shafqat Amanat Ali,Shafqat Amanat Ali,Music Today,0
8c9bc9fd-4b23-587e-81fa-2042cbd9a359,Lafangey Parindey,2010,"Hindi, Film",R. Anandh,Swanand Kirkire,YRF Music,0
d186d863-2ebb-5ea8-bb0d-9b6969340953,Lahore,2010,"Hindi, Film","M.M. Kreem, Piyush Mishra, Wayne Sharpe","Junaid Wasi, Panchhi Jalonvi, Piyush Mishra",Junglee Music,0
9b3909ee-824e-58c2-80f9-0be860edf1aa,Lamhaa,2010,"Hindi, Film",Mithoon,"Sayeed Quadri, Amitabh Verma, Mithoon",T-Series,0
0cc7c057-b62b-53eb-995a-49e0f98de1fb,Life Express,2010,"Hindi, Film",Roop Kumar Rathod,Shakeel Azmi,Times,0
88e82585-6721-5d68-8e1c-2c7faee3eb9e,Lori - Mother's Lullabies,2010,"Hindi, Non Film",Dinesh Kumar Dube,Mohan Sharma - I,EMI,0
23796454-747e-5334-a981-e393abce1702,Love Sex Aur Dhokha,2010,"Hindi, Film","Sneha Khanwalkar, Dibakar Banerjee","Dibakar Banerjee, Sneha Khanwalkar, Kanu Behl",Sony Music,3.0
c88f401b-b482-582b-bcfa-bd55cb02fb5f,Maalik Ek,2010,"Hindi, Film","Anup Jalota, Jaideep Choudhry","Amit Khanna, Anup Jalota, Rajan Johri, Sameer, Traditional, Manoj Kumar",T-Series,0
806b1dd2-c353-5003-a1e3-250bcfd6c814,Madholal Keep Walking,2010,"Hindi, Film",Nayab Raja,"Sani Aslam, Sahil Fatehpuri",Times,0
f2a5cb7e-fc16-5975-8246-794af2616e7f,Mallika,2010,"Hindi, Film","Pritam, Shamir Tandon, Akbar Sami, Madan Mohan","Sudhakar Sharma, Rajendra Krishan",Saregama,0
216a97e0-60b9-5693-a774-2a23e589d445,Mantis,2010,"English, Non Film",,,,0
753f1e50-a4e5-5ebf-92d4-601797d92d62,Milenge Milenge,2010,"Hindi, Film",Himesh Reshammiya,Sameer,T-Series,0
a1d30742-121f-5223-9376-ce2ae323fdf4,Mirch,2010,"Hindi, Film",Monty Sharma,Javed Akhtar,T-Series,4.0
e264f523-da35-5b53-b04e-9cabf56b225e,Mittal v/s Mittal,2010,"Hindi, Film",Shamir Tandon,Shabbir Ahmed,T-Series,0
382650ad-cf1c-55fb-91b7-3c5175ece20e,Mr. Singh Mrs. Mehta,2010,"Hindi, Film","Shaarang Dev, Shujaat Husain Khan",Amitabh Verma,Junglee Music,3.0
49a7cbae-99cb-530e-a9ee-ec9d8fcba513,Mumbai 118,2010,"Hindi, Film",Liyakat Ajmeri,"Rashid Firozabadi, Tauraz, Sahil Sultanpuri, Jaffer Sagar",Worldwide Records,0
4ae379e1-0755-5c92-9dc3-86205337fa04,Mumbai Mast Kallander,2010,"Hindi, Film","Anaamik Chauhan, Afsar - Sajid, Teenu Arora","Kumaar, Azeem Shirazi, Earl Edgar D'Souza, Panchhi Jalonvi, Neeraj Shridhar, Prashant Ingole",Junglee Music,1.0
5a1bed58-6020-5f1c-8203-d13c21b2b7a1,Musaa,2010,"Hindi, Film","Santosh Sharma, Eliyas","Sahani Aslam, Babul - I, Ibrahim Ashq",T-Series,0
5025b3c4-bd8f-52d9-8310-77875c4d2a49,Muskurake Dekh Zara,2010,"Hindi, Film",Ranjit Barot,"Nasir Nizami, Mehboob Kotwal",T-Series,0
ec603192-c5da-5165-9604-eb87e82be50f,My Free Spirit,2010,"Hindi, Non Film","Justin - Uday, Shibani Kashyap, Bappi Lahiri, Santosh Nair","Prashant Ingole, Rahul B. Seth, Shailesh Martis, Rajiv Bhalla, Virag Mishra, Bappi Lahiri, Manohar Iyer",ASA Music Records,0
0712108b-56f2-590b-9ff7-afafe6308cbb,My Name Is Khan,2010,"Hindi, Film",Shankar - Ehsaan - Loy,Niranjan Iyengar,Sony Music,4.5
699bf894-3a61-5cf0-b7df-3a9250769892,Na Ghar Ke Na Ghaat Ke,2010,"Hindi, Film",Lalit Pandit,Mudassar Aziz,T-Series,0
c583fdbb-95be-5444-8022-b4530a26dbad,No One Killed Jessica,2010,"Hindi, Film",Amit Trivedi,Amitabh Bhattacharya,Saregama,4.0
aab60103-9986-5d7d-b796-3728ced065f4,No Problem,2010,"Hindi, Film","Pritam, Anand Raj Anand, Sajid - Wajid","Kumaar, Anand Raj Anand, Shabbir Ahmed",Eros Music,0
7c415ce4-3270-52b1-8225-1b6e7735752a,Once Upon A Time In Mumbaai,2010,"Hindi, Film",Pritam,"Amitabh Bhattacharya, Neelesh Misra, Irshad Kamil",T-Series,3.67
423d98ce-cc9e-5760-9c28-c18c361e5c21,Paathshaala,2010,"Hindi, Film",Hanif Shaikh,Hanif Shaikh,Eros Music,0
7d7cc913-0310-53ff-bba2-e8068dcdfe8b,Pancham Unexplored,2010,"Hindi, Non Film",R.D. Burman,"R.D. Burman, Joseph Alvares",Universal,3.67
561a23f2-3666-5460-9034-0cd457ed8df5,Pangaa Gang,2010,"Hindi, Film",Shamir Tandon,Virag Mishra,Shemaroo,0
04a3dfbc-65c6-558e-b635-266d2cdbf8c0,Pankh,2010,"Hindi, Film",Raju Singh,Sudipto Chattopadhyaya,Eros Music,0
de6d5d91-d666-53cb-8cd7-e28104983566,Payback,2010,"Hindi, Film","Vijay Narayan, Dev Sikdar, Dharam - Sandeep","Irfaan Shaikh, Dev Sikdar, Kuku Prabhas",T-Series,0
3f0f7570-3d6a-5939-a280-5ce1b747fd8f,Peepli [Live],2010,"Hindi, Film","Bhadwai Village Mandali, Indian Ocean, Nageen Tanvir","Bhadwai Village Mandali, Sanjeev Sharma, Swanand Kirkire, Gangaram Sakhet, Noon Meem Rashed",T-Series,0
635753ec-8f13-5155-8fde-8ad3087b9699,Phaans,2010,"Hindi, Film","Dilip Sen, Milind Joshi","Sanjay Mishra - I, Milind Joshi",Venus,0
6d685626-5688-5e08-9e85-16919aaafea4,Phas Gaye Re Obama,2010,"Hindi, Film",Manish J. Tipu,"Shellee, Gopal Tiwari",Junglee Music,0
0d991997-f358-55c9-8ba9-02ab2bf06ba8,Prince,2010,"Hindi, Film",Sachin Gupta,Sameer,Tips,0
a6fdedf2-005e-5448-a99f-4f3c6c91d7ab,Pyaar Impossible,2010,"Hindi, Film",Salim - Sulaiman,Anvita Dutt Guptan,YRF Music,0
84f2c23f-efbb-5639-9019-51a7a765bebc,Raajneeti,2010,"Hindi, Film","Pritam, Wayne Sharpe, Shantanu Moitra, Aadesh Shrivastava","Irshad Kamil, Gulzar, Swanand Kirkire, Sameer",Sony Music,3.67
6dcc161c-6885-5a74-8fb4-f26e54910fc5,Raanjhna Yaar Di (Splitsvilla Season 3 Theme Song),2010,"Hindi, Non Film",,Shellee,,0
68cedf34-081b-5752-8289-ff1c065c4f9f,Raavan,2010,"Hindi, Film",A.R. Rahman,Gulzar,T-Series,3.0
61ed628a-60c1-51a0-87ce-80344eb65881,Rakht Charitra,2010,"Hindi, Film","Sukhwinder Singh, Bapi - Tutul, Dharam - Sandeep, Imran - Vikram","Sarim Momin, Shyamraj Dutta, Vayu, Sandeep Singh, Shabbir Ahmed, Prashant Pandey",T-Series,0
6e1ce96f-244d-572b-a470-bf2d4f911443,Ramaa The Saviour,2010,"Hindi, Film",Siddharth - Suhas,"Honey Irani, Kishore Kumar, Kumaar",Sony Music,0
3598ee66-d79a-5a6d-84bb-db4210c60626,Ranjishen,2010,"Hindi, Non Film",Kuldeep Singh,Rajiv Pal Singh Rana,,0
0c1d5e9d-dfe4-5cee-a391-279cdf0e2f7c,Rann,2010,"Hindi, Film","Bapi - Tutul, Imran - Vikram, Amar Mohile, Sanjeev Kohli, Jayesh Gandhi, Dharmaraj Bhatt, Sandeep Patil","Prashant Pandey, Sandeep Singh, Sarim Momin, Vayu",Junglee Music,0
5bc98662-3321-53cf-9041-ac831af0142a,Right Yaaa Wrong,2010,"Hindi, Film",Monty Sharma,Sameer,Ultra,0
bbf2ee92-2bfe-5ece-b747-9e89c0da3cf1,Road To Sangam,2010,"Hindi, Film","Vijay Mishra, Nitin Kumar Gupta, Prem Hariya, Sandesh Shandilya","Sudhir Nema, Traditional, Allama Iqbal, John Henry Newman, Narsinh Mehta",Sony Music,0
a779d8da-af4c-59fc-9c55-1a88ef1c035c,"Road, Movie",2010,"Hindi, Film","S.D. Burman, Sylvia Gordon",Sahir Ludhianvi,Sony Music,0
c9151c1b-6c75-57c4-99b7-6fc3b20a0256,Robot,2010,"Hindi, Film",A.R. Rahman,Swanand Kirkire,Venus,3.0
aca31abb-8ebd-5d5f-9783-8f9029e9bb3d,Sadiyaan,2010,"Hindi, Film",Adnan Sami,"Sameer, Amjad Islam Amjad",T-Series,0
d7ecf940-69bd-5448-95b8-54bdc0983751,Shaapit,2010,"Hindi, Film","Chirantan Bhatt, Aditya Narayan, Najam Sheraz","Sameer, Aditya Narayan, Najam Sheraz",T-Series,0
f589c7b7-ee2e-5477-b169-00dde00a268a,Shahrukh Bola Khoobsurat Hai Tu,2010,"Hindi, Film",Vasuda Sharma,"Vasuda Sharma, Makrand Deshpande",T-Series,0
374c1f5d-76f3-59dc-af09-b0c8ec5ebd0b,Soch Lo,2010,"Hindi, Film","Nitish Pires, Charu Mohan, Mehboob Kotwal","Prashant Ingole, Charu Mohan, Sibtain Shahidi, Nitish Pires, Mehboob Kotwal",Junglee Music,0
cb772c80-ea20-5298-a987-389870dcce25,Start The Fire,2010,"Hindi, Non Film",Advaita,Advaita,Artist Aloud,0
e0fc0cfa-02ea-561d-8c14-8f283330c19e,Striker,2010,"Hindi, Film","Blaaze, Amit Trivedi, Shailendra Barve, Yuvan Shankar Raja, Swanand Kirkire, Vishal Bhardwaj","Nitin Raikwar, Blaaze, Anushka Manchanda, Prashant Ingole, Jeetendra Joshi, Swanand Kirkire, Gulzar",T-Series,3.0
3514a422-cc8d-5c37-bb5f-225ca5adc1f0,Swaha,2010,"Hindi, Film",Praveen Bharadwaj,Praveen Bharadwaj,Bluesky Entertainment,0
0dcca5a4-4de2-5f5e-b2e2-e729639892bb,Teen Patti,2010,"Hindi, Film","Salim - Sulaiman, George Gershwin","Asif Ali Beg, Irfan Siddiqui, Ajinkya Iyer, DuBose Heyward, Ira Gershwin",T-Series,3.0
b4772513-4750-51ea-be7e-4852567f677a,Tees Maar Khan,2010,"Hindi, Film","Vishal - Shekhar, Shirish Kunder","Anvita Dutt Guptan, Vishal Dadlani, Shirish Kunder",T-Series,3.0
2a171702-d373-5b46-b467-6b5ec68ed2b4,Tera Kya Hoga Johnny,2010,"Hindi, Film","Pankaj Awasthi, Abhishek Ray, Ali Azmat","Neelesh Misra, Akriti Kakar, Surendra Chaturvedi, Sandeep Nath, Junaid Wasi, Ali Azmat, Sabir Zafar",Saga Music,0
bbc7abc1-32b0-5975-999a-732bc9fed555,Tere Bin Laden,2010,"Hindi, Film","Ali Zafar, Shankar - Ehsaan - Loy, Dhruv Dhalla","Ali Zafar, Jaideep Sahni, Jaspreet Singh, Dhruv Dhalla",Pen,0
c81da411-15a2-57fb-986d-a48f2a5021ec,The Film Emotional Atyachar,2010,"Hindi, Film","Mangesh Dhakde, Bappi Lahiri","Amitabh Bhattacharya, Virag Mishra",Yellow & Red Music,0
7fbbad32-46e4-513e-91b0-b1b11368b307,The Great Indian Butterfly,2010,"English, Film","Gourov Dasgupta, Chrystal Farrel, Deepak Pandit, Shibani Kashyap, Vivek Philip","Gourov Dasgupta, Chrystal Farrel, Manoj Muntashir, Vipul Saini, Traditional, Jaideep Sahni, Vivek Philip, Sapna Thomas",Eros Music,0
36400c5c-603e-5954-ae23-f032bfe97e18,Timeless Classics,2010,"Hindi, Non Film","Ahmad Faraz, Srinivas, Mehdi Hassan, Traditional, Niaz Hussain Shami, Nashad, Nisar Bazmi","Ahmad Faraz, Razi Tirmizi, Hasrat Mohani, Traditional, Mir Taqi Mir, Tasleem Fazli",Saregama,0
5575f001-1cee-5438-8c4d-898a018b8bd9,Toh Baat Pakki,2010,"Hindi, Film",Pritam,"Traditional, Shabbir Ahmed, Mayur Puri, Sayeed Quadri",Tips,0
83458281-949e-5133-a976-cefb5254e281,Toonpur Ka Superhero,2010,"Hindi, Film",Anu Malik,"Munna Dhiman, Kumaar",Eros Music,0
65c6a013-e99c-56d8-92f7-df78e11ab86a,Tum Milo Toh Sahi,2010,"Hindi, Film",Sandesh Shandilya,Irshad Kamil,Sony Music,0
8829a6df-c695-51f1-a120-d0f2dc754442,Turning 30,2010,"English, Film",Siddharth - Suhas,"Kumaar, Ram Goutam, Suhas Shetty, Prashant Pandey",T-Series,0
aa4758fe-257c-5f38-a4db-b24276e14be4,Udaan,2010,"Hindi, Film",Amit Trivedi,"Amitabh Bhattacharya, Anurag Kashyap",T-Series,4.0
b7a62400-e829-5ffa-ad86-dc7f992a6af2,Veer,2010,"Hindi, Film",Sajid - Wajid,Gulzar,Eros Music,0
012185ba-8928-53c7-86f7-ae486db2b12c,We Are Family,2010,"Hindi, Film",Shankar - Ehsaan - Loy,"Irshad Kamil, Anvita Dutt Guptan",Sony Music,3.0
eeb393d4-b2f6-50f3-b0f1-ca5aba169b58,Well Done Abba,2010,"Hindi, Film",Shantanu Moitra,"Ashok Mishra, Ila Arun, Swanand Kirkire",T-Series,0
347e179d-5e77-55cb-95a4-058476886aca,Yamla Pagla Deewana,2010,"Hindi, Film","Anu Malik, Nouman Javaid, Sanjoy Chowdhury, Traditional, Rahul B. Seth, Sandesh Shandilya, RDB, Laxmikant - Pyarelal","Anu Malik, Nouman Javaid, Rahul B. Seth, Dharmendra, Irshad Kamil, Anand Bakshi, RDB",T-Series,0
4c47abf2-1eef-568a-98fc-689925223d7b,Yeh Naya Naya,2010,"Hindi, Non Film",Nikhil,Sameer,T-Series,0
2ca28066-4112-5789-801f-a50b950fed99,3 Thay Bhai,2011,"Hindi, Film","Sukhwinder Singh, Ranjit Barot, Rajat Dholakia, Daler Mehndi","Gulzar, Hard Kaur",Sony Music,0
298ba85b-697a-5c2b-8760-81166ffaf06f,404 Error Not Found,2011,"Hindi, Film","Imaad Shah, Sameeruddin","Imaad Shah, Rachel Varghese",Saga Music,0
f1a8b9df-4756-5ea0-baee-e01906c87c5c,5 Ghantey Mien 5 Crore,2011,"Hindi, Film","Leonard Victor, Tony Kakkar, Ali Mustafa, Rustam Fateh Ali Khan, Sourish","Leonard Victor, Pravin Dabas, Saajan Agarwal, Hasan Amin, Rustam Fateh Ali Khan, Hari Shankar Sufi, Faisal Saif, Dev Shri",Worldwide Records,0
555ca872-2198-5e7d-ac30-404b075bbee0,7 Khoon Maaf,2011,"Hindi, Film",Vishal Bhardwaj,"Gulzar, Aditi Singh Sharma, Ajinkya Iyer",Sony Music,3.5
151c64d1-49a7-5955-abc4-d19741690cb1,A R Rahman Connections,2011,"Hindi, Non Film",A.R. Rahman,Sukhwinder Singh,Sony Music,0
b232b8cb-23f5-5494-b251-742a51d06ce5,A Strange Love Story,2011,"Hindi, Film","Ripul - Dharmesh, Santokh Singh Dhaliwal","Vikhar, Ripul, Dharmesh - I, Amitabh Verma",Junglee Music,0
f8ae8470-e6ff-5267-be7e-992c45aede39,Aagaah - The Warning,2011,"Hindi, Film",Sachin Gupta,Ibrahim Ashq,Hamara Music,0
05a1f3d3-8772-5535-aff7-439f25463aa7,Aarakshan,2011,"Hindi, Film","Shankar - Ehsaan - Loy, Prasoon Joshi",Prasoon Joshi,Sony Music,3.0
4bfd129d-3cc3-565d-b9cc-4e84c43dd7a5,Agneepath,2011,"Hindi, Film",Ajay - Atul,Amitabh Bhattacharya,Sony Music,3.33
7adfdad7-0c72-5b03-8eed-3086e340a76d,Aishwarya,2011,"Hindi, Film",Vishnu Narayan,Atique Allahabadi,Worldwide Records,0
1662d27d-ecac-5b69-b8d2-2eb190e7d371,Always Kabhi Kabhi,2011,"Hindi, Film","Ashish Rego - Shree D., Pritam","Amitabh Bhattacharya, Irfan Siddiqui, Prashant Pandey, Roshan Abbas",T-Series,0
9ef28063-59a7-5595-8ed5-b11e9495b043,Angel,2011,"Hindi, Film",Amjad - Nadeem,Shabbir Ahmed,T-Series,0
6b3f3c60-cf26-5ae0-99fa-574facfa8616,Ashoka The Hero,2011,"Hindi, Film",Justin - Uday,Rekha Nigam,Universal,0
9cadfdb3-34c0-5c27-af69-4a15ee338bbf,Back To My Future,2011,"Hindi, Non Film","R.D. Burman, Kalyanji - Anandji, S.D. Burman, Shiv - Hari, Jatin - Lalit, Shankar - Jaikishan","Rajendra Krishan, Anand Bakshi, Majrooh Sultanpuri, Harivansh Rai Bachchan, Shailendra",Saregama,0
66dcf894-fb51-514b-8727-e2568499ab61,Barse Barse,2011,"Hindi, Non Film",Vishal Bhardwaj,"Gulzar, Suryabhanu Gupta, Munna Dhiman",Times,3.0
6007e5bd-7deb-528d-8519-9d80c04b0621,Bas Ek Tamanna,2011,"Hindi, Film",Onkar Minhas,"Qaiser-Ul-Jafri, Manthan",FilmyBOX Music,0
8fcf4e1b-2305-53bd-8655-d6fcf6220134,Bbuddah Hoga Terra Baap,2011,"Hindi, Film",Vishal - Shekhar,"Vishal Dadlani, Swanand Kirkire, Anvita Dutt",T-Series,3.5
6657c52f-ee78-5ed6-bf6d-b724f72c74c2,Be-Careful,2011,"Hindi, Film",Siddharth - Suhas,Kumaar,T-Series,0
9f7174eb-42b9-52d8-b29a-306d5740f8d8,Bheja Fry 2,2011,"Hindi, Film","Sagar Desai, Sneha Khanwalkar, Ishq Bector","Shellee, Shakeel Mohammed, Sonny Ravan, Shree D.",T-Series,0
4717f212-816b-5144-bb1e-b37476d4f76b,Bhindi Baazaar Inc.,2011,"Hindi, Film",Sundeep - Surya,"Naveen Tyagi, Ghalib Asad Bhopali",Saga Music,0
86827668-1577-55b2-99f5-c36b2831e980,Bin Bulaye Baraati,2011,"Hindi, Film",Anand Raj Anand,"Satyaprakash, Anjan Sagri, Anand Raj Anand",T-Series,0
9eba58fa-6422-55cd-ac42-bd88bf1e55ca,Bloodywood,2011,"English, Non Film","Vishal Dadlani, Randolph Correia, Pentagram",Vishal Dadlani,Counter Culture Records,0
5317357a-9f0b-53fe-b43e-88e54533a45f,Bodyguard,2011,"Hindi, Film","Himesh Reshammiya, Pritam","Shabbir Ahmed, Neelesh Misra",T-Series,0
1326d4dd-b657-56a7-8946-1e6c88b2f64e,Born This Way (Bollywood Remix),2011,"English, Non Film",,,,0
5e9c5f4c-6de6-5d64-adf0-c4a7f7b42eee,Bubble Gum,2011,"Hindi, Film","Haffu, Bapi - Tutul","Haffu, Prashant Pandey, Kaushal Kishore",,0
231e9a12-3a63-580c-bf74-c8cdcf8365ff,C U Later (English),2011,"English, Non Film",Palash Sen,"Palash Sen, Deekshant Sherawat",,0
fd892113-9695-5f65-ab25-88ba03a6fb03,Chaalis Chauraasi,2011,"Hindi, Film","Lalit Pandit, Vishal Rajan, Hassan Jahangir","Kashinath Kashyap, Vishal Rajan, Hassan Jahangir, Sandeep Srivastava",T-Series,0
8c1fac25-b223-5df9-b9b4-2c1f56b9eb18,Chala Mussaddi Office Office,2011,"Hindi, Film","Sajid - Wajid, Goldkartz","Gulzar, Goldkartz, Big K",Saga Music,0
f9899591-afb6-5464-a3d5-4f34240acb99,Chalo Dilli,2011,"Hindi, Film","Gourov Dasgupta, Anand Raj Anand, Kalyanji - Anandji, Sachin Gupta, Rohit Kulkarni","Manthan, Anand Raj Anand, Indeevar, Krishika Lulla, Shabbir Ahmed, Kamal Heer, Neisha",Eros Music,0
0e48c270-77ec-5b62-bfc6-9df633b88128,Chitkabrey,2011,"Hindi, Film",Akshay Bafila,"Supratim Sen, Rajesh Kumar - I, Niket Pandey, Mahesh Kumar - I",T-Series,0
a2abcfd2-f5a4-5f37-a90e-8132c649cf09,Coke Studio 1 - Episode 01,2011,"Hindi, Non Film","Salil Chowdhury, Leslie Lewis","Shailendra, Traditional, Chinna Ponnu, Kailash Kher, Vinay Kochar, Thyagaraja",Sony Music,0
ff23b60f-e312-5be3-9f84-589ed4609fa5,Coke Studio 1 - Episode 02,2011,"Hindi, Non Film","Shankar - Ehsaan - Loy, Shankar Mahadevan","Niranjan Iyengar, Chandrashekhar Mishra, Rajesh Johri",Sony Music,0
103361c7-303b-5451-85bf-e21eec181fa9,Coke Studio 1 - Episode 03,2011,"Hindi, Non Film",Leslie Lewis,"Naqsh Lyallpuri, Afshan Ahmed, Sarah McLachlan, Amir Khusro, R.P. Deewana",Sony Music,0
3553f1d4-667e-5256-b83f-e8e7b00a4246,Coke Studio 1 - Episode 04,2011,"Hindi, Non Film",Kailasa,"Kailash Kher, Traditional, Sameer, Sanjeev T, Victor Mukherjee, Chinna Ponnu",Sony Music,3.0
90abc6cd-3edd-5bde-9cde-a6cc11835672,Coke Studio 1 - Episode 05,2011,"Hindi, Non Film","R.D. Burman, Raghu Dixit, Leslie Lewis","Majrooh Sultanpuri, Raghu Dixit, Pinky Poonawala",Sony Music,0
3a185435-e4fe-51b3-aa22-fee8f73371da,Coke Studio 1 - Episode 06,2011,"Hindi, Non Film","Fuzon, Advaita",,Sony Music,0
99d4b4f2-8b82-57c6-bec7-30ad9db57fa0,Coke Studio 1 - Episode 07,2011,"Hindi, Non Film","Sohail Rana, Vishal - Shekhar, Leslie Lewis","Faiyyaz Hashmi, Shewan Rizvi, Vishal Dadlani, Prashant Ingole",Sony Music,0
19f361c2-2a78-5cad-851e-9c22eed3a384,Coke Studio 1 - Episode 08,2011,"Hindi, Non Film","Leslie Lewis, Monty Sharma, Madan Mohan","Sameer, Traditional, Kaifi Azmi",Sony Music,0
040f7e51-e061-5512-95b9-9780c774dd3a,Coke Studio 1 - Episode 09,2011,"Hindi, Non Film","R.D. Burman, Leslie Lewis, Colonial Cousins","Rajesh Johri, Bharat Bhushan Pant, Anand Bakshi, Leslie Lewis, Shaheer Vitthal Umap",Sony Music,0
5318ec72-b94c-5865-bc34-52449e77f496,College Campus,2011,"Hindi, Film",Atul Srivastava,"Sahil Sultanpuri, Rakesh Nirala, Anwar Sagar, Kishor Chanchal",T-Series,0
bbf2ad31-3dc4-5e9d-a90c-7bd92311b9f0,Come On India,2011,"Hindi, Non Film",Bappi Lahiri,Bappi Lahiri,Yellow And Red Music,0
098fbc68-529f-5e35-a8e7-09b7540c24e0,Damadamm,2011,"Hindi, Film","Himesh Reshammiya, Sachin Gupta","Shabbir Ahmed, Sachin Gupta, Sameer",T-Series,0
628c9c6c-7956-5fb6-ad45-4184ab6f491f,Delhi Belly,2011,"Hindi, Film",Ram Sampath,"Amitabh Bhattacharya, Akshat Verma, Munna Dhiman, Chetan Shashital, Ram Sampath",UTV,4.0
45d8804e-09e9-592f-ad3e-4dedc517cec9,Desi Boyz,2011,"Hindi, Film",Pritam,"Irshad Kamil, Amitabh Bhattacharya, Kumaar",Eros Music,0
4be1f144-e5d5-5e69-88c3-385d09872660,Dhobi Ghat,2011,"Hindi, Film",Gustavo Santaolalla,,Excel,0
a1ddc8ef-846c-5b12-a41b-aff3949568ba,Dil Ki Zubaan,2011,"Hindi, Non Film",,,Saregama,0
d6417c9a-0565-5c7b-ab97-6c4316b88e91,Don 2,2011,"Hindi, Film",Shankar - Ehsaan - Loy,Javed Akhtar,T-Series,0
b159ed8e-f697-55a9-8c79-908da328bf3a,Double Dhamaal,2011,"Hindi, Film",Anand Raj Anand,"Anand Raj Anand, Mayur Puri",T-Series,0
22d167cf-b607-522c-92e1-84a0fee7dd53,Dum Maaro Dum,2011,"Hindi, Film","Pritam, R.D. Burman","Jaideep Sahni, Anand Bakshi",T-Series,3.0
74ba56c9-fb97-5fef-90ae-7fb6f4df217d,East Blends West,2011,"Hindi, Non Film","Wolfgang Amadeus Mozart, Carl Orff, Shigeru Umebayashi, Edward Grieg, Ludvig Van Beethoven, Tchaikovsky, Antonio Vivaldi",,Virgin,0
eb7c819f-88f0-54a0-8dc1-68c66b927cfb,Ek,2011,"Hindi, Non Film",Faridkot,,Times,0
c58ab75a-f3f0-5fc4-82ba-1f704121893c,Ek Ishara,2011,"Hindi, Non Film",Sahil Rayyan,Malika Rajput,T-Series,0
8897f67f-031b-5e13-9860-018a6177e547,Ek Ladki Shabnami Jaisi,2011,"Hindi, Non Film",Ricky Dev,"Arafat Mahmood, A.M. Turaz",Venus,0
9a6d4b93-99aa-57aa-9398-98be7f955e4c,Ek Main Aur Ekk Tu,2011,"Hindi, Film","Amit Trivedi, R.D. Burman, Clinton Cerejo","Amitabh Bhattacharya, Majrooh Sultanpuri",T-Series,4.0
80fcc3cc-68ff-5694-b56e-f12f9a6dc95f,F.A.L.T.U,2011,"Hindi, Film",Sachin - Jigar,Sameer,Puja Music,0
5df08d7a-722f-5129-9f74-e9cbeafaacd4,Force,2011,"Hindi, Film","Harris Jayaraj, Lalit Pandit",Javed Akhtar,T-Series,3.0
17e1d7e9-75f0-516f-b684-dbfeced2f882,Game,2011,"Hindi, Film",Shankar - Ehsaan - Loy,Javed Akhtar,T-Series,0
5e76e18e-c6b4-5812-9336-004f50dfd7ba,Gandhi To Hitler,2011,"Hindi, Film","Arbind - Lyton, Aman - Benson, Sanjoy Chowdhury","Pallavi Mishra, Narsinh Mehta",Saregama,0
92538197-0cdb-5293-a741-7bf11bfd83ee,Gems - Michael Bolton,2011,"English, Non Film","Sting, A.R. Rahman, U2","Sting, Bono, The Edge",Sony Music,0
9c47ab45-476d-5bb0-9b3c-5141c6af43b8,Ghost,2011,"Hindi, Film",Sharib - Toshi,"A.M. Turaz, Sandeep Nath, Sagar - II, Kumaar",T-Series,0
c529d9bb-c606-5ae7-9c85-4c2fc6a1f8c4,Haunted,2011,"Hindi, Film",Chirantan Bhatt,"Junaid Wasi, Shakeel Azmi",T-Series,0
8959c583-b03c-5e38-9f87-471890f4bfd2,Holi Mastano Ki Toli,2011,"Hindi, Non Film","Heera - I, Nirmal B. Pawar","Hema Wahi, V.S. Wahi, Arvind Tiwari",Red Ribbon,0
311673b7-3d25-5416-9288-4f5c6823cd4f,Home Run,2011,"Hindi, Non Film","Apache Indian, Simon & Diamond, Balli Kalsi, Malkit Singh, A.R. Rahman, R.D. Burman","Apache Indian, Malkit Singh, P.K. Mishra, Majrooh Sultanpuri",Universal,0
be3157dd-6076-5999-81a6-8993ab1c9d73,Horizon,2011,"Hindi, Non Film",Hariharan,"Mumtaz Rashid, Jan Nisar Akhtar, Farhat Shahzad, Akhtar Wazdi, Tahir Faraz, Hakim Nasir, Ibrahim Ashq",Sony Music,0
6f73f6b9-4c40-5efd-ab9a-6d0bdac52e67,Hostel,2011,"Hindi, Film",Virag Mishra,Virag Mishra,T-Series,0
92c0cd0b-c51f-5f7c-8032-f6c6e2e4831b,Hum Pakistan,2011,"Hindi, Non Film",,,,0
aac34011-9227-51ee-8f46-39d4411a6120,Hum Tum Shabana,2011,"Hindi, Film",Sachin - Jigar,"Sameer, Priya Panchal, Mayur Puri",T-Series,0
331615b3-123a-5616-8faf-c88d31a7f4b4,I Am,2011,"Hindi, Film","Vivek Philip, Amit Trivedi, Rajiv Bhalla","Amitabh Verma, Amitabh Bhattacharya, Rajiv Bhalla",Sony Music,4.75
f7279f63-426d-55de-bbf4-150b3dc92c77,I Am Kalam,2011,"Hindi, Film","Abhishek Ray, Susmit Bose, Madhuparna, Shivji Dholi, Papon","Manavendra, Kishore - I, Salil Vaidya, Shivji Dholi, Protique Mojoomdar",T-Series,0
d2b980b9-a158-5f41-aae8-1d5f01e9b33d,I Wanna Go,2011,"English, Non Film",,,,0
7749e2d4-6d88-53d7-ac75-910c983974d0,Impatient Vivek,2011,"Hindi, Film","Neeraj Shrivastava, Anaamik Chauhan, Raja Ali, Shadab Bhartiya","Neeraj Shrivastava, Rahul B. Seth, Binish Khan, Aamir Ali, Sanjay Mishra - I, Nusrat Badr, Rahat Kazmi",Search Records,0
9675b480-8058-524c-bb8d-b4dc0c863fbf,Item,2011,"Hindi, Non Film","Palash Sen, Vaishali Barua, Krutika Muralidharan","Palash Sen, Deekshant Sherawat, Dahlia",Universal,0
4e313a0e-3942-5bb9-b3a2-c92c527684b1,Jaana Pehchana,2011,"Hindi, Film",Ravindra Jain,Ravindra Jain,Saregama,0
bb212442-524f-5f6b-a912-df94e7bab047,Jiya Lage Na,2011,"Hindi, Non Film",Kedar Pandit,Vaibhav Joshi,Virgin,3.0
5a80a7b7-3631-59ac-ac21-6ae783c27e58,Jo Dooba So Paar,2011,"Hindi, Film",Manish J. Tipu,"Shellee, Sibtain Shahidi, Gopal Tiwari, Michael E. Ward",Saga Music,0
954e34e1-5601-591e-9d9e-65765a73cb3c,Jo Hum Chahein,2011,"Hindi, Film",Sachin Gupta,Kumaar,T-Series,2.0
0afef19c-138a-5d55-91cb-ea86dab6cfda,John McLaughlin Trio : Live At Royal Festival Hall,2011,"Instrumental, Non Film","Al Forman, John McLaughlin, Trilok Gurtu, Miles Davis",,JMT Productions,0
ecadde5b-caa1-5ea8-9e83-72f396055801,Kaccha Limboo,2011,"Hindi, Film","Amardeep Nijjer, Sudip Chakravarty, Shaheer Vitthal Umap, Ishq Bector","Prakash Dharmak, Sudip Chakravarty, Armaan Malik, Shyam Gopal Balakrishna, Kush Ganatra, Viren Bakhru, Shrikanth Ravishankar, Ronith Ramesh, Shaheer Vitthal Umap, Kumaar, Ishq Bector, Traditional",Venus,0
e532fe4e-10f4-524f-a83a-e73df3728659,Kalmaa,2011,"Hindi, Non Film","Roop Kumar Rathod, Vijay Verma, Traditional","Parveen Kumar Ashk, Dr. Moauzzam Azam, Traditional, Israr Ansari",T-Series,0
9a7e7909-b7fd-528c-bd08-021f6d8b1d43,Kashmakash,2011,"Hindi, Film",Sanjoy - Raja,Gulzar,Tips,3.5
c08a819a-fffa-59ab-8795-f802766ad7b1,Khap,2011,"Hindi, Film",Annujj Kappoo,"Panchhi Jalonvi, Yogesh, Daven Shukla, Tulsidas, Nida Fazli, Kumaar",Saga Music,0
66507474-4e13-56d2-9773-6c27bc3e8762,Khuda Wohi Hai,2011,"Hindi, Non Film","Kavita Seth, Traditional","Kavita Seth, Amir Khusro, Traditional, Raju Rajasthani, Sayed Zia Alvi, Bharat Bhushan Pant, Rumi",Times,0
5793567b-bf41-5fda-bdbc-178726184393,Kissa,2011,"Hindi, Non Film",Inqishaaf,"Shoaib Durrani, Shariq Khan",Times,0
b943a61e-3810-5b95-a096-ae58bb1348d3,Kucch Luv Jaisaa,2011,"Hindi, Film",Pritam,Irshad Kamil,T-Series,0
2a0ed10a-108d-5c65-8e93-9ba19ead2e67,Ladies Vs Ricky Bahl,2011,"Hindi, Film",Salim - Sulaiman,Amitabh Bhattacharya,YRF Music,0
0ede3cc9-09ec-5bb4-a674-7c8654249f7f,Lanka,2011,"Hindi, Film","Sharib - Toshi, Gaurav Dagaonkar, Rishabh Srivastava","Turaz, Seema Saini, Junaid Wasi, Rishabh Srivastava, Kumaar",ASA Music Records,0
eef42895-646f-58d8-9df0-fbd6d28d52b4,Le Uda Dil,2011,"Hindi, Non Film",Laxmi - Vasant,Laxmi Narayan,Red Ribbon,0
50d80acd-9be3-5cee-831d-e05c4be55cc0,Loot,2011,"Hindi, Film","Shamir Tandon, Shravan Sinha, Mika Singh","Shabbir Ahmed, Shravan Sinha, Mika Singh",T-Series,0
4fa5c88f-0453-58a6-8288-fa7102172018,Love Breakups Zindagi,2011,"Hindi, Film","Salim - Sulaiman, Rajesh Roshan, Amit Das, Clinton Cerejo","Javed Akhtar, Indeevar, Sahil Sangha",T-Series,0
44e0068f-e6ea-5b97-b54d-e7567fbe0737,Love Express,2011,"Hindi, Film",Jaidev Kumar,"Kumaar, Traditional",Tips,0
5f2fa4d1-fc49-568d-9807-1266ef068ba5,Love Possible,2011,"Hindi, Film",Afsar - Sajid,"Atique Allahabadi, Shailendra",Yellow & Red Music,0
4ffa167c-e655-5274-85a8-e9f3be200d8b,Love U... Mr. Kalakaar,2011,"Hindi, Film",Sandesh Shandilya,Manoj Muntashir,Sony Music,0
91c706e0-1bd1-55c0-a2bc-0acd7299799c,Luv Ka The End,2011,"Hindi, Film",Ram Sampath,Amitabh Bhattacharya,YRF Music,0
3b053f4e-1cfe-54d1-81ad-2422df836e22,Mausam,2011,"Hindi, Film","Pritam, Karsan Sagathia, Jaidev","Irshad Kamil, Sahir Ludhianvi, Pankaj Kapur",T-Series,3.5
9ca51108-2e07-599c-8f41-a1df2be03371,Me Mamu & 7,2011,"Hindi, Film",Chandar - Vishal - Sanjay,"Vishal Tandi, Amit Hotchandani",T-Series,0
5195639d-1518-5d60-816e-512256808d3f,Memories in March,2011,"English, Film",Debojyoti Mishra,Rituparno Ghosh,SVF Music,3.0
449e7d0e-6d2b-5cfb-bcc5-be257ea73f6f,Mere Brother Ki Dulhan,2011,"Hindi, Film",Sohail Sen,Irshad Kamil,YRF Music,0
05714d68-665d-5cdc-8a21-96d18c8c7caa,Miley Naa Miley Hum,2011,"Hindi, Film",Sajid - Wajid,Javed Akhtar,T-Series,0
8935651b-4fb9-5446-89a7-3d43afa84752,Milta Hai Chance By Chance,2011,"Hindi, Film","Afsar - Sajid, Jatin - Lalit","Jawahar - I, Shahab Allahabadi, Anjaan",FilmyBOX Music,0
32d1916c-5bf6-5c94-80db-e14bb4bfa0c5,Mod,2011,"Hindi, Film",Tapas Relia,Mir Ali Husain,Shreya Entertainment,3.0
59e9238b-299a-5241-8ece-7fb635901445,Mujhse Fraaandship Karoge,2011,"Hindi, Film",Raghu Dixit,"Anvita Dutt, Aslam Noor, Raghu Dixit",YRF Music,0
26b693be-d0d2-575f-b9b7-490b8ca90683,Murder 2,2011,"Hindi, Film","Sangeet Haldipur - Siddharth Haldipur, Mithoon, Harshit Saxena","Kumaar, Mithoon, Sayeed Quadri",T-Series,3.5
69d48993-3bb5-5a2d-91c2-7af8607bed1f,My Friend Pinto,2011,"Hindi, Film","Ajay - Atul, Shamir Tandon, Kavita Seth, Hitesh Sonik","Amitabh Bhattacharya, Charan Jeet, Deepa Seshadri",UTV,3.0
9605bcbc-6419-5e67-b618-83d2ad76bda7,Naughty @ 40,2011,"Hindi, Film","Sayed Ahmed, Monty Sharma, Shamir Tandon","Satyaprakash, Syed Gulrez",Venus,0
f40dc5e7-093b-5bb8-ab3b-05c20e4a65cc,Not A Love Story,2011,"Hindi, Film","Dharam - Sandeep, A.R. Rahman, Amar Mohile, Sandeep Chowta","Vayu, Mehboob Kotwal, Shabbir Ahmed",Tips,0
20a70030-e75e-548d-9cbf-09b3d607331c,Papa,2011,"Hindi, Non Film",Sandesh Shandilya,Prashant Vasl,Rajshri Music,0
3f0f95ae-c504-5349-a3ef-39098cc830dc,Patiala House,2011,"Hindi, Film",Shankar - Ehsaan - Loy,"Anvita Dutt, Hard Kaur, Earl Edgar D'Souza",T-Series,0
5ff422b2-b02e-5fca-b7c0-c66534731b73,Phhir,2011,"Hindi, Film","Raghav Sachar, Sharib - Toshi","Aditya Dhar, Kumaar, Sagar - II",T-Series,0
076d0a8c-722c-5cd8-9d7a-dd39f7979231,Players,2011,"Hindi, Film",Pritam,Ashish Pandit,T-Series,0
8dbe3248-3524-571f-88ba-1bc47333d17c,Pyaar Ka Punchnama,2011,"Hindi, Film","Hitesh Sonik, Ad Boyz, Clinton Cerejo, Luv Ranjan","Luv Ranjan, Shammi - I",T-Series,0
128a854f-fb0c-5a81-a299-f3b0a19ddade,Ra.One,2011,"Hindi, Film",Vishal - Shekhar,"Panchhi Jalonvi, Vishal Dadlani, Kumaar, Anubhav Sinha, Anvita Dutt Guptan",T-Series,4.0
508ff50e-26cd-51d6-9a67-cd1d7089968f,Ragini MMS,2011,"Hindi, Film","Shamir Tandon, Faizan Hussain, Agnel Roman, Bappi Lahiri, Zoheb Khan","Virag Mishra, Faizan Hussain, Agnel Roman, Indeevar",Saregama,0
cb8a38b0-a1dc-5da8-baac-e81ca8607985,Rascals,2011,"Hindi, Film",Vishal - Shekhar,"Anvita Dutt, Irshad Kamil",Venus,0
e8bf77b4-503a-5b49-ba68-96b37870a10d,Ready,2011,"Hindi, Film","Pritam, Devi Sri Prasad","Amitabh Bhattacharya, Ashish Pandit, Neelesh Misra, Kumaar",T-Series,3.5
2e77fd7b-b481-56eb-ba6f-1cbfb9547c00,Rivaaz,2011,"Hindi, Film","Raj Inder Raj, Reeg Dev, Santosh Nair","Raj Inder Raj, Reeg Dev, Manohar Iyer, Vijay Vijawat, Yashendra Sharma",FilmyBOX Music,0
96d4ab28-bcf5-5e10-98c6-08b78b45ab35,Rockstar,2011,"Hindi, Film",A.R. Rahman,"Irshad Kamil, Rumi",T-Series,4.75
5bfcc0c6-8274-5f59-b1ff-831420a61e2e,SQS Supastars,2011,"Hindi, Non Film","SQS Project, David Roxne, Peter Saverman, Kent Matsson, Kurt Westling, Herbert Trus","Samar Puri, Sanam Puri",Times,0
25708f7e-6a68-59ac-a090-1af36664c59f,Saali B!#@h,2011,"Hindi, Non Film","Ishq Bector, Chirantan Bhatt","Sonny Ravan, Ishq Bector, Harry Sona, Li'l Martin, I.P. Anand",Universal,0
6ea2fd2a-d6a0-5ebf-8695-825e4c7f4997,Saheb Biwi Aur Gangster,2011,"Hindi, Film","Mukhtar Sahota, Sunil Bhatia, Anuj Garg, Jaidev Kumar, Amit Sial, Abhishek Ray, Ankit Tiwari","Traditional, Sandeep Nath, Babbu Maan",BB Music,0
fc533aec-07f3-50cc-973b-ff09249e0fd8,Sahi Dhandhe Galat Bande,2011,"Hindi, Film","Dhruv Dhalla, Siddharth - Suhas, Master Mahaveer Chopra","Seema Saini, Kumaar, Lakmichand",T-Series,0
4a855ac3-05d3-5501-8c11-6df4065476a7,Sarhadein,2011,"Hindi, Non Film","Mayuresh Pai, Mehdi Hassan","Javed Akhtar, Farhat Shahzad",Saregama,0
1a0f4483-02d8-5d57-a802-8d2689cd1d3d,Satrangee Parachute,2011,"Hindi, Film","Kaushik Dutta, Rajesh Roshan, Shamir Tandon","Rajeev Barnwal, Anand Bakshi, Pinky Poonawala",Saregama,0
80b4ef3f-1342-51a0-a29c-135fe52cdbb8,Shagird,2011,"Hindi, Film",Abhishek Ray,,T-Series,0
b8290927-a449-5fab-9c77-3d49165700d6,Shaitan,2011,"Hindi, Film","Prashant Pillai, Amar Mohile, Ranjit Barot, Laxmikant - Pyarelal, Mikey McCleary, Anupam Roy - I, Bhayanak Maut, S.D. Burman","K.S. Krishnan, Sanjeev Sharma, Colin Terence, Shradha, Abhishek Nailwal, Javed Akhtar, Bhayanak Maut, Shailendra",T-Series,0
46adff05-c789-5337-9cc1-61ba66667e94,Shakal Pe Mat Ja,2011,"Hindi, Film","Amar Mohile, Salim - Sulaiman, Yo Yo Honey Singh, Nitin Kumar Gupta","Shraddha Pandit, Ravi Raaj - I, Nitin Kumar Gupta",Venus,0
ace9ee49-2c47-557d-891c-90fadac89e2b,Shor In The City,2011,"Hindi, Film","Harpreet, Sachin - Jigar, Roshan Machado","Nishu, Sameer, Sita Menon",Sony Music,4.0
d5ebad49-3459-51e7-95a4-931f9e75a87b,Shuttlecock Boys,2011,"Hindi, Film",Avinash Baghel,"Manas Mishra, Prachi Singh, Gaurav Solanki",,0
227e940c-3f6d-5990-bd99-e11b799e4b17,Singham,2011,"Hindi, Film",Ajay - Atul,Swanand Kirkire,T-Series,3.0
82c7eea5-9f46-5b8b-afb7-81ce37f2c2b0,Soundtrack,2011,"Hindi, Film","Midival Punditz, Karsh Kale, Kailash Kher, Vishal Vaid, Laxmikant - Pyarelal, Ankur Tewari, Papon","Gaurav Raina, Dhruv Jagasia, Anushka Manchanda, Kailash Kher, Vishal Vaid, Khalid Alvi, Majrooh Sultanpuri, Ankur Tewari, Papon, Anand Bakshi, Aslam Parvez, Tapan Raj, Karsh Kale",Saregama,0
17446c7f-802b-54a8-a80b-4d500b5f9fc3,Speedy Singhs,2011,"Hindi, Film","Josh, Meet Bros, Veronica Mehta, Jassi Sidhu, RDB, J Hind, Kat Eyez, Smooth, Ludacris, Manjeet Ral, Nav Sembhi, Sarb Sembhi","Kumaar, Rishi Rich, Veronica Mehta, Palvinder Dhami, RDB, Ludacris, Jassi Sidhu, Kale Wala Sangha, Ajay Virmani",T-Series,0
edaa0ce2-eaeb-5942-803c-c646987ec140,Stand By,2011,"Hindi, Film",Aadesh Shrivastava,"Swanand Kirkire, Shyam Raj",Saga Music,0
1edd8eca-85e0-57e2-8bbe-8c026532e83c,Stanley Ka Dabba,2011,"Hindi, Film","Hitesh Sonik, Amole Gupte",Amole Gupte,T-Series,0
c2532e36-c02f-5214-9778-69c0abf99570,Superheavy,2011,"English, Non Film","Mick Jagger, Dave Stewart, Joss Stone, Damian “Jr Gong” Marley, A.R. Rahman",,Universal,0
2edf5ba7-8b12-5068-99cc-6ee41262af3d,Taaruf,2011,"Hindi, Non Film",,,,0
7c99578d-eed5-57a0-ac66-4746fe8fbc24,Tandav,2011,"Hindi, Non Film",Agnee,Shellee,,0
86144a4b-7469-594f-a6e4-0f348a34f925,Tanu Weds Manu,2011,"Hindi, Film","Krsna, RDB",Rajshekhar,T-Series,3.67
b0bf5284-5e04-51ff-8313-9a217cd303a8,Tell Me O Kkhuda,2011,"Hindi, Film","Pritam, George Theofanous, Abhijeet Hegde Patil, Sajid - Wajid","Mayur Puri, Jalees Sherwani",Junglee Music,0
5c965ec2-5d19-52f5-ae36-a370cf1593e2,Tere Mere Phere,2011,"Hindi, Film",Shivi R. Kashyap,"Manoj Muntashir, Shivi R. Kashyap, Rishi Singh, Ketan Mehta",T-Series,0
b82efc55-a117-5830-ae93-3258931212e1,Thank You,2011,"Hindi, Film","Pritam, Kalyanji - Anandji","Kumaar, Amitabh Bhattacharya, Indeevar, Ashish Pandit",T-Series,0
706cd81c-81b1-5123-9809-7300ac5230f3,The Bartender,2011,"Hindi, Non Film","Shankar - Jaikishan, Mikey McCleary, O.P. Nayyar, Ghulam Mohammed, S.D. Burman, Madan Mohan, Kalyanji - Anandji","Shailendra, Majrooh Sultanpuri, Kaifi Azmi, Sahir Ludhianvi, Anand Bakshi",Sony BMG,0
4f35081d-297b-52e4-9f61-405a24a15afa,The Dewarists (Season One),2011,"Hindi, Non Film","Shri, Rajasthan Roots, Monica Dogra, Swarathma, Shubha Mudgal, Parikrama, Agnee, Papon, Rabbi Shergill, Shantanu Moitra, Indian Ocean, Mohit Chauhan, The Raghu Dixit Project, Rewben Mashangva, Imogen Heap, Vishal Dadlani, Midival Punditz, Karsh Kale, Baiju Dharmajan","Monica Dogra, Shubha Mudgal, Vasu Dixit, Jishnu Dasgupta, Pavan Kumar K.J., K. Mohan, Rachana B., Swanand Kirkire, Humble The Poet",,3.0
5c225117-f217-546a-8929-fb3714ea4804,The Dirty Picture,2011,"Hindi, Film",Vishal - Shekhar,Rajat Arora,T-Series,3.67
287a0fe1-7f8c-52c7-b107-8f5ffdd6f66a,The Shruti Box,2011,"Hindi, Non Film","Salim - Sulaiman, Paul Epworth, A.R. Rahman, Shankar Tucker","Jaideep Sahni, Paul Epworth, Adele, Vaali",Shrutibox Music,0
ec60c0fa-9e59-56d5-95e7-d5a6161e2620,The Silent Indian National Anthem,2011,"Hindi, Non Film","Rabindranath Tagore, Micu Patel",,Big Music,3.0
2dc5edba-7fa7-54fa-bdce-e66cf190f54e,This Is It,2011,"Hindi, Non Film",Sonu Nigam,,Universal,0
74f36c68-42e1-5164-a905-b7716045fcc6,Trishna,2011,"English, Film","Mehboob Langa, Balli Kalsi, Jaskurn Gosal, Tigerstyle, Ravinder Tinna, Francis Silkstone, Engine-Earz Experiment, Amit Trivedi, Elliott Gleave, Nick Douwma, MC Special, Robbie Nevil",Shellee,Caldera Records,0
01a50f9d-6e92-5a72-bfbc-7c1cb2798b95,Who's There?,2011,"Hindi, Film",Dinu,"Rakhi, Gopi Sachdev, Mehboob Harkare, Raaj Verma, Arif Rampuri",Venus,0
c08cdd04-d2d6-5928-b250-849ac436ffb8,Ye Stupid Pyar,2011,"Hindi, Film","Reeky Dev, Vipin Patwa","Arafat Mahmood, Sanjay Mishra - I, Yusuf Alikhan, Dr. Sagar",FilmyBOX Music,0
d4732a98-b016-57ed-bce1-c02a51c54346,Yeh Duniya Sabki,2011,"Hindi, Non Film",Pravin Mani,Nida Fazli,Magnasound,0
4b7593ca-0240-569e-8f5f-9e5646187ac4,Yeh Faasley,2011,"Hindi, Film",Deepak Pandit,Manoj Muntashir,Saregama,0
11cfcb47-ea94-50ad-87dd-f687efe1d4cc,Yeh Ishq Nahin,2011,"Hindi, Film","Asheesh Thadani, Rahul Dev - II, Muzaffar Ali Saheb",Taqi Hasan Saheb,Venus,0
d5ac5237-d3a4-5984-9801-f355d4d19c84,Yeh Saali Zindagi,2011,"Hindi, Film","Nishat Khan, Abhishek Ray","Swanand Kirkire, Manvendra",T-Series,0
544f7218-916c-5b96-a5bc-c22e4ee95dd6,Zindagi Na Milegi Dobara,2011,"Hindi, Film",Shankar - Ehsaan - Loy,Javed Akhtar,T-Series,3.0
1c56d077-1fd5-596d-ac19-f237dfe530a1,Zokkomon,2011,"Hindi, Film",Shankar - Ehsaan - Loy,Javed Akhtar,Walt Disney,0
dd1c8853-59a5-5875-a523-220c40b11f00,1920 Evil Returns,2012,"Hindi, Film",Chirantan Bhatt,"Shakeel Azmi, Junaid Wasi, Manoj Yadav",T-Series,3.5
46b9041f-b66a-5988-b617-405ca14e4875,2 Nights In Soul Valley,2012,"Hindi, Film","Varsha - I, Milli Moonstone","Varsha - I, Milli Moonstone",Unisys Music,0
04bc27a2-e821-5b0e-a0ee-07fc5040797b,24 Hours Gupchup Gupchup,2012,"Hindi, Film","Aadesh Shrivastava, Vinay Kapadia, Sukhwinder Singh","Sameer, Dev Kohli",FilmyBOX Music,0
c7ad4c50-dbdc-5a2e-a7a6-fa11b4122eb8,3,2012,"Hindi, Film",Anirudh Ravichander,"Kumaar, Dhanush",Sony Music,0
263afa92-6f43-544e-b798-2ac2bb19c725,3 Bachelors,2012,"Hindi, Film",Daboo I. Malik,"Praveen Bharadwaj, Rekha Mistry",T-Series,0
278fe563-b9ff-54a9-a41f-739f562ec207,7 Welcome To London,2012,"Hindi, Film","Access Band, Sohail Haider, Zuj Jibran, Falak Shabir","Access Band, Sohail Haider, Zuj Jibran, Falak Shabir",T-Series,0
af5973f5-1114-58d1-aa02-92e6ef260ae4,Aalaap,2012,"Hindi, Film","Dhruv Jyoti Bhaduri, Agnee","Panchhi Jalonvi, K. Mohan, Shellee, Nawaldas Manikpuri",FilmyBOX Music,3.67
f2181c48-3b68-5296-b571-bcb6726035c9,Agent Vinod,2012,"Hindi, Film",Pritam,"Amitabh Bhattacharya, Neelesh Misra",T-Series,3.0
d771db24-21b9-568d-9424-e1c3eb03748b,Aish Kar,2012,"Hindi, Non Film",Raju Singh,Devang Patel,T-Series,0
1eb0196d-cb61-55ff-b92b-9906da31567d,Aiyyaa,2012,"Hindi, Film",Amit Trivedi,Amitabh Bhattacharya,T-Series,3.5
8efe8a9d-beda-50c0-b46f-a352ec91fe3f,Ajab Gazabb Love,2012,"Hindi, Film","Sajid - Wajid, Tarli Digital","Priya Panchal, Kausar Munir, Sukhjit Thandi",Sony Music,0
f10705ed-a228-5058-912f-a0f4977a706d,Akaash Vani,2012,"Hindi, Film",Hitesh Sonik,Luv Ranjan,T-Series,3.67
64ee5945-833d-5599-8db0-403f77cc1a5f,Aksar,2012,"Hindi, Non Film",Bhupinder Singh,Gulzar,Saregama,0
994cf329-f03c-5fde-99fd-336f56da87b3,Arjun - The Warrior Prince,2012,"Hindi, Film",Vishal - Shekhar,Piyush Mishra,UTV,0
f21675cb-d18b-52e2-985f-f12879d77639,Ashkon Ki Baraat,2012,"Hindi, Non Film",Altaf Raja,Altaf Raja,Venus,0
366e035e-6542-50f0-bb7d-42ac8b6300d3,Ata Pata Laapata,2012,"Hindi, Film","Rajpal Yadav, Sujeet Chaubey, Amod Bhatt, Sukhwinder Singh","Sameer, Zakhir Hussein, Asifa Kaynat Shubhankar, Sanjay Shubhankar",Yellow & Red Music,0
2a6db695-8f7b-5ba9-8027-73cd2c8cbdd1,Avicii vs Sonu Nigam,2012,"Hindi, Non Film","Tim Bergling, Ash Pournouri, Leroy Kirkland, Pearl Woods, Etta James",Sonu Nigam,Universal,0
9bc218a7-ab6b-5453-84c7-35be3a81e6a4,Bandook,2012,"Hindi, Film","Lavan - Veeral, Nikhil Kamat","Shiv Sagar Singh, Aditya Om, Kapil Sibal",Worldwide Records,3.0
38434780-3b20-5367-ad22-957942c82700,Barfi!,2012,"Hindi, Film",Pritam,"Swanand Kirkire, Neelesh Misra, Ashish Pandit, Sayeed Quadri",Sony Music,4.8
aca1095d-8b5f-5be2-b3b6-b2d918221add,Behosh,2012,"Hindi, Non Film",Parvaaz,"Kashif Iqbal, Khalid Ahamed",Parvaaz,0
f4a9b1eb-2923-57a9-a89d-a78fd7fa1b7d,Bittoo Boss,2012,"Hindi, Film","Raghav Sachar, Gajendra Verma","Kumaar, Luv Ranjan, Aseem Ahmed Abbasi",T-Series,0
9bec6a79-91a7-5a46-b4fc-4f552b34c1d8,Blood Money,2012,"Hindi, Film","Sangeet Haldipur - Siddharth Haldipur, Jeet Ganguly, Pranay M. Rijia","Kumaar, Sayeed Quadri",Sony Music,0
170d9ff4-c06f-5113-b7fd-a33da8586eab,Bol Bachchan,2012,"Hindi, Film","Himesh Reshammiya, Ajay - Atul","Farhad - Sajid, Shabbir Ahmed, Sameer, Swanand Kirkire",T-Series,0
d838e4e3-086c-5737-9eec-4c628556d835,Bumboo,2012,"Hindi, Film","Santokh Singh Dhaliwal, Syed Faiz Ali Faizi","Shadab Akhtar, Nadeem Asad",Big Digital,0
64cad566-a2c6-539a-bc8d-6b075f53f92a,Chaar Din Ki Chandni,2012,"Hindi, Film","Abhishek Ray, Shiv - Hari, RDB, D.G., Dr. Zeus, Sandesh Shandilya","Sandeep Srivastava, Anand Bakshi, RDB, Jaspreet Jasz, Amrit Saab",Saregama,0
e9b5901a-b0fa-5e1e-9858-62ed6648ceb8,Chakradhaar,2012,"Hindi, Film","Anand Raj Anand, Jatin Pandit","Anand Raj Anand, Sameer",T-Series,0
175b4414-e053-57ff-8cb9-89b7010d7768,Chakravyuh,2012,"Hindi, Film","Vijay Verma, Salim - Sulaiman, Sandesh Shandilya, Shantanu Moitra, Aadesh Shrivastava","Turaz, Irshad Kamil, Ashish Sahu, Panchhi Jalonvi, Shraddha Pandit",Eros Music,0
9716eb7b-85c7-52d1-99ff-63cf55d453b4,Chal Pichchur Banate Hain,2012,"Hindi, Film",Gaurav Dagaonkar,"Seema Saini, Anurag Bhomiya, Pritish Chakraborty, Gaurav Dagaonkar, Arunima Bhattacharya",T-Series,0
f2b49d6a-38d7-5265-bc0a-7941190fea04,Challo Driver,2012,"Hindi, Film","Gaurav Dayal, Sajjad Ali Chandwani",Vickrant Mahajan,T-Series,0
7bbebaef-ed37-5536-afea-9032e46375a4,Chand Ke Pare,2012,"Hindi, Film",Anchal Talesara,"Hasmukh Gandhi, Ashok Bansal",Universal,0
6ab6f970-5fd6-51f2-bae9-83feb1b8bb31,Chhodo Kal Ki Baatein,2012,"Hindi, Film",Saleel Kulkarni,Sandeep Khare,Hamara Music,0
a0627fc4-b956-5f92-a1b3-0eca5fa91a1a,Chhota Bheem And The Curse Of Damyaan,2012,"Hindi, Film",Sunil Kaushik,Saajan Aggarwal,Green Gold,0
4add4d6b-68bc-5886-9392-ee06e4a084eb,Chittagong,2012,"Hindi, Film",Shankar - Ehsaan - Loy,Prasoon Joshi,Yellow & Red Music,4.33
f6aa8683-337e-55e4-afa8-56029b405a73,Chutki Bajaa Ke,2012,"Hindi, Film",Raaj Ashoo - Rajeev Thanvi,S.L. Indaliya,Absolute Music,0
176d9400-39aa-5ef3-861e-7c6af8fc9479,Cigarette Ki Tarah,2012,"Hindi, Film","Sudeep Banerjee, Ankur - Viraj, Kavita Seth","Kaushal Kishore, Dev Narayan, Sudarshan Goel, Ajay Jhingran",Worldwide Records,3.0
bb6bfc35-ee0d-5020-9ccb-e6569201d2fe,Classic Incantations,2012,"English, Non Film",A.R. Rahman,,T-Series,0
0d31a5de-292a-5a8a-ad30-ec569423add9,Cocktail,2012,"Hindi, Film","Yo Yo Honey Singh, Pritam, Traditional","Veet Baljit, Irshad Kamil, Traditional, Amitabh Bhattacharya",Eros Music,4.2
77855ca3-54f1-5d8f-a197-6e07d488767a,Coke Studio 2 - Episode 01,2012,"Hindi, Non Film",Clinton Cerejo,"Traditional, Manoj Yadav, Ajinkya Iyer",Sony Music,3.67
fe686270-336e-5ff1-8c23-c6fc5a9718fe,Coke Studio 2 - Episode 02,2012,"Hindi, Non Film",Hitesh Sonik,"Traditional, Piyush Mishra, Munna Dhiman, Raghubir Yadav",Sony Music,3.0
6d8b4771-919b-5c31-b194-9006e09a2bca,Coke Studio 2 - Episode 03,2012,"Hindi, Non Film",Amit Trivedi,"Amitabh Bhattacharya, Shellee, Swanand Kirkire, Kausar Munir",Sony Music,3.67
1f6ba267-fff9-5a90-90c0-0a4669d9919d,Coke Studio 2 - Episode 04,2012,"Hindi, Non Film",Nitin Sawhney,"Nitin Sawhney, Saroj Sawhney, Traditional",Sony Music,3.33
3965641c-5eeb-5c69-991d-006fcbd40967,Coke Studio 2 - Episode 05,2012,"Hindi, Non Film","Ehsaan Noorani, Loy Mendonsa","Traditional, Manoj Yadav, Ibson Baruah",Sony Music,0
38ea15e3-f141-52b3-a8fe-7f3d58173f87,Coke Studio 2 - Episode 06,2012,"Hindi, Non Film","Karsh Kale, Khayyam","Karsh Kale, Traditional, Leonard Cohen, Ustad Sultan Khan, Tapan Raj, Mandeep Sethi, Swanand Kirkire, Shahryar, Monali Thakur, Shellee",Sony Music,0
072e93b4-af17-50fc-b980-56eb06f64850,Coke Studio 2 - Episode 07,2012,"Hindi, Non Film",Shantanu Moitra,"Traditional, David Lalliansanga, Swanand Kirkire, Hari",Sony Music,0
46eff03a-5e0d-5abe-b345-26113ef47794,Coke Studio 2 - Episode 08,2012,"Hindi, Non Film","Shilpa Rao, Traditional, Krishna Janakiraman, Agam, Zila Khan","Shellee, Traditional, Muzaffar Warsi",Sony Music,0
9165f181-8182-5b65-a170-21c4d2978c4b,Daal Mein Kuch Kaala Hai,2012,"Hindi, Film","AABFM, Anuj Garg, Anand Balraj, Nasir Hussain - I","Vijay Akela, Anand Balraj, Naresh - I, Nasir - I",T-Series,0
c7bad5ee-84a4-5159-b889-1dc59227129d,Dabangg 2,2012,"Hindi, Film",Sajid - Wajid,"Jalees Sherwani, Sameer, Sajid Khan, Wajid Khan, Ashraf Ali, Irfan Kamal",T-Series,3.75
a384bedb-45c7-5af5-97df-a3458bc5e55c,Dangerous Ishhq,2012,"Hindi, Film",Himesh Reshammiya,"Shabbir Ahmed, Sameer",T-Series,3.0
8081ccd4-4011-5b5d-bda5-2fafe51dfa06,Dehraadun Diary,2012,"Hindi, Film","Ripul Sharma, Hanif Shaikh","Harsh Tyagi, Hanif Shaikh",Junglee Music,3.0
ede2d48e-7e29-5cde-8a2c-3a5b5d0ba056,Dekha Jo Pehli Baar,2012,"Hindi, Film","Praveen - Manoj, Mickey Narula, Reeky, Aslam Keyi","S.M. Fuzail, Yudhveer Singh, Mohammed Shamim Khan",Universal,0
63621158-0499-5193-a6e8-43396f18d95a,Delhi Safari,2012,"Hindi, Film",Shankar - Ehsaan - Loy,Sameer,,0
b941d623-12d6-535f-8eca-c036c7243d3f,Department,2012,"Hindi, Film","Vikram Nagi, Dharam - Sandeep, Bappa Lahiri, Bappi Lahiri","Sandeep Singh, Vayu, Shabbir Ahmed, Anjaan",T-Series,0
f033034a-f475-5adf-be0a-5f10327510d4,Dhama Chaukdi,2012,"Hindi, Film",Sahil Rayyan,Arafat Mahmood,FilmyBOX Music,0
2f3b1eac-cc03-5372-a2e0-3436493f7f4d,Diary Of A Butterfly,2012,"Hindi, Film","Taz - Stereo Nation, Shibani Kashyap, Mukhtar Sahota","Arko Pravo Mukherjee, Virag Mishra, Traditional",Junglee Music,0
3b25e083-d0ba-53fb-bd58-8c05f5e1ed83,Ek Din,2012,"Hindi, Non Film",Kavita Seth,Jagdish Prakash,Universal,0
7a92e55b-b55e-5346-813b-f8b2b1fdfec6,Ek Tha Tiger,2012,"Hindi, Film","Sohail Sen, Sajid - Wajid, Julius Packiam","Neelesh Misra, Anvita Dutt Guptan, Kausar Munir",YRF Music,3.0
947f978b-6964-5495-bee0-ade034b174a1,Ekk Deewana Tha,2012,"Hindi, Film",A.R. Rahman,"Javed Akhtar, Allama Iqbal",Sony Music,4.0
fa434977-96ff-5bc1-ab9f-abc2480d6a52,English Vinglish,2012,"Hindi, Film",Amit Trivedi,Swanand Kirkire,T-Series,4.0
cf135409-e7a5-5903-b74e-4f925d6c5417,Evolve,2012,"English, Non Film",Indus Creed,Indus Creed,Universal,0
5670d57a-3489-5f8b-81ff-5f433e13ec4a,Fatso,2012,"Hindi, Film",Sagar Desai,"Manish Jain, Amitabh Verma",T-Series,0
a11cfc2c-64d3-5564-8261-24cb9def171d,Ferrari Ki Sawaari,2012,"Hindi, Film",Pritam,"Swanand Kirkire, Amitabh Bhattacharya, Satyanshu Singh, Devanshu Singh, Guru Thakur",T-Series,3.0
2d9a8197-87c7-5617-9bbd-fe8d4e0c5c32,Four Two Ka One,2012,"Hindi, Film","Avishek Majumder, J.D. Singh - Rajan","Ashok Upadhyay, Kumaar, Parvez Khan - I, Anwer Khan",Saga Music,0
b65b9b72-8d19-5eb4-aeb9-21810752cd41,From Sydney With Love,2012,"Hindi, Film","Sohail Sen, Nabin Laskar, Thor Patridge","Anvita Dutt, Kumaar, Nabin Laskar, Thor Patridge",Saga Music,0
59ee15a1-4a31-5abc-9289-dfbdd088dd09,Future To Bright Hai Ji,2012,"Hindi, Film","Aamir Ali, Naresh - Paresh, Mohinderjit Singh","Rahat Kazmi, Sonal Sehgal, Ravi Chopra - I, Pramod Kush",Real Life Music,0
7159a4f7-de44-591f-8a69-cc7ae5523b69,Gali Gali Chor Hai,2012,"Hindi, Film",Anu Malik,"Swanand Kirkire, Rahat Indori",T-Series,0
150054c3-ffa1-5ed7-8052-8b9f43067ea9,Gangs Of Wasseypur,2012,"Hindi, Film","Piyush Mishra, Sneha Khanwalkar","Piyush Mishra, Varun Grover, Traditional, Vedesh Sookoo",T-Series,3.0
b607132f-9c8e-5c7b-b47a-a8add6c60508,Gangs Of Wasseypur - 2,2012,"Hindi, Film","Piyush Mishra, Sneha Khanwalkar","Piyush Mishra, Varun Grover, Traditional",T-Series,3.0
08a9abac-09ad-52bc-87b5-1cbf7e10f022,Gattu,2012,"Hindi, Film",Sandesh Shandilya,"Rajan Khosa, Ankur Tewari",,0
fe6bbbc7-49ea-5774-8673-ece092e24388,Geet Bahar,2012,"Hindi, Non Film",Bhushan Dua,Traditional,T-Series,0
bf722edc-87fb-5028-bfba-cf6cae83bd69,Hallelujah - Ode To A Sunny Day,2012,"English, Non Film",,,,0
7e54987a-9ed2-5385-839f-2a233992299e,Hansa,2012,"Hindi, Film",Manish J. Tipu,Raghav Dutt,,0
cc86fed5-7d45-544b-87e0-5e5ca29208af,Har Zulm,2012,"Hindi, Non Film",Sajjad Ali,Aftab Muztar,,0
501d048c-d9bc-5ac7-bc72-ba1670b2297d,Hate Story,2012,"Hindi, Film",Harshit Saxena,"Kumaar, Shabbir Ahmed",T-Series,3.0
87832d38-5c3c-546f-bd4b-bfff00bde8f4,Hello Andhero (Avengers Theme Song),2012,"Hindi, Non Film",Agnee,Abbas Tyrewala,,3.0
37ffce85-20fd-5586-b4d6-f0d3c983151c,Heroine,2012,"Hindi, Film",Salim - Sulaiman,"Niranjan Iyengar, Irfan Siddiqui, Sanjay Chhel, Amitabh Bhattacharya, Neelesh Misra",Sony Music,3.0
39823f50-eabd-5fb6-ad4b-449972d8d2e9,Housefull 2,2012,"Hindi, Film",Sajid - Wajid,Sameer,T-Series,0
e8d075df-a31f-5f40-9340-4e0d7ba60f9f,I M 24,2012,"Hindi, Film","Jatin Pandit, R.D. Burman, Jaspal Moni","Saurabh Shukla, Anand Bakshi, Rani Malik",Shemaroo,0
adaf1834-651e-5a33-b5c5-3106dab1c98c,In My City,2012,"English, Non Film","Brian Kennedy, RedOne, Ester Dean, Dante Jones, Brett James, will.i.am, Rush","Brian Kennedy, RedOne, Ester Dean, Dante Jones, Brett James, will.i.am, Rush",Universal,0
1d8dece6-3ce3-57bb-8b59-4b673308a7e3,Infinite Love,2012,"Hindi, Non Film",A.R. Rahman,"Irshad Kamil, A.R. Rahman, Blaaze, Gil Levy",,0
783d26a4-db27-5d00-a3c8-469de0dcdefe,Inkaar,2012,"Hindi, Film","Shantanu Moitra, Shamir Tandon","Swanand Kirkire, Sudhir Mishra, Sameer",T-Series,3.0
82eae423-95ac-5d5f-aeb7-16aee5d071a3,Ishaqzaade,2012,"Hindi, Film",Amit Trivedi,"Kausar Munir, Habib Faisal",YRF Music,4.0
58551b83-fe13-544a-837b-e8020dbbe1d7,Ishkq In Paris,2012,"Hindi, Film",Sajid - Wajid,"Priya Panchal, Kausar Munir, Jalees Sherwani, Prasoon Joshi, Kumaar",T-Series,0
4e65182a-6a8c-55ff-a1a0-d9bbbedc570e,Ishq Ki Subah,2012,"Hindi, Non Film",Raghav Sachar,Raghav Sachar,Universal,0
6e763e93-a0bd-5543-82ed-a0d3afac2a23,It's Rocking Dard-E-Disco,2012,"Hindi, Film",Bappi Lahiri,"Deepak Sneh, Virag Mishra, Sameer",Saregama,0
6eb5e8f7-e7b6-5e8b-9fd1-8468cb07f140,Ja Ja,2012,"Hindi, Non Film",Neeti Mohan,Neeti Mohan,Artist Aloud,3.0
47652b9c-1b40-5f36-b3d2-5cfee49ddad8,Jaanleva 555,2012,"Hindi, Film","Nishant - Rahul, Dev Chauhan, Lokesh - Prakash, Ameya Naik, Mike Paul Hughes, Padula Tiger","Sanjay Mishra - I, Joy Begnaud Jaegar, Bradley G. Janke, Cliff Janke",House Of Pandit,0
5527a890-874e-59f9-80e7-ceeb053f582d,Jab Tak Hai Jaan,2012,"Hindi, Film",A.R. Rahman,"Gulzar, Aditya Chopra",YRF Music,4.25
f24e7b5d-5b04-5c7a-8e82-b105445c67e6,Jalpari - The Desert Mermaid,2012,"Hindi, Film","Midival Punditz, Ashish Chauhan, Piyush Mishra","Protique Mojoomdar, Ashish Chauhan, Piyush Mishra",Ultra,0
059977c2-d95f-5b0b-b0dc-3a79e5ec3669,Jannat 2,2012,"Hindi, Film",Pritam,"Mayur Puri, Sanjay Masoomm, Sayeed Quadri",Sony Music,3.5
3cfe2768-7d3c-5cda-8237-54b9a8ddf054,Jeena Hai Toh Thok Daal,2012,"Hindi, Film","Siddhant Madhav, Shadaab - Abhik","Kunwar Juneja, Parshuram Mishra, Manish Vatsalya, Shadaab - Abhik, Arafat Mahmood, Saurabh Choudhary, Simaab Hashmi, Shadaab Hashmi",T-Series,0
81e11e65-6f11-59c6-8d9c-9f50feeaee04,Jism 2,2012,"Hindi, Film","Arko Pravo Mukherjee, Rushk, Abdul Baasith Saeed, Mithoon","Arko Pravo Mukherjee, Munish Makhija, Rushk, Unoosha, Abdul Baasith Saeed, Mithoon",T-Series,3.8
8e4754b4-0198-5277-9d0d-9b681096cabc,Jodi Breakers,2012,"Hindi, Film",Salim - Sulaiman,"Shabbir Ahmed, Irshad Kamil",T-Series,0
1d9986c0-58cd-5188-b856-4971937fa6a3,Joker,2012,"Hindi, Film","G.V. Prakash Kumar, Gaurav Dagaonkar",Shirish Kunder,Sony Music,3.0
10dce005-5dd5-52d5-b138-ef65581cefc2,Kahaani,2012,"Hindi, Film","Vishal - Shekhar, Rabindranath Tagore","Vishal Dadlani, Rabindranath Tagore, Sandeep Srivastava, Anvita Dutt",T-Series,3.5
415bc22d-d68a-5e18-9dfd-adad83256468,Kamaal Dhamaal Malamaal,2012,"Hindi, Film",Sajid - Wajid,"Jalees Sherwani, Wajid Khan",T-Series,0
cf4d103e-cab8-57a5-9eb6-c1ad909edb89,Karmah,2012,"Hindi, Non Film",Punkh,Punkh,Punkh,0
03545f25-c18f-51a6-ab72-09f53fe00426,Khiladi 786,2012,"Hindi, Film",Himesh Reshammiya,"Sameer, Himesh Reshammiya, Shabbir Ahmed",T-Series,0
ccd07b06-d579-596f-b2e7-48fb45b477cf,Khul Ke Behne Do,2012,"Hindi, Non Film",Shubha Mudgal,Aalok Shrivastav,,0
31c37288-7b4e-5d71-8221-3cdfe3dd92b3,Kinara,2012,"Hindi, Non Film",Ravindra Jain,Ravindra Jain,Venus,0
f12a629f-7eec-5f0c-9046-94ad14d16f34,Kismet Love Paisa Dilli,2012,"Hindi, Film","Santokh Singh Dhaliwal, Amjad - Nadeem","Santokh Singh Dhaliwal, Shabbir Ahmed",T-Series,0
f1c80410-7642-5edc-8953-54837b919e36,Krishna Aur Kans,2012,"Hindi, Film","Shantanu Moitra, Varaprasad J.V.","Swanand Kirkire, Vedavyasa Ranga Bhattar",T-Series,0
1bf949fb-dadb-5fbf-a639-7b610e60023a,Kyaa Super Kool Hain Hum,2012,"Hindi, Film","Sachin - Jigar, Shankar - Ehsaan - Loy, Meet Bros Anjjan","Mayur Puri, Kumaar, Sameer, Riteish Deshmukh",T-Series,3.0
fd28bd48-c861-5b7f-a6fe-a1c7b345201f,Le Gaya Saddam,2012,"Hindi, Film","Jaideep Chowdhury, Amjad Khan - II","Arafat Mehmood, Bhaswati Chakraborty, Amjad Khan - II",Saregama,0
2bc9796b-b165-5db3-a8b4-46c7fbc22aec,Life Ki Toh Lag Gayi,2012,"Hindi, Film","Vinay Jaiswal, Pardeep Kotlana",Vinay Jaiswal,Saga Music,0
352e1d69-a739-535d-bb00-02121d100e05,Login,2012,"Hindi, Film",Sunil Kashyap,K.K. Binojee,FilmyBOX Music,0
5126d8ce-a3eb-5855-b65e-473961ba7fb5,London Paris New York,2012,"Hindi, Film",Ali Zafar,Ali Zafar,Sony Music,0
dadd8b80-4492-5f26-98bb-0705f27e0d67,Love Is In The Air,2012,"Hindi, Non Film","Kashi - Richard, Shaan, Harpreet, Neel Dutt, Sameeruddin, Shankar Mahadevan","Rajendra Magar, Shaan, Rajiv Pal Singh Rana, Neha Bhasin, Manoj Yadav",Asha Audio,0
0f0d70b1-9f91-591c-8929-4266371eacd3,Luv Shuv Tey Chicken Khurana,2012,"Hindi, Film",Amit Trivedi,Shellee,Sony Music,4.4
ae2a9555-6677-51cc-a545-321f08de84e3,MTV Unplugged 2 - Episode 09,2012,"Hindi, Non Film","Vishal - Shekhar, A.R. Rahman, Ayushmann Khurrana, Rochak Kohli, Amit Trivedi, Pritam","Rajat Arora, Gulzar, Ayushmann Khurrana, Kausar Munir, Amitabh Bhattacharya",Universal,3.0
766f1015-47b4-5e16-ae07-9e1dc508b020,Maharana Pratap,2012,"Hindi, Film",Prem Bhandari,"Rameshwar Soni, Madhav Darak, Traditional, Meera Bai, Yogiwarya Acharya Chatur Singh Ji, Prem Bhandari, Khaleel Tanveer",T-Series,0
8a7d830b-3fae-580c-8ab3-ae720e1e40d5,Main Hoon Durga,2012,"Hindi, Film",Ravindra Jain,Ravindra Jain,SRK Music,0
b62de45f-38a5-5cfc-8bd0-4881456bf815,Makkhi,2012,"Hindi, Film",M.M. Kreem,"Neelesh Misra, Sravana Bhargavi, Anuj Gurwara",T-Series,3.33
93974a52-d2d7-5b53-9fe5-c870989ce17c,Mann Mera,2012,"Hindi, Non Film",Gajendra Verma,Aseem Ahmed Abbasi,Eros Music,0
259cbab8-ac0a-501c-b442-d4d6fe4d57d0,Married 2 America,2012,"Hindi, Film",Anwar Hussain - II,"Baijnath Gautam, Ibrahim Ashq, K.L. Panday, Anshal Pandre",Worldwide Records,0
89e0e894-e36b-579d-bf3d-652f4cad7973,Matru Ki Bijlee Ka Mandola,2012,"Hindi, Film",Vishal Bhardwaj,"Gulzar, Dayachand, Ram Singh - III, Traditional, Todd Twala, Themba Nyandeni",Sony Music,3.67
4d1b4e39-3c4a-58c1-9729-11130ffea53d,Maximum,2012,"Hindi, Film","Devi Sri Prasad, Amjad - Nadeem, Wali Hamid Ali, Saaji, Kamran Akhtar, Daniel B. George, Vikram - Sawan","Raqueeb Alam, Shabbir Ahmed, Nasir Ali Nasir, Traditional",T-Series,0
4d47417d-7280-592c-be64-398eb03187e3,Mera Bharat Mahan,2012,"Hindi, Non Film","Samir Raval, Ashish Jha, Pravin Jain, Laxmi - Vasant","Bankim Chandra Chattopadhyay, Traditional, Shri Raj Sharma, Shri Iqbaal, Snehal Patel, Laxmi Narayan",Red Ribbon,0
7760ded1-9f05-5333-8385-95c4bf814e57,Mere Dost Picture Abhi Baki Hai,2012,"Hindi, Film","Rajendra Shiv, Subhash Pradhan, Parvez Qadar, Sukhwinder Singh","Ravi Chopra - I, Swasti Shree Sharma, Tabish Romani, Sameer",FilmyBOX Music,0
c3cd9562-715b-5d7b-8ce9-9ee16a54f721,Meri Shadi Karao,2012,"Hindi, Film","Gurdeep Mehndi, Daler Mehndi","Nikki Mehndi, Traditional, Shahab Allahabadi, Chandi, Gurdeep Mehndi, Rana Vindalwala",T-Series,3.0
6f6ba584-487b-5aba-bac8-72846c16371d,Mr. Bhatti On Chutti,2012,"Hindi, Film","T.S. Jarnail, Siddharth - Suhas, Tony Kakkar, Channi Singh","T.S. Jarnail, Kumaar, Tony Kakkar, Dev Narayan",Worldwide Records,0
ed027103-547d-58f1-afef-dc1bc96c7111,Mumbai Mirror,2012,"Hindi, Film","Anand Raj Anand, Amjad - Nadeem","Naveen Tyagi, Shabbir Ahmed, Satyaprakash",T-Series,0
b75986e5-581d-52d7-acba-c128299ba512,Myoho,2012,"Hindi, Film","Runa Rizvi, Nikhil Kamat","Niket Pandey, Kumaar, Runa Rizvi, Saaveri Verma, Rajesh Johri",Yellow & Red Music,0
a9277e61-5e47-5a02-82d7-ae1f97b98606,Namaste India,2012,"Instrumental, Non Film",,,Times,0
be5a9731-4db0-54d5-8940-fd51c01cd40b,Oh My God!,2012,"Hindi, Film","Himesh Reshammiya, Sachin - Jigar, Meet Bros Anjjan","Subrat Sinha, Shabbir Ahmed, Swanand Kirkire, Kumaar, Sameer",T-Series,3.33
c8335b02-ad26-536f-980d-217e5f40470f,Oh Sweetheart,2012,"Hindi, Non Film",Amit Kumar,"Anjaan, Shailendra, Sameer",Universal,0
896fa027-e1aa-590d-b265-ab5233ad5110,Once More,2012,"Hindi, Non Film",Colonial Cousins,"Rajesh Johri, Sikha Dutta, Kumaar, Leslie Lewis",Universal,0
d69ec40f-cd17-5190-b0d3-8b728225ad3c,Overtime,2012,"Hindi, Film",Sahil Rayyan,Arafat Mahmood,Serene Music,0
a0093147-6433-5958-becc-ef23daa8a9ab,Paan Singh Tomar,2012,"Hindi, Film","Abhishek Ray, Manoj Santoshi, R.D. Burman, Meet Bros Anjjan","Manvendra, Kausar Munir, Manoj Santoshi, Javed Akhtar, Sandeep Nath",UTV,0
19952111-5d43-5ad3-8428-b3aa9bf9b106,Patang - The Kite,2012,"Hindi, Film","Ben Horn, Copyflex, Papon, Pankaj Awasthi, Maga Bo, Mario Grigorov","Khaak, Amitabh Bhattacharya, Aalok Shrivastav",Khushi Films,0
eb421b45-ed03-5964-9b04-5e378c7848cc,Pehli Nazar,2012,"Hindi, Non Film",S. Chatursen,Prakash Rahule Aadam,Red Ribbon Music,0
97e4fee2-e07b-5e2f-ae65-7a07c78ffa68,Prem Mayee,2012,"Hindi, Film",Abhishek Ray,"Abhishek Ray, Shekhar S. Jha, Jai Shankar Prasad, Suryakant Tripathi 'Nirala'",T-Series,0
993083d8-aeb6-55ea-bd99-ed86446d3b8a,Qasam Se Qasam Se,2012,"Hindi, Film","Shailendra - Sayanti, Jal","Moazzam Azm, Panchhi Jalonvi, Shailendra Kumar, Raaj Shandilya",Shemaroo,0
122c63f4-d224-5da3-97b1-3fcd79f292c4,Qayamat Hi Qayamat,2012,"Hindi, Film","Anchal Talesara, Manoj Tikaria, Sooraj Kanodia","Sudhakar Sharma, Jugal Kishore - II",SRK Music,0
e398968b-edba-58f6-b57d-8aba5a9a979b,Raaz 3,2012,"Hindi, Film","Rashid Khan - II, Jeet Ganguly","Rashid Khan - II, Kumaar, Sanjay Masoomm",T-Series,3.0
a1c0efa0-609a-50ec-abaf-22d2b89a58fe,Rabbi III,2012,"Hindi, Non Film",Rabbi Shergill,Rabbi Shergill,Universal,0
f60cdcc9-b064-52f6-b033-b9c6f09239b7,Race 2,2012,"Hindi, Film",Pritam,"Mayur Puri, Sameer, Prashant Ingole, Yo Yo Honey Singh",Tips,0
94b8e739-3d63-5aeb-bb2f-869571d0a22d,Ragamorphism,2012,"Hindi, Non Film","Avra Banerjee, Indrajit Dey, Bhaswar Bhattacharya","Saqi, Avra Banerjee, Nandini Bhattacharya, Nabanita Sen",Worldwide Records,0
974eb41d-f0a7-55f0-b04e-ca49826dbb91,Rajdhani Express,2012,"Hindi, Film","Ritesh Nalini, Lahu - Madhav","Rameez, Mirza Ghalib, Traditional, BRB",T-Series,0
a7ba05c8-2e88-5ad2-9298-aa129bdbe44e,Rakhtbeej,2012,"Hindi, Film",Satish - Ajay,"Ravi Mantwal, Satish Tripathi",Worldwide Records,0
1d4935c7-1f7b-5e93-a7b7-d1d738f43eba,Rang,2012,"Hindi, Film",Nadeem - Shravan,Sameer,Venus,0
39f267ce-08ed-5efd-bc41-c5aebf3c228c,Rangeele,2012,"Hindi, Non Film","Kailash Kher, Naresh Kamath, Paresh Kamath",Kailash Kher,Kailasa Records,0
1d1cbb9b-679c-5306-b786-a8f9928a67c9,Ravi Chary Crossing,2012,"Instrumental, Non Film",Ravi Chary,,Ravi Chary,0
07ec1504-4066-5909-8342-c4b443241bc4,Return Of Aashiqui,2012,"Hindi, Non Film",A.P. Mishra,A.P. Mishra,Venus,0
c5d2001d-74ef-550e-b0b1-aef739a6c6bb,Riwayat,2012,"Hindi, Film",Sushil Lalji,"Nusrat Badr, Sudhakar Sharma",FilmyBOX Music,0
b2775716-781b-5129-9300-009f1dddefa6,Rowdy Rathore,2012,"Hindi, Film",Sajid - Wajid,"Sameer, Faaiz Anwar, Shiraz Ahmed, Sajid Khan",UTV,0
6d7ee8fd-b443-58bd-8e84-d79f5a9e84f9,Rush,2012,"Hindi, Film","Pritam, Hard Kaur, Abhijit Vaghani, Anupam Amod","Ashish Pandit, Kumaar, Hard Kaur, Ash King, Sayeed Quadri",T-Series,4.0
589e4237-40bd-570b-926c-c399079413f0,Rut Ne Jo Bansi Bajai,2012,"Hindi, Non Film","R.S. Mani, Sunny Subramanian",Shyamraj,Universal,0
0efad46e-e0a6-5c63-b1f2-3b87db99abc5,Sadda Adda,2012,"Hindi, Film","Karan Oberoi, Chaitanya Bhosle, Shamir Tandon, Ramji Gulati","Karan Oberoi, Sandeep Nath, Ramji Gulati, Prashant Pandey",Big Digital,0
68f1dcf2-b892-5d7a-a70a-2cef4fe740d0,Salaami Ho Jaye,2012,"Hindi, Non Film",Shamir Tandon,,Universal,0
a9f4c284-6465-5af6-b25e-8de92324f5cb,Sanam,2012,"Hindi, Non Film",Ramesh Mishra,,Venus,0
425215bc-96d0-5f72-a1d3-944341a8149e,Satrangee,2012,"Hindi, Non Film","Azaan Khan, Ustad Vilayat Khan, Traditional","Traditional, Ustad Vilayat Khan, Azaan Khan",Saregama,0
5e46eae7-57e7-528a-9ece-c22afe30eb59,Satyamev Jayate 1,2012,"Hindi, Non Film",Ram Sampath,"Munna Dhiman, Swanand Kirkire, Suresh Bhatia, Svati Chakravarty, Prasoon Joshi",T-Series,0
e3f38a98-85ff-5fdf-8ff5-5ca3dc7d04e1,Say Yes To Love,2012,"Hindi, Film",Jatin Pandit,"Jalees Sherwani, Vinoo Mahendra",Venus,0
fbc0c793-a358-5a93-95b7-c4792e7789a2,Second Marriage Dot Com,2012,"Hindi, Film","Manan Munjal, Aditya Agarwal","Ankur Mishra, Asmit Kaushik, Aditya Agarwal, Baba Bulleh Shah, Traditional",Junglee Music,0
15ab47d0-f4b4-578f-8ee8-527e3558a6c4,Shanghai,2012,"Hindi, Film","Vishal - Shekhar, Dibakar Banerjee, Traditional","Dibakar Banerjee, Kumaar, Anvita Dutt, Neelesh Misra, Vishal Dadlani, Traditional",T-Series,0
e1baadfb-5fb0-5536-9988-42b7b0bbd659,Shirin Farhad Ki Toh Nikal Padi,2012,"Hindi, Film","Jeet Ganguly, Adil - Prashant","Amitabh Bhattacharya, Faraz Ali, Victor Scooter Daruwala, Peter Isaac Simon",Eros Music,3.5
7ff79ff5-1c2c-57ec-84b8-e1b9223977ba,Shudra The Rising,2012,"Hindi, Film",Jaan Nissar Lone,"Shiv Sagar Singh, Tanveer Ghazi",Rudraksh Music,0
79b3e18b-16c0-5812-bc36-8c95d9f5cb15,Son Of Sardaar,2012,"Hindi, Film","Himesh Reshammiya, Sandeep Chowta, Sajid - Wajid","Sameer, Ashwani Dhir, Shabbir Ahmed, Manoj Yadav, Irshad Kamil",T-Series,0
7438908b-4348-5b00-a54d-b976037316d3,Student Of The Year,2012,"Hindi, Film",Vishal - Shekhar,Anvita Dutt Guptan,Sony Music,3.67
5dc7f83c-793f-5a58-99de-6bb6f0b2671c,Table No. 21,2012,"Hindi, Film","Gajendra Verma, Sachin Gupta","Aseem Ahmed Abbasi, Gajendra Verma, Sheershak Anand, Jaspreet Jasz",Eros Music,3.0
e2046b79-4ba5-5572-a0ad-0eab87451c2a,Talaash,2012,"Hindi, Film","Ram Sampath, Traditional",Javed Akhtar,T-Series,4.0
a7b1d0ad-8187-5de5-b843-a20cf875b442,Tanha Sa Hoon,2012,"Hindi, Non Film",Leslie Lewis,"Rajesh Johri, Kumaar, Protique Mojoomdar, Dev Kohli, Leslie Lewis",Universal,0
290753dd-a047-531c-b8d5-9b0064b223cb,Tera Bayaan Ghalib,2012,"Hindi, Non Film",Jagjit Singh,Mirza Ghalib,Saregama,0
d37cc334-4ad3-57f0-87d6-c38c3e8dc8ea,Tera Deewana,2012,"Hindi, Non Film","Basant - I, Durgesh Khot",Basant - I,Yellow And Red Music,0
7379b399-dcdf-59c1-b9c1-ee3bf8b1fc79,Tere Naal Love Ho Gaya,2012,"Hindi, Film",Sachin - Jigar,"Priya Panchal, Mayur Puri",Tips,3.5
c98feb6e-694e-5499-b997-86803a009df9,Teri Meri Kahaani,2012,"Hindi, Film",Sajid - Wajid,Prasoon Joshi,Eros Music,3.33
89223302-fa5f-5462-8e7b-1e6baa5ea7c3,Teri Meri Love Stories,2012,"Hindi, Non Film",Ajay Singha,Vaibhav Modi,,0
ddc767c7-19d7-527d-aeb1-ab1a943e885b,Teri Rehmatein,2012,"Hindi, Non Film",Harpreet Singh,Rajiv Pal Singh Rana,Sony Music,0
80c2fa9e-40ea-57a9-bbe1-05f8e3b1964b,Tezz,2012,"Hindi, Film",Sajid - Wajid,"Shabbir Ahmed, Jalees Sherwani",Venus,0
7be61cf2-9980-5d7a-938c-eeaaa9026cc3,Thagni,2012,"Hindi, Non Film",Shreyas - Abhas,Sant Kabir Das,Saregama,0
f85c8e77-ce5b-5222-bd3b-1ed739db40b3,The Bartender - B Seventy,2012,"Hindi, Non Film","Bappi Lahiri, Mikey McCleary, Laxmikant - Pyarelal, Khayyam, Kalyanji - Anandji, Sapan Chakraborty","Anjaan, Anand Bakshi, Sahir Ludhianvi",Saregama,0
93024db3-e29c-5472-82ca-7d0ffa3f822b,The Crossover,2012,"Hindi, Non Film",Baiju Dharmajan,,Sandeep Venugopalan & Baiju Dharmajan,0
7af36bb6-c9d3-5668-bda4-941c2eed7c87,The Dewarists (Season Two),2012,"Hindi, Non Film","Advaita, Dualist Inquiry, Mou Sultana, Anoushka Shankar, Sanjeev Shankar, Pirashanna Thevarajah, Fin Greenall, Shafqat Amanat Ali, Salim - Sulaiman, Trilok Gurtu, Hari & Sukhamni, Thermal And A Quarter, Adil & Vasundhara, Ashwin Srinivasan, Asian Dub Foundation, Akhu Chingangbam, Karsh Kale, Papon, Carl Barat, Akala, Piyush Mishra, Shaa'ir + Func, La Pongal","Bulleh Shah, Akhu Chingangbam",,3.0
f1b155ab-2a02-57a7-888f-5d8794ef0086,The Dirty Relation,2012,"Hindi, Film","Uttsava Anand, Saaji, Sam Sahotra, Rahul B. Seth, Nishad Vaidya, DJ Tinu, Cj Iron Soul, DJ Sheizwood, Imran Wasim","N. Kaskar, Saaji, Sam Sahotra, Rahul B. Seth, Manoj Darpan, Ramya Iyer, Cj Iron Soul, Saajan Aggarwal, Gulrez",Yellow & Red Music,0
ae843ea5-f5c8-5d8a-af9a-caa723c7251f,The Inner Self Awakens,2012,"Hindi, Non Film",,,Agam,4.0
4e548ba7-d98f-52ee-88d3-c13085157bec,The Master & His Magic - Jagjit Singh,2012,"Hindi, Non Film",Jagjit Singh,"Faragh Rushvi, Sahir Bhopali, Mirza Ghalib, Waseem Barelvi, Bashir Badr",Sony Music,0
5e53d93e-3b39-5994-9732-b9ed3962e5a0,The Shruti Box Vol. 2,2012,"Hindi, Non Film","Sohail Rana, Shankar Tucker, A.R. Rahman, Nitin Sawhney, Shankar - Ehsaan - Loy","Faiyyaz Hashmi, Traditional, Kartik Shah, Mugdha Hasabnis, Gulzar, Javed Akhtar, Asha Sunil",Shankar Tucker,0
6b8df4b2-8026-56c4-bc06-126bfab2e656,The Story So Far,2012,"Hindi, Non Film",Papon,"Neeraj Rajawat, Papon, Protique Mojoomdar, Traditional",Times,0
d957cb66-4f63-5ece-aa92-c1c8b1de6c9c,The World OF Fashion,2012,"Hindi, Film",Vaishnav Deva,"Ram Gautam, Preeti Arora, Mumtaz Nikhat",Planet 41,0
e2dcdf02-665b-5f93-838f-ea5928ff0846,Topiwalleh,2012,"Hindi, Non Film",Swarathma,"Sameer Shisodia, Puneet Sharma, Shubha Mudgal, Vasu Dixit, Pavan Kumar K.J., Jishnu Dasgupta, Hitesh Kewalya, Joel Dubba, Imran Chowdhury",Swarathma,0
804ee78e-55d1-5082-a61d-261ef0368a82,Tum Chalo To,2012,"Hindi, Non Film",,,Times,0
459851b2-e1d1-5297-b572-5b0701b55824,Tutiya Dil,2012,"Hindi, Film",Gulraj Singh,Manoj Yadav,Junglee Music,0
7b53b773-6e70-5c9d-ac13-e9c0b5163b21,Valentine's Night,2012,"Hindi, Film",Astitva The Band,"Tehseen Munawer, Astitva The Band",T-Series,0
4bb3866f-4324-5219-935c-bc46262bfb14,Vicky Donor,2012,"Hindi, Film","Abhishek - Akshay, Donn - Bann, Rochak Kohli, Ayushmann Khurrana","Akshay Verma - I, Juhi Chaturvedi, Kusum Verma, Swanand Kirkire, Vijay Maurya, Ayushmann Khurrana, Rochak Kohli",Eros Music,0
32d4ded3-a232-56e2-960d-01ee184fa14d,Vidhata - Tere Khel Hain Nirale,2012,"Hindi, Film",Madhumay,"Satyendra Swami, Shahid Aslam, Uday - I, Pradeep Satyadeo",FilmyBOX Music,0
a4c65453-155a-5c9f-aa8b-7e749e80b702,Vishwaroop,2012,"Hindi, Film",Shankar - Ehsaan - Loy,Javed Akhtar,Sony Music,0
8384702a-0d0f-514c-b1e0-35db92f536fa,Will You Marry Me?,2012,"Hindi, Film","Amjad - Nadeem, Sharib - Toshi, Gaurav Dagaonkar, Sachin Gupta","Shabbir Ahmed, Turaz, Gaurav Dagaonkar, Kumaar",FilmyBOX Music,0
319ce566-aa45-57c2-a99b-43828bd74ea3,Women For Change,2012,"Hindi, Non Film",Shubha Mudgal,Prasoon Joshi,Saregama,0
ff7c16df-fd69-5549-893d-4534e1f75406,Yaara,2012,"Hindi, Non Film",Rajendra Shiv,"Pravin Dabas, A.K. Upadhyay, Asad Ajmeri",FilmyBOX Music,0
909ac266-fe1b-5834-9757-f74e053b96d0,Yeh Jo Mohabbat Hai,2012,"Hindi, Film",Anu Malik,"Kausar Munir, Anu Malik, Faaiz Anwar Quereshi, Anand Bakshi",Saregama,0
f0a80adb-cf83-5c7c-9a98-9f63285dbbe2,Yeh Khula Aasmaan,2012,"Hindi, Film",Anand - Milind,Ravi Chopra - I,Saga Music,0
925dded6-3476-59cd-8021-7e27ee2cfbf3,2,2013,"Hindi, Non Film","Amit Yadav, Anshul Bansal","Amit Yadav, Anshul Bansal",Universal,0
afa72803-3b12-513c-9a36-8a1445773599,2 Little Indians,2013,"Hindi, Film","Ravi Jain, Udbhav Ojha, Veivek Asthaana, Santosh Anand - I, Ravi Bhatia","Ravi Jain, Sudhakar Sharma, Laxmi Chandra, Sanjay Mishra - I, Ravi Bhatia, Meenakshi Khandoori",Rave Music,0
f700fe6a-d440-5c1f-8df1-9a5cd0579446,3G - A Killer Connection,2013,"Hindi, Film","Amar Mohile, Mithoon","Mithoon, Sonu Kakkar, Shellee",Eros Music,3.33
941ab137-872a-5ca0-85a3-45713872d594,ABCD: Any Body Can Dance,2013,"Hindi, Film",Sachin - Jigar,"Mayur Puri, Priya Panchal",Sony Music,0
226e5d6a-7618-5ca3-9915-29c155dfd0ba,Aashiqui 2,2013,"Hindi, Film","Jeet Ganguly, Mithoon, Ankit Tiwari","Irshad Kamil, Mithoon, Sanjay Masoomm, Sandeep Nath",T-Series,4.62
7e7862f4-b9be-557b-8ba8-12c8e8ea8a31,Aatma,2013,"Hindi, Film",Sangeet Haldipur - Siddharth Haldipur,Kumaar,T-Series,3.0
71b9a70d-016c-50a5-a77f-97691a2d8ef7,Ab Laut Aa,2013,"Hindi, Non Film",Gaurav Dagaonkar,Niranjan Iyengar,Kunal Agarwal Productions,3.0
454e60eb-e2e3-5f4e-868d-7523aaacbabc,Amdavad Junction,2013,"Hindi, Film",Parampara Band,Raj Patel,DRJ Records,0
7d44d7f9-f190-541b-8b66-9cd6d61f8d8d,Ankur Arora Murder Case,2013,"Hindi, Film","Chirantan Bhatt, Gourov Dasgupta, Sunny Bawra, Inder Bawra","Kausar Munir, Suhail Tatari, Sagar Lahauri",T-Series,0
9e6d6bb6-e8ab-50e8-b60a-121e8e79910d,Attuned Spirits,2013,"Hindi, Non Film",Vasuda Sharma,Vasuda Sharma,OKListen Media,0
8d67b440-3cf3-5037-bbce-51a2a0247320,Aurangzeb,2013,"Hindi, Film","Vipin Mishra, Amartya Rahut","Vipin Mishra, Puneet Sharma, Manoj Kumar Nath",YRF Music,0
fc4940d4-e8d7-5906-9aa9-9494b06a3ecc,B.A. Pass,2013,"Hindi, Film",Alokananda Dasgupta,Rajeshwari Dasgupta,FilmyBOX Music,4.0
40fde933-dfad-58a7-ae44-0a5a05313a47,Baat Bann Gayi,2013,"Hindi, Film",Harpreet Singh,"Rajiv Pal Singh Rana, A.M. Turaz, Ubaid Azam Azmi",T-Series,3.0
8d232e8d-1829-56f0-a5c4-b5cfb4e257c9,Baatein,2013,"Hindi, Non Film",Neeti Mohan,Neeti Mohan,Artist Aloud,0
9b0643e1-3aa0-5c3b-9019-9270aa189975,Babloo Happy Hai,2013,"Hindi, Film","Hard Kaur, Bishakh - Kanish","Hard Kaur, Protique Mojoomdar",Junglee Music,0
38814b9e-170d-581a-84e0-2ed47c4e3e02,Bajatey Raho,2013,"Hindi, Film","RDB, Jaidev Kumar, Yo Yo Honey Singh, Gajendra Verma, Vikram Singh, Ujjwal Kashyap","Kumaar, Aseem Ahmed Abbasi, Yo Yo Honey Singh, Ujjwal Kashyap",Eros Music,3.0
c36ac814-2755-51d4-bc20-15ed12c8e48d,Balma,2013,"Hindi, Non Film",Maatibaani,Maatibaani,Maatibaani,0
780381bc-69cc-50bf-8536-c12fe0be5432,Beehad - The Ravines,2013,"Hindi, Film","Ramesh Mishra, Ravindra Jain, Arif Khan - II","Krishna Mishra, Ravindra Jain, Sunil Sawara, Arif Khan - II",Mantra Music,0
f8b53876-7502-5460-9c30-fdefcff7c940,Besharam,2013,"Hindi, Film","Lalit Pandit, Shree D., Ishq Bector","Rajeev Barnwal, Himanshu Kishan Mehra, Kumaar, Nikhat Khan - I",T-Series,0
d03dfdaf-11aa-5c4c-b81e-ffd31866a9d0,Bhaag Milkha Bhaag,2013,"Hindi, Film",Shankar - Ehsaan - Loy,"Prasoon Joshi, Traditional",Sony Music,3.5
e21cb2eb-8078-57ff-9f69-74f7a7fb0962,Bin Phere Free Me Ttere,2013,"Hindi, Film",Vishnu Narayan,"Arun Kumar - II, Rishi Azad, Kunwar Juneja",DRJ Records,0
0162d0d3-b4c8-548d-b59a-3f09968abe64,Black Home,2013,"Hindi, Film","Akshay Hariharan, Amar Mohile","Sameer, Sahil Sultanpuri",Junglee Music,3.0
df0c558f-0607-5e3f-ab43-ff1faeee43ad,Bliss,2013,"Instrumental, Non Film",Arun Shenoy,,Narked Records,4.0
98edbc00-6cf2-5757-b64c-ce4875e9c47b,Bloody Isshq,2013,"Hindi, Film",Ashok Bhadra,Kumaar,Worldwide Records,0
a93a9c16-b8a6-53f0-bafb-52aba178c9ee,Blue Eyes,2013,"Hindi, Non Film",Yo Yo Honey Singh,Yo Yo Honey Singh,T-Series,3.0
06a8df09-4ebd-5920-b3fb-b400401f23b7,Bombay Talkies,2013,"Hindi, Film",Amit Trivedi,"Swanand Kirkire, Amitabh Bhattacharya",T-Series,3.25
41becc3d-855d-538b-9cc5-3e4d31e5fa12,Boss,2013,"Hindi, Film","Meet Bros Anjjan, Kalyanji - Anandji, Chirantan Bhatt, P.A. Deepak, Vidyasagar, Yo Yo Honey Singh","Kumaar, Manoj Yadav, Indeevar, Sahil Kaushal",T-Series,0
f652a93b-b4c6-5b15-961b-ff24e66ab17f,Boyss Toh Boyss Hain,2013,"Hindi, Film","Dhiren Raichura, Sujit Joshi, Dhwanit Joshi, Gourov Dasgupta, Shailendra - Sayanti, Anuj Garg, Willii Saadhak",Panchhi Jalonvi,T-Series,0
97b9ed47-a718-547e-a98b-0fc6566f3aff,Braveheart - Daamini (A Tribute To Women),2013,"Hindi, Non Film","Zila Khan, Sooraj, Jwala Prasad",Salman Khurshid,T-Series,0
249c7ae4-ebfd-5883-83f3-e08d72eecd37,Bullett Raja,2013,"Hindi, Film","Sajid - Wajid, RDB","Kausar Munir, Sandeep Nath, Shabbir Ahmed, Raftaar",T-Series,3.0
0103097d-b93a-5058-893e-9a563a5af54f,Calapor,2013,"Hindi, Film",Arjuna Harjai,"Surabhi Dashputra, Sanjeev Chaturvedi",Worldwide Records,0
71cd6bd8-66fc-58b4-97a2-a54c20bdd055,Chai Chai,2013,"Hindi, Non Film",Neeti Mohan,"Neeti Mohan, Brij Mohan Sharma",Artist Aloud,3.0
7bba6d43-0f2a-527f-945f-609bb844f41c,Chashme Baddoor,2013,"Hindi, Film",Sajid - Wajid,"Jalees Sherwani, Neelesh Misra, Kausar Munir",T-Series,2.5
18995e5f-e132-588b-8cf7-d035f16bb38a,Chehra The Unknown Mask,2013,"Hindi, Film",Deepak K. Bajaj,Deepak K. Bajaj,DRJ Records,0
80c838e4-66d5-5d8a-8acd-4b3a1270a6f7,Chennai Express,2013,"Hindi, Film","Vishal - Shekhar, Yo Yo Honey Singh","Amitabh Bhattacharya, Yo Yo Honey Singh, Brodha V, Smokey, Enkore",T-Series,3.0
f2294809-6a1b-5bbe-8129-81c5e2c8f940,Chhota Bheem And The Throne Of Bali,2013,"Hindi, Film",Sunil Kaushik,"Sajan Agarwal, Devendra Kafir",Green Gold,0
9e57e5c0-5eee-5b6c-8401-cfc2f3342014,Chor Chor Super Chor,2013,"Hindi, Film",Mangesh Dhakde,Vibhu Puri,Times,0
65a14ef7-2499-53cc-808e-7321937efca8,Club 60,2013,"Hindi, Film",Pranit Gedham,"Sanjay Tripathy, Dr. Mahendra Madhukar, Najeer Akbarabadi",T-Series,3.0
f4ba191c-944b-580b-883c-092091b67b16,Coke Studio 3 - Episode 01,2013,"Hindi, Non Film","A.R. Rahman, Traditional","Kutti Revathi, Traditional, Vaali, Prasoon Joshi, Rabindranath Tagore",Sony Music,4.5
7b80835d-e075-523b-9a06-80c52ab5dd54,Coke Studio 3 - Episode 02,2013,"Hindi, Non Film","Traditional, Ram Sampath","Traditional, Bulleh Shah, Amir Khusro, Ram Sampath, Munna Dhiman, Hard Kaur",Sony Music,0
5e36288a-72e3-535b-91e7-259f95b66045,Coke Studio 3 - Episode 03,2013,"Hindi, Non Film","Clinton Cerejo, Traditional","Manoj Yadav, Traditional",Sony Music,0
979243ff-c335-5ac3-8602-75148b6827e3,Coke Studio 3 - Episode 04,2013,"Hindi, Non Film","Salim - Sulaiman, Traditional, Ustad Sultan Khan","Shraddha Pandit, Traditional, Irfan Siddiqui",Sony Music,4.67
ec9ae8bc-6ac3-5a5f-88c5-a9b1cef0a07e,Coke Studio 3 - Episode 05,2013,"Hindi, Non Film","Traditional, Papon","Traditional, Pinky Poonawala, Jagmeet Bal, Vaibhav Modi",Sony Music,0
40dc8f27-ab8c-527c-b0b8-8eae485c8a4c,Coke Studio 3 - Episode 06,2013,"Hindi, Non Film",Amit Trivedi,"Shellee, Ozil Dalal, Kausar Munir, Anusha Mani, Jaggi, Swanand Kirkire",Sony Music,0
92320821-26d5-5049-a40c-3a62f9eb504a,Coke Studio 3 - Episode 07,2013,"Hindi, Non Film","Hitesh Sonik, Traditional","Traditional, Piyush Mishra, Luv Ranjan, Sant Kabir Das, Nikhil D'Souza, Meera Bai",Sony Music,0
757bc9ca-408c-5949-bd16-b88c016f47f5,Coke Studio 3 - Episode 08,2013,"Hindi, Non Film","Func, Aditya Bhasin, Orange Street, Winit Tikoo, Aditya Balani, Vijay Prakash, Sonam Kalra, Ahsaan Ali Khan","Bulleh Shah, Anirban Chakraborty, Winit Tikoo, Suhail Yusuf Khan, Manoj Yadav, Hazrat Shah Niyaz Barelvi",Sony Music,3.0
cc91515a-bd1c-55a4-b917-e2b71db343c0,Commando,2013,"Hindi, Film",Mannan Shaah,Mayur Puri,T-Series,0
a886764c-edfc-5936-9ed8-fd2938c8d35a,D-Day,2013,"Hindi, Film",Shankar - Ehsaan - Loy,Niranjan Iyengar,T-Series,3.0
feb9e4c4-1bda-5d69-8282-d69a537fd6d8,David,2013,"Hindi, Film","Bramfatura, Remo Fernandes, Mikey McCleary, Gaurav Godkhindi, Prashant Pillai, The Lightyears Explode, Anirudh Ravichander, Maatibaani, Modern Mafia","Ankur Tewari, Remo Fernandes, Abhijeet Deshpande, Traditional, Mikey McCleary, Turaz, Gopal Datt, Aaron Carvalho, Maatibaani, Joyshanti, Pandit Laghulal, Preeti Pillai",T-Series,4.0
1a9e5710-8304-5900-ab8a-2df2d04d7cff,Deep India,2013,"Instrumental, Non Film","Deep Forest, Rahul Sharma",,Sony Music,0
4218193b-d224-5639-986e-df45927b5e8d,Deewana Main Deewana,2013,"Hindi, Film","Bappi Lahiri, Anand Raj Anand","Maya Govind, K.C. Bokadia, Anand Raj Anand",T-Series,0
f991a4d8-9afd-52d9-ad9a-a0c65c19236e,Destiny,2013,"Hindi, Non Film",Anup Jalota,Ram Prakash Goel 'Soz',Saregama,0
98042aae-93e9-58d9-867f-41069c9cff02,Dheema Dheema,2013,"Hindi, Non Film",Amitosh Sharma,Rajkumar Sharma,Venus,0
ce764612-f0c3-54a5-a2c3-c47250fa2183,Dhoom 3,2013,"Hindi, Film","Julius Packiam, Pritam","Vijay Krishna Acharya, Kausar Munir, Sameer Anjaan, Amitabh Bhattacharya",YRF Music,4.0
452ec0e5-8e80-5263-8c8d-2c4725c2b609,Dilli Gang,2013,"Hindi, Film","Amjad - Nadeem, Siddhant Madhav Mishra, Sundeep - Surya","Ibrahim Ashq, Vikram Choudhary, Kapil Sibal, Naveen Tyagi",Worldwide Records,0
76495bdf-524c-5730-bfed-096af9656b16,Doppelganger,2013,"Hindi, Non Film",Dualist Inquiry,,Dualism Records,0
6c4bb446-ebc2-5fda-9372-ab075b3e5f7e,Ek Bura Aadmi,2013,"Hindi, Film",Band Of Bandagi,"Nasir Faraaz, Ishraq Shah, Arafat Mahmood",Junglee Music,0
2c6046b5-acc7-5ff2-accb-db61cfa21d20,Ek Thi Daayan,2013,"Hindi, Film",Vishal Bhardwaj,Gulzar,Sony Music,3.5
33a6dd74-e2e5-5691-a940-f0de9ff2ec27,Ekk Thee Sanam,2013,"Hindi, Film","Divinity Band, Ashish Keskar","Monish Kaushal, Sarang Ghonge, Ashish Keskar",,0
07d7a8fd-795b-5bb2-9c5b-8c8e958846a3,Enemmy - Law And Disorder,2013,"Hindi, Film","Gourov Dasgupta, Bappa Lahiri","Manthan, Shabbir Ahmed, Gourov Dasgupta",T-Series,0
5a6e9962-7d7a-5958-9301-b17e9ff42bf3,Exotic,2013,"English, Non Film",RedOne,"Pitbull, Priyanka Chopra",Universal,1.0
b45d3f42-2509-50fb-b03a-c269d77156d5,Farida,2013,"Hindi, Non Film","Harpreet, Nakash Aziz, Rajiv Bhalla, Amit Sawant","Rajiv Pal Singh Rana, Sarim Momin, Akshay K. Saxena, Akhil Chaudhary",Universal,0
c8a795de-674c-5f32-9aec-e74992d1361c,Filmy Duniya,2013,"Hindi, Film","Aaditya Gaud, Sanjeev Aggarwal, N.K. Nandan","Manoj Darpan, Preeti Arora, Anwar Sagar, Mukesh Singh",Venus,0
b243c877-da2f-5a35-94e7-79b0b8d16e0d,Flutetronics,2013,"Instrumental, Non Film",Naveen Kumar,,Sony Music,0
169b1826-8e3a-56ca-ab3c-980ff8f4e7f3,French Kiss,2013,"Hindi, Non Film",Sharib - Toshi,"Shakeel Azmi, Kumaar",Times,0
9990c266-4ab4-5b68-bf01-8a5ea7513996,Fukrey,2013,"Hindi, Film","Ram Sampath, Traditional","Munna Dhiman, Traditional, Mrighdeep Singh Lamba, Vipul Vig",T-Series,0
55e3864b-ab38-5240-88dc-eff43633400e,Ghanchakkar,2013,"Hindi, Film",Amit Trivedi,Amitabh Bhattacharya,Sony Music,3.0
cf6e97ea-b4b8-5910-8654-6fc3800d060a,Gippi,2013,"Hindi, Film",Vishal - Shekhar,"Anvita Dutt, Vishal Dadlani",Sony Music,0
76b615a2-1c52-5aca-af20-080bff341e8f,Go Goa Gone,2013,"Hindi, Film",Sachin - Jigar,"Amitabh Bhattacharya, Priya Panchal",Sony Music,3.0
15384d7a-6431-5aa5-875e-437545e9860d,Goliyon Ki Rasleela Ram-Leela,2013,"Hindi, Film","Sanjay Leela Bhansali, Hemu Gadhvi","Siddharth - Garima, Jhaverchand Meghani",Eros Music,0
96677f8c-daf7-5c80-9600-6af296a0deb8,Gori Tere Pyaar Mein,2013,"Hindi, Film",Vishal - Shekhar,"Anvita Dutt, Kumaar, Kausar Munir",Sony Music,3.0
57eaff6c-4796-5cb3-bc1d-e8ebc9e5b465,Grand Masti,2013,"Hindi, Film","Sanjeev - Darshan, Anand Raj Anand","Kumaar, Manoj Darpan",T-Series,0
0c2093a1-a9b8-548b-a6e8-0e565af02fb1,Gulabi Ankhen,2013,"Hindi, Non Film",R.D. Burman,Anand Bakshi,Universal,0
a889eed7-8169-5184-b6d5-3b1e7199f277,Gyan Ki Roshni - Ode To A Billion,2013,"Hindi, Non Film",Shankar Mahadevan,Javed Akhtar,Times,0
3b8fe06b-d5f4-5fc7-88bb-7379b3e59603,Hai Golmaal in White House,2013,"Hindi, Film","Shamir Tandon, Dilshaad","Saajan Agarwal, Sudhakar Sharma",Vision Corporation,0
ac3d471b-6380-55ba-a3a4-ec19e47cb28e,Hanju,2013,"Hindi, Non Film",Tony Kakkar,Tony Kakkar,Times,0
724e8b54-3bdb-5642-9a1b-41bd90928626,Haunted Child,2013,"Hindi, Film",Syed Ahmed - I,Salim Raza - I,,0
eac753af-8545-5d09-a80e-87838aef0a1e,Himmatwala,2013,"Hindi, Film","Sajid - Wajid, Bappi Lahiri, Sachin - Jigar","Sameer, Indeevar, Mayur Puri",Saregama,3.0
df2dfdff-4fae-544d-a86f-1c019293ad02,Huff! It's Too Much,2013,"Hindi, Film",Saii - Piiyush,"Pushkar Jog, Sarim Momin",,0
b0746905-f534-5155-be49-040fd33b26ed,Hum Hai Raahi Car Ke,2013,"Hindi, Film",Sangeet Haldipur - Siddharth Haldipur,Sreekanth Agneeswaran,T-Series,0
9c667f61-98fe-5a69-8636-fa371c938662,I Don't Luv U,2013,"Hindi, Film","Aman - Benson, Amit Kasaria","Pallavi Mishra, Amit Kasaria, Amir Khusro, Swapnil Shikha",Unisys Music,0
d4cd16e6-2d47-533c-80b5-4dc2bff9ed27,I Love New Year (I Love NY),2013,"Hindi, Film","R.D. Burman, DJ Phukan, Pritam, Anupam Amod, Falak Shabir","Mayur Puri, Sayeed Quadri, Traditional, Falak Shabir",T-Series,0
cb0b96ac-d85b-5225-98f1-64aa8506569a,"I, Me Aur Main",2013,"Hindi, Film","Sachin - Jigar, Gourov Dasgupta, Laxmikant - Pyarelal, Falak Shabir","Neelesh Misra, Mayur Puri, Manthan, Kausar Munir, Anand Bakshi, Kumaar",T-Series,3.0
e1ccf021-6949-55ff-937a-59f8fa6fa605,In Rahon Mein,2013,"Hindi, Non Film",Ajay Singha,"Shyam Dhanorkar, Pinky Poonawala, Mohit Pathak, Niket Pandey",Sony Music,0
419d764d-c490-5192-94b7-9224e952fe59,Indiva,2013,"Hindi, Non Film","Merlin Dsouza, Hamsika Iyer","Merlin Dsouza, Shruti Bhave-Padhye, Vivienne Pocha, Hamsika Iyer, Montu Sarkar, Avinash Kamath, Asif Ali Beg, S. Balachandran, Imran Khan Hanafi",Crescendo Music,0
0fc83c1c-0342-5a36-a433-cd46c4b81bef,Ishk Actually,2013,"Hindi, Film","Adam - Eddie, Chirantan Bhatt, Dipanjan Guha, Shahdaab Bhartiya","Niket Pandey, Eddie Avil, Kunwar Juneja, Manoj Yadav, Sanjay Mishra - I",T-Series,3.0
93017f05-be11-57fd-a21e-382f790bc503,Ishq Bawari,2013,"Hindi, Non Film",Koyel Tripathi,Koyel Tripathi,Saregama,0
8cad69a3-8f63-59b7-8435-d931a0abb2d6,Ishq Da Jalwa,2013,"Hindi, Non Film",Chintoo Singh Wasir,"Khwaja Ghulam Fareed, Amir Khusro",Worldwide Records,0
85e5a92b-2c5e-55b1-aa2f-9e9d5bf4528c,Issaq,2013,"Hindi, Film","Sachin - Jigar, Krsna, Sachin Gupta","Mayur Puri, Neelesh Misra, Anil Pandey, Raj Shekhar",Saregama,3.0
fce0c062-fc43-501d-ac31-c20a3cd38105,Jaan Ve,2013,"Hindi, Non Film","Gaurav Dayal, Vidyut Goswami",Ravi Basnet,,0
9c7cf9ae-f571-5395-b721-62692aa71205,Jaane Kaise,2013,"Hindi, Non Film",Shankar Tucker,Nagesh Prasad,Shankar Tucker,0
cab2f2bc-6389-5b66-8bd6-4ecb43fdc726,Jackpot,2013,"Hindi, Film","Remo Fernandes, Javed Jaffrey, Rahul Bhatt - I, Mika Singh, Juno Reactor, Sreedevi Keshavan, Janaka Atugoda, Sharib - Toshi, Itek Bhutani","Abhijeet Deshpande, Remo Fernandes, Javed Jaffrey, Prashant Ingole, Raj Hans - I, Kaizad Gustad, Sreedevi Keshavan, Irfan Siddiqui, Turaz, Azeem Shirazi, Ramya Iyer",T-Series,4.0
310720a8-e4ca-559e-82e9-abbd57268d5f,Jai Ho,2013,"Hindi, Film","Sajid - Wajid, Amal Malik, Devi Sri Prasad","Sajid Khan, Irfan Kamal, Danish Sabri, Shabbir Ahmed, Armaan Malik, Devi Sri Prasad, Kausar Munir, Sameer Anjaan",T-Series,0
86a7b16a-ee99-577e-b36e-345736905eb8,Jayantabhai Ki Luv Story,2013,"Hindi, Film","Sachin - Jigar, Kiran Kamath","Priya Panchal, Mayur Puri",Tips,0
f793ed54-7eb7-5f73-a513-6f82c72e9445,John Day,2013,"Hindi, Film","Strings, Kshitij Tarey","Anwar Maqsood, Sayeed Quadri",T-Series,4.0
41c7722d-b339-5964-9a0a-152a73e46b2d,Jolly LLB,2013,"Hindi, Film",Krsna,"Subhash Kapoor, Vayu",T-Series,0
1ca5a88d-9dfa-5fe6-8fc3-367aee04f26e,Judah,2013,"Hindi, Non Film",Ali Mustafa,Falak Shabir,T-Series,0
9d57f7ff-b73b-5071-a79b-bcb1a5dcaecf,Kaafiron Ki Namaaz,2013,"Hindi, Film",Advait Nemlekar,Ram Ramesh Sharma,Lorien Records,0
e71ca6c4-2965-552c-ade0-b0cf4613b5ef,Kaash Tum Hote,2013,"Hindi, Film","Vinay Tiwari, Ram Shankar, Nikhil Kamath","Shabbir Ahmed, Sudhakar Sharma, Vimal Kashyap",Junglee Music,0
7797034c-f628-5733-844e-380082c12828,Kai Po Che,2013,"Hindi, Film","Hitesh Sonik, Amit Trivedi",Swanand Kirkire,Sony Music,4.88
3aebff30-6168-5455-bc40-b906a677809b,Karle Pyaar Karle,2013,"Hindi, Film","Meet Bros Anjjan, Mumzy Stranger, Suneel Darshan, Rashid Khan - II, Prashant Singh, Rayyan - Ameen","Kumaar, Suneel Darshan, Tasha Tah, Rashid Khan - II, Shakeel Azmi, Yusuf Khan - II, Paras Chaurasia, Arafat Mahmood",Shree Krishna Audio,0
de37bc02-a090-517b-bcac-5d11f855e9ba,Keh Do Na Tum Ek Baar... Just Say It Once,2013,"Hindi, Non Film",Arbind - Lyton,"Chandrakant Sagvekar, Faraaz Ahmed",Eros Music,0
4f8c2a61-e63f-5812-a7e7-e348cf2aca17,Khufiya Dastaan,2013,"Hindi, Non Film",Parvaaz,"Khalid Ahamed, Umar Allaie",,0
e5e4cf5d-d978-5abb-b6d8-76b18341c9e4,Krrish 3,2013,"Hindi, Film",Rajesh Roshan,Sameer,T-Series,3.0
3dfe4981-a89b-54ae-9513-b8a093f944b7,Kuchh Aur Nahi,2013,"Hindi, Non Film","Pundalik Kolhatkar, Shyam Kshirsagar",Uday Potdar,T-Series,0
0514a155-6455-5da0-856d-160c741712eb,Kyun Hua Achanak,2013,"Hindi, Film",Rajendra Shiv,Ravi Chopra - I,FilmyBOX Music,0
bf2e7f1d-fb0f-572d-938d-8a2e778fe94c,Lagori,2013,"Hindi, Non Film",Lagori,"Shashank - I, Tejas Shankar",Times,0
5494d2a1-7b45-54bc-867c-ca471df28b01,Life Mein Hungama Hai,2013,"Hindi, Film",Jeet Ganguly,"Ibrahim Ashq, Nida Fazli",T-Series,0
aff11dd2-5a67-5013-83b3-8c378477bcfb,Listen Amaya,2013,"Hindi, Film","S.D. Burman, Indraneel Hariharan","Majrooh Sultanpuri, Punam Hariharan",Saregama,0
b7b2e4f4-c282-5b16-9e0f-7742ca768a7d,Lootera,2013,"Hindi, Film",Amit Trivedi,Amitabh Bhattacharya,T-Series,4.9
ab2ea099-4ab1-5949-ba38-469f20a6f7af,Lucky Kabootar,2013,"Hindi, Film",Santokh Singh Dhaliwal,Sameer,Saregama,0
01cb1e08-b7b1-587d-9daf-50dc28698296,Luv U Soniyo,2013,"Hindi, Film","Sunil Bhatia, Remo Fernandes, Vipin Patwa","Sunil Bhatia, Remo Fernandes, Dr. Sagar, Sanjay Mishra - I, Prashant Ingole",T-Series,0
0fffd720-c14c-5529-b2f8-e25c2b22bff3,Maatibaani Vol. 1,2013,"Hindi, Non Film",Maatibaani,"Sant Kabir Das, Joyshanti, Pandit Laghulal, Maatibaani, Subrat Sinha",Maatibaani,0
b9149033-88f5-5aae-801d-b316583285a6,Maazii,2013,"Hindi, Film","Faizan Hussain, Agnel Roman","Swanand Kirkire, Arun Kumar - II",FilmyBOX Music,3.0
ca9e2d9f-40e8-5378-9ca4-cf4fdedf735f,Madras Cafe,2013,"Hindi, Film",Shantanu Moitra,"Bilal Sami, Manoj Tapadia, Ali Hayat",T-Series,4.0
51e043dc-197a-5edd-80bd-abf5de930829,Mahabharat,2013,"Hindi, Film",Rajendra Shiv,"Ibrahim Ashq, Asad Ajmeri",Tips,0
0f87d9aa-3912-50c7-9e31-1246b9cd97b2,Mai,2013,"Hindi, Film",Nithin R. Shankar,"Manoj Tapadia, Sahil Sultanpuri",T-Series,0
ae4106bd-5122-5c07-9de5-6abe3401c494,Main Krishna Hoon,2013,"Hindi, Film",Amjad - Nadeem,Shabbir Ahmed,SRK Music,0
769d6f09-5bfb-5b36-962f-5cf3abcfa3d4,Main Rony Aur Jony,2013,"Hindi, Film",Jaideep Choudhry,Rahat Indori,,0
6ef0e5fe-be61-5559-9799-1741b08bb089,Maye Ni,2013,"Hindi, Non Film",Jasleen Royal,Shiv Kumar Batalvi,Artist Aloud,0
0d1e0f77-9550-5ee8-8506-92a8ca26d2d5,Mere Dad Ki Maruti,2013,"Hindi, Film","Panjabi MC, Sachin Gupta","Panjabi MC, Kumaar, Yo Yo Honey Singh",YRF Music,3.0
45898efa-84a6-5660-aea2-dbc13f59dc30,Mere Haule Dost,2013,"Hindi, Film",Divyang Arora,Deepesh Rajani,Artist Aloud,0
b20745c0-39b5-5426-85ab-fc1a5d738e82,Mickey Virus,2013,"Hindi, Film","Hanif Shaikh, Faizan Hussain, Agnel Roman","Hanif Shaikh, Manoj Yadav, Arun Kumar - II",T-Series,3.0
435ccb29-7e14-5c27-8e0a-aa4ef1b4c27f,Mokssh,2013,"Hindi, Film",Shailendra Barve,"Abhilash, Ajit Bhairavkar, Preeti Shrivastava, Shammi - I",Junglee Music,0
5b22e54a-f021-5513-b0ff-2aeff5200bb5,Mr. Joe B. Carvalho,2013,"Hindi, Film",Amartya Rahut,"Amitabh Bhattacharya, Virag Mishra, Javed Jaffrey, Puneet Sharma",T-Series,0
55059db6-0b8e-550a-b268-764d93258aff,Murder 3,2013,"Hindi, Film","Roxen Band, Pritam, Anupam Amod",Sayeed Quadri,Sony Music,3.0
67d22e8d-27f8-5319-a60f-b5ad1005d266,My Friend Hussain,2013,"Hindi, Film","Sabri Brothers, Atif Khan - I",Faruq Bareilvi,Yellow & Red Music,3.0
9a36fb60-acf0-581b-a0da-30eab0aa73d3,Naachle London,2013,"Hindi, Film",Jayanta Pathak,"Priyesh Khanna, Ferrare Symone, Drilla Kid, Jayanta Pathak, Mangal Singh - III",,0
d13fee43-3edf-546e-91f1-478ab3b4973d,Namee,2013,"Hindi, Non Film","Debojyoti Mishra, Ritika Sahani","Pashupati Nath Bhargav, Ritika Sahani",Times,0
34ebacea-29bb-5824-bd2c-8ac42e66ee30,Nasha,2013,"Hindi, Film",Sangeet Haldipur - Siddharth Haldipur,Radhika Anand,Saregama,0
939920f3-e0b9-5850-a910-4ed83a81b39e,Nautanki Saala!,2013,"Hindi, Film","Mikey McCleary, Falak Shabir, Ayushmann Khurrana, Rochak Kohli, Rashid Khan - II, Laxmikant - Pyarelal, Anand - Milind","Kausar Munir, Falak Shabir, Ayushmann Khurrana, Rochak Kohli, Gurpreet Saini, Javed Akhtar, Sameer",T-Series,4.25
d629f811-8ea7-5a94-ba68-2be28975fa50,Nirali Kartik Vol. 1,2013,"Hindi, Non Film","Traditional, Nirali Kartik, Pandit Jasraj",Shri Bilava Mangalar,Nirali Kartik,0
487ca795-bd61-54b7-a506-9c9e6058db39,O Heeriye,2013,"Hindi, Non Film","Ayushmann Khurrana, Rochak Kohli","Ayushmann Khurrana, Rochak Kohli",YRF Music,0
36c8f10d-f6fa-5a41-b493-b733ca058217,Once Upon A Time In Mumbai Dobaara!,2013,"Hindi, Film","Anupam Amod, Pritam, Laxmikant - Pyarelal","Rajat Arora, Anand Bakshi",T-Series,0
db17150c-88b0-59d5-b3db-164dc9121fce,Ooops A Desi,2013,"Hindi, Film","Hardik Dave, Gaurav H. Singh, Dibyajeet Sahoo, Gufy, Saurabh Malhotra, Bharat Hans","Hardik Dave, Dibyajeet Sahoo, Deepak Agrawal, Saurabh Malhotra, Bharat Hans",,0
384a1bf2-1bee-5692-bcd3-1dbefc7748f2,Pa Pa Pa9giotis,2013,"Hindi, Non Film",Nandini Srikar,Manoj Yadav,Nandini Srikar,4.25
51878f57-ee92-5cd7-8fd0-9b10fd40693e,Paapi - Ek Satya Katha,2013,"Hindi, Film","Anand - Milind, Subhayu",Sameer,Worldwide Records,0
d8c6307d-9ab5-575f-82b5-4a69da3dc2ae,Pakeeza,2013,"Hindi, Non Film",Zubeen Garg,,Times,0
d90fd896-b095-59af-b316-fdcf49fbbe79,Pal Ek Ehsaas,2013,"Hindi, Non Film","Madhushree, Robby Badal",Satyendra Khare,Worldwide Records,0
40eea9f7-3d78-56f9-8ea5-f50a748a0be0,Paparra,2013,"Hindi, Non Film",Ramon Ibrahim,Mauli Dave,Saregama,0
3fcf724c-639e-54d3-b59d-f8da18c14764,Paranthe Wali Gali,2013,"Hindi, Film","Vasundhara Das, Vikram Khajuria","Virag Mishra, Devshi Khanduri, Vipin Mishra, Vasundhara Das",Junglee Music,0
590619b0-b470-5e8a-9ecd-46997c2cb383,Phata Poster Nikhla Hero,2013,"Hindi, Film",Pritam,"Irshad Kamil, Amitabh Bhattacharya",Tips,3.5
f529cf77-6659-50b4-9b83-9b4397244c23,Policegiri,2013,"Hindi, Film","Meet Bros Anjjan, Himesh Reshammiya","Aslam Lashkaria, Shabbir Ahmed",T-Series,0
9cd61676-e6a0-536a-9740-c2532f134826,Prague,2013,"Hindi, Film","Atif Afzal, Ilaiyaraaja, Ehsaas, Tony Kakkar, Ballygrunge, Daniella Fotju, Lucien Zell, Gioconda Vessichelli","Gulzar, Tony Kakkar, Ballygrunge, Varun Grover, Prashant Sukumar, Blanka Ulicna",Crescendo Music,3.25
b4ee5d1a-98a6-53f1-b781-65b5dce2bf9b,Press Play,2013,"Hindi, Non Film",Adnan Sami,"Irfan Siddiqui, Adnan Sami, Suraj Baba, Ahmad Faraz",Universal,0
398ba979-ce35-5530-85d3-7d418448878e,Project Resound,2013,"Hindi, Non Film",Kailash Kher,Kailash Kher,Sony Music,3.0
5d3f239c-3dcc-5d44-9e81-5ec71c3b90d5,Pyaar Mein Aisa Hota Hai,2013,"Hindi, Film","Shabab Azmi, Sahil Rayyan","Israr Ansari, Shabab Azmi, Sahil Rayyan",Absolute Music,0
f36c7e05-1b23-5ceb-b7c3-6e68b9a98e27,Pyaas,2013,"Hindi, Non Film","Goher Mumtaz, Shazi","Goher Mumtaz, Shazi",Universal,0
850d234a-942e-5507-8881-3ebe56f683e2,R... Rajkumar,2013,"Hindi, Film",Pritam,"Swanand Kirkire, Neelesh Misra, Anupam Amod, Ashish Pandit, Mayur Puri",Eros Music,3.0
86a6c47c-f77d-53ff-b05a-7270c7bfdfd3,Raanjhanaa,2013,"Hindi, Film",A.R. Rahman,Irshad Kamil,Sony Music,4.4
fe604631-46ad-53e4-86df-3150b9e114c5,Rabba Main Kya Karoon,2013,"Hindi, Film","Labh Janjua, Akash Chopra, Salim - Sulaiman","Sham Balkar, Satyadev Singh, Akash Chopra, Zaheer Anwar, Amitabh Bhattacharya",T-Series,0
f8401f37-bbd5-5bec-8ad7-7295192d0054,Rainbow,2013,"Hindi, Non Film","Rajesh Sharma - II, Dr. Vijay Bhave, Pawan Atwal","Saurabhkumar Dikshit, Dr. Vijay Bhave",T-Series,0
22b22732-e208-5a75-b7d9-7b9062584405,Rajjo,2013,"Hindi, Film",Uttam Singh,"Dev Kohli, Sameer Anjaan, Vishwas Patil",Times,0
b90ae77b-470b-5fa4-8173-3ed4d64baedc,Ramaiya Vastavaiya,2013,"Hindi, Film",Sachin - Jigar,Priya Panchal,Tips,3.0
90d254f7-1744-55ea-97b9-3791f4b8bbc9,Rang Lo,2013,"Hindi, Non Film",Shankar Tucker,Viral Brahmbhatt,Shankar Tucker,0
99de68be-99cd-523f-b164-4f8d90f4d766,Rangrezz,2013,"Hindi, Film","Sajid - Wajid, C.S. Babu",Sameer,Sony Music,0
41000157-8326-5055-bbc4-cbd9cd9f3e37,Raqt,2013,"Hindi, Film",Daboo Malik,Panchhi Jalonvi,Yellow & Red Music,0
ce55f4c1-4469-5189-835a-967456f39341,Real Life Of Super Model,2013,"Hindi, Film",DJ Sheizwood,"Kunwar Juneja, Dinesh Raghuvansh, Hari Shankar Sufi",Yellow And Red Music,0
b8607e61-8bc9-5780-8d97-9a21d271f1b3,Rise Of The Zombie,2013,"Hindi, Film","Ankur Tewari, Luke Kenny, Caralisa Monteiro, Suraj Jagan, Debzil Mathias, Biddu, Aditi Singh Sharma, Sofia Jannok, Boomarang","Ankur Tewari, Luke Kenny, Caralisa Monteiro, Suraj Jagan, Debzil Mathias, Nazia Hassan, Zoheb Hassan, Aditi Singh Sharma, Sofia Jannok, Boomarang",Kenny Media,0
cd1552a0-6b50-5f7a-8a1b-c9d0c122dd4d,Rock On Hindustan,2013,"Hindi, Non Film",Siddharth Kasyap,"Shakeel Azmi, Azhar Hashmi, Muhammad Iqbal, Siddharth Kasyap",Crescendo Music,0
ddbbae90-e418-5e0b-842b-ed30f851c360,Romeo Juliet,2013,"Hindi, Non Film",Tony Kakkar,Tony Kakkar,Worldwide Records,0
a5ae3182-71b4-5c45-bbe0-b65330aa059e,Run Bhoomi,2013,"Hindi, Film","Sudhakar Dutt Sharma, Nickk, Raja Ali","Sunil Sirvaiya, Sanjeev Jain, Ajay Garg",FilmyBOX Music,0
ad26c3b0-42d9-5e59-8b3f-7e87ad350203,Saanware,2013,"Hindi, Non Film",Rushi Vakil,,,0
9b51d10e-de6c-541f-bd4e-8949ff23c4fa,Saare Jahaan Se Mehnga,2013,"Hindi, Film",Manish J. Tipu,Naveen Tyagi,T-Series,0
4e38fbb0-1029-50f5-8fae-0f8c5efb4c6b,Saheb Biwi Aur Gangster Returns,2013,"Hindi, Film","Sandeep Chowta, Mukhtar Sahota","Sandeep Nath, Kausar Munir, Juggi Singh, Mado-K, Yaadwinder Pamma",Junglee Music,0
fa0e891f-01c8-57be-954c-c0e433c6f889,Satya 2,2013,"Hindi, Film","Shree D., Ishq Bector, Sanjeev - Darshan, Nitin Raikwar, Kary Arora","Sonny Ravan, Shree D., Kumaar, Moied Elhaam, Nitin Raikwar, Kary Arora",T-Series,0
a951f7bb-364b-523a-afaa-95c61da8069e,Satyagraha,2013,"Hindi, Film","Salim - Sulaiman, Indian Ocean, Meet Bros Anjjan, Aadesh Shrivastava",Prasoon Joshi,T-Series,0
8ce0a78c-f984-5ccd-8980-758638316bab,Shahid,2013,"Hindi, Film",Karan Kulkarni,Shellee,UTV,3.0
1fb80af8-9ea3-5be8-8ba3-45cc8bc6f3ed,Shamla Meri Koko,2013,"Hindi, Non Film",Daler Mehndi,Daler Mehndi,T-Series,0
bc6e8c83-2ea0-5bdc-afdc-96a9d7389912,Ship Of Theseus,2013,"English, Film",Rohit Sharma,Anand Gandhi,UTV,3.0
451e6f44-54e3-584d-aa41-cf5e82ee5f31,Shootout At Wadala,2013,"Hindi, Film","Anu Malik, Meet Bros Anjjan, Anand Raj Anand, Mustafa Zahid","Neelesh Misra, Kumaar, Sanjay Gupta, Anand Raj Anand",Sony Music,3.0
84434fb7-0aa0-536d-9d79-94f1f400e247,Shortcut Romeo,2013,"Hindi, Film",Himesh Reshammiya,"Sameer, Shabbir Ahmed, Manoj Yadav, Sanjay Masoomm",T-Series,0
c0e9cf19-bc8f-5475-a6f9-4de6d049e607,Shree,2013,"Hindi, Film","Claver Menezes, Talaash - The Band, Vikas Vishwakarma",Rajesh Bachchani,Times,0
97f0b1bc-75ca-58d8-beed-8fe7f37d7f7b,Shuddh Desi Romance,2013,"Hindi, Film",Sachin - Jigar,Jaideep Sahni,YRF Music,3.5
12c1f4df-3c51-5510-b4dc-39bd47ebc48f,Singh Saab The Great,2013,"Hindi, Film","Anand Raj Anand, Sonu Nigam","Kumaar, Sameer Anjaan",T-Series,3.67
b0710472-39e1-5200-a845-f555667aeca4,Sixteen,2013,"Hindi, Film","Gaurav Dagaonkar, Prashant Pillai, Adam - Eddie","Anurag Bhomiya, Shivranjani Singh, Tony Kakkar, Raj Purohit, Preeti Pillai, Pawan Sony",T-Series,0
c2bd400f-fd66-5d80-be5a-0dad63395d45,Sona Spa,2013,"Hindi, Film","Shamir Tandon, Shailendra Barve","Sameer, Varsha Jain",T-Series,0
2f4f0f23-0556-501e-8a0d-9f950b70cb96,Sooper Se Ooper,2013,"Hindi, Film","Sonu Nigam, Bickram Ghosh, Laxmikant - Pyarelal","Sanjeev Tiwari, Javed Akhtar, Sonu Nigam, Shabbir Ahmed, Bickram Ghosh",T-Series,0
1f8cd654-56bc-5261-95d0-99a5c4b9da88,Special 26,2013,"Hindi, Film","M.M. Kreem, Himesh Reshammiya","Irshad Kamil, Shabbir Ahmed",T-Series,0
c2bd2377-53c3-5d9b-a845-3f39e3b5ac43,Surmayi Raat,2013,"Hindi, Non Film",Bhupinder Singh,Gulzar,Saregama,0
0f8aa7b8-21db-57d1-91c0-9a26c628a7fa,Tabla Untabla,2013,"Hindi, Non Film",Bickram Ghosh,Bickram Ghosh,Sony Music,0
c91bad84-d89d-57b8-b946-4d1cda6be098,Tara - The Journey Of Love & Passion,2013,"Hindi, Film","Prakash Prabhakar, Ashish Chandra, Siddharth Kasyap","Tanveer Ghazi, Devmani Pandey",T-Series,0
ff5e6017-9f31-56ba-a119-b53a8b72e177,The Attacks Of 26/11,2013,"Hindi, Film","Rooshin Dalal, Kaizad Gherda, Vishal R. Khosla, Sushil R. Khosla, Sukhwinder Singh, Amar Mohile, Mohan Khan","Kalgi Thakar, Traditional, Rashid Iqbal, Muztar",Eros Music,0
b3fdd966-72fc-5945-a1da-8709f3ef0ca4,The Dewarists (Season Three),2013,"Hindi, Non Film","B.L.O.T., Lucky Ali, Euphoria, Prashant Mistry, Lagori","Lucky Ali, Euphoria, Monica Dogra, Lagori",,0
847ee98d-58d3-5d87-82c8-532286977445,The Holi War,2013,"Hindi, Non Film",Sharib - Toshi,Kumaar,Benaras Media Works,0
20784a20-7847-5751-b2b3-2ae3e5c027ec,The Light - Swami Vivekananda,2013,"Hindi, Film","Dr. Hari Charan Verma, Rabindranath Tagore","Rabindranath Tagore, Kabir, J. Misra, Valmiki, Swami Vivekananda, Surdas, Tulsidas",Tricolour Productions,0
fe2519e0-c155-5e7e-a8f9-bcd29fa930e2,The Reluctant Fundamentalist,2013,"English, Film","Fareed Ayaz, Abu Mohammed, Farhad Humayun Syed, Wazir Afzal, Mohsin Razaa, Amy Elizabeth Ray, Michael Andrews, Atif Aslam","Traditional, Overload, Hazeen Qadri, Javed Qureshi, Amy Elizabeth Ray, Faiz Ahmed Faiz",Universal,4.0
01550af7-d56a-5423-9bf5-8ee6b1a7a13f,The Vintage Taan,2013,"Hindi, Non Film",The Vintage Taan,The Vintage Taan,Ultra,0
64f2c36e-c65b-55a7-b6e9-31206305535e,The Voice From Beyond,2013,"Hindi, Non Film","Jagjit Singh, Deepak Pandit","Nasir Kazmi, Gulzar, Nida Fazli, Saeed Rahi, Daagh Dehlvi, Shahryar",Universal,4.5
9c5f8bfd-940b-5811-b8ff-b35897e8a373,Tu Hai (Autumn Love),2013,"Hindi, Non Film",Rashid Ali,Raqueeb Alam,,0
62c85095-5040-5c5e-96e7-a704de89b113,Tujhse Door Jo Hota Hun,2013,"Hindi, Non Film",Gajendra Verma,Kumaar,Virtual Planet Production,0
cd466658-c6e8-5207-a8c8-4cf59c517e5d,Tum Mil Gaye,2013,"Hindi, Non Film",Peddy Jey,Aseem Ahmed Abbasi,Artist Aloud,0
533087ed-e970-5882-97b2-dad16bf35aae,Us Disha Main,2013,"Hindi, Film",Vikrant Mathur,"Vikrant Mathur, Preeti - I",Yellow & Red Music,0
afad159c-2584-5a4f-89e0-87dedaddd39e,Vayuputras,2013,"Hindi, Non Film","Taufiq Qureshi, Arijit Datta, Bickram Ghosh, Aditya Jain, Durgesh Khot, Nirmal Gartaula, Mario Stevens, Shakthidhar Iyer, Sunny Thadani, Charan Singh Pathania, Shri Govind Prasanna Saraswati, Tatva Kundalini, Raghav Sachar","Rachna Dixit, Amish Tripathi, Traditional, Bickram Ghosh, Nidhi Sharma, Tatva Kundalini, Raajeev Sharma, Palash Sen, Rohit Sharma",Times,0
57450a62-dc8c-568e-bb1e-62be5ba25ebb,Wake Up India,2013,"Hindi, Film",Shankar Sahney,"Sunny Mann, Raju Rajasthani, Bulleh Shah, Parveen Kumar Ashk, Mahant Om Nath",Shemaroo,0
e35fa6ce-e137-58f9-8b38-03b55d75b279,War Chhod Na Yaar,2013,"Hindi, Film",Aslam Keyi,"Faraz Haider, Azeem Shirazi, Bebak Amrohi",T-Series,0
71c5ea43-7529-5be9-99d5-07b98ca7a519,Warning,2013,"Hindi, Film","Meet Bros Anjjan, Sharib - Toshi, John Stewart","Kumaar, Irfan Siddiqui",Sony Music,0
1da03188-b8dc-505d-a399-5d0e23a574be,What The Fish,2013,"Hindi, Film","Sandeep Chatterjee, Amartya Rahut, Dhruv Dhalla, Indraneel Hariharan","Tejpal Singh Rawat, Manoj Yadav, Punit Krishna, Rajesh Chawla",T-Series,0
4e6ae523-a813-522d-9b5a-b98e8cb64377,Wo Ladki Yaad Aati Hai,2013,"Hindi, Non Film","Mahesh Prabhakar, Kalyan Sen, Raju Khan, Rajendra Prasanna","Mazid Vadvasi, Javed Nadim, Hamid Ansari, Abbas Dana, Sayeed Badsavi, Jubair Gorakhpuri, Anwar Farrukhabadi, Qurban Ahemdabadi",T-Series,0
5d71125d-b6dc-5b96-a47c-9a0e1fcd868c,Woh Sapan Tumhi Toh Thay,2013,"Hindi, Non Film",Zulfqar Ali,Ajit Kumar Sinha,T-Series,0
d2a29a00-b278-55e6-8b10-941d6d70fe4c,Yaariyan,2013,"Hindi, Film","Pritam, Arko Pravo Mukherjee, Mithoon, Anupam Amod, Yo Yo Honey Singh","Amitabh Bhattacharya, Arko Pravo Mukherjee, Mithoon, Irshad Kamil, Yo Yo Honey Singh",T-Series,3.5
87627ca1-43bd-5fff-8335-a9d4bb42f81b,Yamla Pagla Deewana 2,2013,"Hindi, Film","Sharib - Toshi, Sachin Gupta",Kumaar,YRF Music,2.0
0e2dc9b8-08a2-5b46-a5fa-7936a308c76b,Yeh Jawaani Hai Deewani,2013,"Hindi, Film",Pritam,"Amitabh Bhattacharya, Kumaar",T-Series,4.5
e21f7b00-6782-5a64-a598-69a51f428cae,Zanjeer,2013,"Hindi, Film","Meet Bros Anjjan, Chirantan Bhatt, Anand Raj Anand, Shamir Tandon","Shabbir Ahmed, Manoj Yadav, Ashraf Ali, Sameer Anjaan",T-Series,3.0
d033bde4-e265-53e8-92f2-fe5da80ed11e,Zila Ghaziabad,2013,"Hindi, Film","Amjad - Nadeem, Bappa Lahiri",Shabbir Ahmed,T-Series,0
19ccd991-7bad-5549-9426-6ffcc697c5ff,Zindagi 50-50,2013,"Hindi, Film","Vivek Kar, Amjad - Nadeem","Dev Negi, Vivek Kar, Shabbir Ahmed, Ashish Pandit, Deepak Agrawal",T-Series,0
e8c86b50-a6fb-5dc9-86ce-9715d4d18474,Zindagi Jalebi,2013,"Hindi, Film",Pravin More,Karan Kashyyap,,0
7f22df9c-0fce-516f-afdb-f78e9d449054,18.11 (A Code Of Secrecy),2014,"Hindi, Film",Jaan Nissar Lone,"Sahil Fatehpuri, Tanveer Ghazi",Worldwide Records,0
17dfcdc5-9e51-5555-8009-8ef58802d284,2 States,2014,"Hindi, Film",Shankar - Ehsaan - Loy,"Amitabh Bhattacharya, Jayameera Jagannath, Niranjan Iyengar",T-Series,3.5
2956f017-2f8c-5834-8890-6fa82bd6bdea,3 A.M.,2014,"Hindi, Film","Manan, Pranay Rijia","Manan, Turaz, Kumaar, Pranay Rijia",Zee Music Company,0
0c3a9928-02d5-5e0e-a45c-809f51aaeb5c,A Gran Plan,2014,"English, Film","Kabir Singh, Kaizad Gherda",Jaideep Sahni,,3.0
4a65c692-bb85-512e-b58b-e81957a88125,Aa Bhi Jaayea,2014,"Hindi, Non Film",Ravi,Prem Dhawan,Saregama,0
0fc29ee7-7c8d-5204-a74e-5084c929b81b,Aaj Ka Fashion Trend,2014,"Hindi, Film",Lava Kumar S.R.,Kishan Paliwala,Venus,0
158b4b3f-8c51-5b7f-815e-f6bed195ccb3,Aaja Mere Twitter Te,2014,"Hindi, Non Film",Daler Mehndi,Daler Mehndi,DRecords,0
61497fa9-6cb6-579e-802b-000ffdda9d7d,Aap Ki Nazron Ne Samjha,2014,"Hindi, Non Film",Madan Mohan,Raja Mehdi Ali Khan,Saregama,3.0
75ba6971-916f-57c8-a031-caae9484e81a,Abh Toh Aaja Saajnaa,2014,"Hindi, Non Film",Akul,Kunal Khera,T-Series,0
b3a727ac-7a83-5d37-8460-66813597faa3,Action Jackson,2014,"Hindi, Film",Himesh Reshammiya,"Shabbir Ahmed, Sameer, Shiraz Ahmed",Eros Music,0
748e5575-9d48-50ca-8686-aac54b51a6ea,Akela,2014,"Hindi, Non Film",Band Of Bandagi,,Moxx Music,3.5
5ff0ce2f-c90b-5ed0-ad58-777973ac9c83,Amit Sahni Ki List,2014,"Hindi, Film","Shivi R. Kashyap, Palash Muchhal, Sidd Coutto, Warren Mendonsa, Karthick Iyer, Raghu Dixit","Shivi R. Kashyap, Shiv Singh Benawra, Palak Muchhal, Vir Das, Ankur Tewari, Ajay Bhuyan, Tina Nagpaul",Zee Music Company,4.0
e3d99228-034c-5cd8-9b5e-8ee670e70f73,Ankhon Dekhi,2014,"Hindi, Film","Sagar Desai, Traditional","Varun Grover, Traditional",Junglee Music,4.0
d13e9f65-68f1-52a7-919a-c6ebc5da8038,Anuradha Aur Uski Kahani,2014,"Hindi, Film",Farzan Faaiz,Faaiz Anwar,Shiv Shakti Entertainment Production,0
8694a8db-5f4b-5716-8ba5-01e781003e4c,Anwar Ka Ajab Kissa (Sniffer),2014,"Hindi, Film",Alokananda Dasgupta,Rajeshwari Dasgupta Ghose,Eros Music,3.0
bf08f6bb-f0ae-5b4a-8965-66825d8145c3,Any Time Money,2014,"Hindi, Film",Harsh Sharma - I,Arvind Purohit,Onclick Music,0
023f92ef-b297-5e1b-8562-ab3bbb35924e,Armaan,2014,"Hindi, Non Film",Armaan Malik,"Armaan Malik, Shraddha Pandit, Shabbir Ahmed, Amal Malik, Vayu",Universal,0
e64b3135-7c97-5b9a-85f6-610b18d97d32,Arz,2014,"Hindi, Non Film",Soch,Soch,Indya Records,3.0
2bba3144-373b-5c4f-ba08-b1b6dc865b1b,Back 2 Love,2014,"Hindi, Non Film","Rahat Fateh Ali Khan, Sahir Ali Bagga, Salim - Sulaiman, Mian Yousuf Salahuddin","Rahat Fateh Ali Khan, Javed Ali Khan, Traditional, Imran Raza, Mian Yousuf Salahuddin, Khalil-ur-Rehman Qamar",Universal,0
3c7b4fe3-8403-527d-b972-170c8c1fa722,Badlapur Boys,2014,"Hindi, Film","Shamir Tandon, Sachin Gupta, Raju Sardar",Sameer Anjaan,Zee Music Company,0
6170de3d-87a7-512b-9eec-406d7e1b1580,Balwinder Singh Famous Ho Gaya,2014,"Hindi, Film","Mika Singh, Lalit Pandit, Superbia","Mika Singh, Nikhat Khan - I, Rashu Khan, Dhamma Sirhind, Shaan",Tips,0
5220e755-8b08-59c0-bfb7-841adbeb3731,Bandagi,2014,"Hindi, Non Film",Kamini Khanna,Kamini Khanna,Venus,0
d5204cd9-ba4e-5062-9fe4-1a41598beeaf,Bang Bang,2014,"Hindi, Film",Vishal - Shekhar,"Vishal Dadlani, Anvita Dutt, Kumaar",Zee Music Company,3.0
cb3a83c5-7092-5897-b4ef-ac07ea613f0d,Baran,2014,"Hindi, Non Film",Parvaaz,"Kashif Iqbal, Khalid Ahamed, Allama Iqbal, Ghulam Ahmad Mahjoor",Times,4.0
0ac8fe01-f0ad-53a7-b875-a7b54eb60c78,Bas Bajna Chahiye,2014,"Hindi, Non Film",Amit Trivedi,"Aman Sinha, Ozil Dalal",Times,0
e80f0232-dea5-574f-9e18-2b142a27abc6,Bewakoofiyaan,2014,"Hindi, Film",Raghu Dixit,"Anvita Dutt, Habib Faisal",YRF Music,3.33
31bacaff-2187-5a75-8116-f1bb3803e4cf,Bhoothnath Returns,2014,"Hindi, Film","Ram Sampath, Meet Bros Anjjan, Yo Yo Honey Singh","Nitesh Tiwari, Kunwar Juneja, Kumaar, Yo Yo Honey Singh, Munna Dhiman",T-Series,0
cb42f717-1d2f-50d5-88c3-2c76d1329715,Bhopal: A Prayer For Rain,2014,"English, Film","Papon, Shilpa Rao, Swanand Kirkire, Anoushka Shankar","Vaibhav Modi, Shilpa Rao, Swanand Kirkire",Zee Music Company,0
58afc299-265d-5c6f-8cf7-c16cf03ca3ed,Bobby Jasoos,2014,"Hindi, Film",Shantanu Moitra,Swanand Kirkire,T-Series,3.0
53fc3c62-d51d-52da-8604-912278bf4999,Bollywood Villa,2014,"Hindi, Film",Vaishnav Deva,Mumtaz Nikhat,Yellow & Red Music,0
df3804cb-b6a3-50e9-b213-3b10ed6caa1e,Chaarfutiya Chhokare,2014,"Hindi, Film","Abhijit Vaghani, D. Sameer, Sudeep Banerjee","Traditional, Bhikhari Thakur, Manish Harishankar, Rabindranath Tagore",T-Series,0
168b6372-2965-58e5-8296-db4393a4c288,Chal Bhaag,2014,"Hindi, Film","Sadhu Sushil Tiwari, Sanjay Pathak, Satish Kashyap","Niket Pandey, Devendra Kafir, Prita S. Pathak",Zee Music Company,0
d7815f2c-e487-56e4-8e3c-6666c2f7bd6d,Chulein Aasman,2014,"Hindi, Non Film",Salim - Sulaiman,"Farhan Akhtar, Shraddha Pandit",Farout Media,0
458fb0c1-2a94-5ea9-86b4-b1670f88328e,Chupke Chupke,2014,"Hindi, Non Film",Ghulam Ali,Hasrat Mohani,Venus,0
3c40d81b-c2d7-5b8b-8aaa-a2d45800eaf7,Citylights,2014,"Hindi, Film",Jeet Ganguly,Rashmi Singh,Sony Music,4.25
ebc7d735-aa4e-5403-8422-c6d6e13e0096,Crazy Baalam,2014,"Hindi, Non Film",Vivek Kar,Kumaar,Zee Music Company,0
ce0dcb43-e1b4-5fd2-bc7e-c0d93a8cce4d,Crazy Cukkad Family,2014,"Hindi, Film",Siddharth - Suhas,"Kumaar, Suhas Shetty",T-Series,0
ea7fcdd1-ed62-594e-9a42-850c09f8767d,Creature 3D,2014,"Hindi, Film","Mithoon, Tony Kakkar, Arko","Mithoon, Tony Kakkar, Arjun",T-Series,3.0
607a1b75-3b68-569a-baf2-7e9738bb78b9,Daawat-E-Ishq,2014,"Hindi, Film",Sajid - Wajid,Kausar Munir,YRF Music,3.0
2fac5353-07a0-57db-83c1-304265275f99,Dareeche,2014,"Hindi, Non Film","Bilal Maqsood, Zoe Viccaji, Ali Alam, Shahi Hasan","Anwar Maqsood, Asim Raza, Puneet Sharma, Aania Shah, Zoe Viccaji, Sabir Zafar, Salman Ahmed",Universal,0
c7bd337f-7efc-56b0-9595-d7b6ecf84db0,Darr @ The Mall,2014,"Hindi, Film","Agnel Roman, Faizan Hussain, Ranjit Barot, Shankar - Ehsaan - Loy","Pallavi Bhardwaj, Amitabh Bhattacharya",MSM Motion Pictures,0
e7e38e40-4279-53ad-82e6-4e06d94b5de8,Dear Vs Bear,2014,"Hindi, Film",A.R. Saxena,Deepak Noor,Lotus Music Company,0
b5d73680-3135-5940-9ab4-7f8daa676dad,Dedh Ishqiya,2014,"Hindi, Film",Vishal Bhardwaj,Gulzar,Shemaroo,3.67
aef69521-359d-5a86-beba-bef7164629aa,Dee Saturday Night,2014,"Hindi, Film","Ankit Tiwari, Shamir Tandon",Sandeep Nath,SRK Music,0
b91410fc-5e67-521a-ae2c-33d0b744fcff,Dekh Tamasha Dekh,2014,"Hindi, Film",Traditional,Traditional,Eros Music,3.0
98488f99-79f3-5b2d-8aaf-63f6f13d4f15,Desi Kalakaar,2014,"Hindi, Non Film",Yo Yo Honey Singh,"Yo Yo Honey Singh, Lil Golu",T-Series,0
eaf7fcbc-a660-5aa6-8b61-a92812f3f9ac,Desi Kattey,2014,"Hindi, Film",Kailash Kher,Kailash Kher,Zee Music Company,4.0
f158aa93-b984-5b78-9630-9858f1658bff,Dhai Aaakhar Naam,2014,"Hindi, Non Film",Maatibaani,"Manoj Yadav, Superwoman",,0
10b58a3b-1113-5b91-aa71-321347e349e2,Dheere,2014,"Hindi, Non Film",Zack Knight,"Zack Knight, Rani Malik",T-Series,3.0
078a1553-8028-50e5-8d3a-72097252e311,Dil Ki Baatein,2014,"Hindi, Non Film",Priyesh Vakil,Gautam Sethmaji,Zee Music Company,0
119d3abe-ebcd-5c7d-a6d4-c60024f5befb,Dirty Model,2014,"Hindi, Film",Shailendra Jadhav,Shailendra Jadhav,SRK Music,0
8746f672-c564-565c-87ad-fc2024aba232,Dishkiyaoon,2014,"Hindi, Film","Palash Muchhal, Sneha Khanwalkar, White Noise Productions","Sanamjit Talwar, Mayur Puri",Eros Music,0
d4cf95ff-cdc8-5e38-9b73-3c3788484cd6,Diwali Bomb,2014,"Hindi, Non Film",Raj Mahajan,"Chandrashekhar - I, Mahi - I, Kishore - I",Moxx Music,0
a63cee48-a614-52a4-8aab-77dd7e021d5c,Do The Rex,2014,"Hindi, Non Film",Mikey McCleary,"Ranveer Singh, Mikey McCleary",Sony Music,0
8b5211f5-23bb-5fad-b859-58ac889379dd,Don't Have To Lie,2014,"English, Non Film",Randolph Correia,"Randolph Correia, Vishal Dadlani",Sony Music,0
8f650a09-6725-5429-a663-060e2bc52663,Dr. Cabbie,2014,"English, Film","Craig McConnell, Manjeet Ral, Pama Sarai, Siddharth - Suhas","Raghav, Selena Dhillon, Kumaar, Manak-E, Ajay Virmani, Fateh Doe, Jus Reign, Deesha Sarai",Eros Music,0
03e9de46-ca73-548e-926f-444022c1bedb,Ebn-E-Batuta,2014,"Hindi, Film","Tarannum Mallik, Rajeev Verma - I, Satyendra 'Satya'","Satyendra 'Satya', Abhishek Bhola, Satvir",Yellow & Red Music,0
453d1f9e-c6c0-5984-8b1b-885000356e2d,Ek Ladki Ko Dekha To Aisa Laga (Acoustic),2014,"Hindi, Non Film",R.D. Burman,Javed Akhtar,Saregama,0
1b0560b0-ae24-53f1-8e69-a318b00db0bd,Ek Villain,2014,"Hindi, Film","Rabbi Ahmed, Adnan Dhool, Mithoon, Ankit Tiwari","Rabbi Ahmed, Adnan Dhool, Mithoon, Manoj Muntashir",T-Series,4.5
470dd3ec-1aaf-51fd-8dcc-aa1605d1be0d,Ekkees Toppon Ki Salaami,2014,"Hindi, Film",Ram Sampath,"Sandeep Nath, Ravindra Gautam, Ram Sampath, Earl Edgar D'Souza",T-Series,0
2e3025f8-1626-5f2f-b09d-3ccde0f3f8b8,Entertainment,2014,"Hindi, Film",Sachin - Jigar,"Mayur Puri, Ashish Pandit, Priya Panchal",Tips,0
a629230a-31ab-5282-be3a-26a4d5f34c1d,Excuse Me Girl (Ambarsariya),2014,"Hindi, Non Film",Arjun,"Arjun, Munna Dhiman, Reality Raj",T-Series,0
57445f46-6ce5-5f3e-bd6b-a47eb708bff0,Extraordinaari,2014,"Hindi, Film",Hriju Roy,"Traditional, Ravi Basnet",Venus,0
abac7a1e-4ed9-5ce6-99b5-b318bb36dddb,Fan,2014,"Hindi, Non Film",Badshaah,Badshaah,Tips,0
e4718ab5-b9e2-5b0c-a978-674df9f6aa3a,Filmistaan,2014,"Hindi, Film",Arijit Datta,Ravinder Randhawa,UTV,3.0
d7e7e3c2-3f86-5106-82cf-f19c48f98eb8,Finding Fanny,2014,"Hindi, Film","Mathias Duplessy, Sachin - Jigar","Alan Mercer, Mir Mukhtiyar Ali, Sachin - Jigar, Dinoo",Sony Music,4.0
70f26d68-45e6-51ce-973c-cca7b4414473,Flower Ka Power,2014,"Hindi, Non Film",Naresh - Paresh,Keegan Pinto,,0
6e6f8735-e89c-5b3c-b861-171dd5f3c474,For You,2014,"English, Non Film",Bobby Beebob,Bobby Beebob,Fame Music,0
5f5db733-312f-53db-b0b5-5a3c32d81f14,Fugly,2014,"Hindi, Film","Prashant Vadhyar, Raftaar, Yo Yo Honey Singh, The Islanders","Arshia Nahid, Raftaar, Yo Yo Honey Singh, The Islanders, Sumit Aroraa, Niren Bhatt, Rajveer Ahuja",T-Series,0
ceaf0c95-ee06-5c13-9a95-e24a23347d63,Fun On The Beach,2014,"Hindi, Non Film",Bharatt - Saurabh,,Times,0
b1c021c0-44ed-52de-bfc2-3db63d050f56,Funky Pawa,2014,"Hindi, Non Film",Maatibaani,Traditional,Maatibaani,0
1663e9bc-f0c5-587f-8ff5-9fd5662ef2ca,Gang Of Ghosts,2014,"Hindi, Film","Aamir Ghulam Ali, Dharam - Sandeep","Qateel Shifai, Vikas Kumar - I, Satish Kaushik, Rashmi Singh",Venus,0
59478dd5-7ca6-5c4e-abdd-703d296782fb,Get Set Play,2014,"Hindi, Non Film",Hariharan,Javed Akhtar,,0
ea0bd1bd-2f88-50dd-9bbb-358efafa6bf5,Gollu Aur Pappu,2014,"Hindi, Film","Jasleen Aulakh, Prashant Vadhyar, Raptilez 101, Shamir Tandon, Santokh Singh Dhaliwal","Polly Sanghera, Niren Bhatt, Raptilez 101, Virag Mishra, Arshia Nahid",T-Series,0
e332cfbb-71dc-5f22-9b4e-12ffebf49b25,Gori Tere Naina,2014,"Hindi, Non Film",The Music Boutique,"Govinda, Battlekatt",Saregama,0
ce90e345-bd65-50f2-8a6b-90c69866e24a,Guardians,2014,"Hindi, Film","Omkar Rana, K. Ratnesh","Dr. V.P. Singh, Tauqeer Zaidi, Sahil Sultanpuri",Saumya Creations,0
5b3e8dc7-ace7-55dd-bfe5-8b8b6707f7e3,Gulaab Gang,2014,"Hindi, Film","Soumik Sen, Sadhu Sushil Tiwari","Neha Saraf, Shreya Narayan, Traditional, Rohit Sharma, Soumik Sen",T-Series,0
9deb530c-dd73-512f-8bec-9bc4c6c713eb,Gunday,2014,"Hindi, Film",Sohail Sen,"Irshad Kamil, Ali Abbas Zafar, Bappi Lahiri, Gautam Susmit",YRF Music,0
fee7ac2e-0b88-51d5-82ac-3cd46828ef0b,Gurjar Aandolan,2014,"Hindi, Film",Ashish Donald,"Khalil Jawed, Aarun Nagar, Dhananjay - I, Sanjit Nirmal Gurjar",T-Series,0
79d49f47-eeb2-5039-8b9c-5a38fc5a0dde,Haider,2014,"Hindi, Film","Vishal Bhardwaj, Mehdi Hassan","Faiz Ahmed Faiz, Gulzar, Traditional",Junglee Music,3.67
d4fbbb20-c916-593a-9928-995fcb8fd667,Hamesha,2014,"Hindi, Non Film",Soch,Soch,Indya Records,0
190a0636-5485-59b9-90f1-1475f40e64e5,Hanuman Chalisa,2014,"Hindi, Non Film",Shekhar Ravjiani,Tulsidas,Zee Music Company,3.5
3da740db-b3e5-5dff-8db0-590598c2a59f,Happy Ending,2014,"Hindi, Film",Sachin - Jigar,"Ashish Pandit, Amitabh Bhattacharya, Priya Saraiya",Eros Music,4.0
661f0b6e-d104-5c14-afa2-9a02d5760f70,Happy New Year,2014,"Hindi, Film","Vishal - Shekhar, Dr. Zeus, Manj Musik, John Stewart Eduri","Irshad Kamil, Jiwan Mann, Kumaar, Farah Khan, Vishal Dadlani, Shekhar Ravjiani",T-Series,3.0
acf6f140-a606-5b0b-a385-5cbf6562e12d,Hasee Toh Phasee,2014,"Hindi, Film",Vishal - Shekhar,"Amitabh Bhattacharya, Kumaar",Sony Music,3.0
d1a29409-9927-57e5-bef8-5788bfb249d7,Hate Story 2,2014,"Hindi, Film","Laxmikant - Pyarelal, Arko Pravo Mukherjee, Mithoon, Rashid Khan - II, Meet Bros Anjjan","Aziz Qaisi, Arko Pravo Mukherjee, Mithoon, Tanveer Ghazi, Kumaar",T-Series,3.5
e5b4f819-c61b-566f-a4ba-a3d9ae28932d,Hawaa Hawaai,2014,"Hindi, Film",Hitesh Sonik,Amole Gupte,Zee Music Company,0
38b9a32a-4df0-5e25-ac2e-5d51d18fdd93,Heartless,2014,"Hindi, Film","Gaurav Dagaonkar, Fuzon","Arafat Mahmood, Seema Saini, S.K. Khalish, Shekhar Suman",T-Series,3.0
a486b63e-0a4c-51a9-beda-6e5d9798e6c0,Heropanti,2014,"Hindi, Film","Sajid - Wajid, Mustafa Zahid, Bilal Saeed, Manjeet Ral, Laxmikant - Pyarelal","Kausar Munir, Mustafa Zahid, Bilal Saeed, Raftaar",T-Series,0
6a244cb4-d37a-5f6d-8dbb-ed934416543e,Highway,2014,"Hindi, Film",A.R. Rahman,"Sant Kabir Das, Irshad Kamil, Kash N' Krissy",T-Series,4.5
3417d30a-2320-574d-87b9-29e29cd89a5d,Holiday: A Soldier Is Never Off Duty,2014,"Hindi, Film","Pritam, Kaushik Dutta","Irshad Kamil, Sukumar Dutta",Zee Music Company,3.0
65a4fa40-bf3c-5bf2-be3f-d0c354f790e5,Hum Baja Bajaa Denge,2014,"Hindi, Film",Nikhil Kamat,Vimal Kashyap,Red Ribbon,0
ad2f0392-4ff6-5159-abc7-60460716db29,Hum Hai Teen Khurafaati,2014,"Hindi, Film",Kashi - Richard,"Satyaprakash, Shweta Raaj, Deepak Noor",Zee Music Company,0
7cadf217-c235-56a8-9d67-3bfc30dfa8e9,Hum Hi Hamare Vaali Hain,2014,"Hindi, Non Film",Swaradheesh Bharath Balvalli,Veer Savarkar,Universal,0
34d6dde5-3740-5eff-bf1f-29a7026432cb,Humnasheen,2014,"Hindi, Non Film",Deepak Pandit,"Ajay Jhingran, Manoj Muntashir, Vaibhav Modi, Ahmad Anees",Times,0
885ca256-bfa9-5290-92be-7135908617b2,Humpty Sharma Ki Dulhania,2014,"Hindi, Film","Sachin - Jigar, Sharib - Toshi, Jawad Ahmad, Badshaah, The Titans","Irshad Kamil, Kumaar, Shashank Khaitan, Ahmad Anees, Badshaah, Indeep Bakshi",Sony Music,3.0
d5aea9d2-c1b4-5f81-8a4d-d493cee6e1e9,Humshakals,2014,"Hindi, Film",Himesh Reshammiya,"Sameer Anjaan, Shabbir Ahmed, Mayur Puri",Zee Music Company,0
9bfd95a2-f317-5669-bda3-a76dcc43ebdb,I Can't Make You Love Me,2014,"English, Non Film","Mike Reid, Allen Shamblin",,Interscope Records,0
d312fde3-6dc1-50ee-bb8a-920326893e2a,Identity Card - Ek Lifeline,2014,"Hindi, Film","Varun Ahuja, Suresh Mendoza, Aamir Ali, Raja Ali, Chitrshyam, Shoaib Farrukh, Farrukh Abid, Qazi Waseem Ahmed","Varun Ahuja, Loy Chako, Rahat Kazmi, Baba Bulleh Shah, Mian Muhammad Bakhsh, Traditional, Sabir Zafar, Qazi Waseem Ahmed, Iqbal Ashraf, Allama Iqbal",Crescendo Music,0
2337cc55-f313-5a73-a429-f82194b032e2,Issey Kehte Hain Hip Hop,2014,"Hindi, Non Film",Yo Yo Honey Singh,"Yo Yo Honey Singh, Lil Golu",T-Series,0
64ca6e1a-9b55-56b0-956b-d291ae6c8d9d,It Can Be Dangerous - City Of Dreams,2014,"Hindi, Film","Niranjan - I, Saket",Ravi Basnet,SRK Music,0
d377c494-c387-5338-b268-6855da5d4e89,Jaipur Ka Raja,2014,"Hindi, Non Film",Manish Israni,Kumaar,Zee Music Company,0
281a3607-eefd-529f-b445-ea21fa27bef9,Jal,2014,"Hindi, Film","Sonu Nigam, Bickram Ghosh","Sanjeev Tiwari, Sonu Nigam, Bickram Ghosh",Saga Music,3.0
1775911c-d49e-5f74-8eca-293a5b5fe9a8,Jigariyaa,2014,"Hindi, Film","Raj Prakash - I, Agnel Roman, Faizan Hussain","Faraaz Ahmed, Arun Kumar - II, Agnel Roman",T-Series,3.5
9d7ae2f8-6067-59ab-aff5-01b6ab6ebe85,Johny Ho Dafaa,2014,"Hindi, Non Film",Tony Kakkar,Tony Kakkar,T-Series,0
df7fb95b-3fdc-5773-b20d-9da966d7b741,Kaanchi,2014,"Hindi, Film","Ismail Darbar, Salim - Sulaiman, Subhash Ghai","Irshad Kamil, Subhash Ghai",Mukta Arts,3.0
974fe9c5-b4b4-5cb4-b0ec-5f96dd897164,Kabab Mein Haddi,2014,"Hindi, Film","Divya Sanjay Chhipelkar, Ravin, Daler Mehndi, Mahesh - Rakesh","Waseem Ahmad, Chander Mohan Parasher, Daler Mehndi",SRK Music,0
66fb9156-2729-567e-b0c1-57a2939a72a4,Kahaani,2014,"Hindi, Non Film",Sanket Sane,Rajan Batra,Sanket Sane,0
62557528-830b-5245-a72e-e6d0f0c51048,Kahin Hai Mera Pyar,2014,"Hindi, Film","Nikhil Kamath, Ravindra Jain","Mahesh Vaijnath Doijode, Ravindra Jain, Vimal Kashyap, Nikhil Kamath",Worldwide Records,0
932a7c1b-b0e0-591c-bab9-beccacf72872,Khamoshi Ki Aawaz,2014,"Hindi, Non Film",,Pankaj Udhas,Velvet Voices,0
64f3f79e-c3d2-57ee-9b94-33846a2a32c3,Khamoshiyan,2014,"Hindi, Film","Jeet Ganguly, Ankit Tiwari, Naved Jafar, Bobby - Imran","Sayeed Quadri, Abhendra Kumar Upadhyay, Rashmi Singh",Sony Music,4.0
6d0a31c0-2861-518e-b757-e22c4f33affb,Kho Gaya,2014,"Hindi, Non Film",Anurag Mohn,"Deepak Singh, Shraddha Bhilave",Times,0
dc279c07-77fe-5209-81b6-066bed29316e,Khoobsurat,2014,"Hindi, Film","Badshaah, Sneha Khanwalkar, Amal Malik","Badshaah, Sunil Choudhary, Ikram Rajasthani, Sneha Khanwalkar, Amitabh Verma, Kumaar",T-Series,3.67
df0a6471-8525-54f2-b4a6-7ad8a1b54c96,Khushnuma,2014,"Hindi, Non Film",Vicky - Hardik,Sanjay Dhoop Mishra,Zee Music Company,0
69c3644d-d381-5572-94b9-404926f7940a,Khwaabb,2014,"Hindi, Film","Sandeep Chowta, Sajjad Ali Chandwani","Sameer, A.M. Turaz",Junglee Music,0
25137efc-8a1f-5bbb-a035-d2b973f0978b,Khwahishein,2014,"Hindi, Non Film","Kaushal Mahavir, Mukesh Singh",Mukesh Singh,Yellow & Red Music,0
80132be5-82db-5b9f-b90e-352f1b78f1f3,Kick,2014,"Hindi, Film","Meet Bros Anjjan, Himesh Reshammiya, Yo Yo Honey Singh","Kumaar, Shabbir Ahmed, Mayur Puri, Yo Yo Honey Singh, Jasmine Sandlas",T-Series,2.5
c6cbd0bc-f6fd-53eb-a99c-12161a75e646,Kill Dil,2014,"Hindi, Film",Shankar - Ehsaan - Loy,Gulzar,YRF Music,4.0
cd4fc007-943f-5f37-9887-fbbd0f91d854,Kochadaiiyaan,2014,"Hindi, Film",A.R. Rahman,"Raqueeb Alam, Mehboob, Irshad Kamil",Eros Music,0
1c216e3e-99b1-5f40-8466-006031517985,Koi Fariyaad,2014,"Hindi, Non Film",Shrey Singhal,Shrey Singhal,Unisys Music,0
69850a58-b01a-5230-b9b7-7aa20417ed91,Kolkata Diaries,2014,"Hindi, Non Film",Joy Sarkar,Manoj Yadav,Zee Music Company,0
2beafb87-c848-5302-be9f-f125973e2e95,Kuchh Dil Ne Kaha,2014,"Hindi, Non Film","Ahmed Hussain, Mohammad Hussain, Anup Jalota, Vinod Bhatt",Harsh Brahmbhatt,Red Ribbon,0
6c34d45c-8689-51d8-bd24-b0f36cf19e16,Kuku Mathur Ki Jhand Ho Gayi,2014,"Hindi, Film","Palash Sen, Mikey McCleary, Anu Malik, Parichay, Anand Bajpai","Palash Sen, Tanmay Bahulekar, Deekshant Sherawat, Manoj Yadav, Parichay, Raghav Dutt, Ankur Tewari",T-Series,0
65feee26-e712-571e-ba40-b3af9ee1c2e1,Kya Dilli Kya Lahore,2014,"Hindi, Film",Sandesh Shandilya,Gulzar,T-Series,3.0
f7ff3aa5-674b-5563-95a0-96a4150e085d,Lag Jaa Gale (Acoustic),2014,"Hindi, Non Film",Sanam,Raja Mehdi Ali Khan,Saregama,0
ccfef5a9-c09e-5466-b8b1-537f86d987ae,"Lakshmi - A Story Of Hope, Courage, Victory",2014,"Hindi, Film",Tapas Relia,Manoj Yadav,Tips,0
cbd7d6b9-2c0a-5445-ae26-473ade47c90b,Lekar Hum Deewana Dil,2014,"Hindi, Film",A.R. Rahman,Amitabh Bhattacharya,Eros Music,4.0
441897fa-5894-5a83-a059-08b4e7d2cb38,Life Is Beautiful,2014,"Hindi, Film",John Hunt,Vimal Kashyap,Bombay Tracks,0
00885675-6766-5548-9c8a-431dda8cde84,Life Mein Twist Hai,2014,"Hindi, Film",Aryan R. Jain,"Rashid Kanpuri, Omraj Pandey Om, Zeeshan Khan - I, Aryan R. Jain",Zee Music Company,0
4d862679-ac34-59da-90e6-ba9b2d0a29cb,Lingaa,2014,"Hindi, Film",A.R. Rahman,Gulzar,Eros Music,3.0
06115d7b-99d6-5b46-bc58-6dd0a2613a3d,Love Forever,2014,"Hindi, Non Film",Dr. Manish Sinha,Sanjeev Kumar - I,Worldwide Records,0
06115d7b-99d6-5b46-bc58-6dd0a2613a3d,Love Forever,2014,"English, Non Film",Pria Andrews,Pria Andrews,Songster,0
94825a4e-b139-5636-9ed9-9f0ed70795b6,Luv Phir Kabhi,2014,"Hindi, Film","Bubli Haque, Asfaque",Tanveer Ghazi,Zee Music Company,0
132b3b2c-f968-5a0d-9110-790771fae992,M3 - Midsummer Midnight Mumbai,2014,"Hindi, Film","Sujeet Chaubey, Dushyant Kumar - I, Afroz Khan","Sujeet Chaubey, Amitabh Ranjan, Hina R. Khan, Ahmad Hasan Siddiqui",SRK Music,0
53a1f962-41db-58a2-9ef5-3906e19f9124,Maa,2014,"Hindi, Non Film",Ramji Gulati,Lavan - Veeral,Zee Music Company,0
07e0c6d4-6830-578d-989f-1fcb5f77ef9b,Machhli Jal Ki Rani Hai,2014,"Hindi, Film",Amit Mishra,"Puneet Sharma, Prashant Ingole, Amit Mishra",Zee Music Company,0
ebc32aec-5f17-5f9c-b464-6bfc800d007b,Mad About Dance,2014,"Hindi, Film","Saahil Prem, Dr. Zeus, Vidyadhar Bhave, Sangeet Haldipur - Siddharth Haldipur","Manoj Yadav, Vijay Singh Shekhawat, Vidyadhar Bhave, Sangeet Haldipur - Siddharth Haldipur",T-Series,0
ab43159d-bb8f-50d5-9935-bf77afcf9f6e,Madhosiyaa,2014,"Hindi, Non Film",Peddy Jey,Aseem Ahmed Abbasi,Unisys Music,0
8451c08a-f45e-5787-a67f-3ace5f3a6aa0,Main Aur Mr. Riight,2014,"Hindi, Film","Astitva The Band, Jaidev Kumar, Traditional, Shibani Kashyap, Ravi Shukla, Dony Hazarika, Sunil Singh, Bappi Lahiri","Astitva The Band, Raj Hans - I, Traditional, Shibani Kashyap, Ashish Pandit, Anjaan",Zee Music Company,0
edf63654-ddca-5fa8-b055-ef04b0847d02,Main Hoon (The Amazing Spider-Man 2),2014,"Hindi, Non Film",Sanam Puri,"Sanam Puri, Manoj Yadav",Sony Music,3.67
2996cee9-7fa3-5a77-aef7-64c738c7b0c6,Main Tera Hero,2014,"Hindi, Film",Sajid - Wajid,"Kumaar, Kausar Munir",T-Series,3.0
f8d9df8d-b1f3-5ca1-9e28-1995873923eb,Main Zinda Hoon,2014,"Hindi, Non Film",Dev Basak Debu,Mannoj S. Kumar,Unisys Music,0
6a2e4d35-648f-505f-9302-764dae2d0ac4,Manjunath,2014,"Hindi, Film",Parikrama,"Rajneesh Bisht, Sandeep A. Varma, Traditional",Zee Music Company,3.0
16c9933b-540b-5ab6-8d76-bd710e3d6d18,Mardaani,2014,"Hindi, Film",Salim - Sulaiman,Kausar Munir,YRF Music,2.5
03077fed-f972-54d7-ae54-070939c39b4b,Mary Kom,2014,"Hindi, Film","Shashi Suman, Shivam Pathak","Prashant Ingole, Sandeep Singh",Zee Music Company,3.0
bddab595-a0e5-5ef9-9cba-6cedcc75d6f2,Mast Kalander,2014,"Hindi, Non Film",,Traditional,Times,0
30417a9c-e18f-51d5-917a-3f2e79b43088,Mastmaula,2014,"Hindi, Non Film",Ranjeet Rajwada,Alok Ranjan Jha 'Sahar',Junglee Music,0
9e3da9dd-7053-5044-a07c-22127e5b8815,Matware Nayna,2014,"Hindi, Non Film",Aadesh Shrivastava,Shyam Raj,Zee Music Company,0
fced7bd8-1170-538e-8b9a-4197767220a8,Mein Hawaa,2014,"Hindi, Non Film",Rohan Shah - I,Kumaar,Saregama,0
b18d7d7c-7351-5796-bdff-a87b4a4033cb,Meinu Ek Ladki Chaahiye,2014,"Hindi, Film","Shahdaab Bhartiya, Ravi Pawar",Sanjay Dhoop Mishra,Zee Music Company,0
42a5e2b7-8609-5227-a604-dcd6f8b3dcce,Million Dollar Arm,2014,"English, Film",A.R. Rahman,,Walt Disney,0
35b1a37a-fa28-5643-9ebe-6187b488ac60,Mitti Di Khushboo,2014,"Hindi, Non Film",Rochak Kohli,"Rochak Kohli, Gurpreet Saini, Gautam Govind Sharma",T-Series,3.0
616257d1-7d5e-5248-849f-24dc66fb6caf,Mohabbat Mein,2014,"Hindi, Non Film",K.M. Sadasivan,Jigar Moradabadi,Times,0
e4889da1-4cf2-550c-8500-f72a2c82169b,Mumbai 125 KM,2014,"Hindi, Film",Mani Sharma,"Kumaar, Hemant Madhukar, Harshit Tomar",Zee Music Company,0
4cf8d2e8-4055-537f-9498-47053555b870,Mumbai Can Dance Saalaa,2014,"Hindi, Film","Nitin Shankar, Bappi Lahiri, Naresh Karwala","Shabbir Ahmed, Taufique Palvi, Deepak Sneh, Naresh Karwala",Zee Music Company,0
21b88acd-2eed-5992-96f3-839901cf08fe,Mumbai City FC,2014,"Hindi, Non Film",Pritam,Amitabh Bhattacharya,T-Series,0
ef44d843-b21a-5708-9b69-19b63e62bd65,Mumbai Delhi Mumbai,2014,"Hindi, Film","Sawan Dutta, Rohan - Rohan","Priya Panchal, Traditional, Rohan Gokhale",T-Series,0
b70b2071-fb49-5132-9d6a-4afa1a476f0e,Munna Mange Memsaab,2014,"Hindi, Film","Nizam Khan, Shareeph Mansuri Saranawala",Shareeph Mansuri Saranawala,Worldwide Records,0
bf7e9a19-d1fe-5df2-81f0-2ebdcb2b449a,Muzik Traveller,2014,"Hindi, Non Film",Rapperiya Baalam,Rapperiya Baalam,Songster,0
b6ad2552-bad3-5fa4-9d63-28682c0e2d97,My Name Is Ranveer Ching,2014,"Hindi, Non Film",Shankar - Ehsaan - Loy,Gulzar,YRF Music,0
7d7f0465-a143-526a-a2e3-7535ca54b6a9,Naari Teri Shakti Anokhi,2014,"Hindi, Film","Sushant Das, Ravindra Jain","Sudhakar Sharma, Purushottam - I, Rita S. Roy",SRK Music,0
3ec922e7-d4cc-56a6-91c3-e49eb0f11a47,Naina,2014,"Hindi, Non Film",Tony Kakkar,Tony Kakkar,Zee Music Company,0
c185c3f9-6834-50d3-810c-41406c0a1451,O Teri,2014,"Hindi, Film","G.J. Singh, Rajiv Bhalla, Hard Kaur","Kumaar, Akshay K. Saxena, Manish J. Tipu, Abhinav Chaturvedi",T-Series,0
43180664-fdbc-58a7-a2eb-86864785718e,One By Two,2014,"Hindi, Film",Shankar - Ehsaan - Loy,Amitabh Bhattacharya,Viacom18 Media,3.5
534dbe0f-e6b4-56c5-9848-3f241f43a91c,Ore Piya (Tu Jaane Na),2014,"Hindi, Non Film",Arko - Dev,Arko - Dev,Universal,0
fdd11f59-a0c1-508a-85d3-6bb04c3158c8,Orman Tantra,2014,"Hindi, Non Film","Guru Dhanoa, Paras Nath",,Worldwide Records,0
39d56f46-cb0e-58d6-af2d-ddb857abb093,PK,2014,"Hindi, Film","Shantanu Moitra, Ankit Tiwari, Ajay - Atul","Swanand Kirkire, Manoj Muntashir, Amitabh Verma",T-Series,3.0
29433ba5-67d8-50cb-8436-a42b2ebd194f,Patang Dor,2014,"Hindi, Non Film",Astitva The Band,Astitva The Band,Saregama,0
3d7f68ad-61ab-5924-aae3-c20714184edd,Phir Se?,2014,"Hindi, Non Film",Faridkot,Inderpreet Singh,Universal,0
a63d10e5-85a1-510c-962c-30302a917ed2,Piya Ho,2014,"Hindi, Non Film",Sanket Sane,Essdee,T-Series,0
c7f6d8be-4da6-58c8-8015-9c33846c1c65,Pizza,2014,"Hindi, Film","Ramon Ibrahim, Gaurav Godkhindi, Saurabh Kalsi, Mikey McCleary, Shamir Tandon","Abhijeet Deshpande, Shashank Kunwar, Abhishek Kumar - II, Ankur Tewari, Tanmay Bahulekar, Sameer Anjaan",Junglee Music,3.0
938d0aa4-08d0-5533-a45d-d84a206a2261,Purani Jeans,2014,"Hindi, Film",Ram Sampath,"Ashish Pandit, Prashant Ingole, Kunwar Juneja, Munna Dhiman",Eros Music,3.0
a197ef9a-5c4d-5a1e-b1dd-f5c3b8cac5b3,Purani Jeans 2,2014,"Hindi, Non Film",Ali Haider,Ali Haider,Saregama,0
224ae48a-2c2a-5580-9d30-268b5fd9bc11,Queen,2014,"Hindi, Film","Amit Trivedi, Laxmikant - Pyarelal, Rupesh Kumar Ram","Anvita Dutt, Verma Malik, Raghu Nath",T-Series,4.67
d90aa0a4-0732-5697-bfee-4a1ff7578174,Raastey,2014,"Hindi, Non Film","Jim Beanz, Ankur Tewari, Leslie Lewis, R.D. Burman","Ankur Tewari, Gulshan Bawra, Javed Akhtar, Jim Beanz",Universal,0
7ab28357-18e1-5d66-b6d0-b532727179cc,Raat Akeli Hai,2014,"Hindi, Non Film","S.D. Burman, Raghav Sachar",Majrooh Sultanpuri,Saregama,0
562db0c0-17ef-5bec-b025-cb9c4fa392df,Ragini MMS 2,2014,"Hindi, Film","Meet Bros Anjjan, Yo Yo Honey Singh, Chirantan Bhatt, Pranay Rijia","Kumaar, Ustad Bhagdarh Ali Khan Sahab, Manoj Yadav",T-Series,3.71
9c58d97a-506c-576d-af0b-f63f59b78740,Raja Natwarlal,2014,"Hindi, Film",Yuvan Shankar Raja,Irshad Kamil,UTV,0
7affd5cd-d5dd-56e7-a80f-8c74613df5f4,Rang Rasiya,2014,"Hindi, Film",Sandesh Shandilya,Manoj Muntashir,Zee Music Company,0
ffb91c7a-e726-534b-a812-cebf8237ed23,Raunaq,2014,"Hindi, Non Film",A.R. Rahman,Kapil Sibal,Sony Music,3.0
f9310718-958f-56de-838a-d07a76f337dd,Restricted Area Plot No. 666,2014,"Hindi, Film","Saif Ahmed, Nofel Izz, Underground Authority, Shibani Kashyap, Akash Das, Sukhamrit Soin, Chitrshyam, Rajiv Sunderesan","Saif Ahmed, Anwar Farrukhabadi, Underground Authority, Sudipto Chatterjee, Sukhamrit Soin, Neetu Pandey Kranti, Loy Chako",Crescendo Music,0
fe9fd433-9b0b-5e18-9b82-c3ac1f502314,Revolver Rani,2014,"Hindi, Film",Sanjeev Srivastava,"Puneet Sharma, Shaheen Iqbal",T-Series,3.0
1bcb0426-7850-53da-811b-8ed743d7d024,Riyasat,2014,"Hindi, Film","Hriju Roy, Sayed Ahmed","Salim Bijnori, Nusrat Badr",Bombay Talkies,0
b03e5048-29ca-52b3-932e-e2bc389bf9cf,Rlung Ta,2014,"Hindi, Non Film",Samved,,Universal,0
6b93cba5-67e6-5555-b8d0-989b809e4503,Roar: Tigers Of The Sunderbans,2014,"Hindi, Film","John Stewart, Ramona Arena","Irfan Siddiqui, Kartik Chaudhry",Abis Rizvi Films,0
3ddbabf8-f714-5188-b75c-3fa72339e6a0,Roobaroo - Micromax Unite Anthem,2014,"Hindi, Non Film",A.R. Rahman,Prasoon Joshi,Sony Music,0
b5012b48-92f6-5651-8adb-e6d329729691,Sabse Bhala Rupaiya,2014,"Hindi, Non Film","Jai - Parthiv, Basu - Manohari",Majrooh Sultanpuri,Saregama,3.0
7f773201-5709-5303-a486-340970fb2649,Samrat & Co.,2014,"Hindi, Film","Mithoon, Gopal - Anand - Pavan, Sandeep Shirodkar, Ankit Tiwari","Mithoon, Gopal Datt, Sandeep Nath, Sanjay Masoomm",Rajshri Music,3.0
ad3cfb27-13b3-5e9e-8bb5-8ea94e6ae341,Satrangi,2014,"Hindi, Non Film","O.P. Nayyar, Superbia, Hemant Kumar, R.D. Burman, Shankar - Jaikishan","Majrooh Sultanpuri, Manthan, Shakeel Badayuni, Hasrat Jaipuri, Shailendra, Gulzar",Saregama,0
1084332d-0cba-50d3-9199-0527956eccd7,Satya Sai Baba,2014,"Hindi, Film","Chander Makwana, Anchal Talesara, Bappi Lahiri, Sumeet Tappoo","Sudhakar Sharma, Naqsh Lyallpuri, Deepak Sneh, Sanjay Sakshi",T-Series,0
48bf8858-efeb-53b7-8a44-a676d860a41b,Satyamev Jayate 2,2014,"Hindi, Non Film",Ram Sampath,"Svati Chakravarty, Srinivas Jorigala, Suresh Bhatia, Swanand Kirkire, Prasoon Joshi",YRF Music,0
db0cf521-0d48-52f4-89bb-79213e9704bb,Satyamev Jayate 3,2014,"Hindi, Non Film",Ram Sampath,"Swanand Kirkire, Prasoon Joshi, Svati Chakravarty, Suresh Bhatia",YRF Music,0
2297a517-6a90-5884-83d9-f4feb3356e7b,Sawalaat,2014,"Hindi, Non Film",Shruti Pathak,Manoj Yadav,Shruti Pathak,0
79231d89-a3ec-505d-b546-19d7dbc78274,Shaadi Ke Side Effects,2014,"Hindi, Film","Mikey McCleary, Pritam","Ankur Tewari, Swanand Kirkire, Amitabh Bhattacharya, Mayur Puri",T-Series,0
0e404637-e483-52ff-96ce-cc079dbc4846,Sharafat Gayi Tel Lene,2014,"Hindi, Film","Dhruv Dhalla, Sandeep Chatterjee, Meet Bros Anjjan, Gavin Pacheco, Akshay Raheja, Faridkot","Manoj Yadav, Tejpal Singh Rawat, Kumaar, I.P. Singh",Zee Music Company,0
196602f0-15ff-5163-9403-f23be2ae6dbc,Shit About Love,2014,"Hindi, Non Film",Milind Gaba,Milind Gaba,T-Series,0
d46ff1a0-f1bd-5f01-b1f0-006a22417d76,Singham Returns,2014,"Hindi, Film","Yo Yo Honey Singh, Ankit Tiwari, Meet Bros Anjjan, Jeet Ganguly","Yo Yo Honey Singh, Sandeep Nath, Abhendra Kumar Upadhyay, Shabbir Ahmed",T-Series,0
531039bf-8d85-5fa9-b014-d93098f28672,Sonali Cable,2014,"Hindi, Film","Daniel B. George, Amjad - Nadeem, Mikey McCleary, Raghav Sachar","Charudutt Acharya, Sameer Anjaan, Kausar Munir, Kumaar, Swanand Kirkire",Zee Music Company,0
1918c966-94bc-5a0d-b6a5-260c793021d2,Soniye,2014,"Hindi, Non Film",Manish Israni,Kumaar,Zee Music Company,0
871a3bb2-8a19-58a2-86c4-31190a139dd8,Spark,2014,"Hindi, Film","Lalit Pandit, R.K. Dhiman, Nitz 'N' Sony, Monty Sharma","Chichi, Malvinder Jeet, K.P. Singh, Sameer, Naresh Gupta",Zee Music Company,0
f5cd5bac-11de-5b17-a166-a3d04ba18f9f,Sulemani Keeda,2014,"Hindi, Film","Arfaaz Kagalwala, Anurag Shanker, Yuji Nakagawa, Max ZT","Arfaaz Kagalwala, Anurag Shanker, Satyanshu Singh, Devanshu Singh, Amit V. Masurkar, Neeraj Rajawat",Tulsea Pictures,0
10697606-6b77-5aad-8518-2d1d295e5b99,Super Nani,2014,"Hindi, Film","Harshit Saxena, Sanjeev - Darshan","Sameer Anjaan, Sanjeev Chaturvedi",Zee Music Company,0
9ef6f482-86aa-5343-ac30-6ae3a33056a7,TV Dinners,2014,"Hindi, Non Film","Mikey McCleary, Ashutosh Pathak","Senthil Kumar, Mikey McCleary, Ashutosh Pathak",Sony Music,0
5513cb62-9fc6-5e5c-94d4-0d47292ffddf,Take It Easy,2014,"Hindi, Film","Papply - Priya, Sushant - Kishor, Style Bhai","Sushant Pawar, Sunil Prem Vyas, Amol Powle, Baldev Prasad - I, Francis, Style Bhai, Subhi",Bombay Tracks,0
1d82ae2b-a112-50b5-9d40-1363a50ba955,Talaash Khud Ki,2014,"Hindi, Non Film",Umesh Giri,Sudhakar Sharma,Zee Music Company,0
bfc86c1a-f499-57d8-aa5f-27f60880491e,Tamanchey,2014,"Hindi, Film","Arko Pravo Mukherjee, Ikka Singh, Intense, Krsna, R.D. Burman","Arko Pravo Mukherjee, Ikka Singh, Intense, Krsna, Puneet Sharma, Anjaan",Zee Music Company,0
aa830285-3d74-53dc-bd90-1c8a12272ac1,Tandanu,2014,"Hindi, Non Film","Indian Ocean, Karsh Kale, Vishwa Mohan Bhatt, Vishal Dadlani, Traditional, Kumaresh Rajagopalan, V. Selvaganesh","Sanjeev Sharma, Traditional, Vishal Dadlani, Indira Kilam, Shankarbhai Tadavla",Times,0
72b8689d-3d82-55ce-9a90-6e5c0d3529d6,Teri Baatein,2014,"Hindi, Non Film",Javed Hussain - I,"Seemab Akbarabadi, Bashir Badr, Sudha Anjum, Anwar Sagar, Ratan Haryanvi, Nawabuddin Nawab Jaipuri, Hasrat Jaipuri",T-Series,0
84290c10-e8ab-5498-be7d-0c71f447c92a,Tevar,2014,"Hindi, Film","Sajid - Wajid, Shafqat Amanat Ali, Imran Khan - III","Kausar Munir, Sajid Khan, Danish Sabri, Imran Khan - III",Eros Music,0
37f6591c-bf7f-5be7-8939-47af61c2304e,The Bartender - Classic Bollywood With A Twist,2014,"Hindi, Non Film","R.D. Burman, Mikey McCleary, Jagjit Singh, O.P. Nayyar, S.D. Burman, Laxmikant - Pyarelal, Shankar - Jaikishan","Majrooh Sultanpuri, Kaifi Azmi, Qamar Jalalabadi, Sahir Ludhianvi, Shewan Rizvi, Anand Bakshi, Shailendra",Saregama,3.0
31bc043c-7bbe-5f45-abfe-fde80e6b8763,The Dewarists (Season Four),2014,"Hindi, Non Film","Raghu Dixit, Bindhumalini, Neeraj Arya, Nucleya, Shankar Tucker, Shantanu Moitra","Amir Khusro, Sant Kabir Das, Waris Shah, Faiz Ahmed Faiz, Rabindranath Tagore",,0
9f135d8f-0029-5304-8bb0-6c43dfb89a25,The Hundred-Foot Journey,2014,"English, Film",A.R. Rahman,Gulzar,Hollywood Records,0
ba9eb2cd-9733-518a-8932-e18c7cc21059,The Last Don,2014,"Hindi, Film",Samir - Mana,Jigar Dave,Shemaroo,0
1cf4f673-3986-55eb-9a21-27bccc54f3c0,The Project Resound - Season II,2014,"Hindi, Non Film","Karsh Kale, Nucleya",,Sony Music,0
5d7a5eda-e310-5ed2-8561-99c4f3b8f81f,The Shaukeens,2014,"Hindi, Film","Hard Kaur, Yo Yo Honey Singh, Vikram Nagi, Arko Pravo Mukherjee","Siddharth Banerjee, Sahil Kaushal, Shabbir Ahmed, Vikram Nagi, Arko Pravo Mukherjee",Zee Music Company,0
cc05ab13-abec-5e8b-b737-d8220168785a,The Welcome,2014,"Hindi, Non Film",Rajesh Roshan,Amit Khanna,,0
1ce02b74-081e-545b-8882-43537ffad238,The Xpose,2014,"Hindi, Film",Himesh Reshammiya,"Kumaar, Sameer, Shabbir Ahmed",T-Series,3.0
c7853e45-1395-5ada-a6da-8b42c1c75b71,Titoo MBA,2014,"Hindi, Film","Arjuna Harjai, Ramji Gulati, Leonard Victor","Surabhi Dashputra, Kumaar, Sweta Bhatt, Arjuna Harjai, Ramji Gulati, Nitin Raikwar",Zee Music Company,0
95362d62-434a-513c-a850-673421e7e3d9,Total Siyapaa,2014,"Hindi, Film",Ali Zafar,"Ali Zafar, Bulleh Shah, Aqeel Rubi, Kumaar",T-Series,3.33
b835d458-68d9-5ea7-b699-9675f9312d76,Trini Ladki,2014,"Hindi, Non Film",Ravindra Kalpoo,Kenneth Supersad,Shree Balaji Entertainment,3.0
39ea3e92-6cf7-5f44-8958-0435f712525d,Trip To Bhangarh,2014,"Hindi, Film","Onkar Singh, Manish Chaudhary - I, Akash Chauhan","Onkar Singh, Manish Chaudhary - I, Gurpreet Sembhi, Akash Chauhan",Zee Music Company,0
6ef15201-3b1b-5fd4-aec0-d9a29388f49d,Tujhse Naraz Nahi Zindagi,2014,"Hindi, Non Film",R.D. Burman,Gulzar,Saregama,3.5
607a3458-d815-5d37-87c3-cfaf6d1c9a97,Twilight,2014,"English, Non Film",Midival Punditz,Traditional,Sony Music,0
a4976ce3-57bf-5595-b828-6b61592d62a1,Ugly,2014,"Hindi, Film","G.V. Prakash Kumar, Shree D., Ishq Bector","Gaurav Solanki, Vineet Singh",Zee Music Company,0
3782f737-77be-529f-887a-3dd31e5b4949,Unforgettable,2014,"Hindi, Film","Sachin Gupta, Sujeet Shetty","Sachin Gupta, Shaheen Iqbal, Sujeet Shetty",Mother's Eye,0
dc6ba4ee-d14a-55d3-b53e-0acf1a9987c1,Ungli,2014,"Hindi, Film","Gulraj Singh, Salim - Sulaiman, Sachin - Jigar, Aslam Keyi","Manoj Yadav, Amitabh Bhattacharya, Kumaar",Sony Music,3.0
226dc863-c956-5967-9ce7-9e2577cf3573,Vagabonds,2014,"Hindi, Non Film",Rahul Sharma,,Saregama,0
1da06f94-84bf-5b1e-bf19-7f248560e06e,Winds of Samsara,2014,"Hindi, Non Film",Ricky Kej,,Times,0
134125c6-eea8-5a3f-b88c-844b4226cdf2,Ya Rabba,2014,"Hindi, Non Film",Baiju Mangeshkar,Shah Hussain,Saregama,0
16d50142-16c0-589b-8fff-af49d264ecd4,Yeh Diljale,2014,"Hindi, Non Film",Rajendra Salil,M. Prakash,Venus,0
a6f76763-714d-5d37-869c-adb9dd4d9fe7,Yeh Hai Bakrapur,2014,"Hindi, Film",Agnee,"Panchhi Jalonvi, Abbas Tyrewala",Shotformats,3.5
bed58991-2e6c-5b9b-ad21-e408bc7f0f3a,Yeh Raaten Yeh Mausam,2014,"Hindi, Non Film",Ravi,Shailendra,Saregama,3.5
ea62ec34-7a38-5863-b710-f665e2196528,Youngistaan,2014,"Hindi, Film","Shiraz Uppal, Jeet Ganguly, Sneha Khanwalkar, Shree D., Ishq Bector","Shakeel Sohail, Kausar Munir, Syed Ahmad Afzal, Jackky Bhagnani, Sneha Khanwalkar, Siddharth Banerjee",T-Series,3.75
1c01913d-33b3-58cb-b997-f681354913eb,Zed Plus,2014,"Hindi, Film","Sukhwinder Singh, Nayab Raja",Manoj Muntashir,Zee Music Company,0
0f33c3a5-32a6-5720-b240-a9c10a93d090,Zid,2014,"Hindi, Film",Sharib - Toshi,Shakeel Azmi,Sony Music,3.0
abdf0e9e-82ff-5513-a5a5-081ec00993e3,Zindagi Ek Khoj,2014,"Hindi, Non Film",Rohit Vasudevan Diaries,Rohit Vasudevan Diaries,,3.0
