album_uuid,album_title,album_year,album_category,album_music_director,album_lyricist,album_label,album_rating
fe28f61b-afde-5077-b70e-3b340bef7ab1,Aaj Sharabi Aankhon Se,1945,"Hindi, Non Film",Hemant Kumar,Faiyyaz Hashmi,Saregama,0.0
c5216182-75bd-5da7-ad49-b3e1ab580654,Aanchal Se Kyon Baandh Liya,1945,"Hindi, Non Film",Hemant Kumar,Hasrat Jaipuri,Saregama,0.0
7ab6825f-4fc2-54d1-b6e0-d719a1eff105,Ab Yaad Humein Kyun Aate Ho,1945,"Hindi, Non Film",Hemant Kumar,Faiyyaz Hashmi,Saregama,0.0
96dfe2e1-4690-5278-95a7-41e9919576af,Adhar,1945,"Hindi, Film",Shri Nath Tripathi,M.A. Razi,Columbia Records,0.0
c74546cf-266b-51ea-aa09-53354dbe1d37,Albeli,1945,"Hindi, Film",G.A. Chishti,"Shanti Swaroop - I, G.A. Chishti",Columbia Records,0.0
10ad3fce-ac3f-57a1-ad85-a9789a9c7fbb,Ameeree,1945,"Hindi, Film",Dakshina Tagore,,Columbia Records,0.0
30e731b0-7500-5fd6-85fd-77ca542513f3,Amrapali,1945,"Hindi, Film",Saraswati Devi,,Columbia Records,0.0
69ff52e9-dca6-5904-b698-318232d0ead5,Aye Shaam Ki Hawaon,1945,"Hindi, Non Film",Hemant Kumar,,Saregama,0.0
4b538277-8f79-5031-8ffd-578d2722c119,Bachpan,1945,"Hindi, Film",Shri Nath Tripathi,Ishwar Chandra Kapoor,Young India Records,0.0
31bd1487-491e-5239-ae64-4b7bab4dea22,Badi Maa,1945,"Hindi, Film",Datta Korgaonkar,"Zia Sarhadi, Raja Badhe, Anjum Pilibhiti",Columbia Records/Saregama,0.0
3dd038e1-a74a-5f36-9077-7f19e35bb22f,Ban Phool,1945,"Hindi, Film",Dhiren Mitra,"Pandit Madhur, Narendranath Tuli",Megaphone/Columbia Records,0.0
dad33fe4-cee8-5153-98d1-6b4ef2d4c210,Begum,1945,"Hindi, Film",Hari Prasanna Das,Gopal Singh Nepali,Saregama,0.0
2c50b411-587d-541e-affc-ac6eec4c4078,Bhaijaan,1945,"Hindi, Film",Shyam Sundar,Partau Lakhnavi,Columbia Records,0.0
c07a9f96-d163-5d89-8420-82a382b8bd4f,Bhala Tha Kitna Apna Bachpan,1945,"Hindi, Non Film",Kamal Dasgupta,Faiyyaz Hashmi,Saregama,0.0
639891d7-29c9-5580-b127-6166879e6e4e,Chalis Karod (Forty Crores),1945,"Hindi, Film",Govind Ram,"Pandit Indra, Ishwar Chandra Kapoor",Saregama,0.0
90682dd9-3856-53ff-861a-60832dda1ed8,Champa,1945,"Hindi, Film","Anupam Ghatak, Lachhiram Tamar",,Columbia Records,0.0
bbfcec6b-a1d9-5381-a35d-84c59fd6f061,Chand Chakori,1945,"Hindi, Film",Bulo C. Rani,"Wali Sahab, Pandit Indra, Kedar Sharma",Columbia Records,0.0
7a473610-667b-51dd-a73c-7dd72a285802,Chand Tara,1945,"Hindi, Film",Gyan Dutt,Swami Ramanand Saraswati,Saregama,0.0
601f722f-253f-559e-93ae-93a64f0e5bad,Chhamia,1945,"Hindi, Film",Gyan Dutt,"Pandit Indra, Kabil Amritsari",Saregama,0.0
42b39f65-391f-569a-92e5-d11d6141cf97,Devdasi,1945,"Hindi, Film",Krishna Chandra Dey,Narottam Vyas,Saregama,0.0
a9e2c402-b283-50de-9867-6ea9059521a1,Dhamki,1945,"Hindi, Film",Pandit Amarnath,Deena Nath Madhok,Columbia Records,0.0
ed3476da-5e7e-52c1-b151-01b0c6c3fadd,Dhanna Bhagat,1945,"Hindi, Film",Khemchand Prakash,"Wali Sahab, Pandit Indra, Khawar Zaman",Columbia Records,0.0
b52b46e6-d9e9-5500-a59f-292ce488ff7a,Dharm,1945,"Hindi, Film",Sajjad Hussain,"Shewan Rizvi, Baalam Pardesi",Saregama,0.0
aa33eb8b-c054-5822-8ea7-967504904b7f,Dil Ko Lekar Tum Kinare Ho,1945,"Hindi, Non Film",Durga Sen,B.C. Madhur,Saregama,0.0
84d4d4d9-192e-5ec1-a159-67b66d3e4c31,Dil Leke Bhula Dena,1945,"Hindi, Non Film",Hemant Kumar,,,0.0
d3a731a2-4839-540d-a517-8e31b87d8f70,Din Raat,1945,"Hindi, Film",Dada Chandekar,Santokh Nadim,Saregama,0.0
fe0b999d-a56d-5eff-a05b-e63ec42a6faf,Ek Din Ka Sultan,1945,"Hindi, Film","Shanti Kumar, Rafiq Ghaznavi, D. Gadkar",Wali Sahab,Saregama,0.0
efdf56ea-c8b2-5189-afe9-4c3eb7e8fb14,Gaon Ki Gori (Village Girl),1945,"Hindi, Film",Shyam Sundar,Wali Sahab,Jien-O-Phone/Columbia Records,0.0
8a99f4c7-fd6f-55f6-bf85-ace1e8cfb24c,Ghar,1945,"Hindi, Film",Allah Rakha,Roopbani,Columbia Records,0.0
be76fb8b-d383-5847-8696-b2ab76279e54,Ghulami,1945,"Hindi, Film",S.K. Pal,"Bharat Vyas, Josh Malihabadi, Majaz",Saregama,3.0
6318d5f2-d42b-5df6-b599-795d2661eda1,Hamara Sansar,1945,"Hindi, Film",Govind Ram,Ramesh Gupta,Columbia Records,0.0
7cdd38a7-566b-5b68-9d8c-636321717cb3,Hamrahi,1945,"Hindi, Film","Rai Chand Boral, Rabindranath Tagore","Munshi Zakir Hussain, Rabindranath Tagore",Columbia Records,4.5
35444244-b669-5b78-b99b-6cb29e57181d,Humayun,1945,"Hindi, Film",Ghulam Haider,"Shams Lakhnavi, Arzoo Lakhnavi, Vikar Ambalvi, Anjum Pilibhiti, Kavi Shant, Pandit Madhur",Saregama,0.0
f26d4a07-4e00-5a64-bd6c-95bdaedb4437,Jag Beeti Duniya Kehti,1945,"Hindi, Non Film",Durga Sen,B.C. Madhur,,0.0
cbd89ac2-dfd6-5c57-9fee-b8502f92bf6f,Kaise Kahoon,1945,"Hindi, Film",Pandit Amarnath,"Moti, Deena Nath Madhok, Sharma, Qamar Jalalabadi",Jien-O-Phone/Columbia Records,0.0
6bbab5b2-c94a-5bdb-b8f8-2962f247a9e7,Kul Kalank,1945,"Hindi, Film",Allah Rakha,Roopbani,Columbia Records,0.0
ba5dd378-8b49-5393-99f3-e7130bc45c56,Kurukshetra,1945,"Hindi, Film",Pandit Ganpat Rao,Jameel Mazhari,Columbia/Hindustan Records,0.0
2cea3d0c-c97e-581c-888c-e5746cc09e8f,Lakharani,1945,"Hindi, Film",Master Krishnarao,Qamar Jalalabadi,Saregama,0.0
88fe34f4-4cc3-5f61-a4cc-84a28d110bf6,Leila Majnu,1945,"Hindi, Film","Rafiq Ghaznavi, Govind Ram",Tanveer Naqvi,Young India Records,0.0
d36bf7c1-8108-583a-8928-30aaeb2829b6,Main Kya Karun,1945,"Hindi, Film",Neenu Majumdar,"Deena Nath Madhok, Rammurti Chaturvedi",Columbia Records,0.0
83a2a793-d427-5aed-afe5-5c105e8c459e,Main Saaz Bajaun Tum Gao,1945,"Hindi, Non Film",Kamal Dasgupta,Faiyyaz Hashmi,Saregama,0.0
508ed126-fe1f-5819-b856-055c23b987ba,Mast Hai Chhayi Basant Pavan Par,1945,"Hindi, Non Film",Hemant Kumar,,,0.0
f712d5f3-339c-5217-bdd8-8cd4b33e1ed6,Masti Bhari Nazar Teri,1945,"Hindi, Non Film",Hemant Kumar,,,0.0
44fe110a-b42e-54a6-8fd8-e6a03acd962b,Mazdoor,1945,"Hindi, Film",H.P. Das,Gopal Singh Nepali,Saregama,0.0
0614bb6a-56b6-5cdd-83e6-ef567f9d5da9,Meghdoot,1945,"Hindi, Film",Kamal Dasgupta,"Gauddas, Faiyyaz Hashmi, Narottam Vyas",Saregama,0.0
140d004e-7d8b-5f82-931e-3bf1b0cbb316,Moorti,1945,"Hindi, Film",Bulo C. Rani,Pandit Indra,Saregama,0.0
0e157d81-566b-5fa9-b7fd-2277a0097b66,Nagma-E-Sehra (Song Of Desert),1945,"Hindi, Film",C. Ramchandra,Ehsan Rizvi,Columbia Records,0.0
bb05081c-fb37-5df5-a48c-356ebd096225,Naseeb (Can't Help It),1945,"Hindi, Film",Govind Ram,"Ishwar Chandra Kapoor, Rammurti Chaturvedi, Aziz Kashmiri",Saregama,0.0
3301f2f2-56ed-533c-91d9-5f808b53dd06,Pannadai,1945,"Hindi, Film",Gyan Dutt,"Deena Nath Madhok, Deewan Sharar",Megaphone/Saregama,0.0
585e3211-ebf0-588a-b3b4-5c7bd1a807bd,Parinde,1945,"Hindi, Film",Govind Ram,Rammurti Chaturvedi,Saregama,0.0
183ac83f-cb49-5894-a881-f2aa44ef6ae9,Pehli Nazar,1945,"Hindi, Film",Anil Biswas,Safdar Aah,Saregama,0.0
4b01002e-4728-5817-95d7-b5307b63153d,Piya Milan,1945,"Hindi, Film",Firoz Nizami,"Tanveer Naqvi, M. Naseem, Munshi Sham Jilani, Saraswati Kumar Deepak",Columbia Records,0.0
db62c9bd-6166-5010-b0bd-a9104bed42f1,Prabhu Ka Ghar,1945,"Hindi, Film","Bulo C. Rani, Khemchand Prakash",Pandit Indra,Saregama,0.0
8bdc3670-65bb-5f48-89b3-c0115d03bf65,Pratima,1945,"Hindi, Film",Arun Kumar,Narendra Sharma,Saregama,0.0
83248488-3285-5082-8333-79a61284928f,Preet,1945,"Hindi, Film",Bulo C. Rani,"Wali Sahab, Deena Nath Madhok",Columbia Records,0.0
83f12e46-043b-5ee7-b989-a0523e551942,Raat Ko Din Bana Diya,1945,"Hindi, Non Film",Hemant Kumar,Kanwar Kumar,Saregama,0.0
9f70b0b5-549b-5fe6-a8f2-97309a8de285,Ragni,1945,"Hindi, Film",Pandit Amarnath,"Melaram Wafa, Zahir Kashmiri, Nazim Panipati",Jien-O-Phone/Columbia Records,0.0
c6d44bf0-cf0c-5387-bd51-9b0a1bc574ca,Raj Laxmi,1945,"Hindi, Film","Robin Chatterjee, Dhiren Mitra",Suresh Chaudhari,Hindustan Records/Saregama,0.0
58278266-0566-56a6-9386-207062aa0bda,Ramayani,1945,"Hindi, Film",Shri Nath Tripathi,Bekal,Columbia Records,0.0
cb1e837b-3883-5edf-93fa-7821842e66ec,Ratnavali,1945,"Hindi, Film",Govind Ram,"Rammurti Chaturvedi, Ishwar Chandra Kapoor, Brajendra Gaud",Saregama,0.0
78f79c85-81dc-5b4f-90f6-16531c2b5109,Samrat Chandragupta,1945,"Hindi, Film",C. Ramchandra,Buddhi Chandra Agrawal Madhur,Columbia Records,0.0
5f40e6c3-b752-5ecb-b4f8-cd8154a1e848,Sanyasi,1945,"Hindi, Film",Naushad Ali,Buddhi Chandra Agrawal Madhur,Young India Records,0.0
612d62fb-3f60-53b5-ab17-df1004355aae,Sharbati Aankhen,1945,"Hindi, Film",Firoz Nizami,"Pandit Indra, Tanveer Naqvi, Baalam Pardesi",Columbia Records,0.0
74823117-f651-573d-9cc5-23e8f8185c9a,Shirin Farhad,1945,"Hindi, Film","Pandit Amarnath, Rasheed Attre","Deena Nath Madhok, Nazim Panipati",Jien-O-Phone/Columbia Records,0.0
737c603c-8f79-55cb-a981-a2624f15824a,Tadbir,1945,"Hindi, Film",Lal Muhammad,Swami Ramanand Saraswati,Columbia/Hindustan Records,0.0
d80089b5-8bdc-51e8-87f8-29a1cb4b2d5e,Tum Ne Mujhko Sada,1945,"Hindi, Non Film",Hemant Kumar,Madhukar Rajasthani,,0.0
bb5bc63a-4159-5b18-acbb-8b6c57e6f44c,Vikramaditya,1945,"Hindi, Film",Shankar Rao Vyas,"Ramesh Gupta, Roopdas",Saregama,0.0
350372f3-2a76-5d9f-b7da-533aa5a47520,Wasiyatnama,1945,"Hindi, Film",Rai Chand Boral,Munshi Zakir Hussain,New Theatre Records,0.0
c822373d-6f34-50eb-8419-742c86199453,Woh Aankh Se Pila Gaye,1945,"Hindi, Non Film",Hemant Kumar,Madhukar Rajasthani,Saregama,0.0
fca48730-f174-5821-adcf-b1c3d0803778,Yateem,1945,"Hindi, Film","Khursheed Anwar, Datta Korgaonkar",Zia Sarhadi,Saregama,0.0
18bb54b6-1868-5980-ae78-c86bff501a94,Zeenat,1945,"Hindi, Film","Hafeez Khan, Mir Sahib","Mahir Ul Qadri, Nakhshab Jarchvi, Anjum Pilibhiti, Shewan Rizvi",Saregama,0.0
ca5ea2da-f586-53e1-a27d-c3a0714d764f,Zid,1945,"Hindi, Film",G.A. Chishti,"Shanti Swaroop Madhukar, G.A. Chishti",Saregama,0.0
88b449a0-e561-55fc-96f5-a1b7b6ab5027,1857,1946,"Hindi, Film",Sajjad Hussain,"Anjum Pilibhiti, Shewan Rizvi, Mohan Sinha, Pandit Ankur",Saregama,3.5
eab047c9-9da9-50d5-9bf3-9547d37667f2,Aap Ke Liye,1946,"Hindi, Film",Bulo C. Rani,Habib Tanvir,HMV Records,0.0
6cf01cf2-b8b9-50c4-9f11-a3b6c3e008cd,Aie Bahaar,1946,"Hindi, Film","Anupam Ghatak, Pandit Amarnath",Deena Nath Madhok,Saregama,0.0
538c5d56-4b0a-5e59-a631-a6360fabf8d8,Amar Raj,1946,"Hindi, Film",Firoz Nizami,"Pandit Phani, Ishwar Chandra Kapoor",Columbia Records,0.0
38dee653-c491-55ed-bbfd-b39a366a5ba3,Anmol Ghadi,1946,"Hindi, Film",Naushad Ali,"Tanveer Naqvi, Anjum Pilibhiti",Columbia Records,5.0
e71dae02-1854-581e-99db-9ea9cd1a6bb9,Arab Ka Sitara,1946,"Hindi, Film",S. Qureshi,Shewan Rizvi,,0.0
9d7f47ff-eeb1-516c-9a39-1f8dc21a50c8,Arabian Nights,1946,"Hindi, Film",Kamal Dasgupta,Faiyyaz Hashmi,Megaphone/Saregama,0.0
5c5771d1-cf06-5b45-9784-6820848d4056,Baap,1946,"Hindi, Film",K.P. Sen,"Pandit Deepak Chakravarti, Jameel Mazhari",Columbia Records,0.0
3f65815d-c473-5139-8be2-b28058b37ebe,Bachchon Ka Khel,1946,"Hindi, Film",C. Ramchandra,"Magan, Mukhram Sharma",Columbia Records,0.0
b240c138-ae2a-5639-becb-a77bcda91d63,Bairam Khan,1946,"Hindi, Film",Ghulam Haider,"B.R. Sharma, Hayat Amrohi, Wali Sahab",Saregama,0.0
458c4b92-9fbd-59a1-a320-fea332a477d5,Bhakta Prahlad,1946,"Hindi, Film","Hanuman Prasad, K.C. Verma","Saraswati Kumar Deepak, Bhagwati Prasad Bajpai, Pandit Veer, Bekal, Rammurti Chaturvedi",Columbia Records,0.0
3b8c41d7-abb0-55de-b7de-20e1fb47d125,Bindiya,1946,"Hindi, Film",Kamal Dasgupta,"Pandit Rammurti, Pandit Madhur",Saregama,0.0
47539a5a-c190-5829-aef1-f9f5c51c9f5c,Black & White,1946,"Hindi, Film",K. Narayana Rao,Shewan Rizvi,Saregama,0.0
b1bef73d-a3a9-529a-b665-85de02266880,Chamakti Bijli,1946,"Hindi, Film",Vasant Kumar Naidu,Pandit Bhardwaj,,0.0
ee2fa679-96b1-5166-9ed5-ec6c227962db,Chehra,1946,"Hindi, Film",M.A. Mukhtar,Ishwar Chandra Kapoor,Saregama,0.0
90b50f80-77e5-56f6-8107-b40e3572b442,Circus King,1946,"Hindi, Film","J. Abhyankar, N. Nagesh Rao, Hari Bhai, Afzal Lahori",Raziuddin,Columbia Records,0.0
388c6cd5-a61a-561f-8b94-9fd4a84a1338,Dev Kanya,1946,"Hindi, Film",Shyam Sundar,"Saraswati Kumar Deepak, Ramchandra Pandey, Rammurti Chaturvedi",Columbia Records,0.0
177568c9-a75c-5064-be69-f2bff893277a,Devar,1946,"Hindi, Film",Gulshan Sufi,"Khumar Barabankvi, M. Naseem, Shams Azimabadi, Aziz Siddiqui",Columbia Records/Saregama,0.0
d2a77db8-c295-569e-9525-2c2f555e2f26,Dhanwan,1946,"Hindi, Film",Shanti Kumar,"Roopbani, Behzad Lakhnavi",Saregama,0.0
c71474b8-8f92-5f8b-ba9a-f05822d5aa97,Dharkan,1946,"Hindi, Film",G.M. Durrani,Zahoor Raja,Saregama,0.0
b1f93dad-34cb-58b2-b0f5-e8b89d70d7ba,Dharti,1946,"Hindi, Film",Bulo C. Rani,Pandit Indra,Columbia Records,0.0
3d39eb1c-257b-5735-916a-01e258da05ac,Dharti Ke Lal,1946,"Hindi, Film",Pandit Ravi Shankar,"Ali Sardar Jafri, Prem Dhawan, Nemichand Jain, Vamik",Young India Records,0.0
e561fcf3-cbb9-5415-a7fb-0786163a285c,Dil,1946,"Hindi, Film",Zafar Khursheed,"Shams Lakhnavi, Raziuddin, Arsh Haidari",Saregama,0.0
4426e3c2-98a0-549e-80e0-915813418cec,Door Chalen,1946,"Hindi, Film",K.C. Dey,,Saregama,0.0
e7df70bc-0340-5822-9847-57ffd47dd48c,Dr. Kotnis Ki Amar Kahani,1946,"Hindi, Film",Vasant Desai,Deewan Sharar,Young India Records,0.0
d18f4a23-bfe2-52c0-ae7c-d04d94468a2c,Dulha,1946,"Hindi, Film",Gyan Dutt,B.R. Sharma,Columbia Records,0.0
21c3dab4-5830-5210-83f9-488f15239fe5,Durban,1946,"Hindi, Film",Shankar Dasgupta,"M. Naseem, Tanveer Naqvi",Columbia Records,0.0
8fd8dde1-24ee-57d3-9876-8dc7e74dca7c,Eight Days,1946,"Hindi, Film",S.D. Burman,"Qamar Jalalabadi, Gopal Singh Nepali",Saregama,0.0
36cb7765-13a5-58c2-90a4-447941a83dc5,Fighting Hero,1946,"Hindi, Film",Chitragupt,Ishwar Chandra Kapoor,Columbia Records,0.0
6e5c2153-aa20-585b-a71a-395a6d142a57,Flying Prince,1946,"Hindi, Film",Aziz Khan,Pandit Gyan Chandra,Young India Records,0.0
0cffec35-b68c-5348-859b-26ba0d79e541,Ghunghat,1946,"Hindi, Film",Shankar Rao Vyas,Ramesh Gupta,Columbia Records,0.0
0fc953e0-4abe-58be-97c3-6fb6bf5f64a3,Gokul,1946,"Hindi, Film",Sudhir Phadke,Qamar Jalalabadi,Saregama,0.0
f4fe03e9-6f2d-52c2-b074-93df3928bd3b,Gwalan,1946,"Hindi, Film",Hansraj Behl,Pandit Indra,Saregama,0.0
8f9b4c51-83d7-5f3d-9e43-d09fdd8d3509,Hamjoli,1946,"Hindi, Film",Hafeez Khan,Anjum Pilibhiti,Columbia Records,0.0
05fa1961-4db8-5079-a9e6-112fdbe0f46a,Haqdar,1946,"Hindi, Film",Mohammed Shafi,"C.M. Hunar, Pandit Taresh, Shewan Rizvi",Columbia Records,0.0
fea68101-4f29-5c72-9342-4cf08b8207d3,Hawai Khatola,1946,"Hindi, Film",Bashir Dehlvi,"Qaiser Sabai, Munshi Nayab",Young India Records,0.0
02febb9a-5e85-5163-b24d-10ce6567e173,Hoor-E-Baghdad,1946,"Hindi, Film",Damodar Sharma,F.M. Pindavi,Columbia Records,0.0
522d3c52-d318-5118-a4a2-6bb132b7c4ad,Hum Ek Hain,1946,"Hindi, Film",Husnlal - Bhagatram,Pyarelal Santoshi,Saregama,0.0
ceef6fc1-bf4e-5a6e-963c-30ad0ef31e07,Insaaf (Justice),1946,"Hindi, Film",H.P. Das,Deena Nath Madhok,Saregama,0.0
120392e3-90bb-54c4-ae6c-7db0b2bf9273,Jag Biti,1946,"Hindi, Film",Ghulam Haider,"Nazim Panipati, Shams Lakhnavi, Husaini",Saregama,0.0
67ebe706-b74e-515e-a7ca-76133a89913f,Jai Hind,1946,"Hindi, Non Film",Mohan Sharma - II,G.S. Madhup,Columbia Records,0.0
684a4ef6-d6b2-5a61-a3b2-e58c80cfb8df,Jeb Katra (Pick Pocket),1946,"Hindi, Film",Nisar Bazmi,"Ehsan Rizvi, Shams Lakhnavi",Columbia Records,0.0
ca5fa007-e40f-5297-849e-b2fdb4b0e9dd,Jeena Seekho,1946,"Hindi, Film",Hanuman Prasad,,Saregama,0.0
52e47abb-fd8e-573e-b4fb-2cda374abff0,Jeevan Yatra,1946,"Hindi, Film",Vasant Desai,Deewan Sharar,Young India Records,0.0
4974b9cd-64ac-50bf-9d9f-cdd1bdd5d78f,Jhumke,1946,"Hindi, Film",Pandit Amarnath,"Sharma, Latif - I",Saregama,0.0
a3cdcf5a-e94f-54d8-97cf-7c4cb6b00e45,Kahan Gaye,1946,"Hindi, Film",,,Columbia Records,0.0
640909de-e066-5724-a456-f0fb8c1c3126,Kamla,1946,"Hindi, Film",Gyan Dutt,"Neelkanth Tiwari, Swami Ramanand Saraswati",Columbia Records,0.0
1e96c470-efba-5a90-af5d-c4de3c65b933,Kashmir Ki Kali,1946,"Hindi, Film",A.K.,Matwala Pandit,Young India Records,0.0
714ae3e4-59d7-572f-b172-9a4df4b94374,Keemat,1946,"Hindi, Film",Naushad Ali,Majrooh Sultanpuri,Columbia Records,0.0
cd307438-b6bc-576f-86f7-ccaf6674c9c1,Khamosh Nigahen,1946,"Hindi, Film",Vinod,Aziz Kashmiri,Saregama,0.0
e0a6e9a6-0211-5d2c-b4a4-8a6585c0daac,Khush Naseeb,1946,"Hindi, Film","Anupam Ghatak, Lachhiram Tamar",,Columbia Records,0.0
fa7611f0-e14b-55ed-a895-bb03917745d6,Krishna Leela,1946,"Hindi, Film",Kamal Dasgupta,"Faiyyaz Hashmi, M.N. Pran",Megaphone/Saregama,0.0
fcd36173-e97a-5d36-b618-fb42be4320ad,Kuldeep,1946,"Hindi, Film",Sushant Bannerjee,Nava Naqvi,Columbia Records,0.0
d6c3a7e2-eadd-58c2-a4ce-9e0ef48789be,Laaj,1946,"Hindi, Film",Ramchandra Pal,Sagar Nizami,Saregama,0.0
d0c2773a-1862-598c-963f-381115ecdd56,Maa Baap Ki Laaj,1946,"Hindi, Film",Allah Rakha Qureshi,,Young India Records,0.0
895c2251-e332-5508-ba72-7f2bebb7f284,Maaf Kijiyega,1946,"Hindi, Film",K. Narayana Rao,Mustafa Usman,Saregama,0.0
1dd00093-586d-525f-a995-1da5b4ed2c2f,Magadhraj,1946,"Hindi, Film",Bulo C. Rani,Pandit Indra,Columbia Records,0.0
39a49b25-fd18-5f70-b372-1c87ff900d0e,Maharana Pratap,1946,"Hindi, Film",Ram Ganguly,"Swami Ramanand Saraswati, Dil Lakhnavi",Saregama,0.0
1f5bbbeb-45ab-5801-b0b7-e9c6e0091a9e,Maharani Minal Devi,1946,"Hindi, Film",Saraswati Devi,"Neelkanth Tiwari, Swami Ramanand Saraswati",Saregama,0.0
be6e4a8c-9a98-5986-9e94-c0b410995333,Manasarovar,1946,"Hindi, Film",S.N. Tripathi,"I.C. Kapoor, Deepak - II",Columbia Records,0.0
2fae0e48-49f3-5a8d-96af-5401e26ddddb,Mera Geet,1946,"Hindi, Film","Shankar Rao Vyas, Ghulam Miyan, Geeta Varma, Bal Mukund, Reejram",Ramesh Gupta,Young India Records,0.0
b8a0b6d0-b768-58c6-8356-cb4040e4c45f,Milan,1946,"Hindi, Film",Anil Biswas,"Pyarelal Santoshi, Arzoo Lakhnavi",Saregama,0.0
04cee794-726f-5d56-8757-045883e84e8f,Nai Maa,1946,"Hindi, Film",Hanuman Prasad,Ramesh Gupta,Columbia Records,0.0
3ff1ea14-1f1c-5741-8bdc-83b3201df610,Namumkin (Impossible),1946,"Hindi, Film",Ayub Khan - I,A. Karim,,0.0
bb80cd82-c444-5e41-bb03-1fdee1718184,Nargis,1946,"Hindi, Film",Husnlal - Bhagatram,Qamar Jalalabadi,Saregama,0.0
53722304-145b-5d46-a058-4928a218724e,Neecha Nagar,1946,"Hindi, Film",Pandit Ravi Shankar,"Vishwamitra Adil, Manmohan Anand",,0.0
2b6e6d88-1281-5266-92ba-2a831299d23a,Nek Parwin,1946,"Hindi, Film",Firoz Nizami,Waheed Qureshi,Columbia Records,0.0
02efb0c2-1283-5383-8894-f29e2ebe923f,Omar Khayyam,1946,"Hindi, Film",Lal Muhammad,Safdar Aah,Hindustan Records/Saregama,0.0
efdbca02-d579-5c27-ab38-4afea154575c,Panditji,1946,"Hindi, Film",Khan Aziz,"Tanveer Naqvi, Ishwar Chandra Kapoor, Dukhi Amritsari",Saregama,0.0
fac5545a-c4b5-5f5e-b073-29afc7a50973,Panihari (Bade Log),1946,"Hindi, Film","S.N. Tripathi, Ali Hussain","Pandit Indra, Brajendra Gaud, Rammurti Chaturvedi",Saregama,0.0
82c20e56-9bf8-5f4b-8c0a-e7c6e075deae,Paraye Bas Mein,1946,"Hindi, Film","Niaz Hussain Shami, Vinod","Aziz Kashmiri, Tufail Hoshiyarpuri",Columbia Records,0.0
bab16910-fb06-5059-aa0a-bfcd0f403929,Pardesi Balam,1946,"Hindi, Film",I.H. Qureshi,Zahir Kashmiri,Columbia Records,0.0
d7214ba7-8dfd-5fcb-a6cc-a357b3306a08,Phulwari,1946,"Hindi, Film",Hansraj Behl,Pandit Indra,Saregama,0.0
4554938e-bf23-5738-88f5-932984cd5710,Prithviraj Sanyukta,1946,"Hindi, Film",S.K. Pal,"Josh Malihabadi, Akhtar ul Iman, Bharat Vyas",Saregama,0.0
b00aec72-8b27-531b-919c-da7f3b5b07f9,Pujari,1946,"Hindi, Film",Hansraj Behl,"Pandit Indra, Wali Sahab",Columbia Records,0.0
510b6ccf-3c93-54dd-9452-5e48de0765f9,Rajputani,1946,"Hindi, Film",Bulo C. Rani,Pandit Indra,Saregama,0.0
3826fba5-ddeb-5dd4-b4ce-8dd3ea2c69f2,Rangbhoomi,1946,"Hindi, Film",Premnath,"Arzoo Lakhnavi, Pandit Phani",Columbia Records,0.0
20931818-9f48-524a-b1f0-09f970ad52a2,Rasili,1946,"Hindi, Film",Hanuman Prasad,"Hanuman Prasad, Gafil Harnalvi",Saregama,0.0
89ee61f8-926b-57c5-a5d6-2fe90625997d,Rehana,1946,"Hindi, Film",Qadir Fareedi,"Aziz Kashmiri, Tufail Hoshiyarpuri",Saregama,0.0
0a71cdbf-b05c-5f12-8148-7da78d4ce0ff,Room No. 9 (Kamra No. 9),1946,"Hindi, Film",Rasheed Attre,Nakhshab Jarchvi,Saregama,3.0
3afaddd9-ca98-527e-9d65-a2e94c2079fa,Royal Mail,1946,"Hindi, Film",K. Narayana Rao,Mustafa Nisar Usmani,Twin Records,0.0
e8c451a0-04d0-5df8-bae3-59e679e777ec,Rukmini Swayamwar,1946,"Hindi, Film","Vasudev, Sudhir Phadke","Amar Varma, Amit Varma",Saregama,0.0
00147031-7a32-5c2f-8163-590e8049a7bd,Rupa,1946,"Hindi, Film",Govind Ram,"Ishwar Chandra Kapoor, Rammurti Chaturvedi",Columbia Records,0.0
1e550881-2b42-53cf-a31e-3ea257412d8a,Rustom Aur Sohrab,1946,"Hindi, Film",Master Mohan - I,,HMV Records,0.0
5c204844-9244-5c99-a8ca-8953fe98bf28,Saalgirah,1946,"Hindi, Film",Bulo C. Rani,Wali Sahab,Saregama,0.0
23cd4876-05af-5486-a868-3962db061a29,Safar,1946,"Hindi, Film",C. Ramchandra,Gopal Singh Nepali,Saregama,0.0
0e58b5f2-ead3-509c-81c9-80875b11823c,Santan,1946,"Hindi, Film",Ramchandra Pal,Anjum Pilibhiti,Saregama,0.0
df3d70d8-beaa-5737-b694-d0f5400bc2ff,Sassi Punnu,1946,"Hindi, Film",Govind Ram,Ishwar Chandra Kapoor,Columbia Records,0.0
b6434a6f-53bb-5a8e-b5fd-dc77481394a5,Sathi,1946,"Hindi, Film","Gulshan Sufi, Rafiq Ghaznavi","Wali Sahab, Majrooh Sultanpuri",Columbia Records,0.0
c447e79d-be69-5e96-ac99-a11d21fbda4a,Shahar Se Door,1946,"Hindi, Film",Pandit Amarnath,Deena Nath Madhok,Columbia Records,0.0
2bb8aa93-50e5-50a8-8dd8-904a74b75ecf,Shahjehan,1946,"Hindi, Film",Naushad Ali,"Majrooh Sultanpuri, Khumar Barabankvi",Columbia/Hindustan Records,3.5
b8a6d939-42c0-5057-b76f-f615f6d1a9ee,Shalimar,1946,"Hindi, Film","Anupam Ghatak, Lachhiram Tamar, Pandit Amarnath",Aziz Kashmiri,Saregama,0.0
3851aac1-ec35-599c-8056-9f28b26a3eb5,Sham Savera,1946,"Hindi, Film",Pandit Amarnath,"Deena Nath Madhok, Nazim Panipati",Saregama,0.0
87b9cebb-120d-5aee-a9c0-483b1e4ac840,Shama,1946,"Hindi, Film",Ghulam Haider,"Shams Lakhnavi, Shewan Rizvi, Ehsan Rizvi, Shamim - I",Columbia Records,0.0
cc37d910-2cce-5e05-a7b3-381bf455eca8,Shikari,1946,"Hindi, Film",S.D. Burman,Gopal Singh Nepali,Saregama,0.0
f9f1fdfe-1d01-535a-af5a-6f52802e1eff,Shravan Kumar,1946,"Hindi, Film",Bulo C. Rani,Wali Sahab,Saregama,0.0
bdcfe68c-63cf-5546-9010-aa4c874efff7,Sohni Mahiwal,1946,"Hindi, Film",Lal Muhammad,"Swami Ramanand Saraswati, Munshi Dil",Saregama,0.0
4a3fa471-d4e8-528a-b58b-019cf2f1e316,Sona Chandi (Bhai Bhai),1946,"Hindi, Film","Tufail Faruqui, D.C. Dutt","Wali Sahab, Shamim - I, Khawar Zaman",Columbia Records,0.0
13e12325-7b00-5ea4-9a4f-1426305d579c,Subhadra,1946,"Hindi, Film",Vasant Desai,"Moti, Pandit Indra, Pandit Sudarshan",Saregama,0.0
d7da3d82-9d70-59c7-bda8-0ca647775f63,Tilasmi Duniya,1946,"Hindi, Film",Sajjad Hussain,,Columbia Records,0.0
3289c272-217f-5017-9097-77a98bc39b90,Uttara Abhimanyu,1946,"Hindi, Film",Shri Nath Tripathi,"Roopdas, Saraswati Kumar Deepak",Saregama,0.0
aae7dc4f-9677-5660-be0a-05c8da1641aa,Valmiki,1946,"Hindi, Film",Shankar Rao Vyas,Mahesh Gupta - I,Saregama,0.0
5373d7f3-c090-5df9-b4ab-817f9c50614d,Wamiq Azra,1946,"Hindi, Film",A.R. Qureshi,"Azeez Minai, Tanveer Naqvi",Young India Records,0.0
1cd7037f-c6ad-5618-acff-0a28aa5d2997,Zamin Asman,1946,"Hindi, Film",Kamal Dasgupta,Faiyyaz Hashmi,Columbia Records,0.0
4c4748b9-3117-53a7-b4ce-9fcfa38f47ae,Aage Badho,1947,"Hindi, Film",Sudhir Phadke,Amar Varma,Saregama,0.0
c5f151f6-4b04-5706-8079-aa833642d659,Aaj Aur Kal,1947,"Hindi, Film",Khursheed Anwar,"Sohanlal Sahir, Zahir Kashmiri",Saregama,0.0
d2329866-9fd8-536d-849e-fd1a963cc477,Aap Ki Sewa Mein,1947,"Hindi, Film",Datta Davjekar,Mahipal,Saregama,0.0
3e2ea318-f172-5391-9664-38e8757a4f36,Ahinsa,1947,"Hindi, Film",C. Ramchandra,"Gopal Singh Nepali, Chhabi Kumar Mast",Young India Records,0.0
25d585b1-c085-5828-9bca-0e99ed5ea78f,Aisa Kyon,1947,"Hindi, Film",Anupam Ghatak,,Columbia Records/Saregama,0.0
3c30827f-cef2-5fff-b6ba-9531f592d5f5,Amar Asha,1947,"Hindi, Film",Shanti Kumar,"Kabil Amritsari, Kavi Nanak, Bankim Chandra Chatterjee",Saregama,0.0
f477bfab-bc56-580e-951e-eda9b845f856,Andho Ki Duniya,1947,"Hindi, Film",Vasant Desai,"Deewan Sharar, Behzad Lakhnavi, Khumar Barabankvi",Young India Records,0.0
5442c95a-7174-5905-be2b-a4c97d06456d,Angoor Bala,1947,"Hindi, Film",Ram Gopal,"Muzaffar Lakhnavi, Mister Shyam, Shewan Rizvi",Columbia Records,0.0
901d3563-17f7-590c-9cce-3c9450f528a4,Arsi,1947,"Hindi, Film","Lachhiram Tamar, Shyam Sundar",Sarshar Sailani,Saregama,0.0
7316ab17-20a2-5d30-b00d-d14b51830358,Bambi,1947,"Hindi, Film",Husnlal - Bhagatram,Qamar Jalalabadi,Columbia Records,0.0
1ce67b93-c47a-52f6-973f-959f486313d8,Beete Din,1947,"Hindi, Film","M.A. Rauf Osmania, Dinkar Rao","Pandit Phani, H. Tanvir",Columbia Records,0.0
e8dd56c6-ef6a-5c89-a329-d6dfdd11e8df,Bela,1947,"Hindi, Film",Bulo C. Rani,Deena Nath Madhok,Saregama,0.0
37054786-fd0b-5beb-9684-460250810010,Bhakt Ke Bhagwan,1947,"Hindi, Film",Channalal Thakur,"Kavi Mansavi Prantijwala, Kabil Amritsari",Saregama,0.0
c685f9df-ece0-5e2b-aae0-5a22ba3eca4b,Bhakta Dhruva,1947,"Hindi, Film",Shankar Rao Vyas,"Pandit Indra, Moti",Saregama,0.0
7d3beab7-58f4-53c6-90f4-8ac27540a0b6,Bhanwar,1947,"Hindi, Film",Khan Mastana,"Ehsan Rizvi, Baba Alam Siahposh, Shewan Rizvi",Columbia Records,0.0
9ab776c0-db92-518e-8a5b-ce8eaa257075,Bhookh,1947,"Hindi, Film",Anil Biswas,Safdar Aah,Columbia Records/Saregama,0.0
fabad278-6027-5578-aaf4-fc9e5dd57cfa,Bhool Na Jana,1947,"Hindi, Film",Khan Mastana,Waheed Qureshi,Saregama,0.0
80092f4c-fe54-5b5b-87f8-3b9f8b392a36,Bikhre Phool,1947,"Hindi, Film",Prakash Nath Sharma,,Columbia Records,0.0
425a9f0e-a2cd-5233-b60e-a98f9271afc9,But Tarash,1947,"Hindi, Film",Ghulam Haider,Ameen Gilani,Columbia Records,0.0
029c1643-2ead-579b-bc9e-14a2756a028e,Chalte Chalte (On The Way),1947,"Hindi, Film",Khemchand Prakash,Lalchand Bismil Peshawari,Saregama,0.0
ec96e553-b0bf-51ca-a4b3-59291d784950,Chheen Le Azadi,1947,"Hindi, Film",Hansraj Behl,Pandit Indra,Saregama,0.0
e5a6f6f2-62f2-5a09-9cc8-b8ac917ebdf0,Dak Bangla,1947,"Hindi, Film",Naresh Bhattacharya,Deena Nath Madhok,Saregama,3.0
c6b3ee41-89b6-55de-aa0d-89c902c527ff,Dard,1947,"Hindi, Film",Naushad Ali,Shakeel Badayuni,Saregama,3.5
96866200-dca9-50e2-ab25-237a54c166a5,Daulat Ke Liye,1947,"Hindi, Film",A.K. Prem,Zia Dehlvi,Twin Records,0.0
98b0daf3-213d-5621-9c85-ebaa4063a0a2,Dehati (Villager),1947,"Hindi, Film",Premnath,Rammurti Chaturvedi,Young India Records,0.0
d1929571-6e75-51c2-9c23-10f7d5eff101,Dekho Jee,1947,"Hindi, Film","Sabir Hussain - I, Tufail Faruqui",Wali Sahab,Saregama,0.0
86bd5627-79dd-53ba-8b1c-d0b1ecf62de6,Dil Ki Rani,1947,"Hindi, Film",S.D. Burman,"Yashodanandan Joshi, Harikrishna Premi",Saregama,0.0
3d4594b8-379c-59c8-b351-32bf5258943e,Divani,1947,"Hindi, Film",Gyan Dutt,"Shams Azimabadi, Shewan Rizvi",Saregama,0.0
ae0eb72b-4a58-5a27-b36a-20a78a851e84,Do Bhai,1947,"Hindi, Film",S.D. Burman,Raja Mehdi Ali Khan,Saregama,0.0
990ddfec-8eee-5cd2-9f8c-878c7c049802,Do Dil,1947,"Hindi, Film",Govind Ram,Deena Nath Madhok,Saregama,0.0
d0e3f4d5-c24c-51cf-ba3d-6abb38312f14,Doli,1947,"Hindi, Film",Ghulam Mohammed,"Nazim Panipati, Majrooh Sultanpuri",Columbia Records,0.0
d926a842-0013-5623-b421-366e0617c9f6,Doosri Shadi,1947,"Hindi, Film",Govind Ram,Ishwar Chandra Kapoor,Saregama,0.0
496a66f8-75b7-58e2-bbf7-ac44ed37deda,Duniya Ek Sarai,1947,"Hindi, Film",Hansraj Behl,Kedar Sharma,Columbia Records,0.0
e362e0c3-d3d2-54cc-a537-a8f9a841e7c1,Ek Kadam,1947,"Hindi, Film",Prakash Nath Sharma,Avtar Visharad,Columbia Records,0.0
06bd5b43-d459-5cf5-a98c-3994e906c38e,Ek Roz,1947,"Hindi, Film",Shyam Sundar,Sarshar Sailani,Saregama,0.0
8140ee14-7f8f-5a1f-9fc8-89f13978310c,Elan,1947,"Hindi, Film",Naushad Ali,Zia Sarhadi,Saregama,0.0
01730209-29a6-5689-b05b-e216bbbc625a,Faisla,1947,"Hindi, Film","Anupam Ghatak, Kamal Dasgupta","Pran - I, Faiyyaz Hashmi",Saregama,0.0
1e4a0833-efa0-5dd2-964e-c7db73716ace,Farz,1947,"Hindi, Film",K.S. Sagar,K.S. Sagar,Columbia Records,0.0
d7398f91-5bc1-5e99-903d-4cf960ad8209,Gaon,1947,"Hindi, Film",Khemchand Prakash,Deena Nath Madhok,Saregama,0.0
804c8640-1160-5f8c-8216-f82917b6277e,Gaurav,1947,"Hindi, Film",Shanti Kumar Desai,Saraswati Kumar Deepak,Saregama,0.0
08a589a7-b0ca-54b1-9133-8e676a2c3d8f,Geet Aur Aansoo,1947,"Hindi, Film",S. Mohinder,Surjit Sethi,Columbia Records,0.0
ab78f794-ff60-59fa-8d01-a4c428dcc7a1,Ghar Ki Bahu,1947,"Hindi, Film","Shanti Kumar Desai, R.C. Roy",Pandit Taresh,Saregama,0.0
56a23c63-7fa1-55f7-98ee-5a5cfeaf5c60,Giribala,1947,"Hindi, Film",Kamal Dasgupta,"Pandit Madhur, Faiyyaz Hashmi",Columbia Records/Saregama,0.0
a107b1c9-b633-55d0-a623-001afbe8e30c,Git Govind,1947,"Hindi, Film",Gyan Dutt,"Baalam Pardesi, Pandit Indra",Saregama,0.0
74a4a1ca-60f5-5bcd-b5f2-edd03e742ac6,Gul Bakawali,1947,"Hindi, Film","Firoz Dastoor, Bundu Khan","Munshi Shefta, Shaukat Hashmi",Saregama,0.0
5ed3ce7a-77b5-59c7-ad4b-6629d49730dc,Hatimtai,1947,"Hindi, Film",A. Kumar,G.R. Sethi,Saregama,0.0
1996e319-e8da-54dc-b16c-491236887cf4,Heera,1947,"Hindi, Film",Husnlal - Bhagatram,"Shams Lakhnavi, Qamar Jalalabadi",Saregama,0.0
52344367-e013-54ba-91de-847d356da38c,Intazar Ke Baad,1947,"Hindi, Film",Azeez Khan,C. Zaman,Saregama,0.0
3a38774b-0ffc-503f-bb82-a896ecdfc68a,Jadui Rattan,1947,"Hindi, Film",Chitragupt,"Behzad Lakhnavi, Kamla Kant",Twin Records,0.0
5a06c847-3413-5f07-a0c9-67bfb68f71c5,Jail Yatra,1947,"Hindi, Film",Neenu Majumdar,"Sajjan, Narendra Sharma, Rammurti Chaturvedi",Saregama,0.0
2cae428b-362d-59fc-b2b7-379d5e72b035,Jeevan Ka Saaz,1947,"Hindi, Film",Jhande Khan,Buniyaad,Columbia Records,0.0
b097c622-b1c7-535e-9190-68fa5553b457,Jugnu,1947,"Hindi, Film",Firoz Nizami,"M.G. Adeeb, Asghar Sarhadi",Columbia Records,0.0
24654a4b-cded-51a7-86ac-2ba2379f9d3f,Kasam (Oath),1947,"Hindi, Film",Sajjad Hussain,"Anjum Pilibhiti, Hameed Hyderabadi, Hameed - III",Young India Records,0.0
0a8d8731-e69c-5139-8acd-96fc89d330ac,Kaun Hamara,1947,"Hindi, Film",Bulo C. Rani,Pandit Indra,Columbia Records,0.0
b3901cab-050b-5d75-a99d-20360e31de07,Kaun Pardesi,1947,"Hindi, Film",Ali Hussain Muradabadi,Muztar Behzadi,Columbia Records,0.0
7fe40887-fa5a-5abe-b21e-00cf2571ada5,Kismatwali,1947,"Hindi, Film",Shyam Babu Pathak,C.M. Hunar,Twin Records,0.0
c81ed4df-31f1-578e-abd6-420bc92d08a4,Krishna Sudama,1947,"Hindi, Film",Shyam Babu Pathak,C.R. Bajaj,Columbia Records,0.0
ba190ed6-4097-595a-a8ea-23200b40ca75,Lakhon Mein Ek,1947,"Hindi, Film","Hansraj Behl, Bulo C. Rani",Pandit Indra,Columbia Records,0.0
f4b333c8-eb65-5dc3-a948-c9698b83c678,Leela,1947,"Hindi, Film",C. Ramchandra,"Qamar Jalalabadi, Gopal Singh Nepali",Saregama,0.0
6b23a818-14a5-5f4e-80f9-df778f59ccd5,Mahasati Tulsi Vrunda,1947,"Hindi, Film",Ram Ganguly,"Qamar Jalalabadi, Ishwarlal - II",Columbia Records,0.0
3b4cda60-36d6-5b7c-a051-80bc9445b6eb,Malika,1947,"Hindi, Film",Allah Rakha Qureshi,Tanveer Naqvi,Young India Records,0.0
457fefc9-dcb0-5c9f-b8ea-6b0c03661264,Manager,1947,"Hindi, Film",Ramkrishna Shinde,Kumar Sharma,Young India Records,0.0
5564d3d1-9e90-5680-a919-6d23f4c93a42,Manjhdhar,1947,"Hindi, Film","Ghulam Haider, Gyan Dutt, Anil Biswas",Shams Lakhnavi,Saregama,0.0
14c88e1f-00a9-54d7-a592-6c191cca3bb7,Manmani,1947,"Hindi, Film",Kamal Dasgupta,,Columbia Records,0.0
60216c0a-6442-5db1-bc76-3dafd60ac7f4,Matwala Shair Ramjoshi,1947,"Hindi, Film",Vasant Desai,"Behzad Lakhnavi, Niranjan Srivastava, Khumar Barabankvi, Narendra Sharma",Young India Records,0.0
a48c171b-5a8a-5739-b18d-f922e301c97c,Meera,1947,"Hindi, Film","S.V. Venkatraman, Naresh Bhattacharya, Ramnath",Meera Bai,Saregama,0.0
c4889f11-0b4d-5087-8b01-6f7ae1a19955,Meerabai,1947,"Hindi, Film",S.K. Pal,"Meera Bai, Bharat Vyas",Saregama,0.0
e23917c8-d340-5a68-a0ad-9014918e3dac,Mehandi,1947,"Hindi, Film",Ghulam Haider,"Sagar Nizami, Majrooh Sultanpuri",Saregama,0.0
183f1413-1cb5-5a9b-8b7a-fe6b3a50e093,Mera Suhag,1947,"Hindi, Film",Khemchand Prakash,"Narendra Sharma, Qamar Jalalabadi",Saregama,0.0
f1408c56-2c51-57d8-82ef-74c19f3544ab,Mere Bhagwan,1947,"Hindi, Film",Sajjad Hussain,"Sajjad Hussain, Harikrishna Premi, Anjum Pilibhiti, Shewan Rizvi",Saregama,0.0
139003a8-00a3-54d9-b04c-9817d4ec3f27,Meri Amanat,1947,"Hindi, Film",Shridhar Parsekar,"Amar Varma, Niranjan Srivastava",Saregama,0.0
5f14a264-8a62-5b17-b1b4-fdc9400fbe65,Mirza Sahiban,1947,"Hindi, Film","Husnlal - Bhagatram, Pandit Amarnath","Qamar Jalalabadi, Aziz Kashmiri",Columbia Records,4.0
aed2cf63-52e9-5e38-b041-248c40b34427,Mitti,1947,"Hindi, Film","Lal Muhammad, Paigankar","Mahir Ul Qadri, Nazim Panipati, Qamar Jalalabadi",Saregama,0.0
806fd982-60ea-503b-80e8-a316e03e0878,Mohan,1947,"Hindi, Film",Husnlal - Bhagatram,Qamar Jalalabadi,Saregama,0.0
477b2d15-5790-52e9-82f3-437a80cfbd61,Mohini,1947,"Hindi, Film",Lachhiram - Bhai Lal,"Bekal, Sarshar Sailani, Raj Hashmi",Saregama,0.0
031a0a79-9846-5641-b8a5-db7c898c696d,Mulaqat,1947,"Hindi, Film",Khemchand Prakash,"Dil Lakhnavi, Qamar Jalalabadi",Saregama,0.0
1d09fb35-32b1-5cf1-a98c-e573ff416ed9,Naiya,1947,"Hindi, Film","A.R. Qureshi, Anil Biswas",Aslam Noori,H.M.V.,0.0
33e5866d-716d-5a03-a86c-82750ccd098a,Namak,1947,"Hindi, Film","Naresh Chandra - I, Shyam Babu Pathak",Indeevar,Saregama,0.0
780396c3-c103-55c0-85f6-33320d181cb4,Natak,1947,"Hindi, Film",Naushad Ali,"Khumar Barabankvi, Majrooh Sultanpuri, Shakeel Badayuni",Saregama,0.0
ddd7f4d0-40b9-5b6d-a4a8-8ddeea04ab9b,Nateeja,1947,"Hindi, Film",Rasheed Attre,Nakhshab Jarchvi,Saregama,0.0
bb144cf9-7c9e-5d71-a319-db9736fade2a,Neel Kamal,1947,"Hindi, Film",B. Vasudev,Kedar Sharma,Saregama,0.0
19261179-4fa4-5156-a322-c7f08e8b71b2,Pagdandi,1947,"Hindi, Film","Khursheed Anwar, Pandit Amarnath",Deena Nath Madhok,Columbia Records,0.0
9b92132f-3ce8-5833-ae38-d45b4fd74583,Parwana,1947,"Hindi, Film",Khursheed Anwar,Deena Nath Madhok,Hindustan Records/Saregama,3.5
c7fe9747-1b86-556e-aeca-482712dfa5bf,Pati Seva,1947,"Hindi, Film",Gulshan Sufi,Waheed Qureshi,Saregama,0.0
45317f17-377c-5852-ba4b-94c5295743e1,Pehla Pyar,1947,"Hindi, Film",Premnath,"B.R. Sharma, Baalam Pardesi, Ishwar Chandra Kapoor",Saregama,0.0
d245d650-6d9d-5f4c-86f3-0576234c06fe,Pehli Pehchan,1947,"Hindi, Film","Bulo C. Rani, Hansraj Behl",Pandit Indra,Saregama,0.0
35dfe028-8f08-51d6-8f6f-dfea7d1e0405,Rangeen Kahani,1947,"Hindi, Film",Firoz Nizami,Waheed Qureshi,Columbia Records,0.0
29a38c00-7d6e-527a-9b94-51913ac491c9,Rasta,1947,"Hindi, Film",Zafar Khursheed,"Raziuddin, Arsh Haidari",Saregama,0.0
0544f437-4075-5b5d-8252-05b3dbef4287,Renuka,1947,"Hindi, Film",Sardar Malik,Qamar Jalalabadi,Saregama,0.0
26150264-d5e8-51fb-9228-c6ccc8997591,Romeo And Juliet,1947,"Hindi, Film",Husnlal - Bhagatram,"Faiz Ahmed Faiz, Manohar Khanna, Jigar Moradabadi, Majrooh Sultanpuri, Akhtar Shirani",Saregama,0.0
32ec06e1-3f20-5482-a3cd-8610cd18578e,Saajan,1947,"Hindi, Film",C. Ramchandra,"Rammurti Chaturvedi, Moti, Qamar Jalalabadi",Saregama,0.0
411fd799-a325-5550-aff6-b356c0a91775,Sajni (Beloved),1947,"Hindi, Film","L. Amar, Afzal Lahori",M. Razi Banarsi,Saregama,3.0
fce8eef5-c441-537a-8ebc-ff32d74776b8,Samaj Ko Badal Dalo,1947,"Hindi, Film",Khemchand Prakash,"Roopdas, Qamar Jalalabadi",Saregama,0.0
99f1852c-ccda-5ea1-af1c-50a108e0810d,Samrat Ashok,1947,"Hindi, Film",Gyan Dutt,Shams Lakhnavi,Columbia Records,0.0
10ef7f79-fb03-5824-a31c-31d1eb7a02ef,Sati Toral,1947,"Hindi, Film","Hari Prasanna Das, Manna Dey",,Columbia Records,0.0
af9711d9-b222-5301-a56c-f8b807c131c7,Seedha Rasta,1947,"Hindi, Film",S.K. Pal,Amar Varma,Saregama,0.0
b406beb4-2e67-5e99-a5e8-ad0582ffca0f,Seva Gram,1947,"Hindi, Film",Khirod Chandra Bhattacharya,Pankaj - III,Saregama,0.0
0f237a72-ca78-5d32-ad71-6ca114d1ec0b,Shadi Se Pahale,1947,"Hindi, Film","Paigankar, Karnad",Mukhram Sharma,Saregama,0.0
48c3525b-6240-51c5-8165-1f530df79c42,Shahkar,1947,"Hindi, Film",K. Datta,Arzoo Lakhnavi,Columbia Records,0.0
c64b7a69-9dec-51ef-a4e6-4d894628ac6f,Shahzadi,1947,"Hindi, Film",S.K. Pal,Josh Malihabadi,Twin Records,0.0
b0065494-b036-59b3-9896-0ccf1670219f,Shanti,1947,"Hindi, Film",B.S. Thakur,Shakeel Badayuni,Saregama,0.0
8e675dcd-9230-5c8c-b46e-9bd81ca333fc,Shehnai,1947,"Hindi, Film",C. Ramchandra,Pyarelal Santoshi,Saregama,4.0
0722d56e-dcc9-5de0-ba0f-c5b6deb3a5cb,Shikarpuri,1947,"Hindi, Film",Mohammed Shafi,A. Shah Azeez,Columbia Records,0.0
7b83b5a3-9094-5916-9a6b-7e96174fa9d8,Sindoor,1947,"Hindi, Film",Khemchand Prakash,"Neelkanth Tiwari, Qamar Jalalabadi, Kishore Sahu, Moti, Ambikesh Kuntal",Saregama,0.0
ba83bdd4-66f6-59d8-a9a8-2c1e21845ffc,Tohfa,1947,"Hindi, Film",M.A. Rauf Osmania,"Nazeer Hyderabadi, Aghajani Kashmeri, Arzoo Lakhnavi, Saqib Lakhnavi, Shant Arora, Rafiq Ghaznavi",Saregama,0.0
bedb2ad5-51e3-506e-99b5-3caad7079931,Tum Aur Main,1947,"Hindi, Film",Robin Chatterjee,Munshi Zakir Hussain,Megaphone/Saregama,0.0
64ec0784-18e6-5065-a1c1-eb47526759c7,Utho Jago,1947,"Hindi, Film","Azeez Khan, Ibrahim - II",,Saregama,0.0
7f4b9462-d565-5b7c-9e87-84ce7f9951e2,Veerangana,1947,"Hindi, Film","Hari Prasanna Das, Manna Dey",,Columbia Records,0.0
554b6576-1574-5f68-8245-1cb8b29f195c,Woh Zamana,1947,"Hindi, Film",Bulo C. Rani,"Pandit Indra, Sharma",Columbia Records,0.0
a5288ab7-1072-5d28-9a76-be99c2916c5d,Zanjeer,1947,"Hindi, Film",Krishna Dayal,"Pandit Phani, Rajendra Krishan, Lalchand Bismil, Pandit Gaafil",Columbia Records,0.0
2852d3e8-1c5f-536c-8c8b-b2fad880f91a,Aag,1948,"Hindi, Film",Ram Ganguly,"Behzad Lakhnavi, Saraswati Kumar Deepak, Majrooh Sultanpuri",Saregama,3.0
0b5aa919-4b79-59ba-9f7b-c82375169ad0,Aaj Ki Raat,1948,"Hindi, Film",Husnlal - Bhagatram,Rajendra Krishan,Saregama,3.0
5e44bc07-6587-5005-adcd-954f7098066b,Aap Biti,1948,"Hindi, Film",Hari Bhai,Hasrat Lakhnavi,Saregama,0.0
3ecee1c0-3744-5200-995c-40ce706c2dd2,Actress,1948,"Hindi, Film",Shyam Sundar,"Nakhshab Jarchvi, Raja Mehdi Ali Khan, Pyarelal Santoshi",Saregama,0.0
fd8ca300-7160-59b6-9458-d67fec9aab5c,Adalat,1948,"Hindi, Film",Datta Davjekar,"Narendra Sharma, Mahipal",Saregama,0.0
cefb12c8-1dcc-593c-b645-e7fde5a81ea3,Ajamil,1948,"Hindi, Film",Master Mohan Junior,S.P. Tripathi,Young India Records,0.0
de9adee8-c4bb-5740-b044-d25695230e28,Amar Prem,1948,"Hindi, Film",Dutt Thakur,Mohan Mishra,Saregama,0.0
27bfa909-8c91-52ab-a7b0-cfe0f1cd7ee1,Andhon Ka Sahara,1948,"Hindi, Film",Shridhar Parsekar,Kesharinath Vaidya,Saregama,0.0
c74f5177-e616-569d-bae9-a347ffd1ef2c,Anjana,1948,"Hindi, Film",D.C. Dutt,"Bharat Vyas, Vishwamitra Adil",Saregama,0.0
69584606-11f1-5da9-9d27-811ecb760e70,Anjangarh,1948,"Hindi, Film",Rai Chand Boral,"Ramesh Pandey, Pandit Bhushan",Hindustan Records/Saregama,0.0
a22e18cc-2054-5d14-9a02-243c7827da85,Anjuman,1948,"Hindi, Film",Bulo C. Rani,Majrooh Sultanpuri,Columbia Records,0.0
6dc9312f-1b5a-5be0-97b8-a5b02742ae6d,Anokha Pyar,1948,"Hindi, Film",Anil Biswas,"Shams Azimabadi, Zia Sarhadi, Gopal Singh Nepali, Behzad Lakhnavi",Saregama,4.0
7ece54f5-2f27-5c43-b12d-6034b12db460,Anokhi Ada,1948,"Hindi, Film",Naushad Ali,"Anjum Pilibhiti, Shakeel Badayuni",Saregama,0.0
112e6af1-9c10-5f47-8e28-59b41468727e,Asha,1948,"Hindi, Film",Khemchand Prakash,L. Meghani,Saregama,0.0
1c98268e-873f-5f81-9512-99afbc1ca8d0,Azadi Ki Raah Par (Swatantrata Ke Path Par),1948,"Hindi, Film",G.D. Kapoor,"Sahir Ludhianvi, Ram Prasad Bismil, Shyam Lal Gupta",Saregama,0.0
ffd4b39f-2160-5b2f-8536-0ffdd7c76a79,Bahadur Jeevan,1948,"Hindi, Film",Nandram Omkarji,"Munshi Shyam, Pandit Phani",Twin Records,0.0
d22eb161-b8b3-5f9c-8ac7-3a7c3008e50e,Banjarey,1948,"Hindi, Film",Anupam Ghatak,Munshi Zakir Hussain,,0.0
3c7a927e-8aee-53b7-94ed-6b8bf3f7a874,Banwasi,1948,"Hindi, Film",Ram Ganguly,Narendra Sharma,Saregama,0.0
9234b041-952f-55c6-af7e-ebc60ff52670,Bapu Ki Amar Kahani,1948,"Hindi, Non Film",Husnlal - Bhagatram,Rajinder Krishan,Saregama,4.0
5f2f0501-7949-5543-931a-c05eae049807,Barsaat Ki Ek Raat,1948,"Hindi, Film",Ghulam Haider,"Deena Nath Madhok, Shaukat Thanvi, Mulkraj Bhakri",Saregama,0.0
4ad05dc6-2187-5444-a365-de82481d6878,Bhakta Gopal Bhaiya,1948,"Hindi, Film",Shankar Rao Vyas,Ramesh Gupta,Young India Records,0.0
21347233-1a72-5945-b76e-502bd78a9dbf,Bhool,1948,"Hindi, Film",Purushottam,Firoz Jalandhari,Saregama,0.0
a7f93582-d3dd-577c-a5eb-ec5388d046c9,Bichhade Baalam,1948,"Hindi, Film",Bulo C. Rani,Pandit Indra,Saregama,0.0
aadced64-dab4-5226-acb9-118d38b9bf70,Bihari,1948,"Hindi, Film","Naresh Bhattacharya, Ramkrishna Shinde","Kashyap, Hakeem Ashraf, Kumar Sharma, Munshi Farog",Columbia Records,0.0
1ec147af-da67-53e0-8fdf-816e320d4313,Birhan,1948,"Hindi, Film",Lachhiram Tamar,"Bekal, Sarshar Sailani",Columbia Records,0.0
3fa971c6-210b-54e0-bd45-011992c5c113,Chand Sitare,1948,"Hindi, Film",Premnath,"Ishwar Chandra Kapoor, Aziz Kashmiri",Saregama,0.0
ad3ae2a1-5eeb-502d-ac46-2f1e8bacf27f,Chanda Ki Chandni,1948,"Hindi, Film",Gyan Dutt,Deena Nath Madhok,Saregama,0.0
40f207dd-912a-5453-8d41-b0fc83e79761,Chandralekha,1948,"Hindi, Film","S. Rajeswara Rao, Balkrishna Kalla, R. Vaidyanathan","Pandit Indra, Bharat Vyas",Saregama,0.0
891c9b06-6d51-5a20-9b5c-9778d085c1a8,Chandrashekhar,1948,"Hindi, Film",Kamal Dasgupta,Pandit Madhur,Saregama,0.0
b52f3852-0be5-5941-afd9-488042164fae,Chunaria,1948,"Hindi, Film",Hansraj Behl,"Mulkraj Bhakri, B.R. Sharma",Saregama,0.0
15a1d039-8c06-5a65-9550-78a2c1d87155,Chupke Chupke,1948,"Hindi, Film",S.D. Batish,"Tufail Hoshiyarpuri, Walker Pandey",Saregama,0.0
cf48cc5c-8fae-599c-b315-c733fcdce5e1,Desh Seva,1948,"Hindi, Film",Allah Rakha Qureshi,Pandit Anuj,,0.0
2c755a33-ba96-55a1-b4b8-8edd664c3498,Dhanyavad,1948,"Hindi, Film",Allah Rakha Qureshi,Sajjan,Young India Records,0.0
0eb070e6-899b-5812-bd8f-e29dd5a0c7c3,Didi,1948,"Hindi, Film",Mukund Masurekar,"Indeevar, Saraswati Kumar Deepak",Saregama,0.0
bb0615f1-4c70-539d-8d65-d8485b58a0f4,Dukhiyari,1948,"Hindi, Film",Gyan Dutt,F.M. Kaiser,Saregama,0.0
1837e7d3-74a3-5d28-8f09-248a0be5d77a,Duniyadari,1948,"Hindi, Film","Moti Nath, Afzal Lahori","Waheed Qureshi, Panna Kapoor",Saregama,0.0
c2dbd4f7-9c36-5887-a226-13fb5086e5ca,Ek Aurat,1948,"Hindi, Film","Gopen Mallik, Harbaksh Singh",B.M. Sharma,Saregama,0.0
09c1658f-68f3-5f7c-8892-6a16e0695f72,Gajre,1948,"Hindi, Film",Anil Biswas,Gopal Singh Nepali,Saregama,3.0
9294e176-2382-51c8-8a27-75d0b167e8cf,Ghar Ki Izzat,1948,"Hindi, Film","Govind Ram, Sunder Das","Ishwar Chandra Kapoor, D.N. Madhok",Saregama,0.0
ff87714e-d042-5eca-a96b-2bc03c0536bd,Gopinath,1948,"Hindi, Film",Neenu Majumdar,"Surdas, Meera Bai",Saregama,0.0
2567c1bb-0191-5224-94f8-64a21179af3a,Grahasti,1948,"Hindi, Film",Ghulam Mohammed,"Waheed Qureshi, Shakeel Badayuni",Columbia Records,0.0
5edbe984-f8d8-525e-8722-dad72b8724eb,Gunjan,1948,"Hindi, Film",Ashok Ghosh,"S.R. Saaz, Brajendra Gaud, Saraswati Kumar Deepak",Saregama,0.0
ad0c8a04-030d-5d0e-af4d-aed77214df8a,Gunsundari,1948,"Hindi, Film","Hansraj Behl, Bulo C. Rani, Avinash Vyas","Pandit Indra, Sharma",Saregama,0.0
465eb4d6-689b-5009-87d3-e46138d345f9,Hamari Kahani,1948,"Hindi, Film",Hemant - III,Banvasi,HMV Records,0.0
f910a714-26f4-52de-82af-2dd402923f1c,Hamraz,1948,"Hindi, Film",Shankar Lal,"Shyam Hindi, Kamran Momin",HMV Records,0.0
16dae61a-5346-527f-a7fe-0dbddff4854b,Heer Ranjha,1948,"Hindi, Film","Sharmaji - Varmaji, Azeez Khan, Traditional","Wali Sahab, Amir Khusro",Saregama,0.0
70eb6f6a-19e5-5916-9418-8866e17b46df,Hip Hip Hurray (Choubeji),1948,"Hindi, Film",Hanuman Prasad,"Moti, Gopal Singh Nepali",Young India Records,0.0
0a0b8f6f-a24d-5194-89c6-4f779acc8689,Hua Savera,1948,"Hindi, Film",Gyan Dutt,Bhagwati Prasad Bajpai,Saregama,0.0
b677b224-f1a7-55e2-8508-9d516c26f91e,Hum Bhi Insaan Hain,1948,"Hindi, Film","H.P. Das, Manna Dey",Gopal Singh Nepali,Saregama,0.0
8050891c-ae5a-5870-b8e9-529243d89f0e,Jai Hanuman,1948,"Hindi, Film",Bulo C. Rani,"Pandit Indra, Lakshmanacharya",Saregama,0.0
468404f0-2b33-593c-a2b6-c1dbb7a027dc,Jalan,1948,"Hindi, Film",Anna Saheb,Ehsan Rizvi,Saregama,0.0
7a8cfb1d-e550-5da0-90fe-eb54d73e3a37,Jalsa,1948,"Hindi, Film",Ram Ganguly,Ramesh Gupta,Saregama,0.0
7ed4a6b7-5ccb-5dd5-89fb-00746a671736,Jeene Do,1948,"Hindi, Film","Shaukat Hussain Dehlvi, D.V. Gadkar",Shewan Rizvi,Saregama,0.0
01415ab5-aeca-59b5-80c3-c42c80d0ad1b,Jhoothi Kasmen,1948,"Hindi, Film",G.A. Chishti,"Jameel Mazhari, G.A. Chishti",Columbia Records,0.0
db01dd0b-f7df-5554-8d51-c767031547d4,Kajal,1948,"Hindi, Film",Ghulam Mohammed,"Deena Nath Madhok, Shakeel Badayuni",Saregama,3.0
113bbb92-f7c7-551b-8f36-7c5ddd88be7e,Khidki,1948,"Hindi, Film",C. Ramchandra,Pyarelal Santoshi,Columbia Records,0.0
fe46b80e-503e-5516-a53f-164bda082951,Kuchh Naya,1948,"Hindi, Film",Neenu Majumdar,"Meerabai, Amir Khusro",Columbia Records,0.0
fa06d4cc-9c7d-55b9-a145-bfe43e581487,Kyun Pheri Nazar Dekho Toh Idhar,1948,"Hindi, Non Film",Naushad,Anjum Pilibhiti,Saregama,3.0
0b87e596-764b-59d3-a911-f302e25ca37a,Lakhpati,1948,"Hindi, Film",Husnlal - Bhagatram,Qamar Jalalabadi,Saregama,0.0
ed00570e-f678-5403-9571-d3b6d8d6cab9,Lal Dupatta,1948,"Hindi, Film",Gyan Dutt,"Deena Nath Madhok, M.L. Khanna, Shams Lakhnavi, Shewan Rizvi",Saregama,0.0
f16ade2b-196b-5cb6-8caa-1f971f480f20,Majboor,1948,"Hindi, Film",Ghulam Haider,Nazim Panipati,Saregama,0.0
1e02d3e5-ae5e-5d70-abc5-404829c055ef,Mala The Mighty (Shere Jungle),1948,"Hindi, Film",Chitragupt,Shyam Hindi,,0.0
e5e232c9-5ce9-5644-ab93-fc065aedd837,Mela,1948,"Hindi, Film",Naushad Ali,Shakeel Badayuni,Saregama/Twin Records/Columbia Records,0.0
5cb921a0-a260-51c1-a465-68cad7d11cfc,Mera Munna,1948,"Hindi, Film",C. Ramchandra,Qamar Jalalabadi,Saregama,0.0
f4034c04-b88f-5aa6-b086-adae219c574d,Mere Lal,1948,"Hindi, Film",Purushottam,Mahipal,Saregama,0.0
3a53c958-4f86-5d40-a2be-f30d8f335130,Meri Bhabhi,1948,"Hindi, Film",R.A. Paijankar,Gulshan Jalalabadi,Saregama,0.0
8af97278-636c-525d-bb1c-cdc6db5ab90d,Meri Kahani,1948,"Hindi, Film",Datta Korgaonkar,"Zia Sarhadi, Nakhshab Jarchvi, Anjum Pilibhiti, Waheed Qureshi",Saregama,0.0
25145e4b-69c7-5789-b369-88bda463bd54,Mitti Ke Khilone,1948,"Hindi, Film","Bulo C. Rani, Hansraj Behl","B.R. Sharma, Pandit Indra",Columbia Records,0.0
9a79df12-39ca-541a-a5ea-6f70af457a41,Naao,1948,"Hindi, Film",Gyan Dutt,Deena Nath Madhok,Saregama,0.0
98f94f50-05a3-5dec-80be-28c06fa6dcb8,Nadiya Ke Paar,1948,"Hindi, Film",C. Ramchandra,Moti,Saregama,0.0
2fda5b15-e15a-599b-a798-b00b8b67ffa1,Nai Reet,1948,"Hindi, Film",S.K. Pal,"Ratan Kumar Gupta, Bal Krishna Gupta",Saregama,0.0
594bec59-12a6-565b-a34b-29f31f7bf256,Nek Dil,1948,"Hindi, Film","Asghar, Mohammed Hussain",,Saregama,0.0
6d555a85-7ced-591a-9415-321d48d96cf8,O Janewale,1948,"Hindi, Film",Ali Hussain Muradabadi,"S. Sardesai, Kaifi, Mustafa - II",Columbia Records,0.0
3c68ac9e-0ed5-57c8-b4b5-34a22c220133,Oonch Neech,1948,"Hindi, Film",Pankaj Mullick,Ramesh Pandey,New Theatres/Saregama,0.0
78432c4c-1df6-5025-98f0-0c8f2b2715c6,Padmini,1948,"Hindi, Film",Ghulam Haider,Wali Sahab,Saregama,0.0
5f90c55b-8ecb-519f-9541-012fd0421dd1,Papiha Re,1948,"Hindi, Film",Dhaniram,Mulkraj Bhakri,Saregama,0.0
402bd3bc-e6e4-587a-aca4-27adbcacabfc,Parai Aag,1948,"Hindi, Film",Ghulam Mohammed,"Tanveer Naqvi, Akhtar-Ul-Iman",H.M.V.,0.0
5e54c14d-f3a2-51b9-9f49-4d5a6e2e83ec,Parbat Ki Rani,1948,"Hindi, Film",Master Ibrahim,A. Karim,,0.0
d70e1c9c-57e9-5f23-bada-5ae836e2459d,Pardesi Mehaman,1948,"Hindi, Film",Hansraj Behl,Pandit Indra,Saregama,0.0
010760af-7abc-577e-abcd-5d5953d2ba54,Patjhad,1948,"Hindi, Film","Ghulam Haider, S.D. Batish",Deena Nath Madhok,Columbia Records,0.0
cda750e6-c2ab-52a3-a0cb-f30604840b67,Phool Aur Kante,1948,"Hindi, Film","Dada Chandekar, Girdhar Sharma - I","Vishwamitra Adil, Saraswati Kumar Deepak",HMV Records,0.0
1fa91525-a79b-5c35-82d2-932d16af0c6e,Pugree,1948,"Hindi, Film",Ghulam Mohammed,"Shakeel Badayuni, Rajendra Krishan",Columbia Records,0.0
ef5a01e2-f26e-5cd4-b0f6-6af5af8f5730,Pyar Ki Jeet,1948,"Hindi, Film",Husnlal - Bhagatram,"Qamar Jalalabadi, Rajendra Krishan",Saregama,3.33
6c5fa6aa-04f4-5320-b0c9-e87f727b7e9a,Raees,1948,"Hindi, Film",Manohar Arora,Qaiser Sabai,Saregama,0.0
de551d55-6b56-5a28-ae7f-bf5f2d98630e,Rahnuma,1948,"Hindi, Film",Dhumi Khan,"Habeeb Sarhadi, Dhumi Khan",Columbia Records/Saregama,0.0
3e3eacd4-23a6-58e7-a9fb-2d6e43d748b2,Rambaan,1948,"Hindi, Film",Shankar Rao Vyas,"Pandit Indra, Neelkanth Tiwari, Moti",Saregama,0.0
4efaa8a8-9c9d-5f7b-8034-bc31dfe10e01,Rang Mahal,1948,"Hindi, Film","K. Datta, V.A. Balsara",Shiv Kumar - I,Saregama,0.0
ed086448-a70c-5510-a965-e1c57370b765,Rangeen Zamana,1948,"Hindi, Film",Govind Ram,Pandit Phani,Saregama,0.0
c7d04640-29e8-5b4d-9cc9-6edb1776e2ed,Rashid Dulhan,1948,"Hindi, Film",Ghulam Mohammed,Umar Ansari,HMV Records,0.0
bf363d5b-0c73-51c8-8fc0-a7d74411fcaf,Reet,1948,"Hindi, Film",S.D. Batish,,HMV Records,0.0
6b463ef8-2b5d-5697-bbf0-b62412df3124,Refugee (Sharanarthi),1948,"Hindi, Film",Ajit Merchant,Pandit Phani,Twin Records,0.0
6e0429f6-eb0c-5f7f-abe1-3cf6f2e918b8,Roop Rekha,1948,"Hindi, Film","Pandit Amarnath, S.D. Batish, Ravi Roy Chowdhury, Vidyanath Seth","Harikrishna Premi, Pritam Ziai, Devraj Dinesh",Columbia Records/Saregama,0.0
27584fe0-6011-543a-9c67-dc9d5b490218,Rupaye Ki Kahani,1948,"Hindi, Film",Mohammed Aslam,Pandit Phani,Saregama,0.0
29d584e0-aa4b-5879-bb5f-01a2b05257cc,Sagar Tarang,1948,"Hindi, Film",Payami,Baalam Pardesi,HMV Records,0.0
1b3910f1-494d-5904-80cc-fa7d48100214,Sajan Ka Ghar,1948,"Hindi, Film",K.S. Sagar,Saraswati Kumar Deepak,Saregama,0.0
f33fa1f8-662a-5024-a677-997101f44db6,Satyanarayan,1948,"Hindi, Film",Hansraj Behl,"Pandit Indra, Sevak, Surjit Sethi, Madhukar - III",Saregama,0.0
e93c3374-5292-50cc-9cbb-27f25532a238,Seeta Swayamber,1948,"Hindi, Film",Sudhir Phadke,Amar Varma,Saregama,0.0
8dc4b716-91b1-513b-9a1c-9bce7d9bb59e,Sehra,1948,"Hindi, Film",S. Mohinder,"Surjit Sethi, S. Pratap, Bhagwat Dutt Mishra",Saregama,0.0
ef4c8b7f-55d2-53d2-a606-d3dce4089bed,Shaheed,1948,"Hindi, Film",Ghulam Haider,"Raja Mehdi Ali Khan, Nakhshab Jarchvi, Qamar Jalalabadi",Saregama,4.0
25e06df0-1810-5e4a-b60f-7c06b43f25c4,Shahnaz,1948,"Hindi, Film",Amirbai Karnataki,"Akhtar Pilibhiti, Ameer Usmani Deobandi, Fiza Kausari Bangalori, Arshi Ajmeri, Dukhi Premnagri",Saregama,0.0
0fc64b77-38a3-5b95-80fb-0c382a0404cc,Shakti,1948,"Hindi, Film","Ram Prasad, Azam Baig",Asad Jafri,Saregama,0.0
2ec66cdd-94ac-5dd7-83df-8f68fb07caf4,Shauhar,1948,"Hindi, Film",Masood - III,"Sadiq Ali Khan, Arzoo Lakhnavi",Saregama,0.0
5cf9f55f-b84a-59b5-966a-76e752985d57,Shikayat,1948,"Hindi, Film",Rasheed Attre,Ibrahim Khan Momin,Saregama,0.0
016d6745-f1f3-500b-8fbe-5a3324fd55dd,Shri Ram Bhakta Hanuman,1948,"Hindi, Film",S.N. Tripathi,"B.D. Mishra, Pandit Indra, Lakshmanacharya",Young India Records,0.0
10dd3cd3-0367-52a2-8a13-c4c5a8a17535,Sohag Raat,1948,"Hindi, Film",Snehal Bhatkar,"Kedar Sharma, Amir Khusro",Saregama,0.0
fd935d8c-2205-5bdc-a124-664ae84651c3,Sona (Gold),1948,"Hindi, Film",Vasant Desai,"Nakhshab Jarchvi, Majrooh Sultanpuri",Saregama,0.0
8f836f33-e2e4-5a29-8826-325831247a08,Tigress,1948,"Hindi, Film",Chitragupt,C.M. Hunar,,0.0
d6b7e85d-39f4-502b-a254-8f6bc6ca9ea7,Toote Tare,1948,"Hindi, Film",Shaukat Ali,"Anjum Pilibhiti, Rafeeq Ajmeri, Muztar Khairabadi",Saregama,0.0
e523d483-995b-5a98-80c8-eed66bd0fb87,Veena,1948,"Hindi, Film",Anil Biswas,"Prem Dehlvi, Narendra Sharma, Swami Ramanand Saraswati",Saregama,0.0
dc6585ea-4b67-542e-b04b-fd12fb23b75e,Vidya,1948,"Hindi, Film",S.D. Burman,"Yashodanandan Joshi, Shanti Swaroop Madhukar, Anjum Pilibhiti, Raja Mehdi Ali Khan",Saregama,0.0
0d2ae945-2d67-598e-b076-000fbbf2c2b9,Ziddi,1948,"Hindi, Film",Khemchand Prakash,"Prem Dhawan, Nakhshab Jarchvi, Professor Jazbi, Raja Mehdi Ali Khan",Saregama,3.0
9acf139e-e735-5e83-a593-cb960e3cb331,Aanch,1949,"Hindi, Film",M.I. Gill,"Bahar Ajmeri, Akhtar Lahori, Syed Bakar",HMV Records,0.0
4330896e-39df-5479-93ea-c7730fa297b1,Aeeye,1949,"Hindi, Film",Shaukat Haidri,"Nakhshab Jarchvi, S.H. Bihari",HMV Records,0.0
a3575047-74c0-5aaa-8c0f-a85ffc11b0e7,Ahinsa Path,1949,"Hindi, Film",Harish Bhardwaj,Aruna - II,H.M.V.,0.0
16948add-b80a-5588-b048-0d41b545cf3b,Amar Kahani,1949,"Hindi, Film",Husnlal - Bhagatram,Rajendra Krishan,HMV Records,3.67
bc95b9ca-4543-5bc0-b601-c700db20ae07,Andaz,1949,"Hindi, Film",Naushad Ali,Majrooh Sultanpuri,HMV Records,3.5
ea32a44a-b4c3-5ef1-8342-94cb8495ef86,Anjali,1949,"Hindi, Film",Murari Sharma - I,Ram Priyadarshi,Columbia Records,0.0
ae19543e-e9a3-5da4-a183-72d30e1a6446,Anmol Moti,1949,"Hindi, Film",Ram Ganguly,Ramesh Gupta,HMV Records,0.0
2d95f956-71c6-507c-8da9-c76d3fda0f6b,Anyaya (Injustice),1949,"Hindi, Film","Ram Prasad, Saraswati Devi, Anil Biswas","J.S. Kashyap, Bharat Vyas, Narendra Sharma",HMV Records,0.0
ccf98b19-700a-594d-bdda-ab982b60958e,Aparadhi,1949,"Hindi, Film",Sudhir Phadke,Amar Varma,HMV Records,0.0
09c40770-81c0-5399-96ab-b68de5fc31a8,Apna Desh,1949,"Hindi, Film",Purushottam,"Deewan Sharar, Mirza Ghalib",HMV Records,0.0
e4a59d94-a706-5948-92c1-f44805d86c50,Apradh (Samaj Ki Bhool),1949,"Hindi, Film",Mahabir Prasad,"Shafi Javed, Jai Kishore Gupta, Rustam K. Inayati",Columbia Records,0.0
faa21d1e-cd7b-56d5-908d-41b8f91dfde3,Azad,1949,"Hindi, Film",A.K. Prem,"Zia Dehlvi, Shamim Akhtar",HMV Records,0.0
41957cae-2eae-5a1a-8340-81a2b933c9dc,Bachke Rehna,1949,"Hindi, Film",Anna Saheb,Ehsan Rizvi,HMV Records,0.0
ff972fec-998b-55f5-a1ed-8d48de855b43,Balam,1949,"Hindi, Film",Husnlal - Bhagatram,Qamar Jalalabadi,HMV Records,0.0
39de534a-8e4e-51e8-9251-65a7b1d193cc,Banoo,1949,"Hindi, Film",Ram Prasad,"Kamil Rashid, Sagar Nizami",,0.0
80261efc-8975-52a3-b8a9-2f81a5729cb4,Bansaria,1949,"Hindi, Film",Husnlal - Bhagatram,Mulkraj Bhakri,Columbia Records,0.0
244ad81d-122c-563e-ae3f-63d63d4a3407,Bari Behen,1949,"Hindi, Film",Husnlal - Bhagatram,"Qamar Jalalabadi, Rajendra Krishan",HMV Records,4.25
00d6c0f0-8527-587a-8499-d0684665237e,Barsaat,1949,"Hindi, Film",Shankar - Jaikishan,"Iqbal Hasrat Jaipuri, Shailendra, Ramesh Shastri, Jalal Malihabadi",H.M.V.,5.0
87da382e-37c0-5839-b8ff-374c01053602,Basant Panchami,1949,"Hindi, Film",Inayat Ali,Zahir Kashmiri,Columbia Records,0.0
7a516879-bce5-507f-bb8f-97a344b4cd6e,Batohi,1949,"Hindi, Film",S.K. Pal,"Bharat Vyas, Vishwamitra Adil, Ratan Piya, Bharti Devi",Columbia Records,0.0
d19024a3-92d7-54ac-9647-88b6b21e1d8b,Bazar,1949,"Hindi, Film",Shyam Sundar,Qamar Jalalabadi,H.M.V.,0.0
4db76967-fe84-5d8b-8797-4b00b7ae8086,Bedard,1949,"Hindi, Film","Mohammed Shafi, B.N. Bali, Ram Prasad","Javed - III, A.G. Badar",HMV Records,0.0
a82d28f4-f462-5392-b541-87dd8ce6707a,Bhagavan Buddha Ballet,1949,"Hindi, Non Film",Harendranath Nandy,Acharya Sitaram Chaturvedi,Columbia Records,0.0
bfea0b05-7188-5bd0-8c7d-d1db4095626c,Bhakta Pundalik,1949,"Hindi, Film",Chitragupt,"Avtar Visharad, Bhagwat Dutt Mishra, Saraswati Kumar Deepak, Chandra Shekhar Pandey, Kamla Kant",HMV Records,0.0
88e62f9f-12db-56a1-8da1-434ff76fd53f,Bhedi Bangla (House Of Mystery),1949,"Hindi, Film",P. Ramakant,Ehsan Rizvi,HMV Records,3.0
3b24b8f0-d701-5bb4-913b-a1b15e0d5907,Bhikhari,1949,"Hindi, Film",Hansraj Behl,"Sevak, Madhukar - III, Surjit Sethi, Pandit Indra",HMV Records,0.0
8e62cc8d-43b9-54ed-896c-2ed65b5de2f6,Bholi,1949,"Hindi, Film",Govind Ram,Ishwar Chandra Kapoor,Columbia Records,0.0
67b66d7d-4cde-5ec9-9605-e8663c9c4caa,Bhool Bhulaiyan,1949,"Hindi, Film",Bulo C. Rani,"Pandit Indra, B.R. Sharma, Rajendra Krishan",HMV Records,0.0
f92fd460-ee7e-5e94-b4d9-34f87130e09a,Billi,1949,"Hindi, Film",K. Narayana Rao,C.M. Hunar,Twin Records,0.0
0d9bb1e3-502f-5b24-9ad4-d47c18d75b1c,Bombay,1949,"Hindi, Film","Chetumal, N. Bhattacharya, Mushtaq Hussain, Dhumi Khan","C.R. Bajaj, Kamalnayan",HMV Records,0.0
b2662290-8e1d-5b6a-9344-3c779b88abe0,Chakori,1949,"Hindi, Film",Hansraj Behl,Mulkraj Bhakri,HMV Records,3.0
b9e0b569-1bd0-5a54-ba63-63dbae2a0512,Chandni Raat,1949,"Hindi, Film",Naushad Ali,Shakeel Badayuni,HMV Records,3.5
ca955f4a-dd99-5742-a064-19448a68d967,Char Din,1949,"Hindi, Film",Shyam Sundar,Shakeel Badayuni,HMV Records,0.0
44bfb448-1877-57b4-bb2a-8d4c74eaf0c5,Char Din Ki Chandni,1949,"Hindi, Film",D.C. Dutt,"Prakash - II, Arshi Valentine, G.P. Shakhal",HMV Records,0.0
c0a562a0-796e-547f-8877-7107f130f5c0,Chhota Bhai,1949,"Hindi, Film",Pankaj Mullick,"Ramesh Pandey, Rajendra Krishan, Tulsidas, Prakash - II",Columbia/Hindustan Records,0.0
f73aa922-7f8c-59c2-bdf5-cdb9fb6e9b7d,Chilman,1949,"Hindi, Film",Hanuman Prasad,"Pyarelal Santoshi, M.K. Chhibber, Suhel - I",HMV Records,0.0
25d2e49a-a8d2-5f2d-945d-7e2a87359780,Dada,1949,"Hindi, Film",Shaukat Dehlvi,"Shewan Rizvi, Hussain Hyderabadi, Majrooh Sultanpuri, Rafi Ajmeri",H.M.V.,0.0
4b283e96-3836-5297-ad69-219d9819d6c3,Darogaji,1949,"Hindi, Film",Bulo C. Rani,"Manohar Lal Khanna, Khawar Zaman",H.M.V.,0.0
c2ccfafe-4e30-54c7-b1a9-9ebd7dfeeada,Dawlat,1949,"Hindi, Film",Hanuman Prasad,Qamar Jalalabadi,HMV Records,0.0
8db09501-6700-5e0c-ab5b-09ee1a5757d4,Dhoom Dham,1949,"Hindi, Film","Sufi Samaj, Hari Bhai","K. Dewan, Hasrat Lakhnavi, Aziz Kashmiri",HMV Records,0.0
8699ef13-a16b-5685-a333-846ab8afc39a,Dhoomketu (Comet),1949,"Hindi, Film",A. Karim,"Rajjan, A. Karim",Twin Records,0.0
aeb99bd8-9fa6-52ad-9acc-d47e650efbcd,Dil Ki Basti,1949,"Hindi, Film",Ghulam Mohammed,"Waheed Qureshi, Shakeel Badayuni, Nazim Panipati, Khumar Barabankvi",HMV Records,0.0
df543912-5d5d-5f85-9d86-d9f8f4ed2388,Dil Ki Duniya,1949,"Hindi, Film",Govind Ram,Zia Sarhadi,HMV Records,0.0
9c9dc36b-1221-504f-93d5-d565defc2d6e,Dillagi,1949,"Hindi, Film",Naushad Ali,Shakeel Badayuni,HMV Records,3.5
0a7170de-c2c8-506a-8371-2644eb0abb76,Dr. Ramesh,1949,"Hindi, Film",K.P. Sen,Prakash Bakshi,HMV Records,0.0
027b01fe-9175-50c2-81e0-b30d99bd21fc,Dulari,1949,"Hindi, Film",Naushad Ali,Shakeel Badayuni,HMV Records,0.0
258da458-723b-5992-b4c8-5806edfd1b8c,Duniya,1949,"Hindi, Film",C. Ramchandra,"Arzoo Lakhnavi, S.H. Bihari, Asad Bhopali, Saraswati Kumar Deepak, Taalib Allahabadi",HMV Records,3.5
e93e3273-90a1-5b15-999c-1f280dbb4d51,Ek Teri Nishani,1949,"Hindi, Film","Sardul Kwatra, Pandit Amarnath","Sarshar Sailani, A. Shah",HMV Records,0.0
01b26c0f-59fe-5c0d-9d7c-5e1b52bd6ee9,Ek Thi Larki,1949,"Hindi, Film",Vinod,Aziz Kashmiri,HMV Records,3.5
2cf110a1-aa25-5f6d-8b1d-23a0de212981,Gandhi Mandir (Afsana),1949,"Hindi, Film",Rajhans Kataria,"Roop Sanware, Rajhans Kataria",Columbia Records,0.0
f82fb6fe-5e10-5f45-ba3d-5bb53b051004,Garibi,1949,"Hindi, Film",Bulo C. Rani,"Rajendra Krishan, Shewan Rizvi, B.R. Sharma, M.G. Adeeb",HMV Records,0.0
3922a4bf-a6f5-5d0b-b9ce-ce43484f8268,Gharana,1949,"Hindi, Film",Mohammed Shafi,"Baba Alam Siahposh, Behzad Lakhnavi, Anjum Jaipuri, Shewan Rizvi",HMV Records,0.0
0f28d4d0-fcc7-55b9-a74a-ef53d9d4a79b,Girls School,1949,"Hindi, Film","Anil Biswas, C. Ramchandra",Kavi Pradeep,HMV Records,0.0
cb81c4f2-d7ff-552d-8868-9b2a39c64d07,Grihalaxmi,1949,"Hindi, Film",Sailesh Dutt Gupta,Pandit Bhushan,HMV Records,0.0
0a752557-62dc-5792-b2e0-44df73cccb4e,Hamari Kismat,1949,"Hindi, Film",Nisar Bazmi,Rajjan,HMV Records,0.0
ecfd1fd0-50c7-574e-9a98-211098a5c0bd,Hamari Manzil,1949,"Hindi, Film",Husnlal - Bhagatram,"Rajendra Krishan, Qamar Jalalabadi",HMV Records,0.0
deb2c8a1-d76f-5cf4-b06e-571663e974ad,Imtihan,1949,"Hindi, Film",Shyam Babu Pathak,"Harikrishna Premi, A.N. Sharma, Indeevar, Yashodanandan Joshi",HMV Records,0.0
a395ce4b-34d9-5525-860a-e0027e5f7c3a,Iran Ki Ek Raat,1949,"Hindi, Film",Kamal Dasgupta,"Maeel Lakhnavi, Nosheer Rizvi, Sundar",HMV Records,0.0
1d3ad98f-c4b2-5bf0-9abb-3eb457e55fc5,Jagriti,1949,"Hindi, Film",K. Narayana Rao,Indeevar,HMV Records,0.0
5235c552-ad36-5e2f-ad5b-f144d724b79b,Jai Bhim,1949,"Hindi, Film",Sudhir Phadke,Amar Varma,Columbia Records,0.0
b09d8c05-77ee-5b6c-926f-94eb1658aeca,Jal Tarang,1949,"Hindi, Film",Husnlal - Bhagatram,"Kaif Irfani, Kedar Sharma, Lekhraj Bhakri, Sarshar Sailani, Pandit Sudarshan, Mulkraj Bhakri",HMV Records,0.0
a6e990f4-cbc0-55d0-ba56-d90f8a77e1d1,Janmapatri,1949,"Hindi, Film",Gulshan Sufi,Aziz Kashmiri,HMV Records,0.0
cc872fcd-98d8-5230-9ee4-4380acbfe4c6,Jannat (Gulshan),1949,"Hindi, Film",Hanuman Prasad,"M.K. Chibbar, Pyarelal Santoshi, Suhel - I",HMV Records,0.0
7bc75d53-578e-5335-8df7-8156a4313dee,Jeet,1949,"Hindi, Film","Shyam Babu Pathak, Anil Biswas",Prem Dhawan,HMV Records,3.5
a8f2f834-1a14-5530-b785-ec0e00dc5ae8,Jeete Raho,1949,"Hindi, Film",M.V. Devdas,M.A. Sagar,HMV Records,0.0
2fb53078-aa0b-591f-ba75-4e61153a2886,Jeevan Sathi,1949,"Hindi, Film",S. Mohinder,Hamid Khumar,HMV Records,0.0
34c6edaa-4289-580f-b8ab-2f11d92eb1c2,Jigar,1949,"Hindi, Film",Anna Saheb,Ehsan Rizvi,HMV Records,0.0
393e9a34-f3e9-574f-87b1-53f18e85598d,Jio Raja,1949,"Hindi, Film",Nisar Bazmi,Rajjan,Twin Records,0.0
33473ba3-894a-576f-8c7f-cba0be34b68d,Kamal,1949,"Hindi, Film",S.D. Burman,"Gopal Singh Nepali, Prem Dhawan, Raja Mehdi Ali Khan",Columbia Records/HMV,3.0
ca6f38c6-7f1d-596b-ae58-a6fc302ca56c,Kaneez,1949,"Hindi, Film","Ghulam Haider, Hansraj Behl","Hasrat Lakhnavi, Shatir Ghaznavi, Sarshar Sailani, Harishchandra - II",HMV Records,0.0
940b9e00-6787-554f-bffb-b6aae958c428,Karwat,1949,"Hindi, Film",Hansraj Behl,"B.R. Sharma, D.N. Madhok, Saifuddin Saif, Charan Das, Pardes Balam, Saraswati Kumar Deepak",HMV Records,0.0
e8b629ae-c183-5ed9-a118-ae292532f485,Khush Raho,1949,"Hindi, Film",Shiv Dayal Batish,Ehsan Rizvi,HMV Records,0.0
747a8615-ae5d-582c-a847-d7571c81c399,Kinara,1949,"Hindi, Film",Madhusudan Acharya,"Neelkanth Tiwari, Sahir Bhopali",HMV Records,0.0
3a3138ec-c591-5a46-9e83-769cf262f98c,Ladli,1949,"Hindi, Film",Anil Biswas,"Chandra Shekhar Pandey, Nazim Panipati, S.H. Bihari, Safdar Aah, Behzad Lakhnavi",HMV Records,0.0
3114ce6d-6137-5406-b91a-1fffbe2d3860,Lahore,1949,"Hindi, Film",Shyam Sundar,"Rajendra Krishan, Aziz Kashmiri",HMV Records,3.5
6d21e513-fa84-55c1-9d58-9ecc6173efd2,Lekh,1949,"Hindi, Film",Krishna Dayal,"Raghupat Roy, Qamar Jalalabadi, Amar N. Khanna",HMV Records,3.0
97a536d1-c6d2-5422-9615-e4bf0203331c,Lottery,1949,"Hindi, Film",Harbaksh Singh,"Charan Das, B.M. Sharma",HMV Records,0.0
0b4c1ff1-c1b2-533c-bb8b-4fdc1a6a0894,Ma Ka Pyar,1949,"Hindi, Film",Govind Ram,Ishwar Chandra Kapoor,HMV Records,0.0
75e6a8dd-9827-59fb-a8a0-0ba305cd136b,Mahal,1949,"Hindi, Film",Khemchand Prakash,Nakhshab Jarchvi,HMV Records,4.89
694afff7-3254-5b5f-b017-862363509ff7,Manzoor,1949,"Hindi, Film",Pankaj Mullick,"Pandit Bhushan, Prakash - II",Hindustan Records/HMV,3.0
eb58ef13-c08e-52f7-85c3-8e9c47c7b41e,Maya Bazar (Vatsala Haran),1949,"Hindi, Film",Sudhir Phadke,Mukhram Sharma,HMV Records,0.0
4007dbf1-7db6-57e0-8e50-0ab7646a91de,Maya Dor,1949,"Hindi, Film",Chitta Roy,,HMV Records,0.0
85fd5f97-c930-5033-bd31-92efba997b3a,Monika,1949,"Hindi, Film",Sushant Bannerjee,,HMV Records,0.0
80760d83-9278-5f37-9790-0de12964ce1a,Naach,1949,"Hindi, Film",Husnlal - Bhagatram,"Kaif Irfani, Mulkraj Bhakri, Nazim Panipati, Sarshar Sailani",HMV Records,4.0
dc4d28b1-60d8-521d-8353-433393d32520,Nai Taleem (The Country Teacher),1949,"Hindi, Film",Vasant Desai,S.R. Chopra,HMV Records,0.0
46109979-19d3-5482-b7bd-4156c57211ed,Namoona,1949,"Hindi, Film",C. Ramchandra,"Pyarelal Santoshi, Nakhshab Jarchvi, A. Shah, Gulshan Jalalabadi, Raja Mehdi Ali Khan",HMV Records,0.0
a3906e5e-1ce9-51f5-bf20-fa6b48aeea34,Nanand Bhojai,1949,"Hindi, Film",Bulo C. Rani,"Pandit Indra, Saraswati Kumar Deepak, Parshuram Zia",HMV Records,0.0
d6c2a67c-c0ec-530c-9972-a0541fa5462d,Naqli Baap,1949,"Hindi, Film",K. Narayana Rao,C.M. Hunar,Twin Records,0.0
0c3cb8b4-bdbe-5c7d-b95d-f3336d32110e,Narad Muni,1949,"Hindi, Film",Bulo C. Rani,Pandit Indra,HMV Records,0.0
86150896-67d0-589a-a99b-f878986b7685,Narsinh Avatar,1949,"Hindi, Film",Vasant Desai,Narendra Sharma,HMV Records,0.0
217b8d34-12b6-5820-ab9a-6ef7dcc5848c,Nazaare,1949,"Hindi, Film",Bulo C. Rani,"Majrooh Sultanpuri, Rajendra Krishan, Shams",HMV Records,0.0
bb8d3c80-7566-57ad-9f8a-141fba43df62,Nazrana,1949,"Hindi, Film",C. Ramchandra,Gopal Singh Nepali,HMV Records,0.0
462ba0f7-715b-5813-8c08-3329af9029a5,Neki Aur Badi,1949,"Hindi, Film",Roshan,Kidar Sharma,HMV Records,0.0
e4d590fc-ddc4-561f-8b1f-c41330f15cf5,Nisbat,1949,"Hindi, Film",Govind Ram,"Majrooh Sultanpuri, Hasrat Lakhnavi, Behzad Lakhnavi",HMV Records,0.0
3ca9fe0c-b77e-5968-89d8-22b2e1aa301c,Nishan,1949,"Hindi, Film","B.K. Kalla, S. Rajeswara Rao, M.D. Parthasarathy",Pandit Indra,HMV Records,0.0
b4c8e660-4db9-581e-9f7b-0036426f72c1,Pandrah August Ki Punyatithi,1949,"Hindi, Non Film",Babu Singh - II,Keshav Trivedi,Saregama,0.0
7381f46c-2c84-57c1-9a98-e4738fb44444,Paras,1949,"Hindi, Film",Ghulam Mohammed,Shakeel Badayuni,HMV Records,3.5
ef7d43fd-d976-567a-9c30-4784f689f1ce,Parda,1949,"Hindi, Film","Sharmaji, Nandram, Anwar Hussain - III","Swami Ramanand Saraswati, Tanveer Naqvi",HMV Records,0.0
22602b66-54ec-58b3-8b78-9ce1ff0bbaa9,Parda (Laparwah),1949,"Hindi, Film",Shyam Babu,Indeevar,Columbia Records,0.0
a3f98849-115f-5657-965a-7b4a8f60f608,Patanga,1949,"Hindi, Film",C. Ramchandra,Rajendra Krishan,Columbia Records,3.0
bbea8a49-ba20-5706-a1d7-d589de617230,Pyar Ki Raat,1949,"Hindi, Film",N.A. Jalgaonkar,,HMV Records,0.0
af023a60-2a7f-5c25-b0cd-fe30eda0337a,Raat Ki Rani,1949,"Hindi, Film",Hansraj Behl,"Rajendra Krishan, Arzoo Lakhnavi, Butaram Sharma, A. Shah, Darbari Lal",Columbia Records,0.0
a96a15a2-f8b0-52b2-a42d-107ef24f4852,Raaz,1949,"Hindi, Film",Malik Sardar,"Meeraji, Gulzar Nadeem",Columbia Records,0.0
51a870f0-5596-546a-93a2-b30427b4591b,Rakhi,1949,"Hindi, Film",Husnlal - Bhagatram,Sarshar Sailani,HMV Records,0.0
88e3bb9d-2318-50bd-8927-e85449ed6169,Ram Vivah,1949,"Hindi, Film",Shankar Rao Vyas,"Moti, Ramesh Shastri",HMV Records,0.0
a257f958-b8d7-5022-9c9e-3be6b4592bfa,Rangila Rajasthan,1949,"Hindi, Film","B.S. Kalla, S.K. Pal, Bharat Vyas",Bharat Vyas,H.M.V.,0.0
5d432d0b-56f8-5120-8850-7b7f860cfbf1,Rimjhim,1949,"Hindi, Film",Khemchand Prakash,"Bharat Vyas, Kumud Tripathi, Moti, Pyarelal Santoshi",HMV Records,3.0
e0597855-6b48-5a10-afbe-cad4aa9bd8e2,Roomal,1949,"Hindi, Film","Hansraj Behl, Azeez Khan","Nazim Panipati, Mulkraj Bhakri, Roopbani",HMV Records,0.0
79da4d4d-7b2a-57ca-8348-7860d71015e6,Rooplekha,1949,"Hindi, Film","Khan Mastana, Nisar Bazmi, Sajjad Hussain","Farooq Qaiser, Aziz Siddiqui, Khumar Barabankvi",Columbia Records,0.0
df09adf8-1cb8-56f7-b476-3b17c8b568a5,Roshni,1949,"Hindi, Film",C. Ramchandra,Pyarelal Santoshi,HMV Records,0.0
ca30036c-481f-5643-a7cd-6b3f94e16e24,Rupsundari,1949,"Hindi, Film",Indravadan Bhatt,"Neelkanth Tiwari, Raghunath Brahmbhatt",Columbia Records,0.0
98190a66-711d-5bdb-a49e-fdc29caec4c9,Samapti,1949,"Hindi, Film",Timir Baran,Pandit Bhushan,Hindustan Records/HMV,0.0
db9341bb-a33b-5efe-a89f-1dfeb6942221,Sant Janabai,1949,"Hindi, Film",Sudhir Phadke,Narendra Sharma,HMV Records,3.0
acd9a72d-1cc5-5c5c-9f02-e94fac294059,Sanwariya,1949,"Hindi, Film",C. Ramchandra,Pyarelal Santoshi,HMV Records,0.0
1f7e5de9-49a4-5971-9694-0d94061ba7c6,Sati Ahalya,1949,"Hindi, Film",V.G. Bhatkar,Narendra Sharma,HMV Records,0.0
61c17e8a-00e6-5d15-9923-7cdd516726e0,Sawan Aya Re,1949,"Hindi, Film",Khemchand Prakash,"Gulshan Jalalabadi, Rammurti Chaturvedi, Bharat Vyas, Arzoo Lakhnavi",HMV Records,0.0
17522697-7a1e-5785-aa1c-84c5f4ca6a6e,Sawan Bhadon,1949,"Hindi, Film",Husnlal - Bhagatram,Mulkraj Bhakri,HMV Records,0.0
74fa1a22-91d3-5027-8fcc-e3b7d185a9d2,Shabnam,1949,"Hindi, Film",S.D. Burman,Qamar Jalalabadi,HMV Records,3.33
3abe3807-06ab-5f27-8ddd-dc34cde72dcb,Shair,1949,"Hindi, Film",Ghulam Mohammed,Shakeel Badayuni,Saregama,3.0
ed13f7ee-ffef-555a-900f-6f04336677a6,Shoharat,1949,"Hindi, Film",Aziz Hindi,"Gulshan Zaman, Madhup",Saregama,0.0
efbd3c6b-4cb7-5dfa-ab10-e21fe890451d,Shoukin,1949,"Hindi, Film",Chitragupt,"Shyam Hindi, Anjum",Saregama,0.0
ee61e45a-f182-575b-ac40-8789838377d9,Singaar,1949,"Hindi, Film",Khursheed Anwar,"Shakeel Badayuni, Nakhshab Jarchvi, Deena Nath Madhok",Columbia Records,0.0
08b1cd74-a9c7-57b7-9de4-62b68d8c1692,Sipahiya,1949,"Hindi, Film",C. Ramchandra,"Rammurti Chaturvedi, Arzoo Lakhnavi, Raj Kunwar, Kumar Sharma Banvasi, Rajendra Krishan",Saregama,0.0
ad90a775-90ad-5a09-bb3e-fcbfe21acbfa,Sunaun Kya Main Gham Apna,1949,"Hindi, Non Film",Naushad,Majrooh Sultanpuri,,0.0
be281e01-f42f-5ceb-ab0c-cf3fef54744c,Sunehre Din,1949,"Hindi, Film",Gyan Dutt,"Shewan Rizvi, Deena Nath Madhok, Shekhar - II",Saregama,0.0
8d68b71d-28e9-5397-b610-45dadcceb0f0,Swayam Siddha,1949,"Hindi, Film",Praful Chaudhary,Bhavani Prasad Mishra,Saregama,0.0
bf02c142-2508-5868-a78d-24f204ef65af,Tara,1949,"Hindi, Film",Vinod,Aziz Kashmiri,Saregama,0.0
e7edc5eb-94dd-5470-892e-4799303da743,The Last Message (Aakhri Paigham),1949,"Hindi, Film","Abid Hussain Khan, Sushant Bannerjee","Jahan Qadir Chughtai, Mahmood Sarosh, Behzad Lakhnavi, Shareen Bhopali, Ahsan Rizvi, Josh Malihabadi",Saregama,0.0
c40337c9-193e-5604-9b87-39f31e7c76fd,Thes,1949,"Hindi, Film",Snehal Bhatkar,Kedar Sharma,Saregama,0.0
180b0ccb-0c2e-511f-a324-7c9e45d5ec92,Uddhar,1949,"Hindi, Film",Vasant Desai,Narendra Sharma,Saregama,0.0
6627b591-e520-50ec-a2a0-2431a4034734,Usha Haran,1949,"Hindi, Film",Saraswati Devi,"Ramesh Shastri, Rammurti Chaturvedi, Meeraji, Pandit Indra",Saregama,0.0
f78f8d31-5e6a-535b-9bf5-ee48a2a056f9,Veer Ghatotkach (Surekha Haran),1949,"Hindi, Film",S.N. Tripathi,"Ramesh Joshi, Moti, Saraswati Kumar Deepak, Anjum Rehmani",Saregama,0.0
da2c255d-ed39-56c1-8ff9-ef81b68c7ff1,Vikram Shashikala (Kalanka Shobha),1949,"Hindi, Film",Dattaram Gadekar,Dukhi Amritsari,Saregama,0.0
2593b367-f1ac-5c96-9213-7fa3b5ea9972,Zevarat,1949,"Hindi, Film",Hansraj Behl,Habeeb Sarhadi,Saregama,0.0
8af8487a-4c2c-580a-9fb9-80bb0e5f4f89,Aabaad Raho Mere Dil Ko Jalaane Wale,1950,"Hindi, Non Film",V. Balsara,Madhukar Rajasthani,Saregama,0.0
4af3273e-2c84-5d1f-8d98-5745c3d5b82f,Aadhi Raat,1950,"Hindi, Film","Husnlal - Bhagatram, Hansraj Behl","Sarshar Sailani, Asad Bhopali, Rajendra Krishan, Khumar Barabankvi",HMV Records,0.0
ffece88b-3e3a-5c89-9afa-28d764b5708d,Aahuti (Anokhi Qurbani),1950,"Hindi, Film",D.C. Dutt,"Indeevar, Tandon",HMV Records,0.0
ae0fd348-c314-5a7d-91eb-1bafc73cffc5,Aankhon Mein Bas Ke Dil Mein,1950,"Hindi, Non Film",Murli Manohar Swarup,Jigar Moradabadi,Saregama,0.0
20b633fb-9b56-5118-a5ce-d22ba0034c95,Afsar,1950,"Hindi, Film",S.D. Burman,"Narendra Sharma, Vishwamitra Adil",HMV Records,0.0
b2986134-a082-50bc-8c68-fa6195b5530c,Alakh Niranjan,1950,"Hindi, Film",Premnath,"Manohar Khanna, Rammurti Chaturvedi",Columbia Records,3.0
86f88ec8-bad3-50bf-9016-79bffc51d3f5,Ankhen,1950,"Hindi, Film",Madan Mohan,"Saraswati Kumar Deepak, Raja Mehdi Ali Khan, Bharat Vyas, Bhagwat Dutt Mishra",HMV Records,3.67
0e8d8a98-cf1d-5e6b-8af3-77588cf78ee3,Anmol Rattan,1950,"Hindi, Film",Vinod,Deena Nath Madhok,HMV Records,0.0
7f3cdc59-0d64-5a38-aaef-36b87201239f,Apni Chhaya,1950,"Hindi, Film","Hanuman Prasad, Husnlal - Bhagatram",Pyarelal Santoshi,HMV Records,0.0
94801a9f-ff1f-58cc-9536-9d8fc16b6db8,Arzoo,1950,"Hindi, Film",Anil Biswas,"Prem Dhawan, Majrooh Sultanpuri, Jan Nisar Akhtar",HMV Records,4.5
34816348-9197-5465-ab1e-76affec5b312,Baat Adhuri Reh Gayi Us Din,1950,"Hindi, Non Film",J.P. Kaushik,Madhukar Rajasthani,Saregama,0.0
6adfa2e5-dcd6-5abf-bb43-c86e53af81e3,Babooji,1950,"Hindi, Film",P. Ramakant,Ehsan Rizvi,Columbia Records,0.0
1eb62cfd-51cc-51e4-99a4-9cb8df770d22,Babul,1950,"Hindi, Film",Naushad Ali,Shakeel Badayuni,Saregama/Twin Records,0.0
9a9e954f-706a-53f6-8f33-1f4c0263876b,Bahar,1950,"Hindi, Film",Aziz Khan,I.C. Kapoor,HMV Records,0.0
39a58b33-1f60-51dc-8e5d-4e63e12e2a1c,Bahurani,1950,"Hindi, Film",Hansraj Behl,"Butaram Sharma, Aziz Siddiqui, Shewan Rizvi, Bharat Vyas",HMV Records,0.0
b9170ba7-f317-5818-9ac4-14507ca48afe,Bahut Door,1950,"Hindi, Film",B.N. Bali,"Sajan Bihari, Qaisar Sabai",HMV Records,0.0
38b86a48-ee25-5363-9a07-f0aef784d5a3,Bajti Na Agar Radha,1950,"Hindi, Non Film",,,,0.0
4fd9f137-e0d2-5911-825f-650008501e92,Banwra,1950,"Hindi, Film",Krishna Dayal,"Raghupat Roy, Gafil Harnalvi, Randhir Sahityalankar, Amar N. Khanna, Rajendra Krishan",Columbia Records,0.0
ee9a8763-8f9f-5f57-aef2-6c5262bdb77e,Basera,1950,"Hindi, Film",M.A. Rauf Osmania,Sardar Ilham,HMV Records,3.0
0a7d55ff-3931-50ae-8a11-338d1eaec111,Bawre Nain,1950,"Hindi, Film",Roshan,Kidar Sharma,HMV Records,3.5
e583d25c-56ef-52cf-b637-b9215f32f6fe,Bebus,1950,"Hindi, Film","Pandit Ganpat Rao, S.K. Pal","Salik Lakhnavi, Jalal Malihabadi",Columbia Records,0.0
bdf4ed94-f1f0-51b8-a174-b11c9f306de9,Beewee,1950,"Hindi, Film","Aziz Hindi, Sharmaji","Wali Sahab, Nazim Panipati, Aziz Hindi",HMV Records,0.0
f120d80e-6813-5333-bcb1-6c726032e430,Beqasoor,1950,"Hindi, Film","Anil Biswas, Hansraj Behl","Arzoo Lakhnavi, Ehsan Rizvi",HMV Records,0.0
60edc47a-66c5-5529-8358-f3f687706b17,Bhagwan Shrikrishna,1950,"Hindi, Film",Shankar Rao Vyas,Pandit Phani,HMV Records,0.0
08ef72ae-f3ff-5293-aff6-ea3308350a2d,Bhai Bahen,1950,"Hindi, Film",Shyam Sundar,"Ishwar Chandra Kapoor, Raja Mehdi Ali Khan, S.H. Bihari, Rajendra Krishan",HMV Records,0.0
f211e6ee-c6e2-58cb-b261-6d79f3afb970,Bhed,1950,"Hindi, Film",Mukul Roy,Madhukar Rajasthani,Columbia Records,0.0
07b8d964-9055-5041-aa31-d4138d5f70f3,Bheeshma Pratigya,1950,"Hindi, Film",S.K. Pal,Manohar Khanna,HMV Records,0.0
6bb445f0-e7bd-5586-b03e-a190f1be7097,Bhimsen,1950,"Hindi, Film",Avinash Vyas,"Saraswati Kumar Deepak, B.P. Bhargav, Bharat Vyas",HMV Records,3.0
2315d226-8af7-5f27-8a7c-d2965b804003,Bijli,1950,"Hindi, Film",Khemchand Prakash,"Kumud Tripathi, Bharat Vyas",HMV Records,0.0
494e8811-9f5a-5723-a5b4-92e27b16742f,Birha Ki Raat,1950,"Hindi, Film",Husnlal - Bhagatram,Sarshar Sailani,HMV Records,0.0
0a408081-e8d6-56da-b8c8-cacecc52677c,Chhod Jhamela Jhoothe Jag Ka,1950,"Hindi, Non Film",Lachhiram Tamar,Madhukar Rajasthani,Saregama,0.0
72cda70e-74b8-5f57-9d92-91bad4e8187c,Chhoti Bhabhi,1950,"Hindi, Film",Husnlal - Bhagatram,Qamar Jalalabadi,HMV Records,0.0
12a6fa26-53b6-5d28-b677-1009a08a581c,Chore,1950,"Hindi, Film",Govind Ram,"Rammurti Chaturvedi, Harish Bhardwaj, Chandra Shekhar Pandey, Bharat Vyas, Vinod Kapoor - I",HMV Records,0.0
aea2c04d-19c6-5b17-a381-d7ad90f814cc,Cigaretton Mein Sabse Aala,1950,"Hindi, Non Film",,,,0.0
70725f06-ad3d-5ff7-a2e0-b5078d368c2a,Dahej,1950,"Hindi, Film","Vasant Desai, S. Purushottam",Shams Lakhnavi,HMV Records,0.0
8b481fa6-f947-51c2-a2a3-1aa9dfce7abc,Dard Utha Phir Halka Halka,1950,"Hindi, Non Film",Manna Dey,Madhukar Rajasthani,Saregama,0.0
794f4a92-7f8c-5edd-93b8-4ef126873c45,Dastan,1950,"Hindi, Film",Naushad Ali,Shakeel Badayuni,HMV Records,3.0
722df7e5-5a98-579a-9d7d-66fd3550831c,Dil Ke Tukde,1950,"Hindi, Film",Aziz Hindi,Nazim Panipati,HMV Records,0.0
ed2ab5dc-9cab-5e96-8db0-082891cfcc18,Dilruba,1950,"Hindi, Film",Gyan Dutt,"Madhok, Santoshi, Rajendra Krishan, Neelkanth Tiwari, B.R. Sharma, H.S. Huda",HMV Records,0.0
156ba5dd-8c96-5a53-ac25-31b4c1798c79,Diwanji,1950,"Hindi, Film",Sushant Bannerjee,,HMV Records,0.0
a5dec3ba-ae51-512c-b851-347d007dda72,Diya Apni Khudi Ko Jo Hamne Mita,1950,"Hindi, Non Film",Mukesh,Zafar - I,Saregama,0.0
852425bf-0ee6-5ad4-a378-db5390bb72db,Do Panchhi Bechain,1950,"Hindi, Non Film",Laxman Shahabadi,Shyam Sharma - I,Saregama,0.0
cbb21151-26af-5404-87bb-06df4d2624b3,Do Zulmi Naina Humpe Zulm Kare,1950,"Hindi, Non Film",Traditional,Kaif Irfani,Saregama,0.0
f4bdec73-13c5-5001-b171-acd9149d8302,Dolti Nayya,1950,"Hindi, Film",Ram Prasad,"Jalal Malihabadi, Sagar Badayuni, Arshi Valentine, Zafar Malihabadi, Bahar Ajmeri, Pal Premi, Prakash - II",Columbia Records,0.0
146683cb-80f8-5133-88c4-f6c10f16fbf9,Dushmani,1950,"Hindi, Film",V. Ramnath (Wadhwa),Kuldeep Talwar,Columbia Records,0.0
57a30cbe-d983-5872-91d5-7cf2c3fe5f69,Fifty Fifty,1950,"Hindi, Film",K. Kumar,Anjum Rehmani,HMV Records,0.0
6a52faa4-1446-50e4-96e1-3ae50b983ebb,Gauna,1950,"Hindi, Film",Husnlal - Bhagatram,Qamar Jalalabadi,HMV Records,3.0
4b337f8a-77d2-53dc-9195-67b09c929c58,Gulnar,1950,"Hindi, Film","Hansraj Behl, Qadir Fareedi","Ehsan Rizvi, Tufail Hoshiyarpuri, Mulkraj Bhakri",HMV Records,0.0
c623a245-5c68-53ae-912a-6aaf07c6d98b,Guru Dakshina,1950,"Hindi, Film",Lachhiram Tamar,Sarshar Sailani,HMV Records,0.0
2f8ffa59-f505-5427-ac76-464fdd81d3cc,Haan Main Deewana,1950,"Hindi, Non Film",Shauqat Pardesi,Murli Manohar Swarup,Saregama,0.0
9f1fe8a1-4702-5e8b-b8d1-ee0af2e2162e,Hai Bahut Mashoor Yeh Kissa,1950,"Hindi, Non Film",Iqbal,Shabab Minai,,0.0
52c772a0-576b-5a85-8d3d-063deba05134,Hai Raaj Ko Laadli Meri Naajo,1950,"Hindi, Non Film",Shankar - Jaikishan,Hasrat Jaipuri,,0.0
2655cb6a-18a0-510d-b452-0eee6bc469f5,Hamara Ghar,1950,"Hindi, Film",Chitragupt,"Bharat Vyas, Rammurti Chaturvedi, Anjum",HMV Records,0.0
c30919f6-eccf-55f8-8d67-673b50c8b5f2,Hamari Beti,1950,"Hindi, Film",Snehal Bhatkar,"Randhir Sahityalankar, Pandit Phani, Prem Dhawan",HMV Records,0.0
1da5f5e4-ec45-5160-a97b-580dcf705d18,Hans Ke Jiyo,1950,"Hindi, Film",K. Narayana Rao,Chhabi Kumar Mast,Columbia Records,0.0
24c0cd6f-197b-58df-8cd3-e3f527d488c7,Hanste Ansu,1950,"Hindi, Film",Ghulam Mohammed,"Majrooh Sultanpuri, Shewan Rizvi",HMV Records,0.0
411378b2-7ff4-5aa1-9248-3b234fe9528f,Hanste Rahena,1950,"Hindi, Film","Wadhwa, Shyam Babu Pathak","Indeevar, Farooq Qaiser",HMV Records,0.0
3586460b-1056-591b-b0dc-ca61655fabf3,Har Har Mahadev,1950,"Hindi, Film",Avinash Vyas,"Saraswati Kumar Deepak, Ramesh Shastri, Traditional",HMV Records/Twin Records,0.0
c68ac5c1-29c6-525f-a247-fb99d5c51fcd,Hawai Qila,1950,"Hindi, Film",J.D. Majumdar,Tejnath Zar,Columbia Records,0.0
b23799cb-2abf-58e4-a152-0c63298c8c96,Hindustan Hamara,1950,"Hindi, Film",Vasant Desai,"Allama Iqbal, Deewan Sharar, S.R. Saaz",HMV Records,0.0
09e0191e-9b58-5dfe-b654-833f484e8578,Hum Rashq Ko Apne Gawara Nahi Karte,1950,"Hindi, Non Film",Khayyam,Mirza Ghalib,Saregama,3.0
751e6135-a202-56fa-b802-dd5a5a6b6f1a,Intezar,1950,"Hindi, Film",Sonik - Giridhar,,HMV Records,0.0
58890d3f-53b8-5433-8a81-c69a13f80144,Jalte Deep,1950,"Hindi, Film","Sardul Kwatra, T.K. Das","M.A. Taj, Nazim Panipati, Aziz Kashmiri",HMV Records,0.0
072a03a4-e922-55d2-a91f-aca9005b9799,Jan Pahchan,1950,"Hindi, Film","Khemchand Prakash, Manna Dey",Shakeel Badayuni,HMV Records,0.0
830702aa-ca40-5585-8ea9-691451fb9070,Janmashtami,1950,"Hindi, Film",Shyam Babu Pathak,Bharat Vyas,HMV Records,0.0
01eb73f7-f34c-5678-8cf6-c9dd5533b8db,Jogan,1950,"Hindi, Film",Bulo C. Rani,"Meera Bai, Himmat Rai Sharma, Pandit Indra, Butaram Sharma, Kedar Sharma",HMV Records,3.5
62077b1a-7c78-51c1-8005-ed474b2d9c2d,Kamal Ke Phool,1950,"Hindi, Film",Shyam Sundar,Rajendra Krishan,HMV Records,3.0
54b72448-71f0-5845-851c-8e15c7bfa75a,Kamyabi,1950,"Hindi, Film",Dhumi Khan Rampuri,,HMV Records,0.0
c12f9a23-129a-5166-808a-220aa422adea,Kashmir Hamara Hai,1950,"Hindi, Film",Chinmay Lahiri,"Mirza Ghalib, Ehsan Merathi, Ramchandra Aansoo, K.K. Verma - III",HMV Records,0.0
717350ad-c5d1-5c3d-aee3-49f70a5d0dca,Khamosh Sipahi,1950,"Hindi, Film",Hansraj Behl,Deena Nath Madhok,HMV Records,0.0
4353c386-e948-59a9-b8b4-62a003e83b16,Khel,1950,"Hindi, Film",,,HMV Records,0.0
9e7ed749-c4a8-5d60-8829-7b9c4e8b0893,Khilari,1950,"Hindi, Film",Hansraj Behl,"Nakhshab Jarchvi, Deena Nath Madhok, Rajendra Krishan",HMV Records,0.0
dbfc116f-81b0-54ad-b0cf-c49f50823736,Kisi Ki Yad,1950,"Hindi, Film",Hansraj Behl,"Varma, Qamar Jalalabadi, Moti, Tahir Lakhnavi",HMV Records,0.0
4836b62f-3b4b-595f-8697-47fedc847d26,Kisi Ko De Ke Dil Koi,1950,"Hindi, Non Film",Murli Manohar Swarup,"Mirza Ghalib, Daagh Dehlvi",Saregama,0.0
c435a010-cb2a-5d2a-be7f-b96e4a556068,Lajawab,1950,"Hindi, Film",Anil Biswas,"Safdar Aah, Shekhar - II, Prem Dhawan",HMV Records,0.0
71b711f8-b2bf-5160-8d18-b588ae6c904f,Lavangi (Jagannath Pandit),1950,"Hindi, Film","Bulo C. Rani, C.S. Ram",Saraswati Kumar Deepak,HMV Records,0.0
78be0b9e-2dce-57cd-8c6d-2a2c1fa8885a,Maang,1950,"Hindi, Film",Ghulam Mohammed,"Sagir Usmani, Nizaam, Husaini, Sagar Badayuni, Raja Mehdi Ali Khan, Prakash - II",HMV Records,0.0
13db56bf-9cd5-5d55-9932-9c83d34d46cf,Madhubala,1950,"Hindi, Film",Lachhiram Tamar,"Rajendra Krishan, Ishwar Chandra Kapoor",HMV Records,0.0
94f79262-26ff-5855-9da1-2484e16446ac,Magroor,1950,"Hindi, Film","Bulo C. Rani, Ram Panjwani, Sajjad Hussain","Raja Mehdi Ali Khan, Zia Sindhi, Mullaji",HMV Records,0.0
c9fa2d85-a54f-5602-b48d-20a03f1f473f,Man Ka Meet,1950,"Hindi, Film",Sardul Kwatra,"Pandit Indra, Deepak - II, Sarshar Sailani",HMV Records,0.0
3538d1ce-06e3-5236-b432-5e18707da261,Mangala,1950,"Hindi, Film","E. Shankar Shastri, Balkrishna Kalla, M.D. Parthasarathy",Pandit Indra,HMV Records,0.0
84d9ddb9-0909-53b9-bc8a-29a6fe1a6d80,Mashal,1950,"Hindi, Film",S.D. Burman,Kavi Pradeep,HMV Records,3.0
169b64e3-4b93-5e4c-aaa2-9a040d9e3550,Meena Bazar,1950,"Hindi, Film",Husnlal - Bhagatram,"Qamar Jalalabadi, Deena Nath Madhok",Columbia Records,0.0
85589d87-bf85-5d04-baf3-64d45b0c788b,Mehrbani,1950,"Hindi, Film",Hafeez Khan,"Khumar Barabankvi, Anjum Pilibhiti, Mashahar, Khawar Zaman, Shewan Rizvi",HMV Records,0.0
57218bd7-c2d2-5a4d-8b51-73baa948215e,Meri Asha,1950,"Hindi, Film",K. Narayana Rao,,Twin Records,0.0
d5eb2062-90fb-5a36-af6d-a07bbbf08437,Mil Na Saka Dil Ko Agar Pyar Tumhara,1950,"Hindi, Non Film",Kishore Desai,Indeevar,Saregama,0.0
318b0f38-ffc3-5bc9-acfe-44cd5186dada,Mujhe Samjhane Mere Paas Na Aaye Koi,1950,"Hindi, Non Film",Murli Manohar Swarup,Shaukat Pardesi,H.M.V.,0.0
61498933-2a01-5e2a-b599-82fdba2642b9,Mujhse Yun Rooth Kar Tum Kyun Door Ja Rahe Ho,1950,"Hindi, Non Film",Kishore Desai,Shiv Kumar Saroj,Saregama,0.0
02d5fb1c-bc19-5df4-ad2e-3ee0ce015fe6,Muqaddar,1950,"Hindi, Film","Khemchand Prakash, Bhola Shreshtha, James Singh","Raja Mehdi Ali Khan, Raj Shekhar - I, Bharat Vyas, Brajendra Gaud",HMV Records,4.0
fda04893-d6d1-5dc4-80cd-e3316d744f73,Naa Huyi Gar Mere Marne Se Tasalli,1950,"Hindi, Non Film",Khayyam,Mirza Ghalib,Saregama,0.0
c814cdb7-ea9f-58c2-80d7-c681a305f760,Nagan,1950,"Hindi, Film","Pandit Amarnath, Harbans Lal",,HMV Records,0.0
edc36724-fa6a-57c0-b237-a3d2e5817918,Nai Bhabi,1950,"Hindi, Film","Harbaksh Singh, G.A. Chishti","Charan Das, B.M. Sharma",HMV Records,0.0
715362a8-62be-593a-964e-9a29e06fa240,Naiya Padi Majhdar Guru Bina,1950,"Hindi, Non Film",,,,0.0
f1320d50-7a89-5a43-85db-2d31e94a6b1c,Nili,1950,"Hindi, Film",S. Mohinder,Surjit Sethi,HMV Records,2.5
9f743b32-5ed7-5991-8700-2e4bab1f9cce,Nirala,1950,"Hindi, Film",C. Ramchandra,Pyarelal Santoshi,HMV Records,3.0
59f02bb9-b44c-5baa-88ca-3971a1fbbd26,Nirdosh,1950,"Hindi, Film",Shyam Sundar,"Raja Mehdi Ali Khan, S.H. Bihari, Asad Bhopali",HMV Records,0.0
2094c809-06e0-5ef7-85dd-7aa4a6a4e85c,Nishana,1950,"Hindi, Film",Khursheed Anwar,Nakhshab Jarchvi,HMV Records,0.0
0005760d-b5de-5ea9-9bba-b6687b753be2,Pagle,1950,"Hindi, Film",V.G. Bhatkar,"Kabil Amritsari, Anjum Rehmani, Behzad Lakhnavi",HMV Records,0.0
a59031db-ed28-5d46-ba0d-4865e4b312c2,Pahela Admi,1950,"Hindi, Film",Rai Chand Boral,"Prakash - II, Shyamal Gupta, Anant Krishnan, Deshraj",Columbia Records,0.0
9f9b2033-3af2-58f9-89f3-2447e4bf6fc0,Pal Bhar Ki Pehchan Aap Se,1950,"Hindi, Non Film",Manna Dey,Madhukar Rajasthani,Saregama,0.0
20176563-c842-5b45-af59-d0443d26f098,Pardes,1950,"Hindi, Film",Ghulam Mohammed,Shakeel Badayuni,HMV Records,0.0
1be93dd5-0c9b-59fb-99be-b6b038950083,Path Pradarshan,1950,"Hindi, Film",Praveen Bakta,Praveen Bakta,Young India Records,0.0
ac3c760e-42cc-50c0-8145-6eeebef3d3c5,Pitu Matu Sahayak Swami Sakha,1950,"Hindi, Non Film",,,,0.0
62bbf4b3-4841-5724-b63e-bed20adb085a,Piya,1950,"Hindi, Film",Sushant Bannerjee,Majnun Lakhnavi,H.M.V.,0.0
275fbeeb-d456-57f8-9633-4c93a9f2dfd9,Preet Ka Geet,1950,"Hindi, Film",Shyam Babu Pathak,"Pradeep, Premi",Columbia Records,0.0
2c084e1e-66fb-5dae-9c20-32defb0261c8,Putli,1950,"Hindi, Film","Aziz Hindi, Ghulam Haider","Wali Sahab, Abid Gulrez",HMV Records,0.0
0e69669b-6ddf-5d93-b84e-67ea28652086,Pyar,1950,"Hindi, Film",S.D. Burman,Rajendra Krishan,HMV Records,0.0
ee6e2f3d-1dd4-502e-884e-a39a1834f4dc,Pyar Ki Manzil,1950,"Hindi, Film",Husnlal - Bhagatram,"Rajendra Krishan, Shewan Rizvi, Tarikh Lakhnavi",HMV Records,0.0
b2280630-0cb7-52bf-a1ce-75d3567dda0f,Rahi Hai Daad Talab Unki,1950,"Hindi, Non Film",Khayyam,Jan Nisar Akhtar,Saregama,0.0
66fdc906-5a0c-5763-9965-8025b6844787,Raj Mukut,1950,"Hindi, Film",Govind Ram,Bharat Vyas,HMV Records,0.0
a4a4fee5-86b6-5e85-8f48-80942e1aa986,Raj Rani,1950,"Hindi, Film",Hansraj Behl,Deena Nath Madhok,HMV Records,0.0
b40f9a5d-7346-54fa-be20-779aa5daaa8d,Ram Darshan,1950,"Hindi, Film","D.C. Dutt, Reejram, Bal Mukund, Ram Ganguly, Shankar Rao Vyas, Shantilal Shah",Ramesh Gupta,HMV Records,0.0
2571c913-d73f-5c0b-ab8c-12477cef509a,Ram Ram Naam Rat Re,1950,"Hindi, Non Film",Ravindra Jain,Ravindra Jain,,0.0
48ca5be3-b359-57cd-9b22-c79bfd725d8b,Rishta,1950,"Hindi, Film",Mohammed Shafi,Bakshi Jaunpuri,Columbia Records,0.0
daeba5d0-6da8-5a15-98d0-b98899347bb9,Roop Kahani,1950,"Hindi, Film",Pankaj Mullick,"B.M. Sharma, Prakash - II",New Theatre Records,0.0
15cf1cea-0791-5f50-a5d1-9977e309c6bc,Roothi Huyi Taqdeer Ko Ab Kaise,1950,"Hindi, Non Film",V. Balsara,Madhukar Rajasthani,Saregama,0.0
60021264-5b45-581a-840e-cbaf85ca8115,Rupaya,1950,"Hindi, Film",P. Ramakant,Indeevar,Columbia Records,0.0
8684bf89-3de2-525d-ac05-dec3a852e6ba,Saanvar Yaar Ata Se,1950,"Hindi, Non Film",,,,0.0
da000406-0c1c-57e4-ab53-97f6564d699f,Sabak,1950,"Hindi, Film","Allah Rakha Qureshi, A.R. Qureshi",Deena Nath Madhok,HMV Records,0.0
ae4c2f25-c846-5234-88d6-9cec91e4e5b4,Samadhi,1950,"Hindi, Film","C. Ramchandra, Rabindranath Tagore, Ram Singh Thakuri","Rajendra Krishan, Subhas Chandra Bose, Mumtaz Hussain - I, Abid Hasan",HMV Records,4.5
bf6af84f-f6fd-55d8-9720-8f3303813143,Sangeeta,1950,"Hindi, Film",C. Ramchandra,Pyarelal Santoshi,HMV Records,0.0
fb01595a-b9ea-5db4-bac5-c081b893e4f2,Sangram,1950,"Hindi, Film",C. Ramchandra,"Brajendra Gaud, Raja Mehdi Ali Khan, Pyarelal Santoshi",HMV Records,0.0
13c88d7c-5942-5303-a4cb-c843bbdff9fa,Sargam,1950,"Hindi, Film",C. Ramchandra,Pyarelal Santoshi,HMV Records,3.5
7130c765-8cd8-52e8-ba9c-0b96b269d5ac,Sartaj,1950,"Hindi, Film",Husnlal - Bhagatram,"Shewan Rizvi, Partau Lakhnavi, Majrooh Sultanpuri",HMV Records,0.0
19950f94-310b-5922-87cc-e6e8f650584a,Sati Narmada,1950,"Hindi, Film",Khemchand Prakash,"Neelkanth Tiwari, Ramesh Gupta, Deepak - II, Pandit Phani",HMV Records,0.0
f12961c8-3858-5dc8-b69d-7cbaccb52fe6,Saudaminee,1950,"Hindi, Film",S.N. Tripathi,"Anjum Pilibhiti, Arjun - III, P.C. Joshi, B.D. Mishra",HMV Records,0.0
92f5b5fe-5522-5d47-a810-7147deb443a7,Shaan,1950,"Hindi, Film",Hansraj Behl,"Rajendra Krishan, Kaif Irfani",HMV Records,2.5
15b83c9f-cf0b-5dd2-a6f8-3ac38c38fd94,Shadi Ki Raat,1950,"Hindi, Film","Govind Ram, S. Mohinder, Aziz Hindi","Sarshar Sailani, Surjit Sethi, Nazim Panipati, Firoz Jalandhari",HMV Records,0.0
1d0f8f80-32e0-53de-b371-1e1e13880393,Sheesh Mahal,1950,"Hindi, Film",Vasant Desai,"Nazim Panipati, Shams Lakhnavi, Behzad Lakhnavi, A. Shah Azeez",HMV Records,3.5
3f646c06-7b27-592f-b790-5ef3a624952b,Shirdi Sai Baba Tera Duhai,1950,"Hindi, Non Film",C. Ramchandra,Bharat Vyas,,0.0
ab4111c6-5bd7-54f1-8dbf-8e6ae3082b66,Shree Ram Avtar,1950,"Hindi, Film",Indravadan Bhatt,"W. Garcher, Pandit Shivraj",HMV Records,0.0
175b6e8b-e6ee-5e3c-83f2-b1b2bfd2b72a,Shri Ganesh Mahima (Shri Krishna Vivah),1950,"Hindi, Film",S.N. Tripathi,"Tulsidas, Ramesh Pandey, Anjum Jaipuri",H.M.V.,0.0
f23e5710-0a61-5de0-82a4-84ca93332255,Sur Ki Gati Main Kya Jaanu,1950,"Hindi, Non Film",Naresh Bhattacharya,,,0.0
74fe7891-77a8-5f62-8627-e17ff11ac904,Surajmukhi,1950,"Hindi, Film",Husnlal - Bhagatram,"Gulshan Jalalabadi, Rajendra Krishan, Abid Gulrez",Columbia Records,0.0
874c0a9f-ab1b-5657-b371-20939b356359,Taqdeer Meri Mere Samne Hai,1950,"Hindi, Non Film",Manna Dey,Madhukar Rajasthani,Saregama,0.0
29f0c25c-eea2-5d54-b1bc-cc66453ba126,Thanedar,1950,"Hindi, Film","P. Amberkar, Nadir - I",Sagar Badayuni,Columbia Records,0.0
ed7c3d9d-e02c-5f7a-a254-8995ab859fc0,Tharthara Uthti Hai Khamosh Faza,1950,"Hindi, Non Film",Khayyam,Jan Nisar Akhtar,Saregama,0.0
087a97a1-c47a-5620-9ef0-bb5327127b1e,Tu Mere Saath Chal Na Payegi,1950,"Hindi, Non Film",Vipin Mehra,Shameem Shahbadi,Saregama,0.0
936569d1-2ea5-5561-8dc0-644df0dafcff,Tum Kahaan Chhupe Ho Bhagwan,1950,"Hindi, Non Film",Murli Manohar Swarup,Saraswati Kumar Deepak,,0.0
2d61c882-bfcc-57bc-b232-59685d1afeb5,Tumhari Jafayen Hamari Wafayen,1950,"Hindi, Non Film",Murli Manohar Swarup,Beena Naz,Saregama,0.0
8560ec58-195a-5e0f-8efe-4d28be19a5d5,Tvamevma Mata Jinke Hriday Shriram,1950,"Hindi, Non Film",Murli Manohar Swarup,,,0.0
e87bfc29-502f-5dcf-804b-c3bb1249e345,Veer Babruvahan,1950,"Hindi, Film",Chitragupt,Anjum Jaipuri,,0.0
c40202eb-bb56-502b-babd-269377150f1c,Wafa,1950,"Hindi, Film","Vinod, Bulo C. Rani","Hasrat Jaipuri, Aziz Kashmiri, Deena Nath Madhok, Behzad Lakhnavi",Columbia Records,0.0
3619fd28-98bc-5cea-a2b8-aec93a20367c,Woh Jo Roothe Toh Manana Chahiye,1950,"Hindi, Non Film",Murli Manohar Swarup,"Jigar Moradabadi, Mirza Ghalib",,0.0
22874380-ecf6-50d5-9c67-c0b4573848ef,Yaad Phir Aayee,1950,"Hindi, Non Film",V. Balsara,Chandrashekhar Pandey,Saregama,0.0
4998e705-4447-5c21-9916-073da3249eb3,Yeh Hawa Yeh Fiza,1950,"Hindi, Non Film",V. Balsara,,H.M.V.,0.0
65c82536-9497-59ad-a9c6-de87c92c1155,Zehal-E-Miskeen Makun Taghaful,1950,"Hindi, Non Film",Murli Manohar Swarup,Amir Khusro,,0.0
9faddfa9-1032-52b3-803e-7433866059f6,25th July,1951,"Hindi, Film",Nachiketa Ghosh,B.M. Sharma,H.M.V.,0.0
8afa73bd-434e-5d95-909b-039fd772cc59,Aaram,1951,"Hindi, Film",Anil Biswas,"Rajendra Krishan, Prem Dhawan",H.M.V.,3.33
8f4f22d1-8eb3-5439-ad45-778b1482da4c,Actor,1951,"Hindi, Film","Aziz Hindi, Ibrahim - II","Shewan Rizvi, Nazim Panipati",H.M.V.,0.0
fcb23287-e7cc-53bd-b428-7c7e8715137f,Ada,1951,"Hindi, Film",Madan Mohan,"Prem Dhawan, Behzad Lakhnavi, Raja Mehdi Ali Khan, Saraswati Kumar Deepak",H.M.V.,3.33
feb86602-3633-5c04-a5c1-6cced223748b,Afsana,1951,"Hindi, Film",Husnlal - Bhagatram,"Asad Bhopali, Chander Oberoi, Saraswati Kumar Deepak, Gafil Harnalvi",H.M.V.,0.0
f2bd5947-5df7-52d5-800e-12879b8f439a,Albela,1951,"Hindi, Film",C. Ramchandra,Rajendra Krishan,H.M.V.,3.5
db68f301-9f6e-5e47-a2c4-8fb7f3d6e3cd,Andolan,1951,"Hindi, Film",Pannalal Ghosh,"Indeevar, Bankim Chandra Chatterjee, Meera Bai, Niaz Haider",H.M.V.,0.0
1d19bbdd-a6df-502e-9206-b94ecc8ae263,Awara,1951,"Hindi, Film",Shankar - Jaikishan,"Shailendra, Hasrat Jaipuri",H.M.V.,3.5
ee6b8a7d-c5e5-5d41-9e0d-52fbd7e7efde,Azadi Ke Baad,1951,"Hindi, Film",K.P. Sen,M. Razi Banarsi,Hindusthan Records,0.0
261024bc-da33-52b0-b4d5-edbb8481416b,Baazi,1951,"Hindi, Film",S.D. Burman,Sahir Ludhianvi,H.M.V.,3.67
fe64b1b2-7faa-52d9-9388-9d047c8a671b,Badal,1951,"Hindi, Film",Shankar - Jaikishan,"Shailendra, Hasrat Jaipuri",H.M.V.,0.0
eca9eb71-21d0-55f0-a524-eb5ace4d360c,Baghawat,1951,"Hindi, Film","M.H. Khusro, S. Islam","Jameel Mazhari, Mahjoor Shamsi, Naseem Kazmi",Columbia Records,0.0
930ebda0-b177-559a-88ab-65b14f74bb8a,Bahar,1951,"Hindi, Film",S.D. Burman,Rajendra Krishan,H.M.V.,3.33
45605482-5d05-5ee8-8808-38dd6b9af4ef,Bare Bhaiyya,1951,"Hindi, Film",Premnath,Manohar Khanna,H.M.V.,0.0
104d8b8c-6a55-521a-b429-29e54c529dff,Bari Bahoo,1951,"Hindi, Film",Anil Biswas,"Prem Dhawan, Bharat Vyas, Safdar Aah, Narendra Sharma, P.N. Rangeen, Meera Bai, Rajendra Krishan",H.M.V.,3.5
cbfab017-4563-50ea-b261-ddf1efd1f365,Bedardi,1951,"Hindi, Film",Roshan,"S.H. Bihari, Kedar Sharma, Butaram Sharma, I.C. Kapoor",H.M.V.,0.0
35fcb509-17f6-55d4-b301-3173909dd974,Bhola Shankar,1951,"Hindi, Film",Snehal Bhatkar,Bharat Vyas,H.M.V.,0.0
ae6eee4a-62d3-5b2a-b873-e6a18c8bb9fa,Bikhre Moti,1951,"Hindi, Film",Ghulam Mohammed,"Akhtar-Ul-Iman, Khumar Barabankvi",H.M.V.,0.0
a8d0922a-b9a5-573b-9c7a-1974f7d1a70f,Bulbul,1951,"Hindi, Film",Vinod Kumar - C.S. Ragi,"Nafis Lakhnavi, A. Rashid, Vinod Kumar - V",H.M.V.,0.0
2d600490-d0d8-55cc-9462-36124eaf1415,Buzdil,1951,"Hindi, Film",S.D. Burman,"Kaifi Azmi, Shailendra",H.M.V.,3.5
76c34bea-683f-5db0-a139-e75ebeddfc6d,Damad,1951,"Hindi, Film","Indravadan Bhatt, Ram Panjwani, Shamu",Bahar Ajmeri,H.M.V.,0.0
c18dc88d-3180-5cae-aa8d-2d9460e0f16b,Daman,1951,"Hindi, Film",K. Datta,"Rajendra Krishan, Raja Mehdi Ali Khan, Anjum Jaipuri, Ehsan Rizvi",H.M.V.,3.0
32b81983-9da5-59fe-9225-53aaff5ead08,Dashavatar,1951,"Hindi, Film",Avinash Vyas,"Saraswati Kumar Deepak, B.P. Bhargav, Munshi Sagar Hussain",H.M.V.,0.0
fdafa490-aaf6-57e3-833e-39ea123f9454,Deedar,1951,"Hindi, Film",Naushad,Shakeel Badayuni,H.M.V.,4.5
46791c51-dda6-5a4a-99ba-9f565bd6ff8d,Deepak,1951,"Hindi, Film",Ram Ganguly,"Madhukar Rajasthani, Narendra Sharma",H.M.V.,0.0
52317939-cd37-561b-8a90-f2eed179c73e,Dholak,1951,"Hindi, Film",Shyam Sundar,"Aziz Kashmiri, Shyamlal Shams",H.M.V.,0.0
d20e4e32-63f3-5ff1-9285-61a0e2d2034d,Do Sitare,1951,"Hindi, Film",Anil Biswas,Rajendra Krishan,H.M.V.,2.5
2aaacd3a-d34f-5eb9-a71f-dc1f78a6f8f0,Ek Nazar,1951,"Hindi, Film",S.D. Burman,Rajendra Krishan,H.M.V.,0.0
1b01e7d5-2118-54a9-a3cf-e48c7ba3baf1,Ek Tha Ladka,1951,"Hindi, Film","Murari - II, Rajhans Kataria","Rajesh Kumar - II, Ehsan Elahi, Kamal R.C.",H.M.V.,0.0
3f786642-72a1-5754-8942-a28478a33f54,Ek Tha Raja,1951,"Hindi, Film",C.R. Subbaraman,"Pandit Sudarshan, J.S. Kashyap",H.M.V.,0.0
03149b60-89d8-5e84-84e4-bc91d8ab9dc6,Gaon Ki Rani,1951,"Hindi, Non Film","Hemant Kumar, Salil Chowdhury",Madhukar Rajasthani,Saregama,0.0
ce126cec-b57c-57cf-9fd3-4c5590b20a3a,Ghayal,1951,"Hindi, Film",Gyan Dutt,"Pyarelal Santoshi, Manohar Khanna, Saraswati Kumar Deepak, Mirza Ghalib, M.G. Adeeb, Pandit Indra, Sheikh Adam",H.M.V.,0.0
3d83f2fd-cc1c-577f-8cb7-f32032e7ae49,Ghazab,1951,"Hindi, Film","Nisar Bazmi, Shaukat Dehlvi",A. Karim,H.M.V.,0.0
6f2bfff6-48da-5bac-b60d-175ff314e1dc,Gumashta,1951,"Hindi, Film",K. Datta,"Raja Mehdi Ali Khan, Waheed Qureshi, Noor Lakhnavi",H.M.V.,0.0
6ee51378-a2ae-53c5-8b93-c3fadd5f672f,Hamari Shaan,1951,"Hindi, Film",Chitragupt,"Anjum Jaipuri, Saraswati Kumar Deepak, Raja Mehdi Ali Khan",H.M.V.,0.0
338672a6-d786-576f-b365-3d880237063a,Hanuman Pataal Vijay,1951,"Hindi, Film",S.N. Tripathi,"Ramesh Chandra Pandey, Saraswati Kumar Deepak, B.D. Mishra, Anjum Jaipuri",H.M.V.,0.0
e57cd5c4-88e8-5830-96fb-a9e6879b223f,Hulchul,1951,"Hindi, Film","Sajjad Hussain, Mohammed Shafi",Khumar Barabankvi,H.M.V.,0.0
14143ebb-f8e5-5f8d-84c8-5696b54025b9,Hum Log,1951,"Hindi, Film",Roshan,"Uddhav Kumar, Vishwamitra Adil",H.M.V.,3.67
eb568bd7-1cf3-532a-abbc-da1d134ca2f6,Imaan,1951,"Hindi, Film",Moti Ram,"Pandit Priyadarshi, Hasrat Jaipuri",H.M.V.,0.0
ca855698-8100-5648-8226-04682fdfdbfe,Ishwar Bhakti (Shani Mahatmya),1951,"Hindi, Film",Sonik - Giridhar,Narendra Sharma,H.M.V.,0.0
317a57ba-c563-566e-a2f9-33968dc4a906,Jadoo,1951,"Hindi, Film",Naushad,Shakeel Badayuni,H.M.V.,3.0
cce596b6-478e-517e-b003-aead743328e4,Jai Mahakali (Vikram Vaital),1951,"Hindi, Film",Kumar - IV,"Firoz Jalandhari, Ramesh Shastri, Saraswati Kumar Deepak, Ram Murti",H.M.V.,0.0
0f15b83c-5860-5871-a82e-043d5fdcfa8a,Jai Mahalaksmi,1951,"Hindi, Film",Avinash Vyas,"Saraswati Kumar Deepak, B.P. Bhargav, Mulkraj Bhakri",H.M.V.,0.0
e2d3a3b0-2fed-5a63-89d6-33f9f5058f44,Jeevan Tara,1951,"Hindi, Film","Shankar Rao Vyas, Vasant Desai, Chitragupt","G.S. Potdar, Prem Dhawan",H.M.V.,3.0
82931603-03b7-5944-ac26-f0e014ef4a12,Johari,1951,"Hindi, Film",Harbans Lal,"Tejnath Zar, Shola Kahamvi",H.M.V.,0.0
39f611f1-f77b-51e3-b147-02007d6c9ec4,Jwala Mukhi,1951,"Hindi, Film",Dev Raj - I,Dukhi Amritsari,Bulbul Records,0.0
560deb72-4ddd-56d3-bfa0-dbf06b2dfd1c,Kale Badal,1951,"Hindi, Film",Shyam Sundar,Rajendra Krishan,H.M.V.,0.0
70417317-ac3b-5472-946c-1b7a0434ce2b,Kali Ghata,1951,"Hindi, Film",Shankar - Jaikishan,"Hasrat Jaipuri, Shailendra",H.M.V.,3.0
d05f2a87-669b-5d7e-8f96-1665745b2192,Kashmir,1951,"Hindi, Film",Hansraj Behl,"Sarshar Sailani, Baba Ji",H.M.V.,0.0
303b1636-2cdb-5a81-a681-8d96a57e41ae,Khazana,1951,"Hindi, Film",C. Ramchandra,Rajendra Krishan,H.M.V.,3.5
7104c302-4040-5398-9e30-56c76268562a,Lachak,1951,"Hindi, Film",Moti Ram,"Shakeel Badayuni, Hasrat Jaipuri, Sheikh Adam, Tarikh Lakhnavi, Pyarelal Santoshi, Shreeram Bohra, Balkrishna Vohra",H.M.V.,0.0
d6824317-0ce9-5bf6-a923-c8490edc18c2,Ladaaki,1951,"Hindi, Film",Vinod,Verma Malik,Bulbul Records,0.0
121135bc-3cc8-534c-9a74-c22145811836,Lav Kush,1951,"Hindi, Film",Shankar Rao Vyas,"Neelkanth Tiwari, Ramesh Gupta",H.M.V.,0.0
869499bf-7d7f-5c41-b462-0101a0afadca,Laxmi Narayan,1951,"Hindi, Film",S.N. Tripathi,"B.D. Mishra, Ramesh Pandey",H.M.V.,0.0
e2c50422-2cad-599d-adab-3a20f8b053c0,Madhosh,1951,"Hindi, Film",Madan Mohan,Raja Mehdi Ali Khan,H.M.V.,3.0
15c0c1b3-f10c-587d-825b-7709937f03c6,Mala,1951,"Hindi, Film",Gour Goswami - Souren Pal,,H.M.V.,0.0
8aac8985-e048-528c-905e-36a6f321c827,Maldar,1951,"Hindi, Film",Satish Bhatia,Pran - I,H.M.V.,0.0
f0298f1a-c91d-5307-ba14-de3ebd0cef35,Malhar,1951,"Hindi, Film",Roshan,"Indeevar, Kaif Irfani, Shyam Lal - I",H.M.V.,4.6
5a1bdacc-8b20-5bf6-9b51-0c750bacc7e5,Malti Madhav,1951,"Hindi, Film",Sudhir Phadke,Narendra Sharma,H.M.V.,0.0
c930051d-cea1-5a47-9061-598e4cebd387,Maya Machhindra (Gorakhnath),1951,"Hindi, Film",Premnath,"Neelkanth Tiwari, Rammurti, Manohar Khanna",H.M.V.,0.0
87f613c5-f04e-59b1-a4c9-deef5428521d,Mukhra,1951,"Hindi, Film","Vinod, Shyam Sundar",Aziz Kashmiri,H.M.V.,3.0
8c66ac51-532d-55b5-b12c-b6eda80ec292,Murliwala,1951,"Hindi, Film",Sudhir Phadke,Bharat Vyas,H.M.V.,0.0
bf102c12-5c28-5a7d-9860-b720c4beaf8d,Nadan,1951,"Hindi, Film",Chic Chocolate,Pyarelal Santoshi,H.M.V.,3.0
2132eebb-b63f-5129-90cd-b20f9147d4d5,Nagina,1951,"Hindi, Film",Shankar - Jaikishan,"Shailendra, Hasrat Jaipuri",H.M.V.,3.0
b1217fde-0c4e-5f61-943b-48694e5a71a7,Nakhre,1951,"Hindi, Film",Hansraj Behl,"Bharat Vyas, Verma Malik, Arzoo Lakhnavi, Tahir Lakhnavi",H.M.V.,0.0
78de20fa-597f-503c-a7c3-db8205c4bdd4,Nand Kishore,1951,"Hindi, Film",Snehal Bhatkar,Narendra Sharma,H.M.V.,0.0
15bc0714-0ea8-5ea6-b7b2-e83bab7ede3b,Naujawan,1951,"Hindi, Film",S.D. Burman,Sahir Ludhianvi,H.M.V.,3.5
f4d9fa32-4de2-56ca-9d38-791631540dfa,Nazneen,1951,"Hindi, Film",Ghulam Mohammed,Shakeel Badayuni,H.M.V.,0.0
1a127bb2-be35-5b1d-9964-5b7e343e9513,Phoolon Ke Haar,1951,"Hindi, Film",Hansraj Behl,"D.N. Madhok, Bharat Vyas, Varma, Indeevar, Kaif Irfani",H.M.V.,0.0
10b355db-7ba2-51ce-b24c-b7922940b074,Pyar Ki Baten,1951,"Hindi, Film","Sharmaji, Bulo C. Rani","Khawar Zaman, Majrooh Sultanpuri, M.L. Khanna, Behzad Lakhnavi",H.M.V.,0.0
3095375d-c8cd-5f7b-9037-abd2d0fc84ca,Rajput,1951,"Hindi, Film","Hansraj Behl, Husnlal - Bhagatram","Verma Malik, Rajendra Krishan, Asad Bhopali, Bharat Vyas, Kaif Irfani, Indeevar, Moti, Anjum Jaipuri",H.M.V.,2.0
6f02cb2c-560c-5121-8a62-07622685f936,Ram Janma,1951,"Hindi, Film",Avinash Vyas,"Ramesh Gupta, Neelkanth Tiwari, Saraswati Kumar Deepak, B.P. Bhargav",H.M.V.,0.0
cb5c1956-534c-5743-a4bd-9fc344157da0,Sabz Bagh,1951,"Hindi, Film","Vinod, Gulshan Sufi",Aziz Kashmiri,H.M.V.,0.0
951b4ebb-1eb8-58c5-9011-ee10821a86fc,Sagai,1951,"Hindi, Film",C. Ramchandra,Rajendra Krishan,H.M.V.,3.0
8ecac7a3-214b-5fbf-9ed0-26a3063b404d,Sagar,1951,"Hindi, Film",S.K. Pal,Narendra Sharma,H.M.V.,0.0
5fd45f2d-a611-5432-9085-355d0fb7b2d4,Saiyan,1951,"Hindi, Film",Sajjad Hussain,"Rajendra Krishan, D.N. Madhok, Hasrat Jaipuri",H.M.V.,3.0
b66eedf7-e340-5e2c-ad71-ca46226b818d,Sal Girah,1951,"Hindi, Film",H. Vijay,"Munshi Khanjar, Madhuraj - I, B.R. Sharma",Bulbul Records,0.0
c6fbf388-2263-52f2-8c40-13c215b4612c,Sanam,1951,"Hindi, Film",Husnlal - Bhagatram,Qamar Jalalabadi,H.M.V.,3.33
8358edc7-40a1-5c1f-8dfa-5695f07f6b1f,Sansar,1951,"Hindi, Film",M.D. Parthasarathi - E. Shankar Shastri - B.S. Kalla,Pandit Indra,H.M.V.,0.0
ff4d2c2d-2873-5fc0-8372-548404dbb204,Sarkar,1951,"Hindi, Film",Gobind Ram,"Qamar Jalalabadi, Mulkraj Bhakri",H.M.V.,0.0
e75d5d87-3efe-5eff-9943-d600f5f404e4,Saudaagar,1951,"Hindi, Film","Hanuman Prasad, C. Ramchandra","Hasrat Jaipuri, Pyarelal Santoshi, Hanuman Prasad",H.M.V.,0.0
ca464554-ccb3-509e-b1d9-70ab54616c0f,Sazaa,1951,"Hindi, Film",S.D. Burman,"Rajendra Krishan, Sahir Ludhianvi",H.M.V.,3.0
4dce4093-7372-5765-b6c8-9474fe59a1b5,Shabistan,1951,"Hindi, Film","Madan Mohan, C. Ramchandra",Qamar Jalalabadi,H.M.V.,0.0
c863ba20-fdef-5eb3-897d-50cbbbadb22e,Shagan,1951,"Hindi, Film","Sardul Kwatra, Husnlal - Bhagatram","Verma Malik, Mulkraj Bhakri, Pandit Chand, S. Arora",H.M.V.,0.0
c28dffd3-50e6-5618-ad89-f962ee42e69c,Shokhian,1951,"Hindi, Film",Jamal Sen,"Kedar Sharma, Himmat Rai Sharma",H.M.V.,3.0
a9666f2d-898b-5ab9-b685-6cda5e42e56f,Shree Ganesh Janma,1951,"Hindi, Film","Khemchand Prakash, Manna Dey",Bharat Vyas,H.M.V.,0.0
68075072-b036-580b-a01a-071a604ca308,Shree Vishnu Bhagwan,1951,"Hindi, Film",Avinash Vyas,"Neelkanth Tiwari, Saraswati Kumar Deepak, Mukhram Sharma, B.P. Bhargav",H.M.V.,0.0
a230322d-c24c-52f9-a67f-7ec51a74ba70,Shri Krishna Satyabhama (Parijatak),1951,"Hindi, Film",K. Bhole,Mukhram Sharma,H.M.V.,0.0
0c11d481-3f80-5ad5-b8e5-7ebcd4690368,Simba,1951,"Hindi, Film",D.C. Dutt,"Indeevar, Farooq Qaiser",H.M.V.,0.0
426b73ed-27f9-5523-b59c-d49311c02716,Stage,1951,"Hindi, Film","Husnlal - Bhagatram, Sardar Malik",Sarshar Sailani,H.M.V.,0.0
04bda1e0-8657-5d3f-967d-f0ca394ab719,Tarana,1951,"Hindi, Film",Anil Biswas,"D.N. Madhok, Prem Dhawan, Kaif Irfani",H.M.V.,4.0
ea1a1822-74ea-550c-a804-ab9bd201c508,Titli (For Ladies Only),1951,"Hindi, Film",Vinod,"Vashisht, Sharma, Sahrai, Sohanlal Sahir, Kaif, Prakash - II",H.M.V.,3.0
60e0811e-fba5-53c0-a740-1a3be703d478,Ustad Pedro,1951,"Hindi, Film",C. Ramchandra,Raja Mehdi Ali Khan,H.M.V.,0.0
527ad5d3-e438-5d79-ac6a-aad4c831ddc8,Aan,1952,"Hindi, Film",Naushad,Shakeel Badayuni,H.M.V.,3.67
71d7d33d-0929-52fa-84c4-65ebbf0b6aa7,Aandhiyan,1952,"Hindi, Film",Ustad Ali Akbar Khan,Narendra Sharma,H.M.V.,3.0
9a084d69-2815-56b5-b9b4-ccaf9ff338b5,Aasmaan,1952,"Hindi, Film",O.P. Nayyar,Prem Dhawan,H.M.V.,3.67
32fc1387-0972-5b48-b770-aa4ea8c73154,Aazmaish,1952,"Hindi, Film",J.D. Majumdar,"Pandit Chand, Farooq Qaiser",H.M.V.,0.0
133964e3-0a6e-5699-a42d-32f6cd522784,Ajeeb Larki,1952,"Hindi, Film",Ghulam Mohammed,Shakeel Badayuni,H.M.V.,0.0
c67aec78-b5cc-52fe-88ae-3fc46120e949,Aladdin Aur Jadui Chirag (Aladdin And The Wonderful Lamp),1952,"Hindi, Film",S.N. Tripathi,"Ramesh Chandra Pandey, Pandit Chand, Shyam Hindi, Anjum Jaipuri",H.M.V.,0.0
db3f2466-ad08-5ec1-a96a-a2fcadb8c259,Amar Shaheed,1952,"Hindi, Film","Vinod, Vasant Desai","Aziz Kashmiri, Saraswati Kumar Deepak",H.M.V.,0.0
b355dabd-26c0-588c-8143-f1793844e75a,Amber,1952,"Hindi, Film",Ghulam Mohammed,Shakeel Badayuni,H.M.V.,0.0
337b29f9-77f3-52e3-a587-d71ad8ac31ce,Anand Math,1952,"Hindi, Film",Hemant Kumar,"Shailendra, Mahakavi Jayadev, Hasrat Jaipuri, Bankim Chandra Chatterjee",H.M.V.,3.67
8f606939-1f8d-5d5c-a87a-af9c7571b11f,Anhonee,1952,"Hindi, Film",Roshan,"Ali Sardar Jafri, Satyendra Athaiya, Shailendra, Pyarelal Santoshi, J. Nakhshab",H.M.V.,4.6
31da642c-72d7-5710-8e09-f1c930c8e4a6,Anjam,1952,"Hindi, Film",Madan Mohan,"Qamar Jalalabadi, Meerabai",H.M.V.,0.0
7dc9d4e5-90ab-55a4-b4a1-afe7e46f4cf5,Anndata,1952,"Hindi, Film",Mohammed Shafi,"Hasrat Jaipuri, Ali Sardar Jafri, Anjum Jaipuri",H.M.V.,0.0
d775827a-d2bc-525b-9fd5-b2d9cee2a6c1,Apni Izzat,1952,"Hindi, Film",Hansraj Behl,"Verma Malik, Pandit Fani, Bharat Vyas, Asad Bhopali, Shewan Rizvi",H.M.V.,0.0
118b53b9-e8f2-587d-923b-177899224413,Ashiana,1952,"Hindi, Film",Madan Mohan,Rajendra Krishan,H.M.V.,3.5
909d8633-db75-59d2-b14e-1f880a0aae80,Badnam,1952,"Hindi, Film",Basant Prakash,"Shailendra, Hasrat Jaipuri",H.M.V.,3.0
6c74d031-b208-5472-8b2e-b764fd0e2c30,Bagdad,1952,"Hindi, Film",Bulo C. Rani,Raja Mehdi Ali Khan,H.M.V.,0.0
60b4f2a2-4a8b-5fe5-bae5-acaa37b3f11c,Bahu Beti,1952,"Hindi, Film",S.D. Batish,"Kaifi Azmi, Vishwamitra Adil",H.M.V.,3.0
12b56953-9a36-5e11-b855-7001b22c5d31,Baiju Bawra,1952,"Hindi, Film",Naushad,Shakeel Badayuni,H.M.V.,4.33
2d9bd4a9-6d42-57c6-af1e-2deb3b015bcb,Betaab,1952,"Hindi, Film","S.D. Batish, Hafeez Khan","Roopbani, Bharat Vyas, Kaif Irfani, Shewan Rizvi",H.M.V.,0.0
f7ea8718-842c-570b-927c-8ceccfd58199,Bewafa,1952,"Hindi, Film",A.R. Qureshi,"Shams Azimabadi, Sarshar Sailani",H.M.V.,3.0
b8c38838-4633-5dbe-aa4c-187305a20a1a,Bhakt Puran,1952,"Hindi, Film",Chitragupt,"Gopal Singh Nepali, Ramesh Chandra Pandey, Ramesh Gupta",H.M.V.,0.0
36ee9e61-5830-53f4-9bdb-da6aa2c351a6,Chamkee,1952,"Hindi, Film",Manna Dey,Kavi Pradeep,H.M.V.,0.0
4451f327-ea6c-5754-96f6-ebd343d4f0bc,Chham Chhama Chham,1952,"Hindi, Film",O.P. Nayyar,Pyarelal Santoshi,H.M.V.,3.0
17896242-2536-5a5a-9316-72e274d87a69,Chhatrapati Shivaji,1952,"Hindi, Film",C. Ramchandra,Shailendra,H.M.V.,0.0
efc11cd0-23c0-55ce-b724-9535b68f4979,Daag,1952,"Hindi, Film",Shankar - Jaikishan,"Shailendra, Hasrat Jaipuri",H.M.V.,4.25
d88c500b-0577-50a9-a8d9-fd019aea26c6,Devyani,1952,"Hindi, Film",S. Purushottam,Manohar Khanna,H.M.V.,2.75
ab80b7a1-a363-5bd1-93a6-666c7bed37d5,Diwana,1952,"Hindi, Film",Naushad,Shakeel Badayuni,H.M.V.,3.33
782b710a-7ba8-5734-8a8e-98fa982760ab,Doraha,1952,"Hindi, Film",Anil Biswas,"Prem Dhawan, Sahir Ludhianvi, Josh Malihabadi",H.M.V.,0.0
93fe69d8-0e79-5d5e-b030-c54a51db45bb,Ghungroo,1952,"Hindi, Film",C. Ramchandra,Rajendra Krishan,H.M.V.,0.0
4796e060-3502-56d4-81b8-d08b2ab705a4,Goonj,1952,"Hindi, Film",Sardul Kwatra,"D.N. Madhok, Verma Malik, Prakash Bakshi",H.M.V.,2.5
ece84922-ae85-597c-9e9c-4cfa735d8a64,Hamari Duniya,1952,"Hindi, Film",Shyam Babu Pathak,"Indeevar, Hasrat Jaipuri",H.M.V.,0.0
74d4c0ad-07c7-5b78-807a-078885567248,Hangama,1952,"Hindi, Film",C. Ramchandra,Rajendra Krishan,H.M.V.,0.0
a37ca601-1156-538b-bed9-0440992c2f23,Hyderabad Ki Nazneen,1952,"Hindi, Film",Vasant Desai,Noor Lakhnavi,H.M.V.,0.0
16538947-f4bc-5233-a055-f18261fe8649,Indrasan (Ekadashi Mahima),1952,"Hindi, Film",Shankar Rao Vyas,"Neelkanth Tiwari, Ramesh Gupta, Pandit Motilal",H.M.V.,0.0
92210e5c-9c15-59e2-bb51-4b979295f68b,Insan,1952,"Hindi, Film",B.N. Bali,"Saba Afghani, D.N. Madhok, Balwant Kapoor, Sajan Bihari, Sahrai",H.M.V.,0.0
98e09807-ca21-5169-aa16-3030b3dfd3e5,Izzat,1952,"Hindi, Film",Bulo C. Rani,"Raja Mehdi Ali Khan, Butaram Sharma",H.M.V.,0.0
b5015716-3007-5d8e-82bf-40e4a8e81f64,Jaal,1952,"Hindi, Film",S.D. Burman,Sahir Ludhianvi,H.M.V.,3.0
a2e5083c-fca3-502b-8231-a1933fc3b400,Jaggu,1952,"Hindi, Film",Hansraj Behl,"Asad Bhopali, Naqsh Lyallpuri, A. Shah Shikarpuri, Verma Malik, Bharat Vyas",H.M.V.,3.0
f8e67c67-d330-5a9a-95f2-e385e3f6ab2b,Jalpari,1952,"Hindi, Film",Govind Ram,"Bharat Vyas, Ramesh Gupta, Noor Lakhnavi, Qamar Jalalabadi",H.M.V.,0.0
b1abffd4-82ac-5e5b-8707-ead96657da45,Jeevan Nauka,1952,"Hindi, Film","Govind Ram, Shankar Rao Vyas","Ramesh Gupta, M.G. Adeeb, Bharat Vyas",H.M.V.,0.0
7ec638cb-4798-597c-b0dc-b750d9ece6c7,Jiyenge Magar Muskura Na Sakenge,1952,"Hindi, Non Film",Mukesh,Kaif Irfani,,0.0
f2bbd073-46f2-5506-b7bf-d778993ee7d6,Jungle Ka Jawahar,1952,"Hindi, Film",Madhavlal Damodar Master,"Firoz Jalandhari, Saraswati Kumar Deepak",H.M.V.,0.0
28d4ca3a-dec8-5c7d-bbe4-0d1ae9167bb5,Kafila,1952,"Hindi, Film","Husnlal - Bhagatram, Bhola Shreshtha","Vrajendra Gaur, Moti, Kavi Pradeep",H.M.V.,0.0
23fe2848-896c-52ec-8e09-cf18b36aa108,Khubsurat,1952,"Hindi, Film",Madan Mohan,"S.H. Bihari, Shams Azimabadi, Shaukat Jaunpuri",H.M.V.,3.0
6dd01e9d-2016-549b-bdd5-92c7872e4083,Kyun Ji,1952,"Hindi, Film",Nisar Bazmi,"Ratanlal Khanjar, Sheikh Adam",H.M.V.,0.0
ded7f615-8d63-5671-9412-e9115d667483,Lal Kunwar,1952,"Hindi, Film",S.D. Burman,Sahir Ludhianvi,H.M.V.,3.0
2c88e74c-bb88-57ba-9bda-8826f8ca78b8,Lanka Dahan,1952,"Hindi, Film",Hansraj Behl,S.P. Kalla,H.M.V.,0.0
d6935a0a-a5bc-5a79-8ed7-919e2e78e219,Maa,1952,"Hindi, Film",S.K. Pal,Bharat Vyas,H.M.V.,2.5
64aefdf6-3b59-5398-9ce9-cd2b4a177d7d,Mamta,1952,"Hindi, Film","Sonik, Hansraj Behl","Moti, Verma Malik, Shewan Rizvi, Shyam Hindi",H.M.V.,0.0
bc7dea6f-f316-5cf6-8036-68651402a052,Mordhwaj,1952,"Hindi, Film",Narayan,Bharat Vyas,H.M.V.,0.0
97ba1a92-7dc6-5549-825f-597478283bc3,Moti Mahal,1952,"Hindi, Film",Hansraj Behl,"Prem Dhawan, Asad Bhopali",H.M.V.,0.0
7eca4cb7-4d5e-56c2-8fb5-270959e040b7,Mr. Sampat,1952,"Hindi, Film","Balkrishan Kalla, E. Shankar Shastri","Pandit Indra, J.S. Kashyap",H.M.V.,0.0
9452f7c2-3841-5d66-bc84-68d281b5d1b6,Najaria,1952,"Hindi, Film",Bhola Shreshtha,Pyarelal Santoshi,H.M.V.,3.0
65ec9550-4544-5766-b2f1-04d937aa5c04,Nanhe Munne,1952,"Hindi, Film",Vasant Pawar - Ram Vadhavkar,"Pandit Phani, Pandit Fani",H.M.V.,0.0
48e09a52-43c9-5b39-bc03-770b69c9528b,Naubahar,1952,"Hindi, Film",Roshan,"Satyendra Athaiya, Meerabai, Shailendra, J. Nakhshab",H.M.V.,3.5
30aeda91-8b35-5b12-a6ec-cc0d1ccaaea3,Neelam Pari,1952,"Hindi, Film",Khursheed Anwar,"Chandrakant - III, Hasrat Jaipuri, Saraswati Kumar Deepak",H.M.V.,0.0
573d0b46-3f5f-5e64-9504-0bbe0ce169d8,Nirmal,1952,"Hindi, Film",Bulo C. Rani,Moti,H.M.V.,0.0
6ce57d4e-794c-5c7f-b276-61ebc7cc3a6c,Nirmohi,1952,"Hindi, Film",Madan Mohan,"P.N. Rangeen, Indeevar, Uddhav Kumar",H.M.V.,0.0
a0ebd734-a8e8-51d3-8703-e90c9b6adbd9,Nishan Danka,1952,"Hindi, Film",Basant Prakash,"Raja Mehdi Ali Khan, Hasrat Jaipuri, S.H. Bihari",H.M.V.,0.0
25bbc004-347a-5441-99c6-9481aabc908b,Parbat,1952,"Hindi, Film",Shankar - Jaikishan,"Shailendra, Hasrat Jaipuri",H.M.V.,3.0
f7340df6-6896-5542-98be-e86ac05c3ee7,Parchhain,1952,"Hindi, Film",C. Ramchandra,Noor Lakhnavi,H.M.V.,3.33
94b53ca3-c99a-51a6-82a9-e99672916f6e,Patal Bhairavi,1952,"Hindi, Film",Ghantasala,Pandit Indra,H.M.V.,0.0
6559135a-5b91-5e97-8a7e-1999d1fde749,Poonam,1952,"Hindi, Film",Shankar - Jaikishan,"Hasrat Jaipuri, Shailendra",H.M.V.,3.0
4241d4d1-d508-52a5-9012-bfb78848d28d,Raag Rang,1952,"Hindi, Film",Roshan,"Traditional, Kaif Irfani, Pyarelal Santoshi, Sarshar Sailani, Prakash Bakshi",H.M.V.,3.33
a13b8c87-1db7-5133-affa-10f550ba623b,Raja Harishchandra,1952,"Hindi, Film",Husnlal - Bhagatram,"Bharat Vyas, Ramesh Gupta, Gulshan Jalalabadi, Qamar Jalalabadi",H.M.V.,0.0
cfcceca3-17e2-5655-903d-51b233a015bb,Rajrani Damayanti,1952,"Hindi, Film",Avinash Vyas,"Devendra Mohan, Neelkanth Tiwari, Mukhram Sharma",H.M.V.,0.0
a2fb3dfa-a09e-50fe-beaf-8b592eeff369,Rangeeli,1952,"Hindi, Film",Chic Chocolate,Raja Mehdi Ali Khan,H.M.V.,0.0
268b6db1-2bf7-5ab8-be42-88a462a167a8,Rani,1952,"Hindi, Film",D.C. Dutt,"P. Sudarshan, Vishwamitra Adil, J.S. Kashyap",H.M.V.,0.0
ebbd0e0b-cb68-5d6b-8349-76672f58fb32,Ratnadeep,1952,"Hindi, Film",Robin Chatterjee,"Mahendra Pran, Pandit Madhur, Vidyapati, Meera Bai",H.M.V.,3.0
9f1197ca-0cd5-50db-887b-74cbd1d85b12,Resham,1952,"Hindi, Film",Hansraj Behl,Prem Dhawan,H.M.V.,0.0
7debc44b-6e3d-516c-8b88-969bec4427cc,Saloni,1952,"Hindi, Film","Vinod, Basant Prakash","Aziz Kashmiri, Raja Mehdi Ali Khan, Arjun Dev Ashq, Hasrat Jaipuri",H.M.V.,0.0
532dbc0e-43fd-56ef-b1fd-6b28a97f7f2c,Sandesh,1952,"Hindi, Film",S. Purushottam,"Kumud Tripathi, Manohar Khanna, Nihal Chand Jain",H.M.V.,0.0
2fafd3ca-7e5c-5fe1-a075-632d14e52257,Sangdil,1952,"Hindi, Film",Sajjad Hussain,Rajendra Krishan,H.M.V.,3.67
012f4c49-c55e-51dd-82a0-9db223331192,Sanskar,1952,"Hindi, Film",Roshan,Shailendra,H.M.V.,3.0
eff13435-75b8-514b-adde-b52a893c7bfe,Sapna,1952,"Hindi, Film",Shyam Babu Pathak,Bharat Vyas,H.M.V.,0.0
db2f03d0-d269-5303-a8b2-e74ceee1ffed,Saqi,1952,"Hindi, Film",C. Ramchandra,Rajendra Krishan,H.M.V.,3.0
f23acbec-0205-55e7-bdff-92b216f6945f,Sheesha,1952,"Hindi, Film",Ghulam Mohammed,"Majrooh Sultanpuri, Shakeel Badayuni, Umar Ansari",H.M.V.,0.0
b5e903ab-3c30-5055-8db5-61cd6621a9db,Shin Shinaki Boobla Boo,1952,"Hindi, Film",C. Ramchandra,Pyarelal Santoshi,H.M.V.,3.0
014943c0-f720-5545-9f08-9fd1eebd1b0f,Shisham,1952,"Hindi, Film",Roshan,"Uddhav Kumar, Kaif Irfani, Zia Sarhadi, Indeevar, Madhukar Rajasthani, Nazim Panipati",H.M.V.,3.75
280374fa-86fe-5526-ab57-6b706c9bcea0,Shiv Shakti,1952,"Hindi, Film",Avinash Vyas,"Munshi Sagar Hussain, Saraswati Kumar Deepak",H.M.V.,0.0
679d5215-2110-5377-81a5-b856fcb1b7d2,Shrimatiji,1952,"Hindi, Film","Jimmy, S. Mohinder, Basant Prakash","Raja Mehdi Ali Khan, Hasrat Jaipuri, Shailendra",H.M.V.,2.5
6d880f41-0fcc-547e-9ce7-d2e439c9fed2,Sinbad The Sailor (Sinbad Jahazi),1952,"Hindi, Film",Chitragupt,"Anjum Jaipuri, Shyam Hindi, Chand Pandit",H.M.V.,0.0
8cb9efa2-9b87-5e68-8baf-fcd5a227d65c,Siskiyan,1952,"Hindi, Film",Ragi - Rajan,"Shriram - II, Naz Merathi, Madhukar Rajasthani, Majid Merathi",H.M.V.,0.0
9715cb17-918e-54cf-93c3-62e8b9626efe,Talaash,1952,"Hindi, Film",V. Balsara,Shri Ram Saaz,H.M.V.,0.0
d47263d0-fe66-5ed6-a46a-745faa3317c9,Tamasha,1952,"Hindi, Film","Manna Dey, Khemchand Prakash, S.K. Pal",Bharat Vyas,H.M.V.,0.0
5cb5396f-a287-5634-993e-dbfa88645b8c,Tarang,1952,"Hindi, Film",Chitragupt,"I.C. Kapoor, D.N. Madhok, Ram Murti",H.M.V.,0.0
c02b010a-df1c-56ee-8a92-3c2652de7444,Usha Kiran,1952,"Hindi, Film","Hanuman Prasad, Manohar","Anjum Pilibhiti, Kamil Rashid, Gafil Harnalvi",H.M.V.,0.0
760f2600-b7f9-56ab-96d5-a1d63d8b43f4,Veer Arjun,1952,"Hindi, Film","Avinash Vyas, S. Mohinder","Saraswati Kumar Deepak, Pandit Indra, Ramesh Gupta",H.M.V.,3.0
926ae98e-2cc8-5eda-9964-2def049849b5,Vishwamitra,1952,"Hindi, Film",B. Laxman,Manohar Khanna,H.M.V.,0.0
268a7a59-c886-54ad-be51-942499bb0732,Yatrik,1952,"Hindi, Film",Pankaj Mullick,"B.M. Sharma, Pandit Bhushan, Traditional, Meera Bai, Mahakavi Kalidas, Adi Shankaracharya",H.M.V.,0.0
030581c7-c5e6-555b-8d57-7b052706f15e,Zalzala,1952,"Hindi, Film",Pankaj Mullick,"Uddhav Kumar, Vrajendra Gaur, Ali Sardar Jafri, Satya Kumar",H.M.V.,0.0
cdb1f8fb-c929-5ad5-ba92-c4afb1512ea2,Zamane Ki Hawa,1952,"Hindi, Film","Gulshan Sufi, Z. Sherman, Khan Mastana, Azeez Khan","Kaif, Nazim Panipati, Wali Sahab, Sagar Badayuni, Khalish Lakhnavi",H.M.V.,0.0
5d17eec8-6ae1-5d1e-b135-9d258cc44a7f,Aabshar,1953,"Hindi, Film","Bhola Shreshtha, Ghulam Haider, Mohammed Shafi","Sarshar Sailani, Qateel Shifai, Waheed Qureshi",H.M.V.,0.0
15fb5ccb-dc1c-50a7-b4f6-789d2771ed7d,Aag Ka Darya,1953,"Hindi, Film",Vinod,"Hasrat Jaipuri, Aziz Kashmiri",H.M.V.,0.0
9b148068-8ab1-5195-a104-a0fe952f8b83,Aagosh,1953,"Hindi, Film",Roshan,"Shailendra, Indeevar, Kaif Irfani, Uddhav Kumar",H.M.V.,0.0
4de09453-8c23-52fb-8e24-b4a9a0364368,Aah,1953,"Hindi, Film",Shankar - Jaikishan,"Hasrat Jaipuri, Shailendra, Traditional",H.M.V.,3.0
4b801813-7583-5e93-914d-b6138e5505ac,Aas,1953,"Hindi, Film",Shankar - Jaikishan,"Shailendra, Hasrat Jaipuri",H.M.V.,3.0
596eb6b2-1e03-5173-9d70-6591aae2e53e,Akash,1953,"Hindi, Film",Anil Biswas,"Majrooh Sultanpuri, Manmohan Sabir, Satyendra Athaiya, Prem Dhawan",H.M.V.,0.0
092c8ff6-ff34-55a7-942a-3770263644fd,Alif Laila,1953,"Hindi, Film",Shyam Sunder - II,Sahir Ludhianvi,H.M.V.,3.25
fe7de9a2-a9f6-52ce-befc-c57ad58f1073,Anand Bhavan,1953,"Hindi, Film",Vasant Desai,"Raja Mehdi Ali Khan, Noor Lakhnavi",H.M.V.,0.0
7de12f05-0568-55b0-a035-ead8c14098b5,Anarkali,1953,"Hindi, Film","C. Ramchandra, Basant Prakash","Shailendra, Rajendra Krishan, Jan Nisar Akhtar, Hasrat Jaipuri",H.M.V.,3.33
7a87732a-6253-559a-9dce-96cb3e178501,Ansoo,1953,"Hindi, Film",Husnlal - Bhagatram,Qamar Jalalabadi,H.M.V.,0.0
a927d2e2-9844-5db6-a5ac-3ac3f1052ad0,Arman,1953,"Hindi, Film",S.D. Burman,Sahir Ludhianvi,H.M.V.,3.0
0c209aaa-cf77-5da5-9ce8-fb88017ed22c,Aurat,1953,"Hindi, Film",Shankar - Jaikishan,"Hasrat Jaipuri, Shailendra",H.M.V.,3.0
dbf4afbc-c138-5351-b161-a97d29c6a10d,Baaz,1953,"Hindi, Film",O.P. Nayyar,Majrooh Sultanpuri,H.M.V.,3.67
34a30100-af32-5e18-b692-0f89e3800732,Babla,1953,"Hindi, Film",S.D. Burman,Sahir Ludhianvi,H.M.V.,0.0
ff486ed1-0e36-5caa-b13b-f192ea29fd1e,Baghi,1953,"Hindi, Film",Madan Mohan,Majrooh Sultanpuri,H.M.V.,0.0
7e88a6c6-8183-5cca-9c25-bdc3622e44e3,Bahadur,1953,"Hindi, Film",S. Mohinder,"Sarshar Sailani, Surjit Sethi, Raja Mehdi Ali Khan, Firoz Jalandhari, Rajendra Krishan, Kunwar Mahendra Singh Bedi",H.M.V.,0.0
07afddca-a4b5-5767-98cd-92beef312443,Bhagyawan,1953,"Hindi, Film",Avinash Vyas,"Ramesh Gupta, Neelkanth Tiwari, Saraswati Kumar Deepak",H.M.V.,0.0
91c6cd07-5089-5639-a501-2613151c188d,Boot Polish,1953,"Hindi, Film",Shankar - Jaikishan,"Shailendra, Hasrat Jaipuri, Saraswati Kumar Deepak",H.M.V.,3.5
3a24d191-055a-5fee-853b-f6d57ba619cb,Chacha Chowdhary,1953,"Hindi, Film","Traditional, Madan Mohan","Traditional, Rajendra Krishan",H.M.V.,0.0
47dea562-83b5-5b0c-84e7-1e5a3863da4e,Chandirani,1953,"Hindi, Film",C.R. Subbaraman - M.S. Viswanathan,Vishwamitra Adil,H.M.V.,0.0
a950dca7-89aa-51c5-8c5e-833cfdd2204e,Char Chand,1953,"Hindi, Film","Nashad, K. Manohar","A. Karim, Shewan Rizvi",H.M.V.,0.0
de489984-3ee9-55bd-a412-d798abbb446f,Chetana,1953,"Hindi, Film","Jayanti Joshi, Harilal Thakur",Ramesh Gupta,H.M.V.,0.0
52452e32-493c-5817-9096-9b431a55df4d,Chhoti Duniya,1953,"Hindi, Film",Rajhans Kataria,Bekal,H.M.V.,0.0
6e394c0b-0dfc-5225-939a-aa83235e0ae8,Daaera,1953,"Hindi, Film",Jamal Sen,"Majrooh Sultanpuri, Kaif Bhopali",H.M.V.,3.0
e356bca7-f5df-5932-82f0-00d793143b92,Dana Pani,1953,"Hindi, Film",Mohan Junior,"Kaif Irfani, Indeevar",H.M.V.,0.0
f852f6d0-d74f-511c-98ac-8d7aabf462d0,Dara,1953,"Hindi, Film",Mohammed Shafi,"Anjum Jaipuri, Indeevar, Prem Sarang, S.T. Hussaini, Balkrishna Sharma Madhup, Saba Afghani, Arshi Ajmeri",H.M.V.,0.0
5d530ca5-9343-554d-b88c-16ef78f6e632,Dard-E-Dil,1953,"Hindi, Film",R.C. Boral,"Hasrat Jaipuri, D.N. Madhok",H.M.V.,0.0
921adaf1-5577-5e87-b8a7-1fe8520fbd46,Dharm Patni,1953,"Hindi, Film",Jamal Sen,"Bharat Vyas, Shewan Rizvi",H.M.V.,0.0
4f92c131-227e-5470-9341-cd8d4838b40e,Dhoon,1953,"Hindi, Film",Madan Mohan,"Kaif Irfani, Pyarelal Santoshi, Bharat Vyas",H.M.V.,2.5
b5a56d40-9b89-5d30-b705-5a263aa5096b,Dhuaan,1953,"Hindi, Film","Dhaniram, Vasant Desai",Rajendra Krishan,H.M.V.,0.0
e7be8ec9-7199-5816-812f-7c0e030b026c,Dil-E-Nadaan,1953,"Hindi, Film",Ghulam Mohammed,Shakeel Badayuni,H.M.V.,3.0
694ad633-954b-504d-83f4-ca4f401516bf,Do Bigha Zamin,1953,"Hindi, Film",Salil Chowdhury,Shailendra,H.M.V.,3.67
29086af5-9cb9-5412-9fbd-6f2fca71200a,Ek Do Teen,1953,"Hindi, Film",Vinod,Aziz Kashmiri,H.M.V.,0.0
55532f50-fe02-55a7-bda2-9224e8bf2209,Fareb,1953,"Hindi, Film",Anil Biswas,Majrooh Sultanpuri,H.M.V.,0.0
a3b426e7-8d1c-5ec1-80f9-70bf3b17c252,Fariyadi,1953,"Hindi, Film","Gulshan Sufi, B.N. Bali",Muzaffar Orkazai,H.M.V.,0.0
6e46f527-8418-587f-986e-33dc75793b1c,Farmaish,1953,"Hindi, Film",Husnlal - Bhagatram,"Qamar Jalalabadi, Khawar Zaman",H.M.V.,0.0
82a8918e-83dc-562f-899a-81a740bee29c,Firdaus,1953,"Hindi, Film","Robin Chatterjee, Roshan","D.N. Madhok, Shailendra",H.M.V.,0.0
27e7bda0-df27-5341-a251-6a2c2aa9584a,Footpath,1953,"Hindi, Film",Khayyam,"Majrooh Sultanpuri, Ali Sardar Jafri",H.M.V.,3.0
58dcc92e-3838-551b-8450-c514a6e97eb6,Gauhar,1953,"Hindi, Film",Ghulam Mohammed,Shakeel Badayuni,H.M.V.,0.0
46cb7e78-924c-5d85-828c-507ad74a3003,Gharbaar,1953,"Hindi, Film",Vasant Prabhu,"Indeevar, Kaif Irfani, D.N. Madhok",H.M.V.,0.0
4102b4ab-82bb-5e02-979b-c4657b5a2ced,Gul Sanobar,1953,"Hindi, Film","Bulo C. Rani, Khayyam","Kaif Irfani, Raja Mehdi Ali Khan, Nazim Panipati",H.M.V.,0.0
59b26570-1fb0-52fe-b508-22d0096b813e,Gunah,1953,"Hindi, Film","Snehal Bhatkar, Roshan",Kedar Sharma,H.M.V.,0.0
c7f89da0-c224-5c7a-ab5a-4019ed760146,Hamdard,1953,"Hindi, Film",Anil Biswas,"Prem Dhawan, Majrooh Sultanpuri",H.M.V.,0.0
a4779ee2-b9c7-57b4-a01d-1ba35a8790a0,Hari Darshan,1953,"Hindi, Film",Shankar Rao Vyas,"Kishore Pandey, Saraswati Kumar Deepak, Ramesh Chandra Pandey, Ramesh Gupta",H.M.V.,0.0
c09dff18-def1-5ed7-9ae1-79228e203133,Hazaar Raten (Thousan Nights),1953,"Hindi, Film",Ghulam Mohammed,Shakeel Badayuni,H.M.V.,0.0
9325b6b2-afc7-55de-9a3d-ba10d1f94ac0,Humsafar,1953,"Hindi, Film",Ustad Ali Akbar Khan,Sahir Ludhianvi,H.M.V.,0.0
6c48a46b-f1df-58b5-b6c5-e696ba6b8525,Husn Ka Chor,1953,"Hindi, Film",Bulo C. Rani,"Raja Mehdi Ali Khan, Pandit Chand, J.B.H. Wadia",H.M.V.,0.0
9a2f6a27-7ff4-52ec-9b13-2bf4297c2ee3,Jalianwala Baag Ki Jyot,1953,"Hindi, Film",Anil Biswas,"Majrooh Sultanpuri, Uddhav Kumar, Prem Dhawan, Partau Lakhnavi, Rajendra Krishan",H.M.V.,0.0
cebe40a6-7038-55be-bfea-b240e797e5ca,Jeewan Jyoti,1953,"Hindi, Film",S.D. Burman,"Sahir Ludhianvi, Narendra Sharma",H.M.V.,0.0
dbbf1b8a-ac03-547d-b029-302419896057,Jhamela,1953,"Hindi, Film",C. Ramchandra,Rajendra Krishan,H.M.V.,0.0
7a017536-b35e-5d27-9562-accca6f3cd35,Jhanjhar,1953,"Hindi, Film",C. Ramchandra,Rajendra Krishan,H.M.V.,3.5
f4657982-821e-59a7-967d-fd9c49c68b9a,Jhansi Ki Rani,1953,"Hindi, Film",Vasant Desai,Pandit Radheshyam,H.M.V.,0.0
e0ef9335-7074-5bee-9570-89ea1d57b065,Khoj,1953,"Hindi, Film",Nisar,"Hasrat Jaipuri, Raja Mehdi Ali Khan, Anjum Jaipuri",H.M.V.,0.0
9907f1fa-fa95-5823-a303-be4e755f6d14,Ladki,1953,"Hindi, Film","C. Ramchandra, R. Sudarsanam, Dhaniram","Rajendra Krishan, Moti",H.M.V.,3.5
724ddebe-6c2f-5c01-aa16-72ec3b91f9c4,Lahren,1953,"Hindi, Film",C. Ramchandra,Rajendra Krishan,H.M.V.,0.0
16f3bfee-9e11-599e-b536-8e99cfd4d171,Laila Majnu,1953,"Hindi, Film","Ghulam Mohammed, Sardar Malik",Shakeel Badayuni,H.M.V.,0.0
335a0308-7499-5ac1-9845-8dfae2ada393,Madmast,1953,"Hindi, Film",V. Balsara,"Madhuraj - I, Maanav, J.C. Pant",H.M.V.,0.0
3aea6bff-4275-5da5-a87f-ffd5aaface22,Mahatma,1953,"Hindi, Film",Vasant Pawar - Ram Vadhavkar,Ehsan Rizvi,H.M.V.,0.0
36cc4f76-08ce-5e73-8556-52dc73704a01,Malika Salomi,1953,"Hindi, Film","Iqbal, Krishna Dayal",Farooq Qaiser,H.M.V.,0.0
8f26dc98-7515-5f98-9b92-ea4118400fff,Malkin,1953,"Hindi, Film",Roshan,Rajendra Krishan,H.M.V.,3.0
ae05234c-b4ac-530a-91f8-643e99a6e940,Manchala,1953,"Hindi, Film",Chitragupt,Raja Mehdi Ali Khan,H.M.V.,0.0
aefa1136-18e2-5849-bd1a-526d34068a7a,Mashuqa,1953,"Hindi, Film",Roshan,"Qamar Jalalabadi, Shailendra",H.M.V.,3.0
07e6b2c7-5417-5251-b9b2-d55b7d66d67d,Mayurpankh,1953,"Hindi, Film",Shankar - Jaikishan,"Shailendra, Hasrat Jaipuri",H.M.V.,3.0
15711ae4-6258-5624-8807-f77eab435e33,Mehmaan,1953,"Hindi, Film",Anil Biswas,"P.N. Rangeen, Uddhav Kumar, Raja Mehdi Ali Khan",H.M.V.,0.0
12824974-87ed-5025-a355-5904d01af7c1,Nag Panchami,1953,"Hindi, Film",Chitragupt,Gopal Singh Nepali,H.M.V.,0.0
97a1eb65-fd6a-5152-9d33-ad2281c16051,Nagma,1953,"Hindi, Film",Nashad,"J. Nakhshab, Mirza Shauq Lakhnavi",H.M.V.,3.5
59cff153-4934-5b07-b232-a16c96dac773,Naina,1953,"Hindi, Film","Ghulam Mohammed, Manna Dey","Anjum, Uddhav Kumar, Pyarelal Santoshi",H.M.V.,0.0
9c0a4feb-d79b-521c-a7cb-37f6a398b93d,Naulakha Haar,1953,"Hindi, Film",Bhola Shreshtha,"Bharat Vyas, Ramesh Gupta",H.M.V.,0.0
b3586dc0-e6e2-58c7-8652-c004777eca04,Nav Durga,1953,"Hindi, Film",S.N. Tripathi,"Anjum Jaipuri, Ramesh Chandra Pandey",H.M.V.,0.0
2e1ed0d5-227e-5c9c-b44a-8e96a7a7cca3,Naya Ghar,1953,"Hindi, Film",Shankar - Jaikishan,"Hasrat Jaipuri, Shailendra",H.M.V.,3.0
1bc091e7-4a24-5320-8d8a-78c833b7e61d,Naya Rasta,1953,"Hindi, Film",Chitragupt,"Raja Mehdi Ali Khan, Saraswati Kumar Deepak, Hasrat Jaipuri",H.M.V.,0.0
b896d1e2-96f8-5762-9f5e-de90b25d014a,Pahli Shadi,1953,"Hindi, Film",Robin Chatterjee,"Kaif Irfani, D.N. Madhok",H.M.V.,0.0
5ba769d0-a0f4-5b04-b2ae-21fb7ce6cbd3,Pamposh,1953,"Hindi, Film",Manohar Khanna,Manohar Khanna,H.M.V.,0.0
c90dccae-fc6c-59fd-882d-166dd94ae3d2,Papi,1953,"Hindi, Film",S. Mohinder,"Hasrat Jaipuri, Raja Mehdi Ali Khan, Sarshar Sailani, Surjit Sethi, Butaram Sharma, Rajendra Krishan",H.M.V.,3.0
abc17c3e-b7b6-514d-88c6-09a42894a9dc,Parineeta,1953,"Hindi, Film",Arun Kumar Mukherjee,Bharat Vyas,H.M.V.,3.5
6e28e4df-b3d8-5afe-8af5-10b2145e1d3d,Patita,1953,"Hindi, Film",Shankar - Jaikishan,"Shailendra, Hasrat Jaipuri",H.M.V.,4.8
333a0942-2c7a-5de8-8cc8-427a15a79f17,Rahi,1953,"Hindi, Film",Anil Biswas,"Prem Dhawan, Dashrath Lal",H.M.V.,0.0
06f2da4b-3f2a-53f6-aede-226092a0d12f,Rail Ka Dibba,1953,"Hindi, Film",Ghulam Mohammed,Shakeel Badayuni,H.M.V.,0.0
b403c5e3-6b7f-54da-a1ba-b5d54542874a,Raj Mahal,1953,"Hindi, Film","Govind Ram, G.P. Kapoor","Munshi Dil, Nandini Mahendra",H.M.V.,0.0
7e4df969-986c-5945-9e28-23fedad94bae,Raj Ratan,1953,"Hindi, Film",Neenu Majumdar,Bharat Vyas,H.M.V.,0.0
be9bd32c-5fee-5d1c-9d77-5938f36ff060,Rami Dhoban,1953,"Hindi, Film",Hiren Bose,Ram Murti,H.M.V.,0.0
7ed76fb8-0faf-537c-99c9-212be4ae8153,Rangeela,1953,"Hindi, Film",Jamal Sen,"S.H. Bihari, Ehsan Rizvi",H.M.V.,0.0
aa5bd717-ca73-5adb-b844-76acec5032f8,Shagufa,1953,"Hindi, Film",C. Ramchandra,Rajendra Krishan,H.M.V.,3.0
4cf04f93-e210-58c0-9c89-34cbbbd64f85,Shahenshah,1953,"Hindi, Film",S.D. Burman,Sahir Ludhianvi,H.M.V.,0.0
2d8ebf66-ddab-5aff-9f62-bb0ff7f79c16,Shamsheer,1953,"Hindi, Film","Arun Kumar, Anupam Ghatak","Vrajendra Gaur, Nazish Sikandarpuri, Pandit Madhur",H.M.V.,0.0
86f56fca-91b7-5e0c-8615-bdabbd2e8953,Shikast,1953,"Hindi, Film",Shankar - Jaikishan,"Shailendra, Hasrat Jaipuri",H.M.V.,3.0
9a75bb34-07b1-51a3-8f22-7cbf199b0965,Shole,1953,"Hindi, Film","Dhaniram, Naresh Bhattacharya","Majrooh Sultanpuri, Kamil Rashid, Saraswati Kumar Deepak, Sahir Ludhianvi",H.M.V.,3.5
c24269a5-7141-5a45-9063-1d372942fcca,Shree Chaitanya Mahaprabhu,1953,"Hindi, Film",R.C. Boral,Bharat Vyas,H.M.V.,0.0
ae79a95d-19f3-5f08-b3d9-9e64b9d3214a,Shuk Rambha,1953,"Hindi, Film",Manna Dey,"Bharat Vyas, Saraswati Kumar Deepak",H.M.V.,0.0
80f18763-bca3-50d3-b766-d23339f07fea,Sohag Sindoor,1953,"Hindi, Film","Shailesh Mukherjee, Suresh Kumar","Suresh Tripathi, Harish Bhardwaj, Bharat Vyas, Saraswati Kumar Deepak",H.M.V.,0.0
eb36f4cd-f65e-5fcb-998e-b03d3b1532da,Surang,1953,"Hindi, Film",Shivram Krishna,Shewan Rizvi,H.M.V.,0.0
ab34c04a-1ae1-5d9e-84b0-911201960cc4,Teen Batti Char Rasta (Three Lights And Four Streets),1953,"Hindi, Film","Shivram Krishna, Kanu Ghosh, Nataraj - I, Gulshan Sufi, Vasant Desai, Avinash Vyas","Pyarelal Santoshi, Kanu Ghosh, Nataraj - I, Ram Panjwani, G.D. Madgulkar, Avinash Vyas, Firoz - VI",H.M.V.,0.0
aa481d11-ee11-5f38-93b3-9d0942e9bb06,Thokar,1953,"Hindi, Film",Sardar Malik,"Harsh Tandon, Majaz, Prem Dhawan, Uddhav Kumar, Kavita - II, Raja Mehdi Ali Khan, Shor Niyazi",H.M.V.,3.0
9f69c674-9bdf-58de-a04c-71ddf7c0fbaa,Aar Paar,1954,"Hindi, Film",O.P. Nayyar,Majrooh Sultanpuri,H.M.V.,5.0
aa6488c2-ea60-55cf-94cc-750e5ed6d69b,Adhikar,1954,"Hindi, Film",Avinash Vyas,"Prem Dhawan, Raja Mehdi Ali Khan, Neelkanth Tiwari, Saraswati Kumar Deepak",H.M.V.,4.0
a3ef7b9c-2a4b-5d99-bae0-94fc33c439a2,Afreeka,1954,"Hindi, Film",Robin,Kumar Sharma Banvasi,H.M.V.,0.0
d648fff6-581a-5195-9f11-ba9382266223,Alibaba And Forty Thieves (Alibaba Aur Chalis Chor),1954,"Hindi, Film","S.N. Tripathi, Chitragupt",Raja Mehdi Ali Khan,H.M.V.,0.0
f5377cb0-5a03-5315-a9e0-9f326f4a7418,Amar,1954,"Hindi, Film",Naushad,Shakeel Badayuni,H.M.V.,3.67
30081421-e552-502d-9553-62aa9f8acd12,Amar Kirtan,1954,"Hindi, Film",S.D. Batish,Wali Sahab,H.M.V.,2.33
d7148ddd-0843-5a70-b2ff-4326b10c8bfd,Ameer,1954,"Hindi, Film",Lachhiram Tamar,"Asad Bhopali, Uddhav Kumar, Pyarelal Santoshi",H.M.V.,0.0
e56fa5cb-3e88-5570-87ac-442913b3c64b,Angaray,1954,"Hindi, Film",S.D. Burman,Sahir Ludhianvi,H.M.V.,3.0
7acd964d-4d8c-54db-bebb-f847de5a6c54,Aulad,1954,"Hindi, Film",Sardar Malik,"Vishwamitra Adil, Raja Mehdi Ali Khan, Prem Dhawan",H.M.V.,0.0
49bf8460-9e01-5ada-856e-0b41730d2154,Aurat Teri Yehi Kahani,1954,"Hindi, Film",Bulo C. Rani,"Pandit Phani, Saraswati Kumar Deepak, D.N. Madhok, Butaram Sharma",H.M.V.,0.0
05ed6c39-cd80-59cc-8150-d79ac7c7aad0,Baadbaan,1954,"Hindi, Film",Timir Baran - S.K. Pal,"Indeevar, Uddhav Kumar",H.M.V.,3.0
5bc95fa9-2658-5b6e-8adc-d121b5f06944,Baap Beti,1954,"Hindi, Film",Roshan,Kavi Pradeep,H.M.V.,3.0
f5be4287-e38d-54ec-b69f-73061cd87dee,Badshah,1954,"Hindi, Film",Shankar - Jaikishan,"Hasrat Jaipuri, Shailendra",H.M.V.,3.0
2dd57c89-d27c-5dbc-af97-4e9080b2541a,Bahut Din Huwe,1954,"Hindi, Film","B.S. Kalla, E. Shankar Shastri",Pandit Indra,H.M.V.,0.0
7b128b4c-affa-5f9b-8dd4-88c4134c7671,Barati,1954,"Hindi, Film",Roshan,"Jan Nisar Akhtar, D.N. Madhok, Raja Mehdi Ali Khan, Tanveer Naqvi",H.M.V.,3.0
672b6e4a-2514-5771-9be7-2c8ce51f1986,Bazooband,1954,"Hindi, Film","Mohammed Shafi, Traditional","Dagh Dehlvi, Prem Dhawan, Traditional, Pandit Chandrashekhar",H.M.V.,4.0
25bf648e-5f3f-595a-9641-9a103b25cf47,Bhai Saheb,1954,"Hindi, Film",Neenu Majumdar,Shailendra,H.M.V.,3.0
8bc2f53e-b7da-5991-9028-ce87262f7900,Bilwamangal,1954,"Hindi, Film",Bulo C. Rani,D.N. Madhok,H.M.V.,3.0
07e41d82-bc2f-5eb2-a488-ef527ea19795,Biraj Bahu,1954,"Hindi, Film",Salil Chowdhury,Prem Dhawan,H.M.V.,3.0
dd317371-f127-5a39-b636-ce60d61ac78d,Chakra Dhari,1954,"Hindi, Film",Avinash Vyas,Kavi Pradeep,H.M.V.,0.0
40d85288-31a8-5444-80c7-14ce16ebd43c,Chalis Baba Ek Chor,1954,"Hindi, Film",S.D. Burman,Pyarelal Santoshi,H.M.V.,0.0
9ed66a60-7541-5abe-9f83-4e781b23a69f,Chandni Chowk,1954,"Hindi, Film",Roshan,"Majrooh Sultanpuri, Kamil Rashid, Shailendra, Raja Mehdi Ali Khan, Saifuddin Saif",H.M.V.,4.0
af85af34-7cae-54a2-9b14-4634b3632e88,Chor Bazar,1954,"Hindi, Film",Sardar Malik,Shakeel Badayuni,H.M.V.,4.0
7b9d1ba3-4926-5bea-a044-8170bfb91824,Dak Babu,1954,"Hindi, Film",Dhaniram,"Chand Pandit, Prem Dhawan, Raja Mehdi Ali Khan, Dhaniram",H.M.V.,0.0
c2b25215-0173-5539-950e-127520db682e,Dakoo Ki Larki,1954,"Hindi, Film",Hemant Kumar,"Kaif Irfani, S.H. Bihari, Indeevar",H.M.V.,0.0
d4935286-52c4-5b02-a3ee-4e60d7dab3c9,Danka,1954,"Hindi, Film",Aziz Hindi,"Jan Nisar Akhtar, Arshi Ajmeri, Nazim Panipati",H.M.V.,0.0
06b8c620-26ef-53b8-912d-60e85d2cff7a,Darwaza,1954,"Hindi, Film",Nashad,"Majrooh Sultanpuri, Vishwamitra Adil, Khumar Barabankvi",H.M.V.,0.0
571069e5-b943-5584-b9eb-f4b7f7f73b11,Dhobi Doctor,1954,"Hindi, Film",Khayyam,"Majrooh Sultanpuri, Ali Sardar Jafri",H.M.V.,0.0
cf2fd1da-2d38-5bac-808b-c173c2bd2432,Dhoop Chhaon,1954,"Hindi, Film",Aziz Hindi,"Jan Nisar Akhtar, Manohar Khanna, Arshi Ajmeri, Khawar Zaman",H.M.V.,0.0
32c83336-a408-54f0-8fd1-9a4861c62a58,Dost,1954,"Hindi, Film",Hansraj Behl,"Verma Malik, Asad Bhopali, Satyarthi, Om Prakash, Butaram Sharma",H.M.V.,3.0
298e4775-4794-5502-88a0-8983de22c91f,Durga Puja,1954,"Hindi, Film",S.N. Tripathi,"Gopal Singh Nepali, B.D. Mishra, Bharat Vyas, Saraswati Kumar Deepak",H.M.V.,0.0
93d1bf5b-cd4f-559d-aff6-8ffe906e1624,Ehsan,1954,"Hindi, Film",Madan Mohan,"D.N. Madhok, Kaif Irfani",H.M.V.,0.0
32230596-4626-5a7f-ab59-91cdd32534d7,Ferry (Kashti),1954,"Hindi, Film",Hemant Kumar,Rajendra Krishan,H.M.V.,0.0
3464bbe0-09a7-50be-a55a-78d92dfa5856,Gawaiya,1954,"Hindi, Film",Ram Ganguly,"Chandra Shekhar Pandey, Shewan Rizvi, S.H. Bihari",H.M.V.,0.0
4dd575ec-b2dc-559a-aff5-d0ca4128aabd,Gokul Ka Raja,1954,"Hindi, Film",Shridhar Parsekar,Y.N. Joshi,H.M.V.,0.0
1fc5204e-0c56-5c09-84ff-3df4bc0cec9f,Golconda Ka Qaidi (Prisoner Of Golconda),1954,"Hindi, Film","Datta Davjekar, Jagannath - III, Kundan Lal","Prakash Saathi, Anjaan, Kaif Irfani",H.M.V.,0.0
b08519fc-2e7f-5a3f-b83e-4c4ed7a11ad2,Gul Bahar,1954,"Hindi, Film","Dhaniram, Khayyam","Kaifi Azmi, Asad Bhopali, Shewan Rizvi",Music Master - Bulbul Records,0.0
cdf3ef35-c3b8-5dfe-8087-079e4db7f466,Guzara,1954,"Hindi, Film",Ghulam Mohammed,"Raja Mehdi Ali Khan, Fauk Jaami, Munir Lakhnavi",H.M.V.,0.0
3d2ec1c3-b820-54cb-bb69-f173772be1e1,Haar Jeet,1954,"Hindi, Film",S.D. Batish,"Aziz Kashmiri, Shewan Rizvi, Saraswati Kumar Deepak, Kaif Irfani",H.M.V.,0.0
1297342a-39ba-5351-88e4-ceed1bfb196d,Halla Gulla,1954,"Hindi, Film",Nisar,Saba Afghani,H.M.V.,0.0
1cc6595b-6555-5087-bb9b-e23a827f1ad2,Hamlet,1954,"Hindi, Film",Ramesh Naidu,Hasrat Jaipuri,H.M.V.,0.0
312a0474-2dc2-5683-9323-4aaa34444127,Hanuman Janma (Sati Anjani),1954,"Hindi, Film",Hansraj Behl,S.P. Kalla,H.M.V.,0.0
311ea72c-4005-55e8-b239-35fbb019a23c,Ilzam,1954,"Hindi, Film",Madan Mohan,Rajendra Krishan,H.M.V.,0.0
73f1da7f-62b4-5815-874d-6a37cd102c5a,Jagriti,1954,"Hindi, Film",Hemant Kumar,Kavi Pradeep,H.M.V.,4.0
b1abb904-d8a2-540e-8b11-2ac10e9efba7,Kalakar,1954,"Hindi, Film",Vasant - Ramchandra,"Sarshar Sailani, K. Razdan",H.M.V.,0.0
84063b99-a624-59e2-9f9c-76630bd21231,Kasba,1954,"Hindi, Film",Ram Ganguly,S.H. Bihari,Bulbul Records,0.0
75f8f280-00a7-59ac-8fd2-f61cd80056ae,Kasturi,1954,"Hindi, Film","Pankaj Mullick, Jamal Sen",Vrajendra Gaur,H.M.V.,3.5
e73f5beb-0b1e-558e-9461-65981c567650,Kavi,1954,"Hindi, Film",C. Ramchandra,Rajendra Krishan,H.M.V.,3.0
97b45716-d0eb-5b60-af71-a4fdb5b109bc,Khaiber,1954,"Hindi, Film",Hansraj Behl,Asad Bhopali,H.M.V.,3.0
fe21d2be-7186-564c-a6e8-e4153320cc84,Khushboo,1954,"Hindi, Film",Shankar Lal,Gopal Singh Nepali,H.M.V.,2.5
e9a23115-e4d8-5361-bb6f-9300ec5a77c3,Ladla,1954,"Hindi, Film",Vinod,"Balkrishna Mauj, Raja Mehdi Ali Khan, Dev Krishna, Kaif Irfani",H.M.V.,0.0
ec518d0b-6b0b-563c-8c04-6e89c47aa71f,Laila,1954,"Hindi, Film",A.R. Qureshi,"Munshi Dil, Shewan Rizvi, Mulkraj Bhakri, Bharat Vyas, Kaif Irfani",H.M.V.,0.0
8d347049-2427-5000-94aa-ed4072af3655,Lakeeren,1954,"Hindi, Film",Hafeez Khan,Shewan Rizvi,H.M.V.,3.0
eb2c9099-61d0-5998-83e1-361738ca8f56,Lal Pari,1954,"Hindi, Film",Hansraj Behl,Asad Bhopali,H.M.V.,3.0
3d485226-4861-5377-9776-cbeb283290e9,Maan,1954,"Hindi, Film",Anil Biswas,"Kaif Bhopali, Safdar Aah, Raja Mehdi Ali Khan",H.M.V.,3.33
add0e609-2e3c-5fc9-89fb-605a837cd7b3,Maha Puja (Shri Satyanarayan Ki Katha),1954,"Hindi, Film","Shankar Rao Vyas, Avinash Vyas, Manna Dey",Ramesh Gupta,H.M.V.,0.0
d6e226e2-0fc0-5a25-8950-bff5deacee8a,Mahatma Kabir,1954,"Hindi, Film",Anil Biswas,"Izhar Malihabadi, Narendra Sharma, Kabir, Ehsan, Chandra Shekhar Pandey, Wajid Ali Shah",H.M.V.,2.0
91e644b1-4ecf-55a9-a71b-d612604229e5,Majboori (Chhoti Bahen),1954,"Hindi, Film","Robin Chatterjee, Traditional","D.N. Madhok, Pandit Gaafil, Traditional",H.M.V.,3.0
78f577d8-61e4-5ee6-9bf1-54f8fe491115,Malik,1954,"Hindi, Film",Vedpal Devichand,"Shant, Sholey, Z. Sami, Prakash Lakhnavi, Modi, Mastana Amritsari, Sehgal Rahi",H.M.V.,0.0
32a6f196-0eee-5f93-9dbc-5608276fb327,Malika-E-Alam Noorjahan,1954,"Hindi, Film",Avinash Vyas,"Ramesh Gupta, Pyarelal Santoshi, Keshav Trivedi",H.M.V.,0.0
0cba94e0-e201-5487-8579-be4ccefe27ad,Mangu,1954,"Hindi, Film","O.P. Nayyar, Mohammed Shafi","Majrooh Sultanpuri, Saba Afghani, S.H. Bihari",H.M.V.,4.0
b74ec20a-0aa9-58ff-93d0-70a025499e76,Manohar,1954,"Hindi, Film","T.R. Ramanathan, Salil Chowdhury, S.V. Venkatraman",Vishwamitra Adil,H.M.V.,3.0
3439d55b-6b77-5441-a300-9b95be363f29,Mastana,1954,"Hindi, Film",Madan Mohan,Rajendra Krishan,H.M.V.,0.0
6745c631-3d48-5ef2-ba9b-1774cdd82647,Meenaar,1954,"Hindi, Film",C. Ramchandra,Rajendra Krishan,H.M.V.,0.0
0a1df1bd-9492-5b28-9157-0297d672b12e,Mehbooba,1954,"Hindi, Film","Roshan, O.P. Nayyar","Tanveer Naqvi, Majrooh Sultanpuri, Indeevar",Music Master - Bulbul Yellow Records,0.0
e2a5aa98-bf16-5bed-b4c1-052a737d49d4,Mirza Ghalib,1954,"Hindi, Film",Ghulam Mohammed,"Mirza Ghalib, Shakeel Badayuni",H.M.V.,4.0
48c9645c-6677-50cb-8a68-67190e15826d,Miss Mala,1954,"Hindi, Film",Chitragupt,"Anjum Jaipuri, Raja Mehdi Ali Khan",H.M.V.,0.0
e9ff28d6-64b6-5679-8650-4bb6a15a4ea6,Naaz,1954,"Hindi, Film",Anil Biswas,"Satyendra Athaiya, Prem Dhawan, Safdar Aah, Kedar Sharma",H.M.V.,3.67
88c6ffe0-7cc2-5527-a14b-6d73f5a245f8,Nagin,1954,"Hindi, Film","Hemant Kumar, Ravi",Rajendra Krishan,H.M.V.,4.5
2892ead8-2aa5-5a2f-b057-d4a1f0545a50,Nastik,1954,"Hindi, Film",C. Ramchandra,Kavi Pradeep,H.M.V.,4.5
d310aa73-ff16-554f-8f66-9f25364c06e5,Naukri,1954,"Hindi, Film",Salil Chowdhury,Shailendra,H.M.V.,4.8
d54fc67f-8b9c-5c65-a664-0e7ab6e2a296,Parichay,1954,"Hindi, Film","Sailesh - I, Vedpal","Akhtar Yusuf, Keshav Trivedi",H.M.V.,3.5
b9239021-62b1-5001-a7c3-87ca1ec0c24b,Pehali Tarikh,1954,"Hindi, Film",Sudhir Phadke,Qamar Jalalabadi,H.M.V.,3.5
2ceda607-47f2-5be5-965a-90d728e2246c,Pehli Jhalak,1954,"Hindi, Film",C. Ramchandra,Rajendra Krishan,H.M.V.,0.0
530ab6ca-a890-5d3c-a28c-8fb8c15ae508,Pensioner,1954,"Hindi, Film",Hansraj Behl,"Naqsh Lyallpuri, A. Shah Shikarpuri, Indeevar, Uddhav Kumar",H.M.V.,0.0
187ae93c-95b8-5cc9-8efa-d4a3dd2a34b2,Pilpli Saheb,1954,"Hindi, Film",Sardul Kwatra,"Hasrat Jaipuri, Shailendra, Verma Malik",H.M.V.,0.0
adfeb824-1aee-5004-98bd-223c09962e2a,Pooja,1954,"Hindi, Film",Shankar - Jaikishan,"Hasrat Jaipuri, Shailendra",H.M.V.,0.0
4ebef9be-8f3f-5894-a23d-912a328281ad,Pyase Nain,1954,"Hindi, Film","S.K. Pal, Bulo C. Rani","Kaif Irfani, D.N. Madhok, Waheed Qureshi",H.M.V.,0.0
1c15036a-9b8c-5772-b7d3-dbced4d39aa0,Radha Krishna,1954,"Hindi, Film",S.D. Burman,"Satyendra Athaiya, Sahir Ludhianvi, Narendra Sharma",H.M.V.,0.0
946a37b6-80db-50d0-88f7-b1bbb3f44cba,Ramman,1954,"Hindi, Film",Vinod,Aziz Kashmiri,H.M.V.,0.0
511b5ce9-ddb3-55a7-b6f3-89bc9062d51b,Rasiya,1954,"Hindi, Film",Bulo C. Rani,D.N. Madhok,H.M.V.,0.0
b0b01399-0262-5465-9239-333c1296870b,Rishta,1954,"Hindi, Film",K. Dutta,Pandit Phani,H.M.V.,0.0
b812175a-1b2a-5fe9-a697-89133302784b,Ritu Vihar,1954,"Hindi, Film",Jamal Sen,Kavi Pradeep,H.M.V.,0.0
73dc1b79-270d-5dc3-b0f2-9271f84df41a,Sadma,1954,"Hindi, Film",Shankar Dasgupta,"T. Ram, Dewan - I",Columbia Records,0.0
e5ff7733-4e6a-58cd-a824-3a7c55721d5e,Saltanat,1954,"Hindi, Film",Chitragupt,"Anjum Jaipuri, Gopal Singh Nepali",H.M.V.,0.0
895bd1cd-acc6-5b7a-bee3-105b4d3b4d67,Samaj,1954,"Hindi, Film",Arun Kumar Mukherjee,Majrooh Sultanpuri,H.M.V.,0.0
89606240-669a-52b3-9849-6f3560965b83,Samrat,1954,"Hindi, Film",Hemant Kumar,Rajendra Krishan,H.M.V.,0.0
de554491-0ecc-55f8-afc4-52b6873a526f,Sangam,1954,"Hindi, Film",Ram Ganguly,"S.H. Bihari, Kaif Irfani, Hasrat Jaipuri",H.M.V.,0.0
7e4efa2c-2e5a-5ebb-9cf2-ee2b0bb80e16,Savdhan,1954,"Hindi, Film",Vasant - Ramchandra,Sahir Ludhianvi,H.M.V.,0.0
10ac1409-dcb9-5451-a4fc-22fd8d4951f2,Shabab,1954,"Hindi, Film",Naushad,Shakeel Badayuni,H.M.V.,3.5
91edaf29-451d-517c-8633-9717cf536773,Shaheed-E-Azam Bhagat Singh,1954,"Hindi, Film",Lachhiram Tamar,"Shauqat Pardesi, Sahir Chandpuri, Bismil Azimabadi",H.M.V.,0.0
89b821ec-fa59-583a-8ca9-28c7a07c01ae,Shama Parwana,1954,"Hindi, Film",Husnlal - Bhagatram,Majrooh Sultanpuri,H.M.V.,3.33
dd2bb944-4ce3-5fa8-8ad2-e5b7627f3b2c,Shart,1954,"Hindi, Film",Hemant Kumar,"Rajendra Krishan, S.H. Bihari",H.M.V.,3.0
0f7eee93-5f63-5dfb-ae7c-6b3d31c003f2,Sheeshe Ki Diwar,1954,"Hindi, Film",Shankar Dasgupta,Manmohan Sabir,H.M.V.,0.0
cdd5cf07-a055-57e9-a80d-2905a5e73082,Sher Dil,1954,"Hindi, Film",Shafi M. Nagri,"Raja Mehdi Ali Khan, Saraswati Kumar Deepak, Preetam Dehlvi",H.M.V.,0.0
ae715200-4543-5e5f-b18f-3348236c9067,Shiv Kanya,1954,"Hindi, Film",Manna Dey,"Ramesh Gupta, Bharat Vyas, Saraswati Kumar Deepak",H.M.V.,0.0
2456e59a-2222-50f3-b95c-6aa922189825,Shivratri,1954,"Hindi, Film",Chitragupt,Gopal Singh Nepali,H.M.V.,0.0
1177748f-8a2a-5f97-b7a0-ac073eb04301,Shobha,1954,"Hindi, Film",Robin Chatterjee,"Mahendra Pran, Kaif Irfani",H.M.V.,0.0
5642919d-5050-5052-8223-bec73861d3d0,Subah Ka Tara,1954,"Hindi, Film",C. Ramchandra,"Noor Lakhnavi, Deewan Sharar",H.M.V.,3.0
42e7b73a-89d8-5548-a78c-bb17e064b87c,Suhagan,1954,"Hindi, Film",Vasant - Ramchandra,"Ehsan Rizvi, Saraswati Kumar Deepak",H.M.V.,0.0
388b2456-65fb-52ce-86c6-73fd506a7fa0,Taxi Driver,1954,"Hindi, Film",S.D. Burman,Sahir Ludhianvi,H.M.V.,4.0
8c83f65f-5d9c-5966-9273-36b059cac09b,Teen Tasveeren,1954,"Hindi, Film",Neenu Majumdar,Prem Dhawan,H.M.V.,0.0
688f2be3-aeaa-5b13-a6c1-aa927a5e2c4e,Teer,1954,"Hindi, Film",Suleiman Dafrani,"Shamshul Haq 'Shams', Nirdoshi",H.M.V.,0.0
f7c48d6d-9d94-575a-893e-01b479f06285,Tilottama,1954,"Hindi, Film",S.N. Tripathi,Gopal Singh Nepali,H.M.V.,0.0
6b72b577-c853-53a4-a822-19a366296775,Toofan,1954,"Hindi, Film",S.D. Batish,"Kaif Irfani, Waheed Qureshi, Gafil Harnalvi",H.M.V.,0.0
f547d7f8-d30d-51c3-b595-b27b6e7823e5,Toote Khilone,1954,"Hindi, Film",Chitragupt,"Raja Mehdi Ali Khan, Gopal Singh Nepali, Anjum Jaipuri",H.M.V.,0.0
d56b6ded-c0ce-5447-91ec-d1bc8d21a53a,Tulsidas,1954,"Hindi, Film",Chitragupt,Gopal Singh Nepali,H.M.V.,3.0
4c09a2a9-4dae-549d-b18b-ac2232005875,Vijaygarh,1954,"Hindi, Film","A.K. Prem, Krishna Dayal","Muzaffar Shahjahanpuri, Indeevar",H.M.V.,0.0
79a82fcb-d242-5059-8654-b507e4bce68b,Waris,1954,"Hindi, Film",Anil Biswas,"Majrooh Sultanpuri, Qamar Jalalabadi",H.M.V.,3.0
2a9dee81-39bf-5795-a0d7-49c315ffc38f,Watan,1954,"Hindi, Film",Hafeez Khan,Shewan Rizvi,H.M.V.,0.0
