album_uuid,album_title,album_year,album_category,album_music_director,album_lyricist,album_label,album_rating
73672415-8dc7-5172-b096-8e3495538e05,A Sound Affair,1985,"Hindi, Non Film",Jagjit Singh,"Shahid Meer, Firaq Gorakhpuri, Rana Sahri, Prem Warbartani, Bashir Badr, Rajinder Nath Rehbar, Saeed Rahi",Saregama,4.5
fc33feae-997e-5b59-b433-3bdf0f71762f,Aabshaar-E-Ghazal,1985,"Hindi, Non Film",Hariharan,"Bashir Badr, Mumtaz Rashid, Ibrahim Ashq, Nida Fazli, Naqsh Lyallpuri, Shakeel Badayuni, Saeed Rahi",CBS,0.0
70d64b5a-b05a-5b6e-b04b-f3f30af632a7,Aaj,1985,"Hindi, Film","Jagjit Singh, Chitra Singh","Madan Pal, Sudarshan Faakir",H.M.V.,3.33
7978b8ca-583d-5a66-a26f-385e9282f065,Aaj Ka Daur,1985,"Hindi, Film",Bappi Lahiri,Indeevar,Venus,0.0
315a9cba-f9e9-5342-ab9f-3082a66d5c5f,Aakhir Kyon?,1985,"Hindi, Film",Rajesh Roshan,Indeevar,T-Series,2.5
bd0bb9e7-5340-5cec-a434-b983845beb09,Aandhi Toofan,1985,"Hindi, Film",Bappi Lahiri,Anjaan,T-Series,0.0
c689469b-45ad-56a9-b1e1-e6cc0ab90530,Aar Paar,1985,"Hindi, Film",R.D. Burman,Anand Bakshi,H.M.V.,0.0
8fb1575a-ba45-560d-8b98-5c4faaa05c7e,Adventures Of Tarzan,1985,"Hindi, Film",Bappi Lahiri,Anjaan,H.M.V.,3.67
9c5c86aa-31c4-54fd-96e1-59be612cb2fe,Aitbaar,1985,"Hindi, Film",Bappi Lahiri,"Hasan Kamal, Farooq Qaiser",T-Series,4.67
973c4a0c-441f-59de-b644-db5d494336ef,Alag Alag,1985,"Hindi, Film",R.D. Burman,Anand Bakshi,T-Series,3.5
cfcea224-0a78-57d6-b381-b584568d83b8,Amber,1985,"Hindi, Film",Sapan - Jagmohan,"Shabda Kumar, Mahendra Dehlvi, Gauhar Kanpuri",Venus,0.0
a9124f06-9289-54c9-8725-c7452f0f74d2,Ameer Aadmi Ghareeb Aadmi,1985,"Hindi, Film",R.D. Burman,Nida Fazli,Universal,3.75
789f9d88-2d96-57e6-b94b-49ef5f60b248,Apna Jahan,1985,"Hindi, Film",Anu Malik,Amit Khanna,T-Series,0.0
7c0b00fe-25b8-5beb-8be5-e02f768ef6fb,Arjun,1985,"Hindi, Film",R.D. Burman,Javed Akhtar,Universal,4.5
0e062d1c-36d0-59e5-8e2c-cd9d3a206cf4,Aurat Pair Ki Juti Nahin Hai,1985,"Hindi, Film",Pankaj Udhas,"Qabil Ajmeri, B.K. Adarsh, Mumtaz Rashid",,0.0
233b1fd6-2ad0-50fb-abff-f293cdd279fd,Awara Baap,1985,"Hindi, Film",R.D. Burman,"M.G. Hashmat, Vishweshwar Sharma, Verma Malik",H.M.V.,0.0
384ce17e-0f02-5038-8636-0cc37082aa5a,Baadal,1985,"Hindi, Film",Bappi Lahiri,Anjaan,CBS,2.5
e17dc49b-c7bd-511b-8978-262e04a673ad,Baat Hai Pyar Ki,1985,"Hindi, Film",Vijay Batalvi,"Ameer Qazalbash, Bhim Sain",T-Series,0.0
a801acd7-c908-5306-ac85-a684d4a665af,Babu,1985,"Hindi, Film",Rajesh Roshan,Majrooh Sultanpuri,H.M.V.,3.0
5de7b2ad-b5d8-569e-b576-7eab101e2155,Bad-Kaar,1985,"Hindi, Film",Usha Khanna,"Prayag Raj, Nida Fazli",T-Series,3.0
ff67fbad-93d9-551c-aaa5-0bb741551718,Bahu Ki Awaaz,1985,"Hindi, Film",Vijay Batalvi,"Rajendra Verma, Shabab Alawalpuri, Bhim Sain",T-Series,0.0
1f6f3655-7139-5dff-b9a7-7a1a1fa0f0eb,Balidaan,1985,"Hindi, Film",Bappi Lahiri,"Indeevar, Farooq Qaiser",T-Series,0.0
54a13b90-927c-5aaf-8330-18cea5e69671,Bandhan Anjana,1985,"Hindi, Film",Bappi Lahiri,"Indeevar, Anjaan",T-Series,0.0
319f22c6-8b2b-5cf9-bbba-795b754cc5d7,Bandhan Bahon Kaa (Kariye Kshama),1985,"Hindi, Film",Ravindra Jain,Ravindra Jain,H.M.V.,0.0
01ec3826-ce4e-5d80-a5db-a2884f4a26c0,Bandhan Pheron Ke,1985,"Hindi, Film",Shyamji Ghanshyamji,Ramesh Anjum,H.M.V.,0.0
81fbceab-a0fc-51f0-97b3-e4327dd2a9fd,Bayen Haath Ka Khel,1985,"Hindi, Film",Laxmikant - Pyarelal,Majrooh Sultanpuri,T-Series,0.0
5337e303-bb0c-583f-b89c-fbbc8f301e2e,Bepanaah,1985,"Hindi, Film",Khayyam,Nida Fazli,H.M.V.,0.0
808d1c8c-86c7-549d-b154-6c4a7883832f,Bewafai,1985,"Hindi, Film",Bappi Lahiri,"Indeevar, Hasan Kamal, Faruk Kaiser",H.M.V.,0.0
eeeda113-91c3-5c3f-bb9b-44f410bc3aec,Bhavani Junction,1985,"Hindi, Film",Bappi Lahiri,Farooq Qaiser,CBS,2.5
8a4b9d6f-4d16-5d7a-b2a3-a7bb6940bab1,Chaar Maharathi,1985,"Hindi, Film",Sonik - Omi,"Asad Bhopali, Gauhar Kanpuri",H.M.V.,0.0
4c2fae77-613a-54c7-bf5e-814b65d38f30,Cheekh,1985,"Hindi, Film",Nadeem - Shravan,"Hasrat Jaipuri, Hasan Kamal",H.M.V.,0.0
bdc076c3-de9f-538d-9a9c-f6399863ebb8,Dekha Pyar Tumhara,1985,"Hindi, Film",Laxmikant - Pyarelal,Anjaan,T-Series,0.0
bac58b21-0f17-5ab8-ae0c-86ec023a5f72,Dharm Adhikari,1985,"Hindi, Film",Bappi Lahiri,"Indeevar, Rajendra Krishan",T-Series,0.0
701ba253-b955-57da-b23d-96b4d8b30718,Do Dilon Ki Dastaan,1985,"Hindi, Film",Laxmikant - Pyarelal,Anjaan,H.M.V.,0.0
f4756290-7be7-5dfa-b03b-2b8cc6c99605,Dulhan Har Raat Ki,1985,"Hindi, Film",Hari - Arjun,"Kulwant Jani, Nandi Khanna, Gauhar Kanpuri",H.M.V.,0.0
b7278e78-bed2-5985-ba7a-6915043758b0,Durgaa,1985,"Hindi, Film",Sonik - Omi,Verma Malik,Oriental Gramophone Record Company,0.0
9e1bfce3-0d72-5335-815c-775023f25044,Ek Chitthi Pyar Bhari,1985,"Hindi, Film",Kalyanji - Anandji,"Indeevar, Verma Malik",Oriental Gramophone Record Company,0.0
bcf13b2b-f4ac-5904-9f98-f8310094c1c5,Ek Daku Saher Mein,1985,"Hindi, Film",Rajesh Roshan,"Majrooh Sultanpuri, Rajesh Roshan, Chander Oberoi",Oriental Music,0.0
fc116bb7-9408-595a-a678-2b462a3ab9a0,Ek Pal,1985,"Hindi, Film",Bhupen Hazarika,"Kaifi Azmi, Gulzar",H.M.V.,0.0
fdfff1d2-1b0b-559b-a951-6fe8f96a1b28,Ek Se Bhale Do,1985,"Hindi, Film",R.D. Burman,Anjaan,T-Series,3.0
76f0b6d7-d740-5dec-94af-a360f0f2d583,Faasle,1985,"Hindi, Film",Shiv - Hari,Shahryar,H.M.V.,4.0
6e7b1718-cedd-57f6-8a41-7f2316f73f17,Fauladi Takkar,1985,"Hindi, Film",Kamal Kant,,,0.0
92ea19b9-2810-5a9e-a5ed-d805ebef58d4,Ganga Kinare,1985,"Hindi, Film",Jeetu - Tapan,"B.D. Mishra, Nirmal Maharaj",H.M.V.,0.0
5a24748e-f913-50d2-9516-9560ea1a2f0d,Geraftaar,1985,"Hindi, Film",Bappi Lahiri,Indeevar,Universal,3.0
6daeabd0-d103-5138-8e03-3c4b523d3fcc,Ghar Dwaar,1985,"Hindi, Film","Chitragupt, M. Ashraf, O.P. Nayyar","Anjaan, Shabab Keranvi",Music India,0.0
b3fd3146-c392-5833-8b19-de0572aac309,Ghulami,1985,"Hindi, Film",Laxmikant - Pyarelal,Gulzar,Universal,4.33
aedf4a27-d68e-5764-b7c9-a19e1b350753,Haqeeqat,1985,"Hindi, Film",Bappi Lahiri,Indeevar,T-Series,0.0
a64286f2-8265-54ef-8d13-2171e8dd5799,Haveli,1985,"Hindi, Film",Bappi Lahiri,"Farooq Kaiser, Amit Khanna",CBS,3.0
43d798df-346f-5644-a828-1a1839f8113f,Hey Johney,1985,"Hindi, Film",Surinder Kohli,"Johney Dehelvi, Narinder Roshan, Akhtar Indori, Balbir Nirdosh, Naadaan",T-Series,0.0
09f334c3-ed67-5895-b68a-05b3d7a9d245,Hoshiyar,1985,"Hindi, Film",Bappi Lahiri,Indeevar,CBS,3.0
c0c7a59f-00ea-553b-8874-e796fe33d162,Hum Dono,1985,"Hindi, Film",R.D. Burman,Anand Bakshi,CBS,3.0
d736b696-fc6a-57ca-ba79-8f88e289a5f4,Hum Naujawan,1985,"Hindi, Film",R.D. Burman,"Anjaan, Indeevar",H.M.V.,0.0
265a5c23-840a-5fb8-9b9b-bee278996951,Hum Se Mile Tum,1985,"Hindi, Film",Narayan Dutt,"Hasrat Jaipuri, Bharat Vyas, Suraj Dadheech",T-Series,0.0
e999289a-2a79-59a4-acf4-a611d3a71bd0,I Love You,1985,"Hindi, Film",Usha Khanna,Yogesh Gaud,T-Series,0.0
1b5d13a7-46ec-540d-b4de-3ab2ab0a6cdc,Insaaf Main Karoongaa,1985,"Hindi, Film",Bappi Lahiri,"Anjaan, Verma Malik",T-Series,0.0
032ae995-c3de-534d-9e1e-896b9efe8a67,Insan Aur Insaan,1985,"Hindi, Film",Ratandeep - Hemraj,Tajdar Taj,T-Series,0.0
a9c06e50-46a6-5875-8db7-87fb822d36fb,Itni Jaldi Kya Hai,1985,"Hindi, Film",Vijay,"Vijay, Zameer Kazmi, Hasrat Jaipuri",CBS,0.0
ce30f963-e9fe-54b2-8830-acf414f5f272,Jaan Ki Baazi,1985,"Hindi, Film",Anu Malik,Anjaan,Venus,0.0
067cbaf4-4bf7-5385-8ac4-c232a7385c1e,Jaanoo,1985,"Hindi, Film",Laxmikant - Pyarelal,Jainendra Jain,H.M.V.,3.0
ba92965d-819c-5762-9d71-493c4859701b,Jadoo,1985,"Hindi, Non Film",Anu Malik,"Gulrez, Alisha Chinai, Anu Malik, Hasrat Jaipuri",H.M.V.,0.0
38ccfe11-59d6-58c9-9a5a-5d30f58b79e0,Jago,1985,"Hindi, Film",Jaygovind,,,0.0
85124bb7-d6fe-5f90-aab8-3bc1ada09ddc,Janam,1985,"Hindi, Film",Ajit Verman,Suraj Sanim,Mudra,3.67
b5ea1e60-d92d-5477-b8c9-9979c5987267,Jawaab,1985,"Hindi, Film",Laxmikant - Pyarelal,Anand Bakshi,Universal,2.5
8484f074-9e40-54d1-aa1b-5e6d0971ebbc,Jhoothi,1985,"Hindi, Film",Bappi Lahiri,Maya Govind,T-Series,0.0
362cab12-d904-56c8-9014-a99663c42e12,Jumbish,1985,"Hindi, Film",Jaidev,Salahuddin Pervez,H.M.V.,3.5
b2f034f6-62fa-5787-86e7-4023b402db50,Kaala Sooraj,1985,"Hindi, Film",Bappi Lahiri,"Shaily Shailendra, Kulwant Jani, Naqsh Lyallpuri",CBS,0.0
6fd2e7c3-9b6b-59e6-b74f-f116c8c65915,Kabhie Ajnabi The,1985,"Hindi, Film",Vijay Singh,"Ravindra Peepat, Dev Kohli",Music India Limited,4.0
5376e78f-7008-5ea8-816b-f9d600ea08c7,Kahani Phoolvati Ki (Kahani Phoolan Ki),1985,"Hindi, Film",Ravindra Jain,"Maya Govind, Ravindra Jain, Zafar Gorakhpuri",Super Hits Music,0.0
9f631a5e-70ef-55f2-9f21-e979e921109f,Kali Basti,1985,"Hindi, Film",Laxmikant - Pyarelal,Anjaan,H.M.V.,0.0
9458884f-d9d2-5198-b54d-b9e2f992c3df,Karishma Kudrat Kaa,1985,"Hindi, Film",Kalyanji - Anandji,"Indeevar, Anjaan",T-Series,0.0
b94aff84-9b2b-5b2e-ad2a-b3aa796b2901,Karmyudh,1985,"Hindi, Film",Bappi Lahiri,Anjaan,T-Series,0.0
39619599-f83d-53af-89a6-a794006fade7,Lava,1985,"Hindi, Film",R.D. Burman,Anand Bakshi,H.M.V.,3.8
a4308fec-7993-5ed0-b3d6-8c0ac034ed20,Lover Boy,1985,"Hindi, Film",Bappi Lahiri,"Anjaan, S.H. Bihari",CBS,2.0
6bce4c51-6df0-5952-b203-7dd27330444e,Maa Kasam,1985,"Hindi, Film",Bappi Lahiri,"Farooq Qaiser, Anjaan",T-Series,0.0
e6d4b902-e720-59a4-a89c-3663ef5bd71f,Maha Shaktimaan,1985,"Hindi, Film",Bappi Lahiri,Indeevar,H.M.V.,0.0
48f74109-6082-5547-8ff6-a0fc0760fa3d,Mahaguru,1985,"Hindi, Film",Bappi Lahiri,Indeevar,Universal,0.0
9f0a8c7e-aa9b-5713-9ef6-5bcd15642f6b,Maqaar,1985,"Hindi, Film",Rajesh Roshan,"Amit Khanna, Rajesh Roshan",T-Series,0.0
a9a0501e-d351-5ea9-8ae6-21e3d7023418,Mard,1985,"Hindi, Film",Anu Malik,"Prayag Raj, Indeevar, Rajinder Krishan",T-Series,3.5
aade84f9-921a-5e4c-b941-f509f07405cb,Masterji,1985,"Hindi, Film",Bappi Lahiri,Indeevar,T-Series,0.0
53a07f8f-1098-525c-927b-8cc145e84c6b,Meetha Zehar,1985,"Hindi, Film",Babla,"Prakash Mehra, Anjaan, Indeevar, Namwar",Universal,3.0
de6a0963-453d-51b4-86af-61bb1d6106a7,Mera Jawaab,1985,"Hindi, Film",Laxmikant - Pyarelal,Santosh Anand,CBS,0.0
5d7ad636-ce10-50c9-9ddf-fd494d45e15d,Mera Saathi,1985,"Hindi, Film",Bappi Lahiri,Indeevar,H.M.V.,0.0
3d33596c-6c80-5c88-b765-480e9e0b49ce,Meraa Ghar Mere Bachche,1985,"Hindi, Film",Laxmikant - Pyarelal,Anand Bakshi,H.M.V.,0.0
522dd711-b5c0-5ef5-b648-c775785ac84b,Meri Jung,1985,"Hindi, Film",Laxmikant - Pyarelal,Anand Bakshi,H.M.V.,3.5
4ee8a700-c754-5991-b7c3-d3351fe55d7a,Misaal,1985,"Hindi, Film",Ajit Verman,Majrooh Sultanpuri,T-Series,3.0
58590c49-e0b7-52a8-b442-e1fc806701e0,Mohabbat,1985,"Hindi, Film",Bappi Lahiri,Indeevar,Universal,2.5
b68d631a-28d4-5b58-aaa3-88df2550fc46,Mujhe Kasam Hai,1985,"Hindi, Film",Ravindra Jain,Ravindra Jain,H.M.V.,0.0
5356cc9d-2151-57cf-85ba-e7dc11681f1d,Naya Johny,1985,"Hindi, Non Film",Bappi Lahiri,Amit Khanna,H.M.V.,0.0
ec2e3061-5be0-5e8f-a19e-00060ef64856,Oonche Log,1985,"Hindi, Film",R.D. Burman,"Tasleem Fazli, Anjaan",T-Series,3.5
ed870b58-f3cb-5039-8dcd-a6462e2b74fc,Paapi Sansaar,1985,"Hindi, Film",Madan - Chander,"Mehboob Sarwar, Yogesh Gaud",H.M.V.,0.0
22fa6d37-7f2c-561e-87c9-00059b44ad5c,Padosi Ki Biwi,1985,"Hindi, Film",Usha Khanna,Hasrat Jaipuri,H.M.V.,0.0
f90870cb-68aa-55b5-a99d-4022067551cf,Pahunche Huwey Log,1985,"Hindi, Film",Kalyanji - Anandji,"Payam Sayeedi, Hilal Seoharvi",Venus,0.0
afb190eb-f4cf-5acd-aa02-08c03656fd5c,Paisa Yeh Paisa,1985,"Hindi, Film",Usha Khanna,"Verma Malik, M.G. Hashmat",T-Series,0.0
605bce9f-5be1-5e35-bc21-2f73c338d92d,Pataal Bhairavi,1985,"Hindi, Film",Bappi Lahiri,Indeevar,H.M.V.,0.0
9ac0c630-1fbd-549d-a06c-5dc08a035215,Paththar,1985,"Hindi, Film",Raamlaxman,"Naqsh Lyallpuri, Kulwant Jani, Ravindra Rawal",T-Series,0.0
86063800-5da7-5f7b-8ef7-49b6c484ca05,Patthar Dil,1985,"Hindi, Film",Laxmikant - Pyarelal,"Sudarshan Faakir, Santosh Anand",T-Series,0.0
05c9d631-7bc6-56a6-9ba9-a14a07ea1209,Phaansi Ke Baad,1985,"Hindi, Film",Anu Malik,Anand Bakshi,T-Series,0.0
f22c9807-ca6d-58ed-9416-a7ec19282abd,Phir Aayee Barsaat,1985,"Hindi, Film","Kuldeep Singh, Arun Amin","Sudarshan Faakir, Arun Amin",Music India Limited,0.0
655a1e86-7843-5b56-aa03-1607a6596afb,Pighalta Aasman,1985,"Hindi, Film",Kalyanji - Anandji,"Indeevar, Anjaan, Ila Arun, Maya Govind",CBS,3.0
dccbbd28-1243-5498-8b05-7074d0c5033d,Piya Milan,1985,"Hindi, Film",Ravindra Jain,Ravindra Jain,T-Series,0.0
5ed54dfa-6b54-533e-af72-af5c6decf368,Pratima,1985,"Hindi, Film",Rajkamal,Asad Bhopali,CBS,0.0
d3568eb2-cf15-5a17-b82f-29ae34534018,Pyar Ho Gaya,1985,"Hindi, Film",Dhiraj Dhanak,"Abhilash, Shaily Shailendra, Janak Vyas",T-Series,0.0
e3db5cb0-fae5-57e4-b243-446384e0c8ee,Pyar Jhukta Nahin,1985,"Hindi, Film",Laxmikant - Pyarelal,S.H. Bihari,T-Series,3.5
e2c79a22-3526-5ee8-94b7-c4b19b9e5903,Pyari Behna,1985,"Hindi, Film",Bappi Lahiri,"Indivar, Anjaan",CBS,0.0
1993b69f-029a-53b4-98d2-fdf5ba84a057,Raahee,1985,"Hindi, Film",Jagjit Singh,Naqsh Lyallpuri,T-Series,0.0
62b2ec32-9500-597d-a1be-a57c666eb076,Rahemdil Jallad,1985,"Hindi, Film",Ajay Swami,Qaiser-Ul-Jafri,H.M.V.,0.0
864fab35-10cf-5feb-915c-62c05efeeb7b,Rahi Badal Gaye,1985,"Hindi, Film",R.D. Burman,Gulshan Bawra,H.M.V.,3.33
bf442254-0b13-522e-8003-918bfca8292f,Ram Tere Kitne Nam,1985,"Hindi, Film",R.D. Burman,"Gulshan Bawra, Majrooh Sultanpuri",CBS,3.5
ce5ed776-5131-54d4-bd23-374aedcc53ae,Ram Teri Ganga Maili,1985,"Hindi, Film",Ravindra Jain,"Ravindra Jain, Amir Qazalbash, Hasrat Jaipuri",H.M.V.,4.75
a08378ec-b014-5a66-80be-b73c8999fcca,Ramkali,1985,"Hindi, Film",Sonik - Omi,Verma Malik,H.M.V.,0.0
27362559-0d0a-5cb4-951b-8b1a94c5e200,Saagar,1985,"Hindi, Film",R.D. Burman,Javed Akhtar,Universal,4.0
5b5f87c1-3dcc-51c6-a9d7-fc90d6fbde92,Saaheb,1985,"Hindi, Film",Bappi Lahiri,Anjaan,Universal,4.0
4a6ad1eb-2030-5b32-ab09-a18f800a2428,Saahil,1985,"Hindi, Non Film","Yashwant Deo, Bhupinder Singh","Raajesh Johri, Ashk Ambalvi, Ravindra Rawal, Ahmad Faraz",Saregama,0.0
c5628119-6e5f-53f3-b79a-d66944421140,Saamri,1985,"Hindi, Film",Bappi Lahiri,"Gauhar Kanpuri, Kavi Pradeep, Kafil Azar, Farooq Qaiser",Venus,0.0
6f53cc4d-4259-5dcc-81dc-b80c62ccfd25,Salma,1985,"Hindi, Film",Bappi Lahiri,Hasan Kamal,CBS,0.0
1d645359-3f37-5a0b-93a7-91140e87457c,Samay Ki Dhaara,1985,"Hindi, Film",Jugal Kishore - Tilak Raj,M.G. Hashmat,CBS,0.0
11dc313b-42b4-5cae-a459-d91a383afd9d,Sanjog,1985,"Hindi, Film",Laxmikant - Pyarelal,Anjaan,H.M.V.,3.5
082c529a-fdc0-5b52-9371-570d5e762930,Santosh,1985,"Hindi, Film",Laxmikant - Pyarelal,"Santosh Anand, Manoj Kumar",H.M.V.,2.5
7d2914a1-5243-5e1f-bc38-e6dea3507ef1,Sarfarosh,1985,"Hindi, Film",Laxmikant - Pyarelal,Anand Bakshi,H.M.V.,0.0
f507f971-5e6e-5f98-8119-cf1eb79f2ec1,Sautela Pati,1985,"Hindi, Film",Iqbal Qureshi,"Bhushan Banmali, Nida Fazli",T-Series,0.0
68badb81-6abc-5689-a83e-0fb8dfe38d99,Sej Piya Ki,1985,"Hindi, Film",Ravindra Jain,Ravindra Jain,T-Series,0.0
f1be8cb7-3788-5ed8-8d98-02a723cca9ee,Sharmate Sharmate,1985,"Hindi, Non Film",Bhupinder Singh,"Ibrahim Ashq, Nazeer Banarasi, Kashif Indori, Mumtaz Rashid, Qaiser-Ul-Jafri, Ashk Ambalvi",Saregama,0.0
6a661ae0-b593-53c3-b33b-500afc0b49a8,Sheesha,1985,"Hindi, Film",Bappi Lahiri,Yogesh Gaud,CBS,0.0
99f12408-fae6-5e7d-a4d4-2f5ba9e668ec,Shiva Ka Insaaf,1985,"Hindi, Film",R.D. Burman,Gulshan Bawra,CBS,0.0
87bfc56e-5892-52e6-beb7-1c117833de50,Sitamgar,1985,"Hindi, Film",R.D. Burman,Majrooh Sultanpuri,H.M.V.,4.0
0349b294-fbba-5ef8-9cb2-eb8eeb560d07,Sulagte Armaan,1985,"Hindi, Film",Jugal Kishore - Tilak Raj,Indeevar,H.M.V.,0.0
e55bff20-146a-5768-a321-95791258416b,Sultanat,1985,"Hindi, Film",Kalyanji - Anandji,"Anjaan, Hasan Kamal",T-Series,4.0
5ec7fba4-0d9e-5b8f-970e-a49cdbd50544,Sur Sangam,1985,"Hindi, Film",Laxmikant - Pyarelal,Vasant Dev,H.M.V.,0.0
6e918e14-3869-5fef-a850-f499ea44f81a,Surkhiyaan,1985,"Hindi, Film",Vanraj Bhatia,"Indeevar, Ashok Tyagi",CBS,3.0
fcf02950-c547-563e-bcb4-d2659fac0366,Swarthi,1985,"Hindi, Film",Sapan - Jagmohan,"Vishweshwar Sharma, M.G. Hashmat, Dilip Tahir",H.M.V.,0.0
8c7f6507-9824-5df7-be5e-7ff2803c28c4,Tawaif,1985,"Hindi, Film",Ravi,Hasan Kamal,H.M.V.,3.33
5a007266-89a1-5048-b95c-030c0912b5d0,Telephone,1985,"Hindi, Film",Rajesh Roshan,Rajesh Roshan,T-Series,0.0
e02b850b-1e6c-575b-9908-824b710b2dd6,Teri Meherbaniyan,1985,"Hindi, Film",Laxmikant - Pyarelal,S.H. Bihari,T-Series,3.0
8fb959b9-6314-5cec-844f-a03f4fa19f1d,Teri Pooja Kare Sansaar,1985,"Hindi, Film",S. Madan,Thakur Tapasvi,T-Series,0.0
5447653c-9cd3-51b4-94f3-6e0a20283eed,Tulsi,1985,"Hindi, Film",Ravindra Jain,Ravindra Jain,Venus,0.0
e0f6c2ca-77e3-54d8-ab1b-78be2e0831ad,Tum Par Hum Qurban,1985,"Hindi, Film",Ravindra Jain,Saba Fazli,T-Series,0.0
cfe2e5f9-d3ab-5489-b23d-85a21deb107a,Ulta Seedha,1985,"Hindi, Film",Rajesh Roshan,Majrooh Sultanpuri,Universal,0.0
ce753716-da32-5424-8d8c-c7e3f87e4fab,Veer Bhimsen,1985,"Hindi, Film",Gaurang Vyas,Kavi Pradeep,CBS,0.0
1b5dbffe-28f4-546a-9be7-5870623bf9e2,Vishal,1985,"Hindi, Film",Usha Khanna,"Indeevar, Nida Fazli",T-Series,0.0
87c2cd8f-bc42-5c74-8d5c-b55e139197e9,Wafadaar,1985,"Hindi, Film",Bappi Lahiri,Indeevar,H.M.V.,0.0
6e26d5cb-ff85-5201-aa7c-55215789d555,Yadon Ki Kasam,1985,"Hindi, Film",Laxmikant - Pyarelal,Anand Bakshi,Universal,0.0
c3aff333-ac03-5196-bdb2-18754f9f434d,Yeh Kaisa Farz,1985,"Hindi, Film",Raamlaxman,Indeevar,H.M.V.,0.0
d959afed-328b-5f0b-b162-7a8691b4e8ca,Yeh Preet Na Hoge Kam,1985,"Hindi, Film",Ravi,Sheetal,T-Series,0.0
67774c07-0fe1-5f8f-b7df-005839d2b3d3,Yudh,1985,"Hindi, Film",Kalyanji - Anandji,Anand Bakshi,Universal,3.75
1f624c2d-d66a-5ece-8d0d-d7bf699e3a7a,Zabardast,1985,"Hindi, Film",R.D. Burman,Majrooh Sultanpuri,T-Series,0.0
c006a99e-534a-54c2-9af9-229a9376a0a2,Zahreele Saanp,1985,"Hindi, Film",Sumitra Lahiri,Gopichand - Mukhtar,Tips,0.0
8aa4c4fa-00e3-50eb-b481-54d940cc26f5,Zamana,1985,"Hindi, Film",Usha Khanna,"Majrooh Sultanpuri, Traditional",CBS,3.0
2c5482d7-a461-5732-97c7-9681120cba3d,Zulm Ka Badla,1985,"Hindi, Film",Sonik - Omi,Kulwant Jani,T-Series,0.0
b9d06845-8425-504e-9a7d-0f60cd5692b8,7 Bijliyaan,1986,"Hindi, Film",Usha Khanna,Yogesh Gaud,T-Series,0.0
88d21bb8-3262-51d2-891a-7689cd537e24,Aag Aur Shola,1986,"Hindi, Film",Laxmikant - Pyarelal,Anand Bakshi,T-Series,0.0
622a5b71-eb45-5976-95d2-cba1de7a29ac,Aah Alisha!,1986,"Hindi, Non Film","Rajesh Jhaveri, Alisha Chinai, Louis Banks","Alisha Chinai, Rajesh Johri, Ila Arun",Saregama,0.0
85a5f9ae-6407-504c-a12f-3e2be7015aa5,Aakhree Raasta,1986,"Hindi, Film",Laxmikant - Pyarelal,Anand Bakshi,T-Series,3.0
acb685d4-83ae-5e86-8104-f2f44a71fede,Aakhri Sanghursh,1986,"Hindi, Film",Hemant Bhosle,Anjaan,T-Series,0.0
67748d07-0852-581d-8d4e-4f1459cb303a,Aap Ke Sath,1986,"Hindi, Film",Laxmikant - Pyarelal,Anand Bakshi,T-Series,3.0
f897cd5b-1039-53e5-845e-a1b240c663e3,Adhikar,1986,"Hindi, Film",Bappi Lahiri,Indeevar,Venus,3.0
417c46cb-37c4-53c5-80c2-76f8b3fec74c,Afreen,1986,"Hindi, Non Film",,,,0.0
452d7e6b-897c-57cd-85e6-1ab68e0a3791,Aisa Pyar Kahan,1986,"Hindi, Film",Laxmikant - Pyarelal,Anand Bakshi,Venus,0.0
0c2b8fad-dcec-593f-9adb-662bf014bf13,Albela,1986,"Hindi, Film",Bappi Lahiri,Anjaan,H.M.V.,0.0
628b2084-10bd-5003-aa33-32085e85ea8d,Allah-Rakha,1986,"Hindi, Film",Anu Malik,"Rajendra Krishan, Indeevar, Prayag Raj",T-Series,0.0
5d2f0789-d9cd-546a-a0e5-0444d3e6f4ad,Amrit,1986,"Hindi, Film",Laxmikant - Pyarelal,Anand Bakshi,H.M.V.,0.0
153cd9bc-7d42-5bc5-ae4d-39656aa2fe8b,Anadi Khiladi,1986,"Hindi, Film",Raamlaxman,"Naqi Ahmed, Abhilash",H.M.V.,0.0
89c0373c-4dee-5447-8fa1-7ab79ee4b3ee,Andheri Raat Mein Diya Tere Haath Mein,1986,"Hindi, Film",Raamlaxman,Bal Kishan Puri,T-Series,2.5
7a558097-5d3c-54fd-a78d-3c70a8e9330e,Angaaray,1986,"Hindi, Film",Anu Malik,"Indeevar, Rajendra Krishan",H.M.V.,0.0
c1041085-3a4c-540d-b542-c9fff43a4c03,Anjaam Khuda Jaane,1986,"Hindi, Film",Manoj - Gyan,Shakir Kotwi,T-Series,0.0
8b5e0253-402f-5fa1-831a-922489b66435,Anjuman,1986,"Hindi, Film",Khayyam,"Shahryar, Faiz Ahmed Faiz",H.M.V.,4.33
c00199bc-679a-5aca-97d0-67cbf8af6005,Ankush,1986,"Hindi, Film",Kuldeep Singh,Abhilash,T-Series,4.0
d286d2e2-2391-5432-9ef3-d08a5fd72689,Anokha Insaan,1986,"Hindi, Film",Hemraaj,"P.H. Harfan, Sagar Dutt, Tajdar Taj, Rajinder Chowdhury",H.M.V.,0.0
48fcbfe8-f3b7-5a6a-8a3c-821ec6fb89f4,Anokha Rishta,1986,"Hindi, Film",R.D. Burman,Anand Bakshi,T-Series,0.0
0655c689-cdc0-593d-bdae-9ed7419307b4,Anubhav,1986,"Hindi, Film",Rajesh Roshan,Indeevar,Venus,0.0
c05feef4-9511-54ce-a21f-a561a8b2b55d,Ashiana,1986,"Hindi, Film","Jagjit Singh, Chitra Singh","Madan Pal, Ila Arun",H.M.V.,3.0
1b6091f5-b033-58bc-9a01-50409d731114,Asli Naqli,1986,"Hindi, Film",Laxmikant - Pyarelal,S.H. Bihari,T-Series,0.0
386bef89-c675-57b1-9205-7108a4c7da23,Avinash,1986,"Hindi, Film",Bappi Lahiri,"Amit Khanna, Farooq Qaiser",T-Series,0.0
dc731eb1-7954-5e93-996a-d894e2003aec,Baat Ban Jaye,1986,"Hindi, Film",Kalyanji - Anandji,Anand Bakshi,Music India Limited,3.5
74638136-c8c3-51cd-a9c5-4e22ca192e7c,Babul,1986,"Hindi, Film",Ravindra Jain,Ravindra Jain,Rajshri Music,0.0
7d50baa7-270a-5242-9253-21890e5255ce,Bahaar,1986,"Hindi, Film",Manoj - Gyan,"Naqsh Layalpuri, Chander Oberoi",T-Series,0.0
7b953b06-8f77-5c94-94c8-0d95e370925d,Begaanaa,1986,"Hindi, Film",Anu Malik,Anjaan,H.M.V.,0.0
0ce1bceb-0f2d-558f-b164-5e63cd734fdd,Bhagwaan Dada,1986,"Hindi, Film",Rajesh Roshan,"Farooq Qaiser, Indeevar",T-Series,0.0
62f3958f-60c0-5183-8764-20e8a2575f1e,Bhai Ka Dushman Bhai,1986,"Hindi, Film",Mandheer - Jatin,Anjaan,T-Series,0.0
f0b29ffa-2534-5aa6-8b91-d4a79645674e,Bud-Naseeb,1986,"Hindi, Film",Ajay Swami,"Qaiser-Ul-Jafri, Zafar Rahi, Pt. Visheshwar Sharma",T-Series,0.0
9fc59c93-9104-5514-9763-9f08cfadb996,Chameli Ki Shaadi,1986,"Hindi, Film",Kalyanji - Anandji,"Farooq Qaiser, Anjaan, Prakash Mehra",H.M.V.,3.0
fdd91eb9-07f5-5614-9859-e53a4379afdf,Chhota Aadmi,1986,"Hindi, Film",Mahesh - Naresh,Jainendra Jain,H.M.V.,0.0
432504fc-fd09-5ce9-b6f7-6f2393dac63d,Dahleez,1986,"Hindi, Film",Ravi,Hasan Kamal,H.M.V.,3.0
61d29d1a-950f-5c52-9c0c-b68e46f44e77,Daku Bijlee,1986,"Hindi, Film",Anwar - Usman,"Khalid, Qaiser-Ul-Jafri, Jalal Jhansvi",T-Series,0.0
a470d494-79f4-5e27-93c2-5bee9f7a4ff0,Devar Bhabhi,1986,"Hindi, Film",Khayyam,Naqsh Lyallpuri,T-Series,0.0
2b9e9911-864f-5720-9d65-9dd50775ed4e,Dilwaala,1986,"Hindi, Film",Bappi Lahiri,Indeevar,Music India Limited,0.0
c084509c-4718-54e4-9df0-fef5043e356c,Do Waqt Ki Roti,1986,"Hindi, Film",Laxmikant - Pyarelal,Anand Bakshi,T-Series,0.0
dc510a1a-af27-55ba-8404-00eeafdeffb2,Dosti Dushmani,1986,"Hindi, Film",Laxmikant - Pyarelal,Anand Bakshi,T-Series,0.0
f87d4e74-ee0e-5c7d-ab9f-f2e72df6b863,Durgaa Maa,1986,"Hindi, Film",Ravindra Jain,Ravindra Jain,Venus,0.0
ac2e246e-3c5c-52e7-8a22-037c2d856632,Duty,1986,"Hindi, Film",Babla,Ramesh Pant,T-Series,0.0
244b9503-6ce3-54f4-981e-54673d039ff6,Echoes,1986,"Hindi, Non Film",Jagjit Singh,"Tasleem Fazli, Traditional, Shadab, Muzaffar Warsi, Waseem Barelvi, Saleem Kausar, Nida Fazli, Ahmad Faraz, Mumtaz Mirza, Bashir Badr",Saregama,0.0
fb69e6f0-b075-51ea-bd27-7e55a0371dce,Ehsaan Aap Ka,1986,"Hindi, Film",Ravindra Jain,Yogesh,Venus,0.0
008e3770-17ec-56d5-922e-61c1a0f137d4,Ek Aur Sikander,1986,"Hindi, Film",Rajesh Roshan,Majrooh Sultanpuri,H.M.V.,0.0
dab444e9-aafd-5a6d-b94f-5dc6c144f592,Ek Chadar Maili Si,1986,"Hindi, Film",Anu Malik,"Sudarshan Faakir, Sardar Panchhi, Farooq Qaiser, Makhan Singh",T-Series,0.0
9e65aff0-3d82-5d97-8cb0-c14e59b21d11,Ek Hi Maqsad (Aadha Ram Aadha Ravan),1986,"Hindi, Film",Pankaj Udhas,"Mumtaz Rashid, Qateel Shifai",Music India,0.0
767fcb3b-38c9-5dfa-9ee2-a1d1c842207e,Fitarat,1986,"Hindi, Film",Usha Khanna,Nida Fazli,T-Series,0.0
a6d5011b-e724-5e35-91f7-121637582e72,Ghar Aur Bazaar (Ghar Bazar),1986,"Hindi, Film",Usha Khanna,Kulwant Jani,T-Series,0.0
37bd57b7-0bc6-568b-ab72-96341d24989d,Ghar Sansar,1986,"Hindi, Film",Rajesh Roshan,Indeevar,Venus,0.0
972da204-7381-5a33-a5fe-b329483f279b,Gunehgaar,1986,"Hindi, Film",Sapan - Jagmohan,Dilip Tahir,T-Series,0.0
279bbeaa-c9f4-5c10-abda-4e38e45e7885,Haathon Ki Lakeeren,1986,"Hindi, Film",Pyare Mohan,Hasan Kamal,T-Series,0.0
6adc919c-ef58-5cc2-af07-d2af4e019591,How To Name It?,1986,"Instrumental, Non Film",Ilaiyaraaja,,AGI Music,0.0
c6b2a8a8-7981-545f-886b-4f8cd3410f4e,Hum To Chale Pardes,1986,"Hindi, Film",Vijay Singh,Ravindra Peepat,Music India,0.0
94e2a357-76e8-531b-aebb-32eb4e404dab,Ijaazat,1986,"Hindi, Film",R.D. Burman,Gulzar,H.M.V.,4.75
c0e8d8ae-c59a-5fb9-8cf1-7838eafd64f3,Ilzaam,1986,"Hindi, Film",Bappi Lahiri,Anjaan,T-Series,0.0
205e6c5e-4ba0-5a2c-b64e-75535e8fb284,Insaaf Ki Awaaz,1986,"Hindi, Film",Bappi Lahiri,Indeevar,T-Series,0.0
69fe9c0a-a6b1-51db-bd9e-0b77e4307861,Inteqaam Ki Aag,1986,"Hindi, Film",Shankar - Jaikishan,"Mahendra Dehlvi, Vishweshwar Sharma, Indeevar",Venus,0.0
35470ac2-8869-5900-afcc-705f591a55b9,Ishq Nachaye,1986,"Hindi, Non Film",,,Universal,3.0
7fc0c991-f32f-5778-bba1-a04ab6f441da,Izzat Aabroo,1986,"Hindi, Film",Ajay Swami,"Vishweshwar Sharma, Yogesh, Qaisar-Ul-Jafri, Zafar Rahi",T-Series,3.0
ff1060dd-bdcd-5ab5-ad33-b4087b3e1a2b,Jaal,1986,"Hindi, Film",Anu Malik,Anand Bakshi,CBS,2.5
7a16f58e-88bd-5abe-a25a-06b4413bc6b7,Janbaaz,1986,"Hindi, Film",Kalyanji - Anandji,"Farooq Qaiser, Indeevar",Music India,4.6
71551bf4-c109-50f6-a349-cfb5ef958833,Jeeva,1986,"Hindi, Film",R.D. Burman,Gulzar,CBS,5.0
d8c1bb24-b8ae-54a2-b452-76f59a3153f9,Jhanjhaar,1986,"Hindi, Film",Kalyanji - Anandji,Vishwamitra Adil,CBS,0.0
9afcd325-562e-5da5-a0a1-aa3650d86290,Jwala,1986,"Hindi, Film",Jagjit Singh,"S.H. Bihari, Vinod Sharma, Sudarshan Faakir",T-Series,0.0
07f5a7dc-6ab1-5b6e-bf8f-8bf0b7169d84,Kaanch Ki Deewar,1986,"Hindi, Film",Shankar - Jaikishan,"Kafeel Azar, Indeevar",H.M.V.,0.0
1219f5d5-ef5d-50ba-9f53-aa4c68c5f544,Kala Dhanda Goray Log,1986,"Hindi, Film",Laxmikant - Pyarelal,Anand Bakshi,T-Series,0.0
65ded9b2-0cb8-5223-8673-ccab039db36e,Kalank Ka Tika,1986,"Hindi, Film",Kirti Anurag,Ram Siddharth,CBS,0.0
7de9aade-0192-51f8-b71a-3055f56f7cb8,Karamdaata,1986,"Hindi, Film",Anu Malik,Hasrat Jaipuri,Venus,0.0
0d7e9400-092f-552d-9978-89b608ea6332,Karma,1986,"Hindi, Film",Laxmikant - Pyarelal,Anand Bakshi,H.M.V.,0.0
ec4329d8-be9b-57fe-9e76-8d767cc95a48,Kartoot,1986,"Hindi, Film",Usha Khanna,"Sardar Anjum, Saawan Kumar, Farooq Qaiser",T-Series,0.0
ed50075d-36d0-5d00-9066-18793348c336,Kasme Rasme,1986,"Hindi, Film",Bappi Lahiri,Indivar,T-Series,0.0
b5f73828-e60b-5125-b8e7-ba9c54c3ce78,Khamosh Nigahen,1986,"Hindi, Film",Ravi,Ravi,T-Series,0.0
2f3e11cd-4ab3-5a87-aca8-e08280a148c6,Kirayadar,1986,"Hindi, Film",Bappi Lahiri,Hasan Kamal,H.M.V.,0.0
245fed82-82c3-50f3-bf7b-0458e2c3e0d8,Kismetwala,1986,"Hindi, Film",Bappi Lahiri,Anjaan,H.M.V.,0.0
2f3c5782-acf6-54ae-a9f9-fc02d44a5d20,Koi Hai?,1986,"Hindi, Film",Chandan Roy Chaudhari,Lalit Ahluwalia,Venus,0.0
3859886f-f1b8-56d0-87f3-9a68831ea167,Koi Na Jane Re,1986,"Hindi, Film",Kersi Mistry,Vikramesh,T-Series,0.0
19bb22de-a668-54a4-9959-a21406465301,Krishna Krishna,1986,"Hindi, Film",Shankar - Jaikishan,"Bharat Vyas, Upendra Jha",H.M.V.,0.0
9500a3bc-49cc-511c-928a-39ac5f483752,Locket,1986,"Hindi, Film",Bappi Lahiri,Gauhar Kanpuri,H.M.V.,0.0
615f9237-5a4b-5317-9f68-39535e27c573,Love 86,1986,"Hindi, Film",Laxmikant - Pyarelal,"S.H. Bihari, Sameer, Prem Pandit, Santosh Anand",T-Series,3.5
fc6373c4-377f-5fd7-a014-3937bd00537e,Love And God,1986,"Hindi, Film",Naushad,"Khumar Barabankvi, Asad Bhopali",Venus,2.5
6548aba9-56c5-5723-aa0d-7134749cfa2c,Maati Balidan Ki,1986,"Hindi, Film",Ravindra Jain,Ravindra Jain,T-Series,0.0
8b7252e9-90fc-53a8-afe5-f4108c58b01e,Mahananda,1986,"Hindi, Film",Manas Mukherjee,"Yogesh, Inderjit Hasanpuri, Nida Fazli, Kapil Kumar",T-Series,0.0
5e87cf93-cec3-5d50-a8a0-9b61a8da1087,Main Balwaan,1986,"Hindi, Film",Bappi Lahiri,Anjaan,T-Series,0.0
05aaa998-0541-57fb-91b1-9f64bd1b98e6,Majboori,1986,"Hindi, Film",Roshan Lal,"K. Kashmiri, Aish Kanwal, Waheed Mohsin",H.M.V.,3.0
82dec41e-8807-52db-964b-f99c7b399c5c,Manav Hatya,1986,"Hindi, Film",Annu Malik,Rajendra Krishan,T-Series,0.0
050c8355-a962-55b4-ac51-959f8fbd691f,Mangal Dada,1986,"Hindi, Film",Kalyanji - Anandji,"Indeevar, Shaily Shailendra, Gauhar Kanpuri",Venus,0.0
1b18fcfc-604c-5314-a560-55ce8cfa6586,Mazloom,1986,"Hindi, Film",Laxmikant - Pyarelal,S.H. Bihari,T-Series,0.0
b7408d74-84f2-5b7c-8996-e2938c7ad357,Mera Dharam,1986,"Hindi, Film",Bappi Lahiri,Hasan Kamal,Music India,0.0
e3b17ef3-d194-518f-beb6-ebe2f1f3d998,Mera Haque,1986,"Hindi, Film",Anu Malik,"Indeevar, Anjaan",T-Series,0.0
a066aef7-00e5-5158-8b6d-9ebaac2af76b,Mere Data Garibnawaz,1986,"Hindi, Film",Shankar - Shambhu,"Naseem Ajmeri, Iqbal Afzal Sabri, Faiz Ratlami, Rashid Akbarabadi, Aziz Shadan",T-Series,0.0
3ca308db-98bc-5a65-b7f0-aef69747bb04,Mere Saath Chal,1986,"Hindi, Film",Hridaynath Mangeshkar,"Indeevar, Kaifi Azmi, Jeevan Kushwaha, Naqsh Layalpuri",Venus,0.0
bdfb9f81-e5e9-5e56-84fe-afe658543d86,Muddat,1986,"Hindi, Film",Bappi Lahiri,"Indeevar, S.H. Bihari",T-Series,0.0
a9abc45d-e96b-5a74-91dd-51047c31154e,Naam,1986,"Hindi, Film",Laxmikant - Pyarelal,Anand Bakshi,H.M.V.,3.0
acd9dd33-2c98-54f6-b8f8-ee2ea531f539,Nache Mayuri,1986,"Hindi, Film",Laxmikant - Pyarelal,Anand Bakshi,T-Series,2.5
81caa9c3-9410-53dd-8e68-6650e4b22815,Nagina,1986,"Hindi, Film",Laxmikant - Pyarelal,Anand Bakshi,T-Series,3.5
7ebb4342-5a15-507e-8e14-4e9b66ac1b34,Nain Mile Chain Kahan,1986,"Hindi, Film",Ajay Swami,Naqsh Lyallpuri,H.M.V.,0.0
775301eb-1404-5357-b586-a640ace4fe80,Narad Vivah,1986,"Hindi, Film",Mandheer - Jatin,Bharat Vyas,T-Series,0.0
2e9f6d1d-f5ec-583e-bccd-76bf729b7380,Naseeb Apna Apna,1986,"Hindi, Film",Laxmikant - Pyarelal,S.H. Bihari,T-Series,3.0
40d66fe3-f1f8-5f4e-9a45-72ff645e950d,Nasihat,1986,"Hindi, Film",Kalyanji - Anandji,"Anjaan, Kaifi Azmi",T-Series,0.0
fc83484f-1089-5dfa-8512-fcbb4a2ccdb7,Nishchay (Aakhri Nishchay),1986,"Hindi, Film",Ravindra Jain,Ravindra Jain,T-Series,0.0
b2113cb9-a524-54b4-a439-f8f585f2baf4,Pachhtawa,1986,"Hindi, Film",P. Gajanan,P. Gajanan,H.M.V.,0.0
ffcd34c9-4d62-5619-9394-ef4b2e9c642d,Palay Khan,1986,"Hindi, Film",R.D. Burman,Anand Bakshi,H.M.V.,3.67
bddb3b79-c31a-5715-9eda-bc5163d2bf6d,Panchvati,1986,"Hindi, Film",Sharang Dev,"Kusum Ansal, Basu Bhattacharya",,0.0
e81689bd-5355-5834-b45b-59181657eeff,Pattharon Ka Shaher (Pyar Do Pyar Lo),1986,"Hindi, Film",Iqbal Qureshi,"G.P. Satish, Shyam Anuragi, Vicky Nagar",T-Series,0.0
b6fd458f-6fae-54fd-96c4-2103f2bab4e2,Patton Ki Bazi,1986,"Hindi, Film",Anup Jalota,Maya Govind,Music India Limited,0.0
993d50b2-a9b2-5b0a-adaf-26cf782582b0,Peechha Karro,1986,"Hindi, Film",Anand - Milind,Sameer,CBS,0.0
8ed3b149-6795-5fa1-b650-7a729eee2e85,Preeti,1986,"Hindi, Film",Usha Khanna,Saawan Kumar,T-Series,0.0
148625c8-147d-5266-8ada-1297916c42ae,Prem Jaal,1986,"Hindi, Film",Kalyanji - Anandji,"Maya Govind, M.G. Hashmat, Ravindra Jain, O.P. Hariyanvi",T-Series,0.0
28c83937-9bca-58e5-a91a-2e2707ace82e,Pyaasi Mamta,1986,"Hindi, Film",Surender Kohli,"Mahendra Dehlvi, R.V. Singh, Wali Firozabadi",T-Series,0.0
47a23cef-5f99-5e72-b222-64df1156f09d,Pyar Ke Do Pal,1986,"Hindi, Film",Anu Malik,Anjaan,T-Series,0.0
6a527348-3542-5301-8104-263324a21fe5,Pyar Ki Jeet,1986,"Hindi, Film",Usha Khanna,Saawan Kumar Tak,H.M.V.,0.0
03766248-6059-5941-adfd-ffc4bfe2d3a8,Pyar Kiya Hai Pyar Karenge,1986,"Hindi, Film",Laxmikant - Pyarelal,S.H. Bihari,T-Series,0.0
00107c93-922c-5fb5-9255-fabedf9c4d56,Pyari Bhabhi (Aas Aur Pyaas),1986,"Hindi, Film",Hridaynath Mangeshkar,Indeevar,T-Series,3.0
868d117c-6de4-5697-aa4f-c9c2d85ffd21,Qatl,1986,"Hindi, Film",Laxmikant - Pyarelal,"Rajinder Krishan, Anand Bakshi",H.M.V.,0.0
2372092d-3761-57e5-9160-8b741745be8d,Rhythmic Love,1986,"Hindi, Non Film",Jatin - Lalit,Jatin Pandit,Universal,3.0
f6430a78-43ad-5fcf-9680-4172ee433a29,Sadaa Suhagan,1986,"Hindi, Film",Laxmikant - Pyarelal,Anand Bakshi,T-Series,0.0
27c8649d-f635-52db-80f7-8415d13feb83,Sagar Sangam,1986,"Hindi, Film",Bappi Lahiri,Anjaan,T-Series,3.0
a575abdd-1a5e-5606-9beb-9796fa5117ea,Sajna Saath Nibhana,1986,"Hindi, Film",Jagdish J.,Maya Govind,T-Series,0.0
3a97e907-6d49-56d5-aed7-49e6d46cbaae,Samundar,1986,"Hindi, Film",R.D. Burman,Anand Bakshi,T-Series,3.5
2bb8532f-d7a0-57f3-8f0c-cca0d6120cc4,Sandli,1986,"Hindi, Film",S. Mohinder,Surjit Sethi,H.M.V.,0.0
5e9ed69f-1949-5ddf-bb60-39004d1591a3,Sasti Dulhan Mahenga Dulha,1986,"Hindi, Film",Usha Khanna,Saba Fazli,H.M.V.,0.0
bccc12c8-12d1-5af6-b305-4faaa7c7a5ca,Shabash Sharon,1986,"Hindi, Non Film",Anand - Milind,Sameer,Saregama,0.0
b96a9bef-9d1e-555f-bcbc-da07091e7554,Shahadat,1986,"Hindi, Film",Kirti Anurag,"Dev Kohli, Ram Siddharth",CBS,0.0
33bbcbf1-5d79-53ee-aba9-0eb351265f65,Shararat,1986,"Hindi, Non Film",Anand - Milind,Sameer,Saregama,0.0
1c4e758e-a11d-50a5-9fbf-5762099d3e36,Shart,1986,"Hindi, Film",Bappi Lahiri,"Kaifi Azmi, Amit Khanna",H.M.V.,4.0
df4b079f-dcd4-5d2d-94c2-83fda9a6b02f,Shatru,1986,"Hindi, Film",R.D. Burman,Anand Bakshi,T-Series,0.0
7892fd22-22e8-5d58-a04a-1172b9c3833f,Sheela,1986,"Hindi, Film",Bappi Lahiri,Anjaan,T-Series,0.0
95a1879a-7cd0-52bc-b081-ff05ea417eac,Sila,1986,"Hindi, Film",Jitin Shyam,"Saif Kamaal, Manzoor Bhopali",Venus,0.0
22eee8a0-a7b2-5a3b-90ec-aabb97ea77db,Singhasan,1986,"Hindi, Film",Bappi Lahiri,Indeevar,H.M.V.,0.0
8da7241f-d366-5cf2-9da6-4585f2d19e45,Siyahi,1986,"Hindi, Film",Kirti Anuraag,"Ram Siddharth, Nina Arora",CBS,2.5
a6913057-6a13-52fe-8606-f0c57a2c2ff2,Sone Ka Pinjara,1986,"Hindi, Film",Kirti Anuraag,"Ram Siddharth, K.L. Pardesi",CBS,0.0
2175ecf7-9c19-5d52-8ef3-cbc0c1741bee,Suhaagan,1986,"Hindi, Film",Bappi Lahiri,Indeevar,H.M.V.,0.0
f4612320-8add-5739-b43c-50342d18f1b4,Swarag Se Sunder,1986,"Hindi, Film",Laxmikant - Pyarelal,Anand Bakshi,T-Series,0.0
75a5134f-288f-592e-b3bd-ecf8b56db166,Swati,1986,"Hindi, Film",Laxmikant - Pyarelal,Anand Bakshi,T-Series,0.0
4165435d-e622-5e23-b919-474d862b973d,Tahkhana,1986,"Hindi, Film",Ajit Singh,"Kafil Azar, Yogesh",Venus,0.0
680f0dc8-7b63-54ab-93b9-4eb735d03748,Tan-Badan,1986,"Hindi, Film",Anand - Milind,Sameer,Venus,0.0
ccbbbc16-0b9e-5d97-9788-d4918dce6740,Tauba Tauba,1986,"Hindi, Non Film",Bhupinder Singh,"Shadab, Ibrahim Ashq, Kasam Quraishi, Naseem Ajmeri, Ashk Ambalvi",Saregama,0.0
a6ff01f7-c6a0-59ff-a928-f8d0f669e68d,Tawaif Ki Beti,1986,"Hindi, Film",Ghulam Ali,"Naqsh Lyallpuri, Shameem Kauser, Rajendra Sanjay",T-Series,0.0
2bc2c74a-5dc2-58a3-aa12-295fd53851e0,Teesra Kinara,1986,"Hindi, Film","Uttam - Jagdish, Shyam Sagar","Anjaan, Sameer",H.M.V.,0.0
f0bbfa0b-2e54-57e4-bf8c-c843bb74b075,Tere Shahar Mein,1986,"Hindi, Film",Khayyam,Naqsh Lyallpuri,T-Series,0.0
2a98ff4f-aa90-59ec-af83-5e7e724c9736,Teri Aarzoo,1986,"Hindi, Film",Usha Khanna,"Mahmood Sarosh, Arzoo Lakhnavi",Oriental Gramophone Record Company,0.0
7636ea68-f330-5fd1-bc3e-4dc9b993660e,Trikon Ka Chautha Kon,1986,"Hindi, Film",Jaidev,"Shahryar, Maya Govind, Mahadevi Verma",,3.5
ef0c13cb-a660-5071-b671-9238082993b8,Vidhaan,1986,"Hindi, Film",Anil - Nanda,Naqsh Lyallpuri,T-Series,0.0
29812b3a-1d77-56fa-955b-903926ad765b,Vikram Vetal,1986,"Hindi, Film",Nadeem - Shravan,Indivar,,0.0
d75c4273-5276-5779-9e44-3c9554ef4c1c,Zindagani,1986,"Hindi, Film",R.D. Burman,"Anjaan, Indeevar",Oriental Gramophone Record Company,3.0
b697094c-efaf-586d-9580-ef84da60f3c0,7 Saal Baad,1987,"Hindi, Film",Rajkamal,"Mahendra Dehlvi, Farooq Kaiser, Suroor Lucknowi",Tips,0.0
47fb2328-4666-524c-b028-a3df2d7a8aca,Aag Hi Aag,1987,"Hindi, Film",Bappi Lahiri,Anjaan,Venus,3.6
95cf984e-7e60-58b7-9621-2a99b4e5ca11,Anjaam,1987,"Hindi, Film",Laxmikant - Pyarelal,Farooq Qaiser,Venus,0.0
22d9306f-03a1-5a33-9d30-03e440505fba,Apne Apne,1987,"Hindi, Film",R.D. Burman,Gulshan Bawra,Universal,3.0
fcaaf920-fcdc-5542-bce1-73bc210f9e01,Aulad,1987,"Hindi, Film",Laxmikant - Pyarelal,S.H. Bihari,T-Series,0.0
042f299a-9e04-55bd-af6c-9d5fccae8fe6,Awam,1987,"Hindi, Film",Ravi,Hasan Kamal,H.M.V.,0.0
9f1a51fb-35c5-5ca8-b234-0d47f40b78f2,Besahaara,1987,"Hindi, Film",Usha Khanna,Gauhar Kanpuri,T-Series,0.0
589a2c8b-6d35-5fce-9c15-dbb2d26acdba,Car Thief,1987,"Hindi, Film",Anu Malik,Anjaan,Venus,0.0
68181d70-e53a-5b19-816a-f613119ed3d5,Dacait,1987,"Hindi, Film",R.D. Burman,Anand Bakshi,T-Series,0.0
57512aa6-1fc0-5570-a575-7ebc5f9af29a,Dadagiri,1987,"Hindi, Film",Anu Malik,Hasrat Jaipuri,T-Series,0.0
562a8040-8737-5f08-a320-a32ceff77272,Dak Bangla,1987,"Hindi, Film",Bappi Lahiri,"Farooq Qaiser, Amit Khanna",Venus,0.0
5c0e4e7d-00b4-5d1c-9611-0b708826eb1f,Daku Hasina,1987,"Hindi, Film",Usha Khanna,"Mahendra Dehlvi, Shahid Kabir, Qaiser-Ul-Jafri, Anwar Farrukhabadi, Payam Sayeedi",T-Series,0.0
ac262d05-3f5a-5eff-a95c-60a6c8166eaa,Dance Dance,1987,"Hindi, Film",Bappi Lahiri,Anjaan,T-Series,0.0
bf9b649b-c93d-538b-a15b-ba3dfbf79953,Deewana Tere Naam Ka,1987,"Hindi, Film",Raamlaxman,"Anjaan, Ravinder Rawal",H.M.V.,3.0
437c255c-b2bf-54bf-8bd6-7a3ed45fe489,Dharti Ki Kasam,1987,"Hindi, Film",Usha Khanna,Indeevar,T-Series,0.0
4d2a0a69-d888-5fdb-988f-4bda8000ac66,Dil Padosi Hai,1987,"Hindi, Non Film",R.D. Burman,Gulzar,Saregama,0.0
6af27d5e-1e5f-5746-ba41-19af2df67f39,Dil Tujhko Diya,1987,"Hindi, Film",Rajesh Roshan,Rajesh Roshan,Music India,3.67
0e3eb282-574e-566a-acc0-1da24672a3b1,Diljalaa,1987,"Hindi, Film",Bappi Lahiri,"Indeevar, Kavi Pradeep",T-Series,0.0
e1899aa3-d194-58c2-8e33-1710bd293de8,Dilruba Tangewali,1987,"Hindi, Film",Anwar - Usman,"Khalid, Jalal Jhansvi",T-Series,0.0
19401aca-7e20-5def-add7-5432c5619448,Diwana Tere Dilka (Mohabbat Ki Aag),1987,"Hindi, Film",Laxmikant - Pyarelal,"Hasrat Jaipuri, S.H. Bihari",Venus,0.0
c4586b8f-0ef3-5d0f-a627-810e64058982,Falak,1987,"Hindi, Film",Kalyanji - Anandji,"Nida Fazli, Anjaan",T-Series,0.0
eb1a686b-9ab4-5a2b-9af3-3858d7bbbe0d,Faqeer Badshah,1987,"Hindi, Film",Sonik - Omi,"Gauhar Kanpuri, Verma Malik, Kulwant Jani, Gulshan Bawra",T-Series,0.0
9218802e-4264-57e0-8c1f-5eabb4ea217e,Ghar Ka Sukh,1987,"Hindi, Film",Ravi,Ravi,T-Series,0.0
7e8bba2a-e952-5d7d-9577-4bbebd892907,Ghar Mein Ram Gali Mein Shyam,1987,"Hindi, Film",Amar - Utpal,Anjaan,Venus,0.0
9f6d8459-e177-5817-8610-6bd3cea036d0,Goraa,1987,"Hindi, Film",Sonik - Omi,Verma Malik,T-Series,0.0
42d1abdb-5db5-5c47-a562-d86a00456d7d,Hawalaat,1987,"Hindi, Film",Anu Malik,Gulshan Bawra,T-Series,0.0
2858bf07-57f6-50f9-bcdc-5acbdff82ba9,Hifazat,1987,"Hindi, Film",R.D. Burman,Anand Bakshi,T-Series,0.0
2ae281de-6053-5879-8b88-1c9eb99881a9,Himmat Aur Mehanat,1987,"Hindi, Film",Bappi Lahiri,Indeevar,T-Series,0.0
513413d2-e0eb-5ee7-a56e-26fd11c2dd8a,Hiraasat,1987,"Hindi, Film",Kalyanji - Anandji,"Vishweshwar Sharma, Anjaan",T-Series,0.0
2287af5b-3b89-5cbf-b0cd-4b657b142584,Hukumat,1987,"Hindi, Film",Laxmikant - Pyarelal,Verma Malik,T-Series,0.0
b44f948d-55dd-5956-84b5-0f34b8c6e6ea,Imaandaar,1987,"Hindi, Film",Kalyanji - Anandji,"Prakash Mehra, Anjaan, Maya Govind",H.M.V.,3.5
ecce2055-d665-5baa-b99e-a361fc4674f0,Inaam Dus Hazaar,1987,"Hindi, Film",R.D. Burman,Majrooh Sultanpuri,T-Series,0.0
963621d2-9293-59a5-b4be-26aadab534b2,Insaaf,1987,"Hindi, Film",Laxmikant - Pyarelal,Farooq Qaiser,Venus,0.0
0ba929f3-d767-5a9d-b9d8-11077bc04046,Insaaf Kaun Karega,1987,"Hindi, Film",Laxmikant - Pyarelal,"Sameer, S.H. Bihari, Hasan Kamal",T-Series,0.0
7c9a8468-cf94-5ddf-b008-2fd4bf2caa5b,Insaf Ki Pukar,1987,"Hindi, Film",Laxmikant - Pyarelal,Anand Bakshi,Venus,0.0
7bfb9bda-3011-5102-8169-3066a83885a0,Insaniyat Ke Dushman,1987,"Hindi, Film",Anu Malik,"Indeevar, Sameer",T-Series,0.0
6c8c42be-05d5-54ae-a542-54a4fdfa0963,Itihaas,1987,"Hindi, Film",R.D. Burman,Anand Bakshi,Music India Limited,0.0
bc896c8d-2850-5532-9145-7b81538368e9,Jaan Hatheli Pe,1987,"Hindi, Film",Laxmikant - Pyarelal,Anjaan,Venus,0.0
f6b724c0-9996-57ca-a78b-92ee8fd6cb1f,Jalwa,1987,"Hindi, Film","Remo Fernandes, Anand - Milind","Remo Fernandes, Narendra Sharma, Sameer, Gulshan Bawra",CBS,3.0
f22fdb46-1bdc-5e6d-9868-beed96cee08c,Jawab Hum Denge,1987,"Hindi, Film",Laxmikant - Pyarelal,"Sameer, S.H. Bihari",T-Series,0.0
244e8c04-f6a3-5694-8d8f-7e3a38ac0b4a,Jeete Hain Shaan Se,1987,"Hindi, Film",Anu Malik,"Indeevar, Shaily Shailendra",Venus,3.67
2e8be892-f2ab-51d9-a54c-7453dcc4fde4,Jhuke Jhuke Naina,1987,"Hindi, Film",Anup Jalota,"Maya Govind, Hasrat Jaipuri, Shabab Merthi",T-Series,0.0
6c725cfb-280e-5423-85ab-8809c835e5bd,Kaash,1987,"Hindi, Film",Rajesh Roshan,Farooq Qaiser,Venus,3.5
b1756dbf-2e94-58bf-8aab-2af46a00ee6c,Kachchi Kali,1987,"Hindi, Film",Usha Khanna,Yogesh,Venus,0.0
4730160c-6d57-5f5d-a4f4-dd76d3d13d23,Kalyug Aur Ramayan,1987,"Hindi, Film","Kalyanji - Anandji, Tulsidas","Verma Malik, Manoj Kumar, Maya Govind, Traditional, Tulsidas",T-Series,0.0
ed051354-b639-5244-96da-ea4b1472ef07,Kamagni,1987,"Hindi, Film",Ilaiyaraaja,Indivar,Venus,0.0
071296e8-5980-5cd0-9c8e-3c2fc018c470,Kaun Jeeta Kaun Haara,1987,"Hindi, Film",Usha Khanna,Kulwant Jani,Venus,0.0
72b96183-5a6a-57e0-b432-1f540223615a,Kharidar,1987,"Hindi, Film","R.D. Burman, Usha Khanna","Gulshan Bawra, Indivar",Universal Cassettes,0.0
0082ba0c-3846-5748-8e67-92d8ef822149,Khatra,1987,"Hindi, Film",Rachna - I,"Ravi - IX, Anil Rahi, Kulwant Jani",T-Series,0.0
2035acf8-c752-5c3e-9d82-061b61eab509,Khazana,1987,"Hindi, Film",Laxmikant - Pyarelal,Anand Bakshi,T-Series,0.0
37e2ee3f-ed60-5288-a55a-de074f7adee9,Khudgarz,1987,"Hindi, Film",Rajesh Roshan,"Indeevar, Farooq Qaiser",Venus,4.0
374c903f-c316-5d9e-96e3-7bc68c0e7482,Khunnus,1987,"Hindi, Film",Jaidev,"Naqsh Lyallpuri, Zafar Gorakhpuri",Universal Cassettes,0.0
9db358a0-e7a1-50bf-912a-30280575ae88,Kudrat Ka Kanoon,1987,"Hindi, Film",Laxmikant - Pyarelal,"Sameer, Farooq Qaiser",T-Series,0.0
12d9c894-cf40-50e0-bf33-c7bfa1cff882,Loha,1987,"Hindi, Film",Laxmikant - Pyarelal,Farooq Qaiser,T-Series,0.0
25e253ea-20c5-5357-aeca-364c5749db29,Maa Beti,1987,"Hindi, Film",Anand - Milind,"Anjaan, Maya Govind",Venus,0.0
5747d356-d92f-5636-84ce-0144720d699d,Maa Ki Saugandh,1987,"Hindi, Film","Sapan - Jagmohan, Rajesh Roshan","Anjaan, Rajendra Krishan, Indivar",T-Series,0.0
75088022-d7c9-5d3c-8bc2-e57d6883c11d,Maashuka,1987,"Hindi, Film",R.K. Arun,"Shardanand Tiwary, R.K. Arun",T-Series,3.18
55b93ebd-c877-5a05-a084-5d6a6c466cdd,Madadgaar,1987,"Hindi, Film",Laxmikant - Pyarelal,"Anand Bakshi, Kulwant Jani",CBS,0.0
6f40523b-5efa-531d-bf91-75b192e9f7db,Mahaadev,1987,"Hindi, Film",Ilaiyaraaja,"Farooq Qaiser, Gulshan Bawra",T-Series,0.0
a4295da7-e25c-53ca-81ec-13f501de7efe,Majaal,1987,"Hindi, Film",Bappi Lahiri,Indeevar,T-Series,0.0
99ad56a4-f511-502f-971e-554709d6a2e8,Manu The Great,1987,"Hindi, Film",Ravi,Ravi,T-Series,0.0
0d4260e8-bc6f-5ab6-bea4-ae911243f6b8,Mard Ki Zabaan,1987,"Hindi, Film",Laxmikant - Pyarelal,"Farooq Qaiser, S.H. Bihari, Indeevar",Venus,0.0
741edbd4-ad25-58a9-b1f4-0aefe3d5c038,Marte Dam Tak,1987,"Hindi, Film",Ravindra Jain,Ravindra Jain,T-Series,3.0
d9462c6e-05d2-5524-aa81-1ac1b775fd34,Mera Karam Mera Dharam (Dawedaar),1987,"Hindi, Film",Laxmikant - Pyarelal,Anand Bakshi,H.M.V.,0.0
afb18a89-ab07-5f63-832d-338fecd84635,Mera Lahoo,1987,"Hindi, Film",Anu Malik,"Sameer, Kulwant Jani, Anwar Sagar, S. Malik",Venus,0.0
09da94c9-35d4-543e-80d7-e5628aeaa8a6,Mera Yaar Mera Dushman,1987,"Hindi, Film",Bappi Lahiri,Gulshan Bawra,T-Series,0.0
b0ff7afa-df01-5c6e-aedb-4194f287aaef,Meraa Suhaag (Tanha Tanha),1987,"Hindi, Film",Ravi,Ravi,T-Series,0.0
cf0bdcbe-c8ed-5d66-a708-92ec3965ba91,Mirch Masala,1987,"Hindi, Film",Rajat Dholakia,Babubhai Ranpura,,0.0
92f12fbd-6fa5-5374-bc1b-5051d5f111c5,Mohe Avadhpuri Le Chalo Raam,1987,"Hindi, Non Film",,,,0.0
68b934e7-7dcd-5d0c-98cd-0e83d7965cde,Mohre,1987,"Hindi, Film",Vanraj Bhatia,Shakti Kumar - I,Music India,0.0
4cf88c91-4243-5a1c-87e5-a60f3e4df5b2,Mr. India,1987,"Hindi, Film",Laxmikant - Pyarelal,Javed Akhtar,T-Series,4.5
d05a2413-baa8-51a8-941e-635a02960365,Muqaddar Ka Faisla,1987,"Hindi, Film",Bappi Lahiri,"Anjaan, Prakash Mehra",Music India Limited,2.5
c8f3a470-169b-5283-94d1-1980af89fa96,Naam O Nishan,1987,"Hindi, Film",Anu Malik,"Indeevar, Shaily Shailendra",Venus,0.0
2dc8c5e2-ea79-5490-b0dd-aedaf96cb902,Nazrana,1987,"Hindi, Film",Laxmikant - Pyarelal,Anand Bakshi,T-Series,0.0
f3b22f62-b1de-5b91-856d-6bd718a1d4a0,Param Dharam,1987,"Hindi, Film",Bappi Lahiri,Anjaan,Venus,0.0
18d140f8-4eb8-57f5-bba4-2d53d8d23d9b,Parivaar,1987,"Hindi, Film",Laxmikant - Pyarelal,Anand Bakshi,Venus,0.0
c1046f22-6bfd-5ec3-828c-9b4bc64b3631,Passions,1987,"Hindi, Non Film",Jagjit Singh,"Sudarshan Faakir, Seemab Akbarabadi, Rana Sahri, Wajida Tabassum, Prem Warbartani, Bekhud Dehlvi",Saregama,0.0
ce6137b9-2839-5812-a1a8-2f6f8bd47055,Pratighaat,1987,"Hindi, Film",Ravindra Jain,Ravindra Jain,Rajshri Music,0.0
70369256-90a3-52cf-9bc2-9cb19bd825a9,Pyaar Karke Dekho,1987,"Hindi, Film",Bappi Lahiri,Indeevar,T-Series,0.0
4ba6772d-2b9a-5754-a49f-88747f37db0c,Pyar Ke Kabil,1987,"Hindi, Film",Bappi Lahiri,Indeevar,T-Series,0.0
79435b46-a8a7-56c5-9a95-7b522ab7fddf,Pyar Mohabat,1987,"Hindi, Film",Laxmikant - Pyarelal,Anand Bakshi,T-Series,3.0
85caedc5-843c-58f7-9ed1-d024b24414fb,Raat Ke Andhere Mein,1987,"Hindi, Film",Surender Kohli,"Narendra Roshan, Gauhar Kanpuri, Balbir Nirdosh",T-Series,0.0
f2668a91-5697-505a-8315-43be1f78800c,Saaya,1987,"Hindi, Film",Bappi Lahiri,Anjaan,T-Series,0.0
a0e0c4c7-0eee-5e0a-9b8b-a369546369fd,Sachchi Ibadat,1987,"Hindi, Film",Jimmy Singh,Zahur Fatehpuri,Venus,0.0
ba662882-0a3a-524f-ae25-40cf9f76993b,Sadak Chhap,1987,"Hindi, Film",Bappi Lahiri,Anjaan,Music India Limited,0.0
60fa1548-82f9-5ff9-af77-7c6acd4e5669,Sansar,1987,"Hindi, Film",Laxmikant - Pyarelal,Anand Bakshi,T-Series,0.0
d487e376-bff2-5317-9aed-24d5b0da20d3,Satyamev Jayate,1987,"Hindi, Film",Bappi Lahiri,Farooq Qaiser,T-Series,3.0
dc4cc40f-85b7-5911-aa28-4768a5b7c175,Shuruaat,1987,"Hindi, Film",Laxmikant - Pyarelal,"Hasrat Jaipuri, Ram Bhardwaj",T-Series,0.0
9de8b219-6b22-53aa-8feb-4926de10bd2e,Sindoor,1987,"Hindi, Film",Laxmikant - Pyarelal,Anand Bakshi,T-Series,3.67
8bb7c1f6-baad-5258-b998-e1cb06be4dbe,Sitapur Ki Geeta,1987,"Hindi, Film",Sonik - Omi,Verma Malik,T-Series,0.0
de015e09-03d4-53b5-ab45-448f1e0a2772,Susman,1987,"Hindi, Film","Sharang Dev, Vanraj Bhatia",Sant Kabir,,0.0
4a4e4bc1-e70c-5150-9753-ae5132b5e494,Sutradhar,1987,"Hindi, Film",Sudheer Moghe,"Traditional, Sudheer Moghe, Brahmanand - I, Sant Kabir",Music India,0.0
d2a68adc-fdb8-5f92-b85f-07f8bc02ff69,Tamas,1987,"Hindi, Film","Tejpal Singh, Surinder Singh, Vanraj Bhatia","Traditional, Guru Gobind Singh Ji",Magnasound,0.0
9a9982d7-480c-530a-9731-50acbe9fd740,Tara Rani Ki Amar Katha,1987,"Hindi, Film",Sapan - Jagmohan,Naqsh Lyallpuri,T-Series,0.0
936fc5db-de0e-5064-9ee0-e2cc9ba38cc0,Tera Karam Mera Dharam,1987,"Hindi, Film",Sonik - Omi,"Omkar Sharma, Indeevar, Verma Malik, Rajendra Krishan",T-Series,0.0
806b3a30-7a88-58f5-b1c1-4427286590f4,Thikana,1987,"Hindi, Film",Kalyanji - Anandji,"Prakash Mehra, Anjaan",Venus,3.0
78c72a32-885d-5584-adf0-56afa36faec4,Touhean,1987,"Hindi, Film",Bappi Lahiri,"Indivar, Anjaan, Naqsh Lyallpuri",T-Series,0.0
39bc3f15-45a2-581d-8c7d-88d5123dd1de,Uddhaar,1987,"Hindi, Film",Laxmikant - Pyarelal,"Shree Mohan Pradeep, Neeraj",T-Series,0.0
b1c0c869-5e61-54f9-bf1c-7d86a6ecd83f,Uttar Dakshin,1987,"Hindi, Film",Laxmikant - Pyarelal,Anand Bakshi,CBS,0.0
90f3ed89-0e9c-55b2-b1ad-f72310be6e6d,Vali-E-Azam,1987,"Hindi, Film",Chitragupta,Ahmed Wasi,,0.0
c4a59bb3-3e0d-55fc-bec6-478221796fa3,Waqt Ka Shahenshah,1987,"Hindi, Film",Usha Khanna,Yogesh,T-Series,0.0
6fe6b4a8-e236-551a-93a1-2eac2f91008c,Watan Ke Rakhwale,1987,"Hindi, Film",Laxmikant - Pyarelal,Majrooh Sultanpuri,Venus,3.0
3c68329a-9b7e-5adf-8f29-83d1c7922b7c,Woh Din Aayega,1987,"Hindi, Film",Aalok Ganguly,Majrooh Sultanpuri,H.M.V.,0.0
1cdfe45c-322a-5a8f-bada-e715d2bdba28,Yeh Hai Basti Badmashon Ki,1987,"Hindi, Film",Sonik - Omi,Kulwant Jani,Weston,0.0
3eb921a0-023f-51c8-bead-e959a0e33807,Yeh Woh Manzil To Nahin,1987,"Hindi, Film",Sharang Dev,"Mirza Ghalib, Amir Khusro",,0.0
a1e1f320-c592-5903-acee-8a6aa22a1ad4,Aag Ke Sholay,1988,"Hindi, Film",Vijay,Khalid,Weston,0.0
72e3f033-a832-52ae-a164-cc226fe433b7,Aage Ki Soch,1988,"Hindi, Film",Raamlaxman,Bal Kishan Puri,T-Series,0.0
fb81a695-422b-5986-b0a7-af2fe1d74fdb,Aaj Ke Angaarey,1988,"Hindi, Film",Bappi Lahiri,Anjaan,T-Series,0.0
173ebb48-13f6-5e9e-8c2c-8dd4df7efdf4,Aakhri Adaalat,1988,"Hindi, Film",Anu Malik,"Anjaan, Sameer",T-Series,0.0
9b35ead9-7c3f-524d-9664-8f6d8e6cd55d,Agnee,1988,"Hindi, Film",Laxmikant - Pyarelal,Anand Bakshi,Venus,0.0
8a64c68d-f8c6-59fe-8c5a-9850a8ed433c,Akarshan,1988,"Hindi, Film","Ajit Singh, Bappi Lahiri","Rajesh Johri, Vinod Sharma, Anjaan",H.M.V.,0.0
c5ec7469-c7cf-599e-8a3a-be4b4f6ec938,Aurat Teri Yehi Kahani,1988,"Hindi, Film",Anand - Milind,"Mahendra Dehlvi, Rajendra Krishan",T-Series,0.0
f58d39b0-45d0-52e7-84ef-981865336a20,Baby Doll,1988,"Hindi, Non Film","Rajesh Jhaveri, Rajesh Johri","Raajesh Johri, Alisha Chinai",Saregama,0.0
d35a5a59-ebcf-58b4-859c-f3101ac04530,Be-Lagaam,1988,"Hindi, Film",R.D. Burman,Majrooh Sultanpuri,T-Series,3.0
e2a01bf4-bb8c-580c-a9d7-a080e06138f7,Bees Saal Baad,1988,"Hindi, Film",Laxmikant - Pyarelal,Anand Bakshi,T-Series,0.0
a05dc055-30d0-59dd-9cad-e652eef679f2,Beyond Time,1988,"Hindi, Non Film",Jagjit Singh,"Shakeb Jalaali, Ishrat Afreen, Nazir Baqri, Kashif Indori, Rahat Indori, Murad Lucknowi, Shahid Kabir, Sudarshan Faakir, Mahmood Durrani, Rais Rampuri, Nazeer Banarasi",Saregama,0.0
a75625c9-d747-559e-a4f0-23b5dfd5c0c7,Bijlee Aur Toofan,1988,"Hindi, Film",Anwar - Usman,Khalid,T-Series,0.0
83900c1b-6564-572a-8380-57981e2a5d8f,Biwi Ho To Aisi,1988,"Hindi, Film",Laxmikant - Pyarelal,"Hasan Kamal, Anjaan, Sameer",T-Series,3.0
c06a29d7-ca9a-552b-83c5-bb28c688f8f1,Bungalow No. 666,1988,"Hindi, Film",Annu Malik,Sameer,Tips,0.0
5c8b9728-7b25-5280-93e5-7ddf6cdd4c5b,Charanon Ki Saugandh,1988,"Hindi, Film",Laxmikant - Pyarelal,Anand Bakshi,T-Series,0.0
aba7dae8-348a-5386-b0e6-e364d3878daa,Chatran,1988,"Hindi, Film",R.D. Burman,Gulzar,Venus,3.0
883cc742-dd14-563d-8d91-0e306ea61ec1,Chintamanee Surdas,1988,"Hindi, Film",Ravindra Jain,"Ravindra Jain, Surdas",T-Series,0.0
0e34330c-e236-53d5-b613-684df6ff4297,Commando,1988,"Hindi, Film",Bappi Lahiri,Anjaan,T-Series,0.0
d7dcc9d3-c0b5-5c60-9db3-48b1eb11117e,Dariya-Dil,1988,"Hindi, Film",Rajesh Roshan,"Indeevar, Vitthalbhai Patel",Venus,0.0
4c706f2b-4795-571c-b2ca-e9ec5eda4938,Dayavan,1988,"Hindi, Film",Laxmikant - Pyarelal,"Aziz Qaisi, Indeevar",T-Series,4.17
8c54aa4d-5b48-500b-abd4-b7c4fb1e8c93,Dharam Shatru,1988,"Hindi, Film",Hemant Bhosle,Anjaan,T-Series,0.0
5d120e09-e54f-5900-9b6f-00d00d9946bd,Dharamyudh,1988,"Hindi, Film",Rajesh Roshan,Kulwant Jani,T-Series,0.0
aaa89290-0f54-555b-8b5b-7e38ea813d65,Dukh-Dard,1988,"Hindi, Film",Alok Ganguly,Gauhar Kanpuri,Music India,0.0
48822bea-2f5b-5c99-9631-420234fb2671,Ek Naya Rishta,1988,"Hindi, Film",Khayyam,"Nida Fazli, Naqsh Lyallpuri",T-Series,3.0
98cc7586-eb75-5141-ac1f-32679b9eb5e4,Ek Sur,1988,"Hindi, Non Film",Ashok Patki,Piyush Pandey,Doordarshan,4.0
ea220610-cb2b-507d-83df-95c421e90f08,Faisla (Aaj Raat Ko),1988,"Hindi, Film",R.D. Burman,Majrooh Sultanpuri,Polydor,0.0
9c8fae15-c190-5b61-8da9-ada242e20bc0,Gair Kaanooni,1988,"Hindi, Film",Bappi Lahiri,Indeevar,T-Series,0.0
cc08ae74-9f6f-54d0-996c-aa7786542adb,Ganga Tere Desh Mein,1988,"Hindi, Film",Laxmikant - Pyarelal,Anand Bakshi,T-Series,0.0
2213d366-303d-5532-92ef-f595a1a28562,Gangaa Jamunaa Saraswathi,1988,"Hindi, Film",Anu Malik,"Indeevar, Prayag Raj",T-Series,3.5
934de122-725d-57fa-9293-1b35f91c94fd,Geeta Ki Saugand,1988,"Hindi, Film",Anwar - Usman,"Mahendra Dehlvi, Qaiser Jafri",T-Series,0.0
3e2677ee-c3e9-5be2-8f83-4f7f0a0f05ab,Ghar Aakhir Ghar Hai,1988,"Hindi, Film",Roshan Lal,"B.S. Mahalwal, Naqsh Lyallpuri",T-Series,0.0
d47b428d-7269-5d0f-be24-d9c46cdf325c,Ghar Ghar Ki Kahani,1988,"Hindi, Film",Bappi Lahiri,"Majrooh Sultanpuri, Anjaan, Indeevar",Venus,0.0
0e209e34-42c5-5537-a674-308980e89e1e,Gunahon Ka Faisla,1988,"Hindi, Film",Bappi Lahiri,Anjaan,Venus,0.0
8fb9c253-fd95-5000-9811-3f696e8a562b,Halaal Ki Kamaai,1988,"Hindi, Film",Bappi Lahiri,Anjaan,T-Series,0.0
f28a665e-71a9-5f18-89aa-45180c92ec1e,Hamara Khandan,1988,"Hindi, Film",Laxmikant - Pyarelal,Farooq Qaiser,T-Series,0.0
f3ea4b87-7b5a-58f3-9d32-dc7966fac591,Har Pal,1988,"Hindi, Non Film","M. Ashraf, Zarina Agha, A. Bobby","Ahmad Rahi, Saeed Gilani, Masroor Anwar, Qateel Shifai",CBS,0.0
b8c07edf-6a43-5466-bbf0-3cee8197fa56,Hatya,1988,"Hindi, Film",Bappi Lahiri,Indeevar,T-Series,0.0
f99c5df6-f7e6-5e36-8630-c53e8b0d7956,Hero Hiralal,1988,"Hindi, Film",Babla,Hruday Lani,Venus,0.0
b3b11a7e-a36a-5470-a982-c79bed13d7a6,Hum Farishte Nahin,1988,"Hindi, Film",Manoj - Gyan,"Raj Jallundhary, Manoj Bhatnagar, Shail Chaturvedi",T-Series,0.0
f30e511d-dd57-509a-88e4-5bdad434ac76,Idd Mubarak,1988,"Hindi, Film","Kamal Rajasthani, Traditional","Jeet Jaipuri, Ramrikh Manhar, Poojashri, Mehboob Sarvar, Siraj Agazi, Ramesh Malhotra, Traditional",Oriental Gramophone Record Company,0.0
8f6f7cba-cd1c-539c-a6e5-ac9cb54f3369,Insaaf Ki Manzil,1988,"Hindi, Film",Chitragupt,Mithilesh Sinha,T-Series,0.0
39ee4459-6082-5b3a-98d7-aa0d6972d00f,Intaqaam,1988,"Hindi, Film",Laxmikant - Pyarelal,Anand Bakshi,T-Series,0.0
e67f9f62-0019-5c89-bb47-81598b56da45,Jaane Jaan Sun,1988,"Hindi, Non Film",Arshad Mahmud,,EMI,0.0
671d368b-5a77-5fdb-bcd3-61211f799aa4,Jagjit & Chitra Singh In Concert,1988,"Hindi, Non Film",Jagjit Singh,"Tasleem Fazli, Sahir Hoshiarpuri, Saleem Kausar, Shadab, Nida Fazli, Ameer Minai, Mumtaz Mirza, Prem Warbartani",Saregama,0.0
9c152f90-1b78-5a0d-86c9-ed42f29a2c96,Jai Karoli Maa (Kaila Devi),1988,"Hindi, Film",Ravindra Jain,Ravindra Jain,T-Series,0.0
18138668-1079-5e80-b025-fba541de5ceb,Janam Janam,1988,"Hindi, Film",Laxmikant - Pyarelal,"S.H. Bihari, Majrooh Sultanpuri",T-Series,0.0
6047b148-87a5-5df7-a748-b7dbfe918104,Jungal Ki Beti,1988,"Hindi, Film",Rajesh Roshan,"Mahendra Dehlvi, Farooq Qaiser",CBS,0.0
a9453dfa-bf75-5032-a414-4c721d276cf2,Kaalchakra,1988,"Hindi, Film",Vijay Batalvi,"Yogesh, Indivar, Trilok Singh Komal",T-Series,0.0
b5480a09-2a90-59d6-ad12-89fb8f36cbc5,Kaali Ganga,1988,"Hindi, Film",Bappi Lahiri,Anjaan,T-Series,0.0
6e2a39e9-0807-5afc-8ff8-6179d545d8ea,Kab Tak Chup Rahungi,1988,"Hindi, Film",Bappi Lahiri,"Anjaan, Indeevar, S.H. Bihari, Sameer",T-Series,0.0
e53998fc-7aff-5070-8844-b3999ccf2921,Kabzaa,1988,"Hindi, Film",Rajesh Roshan,Anand Bakshi,T-Series,3.0
2230d429-5153-5d5c-b61f-af710f671ee6,Kanwarlal,1988,"Hindi, Film",Bappi Lahiri,Indeevar,T-Series,0.0
29339b31-11d9-56a1-9208-09bb27446509,Kasam,1988,"Hindi, Film",Bappi Lahiri,"Indeevar, Anjaan",T-Series,0.0
8d3c920b-3bba-5957-97b0-45d2ace937ee,Kehkashaa,1988,"Hindi, Film","Madhu Mukherjee, Sohail Rana","Faiyyaz Hashmi, Jayabrato Chatterjee, Traditional, Meerabai, Halim Sabir",T-Series,0.0
ac9b835b-b589-52d4-ba92-bf15fb812508,Khatron Ke Khiladi,1988,"Hindi, Film",Laxmikant - Pyarelal,Anand Bakshi,T-Series,0.0
cdfb325f-35b3-5f73-9be7-895db79854ad,Khoon Bahaa Ganga Mein,1988,"Hindi, Film",Anand - Milind,Anand Bakshi,T-Series,0.0
2009a9a3-56d8-5268-b052-56809c3db901,Khoon Bhari Maang,1988,"Hindi, Film",Rajesh Roshan,Indeevar,Venus,4.25
54b0f524-3216-51bc-bf23-0d7d0ab85263,Laal Paree,1988,"Hindi, Film",Nadeem - Shravan,Anwar Sagar,Venus,0.0
b11b3811-049a-5b7e-b13f-ca372aa88dc2,Lal Dupatta Malmal Ka,1988,"Hindi, Film",Anand - Milind,Majrooh Sultanpuri,T-Series,4.0
742a229d-7453-5dd9-a3fc-4dc4b247bff2,Libaas,1988,"Hindi, Film",R.D. Burman,Gulzar,H.M.V.,4.4
cc67cfb6-2d5b-504a-af1c-83a574f758c0,Maalamaal,1988,"Hindi, Film",Anu Malik,Indeevar,Venus,0.0
d64503d3-d2df-5799-bf6a-a094883b605e,Maar Dhaad,1988,"Hindi, Film",Rajesh Roshan,"Anjaan, Indeevar",T-Series,0.0
0c20d1dd-9b19-5c78-9e4f-bde541da94e6,Mahaveera,1988,"Hindi, Film",Kalyanji - Anandji,Anand Bakshi,T-Series,0.0
b32b2910-e17e-5214-a957-16cba101095f,Main Tere Liye,1988,"Hindi, Film",Bappi Lahiri,"Vijay Anand, Neeraj",H.M.V.,0.0
66f40579-a566-59c3-9a5d-440ff17125c3,Mamta Ki Chhaon Mein,1988,"Hindi, Film",Kishore Kumar,"Anjaan, Hasrat Jaipuri, Kishore Kumar, Shailendra",T-Series,0.0
f6b88935-8570-502a-8540-3bf0c647f556,Mar Mitenge,1988,"Hindi, Film",Laxmikant - Pyarelal,Anand Bakshi,T-Series,0.0
b7ede504-3388-56c8-b2f0-a37c0716971e,Mardangi,1988,"Hindi, Film",Bappi Lahiri,"Indivar, Gauhar Kanpuri",Venus,0.0
d50b77b6-1e1b-5417-86c0-37c82c47b7dd,Mardon Mein Mard,1988,"Hindi, Film",Amar - Utpal,"Abhilaash, Anjaan",T-Series,0.0
c7614a39-dd1e-524b-8baf-6d56e8737cbf,Mardon Wali Baat,1988,"Hindi, Film",R.D. Burman,Indeevar,T-Series,0.0
2821c332-3dcf-5eab-b397-cc184a78e75a,Mera Muqaddar,1988,"Hindi, Film",Kamalkant,"Anjaan, Verma Malik, Kulwant Jani",T-Series,0.0
e3719c4f-59d0-5d58-8540-2798fb0c6afb,Mera Shikaar,1988,"Hindi, Film",Bappi Lahiri,Indeevar,Weston,0.0
060a7424-19d6-551f-af89-8ef90f4ebc61,Mere Baad,1988,"Hindi, Film",Usha Khanna,Maya Govind,H.M.V.,0.0
98fa851e-7b2e-5f4e-bc9e-9b4f762ccff1,Mil Gayee Manzil Mujhe,1988,"Hindi, Film",R.D. Burman,"Anand Bakshi, Majrooh Sultanpuri",CBS,3.0
3c3591b0-ad0b-58b2-bcb1-50139410aa1e,Mohabbat Ke Dushman,1988,"Hindi, Film",Kalyanji - Anandji,"Prakash Mehra, Anjaan",H.M.V.,3.0
9b5cf556-8b91-5174-8b07-daff2b3efe49,Mr. X,1988,"Hindi, Film",Ravindra Jain,Ravindra Jain,,0.0
4cec0213-4606-5f87-9beb-dc0b70560241,Mulzim,1988,"Hindi, Film",Bappi Lahiri,Indeevar,T-Series,0.0
43f8a80d-5b44-5ba4-a885-b13b484a2804,Naa-Mumkin,1988,"Hindi, Film",R.D. Burman,Anjaan,T-Series,4.33
520d41e7-699d-59b8-a569-f6a7a67af314,Nagin Aur Nagina,1988,"Hindi, Film",Jeetu - Tapan,"R.K. Pashaan, Naqsh Lyallpuri, B.D. Mishra",T-Series,0.0
f3cfe3d7-e144-5f8a-b365-0afbec987f87,Naqab,1988,"Hindi, Film",Kamal Makhdoom,Farooq Qaiser,T-Series,0.0
733cf042-18cd-5434-ab7b-dfca21e3d87f,Naya Khoon,1988,"Hindi, Film",Usha Khanna,Indivar,Venus,0.0
044444a1-15b8-5ad4-bd3c-61772ce6ed35,Om Darbadar,1988,"Hindi, Film",Rajat Dholakia,Kuku - I,,0.0
d753064c-9184-59b3-ab46-06f6180dd60b,Paap Ki Duniya,1988,"Hindi, Film",Bappi Lahiri,Anjaan,Venus,3.0
4e0cf808-0bc2-5c5d-82f7-561dfcbc1d39,Paap Ko Jalaa Kar Raakh Kar Doonga,1988,"Hindi, Film",Ravindra Jain,Ravindra Jain,Venus,0.0
c60fd28c-8c28-5558-be7c-2ccb3c9d48a7,Panch Fauladi,1988,"Hindi, Film",Uttam - Jagdish,Nida Fazli,T-Series,0.0
ad8696c0-de8b-5ca9-a778-9cf6dd980c35,Parbat Ke Us Paar,1988,"Hindi, Film",Khayyam,"Naqsh Lyallpuri, Nida Fazli",H.M.V.,3.5
f365d4b6-ac7d-532e-b87d-c27161577ad7,Prem Sandesh,1988,"Hindi, Film",Basu Chakraborty,"Nida Fazli, Shakila Bano Bhopali",Universal,0.0
a6fe4d37-ca28-5137-8646-56fbe4710039,Pyar Ka Mandir,1988,"Hindi, Film",Laxmikant - Pyarelal,Anand Bakshi,T-Series,0.0
2c65f847-fe21-5e00-88e8-eed9939ef318,Qayamat Se Qayamat Tak,1988,"Hindi, Film",Anand - Milind,Majrooh Sultanpuri,T-Series,4.2
5ddf47c9-d9f6-526a-9e3b-b33ee8f607fe,Ram Avtar,1988,"Hindi, Film",Laxmikant - Pyarelal,Anand Bakshi,T-Series,3.0
210595f2-374d-5b02-9398-1d6ee3a1dee5,Rama O Rama,1988,"Hindi, Film",R.D. Burman,"Anand Bakshi, Usman Aarif",T-Series,3.5
b81e5745-c601-5458-9926-3f1484bd4e52,Rukhsat,1988,"Hindi, Film",Kalyanji - Anandji,"Anjaan, Farooq Qaiser",H.M.V.,0.0
bb2ee249-9f9e-5db7-8d8b-76e2a7a0737c,Saazish,1988,"Hindi, Film",Kalyanji - Anandji,Anand Bakshi,T-Series,0.0
b43e6d1a-4a8c-5f39-af5d-8c10f259b09f,Sachai Ki Taqat,1988,"Hindi, Film",Laxmikant - Pyarelal,Anand Bakshi,T-Series,0.0
bb944f64-f7bc-5278-a217-cdbe53d23fa9,Sachche Ka Bol-bala,1988,"Hindi, Film",Bappi Lahiri,Amit Khanna,T-Series,0.0
a582a386-5492-5f0d-b5e1-29a44124d87d,Salaam Bombay!,1988,"Hindi, Film",L. Subramaniam,,Niranjani Music,0.0
e0b58bfc-abe6-5fd3-9cca-96fb1c19321f,Shahenshah,1988,"Hindi, Film",Amar - Utpal,Anand Bakshi,Venus,3.8
c74983a2-fa53-5cd5-a486-b64822c97b14,Sherni,1988,"Hindi, Film",Kalyanji - Anandji,"Verma Malik, Nida Fazli, Anjaan, Indeevar",T-Series,0.0
e67fb20c-a7e5-5cfe-a837-129b0d253729,Shiv Ganga,1988,"Hindi, Film",Chitragupta,"Pt. Madhur, Sameer, Pradeep, Dilip Kanpuri",T-Series,0.0
677d68f8-1dd4-5f1b-9173-12c33e156884,Shiva Shakti,1988,"Hindi, Film",Anand - Milind,"Sameer, Shaily Shailendra",Venus,3.0
fefdfe8f-6ef0-589a-b993-703a78e3491b,Shoorveer,1988,"Hindi, Film",Laxmikant - Pyarelal,S.H. Bihari,T-Series,0.0
81080781-8866-5246-b6f2-e851061cbaf5,Som Mangal Shani,1988,"Hindi, Film",Annu Malik,"Hasrat Jaipuri, Jalal Jhansvi, Shaily Shailendra",Weston,0.0
29045d8b-c1d1-5786-b320-e501ec1193f9,Sone Pe Suhaaga,1988,"Hindi, Film",Bappi Lahiri,Indeevar,Venus,0.0
3aa57324-0e48-5b35-a6c1-be602b55c4f4,Soorma Bhopali,1988,"Hindi, Film",Dilip Sen - Sameer Sen,"Asad Bhopali, Jan Nisar Akhtar, Jagdeep",T-Series,0.0
039735db-67e5-5b5c-812d-be6447fea067,Tadap Aisi Bhi Hoti Hai,1988,"Hindi, Film",R.D. Burman,"M.G. Hashmat, Vishweshwar Sharma",T-Series,4.0
899ddf19-ed02-50d6-a6cf-49d7b904167a,Tamacha,1988,"Hindi, Film",Bappi Lahiri,Anand Bakshi,T-Series,0.0
b7841e69-0a8a-5cce-a8f9-4ec5f00e0c16,Tezaab,1988,"Hindi, Film",Laxmikant - Pyarelal,Javed Akhtar,T-Series,4.0
2800efb4-6933-5b87-89cd-6857aac84832,Tohfa Mohabbat Ka,1988,"Hindi, Film",Anup Jalota,"Maya Govind, Sant Soordas",Venus,0.0
5dade8cf-0d7a-5959-8d77-bb3590713f22,Trishagni (Sand Storm),1988,"Hindi, Film",Salil Chowdhury,Yogesh Gaud,,3.5
82fae3f9-f5fa-5b57-89ba-c20afbbf02ff,Tu Hi Mera Dil Tu Hi Meri Jaan,1988,"Hindi, Non Film",O.P. Nayyar,"Nasir Kazmi, Noor Devasi",Universal,0.0
5b32439d-d463-580a-87c7-1e8899fe4c43,Tujhe Nahin Chhodunga,1988,"Hindi, Film",C.P. Bhati,"Hasan Kamaal, Abdul Sattar",T-Series,0.0
4659fbde-5dba-506c-83ca-4a7a33b15ab8,Usfret,1988,"Hindi, Non Film",Trilok Gurtu,,Times Square,0.0
c6705f53-795f-573a-8735-4b88a9198b6c,Vasna Ki Aag,1988,"Hindi, Film",Raamlaxman,"Prem Pandit, Dilip K. Tahir",T-Series,0.0
23c0b6a6-ad27-5904-bbba-173b27238a8f,Veerana,1988,"Hindi, Film",Bappi Lahiri,"Anjaan, Indivar",Venus,0.0
8c8e10f3-f6fd-5a89-a680-2a20e2bcb162,Vijay,1988,"Hindi, Film",Shiv - Hari,Nida Fazli,H.M.V.,3.33
5d3b1c52-487c-5cb1-b5a0-5566c318873e,Waaris,1988,"Hindi, Film",Uttam - Jagdish,"Qamar Jalalabadi, Verma Malik, Sardar Panchhi",T-Series,0.0
ce9afb86-c926-50af-a91f-02e723804a1d,Waqt Ki Awaz,1988,"Hindi, Film",Bappi Lahiri,Indeevar,T-Series,2.5
590f386a-adbc-5eed-93ab-497a45ed866b,Woh Phir Aayegi,1988,"Hindi, Film",Anand - Milind,Sameer,T-Series,0.0
15a0f23f-1eac-5760-ad93-e0a3f00e4846,Wohi Bhayaanak Raat,1988,"Hindi, Film",Surendra Kohli - I,"Gauhar Kanpuri, Narendra Roshan, Mahender Dehlvi",T-Series,0.0
58f81d1c-0ba2-5a4a-bdf2-ee25d8644f64,Yateem,1988,"Hindi, Film",Laxmikant - Pyarelal,Hasan Kamal,Venus,0.0
a195ccb8-882b-5df8-8639-e06e153cd49b,Zakhmi Aurat,1988,"Hindi, Film",Bappi Lahiri,Farooq Qaiser,Tips,0.0
6deb4de5-3b5b-591e-ac6b-0f1f7540003b,Zalzala,1988,"Hindi, Film",R.D. Burman,"Indeevar, Gulshan Bawra",T-Series,0.0
c2c890fb-6b51-5772-9c63-398e2335507e,Zulm Ko Jala Doonga,1988,"Hindi, Film",Nadeem - Shravan,"Anwar Sagar, Madan Pal",T-Series,0.0
ec6d094d-3635-5426-a4a3-cdee9954c7d8,Aag Ka Gola,1989,"Hindi, Film",Bappi Lahiri,Anjaan,Venus,0.0
17e8c80c-301c-5438-b92e-f609989df9b4,Aag Se Khelenge,1989,"Hindi, Film",R.D. Burman,Anand Bakshi,T-Series,0.0
a34d16c7-0dc7-5437-9307-ff75b6913b48,Aakhri Baazi,1989,"Hindi, Film",Anu Malik,Indeevar,Venus,0.0
2dc0fe06-e363-5a62-a671-386e6e4cd8e1,Aakhri Badla,1989,"Hindi, Film",Salil Chowdhury,Yogesh Gaud,CBS,3.33
8ca6c794-97c9-542a-a4fe-bd266569ab53,Aakhri Ghulam,1989,"Hindi, Film",Bappi Lahiri,Anjaan,Venus,0.0
2e4d667a-ad3d-55ed-a93a-9d25f47e35fc,Ab Meri Baari,1989,"Hindi, Film",Anand - Milind,Sameer,Tips,0.0
c2ba71ff-025d-5ad7-adde-9a793d5eab2f,Abhimanyu,1989,"Hindi, Film",Anu Malik,"Anjaan, Indeevar, Anand Bakshi, Farooq Qaiser",T-Series,0.0
34c4514b-3ecb-5204-a19f-1fb8d57e41f0,Ajeeb Ittefaq,1989,"Hindi, Film",Gautam Roy,Gautam Roy,,0.0
948ff385-f491-5121-bebe-bd0e764bca6d,Akhri Muqabla,1989,"Hindi, Film",Usha Khanna,"Gauhar Kanpuri, Jagmohan Singh, Indeevar",,0.0
33aaede8-6520-5258-834b-e743ac681fcf,Andher Gardi,1989,"Hindi, Film",Dilip Sen - Sameer Sen,Indeevar,Tips,0.0
8fb80e3f-fd1a-5ca1-8db4-c6827197cfef,Apne Begaane,1989,"Hindi, Film",Prem Gupta,Raajesh Johri,T-Series,0.0
2ee34ccf-ea1a-5b23-b232-f26861f48602,Asar,1989,"Hindi, Non Film",K. Razdan,,T-Series,0.0
d47615b9-298e-5306-8fdf-dff7c2cf68b5,Asmaan Se Ooncha,1989,"Hindi, Film",Rajesh Roshan,Indeevar,Venus,0.0
e09a192b-1031-5c66-9985-3b9fb26f2ca2,Bade Ghar Ki Beti,1989,"Hindi, Film",Laxmikant - Pyarelal,"Santosh Anand, Hasan Kamal",T-Series,0.0
d0ef8033-c079-56df-a872-9dba46c9a8f5,Bahurani,1989,"Hindi, Film",R.D. Burman,Anjaan,Tips,0.0
e9464bf3-f64d-567e-aeca-cbdfd8c6fb3b,Batwara,1989,"Hindi, Film",Laxmikant - Pyarelal,Hasan Kamal,Venus,0.0
2c48d83c-3ac2-59bb-af17-96762e67efec,Bhrashtachar,1989,"Hindi, Film",Laxmikant - Pyarelal,Anand Bakshi,T-Series,0.0
065d1860-c7f4-5899-85ba-4355fc809afa,Billoo Baadshah,1989,"Hindi, Film",Jagjit Singh,"Manoj Darpan, Nida Fazli",T-Series,0.0
58d80b2a-941d-5563-a4a2-61d1b69bcdd2,Chaalbaaz,1989,"Hindi, Film",Laxmikant - Pyarelal,Anand Bakshi,T-Series,4.0
ea73c15a-6bf2-52ca-822a-1c2cccb20fed,Chahat,1989,"Hindi, Non Film",,,Saregama,0.0
7cdc0bb4-beca-598a-b496-d5f7c71df042,Chahe Mita Do,1989,"Hindi, Film",Uday Mazumdar,"A. Chakraborty, Syed Rahi",CBS,0.0
15b87a2e-b85a-55b1-b24b-c22d70b6df00,Chandni,1989,"Hindi, Film",Shiv - Hari,Anand Bakshi,H.M.V.,3.75
a019b270-70e4-53c7-aec3-d189a3629f8d,Chaska,1989,"Hindi, Film",Rachana Payal,Anil Rahi,Venus,0.0
4eac06b5-43b1-56df-a664-7181e01e2dfc,Clerk,1989,"Hindi, Film",Uttam - Jagdish,Manoj Kumar,T-Series,0.0
a448c456-4347-5383-ab45-88733eaa5a81,Daata,1989,"Hindi, Film",Kalyanji - Anandji,"Anjaan, Farooq Kaiser, Asad Bhopali",T-Series,3.0
1306fd90-7e9f-59e2-b5e0-4f185e3faf8d,Dana Paani,1989,"Hindi, Film",Anu Malik,Hasrat Jaipuri,T-Series,3.0
449ae077-a73c-5a72-9402-52fcaa1456b8,Dav Pech,1989,"Hindi, Film",Anu Malik,Indeevar,T-Series,0.0
a01d542f-9d94-5cda-b464-828892980f19,Desh Ke Dushman,1989,"Hindi, Film",Sonik - Omi,Verma Malik,T-Series,0.0
4c74ff7f-ff95-5ab4-9f21-8c2d4d48cdf1,Dil Ki Baat,1989,"Hindi, Non Film",Hariharan,,Magnasound,0.0
b54d3fea-f4fc-5d0d-bdf9-b9a36a94e30f,Do Qaidi,1989,"Hindi, Film",Laxmikant - Pyarelal,"Kulwant Jani, S.H. Bihari, Sameer",T-Series,0.0
d5588d3b-8e70-5a68-a7f3-230669cab775,Doorie,1989,"Hindi, Film",Kuldeep Singh,"Rahmani, Zafar Gorakhpuri",Weston,0.0
45af543e-5fec-57f7-9aa7-0112caee914b,Dost,1989,"Hindi, Film",R.D. Burman,Indeevar,T-Series,2.5
6f1971bd-6f00-5b24-bc45-b779d538438a,Dost Garibon Ka,1989,"Hindi, Film",Laxmikant - Pyarelal,Anand Bakshi,T-Series,0.0
7e555865-2d9d-5c0c-bfe1-cb7e02e87202,Eeshwar,1989,"Hindi, Film",Laxmikant - Pyarelal,Anjaan,T-Series,0.0
c20d661e-b344-51ea-baab-2b466e725d16,Ek Haseen Shaam,1989,"Hindi, Non Film",Bhupinder Singh,"Surendra Malik Gumnam, Sudarshan Faakir, Qateel Rajasthani, Ashk Ambalvi, Naseem Ajmeri, Yasmin Jaipuri, Alam Rae Barelvi",Saregama,0.0
57396c03-6854-5ad8-97ea-1e13e2e6e09d,Elaan-E-Jung,1989,"Hindi, Film",Laxmikant - Pyarelal,Anand Bakshi,Tips,0.0
6f6beaf6-6309-5816-9a0f-f2ea70c9c44b,Encore,1989,"Hindi, Non Film",,"Inderjeet Hassanpuri, Shahid Kabir, Shiv Kumar Batalvi, Amjad Islam Amjad, Seemab Akbarabadi, Waseem Barelvi, Jigar Moradabadi",Saregama,0.0
b30e15bf-c071-572b-a30c-ec1f689fce8d,Farz Ki Jung,1989,"Hindi, Film",Bappi Lahiri,"Anjaan, Naqsh Lyallpuri",Tips,0.0
b45daeb9-7e72-5524-ab21-9aa58e260127,Galiyon Kaa Badshah,1989,"Hindi, Film",Kalyanji - Anandji,"Indeevar, Anjaan, Maya Govind",Universal,0.0
b708c0f1-6155-51ed-b120-909041d16528,Garibon Ka Daata,1989,"Hindi, Film",Bappi Lahiri,Anand Bakshi,T-Series,0.0
5b21e9ae-947f-5123-ae9f-4a3fc1872091,Gawaahi,1989,"Hindi, Film",Uttam - Jagdish,Sardar Anjum,T-Series,0.0
17e20baf-5e70-5992-8e90-70a7a30c0953,Gentleman,1989,"Hindi, Film",Bappi Lahiri,Anjaan,T-Series,0.0
300deb57-c7a4-5eb6-b94a-52481672c29c,Ghabrahat,1989,"Hindi, Film",Ravindra Jain,Ravindra Jain,Sonotone,0.0
7487d187-3d2c-5553-9e0a-caa41cf57ca7,Ghar Ka Chiraag,1989,"Hindi, Film",Bappi Lahiri,"Anjaan, Sikander Bharti",Tips,3.0
75b4ac3e-bf6e-560e-8377-1727985a84f4,Gharana,1989,"Hindi, Film",Laxmikant - Pyarelal,Anand Bakshi,T-Series,0.0
7af95d9b-6934-595a-bba5-80ebed42e719,Gola Barood,1989,"Hindi, Film",Bappi Lahiri,"Anjaan, Kulwant Jani",Venus,0.0
6b206125-b9f5-5af4-959a-0ba084fce3c3,Goonj,1989,"Hindi, Film",Biddu,"Biddu, Rahi Masoom Reza, Parvez Mehdi, Rajesh Bhatt, Binju Ali",Tips,4.0
527edf9d-a630-5145-b060-ffbbc2651eb6,Guru,1989,"Hindi, Film",Bappi Lahiri,"Anjaan, Indeevar",T-Series,0.0
90cd4086-c8f9-52bb-ab16-de6e73b0565b,Haar Jeet,1989,"Hindi, Film",Bappi Lahiri,"Indeevar, Qateel Shifai",H.M.V.,0.0
1a8cec30-ccd3-5c5a-a152-b81304d4599d,Hai Hai,1989,"Hindi, Non Film","Vishal Bhardwaj, Gautam Ghosh",Vishal Bhardwaj,CBS,0.0
859e6da4-4df1-557f-bb1f-71421dbe0ffd,Hathyar,1989,"Hindi, Film",Laxmikant - Pyarelal,Hasan Kamal,T-Series,0.0
77c791e4-c3bf-5505-9a89-cd4459563c3c,Hisaab Khoon Ka,1989,"Hindi, Film",Nadeem - Shravan,"Anwar Sagar, Hasrat Jaipuri",T-Series,0.0
89569796-402e-5acf-b14d-e7625e06021b,Hum Bhi Insaan Hain,1989,"Hindi, Film",Bappi Lahiri,"Anjaan, Sameer, Indeevar",T-Series,0.0
6bf9db85-8648-5587-a2e4-36e8da2c99d2,Hum Intezaar Karenge,1989,"Hindi, Film",Bappi Lahiri,"Anjaan, Indeevar",T-Series,0.0
87622c2d-189d-5497-925c-c6c13b900971,Ilaaka,1989,"Hindi, Film",Nadeem - Shravan,"Anjaan, Sameer, Anwar Sagar",T-Series,0.0
9fc872e1-8c44-5c74-b8d8-44df870cebf0,Jaadugar,1989,"Hindi, Film",Kalyanji - Anandji,"Anjaan, Prakash Mehra, Javed Akhtar",H.M.V.,3.0
83a9b650-b38e-5119-b501-79805c424d03,Jaaydaad,1989,"Hindi, Film",Anu Malik,Nida Fazli,Weston,0.0
463be9b3-6a5c-5e72-8d0e-2f9d54d803f7,Jailkhana,1989,"Hindi, Film",Ravindra Jain,Ravindra Jain,H.M.V.,0.0
477eb76c-2202-537e-883a-be54a679a216,Jaisi Karni Waisi Bharni,1989,"Hindi, Film",Rajesh Roshan,"Indeevar, Sami Malik",Venus,0.0
e45d5745-4c76-55ed-9e8b-3ad3cd3a2f81,Jawani Ke Gunah,1989,"Hindi, Film",S. Chakravorty,"Khalid Majeed, Ravindra Jain",Sony Music,0.0
6bbcafac-6e33-5f09-a99c-835b54ca087c,Jeena Nahin Bin Tere,1989,"Hindi, Film",Rajesh Roshan,"Indeevar, Payam Sayeedi, Naqsh Lyallpuri",Weston,0.0
038ccf7a-5bd6-59ec-9569-9bfe4315d752,Joshilaay,1989,"Hindi, Film",R.D. Burman,Javed Akhtar,Universal,3.5
69e15f4a-8596-548f-81b5-b614a47947e7,Jungbaaz,1989,"Hindi, Film",Ravindra Jain,Ravindra Jain,T-Series,0.0
66171a74-3e1e-555c-9bec-a71fe2c83bde,Jurm,1989,"Hindi, Film",Rajesh Roshan,"Payam Sayeedi, Indeevar",Venus,4.75
85ab93c8-fa95-5296-a829-0a36d7d1cbb0,Jurrat,1989,"Hindi, Film",R.D. Burman,Anand Bakshi,T-Series,3.0
ef39ca93-ad5d-5081-a580-64147ab6003c,Kaanoon Ki Awaaz,1989,"Hindi, Film",Jagjit Singh,"Nida Fazli, Indeevar",T-Series,0.0
d98ca980-23a5-5cd4-ab48-7109598e8457,Kala Bazaar,1989,"Hindi, Film",Rajesh Roshan,"Indeevar, Payam Sayeedi",Venus,2.67
0c022afa-13c1-5e47-971e-023594c9b28e,Kanoon Apna Apna,1989,"Hindi, Film",Bappi Lahiri,Indeevar,T-Series,0.0
44b850cb-3c49-514e-8812-651c27ecad0d,Kasam Suhaag Ki,1989,"Hindi, Film",Laxmikant - Pyarelal,"Hasan Kamal, S.H. Bihari",T-Series,0.0
6ae280a9-b1fe-54f3-8880-a007a15f50e6,Kasam Vardi Kee,1989,"Hindi, Film",Bappi Lahiri,Anjaan,T-Series,0.0
6862016a-1f7e-5b23-8b72-175a8f373427,Khoj,1989,"Hindi, Film",Bappi Lahiri,Anjaan,Venus,0.0
ba4210f5-a926-5e99-95a9-5b18502ba923,Khol De Meri Zuban,1989,"Hindi, Film",Raamlaxman,"Bal Kishan Puri, Dada Kondke, Dev Kohli",Venus,0.0
fdb769ec-4e07-5d0f-b205-197bc987118a,Khuli Khidki,1989,"Hindi, Film",Usha Khanna,"Kulwant Jani, Yogesh",Sonotone,0.0
233a1199-2788-55e7-b914-61a3c0904835,Ladaai,1989,"Hindi, Film",Anu Malik,"Indeevar, Anjaan, Hasrat Jaipuri",Venus,0.0
1507591e-9640-558d-9417-160f49d231e8,Lahu Ki Awaz,1989,"Hindi, Film",Usha Khanna,Anjaan,Oriental Music,0.0
af207e08-9f2e-5b4b-8b0c-4df1c7f7a106,Lashkar,1989,"Hindi, Film",Nadeem - Shravan,Anwar Sagar,Venus,0.0
cd266831-ced3-5df8-803f-ebd103fda14e,Love Love Love,1989,"Hindi, Film",Bappi Lahiri,Anjaan,T-Series,3.0
033cc157-a403-5932-88c2-b51d440cb849,Maha Sangram,1989,"Hindi, Film",Anand - Milind,Sameer,Tips,2.5
8f69347d-d617-58fa-b807-2d668db1d51a,Mahakali,1989,"Hindi, Film",Bappi Lahiri,Indeevar,Weston,0.0
0484e27d-981d-543e-8fab-2abc94710b85,Main Azaad Hoon,1989,"Hindi, Film",Amar - Utpal,Kaifi Azmi,Tips,3.0
72227361-1cc4-5f80-b7d0-d5c26baec310,Main Tera Dushman,1989,"Hindi, Film",Laxmikant - Pyarelal,"Anjaan, Sameer, Indeevar",T-Series,0.0
84d07eb2-4003-52d3-9d59-5ab8a888900e,Maine Pyar Kiya,1989,"Hindi, Film",Raamlaxman,"Dev Kohli, Asad Bhopali",H.M.V.,4.0
8c0a9cc2-5c62-5e91-b0c7-a8fa6f49447b,Majboor,1989,"Hindi, Film",Laxmikant - Pyarelal,Anand Bakshi,T-Series,0.0
aeaac3eb-f674-5406-b117-ea4da71f34ba,Mera Naseeb,1989,"Hindi, Film",Iqbal Qureshi,"Zafar Rahi, Gauhar Kanpuri, Qaiser-Ul-Jafri",Venus,0.0
91b57267-489b-5872-a0bb-e27a58e60789,Meri Lalkaar,1989,"Hindi, Film",Vijay Batalvi,Sanam Gazipuri,T-Series,0.0
5b3ab160-8602-5e0e-8f08-aa545e90a40c,Meri Zabaan,1989,"Hindi, Film",Anu Malik,Anjaan,T-Series,0.0
f8609322-4ec6-536b-a5b6-9c8d5f6f47d4,Mirza Ghalib,1989,"Hindi, Non Film",Jagjit Singh,Mirza Ghalib,Saregama,0.0
018de6db-db3b-52e1-89b6-5341462f0066,Mitti Aur Sona,1989,"Hindi, Film",Bappi Lahiri,Anjaan,Venus,0.0
cb88ee38-bb77-5987-9650-a40d407c9fe5,Mohabat Ka Paigham,1989,"Hindi, Film",Bappi Lahiri,"Anjaan, Gauhar Kanpuri",T-Series,0.0
b7e6c69a-df2b-5f09-9a6d-0b2917b06aa2,Muhabbat Ki Hai Humne,1989,"Hindi, Film",Usha Khanna,Naqsh Lyallpuri,H.M.V.,0.0
68d56bec-ae4b-512c-94b6-ec660d6c7296,Mujrim,1989,"Hindi, Film",Anu Malik,"Indeevar, Sameer, Brij Bihari",Tips,0.0
46360a04-06cb-593e-b4a3-77986eb2b97a,Na-Insaafi,1989,"Hindi, Film",Bappi Lahiri,Anjaan,Venus,0.0
08cdbd14-e3ac-52a0-a864-887d08143ba9,Naag Nagin,1989,"Hindi, Film",Laxmikant - Pyarelal,"Santosh Anand, Mursheed Hallauri",H.M.V.,0.0
87b984b5-fdc5-516a-8f10-32c83f6098f7,Nabeel,1989,"Hindi, Non Film",Pankaj Udhas,"Mumtaz Rashid, Zafar Gorakhpuri, Rajesh Rahi",Universal,0.0
48441f2a-32fb-54b4-9219-045318b90f82,Nafrat Ki Aandhi,1989,"Hindi, Film",Bappi Lahiri,"Anjaan, Indeevar",T-Series,0.0
b8c32256-e2e5-51ff-99a2-dfeecfaf4662,Naqli Chehra,1989,"Hindi, Film",Kirti Anurag,Ram Siddharth,Venus,0.0
6b0cb1c0-c79d-5aa8-b4c0-60d161cfc75a,Nigahen: Nagina Part II,1989,"Hindi, Film",Laxmikant - Pyarelal,Anand Bakshi,T-Series,0.0
7ba52125-41ec-538e-b124-8877c10722e2,Nishanebazi (Nishanebaaz),1989,"Hindi, Film",Ravindra Jain,"Ravindra Jain, Mahendra Dehlvi, Khalid",T-Series,0.0
de50704e-1de7-50d4-b5f3-475087d37a57,Oonch Neech Beech,1989,"Hindi, Film",Laxmikant - Pyarelal,"Aziz Qaisi, Rahi Masoom Raza, Anjaan",H.M.V.,0.0
4696af94-0019-5cd9-8110-5cf3a62a2a68,Paap Ka Ant,1989,"Hindi, Film",Bappi Lahiri,"Anjaan, Sameer",Tips,0.0
df0b4028-590c-54ce-a70b-c0bfedb34a3c,Paap Ki Sazaa,1989,"Hindi, Film",Raamlaxman,Dev Kohli,T-Series,0.0
0c4b030d-1db7-5e57-8ebf-e9f56f2679a6,Parayaa Ghar,1989,"Hindi, Film",Laxmikant - Pyarelal,Hasan Kamal,T-Series,0.0
19702cc9-59e6-5e51-a236-a07c9ef9f485,Parchhaeen,1989,"Hindi, Film",Ravindra Jain,"Ravindra Jain, Naqsh Lyallpuri, Vrajendra Gaur, Hasrat Jaipuri",H.M.V.,0.0
999979be-21da-57d2-9791-295f07cc2be9,Parinda,1989,"Hindi, Film",R.D. Burman,Khurshid Hallauri,Tips,4.67
c369d210-0ed8-569a-b186-d8131f82e0d8,Pati Parmeshwar,1989,"Hindi, Film",Laxmikant - Pyarelal,Rajendra Krishan,T-Series,0.0
8f6a1c68-1312-5794-81f5-60d98ae27f8b,Pati Patni Aur Tawaif,1989,"Hindi, Film",Laxmikant - Pyarelal,Anand Bakshi,T-Series,3.0
b634af3e-8512-52bb-b1d6-43381e89d72f,Prem Pratigyaa,1989,"Hindi, Film",Bappi Lahiri,Indeevar,T-Series,3.67
534f0b50-7a8f-559f-9514-cd768eb581d0,Purani Haveli,1989,"Hindi, Film",Ajit Singh,Asha Rani - I,H.M.V.,0.0
ae87ee51-7f1c-5194-bea7-77bc9738163d,Pyar Ka Karz,1989,"Hindi, Film",Laxmikant - Pyarelal,Anand Bakshi,Venus,0.0
b5a61f3a-a88c-59fb-b7b5-b3a6ca3dbae6,Pyar Ke Naam Qurbaan,1989,"Hindi, Film",Bappi Lahiri,Anjaan,T-Series,0.0
78b328c5-953e-52f3-9012-d1ae0d14fe0d,Qurbani Rang Layegi,1989,"Hindi, Film",Laxmikant - Pyarelal,Gulshan Bawra,Tips,0.0
dfcdd7a4-32f2-5dbe-860e-30127ff62080,Raiszaada,1989,"Hindi, Film","Sukhwinder Singh, Dheeraj - II, Bappi Lahiri","Malkit Singh, Indeevar, Shail Chaturvedi, Pooja Kapoor",T-Series,0.0
cdf385ba-c6b5-5964-8919-9bca94694650,Rakhwala,1989,"Hindi, Film",Anand - Milind,Sameer,T-Series,0.0
7376f4cd-1eb6-54f1-a1a9-97338adbf342,Ram Lakhan,1989,"Hindi, Film",Laxmikant - Pyarelal,Anand Bakshi,H.M.V.,3.75
1d360423-6982-5896-a830-49615eb97807,Roti Kee Keemat,1989,"Hindi, Film",Bappi Lahiri,Indeevar,Weston,0.0
70c1e8c3-c104-51c9-8bdd-c4b35d3179f4,Sadhna (Kudrat Ka Faisla),1989,"Hindi, Film",Bappi Lahiri,Anjaan,T-Series,0.0
a1113b98-41ec-5d86-b116-d646412c834c,Sahara,1989,"Hindi, Film",Kalyanji - Anandji,Anjaan,Weston,0.0
66a2b6c1-8daa-575a-a375-8b14d3a48037,Senorita,1989,"Hindi, Non Film",Louis Banks,"Rajesh Johri, Shyam Anuragi",Saregama,0.0
47c9f867-bc8c-5f7c-816f-80944fd91593,Shehzaade,1989,"Hindi, Film",Laxmikant - Pyarelal,Anand Bakshi,T-Series,0.0
1d85bf0b-d149-5cfe-932b-973be5cc3a44,Shera Shamshera,1989,"Hindi, Film",Bappi Lahiri,"Anjaan, Payam Sayeedi",T-Series,0.0
e702cb38-7fe4-505a-9e64-99582249997a,Sheshnaag,1989,"Hindi, Film",Laxmikant - Pyarelal,Anand Bakshi,T-Series,3.0
494dcf71-3b36-537c-a8f1-68fce2ddecc6,Sikka,1989,"Hindi, Film",Bappi Lahiri,Indeevar,T-Series,0.0
7a7888a6-bbef-5f8a-8313-5953b4b62fcf,Sindoor Ki Awaaz,1989,"Hindi, Film",Rajesh Roshan,Indeevar,Weston,0.0
ec99f283-8149-59db-92ac-5cc0b12cc3f9,State Rowdy,1989,"Hindi, Film",Bappi Lahiri,Brij Bihari,H.M.V.,0.0
e8a15e3d-dec6-56fc-aeaa-cdbb1badb0aa,Suryaa,1989,"Hindi, Film",Laxmikant - Pyarelal,"Santosh Anand, Hasan Kamal",T-Series,0.0
822f5645-fa0a-5591-8e50-6545ac23539d,Swarg,1989,"Hindi, Film",Anand - Milind,Sameer,Venus,0.0
a7f6c05c-d875-5300-ac59-07de43149a54,Taaqatwar,1989,"Hindi, Film",Anu Malik,"Sameer, Indeevar",Venus,0.0
20637070-2f9e-5bb4-acab-cca8347c7fb0,Tere Bina Kya Jina,1989,"Hindi, Film",Jugal Kishore - Tilak Raj,Gulab Hussain,H.M.V.,0.0
5b5608fe-ed5f-5a62-acb3-02ba673cd2a5,Toofan,1989,"Hindi, Film",Anu Malik,"Indeevar, Prayag Raj, Gulshan Bawra",Weston,3.0
6b2a4638-050c-5095-b439-4679d20386c2,Tridev,1989,"Hindi, Film","Kalyanji - Anandji, Viju Shah",Anand Bakshi,T-Series,3.33
b3b33913-374a-5a8f-b30c-d35c04eebe70,Tu Nagin Main Sapera,1989,"Hindi, Film",Anwar - Usman,Mahendra Dehlvi,T-Series,0.0
8eccfd75-0c32-514c-a25a-0e8aac035d9e,Ustaad,1989,"Hindi, Film",Anu Malik,Indeevar,T-Series,0.0
2174967f-07ce-56bf-aadd-92b62be1ee0d,Vardi,1989,"Hindi, Film",Anu Malik,Anand Bakshi,T-Series,0.0
d2d14d57-73fd-58c7-bf26-d61b91a230fc,Zakham,1989,"Hindi, Film",Bappi Lahiri,Anjaan,Venus,0.0
7b6b9557-ddb4-55b4-b8ac-03021cbd3002,Zordaar,1989,"Hindi, Film",Anu Malik,"Indeevar, Shaily Shailendra, Sameer, Hasrat Jaipuri",T-Series,0.0
4bc2b168-cfff-5f19-bac0-04ef2c96327e,Aaj Ka Arjun,1990,"Hindi, Film",Bappi Lahiri,Anjaan,Venus,3.5
3de905f4-738b-5a97-9652-52e94a9696e7,Aaj Ke Shahenshah,1990,"Hindi, Film",Bappi Lahiri,"Anjaan, Indeevar",T-Series,4.0
ee9a4b02-0979-54d1-bf25-0236944ef493,Aandhiyan,1990,"Hindi, Film",Bappi Lahiri,Anjaan,T-Series,0.0
3c55afa3-31c2-5a13-a819-7d188ebfb0a2,Aashiqui,1990,"Hindi, Film",Nadeem - Shravan,"Rani Malik, Madan Pal, Sameer",T-Series,4.71
bba36863-ea26-532e-9ae3-e628d247620f,Aashiyan - Volume 1,1990,"Hindi, Non Film","Lalit Sen, Parvez Akhtar, Arun Paudwal","Dilip Tahir, Rani Malik, Payam Sayeedi, Saba Afghani, Rahat Indori, Qateel Shifai",T-Series,0.0
20f77418-7fbc-54d4-b0d2-18ab840b185b,Aashiyan - Volume 2,1990,"Hindi, Non Film","Lalit Sen, Parvez Akhtar","Payam Sayeedi, Rahat Indori, Qateel Shifai, Zafar Gorakhpuri, Ziya Amrohi",T-Series,0.0
a534208e-8f46-557a-a89a-bbb7b28a76e1,Agneekaal,1990,"Hindi, Film",Pankaj Bhatt,Shyam Raj,Venus,0.0
13def69f-0ee3-59ad-b3df-db6cd188df07,Agneepath,1990,"Hindi, Film",Laxmikant - Pyarelal,Anand Bakshi,Weston,0.0
6049afff-621f-5641-8067-84225e9bb919,Alish A Lisha,1990,"Hindi, Non Film","Alisha Chinai, Wizkid, Doors","Shyam Anuragi, Raajesh Johri",Saregama,0.0
659b9059-8cd3-52d8-b802-2f63215de40e,Amba,1990,"Hindi, Film",Laxmikant - Pyarelal,Anand Bakshi,T-Series,0.0
717c20a1-f115-567b-a823-88daebc88af2,Amiri Garibi,1990,"Hindi, Film",Laxmikant - Pyarelal,Anand Bakshi,T-Series,0.0
8aeceb9d-07ff-5f04-9879-076ce816e4f4,Anjaane Rishte,1990,"Hindi, Film",Anand - Milind,Majrooh Sultanpuri,T-Series,0.0
cd1af212-dad1-5740-91f4-f046cb403ba8,Apmaan Ki Aag,1990,"Hindi, Film",Nadeem - Shravan,"Anwar Sagar, Sameer, Hasrat Jaipuri",Venus,0.0
eb50750c-400e-5a64-b96c-e813a1440d66,Appu Raja,1990,"Hindi, Film",Ilaiyaraaja,Prem Dhawan,T-Series,0.0
2ac7d790-2331-5db0-b7bf-8b55a8efacf4,Atishbaz,1990,"Hindi, Film",Laxmikant - Pyarelal,Sameer,,0.0
085816b8-244b-54a8-975a-e4544b1f037c,Awaargi,1990,"Hindi, Film",Anu Malik,Anand Bakshi,T-Series,0.0
1bd91dd3-fb6c-54e2-9293-c5981524e37e,Awaaz De Kahan Hai,1990,"Hindi, Film",Naushad,Hasan Kamal,Tips,0.0
c153599d-d2b3-5b95-b8b6-6f26c90a21a7,Awaragardi,1990,"Hindi, Film",Bappi Lahiri,Anjaan,Tips,0.0
ecd69dc9-009e-5e88-8a4b-b6735d56d103,Awwal Number,1990,"Hindi, Film",Bappi Lahiri,Amit Khanna,Tips,3.5
9cf4709a-5ae0-53e2-8bd3-3835d3885761,Azaad Desh Ke Gulam,1990,"Hindi, Film",Laxmikant - Pyarelal,Sameer,T-Series,0.0
41d7ce78-179a-56fa-9c7d-c7e20590a5ae,Baaghi,1990,"Hindi, Film",Anand - Milind,Sameer,Venus,4.75
98164c76-5c2d-53d2-8430-dfff5988c8c7,Baap Numbri Beta Dus Numbri,1990,"Hindi, Film",Nadeem - Shravan,Sameer,Tips,0.0
f7a44ee5-c7f2-568e-9475-b378fb8fc8db,Bahaar Aane Tak,1990,"Hindi, Film",Rajesh Roshan,"Tajdar Taj, Ibrahim Ashq, Mohan Sharma - I, Indeevar",T-Series,3.5
ee72d197-0f18-5016-909d-1d8fdb8d5eb6,Bandh Darwaza,1990,"Hindi, Film",Anand - Milind,Kafeel Azar,H.M.V.,0.0
a4dbd95f-6c07-51fe-8a7d-580f39938162,C.I.D.,1990,"Hindi, Film",Kalyanji - Anandji,"Anjaan, Ramesh Pant",Tips,0.0
87932fd2-3694-5e9a-84e1-5d957fc38e84,Chor Pe Mor,1990,"Hindi, Film",R.D. Burman,Gulshan Bawra,Tips,0.0
504d4962-ddcf-55fd-a1bd-c2caf2a9bc88,Choron Ki Rani Hasino Ka Raja,1990,"Hindi, Film",Anwar - Usman,Mahendra Dehalvi,T-Series,0.0
082f007c-d257-5461-b221-3a3876434661,College Girl,1990,"Hindi, Film",Babul Bose,"Indeevar, Ravinder Rawal",T-Series,0.0
124d4af0-f8ee-5557-a569-bfe7662b51fa,Danga Fasaad,1990,"Hindi, Film",Dhiraj Kumar,"Abhilash, Shaily Shailendra",H.M.V.,0.0
a2293b72-f9dc-5ba1-a42a-c3ab72114bdc,Deewana Mujh Sa Nahin,1990,"Hindi, Film",Anand - Milind,Sameer,Tips,0.0
dd716b27-43a3-52c3-84fc-285d96782cb8,Dhuan,1990,"Hindi, Non Film",Leslie Lewis,Rajesh Johri,Saregama,0.0
1d796af8-035b-5c05-9c4a-0bfe513bf57f,Dil,1990,"Hindi, Film",Anand - Milind,Sameer,T-Series,3.67
3391df77-5f26-5d08-b03d-b6cf2314a63b,Din Dahade,1990,"Hindi, Film",Jeetu - Tapan,"Naqsh Lyallpuri, Hasrat Jaipuri, Sakshi Batla, Surendra Sathi",Tips,0.0
fac47cc2-51f0-5123-99d7-600c5b00a2ca,Do Yaar,1990,"Hindi, Film",Usha Khanna,"Naqsh Lyallpuri, Indeevar, Omkar Verma",,0.0
1132244a-0abb-5b34-bf0d-0f53cf8d789a,Doodh Ka Karz,1990,"Hindi, Film",Anu Malik,Anand Bakshi,T-Series,0.0
315878a9-2e8f-5761-a6db-ce4637a66630,Dushman,1990,"Hindi, Film",R.D. Burman,Indivar,Venus,0.0
add48f1a-4836-5ad7-8edb-55bbd1de9f21,Ek Nambar Kaa Chor,1990,"Hindi, Film",Maqsood - Iqbal,"Nida Fazli, Maya Govind, Tajdar Amrohi",H.M.V.,0.0
1f7846cc-6875-5ed4-ada6-e74706a71e09,Ghar Ho To Aisa,1990,"Hindi, Film",Bappi Lahiri,Majrooh Sultanpuri,Venus,0.0
024c1993-9828-5646-8292-27d17174c96b,Ghayal,1990,"Hindi, Film",Bappi Lahiri,"Anjaan, Indeevar",Venus,0.0
ab9b1bf7-0396-5277-b399-e7ebb1c49263,Gunahon Ka Devta,1990,"Hindi, Film",Anu Malik,Indeevar,Tips,0.0
786cd04c-1fc0-5fd2-9162-e176e67dadcd,Haatim Tai,1990,"Hindi, Film",Laxmikant - Pyarelal,Hasan Kamal,H.M.V.,3.33
223a43c3-64a6-57f3-aafd-61d89096eda3,Hamari Shadi,1990,"Hindi, Film","Salil Chowdhury, Sanjoy Chowdhury",Yogesh,,0.0
dee593a6-5c16-5be6-b528-e5cd24d066ae,Hum Se Na Takrana,1990,"Hindi, Film",Laxmikant - Pyarelal,Anand Bakshi,T-Series,0.0
12a2ce8b-fa0b-5033-b893-a790bd68078e,Immortal Series,1990,"Instrumental, Non Film",,,,0.0
547722f5-663f-5f23-b525-8b55d94a9005,Is Paar Ya Us Paar,1990,"Hindi, Film",Khokan Chowdhury,Shardanand Tiwary,H.M.V.,2.82
8d9be13b-6ab4-597c-9182-500d93b1726a,Izzatdaar,1990,"Hindi, Film",Laxmikant - Pyarelal,Anand Bakshi,T-Series,0.0
12b48d8a-8e50-5671-b846-55be8055dd0c,Jaan Lada Denge,1990,"Hindi, Film",Usha Khanna,Indivar,Sonotone,0.0
ea132ae0-a4a3-5a7c-9129-be96dc1a94aa,Jaan-E-Wafa,1990,"Hindi, Film",Khayyam,"Bashar Nawaz, Nida Fazli, Naqsh Lyallpuri, Asar Malkapuri",T-Series,0.0
4963461b-0df3-58fe-93b8-8172c656b7c2,Jamai Raja,1990,"Hindi, Film",Laxmikant - Pyarelal,Javed Akhtar,T-Series,0.0
96874f43-4dda-5d2a-9c57-170766a79df6,Jawani Zindabad,1990,"Hindi, Film",Anand - Milind,"Verma Malik, Sameer",Venus,0.0
5e087630-055f-59c1-b790-3caf84a3b701,Jeene Do,1990,"Hindi, Film",R.D. Burman,Anand Bakshi,Tips,0.0
98246d44-65f3-511b-906b-50123aa1d5b8,Jeevan Ek Sanghursh,1990,"Hindi, Film",Laxmikant - Pyarelal,Javed Akhtar,H.M.V.,0.0
eb45f6de-5302-5b93-9cf9-8e67e50d7d74,Jungle Love,1990,"Hindi, Film",Anand - Milind,Sameer,T-Series,0.0
f17e7191-5f09-53c3-8925-f274286ab125,Kaarnaama,1990,"Hindi, Film",Ravindra Jain,Ravindra Jain,T-Series,3.0
ae293c1a-d411-5164-8134-33fcc9eb93bd,Kafan,1990,"Hindi, Film",Anand - Milind,Sameer,H.M.V.,0.0
d9942893-125e-5a0b-b89a-5d609c2e59eb,Karishma Kali Kaa,1990,"Hindi, Film",Bappi Lahiri,"Farooq Qaiser, Roopesh Kumar, Anjaan, Indeevar",H.M.V.,0.0
c2822962-73c4-5bb1-99b1-2a7ba7905af3,Karmyoddha,1990,"Hindi, Film",Ajit Verman,Nadira Zaheer Babbar,T-Series,2.5
51a98e6f-4e9c-54b5-b115-f405336e48d0,Kasam Dhande Ki,1990,"Hindi, Film",Vijay,Khalid,Magnum,3.0
a270e7d8-0352-54b0-b806-d910744ede98,Kasam Jhoot Ki,1990,"Hindi, Film",Jeetu - Tapan,"Kulwant Jani, Hasrat Jaipuri",CBS,0.0
f37ddbb2-b222-5fcb-9e07-9e5c8582213f,Khatarnaak,1990,"Hindi, Film",Anu Malik,"Sameer, Indeevar",Weston,3.5
3f49096f-c53c-5869-a446-4db486967c2b,Khooni Murdaa,1990,"Hindi, Film",Bappi Lahiri,Gauhar Kanpuri,,0.0
42af7a62-c683-5d31-86ff-f581c66d8ace,Kishen Kanhaiya,1990,"Hindi, Film",Rajesh Roshan,"Anwar Sagar, Indeevar",Venus,3.5
b2c63f43-350c-57e1-814a-7e533ae63087,Kroadh,1990,"Hindi, Film",Laxmikant - Pyarelal,Anand Bakshi,Venus,0.0
8cc92b31-dc8d-5ee4-8236-e6e253267cae,Lekin,1990,"Hindi, Film",Hridaynath Mangeshkar,"Wajid Ali Shah, Gulzar, Vasant Dev, Kabir",H.M.V.,4.33
0e4ab7ed-feed-5d7c-b472-aa42eb4f52ef,Live In Karachi,1990,"Instrumental, Non Film",,,EMI,0.0
72940147-d73f-57c6-bb82-01a2c2d47a28,Lohe Ke Haath,1990,"Hindi, Film",Usha Khanna,Anjaan,Ultra,0.0
b677f423-d539-5240-82ee-07bac1775d66,Mahal,1990,"Hindi, Film",Bappi Lahiri,"Anjaan, Indeevar",T-Series,0.0
84eeb494-8170-58b6-b3a9-65524ac09eac,Mera Pati Sirf Mera Hai,1990,"Hindi, Film",Anand - Milind,Sameer,Tips,0.0
21db9fa6-a842-518f-a933-e0702fe412ef,Muqaddar Ka Badshaah,1990,"Hindi, Film",Viju Shah,Sameer,Venus,0.0
e8e54cfe-45db-5965-9b59-9eff41416e56,Naaka Bandi,1990,"Hindi, Film",Bappi Lahiri,Anjaan,T-Series,0.0
4fb5164c-62da-5258-bd8b-571fb643388f,Nache Nagin Gali Gali,1990,"Hindi, Film",Kalyanji - Anandji,Anjaan,H.M.V.,0.0
46bcd470-2252-50a7-87c5-0d89f09f1c5c,Nyay Anyay,1990,"Hindi, Film",Anand - Milind,Majrooh Sultanpuri,Venus,0.0
c2e8b317-93f9-5aff-b740-c6f6a00885c2,Paap Ki Kamaee,1990,"Hindi, Film",Anu Malik,Indeevar,H.M.V.,3.0
be4a829a-9300-5da7-8a1b-77133d3e2f77,Passages,1990,"Instrumental, Non Film","Philip Glass, Pandit Ravi Shankar",,BMG Music,0.0
b61cd24d-4958-5bc5-9d75-dc793d2a2df9,Path-Bhrashta,1990,"Hindi, Film",Usha Khanna,"Indeevar, Laxman Dube",Ultra,0.0
36e7df1b-62c1-575a-a4cd-19befb4db3f4,Phir Laharaya Lal Dupatta,1990,"Hindi, Film",Anand - Milind,Majrooh Sultanpuri,T-Series,0.0
b53fd17d-3e58-59ca-8db1-dfb0d7b84fb2,Police Public,1990,"Hindi, Film",Raamlaxman,Asad Bhopali,T-Series,0.0
b68aabee-3635-5fe5-95d0-92f58cd5570a,Pratibandh,1990,"Hindi, Film",Laxmikant - Pyarelal,Anand Bakshi,Tips,0.0
e189755f-2b89-5816-82b2-0e646600a7ab,Pyasi Nigahen,1990,"Hindi, Film",Vidyut Goswami,Manzar Saburi,Weston,0.0
c9c633b5-b802-5ff4-b312-214d2ec029e2,Qarar,1990,"Hindi, Non Film",,,EMI,0.0
a48573d3-dbaa-530c-aa5c-467e26127c95,Qayamat Ki Raat,1990,"Hindi, Film",Laxmikant - Pyarelal,"Anand Bakshi, Hasrat Jaipuri",Tips,0.0
eaaccd80-8d56-53df-bf5c-fbd8f02f2ccb,Sailaab,1990,"Hindi, Film",Bappi Lahiri,Javed Akhtar,H.M.V.,3.75
b699152a-31a4-5e95-9c2c-d4c0a5192020,Shadyantra,1990,"Hindi, Film",Ravindra Jain,Ravindra Jain,H.M.V.,0.0
9851bf60-e482-5c76-bdb0-b21cd48d7647,Shaitani Ilaaka,1990,"Hindi, Film",Bappi Lahiri,Anjaan,Venus,0.0
354ed322-15f9-534a-9533-ae3d3c66b457,Shandar,1990,"Hindi, Film",Bappi Lahiri,Anjaan,Tips,0.0
2813083d-01c0-545a-b979-b781ef854738,Shiva,1990,"Hindi, Film",Ilaiyaraaja,"Majrooh Sultanpuri, Akmal Hyderabadi",Venus,3.0
0e995deb-fc79-5512-8261-bf6aea8d3972,Solah Satra,1990,"Hindi, Film",Nadeem - Shravan,"Rani Malik, Saeed Rahi",H.M.V.,3.0
c270cc3d-db7f-5ec9-b016-4a5d1152d462,Someone Somewhere,1990,"Hindi, Non Film",Jagjit Singh,"Sudarshan Faakir, Muzaffar Warsi, Ayaz Jhanswi, Mirza Ghalib, Faiz Ahmed Faiz, Fana Nizami Kanpuri, Shamim Karbani",Saregama,4.5
3f1bf87f-53d9-54ce-81fc-3d881c4648ee,Souten Ki Beti,1990,"Hindi, Film",Ved Pal,Saawan Kumar Tak,T-Series,3.0
24f7682b-5182-5a06-954c-0873f4c43f97,Taqdeer Ka Tamasha,1990,"Hindi, Film",Anand - Milind,Sameer,Venus,0.0
26fa044d-2fb4-5561-81ef-a8cbc9ddad4f,Tejaa,1990,"Hindi, Film",Anu Malik,"Anjaan, Hasrat Jaipuri",T-Series,0.0
9860ba3f-8755-51f1-8379-7894ebdaa981,Teri Talash Mein,1990,"Hindi, Film",Naresh Sharma,Sameer,T-Series,0.0
b10a97ea-05bb-572d-8f74-363442563368,Thanedaar,1990,"Hindi, Film",Bappi Lahiri,"Indeevar, Raj Sippy, Sameer, Anjaan",T-Series,4.0
3dc9fcb1-47bc-5d0c-a6ca-3ababcacf087,Thodasa Roomani Ho Jayen,1990,"Hindi, Film",Bhaskar Chandavarkar,Kamlesh Pandey,H.M.V.,0.0
3b3df2d5-1f85-5441-8719-ac6d8d7e0a87,Tum Mere Ho,1990,"Hindi, Film",Anand - Milind,Majrooh Sultanpuri,Tips,3.0
4d3691d2-913d-5c85-997b-8cb70c537592,Veeru Dada,1990,"Hindi, Film",Laxmikant - Pyarelal,Anand Bakshi,H.M.V.,0.0
92008f82-a857-57ff-b5b8-2fa2c28fc55a,Vidrohi,1990,"Hindi, Film",Ravindra Jain,Ravindra Jain,Electroband,0.0
61f19c38-ad3a-5cb7-911c-9580262f5724,Wafaa,1990,"Hindi, Film",Mandheer - Jatin,"Anjaan, Kafeel Azar",,0.0
4e85f54f-1fed-599b-9768-1e868ae38a30,Yaadon Ke Mausam,1990,"Hindi, Film",Anand - Milind,Salauddin Parvez,T-Series,3.0
3b9568e8-64b3-5e0e-ba05-aa6ee7058a36,Zahreelay,1990,"Hindi, Film",Anand - Milind,Majrooh Sultanpuri,Tips,0.0
70b1b49f-6be4-5a1d-9eec-05e04520e8ef,Zakhmi Zameen,1990,"Hindi, Film",Anand - Milind,Sameer,H.M.V.,0.0
f196faa3-c242-5fd0-aa32-a1c2c6bc1d4f,Zimmedaaar,1990,"Hindi, Film",Anu Malik,"Indeevar, Amit Khanna, Farooq Qaiser",Venus,0.0
e701e85d-e006-56f2-a277-4c3b749a5689,100 Days,1991,"Hindi, Film",Raamlaxman,"Ravindra Rawal, Dev Kohli, Dilip Tahir",Tips,4.0
67261766-764e-5ce8-a357-0d50aafeeec5,Aadmi Aur Apsara,1991,"Hindi, Film",Ilaiyaraaja,Indeevar,Sigma,0.0
a67f6d0c-e83c-590a-aadd-c732dc05b064,Aayee Milan Ki Raat,1991,"Hindi, Film",Anand - Milind,"Majrooh Sultanpuri, Sameer, Mahendra Dehlvi",T-Series,3.67
2f77d045-db3e-5ccd-bad7-97ca81c255f1,Ab Ke Baras,1991,"Hindi, Non Film",Anand Raj Anand,Shyam Anuragi,Saregama,0.0
8474b016-e0f9-5baf-af3e-d6e9f4e228e1,Afsana Pyar Ka,1991,"Hindi, Film",Bappi Lahiri,"Anjaan, Sameer",Tips,0.0
6a9a1be6-84d3-59a5-be7c-712fd2ef777d,Ajooba,1991,"Hindi, Film",Laxmikant - Pyarelal,Anand Bakshi,T-Series,0.0
d214c455-0a6b-5310-878e-4a535efb84a1,Akayla,1991,"Hindi, Film",Laxmikant - Pyarelal,Anand Bakshi,Venus,3.25
fcf7ba24-655c-5e90-9dbd-f556a0baf2bb,Alibaba,1991,"Hindi, Non Film",Baba Sehgal,Baba Sehgal,Magnasound,0.0
3e93c68a-abc1-5ca7-8b40-d1198f6bc08d,Anjali,1991,"Hindi, Film",Ilaiyaraaja,Sameer,Venus,0.0
3ab68366-bca5-57cc-920b-d52657843930,Badi Bahen,1991,"Hindi, Film",Laxmikant - Pyarelal,Majrooh Sultanpuri,Saregama,0.0
42036a46-7024-5c4a-b7d3-7c33dc854f43,Baharon Ke Manzil,1991,"Hindi, Film",Raamlaxman,"Dev Kohli, Ravindra Rawal, Gauhar Kanpuri, Shyam Anuragi",Tips,3.5
42f05ef5-73ec-5463-814e-41560962cbdd,Banjaran,1991,"Hindi, Film",Laxmikant - Pyarelal,Anand Bakshi,Weston,0.0
86e70177-bc68-5182-a6c1-e978d3f425f6,Begunaah,1991,"Hindi, Film",Rajesh Roshan,"Nida Fazli, Payam Sayeedi",Ultra,0.0
391f7533-738e-5b02-bf65-1b14993fbaf2,Benaam Badsha,1991,"Hindi, Film",Laxmikant - Pyarelal,Anand Bakshi,Saregama,0.0
86851bb2-aeee-5b1b-b981-ceeab874a113,Bhabhi,1991,"Hindi, Film",Anu Malik,"Nawab Arzoo, Dev Kohli, Hasrat Jaipuri",Venus,0.0
79310f7e-70f0-5468-afed-99f26f8df0dc,Bhediyon Ka Samooh,1991,"Hindi, Film",Trina Chakraborty,"Yogesh Gaud, Darpan Sharma",Oriental Music,0.0
6a933fbb-c87d-5096-a419-1775e8360d89,Current,1991,"Hindi, Film",L. Vaidyanathan,Onkarnath Mishra,,0.0
47c06c96-4758-5b1a-9e55-528fc857354d,Daddy,1991,"Hindi, Film",Rajesh Roshan,Suraj Sanim,Venus,0.0
84f3a2d2-897f-57b5-bfbd-4c21ebcc78c9,Dancer,1991,"Hindi, Film",Anand - Milind,Sameer,Tips,0.0
ba934c9e-125e-5db0-bbba-6b42d1d060ff,Dastoor,1991,"Hindi, Film",Anand - Milind,Majrooh Sultanpuri,T-Series,0.0
49c36e7f-8fb3-576c-bc45-eb6f0ef4eb06,Deewane,1991,"Hindi, Film",Usha Khanna,Indeevar,Weston,0.0
cdecda47-9d30-5066-abca-5efc0aecfd65,Deshwasi,1991,"Hindi, Film",Laxmikant - Pyarelal,Anand Bakshi,T-Series,0.0
3e50e16b-174e-5f98-9f9f-5cd07a1550c2,Dharm Sankat,1991,"Hindi, Film",Kalyanji - Anandji,"Vishweshwar Sharma, Pushpa Varma",Saregama,0.0
b3b353c7-5c1b-5706-ad7c-e7639b435181,Dhun,1991,"Hindi, Film",Laxmikant - Pyarelal,Anand Bakshi,Saregama,0.0
5e9d4ec8-03fe-5744-a25f-1e2c8779b505,Dil Hai Ke Manta Nahin,1991,"Hindi, Film",Nadeem - Shravan,"Sameer, Faaiz Anwar, Aziz Khan Shahani, Rani Malik",T-Series,3.0
d0a1a920-c8e7-5c5c-a4ae-b8c7f7128f30,Do Matwale,1991,"Hindi, Film",Laxmikant - Pyarelal,Sameer,T-Series,0.0
64d319d8-8d83-526c-b6dd-10b23ce57d26,Do Pal,1991,"Hindi, Film",Rajesh Roshan,"Ibrahim Ashq, Payam Sayeedi",Venus,0.0
87553fe4-be20-5e5e-96df-fcade10110c6,Drishti,1991,"Hindi, Film",Kishori Amonkar,Vasant Dev,Magnasound,0.0
7087e66a-a9c6-552f-a312-be60d992c774,Dushman Devta,1991,"Hindi, Film",Bappi Lahiri,"Anjaan, Indeevar",Saregama,0.0
06ac735f-1696-559f-a811-9a0c757ca671,Farishtay,1991,"Hindi, Film",Bappi Lahiri,Anand Bakshi,H.M.V.,3.0
cda5c3e1-2cbb-5268-add6-c69a4b4c5439,Fateh,1991,"Hindi, Film",Naresh Sharma,"Sukhwinder Singh, Noor Devasi, M. Shamim, Indeevar",T-Series,0.0
2d31073e-8ec8-5b04-a7c5-f7fb8c1ec972,First Love Letter,1991,"Hindi, Film",Bappi Lahiri,Anjaan,Venus,3.5
91316ae5-8134-557c-8850-a735b6b34e2e,Ghar Parivaar,1991,"Hindi, Film",Kalyanji - Anandji,Anjaan,H.M.V.,0.0
7e92e136-459c-572f-98f3-dca2c225d395,Gunehgar Kaun,1991,"Hindi, Film",R.D. Burman,Majrooh Sultanpuri,Saregama,0.0
61335022-0113-5ecf-abf8-e1f0ceddb4dd,Hafta Bandh,1991,"Hindi, Film",Bappi Lahiri,Javed Akhtar,Weston,0.0
ea6e5e6b-bd57-5ec2-bd61-3829c27d0ba8,Hai Meri Jaan,1991,"Hindi, Film",Bappi Lahiri,"Majrooh Sultanpuri, Mahendra Dehlvi, Indeevar, Naqsh Lyallpuri",T-Series,0.0
c341ee9d-6648-50b6-8a9b-d0cd104a79f4,Haque,1991,"Hindi, Film",Anand - Milind,Sameer,H.M.V.,0.0
9e7d9946-3711-5fff-81e4-33ebdb100faa,Henna,1991,"Hindi, Film",Ravindra Jain,"Ravindra Jain, Naqsh Lyallpuri, Maulana Qudsi",Saregama,3.5
9b635d11-f756-5f7b-b645-b7006cff7d36,Hope,1991,"Hindi, Non Film",Jagjit Singh,"Nida Fazli, Shahryar, Farakh Roohvi, Zafar Gorakhpuri, Bashir Badr, Rustam Sehgal Wafa, Ayaz Jhanswi",Saregama,0.0
0fd1c401-ee0e-5aa3-b52b-3faf40fb4aa5,House No. 13,1991,"Hindi, Film",Enoch Daniels,Yogesh Gaud,Saregama,0.0
890d9e89-6b7b-5182-924e-f6baa4e412a8,Hum,1991,"Hindi, Film",Laxmikant - Pyarelal,Anand Bakshi,H.M.V.,3.0
ad53f53c-9e0a-5214-85d2-65b9a1d3972b,Hum To Pyar Karenge,1991,"Hindi, Non Film",Babul Bose,Ravinder Rawal,T-Series,0.0
94fcc8f0-e1e4-501b-aed0-875703312fde,Indrajeet,1991,"Hindi, Film",R.D. Burman,Gulshan Bawra,Tips,3.5
97a96eb9-1307-573e-9855-ccbd4eecada1,Insaaf Bhawani Ka,1991,"Hindi, Film",Sonik - Omi,"Verma Malik, Khalid",Tips,0.0
a5bad63e-5377-5427-aa70-208b7a098cf3,Insaaf Ka Khoon,1991,"Hindi, Film",Hansraj Behl,"Munsif, Mahendra Dehlvi",Saregama,0.0
6b4a35e6-498d-5d1a-9331-eb1142be3faf,Inspector Kiron,1991,"Hindi, Film",Bappi Lahiri,"Gumrah Khairati, Anand Bakshi, Saawan Kumar Tak",Venus,0.0
96c7755b-4185-53ab-85d0-71e73b925733,Ishq Khuda Hai,1991,"Hindi, Film",Dilip Sen - Sameer Sen,"P.D. Mehra, Dilip Tahir",Sterling,0.0
990ed460-a2b2-5005-9dd0-137292b19e76,Izzat,1991,"Hindi, Film",Anu Malik,Anand Bakshi,Venus,0.0
bc87a089-efd8-5fac-b196-4f28e394cfe4,Jaan Ki Kasam,1991,"Hindi, Film",Nadeem - Shravan,Sameer,T-Series,3.0
73395650-0988-5705-abe8-9560875bcfb9,Jaan Pehchan,1991,"Hindi, Film",Iqbal Gill,"Vishwamitra Sonie, Baldev Prasad, Iqbal Gill, Aish Kanwal",T-Series,0.0
b18fb74c-08f8-5713-8a7c-fec802da7f72,Jeena Teri Gali Mein,1991,"Hindi, Film",Babul Bose,"Ravinder Rawal, Naqsh Layalpuri",T-Series,3.0
b549c757-86cd-5a1a-8122-235f9e093908,Jeevan Daata,1991,"Hindi, Film",Rajesh Roshan,Anwar Sagar,Tips,0.0
760eb5e8-6903-5b42-b7c1-e14fc81a09b7,Jigarwala,1991,"Hindi, Film",Nadeem - Shravan,"Aziz Khan Shahani, Surendra Sathi, Madan Pal, Gauhar Kanpuri, Rani Malik",T-Series,0.0
f867ce17-b4cd-5e12-8bfe-718ee8534025,Jungle Queen (Jungle Ki Rani),1991,"Hindi, Film",Anand - Milind,Sameer,Sterling,0.0
68c42f1e-7442-52f4-8948-18e5a3895046,Karz Chukana Hai,1991,"Hindi, Film",Rajesh Roshan,"Indivar, Shadab Lahori",Tips,0.0
a29cc1d1-460f-5b85-9749-0b0c8cb5cd67,Kasam Kali Ki,1991,"Hindi, Film",Kamal Kant,"Yogesh, Kulwant Jani, Naadaan",Sony Music,0.0
798b7349-1cc3-5a92-a12d-eca97f4007e4,Kaun Kare Kurbanie,1991,"Hindi, Film",Kalyanji - Anandji,"Indivar, Anjaan",Music Bank,0.0
4c6f3d53-bd7d-5211-807b-a0ac01abad06,Khilaaf,1991,"Hindi, Film",Laxmikant - Pyarelal,Anand Bakshi,Tips,0.0
a7d725ad-481d-5fc2-8859-5715c4575741,Khoon Ka Karz,1991,"Hindi, Film",Laxmikant - Pyarelal,Anand Bakshi,Weston,0.0
5bd85f11-58a9-5ec3-a530-91b9fc8e2a3b,Khooni Raat,1991,"Hindi, Film",Usha Khanna,"Asad Bhopali, Nida Fazli",Tips,0.0
72ed46d6-d038-5ca3-9d6f-e9d07c45f7c7,Kurbaan,1991,"Hindi, Film",Anand - Milind,Sameer,T-Series,0.0
16a07e41-0cf1-5086-93ad-3ecea71f7066,Lakhpati,1991,"Hindi, Film",Iqbal Qureshi,Akhtar Romani,,0.0
dddc4f07-005e-5e3f-809c-50dedd52bb8a,Lakshmanrekha,1991,"Hindi, Film",Laxmikant - Pyarelal,Anand Bakshi,Venus,0.0
83c4972a-9ed2-59b3-8386-31d2ab93f6dc,Lamhe,1991,"Hindi, Film","Shiv - Hari, Various artists","Anand Bakshi, Various artists",H.M.V.,3.67
f2ad840c-56d7-5aa9-8a14-a09e8d76b866,Living Magic,1991,"Instrumental, Non Film","Trilok Gurtu, D. Goyone, Jan Garbarek",,CMP Records,0.0
348526a2-deb8-553d-afb7-0d43fa2debca,Love,1991,"Hindi, Film",Anand - Milind,Majrooh Sultanpuri,Venus,4.33
9b9449ad-2efd-5b60-97a7-71dbb4b147d3,Mast Kalandar,1991,"Hindi, Film",Laxmikant - Pyarelal,Anand Bakshi,Tips,0.0
d801d4c5-a942-5111-975c-f1bd2965c7da,Maut Ki Sazaa,1991,"Hindi, Film",Anup Jalota,Maya Govind,T-Series,0.0
c3d7384e-525b-505e-80f1-124626043eaf,Mayor Sahab,1991,"Hindi, Film",Ilaiyaraaja,Indeevar,,0.0
5773106d-0742-5c63-8cfa-ec652c40b0fa,Meena Bazar,1991,"Hindi, Film",Naresh Sharma,"Noor Devasi, Sameer",Shemaroo,0.0
b778e201-d176-5c2f-bdcc-5b0204bf3890,Meet Mere Man Ke,1991,"Hindi, Film",Babul Bose,Ravindra Rawal,Tips,0.0
7243158d-20c6-5ae2-a8e4-b550fc73541c,Mehandi Ban Gai Khoon,1991,"Hindi, Film",Usha Khanna,"Mahender Dehlvi, Chandra Kaushal, Balbir Kalyan",Sonotone,0.0
fb948c1e-fbe2-5728-9468-671a8d5ca721,Mera Dil Tere Liye,1991,"Hindi, Film",Babul Bose,Ravinder Rawal,T-Series,0.0
b45abe97-1016-5b54-b72a-b11abc443da3,Naagmani,1991,"Hindi, Film","Anu Malik, Traditional","Santosh Anand, Dev Kohli, Hasrat Jaipuri, Traditional, Mahendra Dehalvi",T-Series,0.0
a7b44fcd-3355-53c8-a615-4c0665d46906,Naamcheen,1991,"Hindi, Film",Anu Malik,"Dilip Tahir, Shaily Shailendra, Dev Kohli",H.M.V.,0.0
82c4134a-d48b-5fcd-9073-dc087614e351,Nachnewale Gaanewale,1991,"Hindi, Film",Bappi Lahiri,"Mahendra Dehlvi, Anjaan",T-Series,0.0
b6eaed6e-39fb-5289-9506-09d5bbc3ccd4,Narsimha,1991,"Hindi, Film",Laxmikant - Pyarelal,Javed Akhtar,Tips,3.67
b9e11227-f3ca-53be-891d-e4dc9d373798,Numbri Aadmi,1991,"Hindi, Film",Bappi Lahiri,"Verma Malik, Anjaan",Saregama,0.0
c0402008-bcfe-5017-a737-5fffe5b2adc1,Paap Ki Aandhi,1991,"Hindi, Film",Laxmikant - Pyarelal,Anand Bakshi,T-Series,0.0
ef4f8935-67f4-51b4-af26-d5cd58247a47,Pathar Ke Insan,1991,"Hindi, Film",Bappi Lahiri,"Indeevar, Anjaan",Venus,0.0
b2a350c1-bd91-5adc-a6fd-1e9eff926929,Patthar Ke Phool,1991,"Hindi, Film",Raamlaxman,"Dev Kohli, Ravinder Rawal, Noor Kaskar",Tips,4.0
35414487-f278-54f1-9ad0-58e7ef8c4262,Phool Aur Kaante,1991,"Hindi, Film",Nadeem - Shravan,"Sameer, Rani Malik",Tips,3.67
5094a668-d0fc-5a75-bbb7-3ff058d5bc77,Phool Bane Angaray,1991,"Hindi, Film",Bappi Lahiri,Anjaan,Venus,0.0
16d4a158-b816-54bb-ab77-4df27cf444d9,Pitambar,1991,"Hindi, Film",Suraj Kiran,Khalid,Oriental Gramophone Record Company,0.0
ee15c679-90e4-59c5-bc85-9d38f8e1dcf5,Planet Drum,1991,"Instrumental, Non Film",,,360 Degrees Production,0.0
0571bfe8-39ff-546c-9283-a8d28326b319,Prahaar,1991,"Hindi, Film","Laxmikant - Pyarelal, Bade Ghulam Ali Khan","Mangesh Kulkarni, Traditional",Venus,3.33
c6bee284-31c3-57d2-a5b7-50287e423dd0,Prateeksha,1991,"Hindi, Film",Rajesh Roshan,"Prayag Raj, Indeevar",T-Series,0.0
6ead8b15-2fd4-56a1-bb87-228eec4140c9,Pratigyabadh,1991,"Hindi, Film",Kalyanji - Anandji,Hasan Kamal,T-Series,3.0
801ae9bd-2913-58c8-b92b-81340aad1f68,Pratikaar,1991,"Hindi, Film",Bappi Lahiri,Anand Bakshi,Venus,0.0
86115661-d3c5-557a-8789-8d69236d2b39,Prem Daan,1991,"Hindi, Film",Ravindra Jain,Ravindra Jain,Weston,0.0
124d880d-5435-531c-841c-4f259823e798,Prem Qaidi,1991,"Hindi, Film",Anand - Milind,Sameer,Tips,0.0
312c5299-0f61-5c26-8dc8-9342de229c79,Pucca Badmash,1991,"Hindi, Film",Usha Khanna,"Kulwant Jani, Hasrat Jaipuri",Electroland,0.0
b46700a9-1a77-54f5-9f09-c5a96fed6d51,Pyaar Ka Saaya,1991,"Hindi, Film",Nadeem - Shravan,Sameer,Venus,3.0
0706bd5e-88b3-519f-8252-de3d774a8954,Pyar Bhara Dil,1991,"Hindi, Film",Nikhil - Vinay,Yogesh Gaud,T-Series,0.0
817db316-f8c8-5425-9bad-ee525bff1bfe,Pyar Hua Chori Chori,1991,"Hindi, Film",Laxmikant - Pyarelal,Anand Bakshi,Sterling Recordings,0.0
eaf3fa79-b5d6-5ac5-9b1b-de14f2163fb8,Pyar Ka Devta,1991,"Hindi, Film",Laxmikant - Pyarelal,Anand Bakshi,Tips,0.0
7d9120d7-f7c8-543a-8a24-dbbe12cd54aa,Pyar Ka Sawan,1991,"Hindi, Film",Ravindra Jain,"Ravindra Jain, Kiran Mishra",Venus,0.0
a9f06b9c-bd97-51b8-90cd-443085c49313,Raat Ki Uljhan,1991,"Hindi, Film",Salil Chowdhury,Gulzar,Universal,0.0
3067bb30-33c1-51b7-940b-e58eb4e5fd19,Ramgarh Ke Sholay,1991,"Hindi, Film",Anu Malik,"Dev Kohli, Dilip Tahir",Venus,0.0
437e9693-aa89-50db-aa14-7155393c0223,Ramwati,1991,"Hindi, Film",Usha Khanna,"Dilip Tahir, Verma Malik, Mahendra Dehlvi",Ultra,0.0
c9786f17-47c3-5333-85df-2d4efd67edad,Ranbhoomi,1991,"Hindi, Film",Laxmikant - Pyarelal,"Santosh Anand, Asad Bhopali, K.K. Singh",Venus,0.0
9180cb70-4305-57c5-ad7b-73d95b0a1983,Roohani Taaqat,1991,"Hindi, Film",Naresh Sharma,"Sameer, Manzar Saburi",Oriental Music,0.0
b3059df8-2580-5f41-9c87-4b96fb269c4d,Rupaye Dus Karod,1991,"Hindi, Film",Bappi Lahiri,"Anjaan, Sikander Bharti",H.M.V.,0.0
6a99c9eb-5be6-567f-a9e5-0ddc6a077eb2,Saajan,1991,"Hindi, Film",Nadeem - Shravan,"Sameer, Faaiz Anwar",Venus,4.0
bbf5d6b3-c4bc-5e67-a230-2f2c13547266,Saanson Ki Sargam,1991,"Hindi, Film",S. Surendra,"S.K. Chand, Anand Tripathi",Venus,0.0
f3236bc7-b565-5d8c-b39d-e28a6dcfdc4f,Saathi,1991,"Hindi, Film",Nadeem - Shravan,"Sameer, Surendra Sathi, Nawab Arzoo, Hasrat Jaipuri",T-Series,3.67
03a56d37-ee69-5e4c-96c2-15a29c684e52,Sadak,1991,"Hindi, Film",Nadeem - Shravan,"Sameer, Rani Malik, Surendra Sathi",T-Series,4.25
d358fb59-eda7-54dd-a5ae-e392fef78851,Sajda,1991,"Hindi, Non Film",Jagjit Singh,"Ahmad Faraz, Akhtar Shirani, Qateel Shifai, Nida Fazli, Nazeer Baqri, Sahir Bhopali, Shahid Kabir, Ahmad Nadeem Qasmi, Zafar Gorakhpuri, Muzaffar Warsi, Waseem Barelvi, Saba Afghani, Danish Aligarhi",Saregama,3.0
31d972d4-b24c-50b6-8a42-3c6b6bca25ac,Sanam Bewafa,1991,"Hindi, Film",Mahesh - Kishore,Saawan Kumar,Tips,3.5
2eb83264-e446-5668-a877-a3d8a4183b5b,Sapnon Ka Mandir,1991,"Hindi, Film",Laxmikant - Pyarelal,"Sameer, Hasan Kamal",Music Bank,0.0
7070a181-4bd2-5329-8de1-4475c293165a,Sau Crore,1991,"Hindi, Film",Bappi Lahiri,Suraj Sanim,Tips,0.0
6b645dc7-566c-5db5-9c85-92826b4a1d6f,Saudagar,1991,"Hindi, Film",Laxmikant - Pyarelal,Anand Bakshi,Saregama,3.5
4bd34e9f-6390-5354-8c82-75337c1bd16a,Saugandh,1991,"Hindi, Film",Anand - Milind,Sameer,T-Series,0.0
fb1146ec-4f0b-52d9-9f19-bd66783298a5,Shankra,1991,"Hindi, Film",Laxmikant - Pyarelal,Hasan Kamal,Tips,0.0
50acbd37-bd00-5112-b128-a6f26f25691d,Shanti Kranti,1991,"Hindi, Film",Hamsalekha,Indeevar,Tips,0.0
b65e4118-a15a-5e05-a5b5-d48b488cb6bf,Shikari: The Hunter,1991,"Hindi, Film",Anu Malik,Anand Bakshi,Tips,0.0
1e0bd90c-a641-5543-8125-b0e540373f47,Shiv Raam,1991,"Hindi, Film",Rajesh Roshan,Anwar Sagar,Weston,0.0
4c37e039-9cf4-5c78-b1a5-a8509f863199,Siyasat,1991,"Hindi, Film",R.D. Burman,Hasan Kamal,Saregama,3.33
80f8efc6-2899-52de-bf5b-0fc82e7b9f5f,Swarg Jaisaa Ghar,1991,"Hindi, Film",Bappi Lahiri,Majrooh Sultanpuri,Sterling,0.0
cf78b283-6a52-5b3a-a963-b9cb65a93fa5,Swarg Yahan Narak Yahan,1991,"Hindi, Film",Rajesh Roshan,Indeevar,T-Series,0.0
21780eca-4c89-57ec-be78-f7110f8d16c4,Swayam,1991,"Hindi, Film","Ajit Varman, Ila Arun","Suraj Sanim, Ila Arun",,0.0
4fd49448-6945-5843-b36e-a89a384282ef,The Jungle Book,1991,"Hindi, Non Film",Vishal Bhardwaj,Gulzar,,3.0
9a2e0d1a-6856-5c18-a9ad-4b20cf993e21,Trinetra,1991,"Hindi, Film",Anand - Milind,Sameer,Venus,3.5
0b1a2792-87d5-5bef-8545-d13a4efd081c,Vishkanya,1991,"Hindi, Film",Bappi Lahiri,Syed Gulrez,Music Bank,3.0
7ae31186-9f0f-5b98-bc09-50db17a9aaf9,Vishnu Devaa,1991,"Hindi, Film",Rajesh Roshan,Anjaan,T-Series,0.0
0d375bed-92ea-567b-b34b-25232c7389fe,Yaara Dildara,1991,"Hindi, Film",Jatin - Lalit,"Sharukh Mirza, Majrooh Sultanpuri, Shahid Bijnori",Venus,4.33
a76abb4d-896c-5c6b-af7d-add892f56090,Yeh Aag Kab Bujhegi,1991,"Hindi, Film",Ravindra Jain,Ravindra Jain,Tips,3.0
dd88486e-5743-578c-bd61-daaef8cd7bca,Yodha,1991,"Hindi, Film",Bappi Lahiri,Anand Bakshi,Venus,0.0
510ce5db-e1bb-5877-b161-2f25aecd8433,Aaj Ka Goondaraaj,1992,"Hindi, Film",Anand - Milind,Sameer,Tips,3.67
34226960-83d2-50ae-b3d2-15efc5e1868f,Abhi Abhi,1992,"Hindi, Film",Anand - Milind,Sameer,Lara Music,0.0
39c6e6b1-53b5-5f1d-840d-a9e71672b2eb,Abhi To Main Jawan Hoon,1992,"Hindi, Film","Anand - Milind, C. Ramchandra","Sameer, Rajinder Krishan",T-Series,0.0
c3710b5c-9c62-5b61-ba24-a915badc7e6e,Adaa,1992,"Hindi, Non Film","Basu Chakraborty, Kuldeep Singh","Majrooh Sultanpuri, Payam Sayeedi, Nida Fazli, Babu Singh Maan, Anjaan, Ravinder Rawal, Wajida Tabassum",Venus,0.0
523d42f5-fd06-5ddf-b214-c19f9de58d17,Adharm,1992,"Hindi, Film",Anand - Milind,Sameer,Tips,3.0
f16b6410-3cb8-5106-848d-802315975732,Anaam,1992,"Hindi, Film",Nadeem - Shravan,Sameer,Music Bank,0.0
a267633c-f1a8-5583-9a70-dfb00194a286,Angaar,1992,"Hindi, Film",Laxmikant - Pyarelal,Anand Bakshi,H.M.V.,0.0
c1074fe9-2062-5b51-960c-22fc7d2380ef,Apradhi,1992,"Hindi, Film",Laxmikant - Pyarelal,Anand Bakshi,Tips,0.0
f0003b1e-dc2b-5223-ba2c-c119eb7c171a,Ashwani,1992,"Hindi, Film",M.M. Keeravani,Ravindra Jain,Rajshri Music,0.0
fee1c05f-e5f7-5c48-ba49-ccb2b263756f,Baaz,1992,"Hindi, Film",Anand - Milind,Sameer,Tips,3.5
e3c4f9ea-54ab-5b86-bbba-8d3564a241ab,Bahu Beta Aur Maa,1992,"Hindi, Film",Surender Kohli,"Kulwant Jani, Shabab Alawalpuri",,0.0
9301bc63-d226-59f2-a117-170f471625af,Balwaan,1992,"Hindi, Film",Mahesh - Kishore,"Gauhar Kanpuri, Dev Kohli, Anwar Sagar",Venus,2.5
6235d185-f796-544e-9152-5d3a35fb7664,Bandhu,1992,"Hindi, Film",Ranjit Gazmer,Kiran Mishra,H.M.V.,3.5
07edd8d2-31a2-5689-b439-4f93f5b1cccd,Bekhudi,1992,"Hindi, Film",Nadeem - Shravan,"Surendra Sathi, Anwar Sagar, Sikander Bharti, Saima Nadeem",Saregama,0.0
3a44e2d0-1ac7-5a08-b161-0337eb1d5a9c,Beta,1992,"Hindi, Film","Anand - Milind, Dilip Sen - Sameer Sen, Naresh Sharma, Amar - Utpal","Sameer, Dilip Tahir, Dev Kohli, Naqsh Lyallpuri",T-Series,3.67
98b9f6e8-bebf-51e3-80a0-1780dd9b0e5f,Bewaffa Se Waffa,1992,"Hindi, Film",Usha Khanna,Saawan Kumar Tak,Tips,0.0
4bc14756-5544-5d0e-a500-a0ddc702f5ee,Bol Radha Bol,1992,"Hindi, Film",Anand - Milind,Sameer,Tips,4.0
c1f319f1-162f-58c6-9bc3-1e6417d07dfb,Chamatkar,1992,"Hindi, Film",Anu Malik,Anand Bakshi,Tips,4.25
103dd6cc-c5ac-5792-8b0f-1a4d5871d72f,Colours,1992,"Instrumental, Non Film",,,Sony Music,0.0
9a3d93ed-08cc-5293-bcbe-e15fe2a2f8d5,Daulat Kee Jung,1992,"Hindi, Film",Anand - Milind,Majrooh Sultanpuri,Tips,0.0
8615f5d4-7760-538f-a2aa-028c9fc095a4,Deedar,1992,"Hindi, Film",Anand - Milind,Sameer,Tips,0.0
76165b27-172e-5958-bedf-244bba081349,Deewana,1992,"Hindi, Film",Nadeem - Shravan,Sameer,Venus,4.43
bd46ca0f-ab53-5553-8b30-4bf4262e7cb8,Dhaar,1992,"Hindi, Film",Sanjoy Chakravorty,Naqsh Lyallpuri,Oriental Gramophone Record Company,0.0
3db35ebf-7ec4-587a-97ca-0d442e30dec5,Dharam Yoddha,1992,"Hindi, Film","Pappu Khan - I, A.R. Rahman","Shyam Anuragi, P.K. Mishra",Shemaroo,0.0
aa9fe2b6-90a1-5dbb-a284-a0a084a3b39c,Dil Aashna Hai,1992,"Hindi, Film",Anand - Milind,Majrooh Sultanpuri,H.M.V.,0.0
5755dab4-8b88-574d-9f91-70b9b08af5bb,Dil Ka Kya Kasoor,1992,"Hindi, Film",Nadeem - Shravan,"Sameer, Nawab Arzoo, Anwar Sagar, Madan Pal",Tips,4.0
01d119e0-e4ea-5728-924c-19971562f28f,Dil Ne Ikraar Kiya,1992,"Hindi, Film",Anu Malik,Anand Bakshi,Venus,0.0
d95bc778-5fd9-56d0-98e9-96b5f4759f32,Dilwale Kabhi Na Haare,1992,"Hindi, Film",Nadeem - Shravan,Mahendra Dehlvi,Sterling Recordings,0.0
c0ba5566-3972-5476-870e-1ef7cde2bb68,Drohi,1992,"Hindi, Film","R.D. Burman, M.M. Keeravani, Mani Sharma",Javed Akhtar,Saregama,0.0
1c8c9015-9ecc-5515-8e32-e0128ac26c6b,Ek Ladka Ek Ladki,1992,"Hindi, Film",Anand - Milind,"Majrooh Sultanpuri, Vijay Sadanah",Tips,4.0
56093a52-2337-5c0d-8762-854d35e89289,Gajab Tamaasa,1992,"Hindi, Film",Anand - Milind,Sameer,Tips,3.0
075cb90a-7c4d-5508-9bd6-421aedd50f59,Geet,1992,"Hindi, Film",Bappi Lahiri,"Indeevar, Anjaan",Tips,0.0
cce8d9d2-a362-5944-babc-b5692de21163,Ghar Jamai,1992,"Hindi, Film",Anand - Milind,Sameer,Megastar,0.0
86000c9d-3e8d-5269-9fac-186c143387ee,Giraftaari,1992,"Hindi, Film",Ilaiyaraaja,Pritam Prakash Jaipuri,Oriental Music,0.0
00795203-c3a4-53c0-bbfd-6e8c17602ec5,Gori,1992,"Hindi, Film","Enoch Daniels, Shankar - Jaikishan",Sudhakar Sharma,,0.0
73a83700-8b0f-5e8e-ba38-37907408089b,Hazir,1992,"Hindi, Non Film",Hariharan,"Bashir Badr, Abdul Hai Anjum, Safi Hasan, Ahmad Faraz, Ibrahim Ashq, Mumtaz Rashid, Nusrat Badr",Magnasound,3.0
74ba0ac7-7b42-5d46-a2ef-6f3d84960118,Heer Ranjha,1992,"Hindi, Film",Laxmikant - Pyarelal,Anand Bakshi,Tips,0.0
343ae0f3-c33a-5c30-9bf2-02f12844afc4,Honeymoon,1992,"Hindi, Film",Anand - Milind,"Majrooh Sultanpuri, M.G. Hashmat, Verma Malik",T-Series,0.0
420bec3a-b18d-5d1c-aad3-62c108ae1c3f,Humlaa,1992,"Hindi, Film",Laxmikant - Pyarelal,Anand Bakshi,Saregama,0.0
1a8d446c-34e0-5fc6-af46-932d2d78413f,I Love You,1992,"Hindi, Film",Raamlaxman,"Ravindra Rawal, Pradeep Kaushik, Dev Kohli, Rani Malik",Sterling Recordings,0.0
90c294fc-1da2-59d5-b5c5-8d4f4d905d43,In Search,1992,"Hindi, Non Film",Jagjit Singh,"Qateel Shifai, Ayaz Jhanswi, Rahat Indori, Nida Fazli, Liyaqat Ali Azim, Wajida Tabassum, Zaqa Siddiqi",Venus,0.0
34565feb-3935-5269-b47c-a766c19c6e16,Inteha Pyar Ki,1992,"Hindi, Film",Anand - Milind,Sameer,Sterling Recordings,0.0
0b21b440-9c0c-5f2e-90e9-7ddaaa32b67b,Isi Ka Naam Zindagi,1992,"Hindi, Film",Bappi Lahiri,"Ramesh Pant, Indeevar",Tips,0.0
c28bda92-83fc-5d61-8d1e-20e9da3b58e2,Jaagruti,1992,"Hindi, Film",Anand - Milind,Sameer,Venus,3.0
f6c31d54-53b0-5978-99a3-5262cd8fcaa1,Jaan Se Pyara,1992,"Hindi, Film",Anand - Milind,Sameer,Soor Mandir,3.0
a37b1dc8-55ec-5790-812d-08ee70882a6e,Jaan Tere Naam,1992,"Hindi, Film",Nadeem - Shravan,"Aziz Khan Shahani, Surendra Sathi, Nawab Arzoo, Syed Rahi, Rani Malik, Gauhar Kanpuri",Tips,3.5
35decf79-7f0d-5bed-a091-f00ed2eb9f2b,Jeena Marna Tere Sang,1992,"Hindi, Film","Dilip Sen - Sameer Sen, Lalit Sen, Babul Bose","Yogesh Gaud, Sameer, Ibrahim Ashq, Mahendra Dehlvi, Dilip Tahir, Ravinder Rawal, Indeevar",T-Series,0.0
004b079f-838a-5a6b-8372-2dfce32e4351,Jhoothi Shaan,1992,"Hindi, Film",R.D. Burman,"Yogesh Gaud, Javed Akhtar",Sigma,0.0
b8e5d150-e117-569b-b19c-bc92649fc496,Jigar,1992,"Hindi, Film",Anand - Milind,Sameer,Shemaroo,0.0
63c45e7b-ffb5-5eb5-befe-9ab7d022f4a9,Jo Jeeta Wohi Sikandar,1992,"Hindi, Film",Jatin - Lalit,Majrooh Sultanpuri,Saregama,4.4
d3fc0ec8-d296-57ca-b8b6-a41c6f19d4cd,Junoon,1992,"Hindi, Film",Nadeem - Shravan,"Rani Malik, Surendra Sathi, Santosh Anand, Sameer",T-Series,3.5
59a8a6ae-1a72-560f-be47-fb6964cf82a4,Kal Ki Awaz,1992,"Hindi, Film",Nadeem - Shravan,Sameer,Saregama,0.0
5fbabc48-69d4-5270-ab29-c3b70c2f4e4e,Kalaam-E-Mohabbat,1992,"Hindi, Non Film",Allahuddin Khan,Sant Darshan Singh Ji Maharaj,T-Series,0.0
1b88679b-1f98-5311-96f4-4d6a5c40d652,Kamsin,1992,"Hindi, Film",Mahesh - Kishore,"Rani Malik, Ramesh Modi, Indeevar, Baldev Prasad",Mastersound India,0.0
0d4c561c-c65b-53eb-87a8-b9d20b3b856a,Kasak,1992,"Hindi, Film",Rajesh Roshan,Indeevar,Tips,0.0
2c61c0b7-f3d7-56fe-a1d1-2059635c5f29,Khayaal - Vol 1,1992,"Hindi, Non Film",,"Mumtaz Rashid, Nida Fazli, Zameer Kazmi, Nasir Kazmi",Universal,0.0
71cbb954-fd30-5d53-b7d5-f36bde588134,Khayaal - Vol 2,1992,"Hindi, Non Film",,"Zafar Gorakhpuri, Zameer Kazmi",Universal,0.0
5d2bf4f0-3e8b-5301-8466-63dd486060e3,Khel,1992,"Hindi, Film",Rajesh Roshan,Javed Akhtar,Tips,3.0
ad2faee8-f7c4-54be-81a4-66a1050038c5,Khiladi,1992,"Hindi, Film",Jatin - Lalit,"Mahendra Dehlvi, Shyam Raj, Dev Kohli, Anwar Sagar",Venus,4.4
332cb7c2-65af-5925-854f-de6f1dc7a2e8,Khuda Gawah,1992,"Hindi, Film",Laxmikant - Pyarelal,Anand Bakshi,Tips,3.33
a9299d23-8ab9-541e-baf2-03697fb11652,Laat Saab,1992,"Hindi, Film",Anu Malik,Gulshan Bawra,Mastersound India,0.0
bfca1fea-af45-5d4c-89ee-b2156670dbcf,Lambu Dada,1992,"Hindi, Film",Rajesh Roshan,"Payam Sayeedi, Anwar Sagar, Indeevar",Tips,0.0
b13a4542-f2b7-5e3c-a377-f0c81750b804,Maa,1992,"Hindi, Film","Anu Malik, Traditional","Hasrat Jaipuri, Ikram Rajasthani, Rani Malik, Dev Kohli",Sterling Recordings,0.0
c693bf18-950a-5cf9-a64c-7f6184f053b6,Maarg (Prem Dharm),1992,"Hindi, Film",Anu Malik,Anand Bakshi,T-Series,0.0
c47739fb-dc13-5a77-93ca-cf140b54af09,Main Aur Mera Saya,1992,"Hindi, Non Film",Bhupen Hazarika,Gulzar,Saregama,0.0
b47c8aa9-3b14-510d-b9ea-b96be20f87a8,Main Hoon Sherni,1992,"Hindi, Film",Anand - Laxman,Asad Ajmeri,,0.0
0a16c293-fd91-5bc9-87c7-4b05459a484c,Maina,1992,"Hindi, Film",Naresh Sharma,"Payam Sayeedi, Sameer",T-Series,0.0
2f5a5c39-2752-5781-96c9-e106e8deab91,Mangni,1992,"Hindi, Film",O.P. Nayyar,Qamar Jalalabadi,,0.0
5a617337-8ad3-5c9f-b20c-588c0fe651b0,Mashooq,1992,"Hindi, Film",Shyam - Surender,"Indeevar, Gauhar Kanpuri",Venus,3.5
4dc3157e-6a0d-5354-a658-ab12d8398549,Meera Ka Mohan,1992,"Hindi, Film",Arun Paudwal,Indeevar,T-Series,3.5
7c8e7ae3-8429-51ee-aab1-bfc4efed7733,Mehboob Mere Mehboob,1992,"Hindi, Film",Raamlaxman,"Dilip Tahir, Dev Kohli, Noor Kaskar",T-Series,0.0
2d65f7a1-38b8-5412-84ac-6dcb6db58f6f,Mere Sajana Saath Nibhana,1992,"Hindi, Film",Anand - Milind,Sameer,Saregama,0.0
e48c4c67-d0d2-5648-9790-7b1fbf4f2d09,Meri Janeman,1992,"Hindi, Film",Babul Bose,"Anwar Sagar, Hasrat Jaipuri",Venus,0.0
9c537269-689e-55a8-b24b-995f2c694c41,Mr. Bond,1992,"Hindi, Film",Anand - Milind,"Sameer, Anand Bakshi, Majrooh Sultanpuri",T-Series,0.0
0869c426-f9cd-53dd-9e82-bbd91a9ca942,Muskurahat,1992,"Hindi, Film",Raamlaxman,Suraj Sanim,Saregama,2.5
23afac6a-ca68-583e-9f74-4a0a4e540743,Naach Govinda Naach,1992,"Hindi, Film",Amar - Utpal,Anjaan,Venus,0.0
03f0e0b5-d85d-5cde-8c30-f89259aef9a3,Nagin Aur Lootere,1992,"Hindi, Film",Anand - Laxman,"Asad Ajmeri, Mahendra Dehlvi",Venus,0.0
0032a46f-811f-58f2-bce3-4231e0a982b9,Nargis,1992,"Hindi, Film",Basu Chakraborty,Majrooh Sultanpuri,Venus,0.0
092cfe63-ac9f-582c-8e5c-5f1c1162c533,Naseebwaala,1992,"Hindi, Film",Bappi Lahiri,"Hema Sardesai, Anjaan, Indeevar, Sameer",Saregama,0.0
e494b0da-7303-5bd1-801d-678603f75a84,Naya Sawan,1992,"Hindi, Film",Bappi Lahiri,"Indivar, Anjaan",Tips,0.0
1b9198b2-225a-5c2c-9d76-2cf366df623f,Nishchaiy,1992,"Hindi, Film",O.P. Nayyar,"Qamar Jalalabadi, Noor Devasi",Ishtar Music,0.0
0b7ea0c1-1887-53d1-a202-932a20853004,Paayal,1992,"Hindi, Film",Nadeem - Shravan,Sameer,Music Bank,0.0
10547bc1-d665-58b3-9092-5847a8d59240,Panaah,1992,"Hindi, Film",Nadeem - Shravan,Vishweshwar Sharma,Tips,0.0
ed3eec12-d0cf-5dcf-bd8a-bc550ba5b0c3,Parampara,1992,"Hindi, Film",Shiv - Hari,Anand Bakshi,Saregama,0.0
70e6d993-ef85-54d4-a219-cb20791f5b9b,Parasmani,1992,"Hindi, Film",Anand - Laxman,"Asad Ajmeri, Mahendra Dehlvi",Venus,0.0
26bfd289-309d-5c21-81bd-63d4407ee082,Parda Hai Parda,1992,"Hindi, Film",Anand - Milind,Sameer,Saregama,0.0
a6a6c122-e404-57c5-94bb-1736cfaa8e33,Police Aur Mujrim,1992,"Hindi, Film",Bappi Lahiri,"Dilip Tahir, Anjaan, Indeevar",Saregama,0.0
1d4fd936-f470-503b-a3f1-6c813a9ab9bb,Police Officer,1992,"Hindi, Film",Anu Malik,Anand Bakshi,Shemaroo,0.0
501b53b1-96f2-5a7a-a0b2-4722485adc57,Prem Deewane,1992,"Hindi, Film",Laxmikant - Pyarelal,Anand Bakshi,Saregama,0.0
18764f46-5942-52e6-9d87-c2d3467dc405,Pyar Deewana Hota Hai,1992,"Hindi, Film",Babul Bose,"Rajesh Johri, Ravinder Rawal, Madan Pal",Tips,0.0
b4ddde5b-19ef-556f-99f7-e7430bef9c7b,Qaid Mein Hai Bulbul,1992,"Hindi, Film",Anand - Milind,Sameer,Tips,0.0
871edc27-c0dc-56d2-8217-d02557c83698,Radha Ka Sangam,1992,"Hindi, Film",Anu Malik,"Hasrat Jaipuri, Prayag Raj, Shaily Shailendra, Kirti Kumar",T-Series,0.0
9787a4d4-d3eb-56b5-ad60-aec0b1d1666f,Rajoo Dada,1992,"Hindi, Film",Usha Khanna,"Asad Bhopali, Sajan Dehlvi, Suroor Lucknowi",Universal,0.0
f9a85919-4590-5055-b73d-034d6c5b1529,Raju Ban Gaya Gentleman,1992,"Hindi, Film",Jatin - Lalit,"Dev Kohli, Vinoo Mahendra, Manoj Darpan, Mahendra Dehlvi, Madan Pal",Tips,4.0
a3c0a761-6388-5cfd-991b-1b3ab438bd52,Rishte Ki Deewar,1992,"Hindi, Film",Manna Dey,"B.D. Mishra, Naqsh Lyallpuri",Tips,0.0
67644b41-5554-54d4-9ea6-1e2fe86d45cd,Roja,1992,"Hindi, Film",A.R. Rahman,P.K. Mishra,Magnasound,4.5
b0b7e3d0-8dd1-5ccb-a46f-02f04257c32d,Saatwan Aasman,1992,"Hindi, Film",Raamlaxman,Suraj Sanim,Tips,4.0
a4f2ad40-89f9-5dab-80e6-a8344d54b10d,Sahebzaade,1992,"Hindi, Film",Laxmikant - Pyarelal,Hasan Kamal,Tips,3.5
d99a9b21-6fa2-5b0f-966a-eb68074fbc52,Sanam Aap Ki Khatir,1992,"Hindi, Film",Ajay Swami,Suroor Lakhnawi,Venus,0.0
4844b618-5e3f-56e7-aa90-af2b727bef9f,Sangeet,1992,"Hindi, Film","Anand - Milind, Naresh Sharma",Santosh Anand,T-Series,0.0
0df4a727-a1d4-58ea-ae39-df4e435d8de2,Sapne Saajan Ke,1992,"Hindi, Film",Nadeem - Shravan,"Sameer, Anwar Sagar, Surendra Sathi",Lara Music,4.0
4f8597c2-ff18-58d7-819b-b0d9438db516,Sarphira,1992,"Hindi, Film",R.D. Burman,Farooq Qaiser,T-Series,0.0
9b6d5041-d7c7-51fb-91e0-541e305ab9ef,Shiv Mahima,1992,"Hindi, Film",Arun Paudwal,"Sachidananda Mishra, Balbir Nirdosh, Shyam Raj, Nand Lal Pathak, Mahendra Dehlvi, Traditional, J.K. Setpal, Naqsh Lyallpuri",T-Series,0.0
cb899eb2-c631-5a56-b4e2-461dbd14b328,Shola Aur Shabnam,1992,"Hindi, Film",Bappi Lahiri,"Anjaan, Govinda",Venus,3.33
e3eeb15c-d560-5376-8db5-752d7dbed383,Sone Ki Lanka,1992,"Hindi, Film",Anand - Milind,Sameer,Mastersound India,0.0
c9826dd2-dec2-59b2-bc82-1330d05d19ef,Sone Ki Zanjeer,1992,"Hindi, Film",Anand - Milind,Sameer,Venus,0.0
32d98d22-26e0-5011-b11a-36c06f6bffc9,Suraj Ka Satvan Ghoda,1992,"Hindi, Film",Vanraj Bhatia,Vasant Dev,,3.0
a59634c7-07a9-5751-9989-8043de2a55a5,Swarg Se Pyaara Ghar Hamara,1992,"Hindi, Film",Laxmikant - Pyarelal,Anand Bakshi,Saregama,0.0
8a892ced-15c5-5898-899b-295073a2de86,Tahalka,1992,"Hindi, Film",Anu Malik,"Hasrat Jaipuri, Santosh Anand, Traditional, Anu Malik",T-Series,0.0
b500676a-86ec-5daf-bd8a-3ec140bf10d6,Teen Mausam - Vol 1,1992,"Hindi, Non Film",,,Universal,0.0
72d73e0d-b623-59df-b7f3-48f1c748e519,Teen Mausam - Vol 2,1992,"Hindi, Non Film",,,Universal,0.0
2cc77984-f6bb-543b-9fc3-a5fad82fefb6,Thanda Thanda Pani,1992,"Hindi, Non Film",Baba Sehgal,Baba Sehgal,Magnasound,3.5
53756e2e-1eb4-51b6-98d1-98408ab454ce,Tilak,1992,"Hindi, Film",Anand - Milind,Sameer,Ishtar Music,0.0
276a7e9c-4f6a-5318-8a27-6532bec02080,Tulsidas,1992,"Hindi, Film",Pt. Ram Narain,"Tulsidas, Kabir, Pushpa Verma, Meera Bai, Veda Vyasa",Sony Music,0.0
733cadf8-436e-5c4a-82da-7951bbdba9b9,Tyagi,1992,"Hindi, Film",Bappi Lahiri,"Indeevar, Kashif Muzzafarnagri, K.K. Verma, Anjaan, Gulrez",Saregama,0.0
bbd9edc9-6345-598f-a75e-c13063142093,Umar 55 Ki Dil Bachpan Ka,1992,"Hindi, Film",Dilip Sen - Sameer Sen,Yogesh Gaud,Venus,0.0
6516833e-c8df-56a0-98ac-1c24d5f14cd9,Vansh,1992,"Hindi, Film",Anand - Milind,Sameer,Tips,4.5
2da38b09-38fe-51bc-a8d8-1e6572986b68,Virodhi,1992,"Hindi, Film",Anu Malik,Dev Kohli,Sterling Recordings,0.0
b7bf16d2-a0a0-593e-be68-99169103cf28,Vishwatma,1992,"Hindi, Film",Viju Shah,Anand Bakshi,H.M.V.,3.0
0754953c-3f0d-5c5a-8d71-34d39e19b7a1,Visions,1992,"Hindi, Non Film",Jagjit Singh,"Kaif Bhopali, Arzoo Lucknawi, Nida Fazli, Bekhud Dehlvi, Tasneem Farooqui, Rustam Sehgal Wafa, S. Rakesh, Aziz Qaisi, Khalid Kuwaiti, Bashir Badr, Rana Sahri, Wajida Tabassum, Zahid",Tips,0.0
7fce06f1-cba6-5c0a-bf95-6e6515901259,Yaad Rakhegi Duniya,1992,"Hindi, Film",Anand - Milind,Sameer,Venus,0.0
a00a8c2e-854f-5778-96fd-ba2a06692e85,Yalgaar,1992,"Hindi, Film","Channi Singh, Kalyanji - Anandji","Sudarshan Faakir, Aziz Qaisi",Tips,4.0
43a9ba37-264c-5c0a-9121-c79ebc875fe0,Yeh Hai Ghar Ki Mahabharata,1992,"Hindi, Film",Rajesh Roshan,"Indivar, Payam Sayeedi, Anwar Sagar, Wajida Tabassum, Anjaan",Tips,0.0
431f4923-b12b-53ba-898e-e8ee67904f86,Yeh Raat Phir Na Aayegi,1992,"Hindi, Film",Rajesh Roshan,"Ibrahim Ashq, Raj Tilak, Payam Sayeedi",G Series,0.0
3adb0b7c-2af3-5050-8f97-117df4cd49b4,Yudhpath,1992,"Hindi, Film",Dilip Sen - Sameer Sen,"Rani Malik, Harsh Vardan Kinnu",Music Bank,0.0
3a3a0118-2f89-5572-86aa-a3729f42ccdb,Zakhmo Ka Hisaab,1992,"Hindi, Film",Rajesh Roshan,Anwar Sagar,Saregama,0.0
670abac3-b915-5037-ba3b-e005b0f65e40,Zindagi Ek Juaa,1992,"Hindi, Film",Bappi Lahiri,"Prakash Mehra, Anjaan",H.M.V.,3.33
e2b84afb-78d3-5463-8aa3-23c554a772e9,Zulm Ki Hukumat,1992,"Hindi, Film",Dilip Sen - Sameer Sen,"Sameer, Anwar Sagar",Saregama,0.0
e7b21c6c-e077-506e-9419-fe1c99482211,15th August,1993,"Hindi, Film",Rajan - Arvind,"Rani Malik, Rajan - II, Sudhir Khamesra, Vikram Sood",Tips,0.0
484955ee-63b9-5339-b4f8-13ac4d8e261e,Aadmi,1993,"Hindi, Film",Jatin - Lalit,"Anwar Sagar, Rani Malik, Kiran Mishra",Aftab Music,4.0
04d740ed-8abc-59a4-9704-3f961c863100,Aadmi Khilona Hai,1993,"Hindi, Film",Nadeem - Shravan,Sameer,Venus,3.25
97c93b60-880e-5c60-8c72-e35f4d722f85,Aaina,1993,"Hindi, Film",Dilip Sen - Sameer Sen,Sameer,H.M.V.,3.75
5a78ac3e-daba-57a4-8b52-58202ef9a6fe,Aaj Ki Taaqat,1993,"Hindi, Film",Bappi Lahiri,Indeevar,Oriental Music,0.0
006679fb-f481-57a8-9b9a-3ed6c3e5b06c,Aaj Kie Aurat,1993,"Hindi, Film",Bappi Lahiri,"Indivar, Prem Pandit, Yusuf Bhat",Megastar,0.0
ac639da6-261a-5a7f-a73d-a65b984fc488,Aaja Meri Jaan,1993,"Hindi, Film","Amar - Utpal, R.D. Burman","Rani Malik, Ravinder Rawal, Yogesh Gaud, Kulwant Jani, Manohar Iyer, Naqsh Lyallpuri, Maya Govind, Faaiz Anwar, Dilip Tahir, Sameer",T-Series,3.0
d4f4f761-9a36-56b0-b960-fb79861b5906,Aankhen,1993,"Hindi, Film",Bappi Lahiri,Indeevar,Venus,3.5
36b6122a-a075-5b8d-b824-b8671e60f6a8,Aashik Awara,1993,"Hindi, Film",Laxmikant - Pyarelal,Anand Bakshi,Tips,2.5
b68e6c9f-2910-5eb9-b74c-448a42f73f46,Aasoo Bane Angaarey,1993,"Hindi, Film",Rajesh Roshan,"Indeevar, Dev Kohli, Payam Sayeedi",Music Bank,0.0
b4856ef4-1b64-5eb0-9d12-68ceb112f1d9,Anari,1993,"Hindi, Film",Anand - Milind,Sameer,Tips,3.0
0721be16-8a7c-5e5e-b237-2a2f3dc99ff6,Anmol,1993,"Hindi, Film",Raamlaxman,"Maya Govind, Ravinder Rawal, Dev Kohli, Raamlaxman, Rani Malik",Tips,3.5
5bdb7752-ae40-59e2-a35d-03d9fa28e2de,Antim Nyay,1993,"Hindi, Film",Raamlaxman,"Dev Kohli, Ravindra Rawal",Vishva Music,0.0
e6989902-752c-577b-9459-01249079d84c,Apaatkaal,1993,"Hindi, Film",Rajesh Roshan,Majrooh Sultanpuri,Prism Audio,0.0
a40cfd49-1dee-5d21-af35-a5c1f932a26f,Aulad Ke Dushman,1993,"Hindi, Film",Shyam - Surender,"Rani Malik, Sateesh",Venus,0.0
4865c9ed-3e66-551a-885a-c44111562ab7,Aye Meri Bekhudi,1993,"Hindi, Film",Anil Mohile,"Rajesh Johri, Indeevar, Naqsh Lyallpuri",Weston,0.0
74049603-8ac1-53b0-b00d-d98b30646924,Baarish,1993,"Hindi, Film",Anand - Milind,Trilok Singh Komal,Vishwa,0.0
f3b47a2f-c67d-550f-9370-e418830b11bb,Baazigar,1993,"Hindi, Film",Anu Malik,"Gauhar Kanpuri, Nawab Arzoo, Rani Malik, Zafar Gorakhpuri, Zameer Kazmi, Dev Kohli",Venus,4.75
67512af9-8329-5a71-b7f1-4e26df4660bd,Balmaa,1993,"Hindi, Film",Nadeem - Shravan,Sameer,Venus,3.5
37f2554b-aaa2-5e3c-96c3-df1cb25ae5b4,Bechain,1993,"Hindi, Film",Dilip Sen - Sameer Sen,"Maya Govind, Dilip Tahir, Yogesh",Lara Music,0.0
3536dc82-6ad5-532d-b891-54546fb8c0a1,Bedardi,1993,"Hindi, Film",Laxmikant - Pyarelal,Anand Bakshi,Tips,0.0
8e73c1cf-1b5a-5bcf-8a50-c13daf9d7c55,Bhagyawan,1993,"Hindi, Film",Anand - Milind,"M.G. Hashmat, Hasrat Jaipuri, Sameer",Time Audio,0.0
ce22500c-b160-58aa-939a-282a6a759c3e,Bhookamp,1993,"Hindi, Film",Jatin - Lalit,"Vinoo Mahendra, Dev Kohli, Mahendra Dehlvi, Javed Akhtar",Royal Music,3.33
a3540637-67a5-50f8-8636-6d23d0b52cde,Birjoo,1993,"Hindi, Film",Jugal Kishore - Tilak Raj,"Tajdar Taj, Salim Sagar, Ratnesh N. Tak",Vishva Music,0.0
752bcfe2-57db-52db-861c-0312b6f807cb,Bomb Blast,1993,"Hindi, Film",Bappi Lahiri,K.K. Verma,Lara Music,0.0
4f57f579-2158-523a-8151-4b778f0136e3,Boy Friend,1993,"Hindi, Film",Jatin - Lalit,"Hasrat Jaipuri, Mahendra Dehlvi, Rani Malik",Royal Music,0.0
a40fa7e0-ae07-50ae-93e3-ef53ff027385,Chandra Mukhi,1993,"Hindi, Film",Anand - Milind,Sameer,Tips,3.5
f714ed12-5f61-54cb-bba2-5c7075265d41,Chhoti Bahoo,1993,"Hindi, Film",Nadeem - Shravan,Sameer,Tips,0.0
b24b62e4-f78e-5cd8-9edf-8c9e44e3a009,Chirag,1993,"Hindi, Non Film",Jagjit Singh,,Tips,0.0
a6318066-3fd9-52f1-ba0e-fadb5fc3a417,Chor Aur Chand,1993,"Hindi, Film",Nikhil - Vinay,"Yogesh Gaud, Ravinder Rawal",T-Series,3.5
b0545554-f636-58cf-a021-4532ce94eaf5,Chor Chor,1993,"Hindi, Film",A.R. Rahman,P.K. Mishra,Saregama,3.6
c27e2cb3-09b2-5f56-b55f-3989361bbda6,Dalaal,1993,"Hindi, Film","Babla, Bappi Lahiri","Anjaan, Maya Govind, Prakash Mehra",Venus,3.67
a01514cc-8118-518d-9264-628bc9f65ed3,Damini,1993,"Hindi, Film",Nadeem - Shravan,Sameer,Saregama,3.67
a286cb37-e39b-5343-b22b-de896dca5fdd,Darr,1993,"Hindi, Film",Shiv - Hari,Anand Bakshi,H.M.V.,4.17
6a311027-47fd-5cc9-a2e9-b3c9daf17613,Deewangee,1993,"Hindi, Non Film","Lalit Sen, Jaidev, Sohail Rana","Qateel Shifai, Payam Sayeedi, Amir Qazalbash, Bashir Badr, Murad Lucknowi, Mahendra Dehlvi, Shahid Kabir, Masroor Anwar, Mumtaz Rashid",T-Series,0.0
2c1b54b6-c48d-5db1-adf0-59c93993ae83,Dhanwaan,1993,"Hindi, Film",Anand - Milind,Sameer,Saregama,0.0
f096ee9f-136b-5657-aeae-f02b4d9cadb8,Dharam Ka Insaaf,1993,"Hindi, Film",Sukhwinder Singh,Nandi Khanna,,0.0
78587936-f4ff-5b61-8b70-fa61caa1397c,Dhartiputra,1993,"Hindi, Film",Nadeem - Shravan,Sameer,Venus,0.0
19ba21cb-9982-53f9-8cf1-24e99b676a1b,Dil Hai Betaab,1993,"Hindi, Film",Laxmikant - Pyarelal,"Sameer, Rani Malik, K.K. Verma",Venus,0.0
1432141d-f343-5ff9-b386-f4f82b413604,Dil Hi To Hai,1993,"Hindi, Film",Laxmikant - Pyarelal,Anand Bakshi,Tips,0.0
8e420bc8-ebfd-58e4-976e-5658ca3e1b57,Dil Ki Baazi,1993,"Hindi, Film",Raamlaxman,"Dev Kohli, Ravindra Rawal, Shaily Shailendra",Venus,0.0
090cb536-eb8e-593d-9840-fc8dc84b1520,Dil Tera Aashiq,1993,"Hindi, Film",Nadeem - Shravan,Sameer,Tips,3.0
2f52b150-5a9c-5d01-85f2-2abc5e434fec,Divya Shakti,1993,"Hindi, Film",Nadeem - Shravan,Sameer,Sterling Recordings,0.0
7a5f88a7-ea34-50f8-ace1-abedbf66f7c0,Do Dilon Ka Sangam,1993,"Hindi, Film",Milind Sagar,Faaiz Anwar,T-Series,3.0
cfeb5fd3-f4b9-5a96-bf77-eb6683e8fbbc,Dosti Ki Saugandh,1993,"Hindi, Film",Surinder Kohli,"Dev Kohli, Ravinder Rawal, Verma Malik",Red Cat Audio,0.0
54fe3d28-7665-5073-bd3a-cbaa2bd86ed0,Ek Dhun Pyar Ki,1993,"Hindi, Non Film",Aadesh Shrivastava,Shyam Raj,T-Series,0.0
2d6e8a57-eb36-5055-9874-69dc46570c6d,Ek Hi Raasta,1993,"Hindi, Film",Mahesh - Kishore,"Naqsh Lyallpuri, Rani Malik, Gulshan Bawra, Dev Kohli, Kulwant Jani",Tips,0.0
45be3dc7-1e8d-5519-aa1f-ea3b63cbb359,Faraar,1993,"Hindi, Film",Anand - Milind,Sameer,Megastar,0.0
9acb515a-c43b-56ae-9836-8b82c7d836ce,Game,1993,"Hindi, Film",Anand - Milind,Sameer,Vishwa,0.0
4a7b818a-94fe-517c-a1fe-20d9ba0e5ee6,Gardish,1993,"Hindi, Film",R.D. Burman,Javed Akhtar,Tips,4.5
ec36cc1f-7eb2-501b-87a5-212d5f234f33,Geetanjali,1993,"Hindi, Film",Bappi Lahiri,Indeevar,Saregama,0.0
9cf94e7e-c1f0-5f82-9aff-f185c252825f,Ghar Aaya Mera Pardesi,1993,"Hindi, Film",Vijay Singh,"Ravindra Peepat, Dev Kohli",Ultra,0.0
7ad18099-1cfc-5f90-a917-a7c5c26f6a00,Gumrah,1993,"Hindi, Film",Laxmikant - Pyarelal,Anand Bakshi,H.M.V.,0.0
c0fc009e-fa45-51ea-93b4-4985102a579f,Gunaah,1993,"Hindi, Film",Rajesh Roshan,"Payam Sayeedi, Neeraj",Venus,3.67
7031bc9f-2c09-5eb7-975d-f2a5ddf42041,Gurudev,1993,"Hindi, Film",R.D. Burman,"Sameer, Majrooh Sultanpuri",Saregama,0.0
088819ee-c5e5-5268-8553-d81181845646,Hairaan,1993,"Hindi, Film",M.M. Keeravani,K. Mehboob,Weston,0.0
26d71970-6be2-5055-a477-7c82fdc78210,Hasti,1993,"Hindi, Film",Anand - Milind,Sameer,H.M.V.,0.0
239dcd05-78cb-5ae6-8dfd-56f9943c58af,Hum Anaaree Hain,1993,"Hindi, Film",Anand - Milind,Sameer,Tips,0.0
70129e2d-f95c-5df7-8330-8a5f671ef80e,Hum Hain Kamaal Ke,1993,"Hindi, Film",Naresh Sharma,Rani Malik,Tips,0.0
65e5177a-f841-5586-bb81-015a72c16c17,Hum Hain Rahi Pyar Ke,1993,"Hindi, Film",Nadeem - Shravan,Sameer,Weston,4.0
13f7a882-bcdd-5f6c-a7e5-6ad8b5a3f8c7,In Custody (Muhafiz),1993,"Hindi, Film","Zakir Hussain, Ustad Sultan Khan","Faiz Ahmed Faiz, Behzad Lakhnavi",Angel,3.5
9a643527-901e-5101-aa5c-b75696a8f8a1,Insaniyat,1993,"Hindi, Film","Rajesh Roshan, Aadesh Shrivastava","Anjaan, Kulwant Jani",Venus,0.0
aad531a6-e8c5-5517-afe9-07fbff9338dc,Insaniyat Ke Devta,1993,"Hindi, Film",Anand - Milind,"Sameer, Kasif",Venus,0.0
0d1f3605-ccab-53da-9f60-0b6ad8598f14,Ishq Aur Inteqaam,1993,"Hindi, Film",Bhoopi - Ratan,G.P. Sateesh,Super 7,0.0
5e375d02-6108-5a77-a84a-2d93fb327943,Ishq Mein Jeena Ishq Mein Marna,1993,"Hindi, Film",Shyam - Surender,"Gauhar Kanpuri, G.P. Satish",Venus,0.0
d6d66cc5-fc8b-5936-8a63-e2ef8f71d955,Izzat Ki Roti,1993,"Hindi, Film","Bappi Lahiri, Aadesh Shrivastava","Anjaan, Indeevar, Kulwant Jani, Dilip Tahir",T-Series,0.0
bf361962-2777-5f5d-980b-61ad908641ca,Jaan Pe Khelkar,1993,"Hindi, Film",Ravindra Jain,Ravindra Jain,Tips,0.0
a44e4c45-6ce0-596d-8481-b0af273af9cc,Jaanam,1993,"Hindi, Film",Anu Malik,"Rahat Indori, Faaiz Anwar, Qateel Shifai, Indeevar",T-Series,3.0
4dda3afc-9424-558d-b058-fd1c979d95de,Jeevan Ki Shatranj,1993,"Hindi, Film",Anand - Milind,Sameer,Music Bank,0.0
be3da17a-ee3e-5542-a5e4-48404be8a067,Johnny Joker,1993,"Hindi, Non Film",Biddu,Rajesh Johri,Magnasound,0.0
ee670b08-828d-5a65-bdce-b85f58164532,Kaise Kaise Rishte,1993,"Hindi, Film",Nadeem - Shravan,Sameer,Vishwa,0.0
03b25d6c-1243-57f4-a55f-75b7e600ff44,Kanyadaan,1993,"Hindi, Film",Aadesh Shrivastava,"Shyamraj, Madan Pal",Saregama,0.0
eafa57c8-76c2-54d1-a1c9-d6131454d553,Kasam Teri Kasam,1993,"Hindi, Film","Amar - Utpal, Naresh Sharma, Nikhil - Vinay","Manohar Iyer, Gauhar Kanpuri, Sameer, Manzar Saburi, Naqsh Lyallpuri, Faaiz Anwar, Qateel Shifai, Saba Afghani",T-Series,0.0
fb81eec6-8eb1-59a1-aa06-1aec020985d5,Kayda Kanoon,1993,"Hindi, Film","Anand - Milind, Nigar Ahmed Sabri","Sameer, Usman Ali Ahsan",Prism Audio,0.0
bf5864df-c31d-5045-879e-c2235ebb4634,Khal-Naaikaa,1993,"Hindi, Film",Mahesh - Kishore,"Saawan Kumar, Ravindra Jain",Weston,0.0
d6d23e96-842c-5bb0-a5a9-2f18db37ca16,Khalnayak,1993,"Hindi, Film",Laxmikant - Pyarelal,"Anand Bakshi, Javed Akhtar",Tips,3.6
e75b27f4-6d54-5314-a4a4-9db62a31069d,Khoon Ka Sindoor,1993,"Hindi, Film",Dilip Sen - Sameer Sen,Nawab Arzoo,Venus,0.0
ba6ab946-0b16-56ab-ab38-3bc8a5286889,King Uncle,1993,"Hindi, Film",Rajesh Roshan,"Javed Akhtar, Indeevar",Venus,0.0
69443ffe-41b5-56b4-8563-5ecb7fdd0cc6,Krishan Avtaar,1993,"Hindi, Film",Nadeem - Shravan,Sameer,Time Audio,3.0
363cc412-161f-5091-b5b9-28c3aa360305,Kshatriya,1993,"Hindi, Film","Laxmikant - Pyarelal, Rafiq Sagar","Anand Bakshi, Rafiq Sagar",Tips,0.0
9952cceb-132a-532b-b7cd-4f1ceab9082d,Kundan,1993,"Hindi, Film",Bappi Lahiri,"Kasif, K.K. Verma, Bali Brahmbhatt, Hasrat Jaipuri, K.C. Bokadia",Venus,0.0
e01aa1b3-7ef1-5e76-ab23-f46acf51c4e2,Lata Mangeshkar - Non-Film Treasures,1993,"Hindi, Non Film","C. Ramchandra, Hridaynath Mangeshkar, Chitragupt, Vasant Prabhu, Jaidev, Shrinivas Khale, K. Mahavir","Kavi Pradeep, Meera Bai, Lalita Shastri, Kabir, Sumitra Kumari Lahiri, Narendra Sharma, Surdas, Abhilash, Udhav Kumar",Saregama,0.0
85c7d1a7-28fb-53b0-88cf-29bb8f802fe5,Lootere,1993,"Hindi, Film",Anand - Milind,"Majrooh Sultanpuri, Dharmesh Darshan, Manoj Kumar",Tips,3.33
9b04ae62-3c4f-5f90-9055-ed4075e02f55,Mahakaal,1993,"Hindi, Film",Anand - Milind,Kafil Azar,My Master's Music,0.0
2386e91d-26c6-537e-bad0-6ad36a48818b,Main Bhi Madonna,1993,"Hindi, Non Film",Baba Sehgal,Baba Sehgal,Magnasound,0.0
f73d8c37-4a4e-5c06-b8b0-cae91ff8c1f5,Maya Memsaab,1993,"Hindi, Film",Hridaynath Mangeshkar,Gulzar,Sterling,3.25
4242c27f-0c54-591d-97a0-5a6726e1af05,Meera Ke Girdhar,1993,"Hindi, Film",Kanak Raj,Zaheer Anwar,Vishwa,0.0
ae861a05-d338-553e-9a6a-9ade74ab3d70,Meherbaan,1993,"Hindi, Film",Dilip Sen - Sameer Sen,"Mahendra Dehlvi, Rani Malik, Dilip Tahir, Maya Govind",T-Series,3.0
49b507eb-a682-54f7-9ace-6cf953d389f9,Meri Aan,1993,"Hindi, Film",Ravindra Jain,Ravindra Jain,Time Audio,0.0
19f2bec9-ada7-590b-b70e-d7a458f71120,Muqabla,1993,"Hindi, Film","Dilip Sen - Sameer Sen, Lalit Sen","Kulwant Jani, Mahendra Dehlvi, Nawab Arzoo, Maya Govind, Ibrahim Ashq, Tajdar Taj, Dilip Tahir",T-Series,0.0
3776d1be-8fe6-54e7-b19a-0da5ed8fc841,Pardesi,1993,"Hindi, Film","Anand - Milind, Nikhil - Vinay","Sameer, Yogesh",T-Series,0.0
478ae92c-585a-5417-9603-776186e401ee,Pehchaan,1993,"Hindi, Film",Anand - Milind,Sameer,Venus,0.0
a839f9b0-8e17-58fc-96f5-28b2ac41dcfe,Pehla Nasha,1993,"Hindi, Film",Uttankk Vora - Neeraj Vora,Anand Bakshi,Time Audio,0.0
72aea53e-aafb-5fdc-bf09-2f608a331a8a,Pehla Pehla Pyar,1993,"Hindi, Film",Anand - Milind,Anand Bakshi,Venus,3.5
a815d801-3b79-587d-bee5-45e18092f766,Phir Teri Kahani Yaad Aayee,1993,"Hindi, Film",Anu Malik,"Kaifi Azmi, Qateel Shifai, Zameer Kazmi",Tips,4.8
581e6598-0cce-51c9-909f-e4ab963640db,Phool,1993,"Hindi, Film",Anand - Milind,Anand Bakshi,Saregama,3.0
ff6356dc-3596-5f80-8eca-e9358dd1df13,Phool Aur Angaar,1993,"Hindi, Film",Anu Malik,"Anwar Sagar, Rani Malik, Zameer Qazmi, Deepak Chaudhary",Aftab Music,3.5
ac46cc0b-543c-5b5e-a328-06ff79e36107,Platform,1993,"Hindi, Film",Anand - Milind,Sameer,Venus,0.0
ac1aa2af-32ee-5fdb-9d63-893cf3865be0,Professor Ki Padosan,1993,"Hindi, Film",R.D. Burman,Gulshan Bawra,T-Series,0.0
72f571d0-9dcc-5882-8ad6-5a9f4973861f,Pyaar Ka Taraana,1993,"Hindi, Film",Raamlaxman,M.G. Hashmat,Tips,3.5
42024da6-85a7-5343-a448-3191857b7717,Ragga Raaga,1993,"Hindi, Non Film",,"Rajesh Johri, The Voodoo Rapper",Magnasound,0.0
d1731d7f-bd77-564b-a950-8b0f69ad841e,Rang,1993,"Hindi, Film",Nadeem - Shravan,"Sameer, Surendra Sathi",Tips,3.75
b4bfaad1-a77f-5530-915b-a50340085cfb,Rani Aur Maharani,1993,"Hindi, Film",Jeetu - Tapan,"Mahendra Dehlvi, Dilip Tahir",Unique Cassettes,0.0
363dcbd2-0445-5f02-ade1-b848881cc3be,Roop Ki Rani Choron Ka Raja,1993,"Hindi, Film",Laxmikant - Pyarelal,Javed Akhtar,Saregama,0.0
489369b5-d966-5c68-83eb-795c77ecb638,Rudaali,1993,"Hindi, Film",Bhupen Hazarika,Gulzar,Crescendo Music,3.5
f9dd54a6-405a-5ed2-997e-2347f13916ca,Sahibaan,1993,"Hindi, Film",Shiv - Hari,Anand Bakshi,T-Series,0.0
1c4bc273-1f10-57ae-bcc6-21a6ff118ea0,Sainik,1993,"Hindi, Film",Nadeem - Shravan,Sameer,Time Audio,0.0
7c2cfad3-c46a-5ac6-9124-296b4fff70a7,Sandesa,1993,"Hindi, Non Film",Ali Haider,Ali Haider,EMI,3.0
8e332d19-377f-580d-99f4-adaaa7e7df7d,Sangraam,1993,"Hindi, Film",Nadeem - Shravan,Sameer,Venus,0.0
555730ba-a6f7-5ddd-8d70-10d3b71ff628,Santaan,1993,"Hindi, Film",Anand - Milind,Sameer,Tips,0.0
da489c78-e8a1-5df7-a972-91650f069f5b,Shabnam,1993,"Hindi, Film",Anu Malik,"Rani Malik, Shaily Shailendra, Faaiz Anwar, Qateel Shifai, Zameer Kazmi",T-Series,0.0
77065c06-c098-50a5-9dba-792bb3b37e50,Shaktiman,1993,"Hindi, Film",Channi Singh,Sameer,Venus,0.0
f5fea64b-e289-5ee4-8480-6794130a4e9a,Shatranj,1993,"Hindi, Film",Anand - Milind,Sameer,Time Audio,0.0
e23a1440-a0c7-5ae5-8cb3-8d68c01ac20c,Shreemaan Aashique,1993,"Hindi, Film",Nadeem - Shravan,"Noor Kaskar, Sameer",Time Magnetics,0.0
3028661f-c6bf-5a85-a2a6-899e126929b9,Sir,1993,"Hindi, Film",Anu Malik,"Rahat Indori, Qateel Shifai",Lara Music,3.5
1cb444ae-7c57-52eb-ac7f-1065213db3f7,Suryavanshi,1993,"Hindi, Film",Anand - Milind,Kulwant Jani,Venus,0.0
4e828475-ed26-50ee-82d7-4cdce173521c,Tadipaar,1993,"Hindi, Film",Nadeem - Shravan,Sameer,Tips,3.0
fae65e3f-56c3-5aa2-a415-028d22970f2f,Tahqiqaat,1993,"Hindi, Film",Anu Malik,"Faaiz Anwar, Qateel Shifai, Gulshan Bawra, Zameer Kazmi, Snehlata Sharma",Lara Music,0.0
bfaade36-204f-5eec-90f2-282c3e2cd809,Tarz,1993,"Hindi, Non Film",Lalit Sen,Ganesh Bihari Srivastava,Sony Music,0.0
3d484c10-1db8-5cee-af49-12edaee458ad,Teri Payal Mere Geet,1993,"Hindi, Film",Naushad,Hasan Kamaal,Weston,0.0
c2662265-4dd5-5207-bcc9-c891d547af0d,Tirangaa,1993,"Hindi, Film",Laxmikant - Pyarelal,Santosh Anand,Shemaroo,0.0
f8e6f092-5eff-58b1-9a22-6854ad4338f1,Tum Karo Vaada,1993,"Hindi, Film",R.D. Burman,"Anand Bakshi, Rajesh Johri, Faaiz Anwar",Tips,3.0
faaf16e7-6e0a-5ce8-a87f-87b1b55acc48,Veertaa,1993,"Hindi, Film",Bappi Lahiri,Ajit Singh Deol,Weston,0.0
2b6c8d6b-c07d-5dcf-9dfa-04a0ae0e5d43,Waqt Hamara Hai,1993,"Hindi, Film",Nadeem - Shravan,"Sameer, Qateel Shifai",Tips,2.67
12f140aa-2924-56b9-b43e-f79eacb9918f,Yugandhar,1993,"Hindi, Film",Laxmikant - Pyarelal,"Rajesh Malik, Javed Akhtar",Venus,0.0
0423f437-af28-5918-a807-4553e3f1f1d1,1942 -  A Love Story,1994,"Hindi, Film",R.D. Burman,Javed Akhtar,H.M.V.,4.5
abb96d90-f68f-5502-8c60-326f9398f527,Aa Gale Lag Jaa,1994,"Hindi, Film",Anu Malik,"Nawab Arzoo, Anwar Sagar, Zameer Qazmi, Rani Malik, Gauhar Kanpuri",Aftab Music,3.5
728e8f9c-46fd-570c-99a9-3666e895c9e5,Aag,1994,"Hindi, Film",Dilip Sen - Sameer Sen,Sameer,Venus,0.0
98cfc892-833b-5862-81fd-2fdc8f89cb02,Aajaa Sanam,1994,"Hindi, Film","Arun Paudwal, Kavita Paudwal","Faaiz Anwar, Gauhar Kanpuri, Rani Malik, Hasrat Jaipuri, Ravindra Rawal, Sikander Bharti",T-Series,0.0
2901d1b6-5fee-54c0-b032-fca63ec73f09,Aao Pyar Karen,1994,"Hindi, Film",Aadesh Shrivastava,Shyam Raj,BMB Music,4.0
ba57e5ad-b354-541e-892e-263209899ea5,Aatish,1994,"Hindi, Film",Nadeem - Shravan,Sameer,Venus,0.0
50524260-29bf-533e-b9cb-25d74196c26e,Ajeeb Dastan Hai Yeh,1994,"Hindi, Film",Shyam - Surender,"Deepak Chaudhary, Gauhar Kanpuri, Satish Gupta, Rani Malik",Zee,0.0
98d1d8f9-d374-5209-85d7-0e525a240566,Akhiri Intaqam,1994,"Hindi, Film",Ilaiyaraaja,Manoj Saran,H.M.V.,0.0
17d23838-cd95-530b-97c8-81cd44b75db5,Amaanat,1994,"Hindi, Film",Bappi Lahiri,"Maya Govind, Ravi Anand, Anwar Sagar, Indeevar",Tips,0.0
051ae157-0db6-5475-b4d1-f837bcdff936,Aman,1994,"Hindi, Non Film",,"Zameer Kazmi, Zafar Gorakhpuri, Nida Fazli, Bashir Badr",Universal,0.0
e0233862-b0e4-5d5f-994c-bbd08e16981b,Andaz,1994,"Hindi, Film",Bappi Lahiri,"Sameer, Indeevar",Tips,0.0
f6164d1c-6d72-5af0-afd6-b9c9c7e035f5,Andaz Apna Apna,1994,"Hindi, Film",Tushar Bhatia,Majrooh Sultanpuri,Tips,3.4
ed2263a1-2ee1-56ae-8be1-c1e617d3a47d,Andaz Tera Mastana,1994,"Hindi, Film",Anand - Milind,Sameer,Ultra,0.0
e6c6bb40-ddd0-564e-b4e0-374ca3153df7,Andhera,1994,"Hindi, Film",Dilip Dutta,"Shaily Shailendra, Mithilesh Sinha, Deepak Sneh, Salim Parwana",Red Cat Audio,0.0
197d985d-7da5-576e-81cb-85b5469543ab,Anjaam,1994,"Hindi, Film",Anand - Milind,Sameer,Weston,3.67
e1c182f5-08be-5889-a4c8-bf8ad8bcd04b,Anokha Prem Yudh,1994,"Hindi, Film",Manoj Saran,Manoj Saran,Royal Music,0.0
2c515ce8-240e-54b4-b980-09f9d71bd04e,Anth,1994,"Hindi, Film",Anand - Milind,Sameer,Time Audio,3.0
e1be7343-a25a-5eeb-9439-12fe7b15ef34,Baali Umar Ko Salaam,1994,"Hindi, Film",Bappi Lahiri,Nawab Arzoo,Lara Music,0.0
5f97f27f-e7f0-54dd-95db-1f23a41b15eb,Bandit Queen,1994,"Hindi, Film",Nusrat Fateh Ali Khan,Traditional,Big B,0.0
2a2db48d-0efe-5089-b547-e9559275f04b,Betaaj Badshah,1994,"Hindi, Film",Anand - Milind,Sameer,Weston,0.0
7b48699f-ae5d-5c33-947a-ddf1c851774b,Bollywood Flashback,1994,"Hindi, Non Film","R.D. Burman, Kalyanji - Anandji, Rajesh Roshan, Laxmikant - Pyarelal, S.D. Burman","Majrooh Sultanpuri, Anand Bakshi, Anjaan, Farooq Qaiser, Rajesh Roshan",Oriental Star Agencies,0.0
5893612c-9a6a-5bbc-8aea-7b1ac91062be,Bombay Girl,1994,"Hindi, Non Film","Leslie Lewis, Alisha Chinai","Raajesh Johri, Alisha Chinai",Magnasound,3.0
93b2b200-cd44-5b04-b072-8526670c9646,Brahma,1994,"Hindi, Film",Bappi Lahiri,Prayag Raj,Sonotek Cassettes,0.0
42fb5e5d-0165-50f7-9375-c646d931fdac,Chaand Kaa Tukdaa,1994,"Hindi, Film",Mahesh - Kishore,Saawan Kumar Tak,Weston,3.0
180df24e-8eec-5c26-85bc-fcee13743feb,Chauraha,1994,"Hindi, Film",Laxmikant - Pyarelal,Anand Bakshi,Tips,0.0
8f5750d7-2b67-5f06-9be5-378f1d111c63,Cheetah,1994,"Hindi, Film",Jatin - Lalit,"Manoj Darpan, Dev Kohli, Zameer Kazmi, Anwar Sagar",Time Audio,0.0
b397be3e-b67e-58e2-bb66-dd2aac094eba,Deewana Sanam,1994,"Hindi, Film","Milind Sagar, Nikhil - Vinay, Surinder Kohli, Naresh Sharma","Faaiz Anwar, Yogesh, Dev Kohli, Bashar Nawaz, Shantaram Nandgaonkar, Anwar Farrukhabadi",T-Series,2.67
b20f6bda-0915-55c2-b25f-b786ae92a114,Dilbar,1994,"Hindi, Film",Laxmikant - Pyarelal,Anand Bakshi,Tips,0.0
227c77fd-28bb-5824-81eb-2a115d69bd5b,Dillagee,1994,"Hindi, Non Film",Rafiq Husain,"Farhat Shahzad, Khalid Sharif",T-Series,0.0
e1201e11-267b-5097-8efd-d1bb56a5e780,Dilwale,1994,"Hindi, Film",Nadeem - Shravan,Sameer,Venus,4.0
f6f481a1-765e-5002-9297-7c5f1e278322,Do Fantoosh,1994,"Hindi, Film",Hari - Arjun,"Sikander Bharti, Qamar Jalalabadi",CBS,0.0
eff84e74-33c6-502e-b388-bf126b3f2d13,Dulaara,1994,"Hindi, Film",Nikhil - Vinay,"Rani Malik, Yogesh Gaud",Tips,3.0
a9edb162-8ec5-5caa-b75d-b8986e1ed59a,Eena Meena Deeka,1994,"Hindi, Film",Anand - Milind,Sameer,Time Audio,3.5
f155da31-edfa-5394-8809-c43ecee9bde8,Ekka Raja Rani,1994,"Hindi, Film",Nadeem - Shravan,Sameer,Tips,3.0
f58ed76f-0130-5df3-b774-ebfcd29e16d1,Elaan,1994,"Hindi, Film",Shyam - Surender,"Rani Malik, Sateesh",Venus,0.0
ffa6acf2-9121-599c-9fa7-1e98777f959e,Face To Face,1994,"Hindi, Non Film",Jagjit Singh,"Khamosh Ghazipuri, Hasti Mal Hasti, Sabir Dutt, Sudarshan Faakir, Daagh Dehlvi, Ameer Meenai, Zaqa Siddiqi, Rajesh Reddy, Shahid Kabir",Magnasound,0.0
0c7128a6-b1e2-5dd7-821f-80ce12d2370c,Fauj,1994,"Hindi, Film",Raamlaxman,"Dev Kohli, Rani Malik",Lara Music,0.0
8ac04799-614a-5701-b35d-64c251d3e46e,Ghar Ki Izzat,1994,"Hindi, Film",Amar - Utpal,Anjaan,Red Cat Audio,0.0
942d2cff-85aa-5fff-91b8-6b668ac6242d,Gopi Kishan,1994,"Hindi, Film",Anand - Milind,Sameer,Tips,0.0
5555419d-40a7-57b4-8203-3ffce56f6c13,Gulfam,1994,"Hindi, Non Film",Jolly Mukherjee,"Bashir Badr, Safi Hassan, Kaif Bhopali, Munawwar Rana, Zafar Kaleem, Khumar Barabankvi, Anwar Farrukhabadi, Tahir Faraz",Venus,4.0
6c82f27c-9984-5562-9688-d0c382f543cd,Gulmohar,1994,"Hindi, Non Film",Bhupinder Singh,,T-Series,0.0
03872ba3-6b88-5b5b-83b6-ea55fa593e74,Hanste Khelte,1994,"Hindi, Film",Jatin - Lalit,"Rani Malik, Manohar Iyer",Zee Records,0.0
09af9980-6bef-5e43-8a0a-da86ee4c9029,Hum Aapke Hain Koun,1994,"Hindi, Film",Raamlaxman,"Ravinder Rawal, Dev Kohli",H.M.V.,4.0
5bc677a8-8146-5d3c-aa36-40e6c082db85,Hum Hain Bemisal,1994,"Hindi, Film",Anu Malik,"Kulwant Jani, Shyam Anuragi, Faaiz Anwar, Baba Sehgal, Qateel Shifai, Sanam Gazipuri",Time Audio,3.33
4d9d01ce-cbfb-55db-b96b-d0ff3f2924eb,Imtihan,1994,"Hindi, Film",Anu Malik,Faaiz Anwar,Time Audio,4.0
fc844abc-adf7-59ad-81a9-9008ad321ffc,Insight,1994,"Hindi, Non Film",Jagjit Singh,Nida Fazli,Weston,0.0
011c94e0-281a-527f-89f9-b7ca8450a4b1,Ishq,1994,"Hindi, Non Film","Saroj Nanda, Chandan Dass, Ali - Gani","Rani Malik, Payam Sayeedi, Shakeel Badayuni, Ibrahim Ashq, Naqsh Lyallpuri, Zameer Kazmi, Azeem Malik",T-Series,0.0
393fe5e6-1949-5f32-a4fb-e48c616335d4,Jai Kishen,1994,"Hindi, Film",Anand - Milind,Sameer,Time Audio,0.0
1d594529-6d9e-592d-bf3a-aa6133b73e91,Jai Maa Vaishno Devi,1994,"Hindi, Film","Surendra Kohli - I, Amar - Utpal","Naqsh Lyallpuri, Bharat Acharya, Balbir Nirdosh",T-Series,0.0
8e670dc3-0113-5397-b223-c277e7c39453,Janam Se Pehle,1994,"Hindi, Film",R.D. Burman,Naqsh Lyallpuri,Saregama,0.0
f4ad0d94-0a46-50b8-af5e-0e9ca9bc614e,Janta Ki Adalat,1994,"Hindi, Film",Bappi Lahiri,"Maya Govind, Anwar Sagar, Nawab Arzoo",BMB Music,0.0
1ba684db-67bd-52ef-92b7-b13f4ec3cc57,Jawab,1994,"Hindi, Film",Anu Malik,"Hasrat Jaipuri, Indeevar, Gulshan Bawra, B.B. Laal",Melody,0.0
e003e0ff-afe7-50cb-9d2d-23b9dc8162de,Jazbaat,1994,"Hindi, Film",Raamlaxman,"Suman Sarin, Dev Kohli, Ravindra Rawal, Dilip Tahir",H.M.V.,0.0
7a09217d-277f-5e16-ac16-cd1fea84f64e,Juaari,1994,"Hindi, Film",Bappi Lahiri,Anwar Sagar,Time Audio,0.0
a4b58241-1bd0-5e67-b3ff-d7ab53e5dae1,Kabhi Haan Kabhi Naa,1994,"Hindi, Film",Jatin - Lalit,Majrooh Sultanpuri,Royal Music,4.6
934c2243-c467-5df8-8cbd-936bf8b878bf,Kanoon,1994,"Hindi, Film",Raamlaxman,"Maya Govind, Rani Malik, Faaiz Anwar",Tips,0.0
79e4a0aa-c973-5b08-9700-2eb24cf14867,Karan,1994,"Hindi, Film",Raamlaxman,"Faaiz Anwar, Dev Kohli, Ratan Aulakh",Time Audio,0.0
e42f6671-da1b-5a73-b38a-250d4dcbae2b,Khudai,1994,"Hindi, Film",Jagjit Singh,Sudarshan Faakir,Weston,0.0
e48e9be8-e128-555d-9b49-18e967681d82,Khuddar,1994,"Hindi, Film",Anu Malik,"Zafar Gorakhpuri, Indeevar, Dev Kohli, Rahat Indori, Zameer Kazmi",Tips,4.0
f4252897-70cc-50c8-98bf-8109d029d67a,Kranti Kshetra,1994,"Hindi, Film",Nadeem - Shravan,"Surendra Sathi, Sameer",Venus,0.0
5f41680b-b4d5-5fa8-aa2f-66ec4973c93d,Krantiveer,1994,"Hindi, Film",Anand - Milind,Sameer,Venus,3.0
983246da-c2ca-50cd-af73-c4e7e115d4d9,Laadla,1994,"Hindi, Film",Anand - Milind,Sameer,Time Audio,3.0
8cddb92f-2f33-5c7b-b732-d0de24ae6fa5,Lakha,1994,"Hindi, Film",Jugal Kishore - Tilak Raj,"Chacha Dhaniram, Madan Pal, Naseem Ajmeri, Naval Mathur",,0.0
e6ccfba9-fd41-556d-88b2-6494e5a247d7,Laqshya,1994,"Hindi, Film",Jatin - Lalit,"Majrooh Sultanpuri, Rani Malik, Madan Pal, Anwar Sagar",Tips,0.0
de742abb-7d22-555b-a6c2-7a69692b1178,Maahir,1994,"Hindi, Film",Bappi Lahiri,"Anjaan, Sikandar Bharti, Prayag Raj",Venus,0.0
c2ed5d5a-1fd8-5c99-afa1-9223d3b68f1d,Madhosh,1994,"Hindi, Film",Anand - Milind,Sameer,Weston,3.5
f303aec3-e03a-5090-8a73-82f38ec48bd8,Main Ho Gayi Sawaa Lakh Ki,1994,"Hindi, Non Film",Ila Arun,,Tips,0.0
bc894cbf-98d8-5431-9f37-7bee539f04d9,Main Khiladi Tu Anari,1994,"Hindi, Film",Anu Malik,"Rani Malik, Rahat Indori, Zameer Kazmi, Anwar Sagar, Maya Govind, Hasrat Jaipuri",Venus,4.33
2dfc6ab9-3cd1-5fd1-9b9f-466d60f627f9,Main Tera Aashiq,1994,"Hindi, Film","Naresh Sharma, Aadesh Shrivastava, Milind Sagar, Nikhil - Vinay","Deepak Sneh, Kulwant Jani, Manohar Aiyar, Yogesh, Faaiz Anwar, Rahat Indori, Rani Malik, Dev Kohli",T-Series,0.0
cf606651-cf57-5435-a111-9e8004a8db7d,Mammo,1994,"Hindi, Film",Vanraj Bhatia,Gulzar,HMV Records,3.5
a1017736-60ce-5f52-94e0-205c8b683490,Mere Humsafar,1994,"Hindi, Film",Triveni - Bhavani,"Rani Malik, Kiran Mishra, M. Pappu, Indeevar, Dev Kohli, Zaheer Anwar",Venus,0.0
8a755152-4894-5384-8a78-42912056c076,Milan,1994,"Hindi, Film",Anand - Milind,Sameer,Venus,0.0
172933cd-00bf-5af4-bea5-8e27da7c65a9,Miss 420,1994,"Hindi, Film",Anu Malik,"Anu Malik, M.G. Hashmat, Dev Kohli, Maya Govind, Shaily Shailendra, Rani Malik, Indeevar",Venus,3.0
e8581d1e-f789-5c94-ab9d-ce8d490b4b00,Mohabbat Ki Arzoo,1994,"Hindi, Film",Laxmikant - Pyarelal,"Hasrat Jaipuri, Rani Malik, Tabish Romani, Kulwant Jani",H.M.V.,0.0
d6d111b7-a82c-529b-a3c0-2095a484716d,Mohra,1994,"Hindi, Film",Viju Shah,"Indeevar, Anand Bakshi",Venus,4.2
e614168b-c1c3-5f0f-a591-724d478129c3,Mr. Azaad,1994,"Hindi, Film",Bappi Lahiri,Indeevar,Venus,0.0
6f8f975d-96a9-5240-84b5-470a5e97d9f3,Mr. Shrimati,1994,"Hindi, Film",Babla,"Prakash Mehra, Maya Govind, Anjaan",Venus,0.0
3762e775-6361-5819-a300-bc8c90d330c6,Naaraaz,1994,"Hindi, Film",Anu Malik,"Zameer Kazmi, Maya Govind, Hasrat Jaipuri, Dev Kohli, Rahat Indori, Faaiz Anwar, Qateel Shifai",Tips,4.5
28da573f-7110-5b5d-a7ca-7ff1b3000fc3,Paramaatma,1994,"Hindi, Film",Bappi Lahiri,Indeevar,Venus,0.0
a483744d-ec07-5146-bb92-e0a3f54eabd4,Pathreela Raasta,1994,"Hindi, Film",Raamlaxman,"Shaily Shailendra, Ravinder Rawal, Maya Govind, Rani Malik, Anamika",Ultra,0.0
2725d1b3-5e78-539c-b66d-846f111241f8,Prem Shakti (Jab Jab Pyar Hua),1994,"Hindi, Film",Raamlaxman,Vinay Bihari,Saregama,3.5
8af583cc-3dea-5f92-bcda-fe881916916d,Prem Yog,1994,"Hindi, Film",Bappi Lahiri,"Anjaan, Nawab Arzoo, Sikander Bharti, Indeevar, Maya Govind",Saregama,0.0
7c7c3433-3e9e-515c-a531-10114b08d9e3,Pyar Ka Rog,1994,"Hindi, Film",Bappi Lahiri,Rani Malik,Bombino,0.0
59744349-4958-5275-a1df-6ea988dfe094,Qaidi No 36,1994,"Hindi, Film",Bappi Lahiri,"Maya Govind, Indeevar, Kasif",Lara Music,0.0
2a6feec1-4bbd-5861-a38b-14a617911044,Raja Babu,1994,"Hindi, Film",Anand - Milind,Sameer,Time Audio,3.67
238a7ac3-f7e4-53d1-8b7f-186d7fab8341,Saajan Ka Ghar,1994,"Hindi, Film",Nadeem - Shravan,"Sameer, Pandit Diwakar",Tips,0.0
78e170c0-b7b0-55f4-ae08-ae99267bbdc0,Saboot Mangta Hai Kanoon (Khushkismat),1994,"Hindi, Film",Kalyanji - Anandji,Mahendra Dehlvi,Venus,0.0
af46bf4e-cbd2-52dd-b6b4-a7e8f5d37705,Salaami,1994,"Hindi, Film",Nadeem - Shravan,"Sameer, Madan Pal, Surendra Sathi, Anwar Sagar",Venus,4.0
f882c73e-b2a1-5c19-8df4-0314946f8c19,Sangdil Sanam,1994,"Hindi, Film",Anand - Milind,Sameer,Venus,3.0
f4680758-53c5-5e2e-99c7-57d4ae5e7533,Saqi,1994,"Hindi, Non Film",Bhupinder Singh,"Ibrahim Ashq, Ashk Ambalvi, Naseem Ajmeri, Shadab, Sudarshan Faakir, Pradeep Rao",Saregama,0.0
4c593ac1-593e-5924-8643-2d4f2de786a3,Stunttman,1994,"Hindi, Film",Nadeem - Shravan,Sameer,Tips,3.0
059fc793-5a76-5642-bc05-4669ab6bfdbc,Suhaag,1994,"Hindi, Film",Anand - Milind,Sameer,Tips,3.0
2b3ff685-7eab-51d2-8c19-e0d30a1a3f2e,Swami Vivekananda,1994,"Hindi, Film",Salil Chowdhury,"Surdas, Gulzar, Sant Kabir, Swami Vivekananda, Jayadeva",H.M.V.,0.0
824bfba8-b31f-53e6-95f6-eeee51f5b832,Tanya,1994,"Hindi, Film",Namrhythmics,"Niti Chandra, Virendra Verma, Rani Malik",Seengals,0.0
f73cf58f-beb5-59b5-bd44-f4fbc99f7861,Teesra Kaun,1994,"Hindi, Film",Anand - Milind,Sameer,Time Audio,0.0
c3a5d537-8501-5185-8cc2-8287e8e4deb1,Tejasvini,1994,"Hindi, Film",Laxmikant - Pyarelal,"Rajesh Malik, Mumtaz Rashid",Saregama,0.0
bf264b32-4b06-5229-b567-8a405c081062,The Gentleman,1994,"Hindi, Film",Anu Malik,"Rajan Khera, Rahat Indori, Indeevar",Saregama,4.0
07081442-4cc3-598b-8d26-431a9aa6dc97,Triyacharitra?,1994,"Hindi, Film",Salil Chowdhury,Yogesh,,0.0
c30fb4b9-3776-5e98-b9ba-235bfc86acf2,Udhaar Ki Zindagi,1994,"Hindi, Film",Anand - Milind,Sameer,Tips,0.0
0ebb397d-f84c-535a-a7ea-66760ad2247c,Vaade Iraade,1994,"Hindi, Film",Jatin - Lalit,"Dev Kohli, Madan Pal",Ultra,0.0
fba75acf-2609-553f-ae53-655444018eef,Vijaypath,1994,"Hindi, Film",Anu Malik,"Faaiz Anwar, Anwar Sagar, Zameer Kazmi, Shyam Anuragi, Indeevar, Shaily Shailendra",Time Audio,4.5
8c0b98f6-af54-52d0-af60-f25842ab6610,Yaar Gaddar,1994,"Hindi, Film",Anu Malik,"Dev Kohli, Qateel Shifai, Pooja Ahuja",Weston,0.0
fcf382cc-3e3e-5da4-91cb-992d76a441f0,Yeh Dillagi,1994,"Hindi, Film",Dilip Sen - Sameer Sen,Sameer,Weston,4.0
46443fa3-be19-5f57-b14e-52bbead3abbd,Zaalim,1994,"Hindi, Film",Anu Malik,"Madan Pal, Hasrat Jaipuri, Sikander Bharti, Zafar Gorakhpuri, Zameer Kazmi",Tips,0.0
2800359a-0829-537b-850f-53773f20c015,Zakhmi Dil,1994,"Hindi, Film",Rishi Raj - II,Sameer,Venus,0.0
a2e4f093-e09b-58a9-b893-bb3282085b21,Zamane Se Kya Darna,1994,"Hindi, Film",Anand - Milind,Sameer,Tips,0.0
83558cd0-84f6-5e2d-8bb0-67848b4d2531,Zid,1994,"Hindi, Film",O.P. Nayyar,"Noor Devasi, Qamar Jalalabadi",Venus,0.0
