album_uuid,album_title,album_year,album_category,album_music_director,album_lyricist,album_label,album_rating
46c6ff58-9563-5511-8519-bc4c9936a9f0,Aaj Ka Mahatma,1975,"Hindi, Film",Laxmikant - Pyarelal,Majrooh Sultanpuri,H.M.V.,0
14f55ca1-f405-5176-bcad-1a52c3c7f3d3,Aaja Sanam,1975,"Hindi, Film",Usha Khanna,"M.K. Javed, Kafil Azar, Indeevar",H.M.V.,0
40a3c517-c13c-5442-874a-df9984008fbc,Aakhri Daao,1975,"Hindi, Film",Laxmikant - Pyarelal,Hasrat Jaipuri,Polydor,3.0
410a3c2c-8411-53a1-a9b1-32d4e2ee6d8b,Aakraman,1975,"Hindi, Film",Laxmikant - Pyarelal,Anand Bakshi,H.M.V.,4.5
670f2a16-ca7d-50c7-bbef-b454f1179d0b,Aandhi,1975,"Hindi, Film",R.D. Burman,Gulzar,H.M.V.,4.0
119f9591-0e78-58a8-940b-03a310cf0789,Aawara Ladki,1975,"Hindi, Film",Mahesh - Naresh,Abhilash,H.M.V.,0
3611bc56-ed54-56a6-8afd-38f9b53a4fa9,Alakh Niranjan,1975,"Hindi, Film",Satyam,B.R. Tripathi,H.M.V.,0
a3cf8a4d-a645-5f91-ad40-2dbc2b60be95,Amanush,1975,"Hindi, Film",Shyamal Mitra,Indeevar,H.M.V.,0
e04ff812-e29f-557e-813e-72f378ab5f6a,Anari,1975,"Hindi, Film",Laxmikant - Pyarelal,Majrooh Sultanpuri,H.M.V.,3.0
8dad0a96-bf37-5ec5-bf76-7d81be0b7934,Andolan,1975,"Hindi, Film",Jaidev,"Ram Prasad Bismil, Verma Malik, Jan Nisar Akhtar, Meera Bai",H.M.V.,0
e5aff028-8535-58e9-8cee-8c054869b2ee,Anjane Mehman,1975,"Hindi, Film",Ajay Das,"Kusheshwar, Yogesh",H.M.V.,0
3d256b7a-ee61-5dfc-85dd-73e9af5f3e50,Anokha,1975,"Hindi, Film",Kalyanji - Anandji,"Indeevar, Saawan Kumar",H.M.V.,0
3b25ef6e-0688-5af6-9af4-33284fbfb0da,Apnapan Rakhna Mere Ghanshyam,1975,"Hindi, Non Film",,,Saregama,0
cb7fdff2-0046-59a4-9941-142320613b05,Apne Dushman,1975,"Hindi, Film",Kalyanji - Anandji,"Qamar Jalalabadi, Verma Malik",H.M.V.,0
4cea35e9-773e-5fdb-9e19-c1fcf579cd0a,Apne Rang Hazaar,1975,"Hindi, Film",Laxmikant - Pyarelal,Anjaan,H.M.V.,0
3dddac53-2425-519d-a801-219f170db21c,Badnaam,1975,"Hindi, Film",Ganesh,"Asad Bhopali, Naqsh Lyallpuri",H.M.V.,0
da654b67-af81-5842-8879-29f4bec872f4,Balak Aur Janwar,1975,"Hindi, Film",Chitragupt,Bharat Vyas,H.M.V.,0
8b0717cc-4bfd-5e42-90a2-1a1dc7b3e4d3,Bewee Keraye Kee,1975,"Hindi, Film",H. Parashuram,Anjum Jaipuri,H.M.V.,0
a7bc91dd-36b2-557d-be11-8807a8b4194e,Bhakti Mein Bhagwan,1975,"Hindi, Film",G.K. Venkatesh - M. Ranga Rao,"Pyarelal Santoshi, Vinod Sharma, Shrikant",H.M.V.,0
4e2fa92a-b652-552b-a05c-98353ecc3fff,Bhoola Bhatka,1975,"Hindi, Film",Kalyanji - Anandji,Anand Bakshi,Polydor,0
f0dac561-f12d-50f8-bacc-61dd34f09662,Birbal My Brother,1975,"English, Film",Shyam Prabhakar,Traditional,H.M.V.,0
4e7713b8-5c8d-5d77-859c-af9e862bd45c,Chaitali,1975,"Hindi, Film",Laxmikant - Pyarelal,Anand Bakshi,H.M.V.,4.0
eb849421-ed29-5727-af9c-80cef151078c,Chhoti Si Baat,1975,"Hindi, Film",Salil Chowdhury,Yogesh,H.M.V.,4.78
dc3d6af7-8e9d-52fa-b55a-a8091684d7ae,Chori Mera Kaam,1975,"Hindi, Film",Kalyanji - Anandji,Verma Malik,Polydor,3.5
864506d8-c94f-5c04-a5f9-e15b99cd7d61,Chupke Chupke,1975,"Hindi, Film",S.D. Burman,Anand Bakshi,H.M.V.,4.0
6c56bc55-c404-572b-bb2c-6fb221395a82,Daaku,1975,"Hindi, Film",Shyamji Ghanshyamji,"Hasrat Jaipuri, Chaman Lahori, Sajan Dehlvi, Rameshwar Tyagi, Amrita Pritam",H.M.V.,0
58cf6fbf-d6f4-59cf-a9be-890ebf73889e,Dafaa 302,1975,"Hindi, Film",Laxmikant - Pyarelal,Indeevar,H.M.V.,3.0
21fb0e35-c930-588c-a4c5-bfd2f8c784d2,Dayar-E-Madina,1975,"Hindi, Film","Traditional, Mohammed Shafi","Traditional, Abdur Rab Chaush, Maikash",H.M.V.,3.0
60905c6f-3d8a-5fae-9e9c-06c6aaa18024,Deewaar,1975,"Hindi, Film",R.D. Burman,"Sahir Ludhianvi, R.D. Burman",Polydor,3.0
d91d802e-2c8e-5de7-b99b-62c0622dce15,Dharam Karam,1975,"Hindi, Film",R.D. Burman,Majrooh Sultanpuri,H.M.V.,4.75
3888408e-9afc-5d7f-becc-7de0b81302be,Dharmatma,1975,"Hindi, Film",Kalyanji - Anandji,Indeevar,H.M.V.,4.5
efb52143-516a-5447-afc9-19428ffe3587,Dhongee,1975,"Hindi, Film",R.D. Burman,Anand Bakshi,H.M.V.,3.67
6e1849df-b107-5922-a7b8-bf1f0ef44332,Dhoti Lota Aur Chowpatty,1975,"Hindi, Film",Shyamji Ghanshyamji,"Hasrat Jaipuri, Kulwant Jani, Gulshan Bawra",H.M.V.,0
9b4f198f-6c7e-54b5-93f5-3b24636bb0fc,Do Jasoos,1975,"Hindi, Film",Ravindra Jain,"Hasrat Jaipuri, Ravindra Jain, Inderjeet Singh Tulsi",H.M.V.,3.5
9fb9e7d8-1133-5c0d-8428-8c94c0a20665,Do Jhoot,1975,"Hindi, Film",Shankar - Jaikishan,"M.G. Hashmat, Vithalbhai Patel, Vishweshwar Sharma, Verma Malik",H.M.V.,3.0
b30c33cd-7d43-5546-9f5c-46698155d528,Do Thug,1975,"Hindi, Film",Kalyanji - Anandji,Rajendra Krishan,H.M.V.,0
06259f75-f8ad-586a-a81d-d2bbea3e0e9e,Dunk,1975,"Hindi, Film",Kishan Prakash,"Somnath Kashyap, Sheoraj Srivastava",H.M.V.,0
a577faea-a0e3-5ece-b10a-53fb5bcda4e7,Ek Gaon Ki Kahani,1975,"Hindi, Film",Ravindra Jain,Indeevar,H.M.V.,0
c1a16e1e-1a6c-5781-b543-282e5127fc12,Ek Huns Ka Jora,1975,"Hindi, Film",Jaidev,"Naqsh Lyallpuri, Gauhar Kanpuri, Indeevar",H.M.V.,0
fe397f4d-2835-5e40-8ee8-2d6be1cdecc3,Faraar,1975,"Hindi, Film",Kalyanji - Anandji,Rajendra Krishan,Polydor,4.0
c0f787c7-338e-562a-b1c8-c45c5fbb3c03,Fauji,1975,"Hindi, Film",Sonik - Omi,M.G. Hashmat,H.M.V.,0
745377ed-45d5-58ab-a2be-8039e214ea70,Geet Gata Chal,1975,"Hindi, Film",Ravindra Jain,"Ravindra Jain, Tulsidas",H.M.V.,4.33
80568706-ce98-5c8b-abf8-7d51e8c71785,Himalay Se Ooncha,1975,"Hindi, Film",Kalyanji - Anandji,"Anjaan, Indeevar",Polydor,3.33
a12b41df-7e30-51e6-bf35-f055523ae2cf,Hind Ke Wali,1975,"Hindi, Film",Shankar - Shambhu,"Aziz Shadan, Naseem Ajmeri, Iqbal Sabri, Siraj Aghazi, Maharaj Tuljashankar",H.M.V.,0
abd0bceb-acae-523b-8879-7cb5a7960f6f,Idd Ka Salaam,1975,"Hindi, Film",Kamal Rajasthani,"Farooq Qaiser, Arun Chander",H.M.V.,0
2ac0b2e0-1ed6-5376-960a-406e5be1046b,Jaan Haazir Hai,1975,"Hindi, Film",Jai Kumar Parte,Shaily Shailendra,H.M.V.,0
557f7c77-d6b7-5932-a5b7-5b8137159a7f,Jaggu,1975,"Hindi, Film",Sonik - Omi,"Vishweshwar Sharma, Kulwant Jani, S.H. Bihari",H.M.V.,0
bf171316-2797-5634-a67d-bd19fb9ca785,Jagriti,1975,"Hindi, Film",Laxmikant - Pyarelal,Sahir Ludhianvi,H.M.V.,0
ec4dfb92-7723-5c80-9b28-2be10e35881f,Jai Santoshi Maa,1975,"Hindi, Film",C. Arjun,Kavi Pradeep,H.M.V.,3.5
bfa1d51d-711b-5db0-b1bd-2c61677ccb1f,Julie,1975,"Hindi, Film",Rajesh Roshan,"Anand Bakshi, Harindranath Chattopadhyay",Polydor,4.75
fd9e83ab-ff18-529f-934b-fb7770fa14d6,Kaala Sona,1975,"Hindi, Film",R.D. Burman,Majrooh Sultanpuri,H.M.V.,3.67
a1c2de2b-2973-5bc7-8a3a-8e450c09c85e,Kaam Shastra,1975,"Hindi, Film",Brij Bhushan,Naqsh Lyallpuri,H.M.V.,0
c5964fe3-6a40-5650-b3dd-094006131f71,Kadambari,1975,"Hindi, Film","Khemchand Prakash, Ustad Vilayat Khan, Ajit Singh","Nakhshab Jarchvi, Amrita Pritam, Geetanjali Singh",H.M.V.,3.0
cabe8f70-43db-5c4e-81d5-4df210c9d33e,Kagaz Ki Nao,1975,"Hindi, Film",Sapan - Jagmohan,Naqsh Lyallpuri,H.M.V.,3.5
593d8999-d3e5-531e-9ce8-d98c801ed112,Kahtey Hain Mujhko Raja,1975,"Hindi, Film",R.D. Burman,Majrooh Sultanpuri,H.M.V.,3.0
e87af4dc-4893-58ff-b5e4-988f158322af,Kal Subaha,1975,"Hindi, Film",Benoy Bhooshan,"Brij Rattan, G.S. Madhup",H.M.V.,0
a47093f3-2e1b-5cee-8bc5-1730ff9f22b2,Khel Khel Mein,1975,"Hindi, Film",R.D. Burman,Gulshan Bawra,H.M.V.,4.67
196ba664-5819-5ac4-a86f-90885f3b5b1f,Khushboo,1975,"Hindi, Film",R.D. Burman,Gulzar,H.M.V.,4.67
5268dd00-48fd-5763-a5f0-3d783e170fb6,Lafange,1975,"Hindi, Film",Laxmikant - Pyarelal,Anand Bakshi,H.M.V.,0
65f0a1f8-f674-560d-9f8d-ec7d6ebac0c3,Lahoo Pukarega,1975,"Hindi, Film",Sonik - Omi,Verma Malik,Polydor,3.0
e6ab0978-2a97-58d6-8c94-bddcab17b29d,Mahapavan Teerthyatra,1975,"Hindi, Film",Shivram,Uday Khanna,H.M.V.,0
592d1808-eecf-5a47-9eb2-6cc375088bdc,Mausam,1975,"Hindi, Film",Madan Mohan,Gulzar,H.M.V.,4.0
a0cdfe8c-ba31-52ff-b0a4-9e4fb7572057,Maya Machhindra (Illusion),1975,"Hindi, Film",Govind - Naresh,Madan,H.M.V.,0
7321ce0a-bcb4-5e96-9879-d58b6ee5efc7,Mazaaq,1975,"Hindi, Film",R.D. Burman,Yogesh Gaud,H.M.V.,3.33
6b854798-f5e4-5913-9796-e3f7f69430e1,Maze Le Lo,1975,"Hindi, Film","Shakila Banu Bhopali, Chris Perry, Mahesh - Naresh, Traditional","Qamil Chandpuri, Fernando, Naresh Kumar - I, Traditional, Akbar Ahmed Faridi, Vishweshwar Sharma",H.M.V.,0
92769aba-4ea8-5e49-ba86-482f5df94cad,Mere Sajana,1975,"Hindi, Film",Laxmikant - Pyarelal,Majrooh Sultanpuri,H.M.V.,3.0
f8072eb1-8ab7-5950-807b-e91a68e17bed,Mere Sartaj,1975,"Hindi, Film",Ravi,Mehboob Sarwar,H.M.V.,0
ecbaa978-0e19-5ea4-9db7-9ef548b5ccde,Mili,1975,"Hindi, Film",S.D. Burman,Yogesh,H.M.V.,4.0
31f569d8-a29f-5dde-b18e-07b657e796d4,Mounto,1975,"Hindi, Film",Kalyanji - Anandji,Verma Malik,H.M.V.,0
5f5b05cf-e76d-545a-b59f-1226ca38df9c,Mrig Trishna,1975,"Hindi, Film",Shambhu Sen,Shambhu Sen,H.M.V.,3.5
8342da8d-1cff-530e-8df0-3e06c72ef8db,Mujhko Yun Hi Udas Rehne Do,1975,"Hindi, Non Film",R.D. Burman,Gulzar,,0
99980fa2-4da4-5007-9955-c9a00eec2c87,Mutthi Bhar Chaawal,1975,"Hindi, Film",Khayyam,"Jan Nisar Akhtar, Maya Govind",H.M.V.,0
5c0515ba-a002-5f89-825d-a84274cfb3c0,Naach Uthe Sansaar,1975,"Hindi, Film",Laxmikant - Pyarelal,Majrooh Sultanpuri,H.M.V.,0
751fcb5c-032a-5669-a38a-06852295aff0,Nishant (Night's End),1975,"Hindi, Film",Vanraj Bhatia,Mohammad Quli Qutub Shah,H.M.V.,3.5
3f3dd417-b888-505a-b150-c4bf4d02e9c9,Phanda,1975,"Hindi, Film",Datta Naik,"Shakir Kotwi, Indeevar",H.M.V.,0
dcf84e88-1680-5086-b96e-d1c2b9a8c2f4,Play Boy (Rangeela Mastana),1975,"Hindi, Film",Sonik - Omi,"Omkar Verma, Asad Bhopali, Mukhtar, Edgardo Binalling Bing",H.M.V.,0
dc430ea5-04d1-5c2f-a76b-66a988f4a4f7,Ponga Pandit,1975,"Hindi, Film",Laxmikant - Pyarelal,Rajendra Krishan,H.M.V.,0
2cf70392-b529-551b-8175-55831b263fb3,Pratiggya,1975,"Hindi, Film",Laxmikant - Pyarelal,Anand Bakshi,H.M.V.,0
e2bd0fb5-aa94-5221-ba69-b6b4033b518b,Qaid,1975,"Hindi, Film",Nitin - Mangesh,Maya Govind,H.M.V.,0
ea8d95fb-ff77-5e59-b4da-95fb39799cf5,Raaja,1975,"Hindi, Film",R.D. Burman,Anand Bakshi,H.M.V.,3.33
feede4ca-f72d-5e1d-ab35-1fe0c0161bdb,Raftaar,1975,"Hindi, Film",Sonik - Omi,"Verma Malik, Abhilash, Omkar Verma",H.M.V.,3.0
24d303fc-7488-5fdd-9246-60454bbac9d2,Ranga Khush,1975,"Hindi, Film",Sonik - Omi,M.G. Hashmat,Polydor,0
c30acd67-552d-558f-a0a1-b070a27c6c43,Rani Aur Lalpari,1975,"Hindi, Film",Vasant Desai,Balkavi Bairagi,Polydor,0
a472d629-07bd-5886-bbc5-882248000fad,Saazish,1975,"Hindi, Film",Shankar - Jaikishan,Hasrat Jaipuri,H.M.V.,0
62b991ec-087a-5a21-b3a7-477f372fb3bd,Salaakhen,1975,"Hindi, Film",Ravindra Jain,"Ravindra Jain, Dev Kohli, Hasrat Jaipuri",H.M.V.,0
3f9180d2-76f2-589b-9b72-9611640ccb46,Samasya,1975,"Hindi, Film","Bhaskar Chandavarkar, Swathi Thirunal","Kulwant Jani, Virendra Mishra, Swathi Thirunal",H.M.V.,0
80aefa80-adf2-591b-b8bd-c6d94a9bcc8d,Sandhya,1975,"Hindi, Film",Khayyam,Jan Nisar Akhtar,H.M.V.,3.0
e592cdad-b69d-5cb2-bac5-85b37c8e51dc,Sangat,1975,"Hindi, Film",Salil Chowdhury,Jan Nisar Akhtar,H.M.V.,4.0
35046b4e-afd2-5793-929f-db98d91066db,Sanyasi,1975,"Hindi, Film",Shankar - Jaikishan,"Vithalbhai Patel, Vishweshwar Sharma, M.G. Hashmat, Indeevar, Hasrat Jaipuri, Verma Malik",H.M.V.,3.67
027abf9f-1413-5849-8ac5-58d5719b0311,Sewak,1975,"Hindi, Film",Laxmikant - Pyarelal,Anjaan,H.M.V.,0
cb6d4778-a704-5e41-a921-3984b931c117,Shaadi Kar Lo,1975,"Hindi, Film",Jaidev,Jan Nisar Akhtar,H.M.V.,0
03e60fd9-640b-5437-adf0-73091e21b1b4,Shankar Husain,1975,"Hindi, Film",Khayyam,"Jan Nisar Akhtar, Kaifi Azmi, Kaif Bhopali, Meer Anis, Kamal Amrohi",H.M.V.,4.0
23bf3440-6637-5775-a1d4-995c90be3c7f,Sholay,1975,"Hindi, Film",R.D. Burman,Anand Bakshi,Polydor,4.5
fcf1fdca-221c-5942-ab0f-b5e30c660913,Shree Satyanarayan Ki Mahapooja,1975,"Hindi, Film",Jagdish J.,"Anjaan, Traditional, Bharat Vyas, Dev Kohli",H.M.V.,0
2ffee4f5-ee7e-51d3-a9ed-58a175817566,Sunehra Sansar,1975,"Hindi, Film",Naushad,Anand Bakshi,H.M.V.,3.0
f8ab0b60-b61d-5a54-b3dd-45a366e999f0,Tapasya,1975,"Hindi, Film",Ravindra Jain,M.G. Hashmat,H.M.V.,4.0
b6cb5663-d24c-586c-9ec6-4fe520722bcc,The Gold Medal,1975,"Hindi, Film",Shankar - Jaikishan,"Indeevar, Raj Kavi Tulsi, Hasrat Jaipuri, Verma Malik",Polydor,0
580788c6-9158-519d-9f2d-29c68fdd0284,Toofan,1975,"Hindi, Film",Ravindra Jain,Ravindra Jain,Polydor,3.0
7a44fb32-e4fe-526c-97e9-72fe19c9adbd,Tumhara Kalloo,1975,"Hindi, Film","Kanu Roy, Shankar - Shambhu","Gyandev Agnihotri, Dil Lakhnavi, Guru Nanak",H.M.V.,0
20f2f2a2-134d-5003-8416-5efc83d03957,Uljhan,1975,"Hindi, Film",Kalyanji - Anandji,M.G. Hashmat,H.M.V.,3.67
5ee1f08a-d037-55eb-b86a-a56cefeb7038,Vandana,1975,"Hindi, Film",Ravi,"Anjaan, Ravi, Asad Bhopali",H.M.V.,0
adb8ce18-de0f-5035-a1a4-e64dbfe69380,Warrant,1975,"Hindi, Film",R.D. Burman,Anand Bakshi,H.M.V.,4.0
81324376-90a7-5aca-bdf6-332e2506c5ee,Yeh Sach Hai,1975,"Hindi, Film",Brij Bhushan,Naqsh Lyallpuri,H.M.V.,3.0
1ca67b3d-624a-5dca-bc3a-ce8c44c5e2eb,Zakhmee,1975,"Hindi, Film",Bappi Lahiri,Gauhar Kanpuri,H.M.V.,4.0
ed16eaf6-538f-5c4b-b9c7-7e8c54fe7d05,Zinda Dil,1975,"Hindi, Film",Laxmikant - Pyarelal,Verma Malik,H.M.V.,3.0
cbfe9f79-e448-559f-aef1-e8c9177bafc1,Zindgi Aur Toofan,1975,"Hindi, Film",Laxmikant - Pyarelal,"Ram Avtar Tyagi, Ram Bhardwaj, Indeevar",H.M.V.,3.5
6d51749c-3f82-50c3-af76-edc369000233,Zorro,1975,"Hindi, Film",Kalyanji - Anandji,Verma Malik,H.M.V.,0
96d6af22-e917-5e87-8c51-3608ab7f6a45,A Handful of Beauty,1976,"Instrumental, Non Film",,,Sony Music,0
dfdad61d-9fcb-5632-829a-444172d5f780,Aaj Ka Ye Ghar,1976,"Hindi, Film",Anil - Arun,M.G. Hashmat,H.M.V.,0
e2ea0b01-fd1a-5a56-9073-869d1ba4ee25,Aap Beati,1976,"Hindi, Film",Laxmikant - Pyarelal,Anand Bakshi,H.M.V.,4.0
5fd3853a-54c2-5a91-a2dc-bfbb062926eb,Aarambh,1976,"Hindi, Film",Ananda Shankar,"Shri Shalabh, Harish Bhadani, Shakeel Ahmed",H.M.V.,0
7dd5e748-0223-58f2-b520-0a910cb82f13,Adalat,1976,"Hindi, Film",Kalyanji - Anandji,Gulshan Bawra,Polydor,3.5
0e45e33d-9d55-57ce-a342-8ef9ae7008fb,Agent Vinod,1976,"Hindi, Film",Raamlaxman,Ravinder Rawal,Polydor,3.0
89718ea7-1b79-5c1d-a665-a78ac73bee01,Bairaag,1976,"Hindi, Film",Kalyanji - Anandji,Anand Bakshi,H.M.V.,3.5
1048dc00-cae9-577d-ae54-c7567d0dcf27,Bajrangbali,1976,"Hindi, Film",Kalyanji - Anandji,Kavi Pradeep,H.M.V.,3.0
b344be2d-7142-5f79-ab45-ecfce3ae670f,Balika Badhu,1976,"Hindi, Film",R.D. Burman,Anand Bakshi,H.M.V.,4.67
3c4b8015-33e7-515f-9bb6-598c6ba05614,Barood,1976,"Hindi, Film",S.D. Burman,Anand Bakshi,Polydor,3.33
2021e456-1f06-535c-8bba-0a98965de43e,Bhagwan Samaye Sansar Mein (Kan Kan Mein Bhagwan),1976,"Hindi, Film",Anil - Arun,B.D. Mishra,H.M.V.,0
57922c5a-ee61-5924-8951-c1883b43632e,Bhanwar,1976,"Hindi, Film",R.D. Burman,Anand Bakshi,H.M.V.,3.5
4fc4b4e4-cb26-595b-b44c-3d00e593d3ac,Bombay By Nite,1976,"Hindi, Film",Iqbal Qureshi,Upendra,H.M.V.,0
2a87e32e-9adf-5cb2-ab76-e7bb6f6182e0,Bullet,1976,"Hindi, Film",R.D. Burman,Anand Bakshi,H.M.V.,4.0
af5cb565-6a1a-5114-86df-bab458afe64e,Bundal Baaz,1976,"Hindi, Film",R.D. Burman,Majrooh Sultanpuri,Polydor,0
2adef7cc-1461-5f66-9f18-a8b2dbfdf3ec,Chalte Chalte,1976,"Hindi, Film",Bappi Lahiri,Amit Khanna,Polydor,4.75
e4d2f9d8-24b1-5de2-a97c-05251b31a942,Chandi Sona,1976,"Hindi, Film",R.D. Burman,Majrooh Sultanpuri,H.M.V.,3.67
cc0fea8e-cc95-54b9-a44c-6d7dbcb112c1,Charas,1976,"Hindi, Film",Laxmikant - Pyarelal,Anand Bakshi,H.M.V.,3.5
bcd92389-bfed-5608-88bd-ba2c0f83da7c,Chitchor,1976,"Hindi, Film",Ravindra Jain,Ravindra Jain,H.M.V.,4.6
4e95e004-526d-5e10-9afb-a6e249f2b144,Deewaangee,1976,"Hindi, Film","S.D. Burman, Ravindra Jain","Anand Bakshi, Ravindra Jain, Naqsh Lyallpuri, Hasrat Jaipuri",H.M.V.,3.0
eb0118f1-5d3d-5611-a9b0-e2f7369ff35b,Do Anjaane,1976,"Hindi, Film",Kalyanji - Anandji,"Verma Malik, Anjaan",H.M.V.,3.5
028325cd-9272-5090-b476-25083d930d66,Do Khiladi,1976,"Hindi, Film",Usha Khanna,"Asad Bhopali, Gauhar Kanpuri",H.M.V.,0
d8812f33-56a4-5215-a753-38cb1b965a71,Do Ladkiyan,1976,"Hindi, Film",Laxmikant - Pyarelal,Anand Bakshi,H.M.V.,0
030aa115-9ce8-5ec2-8708-695f2c3d97b8,Do Shatru,1976,"Hindi, Film",Kalyanji - Anandji,Verma Malik,Polydor,0
98b2e779-757e-5911-bd41-8a3336514875,Dus Numbri,1976,"Hindi, Film",Laxmikant - Pyarelal,Majrooh Sultanpuri,H.M.V.,3.5
148d2d11-0852-5fc6-9eb7-01609a90696a,Ek Se Badhkar Ek,1976,"Hindi, Film",Kalyanji - Anandji,Verma Malik,H.M.V.,3.0
b2670ace-67da-5829-89cd-4a4ef1035d3a,Fakira,1976,"Hindi, Film",Ravindra Jain,"Inderjeet Singh Tulsi, Ravindra Jain",H.M.V.,4.0
ac119c1e-713d-5bf6-bfdf-30c2d0b7cec7,Filmi Duniya Filmi Log,1976,"Hindi, Film","O.P. Vyas, Shyamji Ghanshyamji","Naval Mathur, Dhanpat Mehta",H.M.V.,0
d9705f9c-fdb9-596f-ad7d-6c7a8c6c7c0b,Ginny Aur Johnny,1976,"Hindi, Film",Rajesh Roshan,Majrooh Sultanpuri,H.M.V.,0
2c8d99a0-5e6c-58d6-85c2-548177dbebe3,Gumrah (Andhi Jawani),1976,"Hindi, Film",Usha Khanna,Asad Bhopali,Polydor,3.33
10e312d9-e22c-51f3-9c56-e97620fd2d27,Haiwan,1976,"Hindi, Film",Bappi Lahiri,"Gauhar Kanpuri, Pradeep Roychowdhury, Hasrat Jaipuri, Amit Khanna, Dadaji",Polydor,3.0
1a748660-ad22-52be-ba2d-23a1fbea27c8,Harfan Maulaa,1976,"Hindi, Film",Shyamji Ghanshyamji,Majrooh Sultanpuri,Polydor,0
efe0e777-3932-557b-8c1b-38aab7640957,Hera Pheri,1976,"Hindi, Film",Kalyanji - Anandji,"Anjaan, Indivar",Polydor,3.0
75b3add6-5f9f-503c-a18a-59d9756942f1,Jaaneman,1976,"Hindi, Film",Laxmikant - Pyarelal,Anand Bakshi,H.M.V.,3.67
4df440cb-1640-5684-a810-38d3c11fb874,Jaayen To Jaayen Kahan,1976,"Hindi, Film",K. Babuji,Vithalbhai Patel,H.M.V.,0
d38dd862-0828-5c91-84fb-8d391ef68ee9,Jai Balaji,1976,"Hindi, Film",M. Ranga Rao,Shrikant,H.M.V.,0
3afa1dcc-0ac8-5b65-bd73-529d5c21aeb8,Jai Jagat Janani,1976,"Hindi, Film",S.N. Tripathi,Bharat Vyas,H.M.V.,0
ec87ff4e-9dcf-5209-b60b-fcd02b03810c,Jai Mahalaxmi Maa,1976,"Hindi, Film",Chitragupt,Bharat Vyas,H.M.V.,0
aa98dbcd-6fa3-5185-aaf5-2188ddd7df2a,Jeevan Jyoti,1976,"Hindi, Film",Salil Chowdhury,Anand Bakshi,H.M.V.,3.67
33d00949-ff2c-5c17-817b-5caa70208e7a,Kabeela,1976,"Hindi, Film",Kalyanji - Anandji,Farooq Qaiser,H.M.V.,3.0
e0130a45-d758-5a68-b958-8e8ff5528c69,Kabhi Kabhie,1976,"Hindi, Film",Khayyam,Sahir Ludhianvi,H.M.V.,4.5
50789e25-7fa3-573c-910b-d6b2c2d9689c,Kali Raat,1976,"Hindi, Film",Laxmikant - Pyarelal,Majrooh Sultanpuri,H.M.V.,3.0
55a646a8-fe11-5c2c-940c-8b40dc85058b,Kalicharan,1976,"Hindi, Film",Kalyanji - Anandji,"Inderjeet Singh Tulsi, Ravindra Jain",H.M.V.,2.5
a9ecb418-1d91-52df-9e63-72315bb5f944,Kanoon Ka Shikar (Asambhav),1976,"Hindi, Film",Meena Mangeshkar,"Yogesh, Kaiser Ratnagirvi, Abhilash",H.M.V.,3.0
7cba145a-686f-5613-b207-ba8b3f167cd3,Kasam,1976,"Hindi, Film",Surender Kohli,"Mahendra Dehlvi, Naqsh Lyallpuri, Ramesh Bedi, Dheeraj - I",H.M.V.,0
f3ed1859-4ce5-5c40-a67f-38fff3ba310c,Khaan Dost,1976,"Hindi, Film",Kalyanji - Anandji,"Anjaan, Indeevar",H.M.V.,0
7762a7cd-d901-557b-8d20-39264f295159,Khalifa,1976,"Hindi, Film",R.D. Burman,Gulshan Bawra,Polydor,3.0
4ad8d70c-7e5a-53b6-94ab-048ba870b46f,Kitne Paas Kitne Door,1976,"Hindi, Film",Chand Pardesi,D.S. Sultania,H.M.V.,0
9d5a13c1-761e-59db-b47c-c776388ba2eb,Koi Jeeta Koi Haara,1976,"Hindi, Film",Laxmikant - Pyarelal,Anand Bakshi,H.M.V.,0
ce170464-d873-56f1-a802-9d82afe214b8,Ladki Bholi Bhali,1976,"Hindi, Film",Usha Khanna,"Hasrat Jaipuri, Saawan Kumar",H.M.V.,0
9a0d525c-b00d-5bdd-8993-951ec6e6fb16,Lagaam,1976,"Hindi, Film",Kalyanji - Anandji,"Kulwant Jani, Vishweshwar Sharma",H.M.V.,0
f705bd9c-e0d5-537d-a8d9-fe7eaf077d58,Laila Majnu,1976,"Hindi, Film","Madan Mohan, Jaidev",Sahir Ludhianvi,H.M.V.,3.33
dab65ebb-056e-5feb-a926-fa6ea7135543,Love In Kashmir,1976,"Hindi, Film",C. Arjun,Mukhtar,H.M.V.,0
d85a5a4d-4c63-537d-934d-d0b9b584b69a,Maa,1976,"Hindi, Film",Laxmikant - Pyarelal,Anand Bakshi,H.M.V.,3.0
519f4294-25f5-51ca-9a05-640f38a29d2b,Maha Chor,1976,"Hindi, Film",R.D. Burman,Anand Bakshi,H.M.V.,3.67
ce21d306-6d53-5c67-afde-f39629928ac4,Manthan,1976,"Hindi, Film",Vanraj Bhatia,Neeti Sagar,H.M.V.,4.33
ebccb1bc-afff-5b16-a1da-09a29f729588,Mastan Dada,1976,"Hindi, Film",Laxmikant - Pyarelal,Majrooh Sultanpuri,H.M.V.,0
17c6e48a-9880-5e21-848b-4526a2096d6e,Mausam Badla Hai,1976,"Hindi, Film",Ghanshyam - I,Balkavi Bairagi,H.M.V.,0
fb99fd8a-818e-55a1-9237-b9570f1974d7,Mazdoor Zindabaad,1976,"Hindi, Film",Usha Khanna,"Asad Bhopali, Vithalbhai Patel",H.M.V.,0
e0b240a2-4cf5-53f2-a88a-633b25f13418,Meera Shyam,1976,"Hindi, Film",Govind - Naresh,"Pandit Narendra Sharma, Meera Bai",H.M.V.,3.0
b4a459c2-a3f6-5c9e-9fa8-9550e45656c2,Mehbooba,1976,"Hindi, Film",R.D. Burman,Anand Bakshi,H.M.V.,4.8
80837b95-253e-5bfa-b691-7086611849f5,Mera Dharam Meri Maa,1976,"Hindi, Film","Bhupen Hazarika, Traditional","Gajanan Varma, Traditional",H.M.V.,0
165be9b9-bcb0-5542-959a-43deb8d2a2b8,Mera Jivan,1976,"Hindi, Film",Sapan - Jagmohan,M.G. Hashmat,H.M.V.,3.5
6786b376-4a3c-56cc-b141-7b19ce4da89e,Naag Champa,1976,"Hindi, Film",Shri Nath Tripathi,Bharat Vyas,H.M.V.,0
2fa47f3b-af49-5e8a-8ef3-c42c2d33cf38,Nagin,1976,"Hindi, Film",Laxmikant - Pyarelal,Verma Malik,Polydor,4.0
fbde5e7b-5beb-5c6f-ab44-dcaaaaa0d45b,Naukri,1976,"Hindi, Film",R.D. Burman,Anand Bakshi,H.M.V.,0
5b5a4a9b-59d4-56bb-ba9f-cd32b700ff08,Naya Daur,1976,"Hindi, Film",R.D. Burman,Anand Bakshi,H.M.V.,0
dc11e158-03e7-5cf3-ae17-604179812bac,Naya Samaj,1976,"Hindi, Film",Abid Rashid,Abid Rashid,H.M.V.,0
9c5f91dd-a88e-540b-8f33-deb87697a124,Nehle Pe Dehlaa,1976,"Hindi, Film","R.D. Burman, Aziz Nazan","Anand Bakshi, Farooq Qaiser",H.M.V.,0
c4c27ab7-de8f-5422-98d3-24cc6f7a0df7,Noor-E-Elahi,1976,"Hindi, Film",Bablu - Dheeraj,"Ram Bhardwaj, Qamar Shaad, Zafar Gorakhpuri, Qaiser-Ul-Jafri, Muztar Khairabadi",Polydor,0
ea0189a4-9ec1-5f85-95b7-b8ebd6d15908,Parmatma,1976,"Hindi, Film",K. Babuji,Indeevar,H.M.V.,0
31ccd836-f0a4-56f3-94b5-ad68f4381230,Phool Aur Insaan,1976,"Hindi, Film",Surender Kohli,"Kartar Singh, Kumari Arsh Dalawari",H.M.V.,0
0604f0cf-1931-571a-8142-f9d975d1ce97,Premikaa,1976,"Hindi, Film",Ravi,Ravi,H.M.V.,0
34116454-2512-5c19-902d-36c8e16971b5,Raeeszada,1976,"Hindi, Film",Ravindra Jain,Tajdar Taj,H.M.V.,0
3bb445e9-a6a4-55d6-a9cb-ca97c4998321,Rakshaa Bandhan,1976,"Hindi, Film",C. Arjun,Kavi Pradeep,H.M.V.,0
111b17a8-4886-5002-9bf4-1ecd2b2cb48d,Rangila Ratan,1976,"Hindi, Film",Kalyanji - Anandji,Gulshan Bawra,H.M.V.,0
2b3695c1-018d-58a2-ad1d-5da2181d64f0,Sabse Bada Rupaiya,1976,"Hindi, Film",Basu - Manohari,Majrooh Sultanpuri,H.M.V.,4.0
fcb898f5-3839-5bbd-94cb-5ca61f4ef36a,Sahib Bahadur,1976,"Hindi, Film",Madan Mohan,Rajendra Krishan,H.M.V.,3.0
92dbd5fb-fcb8-5071-9ca9-4ac95f16a90e,Sajjo Rani,1976,"Hindi, Film",Sapan - Jagmohan,"Jan Nisar Akhtar, Jainendra Jain",H.M.V.,3.5
1383a3dc-e8c5-5cbc-8411-c1c444494a12,Sangram,1976,"Hindi, Film",Bappi Lahiri,"Gauhar Kanpuri, Hassan Puri",H.M.V.,0
52d355ba-c541-5ebd-a1f1-7dcc78d63dc3,Sankoch,1976,"Hindi, Film",Kalyanji - Anandji,M.G. Hashmat,H.M.V.,0
3c290fc4-4743-5b02-b261-51cfd204bc39,Shankar Dada,1976,"Hindi, Film",Sonik - Omi,Verma Malik,H.M.V.,0
3dd0acb5-81b1-575f-91c3-e9ea0851fef4,Shankar Shambhu,1976,"Hindi, Film",Kalyanji - Anandji,Sahir Ludhianvi,Polydor,0
32369165-189c-5d61-9e59-4fa362f7fcb5,Shaque,1976,"Hindi, Film",Vasant Desai,"Gulzar, Haafiz",H.M.V.,3.8
1711acb9-ce84-5594-b535-f337aa6d1b29,Sharafat Chhod Di Main Ne,1976,"Hindi, Film",Madan Mohan,Verma Malik,H.M.V.,0
3672814f-32a4-5240-badd-605f9b8f8c2e,Shyam Tere Kitne Naam,1976,"Hindi, Film",Ravindra Jain,"Anjaan, Ravindra Jain",H.M.V.,0
75053fbf-af80-582b-901b-f69e1bdf6a5e,Sikandar,1976,"Hindi, Film",Bhaskar Chandavarkar,Sai Paranjpye,H.M.V.,0
41134c7b-8fea-51bd-bb5b-e974e59ddbf9,Sikka,1976,"Hindi, Film",Chitragupt,Kafeel Aazar,Polydor,3.0
fe3e91a0-3b5e-51f8-aed2-8436259a2d94,Suntan,1976,"Hindi, Film",Laxmikant - Pyarelal,Verma Malik,H.M.V.,0
f7359294-342b-59fb-bc18-1ba46948e677,Teesra Patthar,1976,"Hindi, Film",Manas Mukherjee,Kapil Kumar,H.M.V.,0
1291d0f1-9520-5e4d-84ad-41aea4bac7fe,The Unforgettables,1976,"Hindi, Non Film",Jagjit Singh,"Firaq Gorakhpuri, Ameer Minai, Tariq Badayuni, Jigar Moradabadi, Sudarshan Faakir, Saeed Rahi, Kunwar Mohinder Singh Bedi Sahar, Kafil Azar",Saregama,5.0
5ce365d1-3ee0-537d-a5c0-42931f12a5bb,Tinku,1976,"Hindi, Film",Laxmikant - Pyarelal,Anand Bakshi,H.M.V.,0
1070d7ce-78ff-53f8-8fcd-4d94db67e67a,Toofan Aur Bijlee,1976,"Hindi, Film",Chitragupt,Kafil Azar,H.M.V.,0
fb845dc7-7d3c-5e89-a22c-378aa529016b,Udhar Ka Sindur,1976,"Hindi, Film",Rajesh Roshan,Majrooh Sultanpuri,Polydor,3.33
48b025d7-b066-5203-8e29-508a93315b17,Uranchhoo,1976,"Hindi, Film",Salil Chowdhury,Shivendra Sinha,H.M.V.,0
ce6061e6-e49f-5853-aa02-7011b6ddc7c6,Valmiki,1976,"Hindi, Non Film",Hemant Kumar,,,0
1c2da1a7-7ee0-5d8a-90b7-c4dd944affa0,Yaari Zindabad,1976,"Hindi, Film",Sonik - Omi,M.G. Hashmat,H.M.V.,0
4ebbd5c0-1fa8-5f33-89ed-b544fd72a013,Zamane Se Poochho,1976,"Hindi, Film",Sharda,"Qamar Jalalabadi, Zafar Gorakhpuri, Shabnam Karwari, Gauhar Kanpuri",H.M.V.,0
33261b1a-3d9f-5547-9a98-9ca876e09664,Zid,1976,"Hindi, Film",Ravindra Jain,Ravindra Jain,H.M.V.,3.0
247ddb35-d6c4-53a3-8034-863fe101f899,Zindagi,1976,"Hindi, Film",Rajesh Roshan,"Manmohan Talkh, Amit Khanna, Anjaan",H.M.V.,3.0
0a26e6d0-7758-5148-9065-05d6e634c719,Aadha Din Aadhee Raat,1977,"Hindi, Film",Laxmikant - Pyarelal,Anand Bakshi,H.M.V.,3.5
45052a19-3361-53d2-99d0-704c3164a442,Aadmi Sadak Ka,1977,"Hindi, Film",Ravi,Verma Malik,H.M.V.,3.0
53e09884-91b4-5853-8cdb-2912f373147b,Aafat,1977,"Hindi, Film",Nitin - Mangesh,Maya Govind,H.M.V.,0
be251b6c-76b0-503f-9420-cb064d69e9bc,Aakhri Goli,1977,"Hindi, Film",Kalyanji - Anandji,Verma Malik,H.M.V.,0
c2b1d91b-83cc-58e4-817d-b268c3b00676,Aankh Ka Tara,1977,"Hindi, Film",C. Arjun,Kavi Pradeep,H.M.V.,0
e7209052-5d24-576f-8c77-912d8132dc6c,Aap Ki Khatir,1977,"Hindi, Film",Bappi Lahiri,Shaily Shailendra,H.M.V.,3.5
f58c1b15-faed-5837-bd5f-45e3bbca4756,Aashiq Hoon Baharon Ka,1977,"Hindi, Film",Laxmikant - Pyarelal,Anand Bakshi,Polydor,3.33
26287e1b-3b4f-5597-a90a-54a6fec7121f,Ab Kya Hoga,1977,"Hindi, Film",Usha Khanna,Saawan Kumar Tak,H.M.V.,2.5
ffb08c22-e74a-507b-99fd-cee30d61191f,Abhi To Jee Lein,1977,"Hindi, Film",Sapan - Jagmohan,"Naqsh Lyallpuri, Indeevar",H.M.V.,3.5
7efb6b5d-9436-529f-bf09-099919f99aa7,Agar,1977,"Hindi, Film",Sonik - Omi,Gulshan Bawra,H.M.V.,0
35dad077-f4f9-5b0f-85e9-7b1a4916bcf4,Alaap,1977,"Hindi, Film",Jaidev,"Rahi Masoom Raza, Harivansh Rai Bachchan, Traditional",H.M.V.,4.33
11d34228-71c9-5459-997d-cae33074c227,Alibaba Marjinaa,1977,"Hindi, Film",Usha Khanna,Kulwant Jani,Polydor,3.0
f63532f0-3328-55b9-af75-f8bdc3cf8b73,Amar Akbar Anthony,1977,"Hindi, Film",Laxmikant - Pyarelal,Anand Bakshi,Polydor,4.33
0d2adace-58c1-5ce0-b786-3150ab45f420,Anand Ashram,1977,"Hindi, Film",Shyamal Mitra,Indeevar,H.M.V.,3.0
2e2d050a-9507-52b8-a3e5-e6322b584a07,Anand Mahal,1977,"Hindi, Film",Salil Chowdhury,"Mahakavi Kalidas, Yogesh, Traditional, Jayadeva",H.M.V.,4.5
aa91742f-a715-5ebd-af99-e1b38ce5d94d,Anurodh,1977,"Hindi, Film",Laxmikant - Pyarelal,Anand Bakshi,H.M.V.,4.0
373299fb-2ea4-5490-8b2b-8a16ba35660d,Apnapan,1977,"Hindi, Film",Laxmikant - Pyarelal,Anand Bakshi,H.M.V.,4.0
61d512ff-4941-5aff-bfbb-8f7013a5e906,Bahaadur Jis Kaa Naam,1977,"Hindi, Film",Kalyanji - Anandji,Rajinder Krishan,H.M.V.,0
9ea82bfe-11bd-5e6c-8620-9382ce7be925,Bahadur Bachhe,1977,"Hindi, Film",Satyam,Prem Dhawan,H.M.V.,0
85a657ed-a923-5a35-8368-8a43ac59011f,Bandie,1977,"Hindi, Film",Shyamal Mitra,Indeevar,H.M.V.,2.5
ac0ed1a9-1b43-5d42-8cba-da7b976d4e2c,Bhakti Main Shakti,1977,"Hindi, Film",Sonik - Omi,Inderjeet Singh Tulsi,H.M.V.,0
abda2b64-0251-527d-8b81-96185942d038,Bhumika,1977,"Hindi, Film",Vanraj Bhatia,"Vasant Dev, Raja Mehdi Ali Khan, Majrooh Sultanpuri, Traditional",H.M.V.,4.0
c995e9ce-6a58-596b-9f2f-6aac15157523,Bin Baap Ka Beta,1977,"Hindi, Film",Basu - Manohari,Majrooh Sultanpuri,H.M.V.,0
34673636-0c47-5ffe-9385-05764ba3ef86,Bolo He Chakradhari,1977,"Hindi, Film",Ravindra Jain,Kavi Pradeep,H.M.V.,0
e9dca4ff-00f2-595b-bcdc-77baad7a036f,Chaalu Mera Naam,1977,"Hindi, Film",Kalyanji - Anandji,Verma Malik,H.M.V.,0
653fc263-a0d8-5d5a-932e-a42440b0ab92,Chaani,1977,"Hindi, Film",Hridaynath Mangeshkar,Bharat Vyas,H.M.V.,0
eedfac0d-c73d-5d83-8246-82fd39805af7,Chacha Bhatija,1977,"Hindi, Film",Laxmikant - Pyarelal,Anand Bakshi,Polydor,3.75
4ed6f44c-e1fd-5d4e-a1e6-f94d4416d6f5,Chakkar Pe Chakkar,1977,"Hindi, Film",Kalyanji - Anandji,Verma Malik,H.M.V.,0
b4a7bc3d-c60a-5163-b6f2-7cd76b37d6bc,Chala Murari Hero Banne,1977,"Hindi, Film",R.D. Burman,Yogesh Gaud,Polydor,3.33
57f1faf1-f44e-53cc-9188-deafcd067b6c,Chalta Purza,1977,"Hindi, Film",R.D. Burman,Anand Bakshi,H.M.V.,3.33
27aeb90b-201f-51c4-bd61-48fbda5bce96,Charandas,1977,"Hindi, Film",Rajesh Roshan,"Rajendra Krishan, Surdas",H.M.V.,0
ad7f7522-b4cf-5358-82d2-e6f5bd806f7a,Chhailla Babu,1977,"Hindi, Film",Laxmikant - Pyarelal,Anand Bakshi,Polydor,3.0
e15d5561-06ee-5e05-a9e1-8de4bc99e149,Chhota Baap,1977,"Hindi, Film",Laxmikant - Pyarelal,"Bharat Vyas, Ram Bhardwaj",H.M.V.,0
41834b51-f9e8-504e-8e44-8242fec523aa,Chor Sipahee,1977,"Hindi, Film",Laxmikant - Pyarelal,Anand Bakshi,H.M.V.,0
e1f00f6f-6684-54ad-a8b4-90f176af5f72,Daku Aur Mahatma,1977,"Hindi, Film",Ravindra Jain,Ravindra Jain,Polydor,0
9a360741-b8f0-5bbe-a9bb-f4402c1a5a2b,Darinda,1977,"Hindi, Film",Kalyanji - Anandji,Indeevar,H.M.V.,0
ffd3ab81-1fda-5ed1-9404-24fa2e0c67fb,Darling Darling,1977,"Hindi, Film",R.D. Burman,Anand Bakshi,Polydor,3.33
8547e4c6-2fb6-576b-a01f-31d96bfbe207,Dharam Veer,1977,"Hindi, Film",Laxmikant - Pyarelal,"Anand Bakshi, Vithalbhai Patel",Polydor,3.67
8fe866ce-befa-55bb-ab88-64eb89926426,Dhoop Chhaon,1977,"Hindi, Film",Shankar - Jaikishan,"Vithalbhai Patel, Vishweshwar Sharma, Virendra Mishra, Kaifi Azmi",H.M.V.,0
a28e4325-6245-55cf-a3ce-d65a0953815d,Dil Aur Patthar,1977,"Hindi, Film",Iqbal Qureshi,Kaifi Azmi,H.M.V.,0
ad8d82c7-ca82-5767-b655-5b159bd06864,Dildaar,1977,"Hindi, Film",Laxmikant - Pyarelal,Anand Bakshi,H.M.V.,0
044d18d1-c9d4-54ae-906a-d4714b434053,Dimple,1977,"Hindi, Film",Vijay Singh,Dev Kohli,H.M.V.,0
49139a42-6cca-5835-a86d-ab64b73822ec,Do Chehere,1977,"Hindi, Film",Sonik - Omi,Bharat Vyas,H.M.V.,0
7b99e5a7-04f2-5ac6-8a06-09f314322f17,Do Dilwale,1977,"Hindi, Film",B.N. Bali,"Aish Kanwal, Harish Rana, Gulshan Bawra, Omkar Verma",H.M.V.,0
97920b9b-100a-588a-bd71-118d1c5b5895,Do Sholay,1977,"Hindi, Film",Sonik - Omi,Deepak - II,H.M.V.,0
19151078-4997-5d67-8976-86ce72522765,Don,1977,"Hindi, Film",Kalyanji - Anandji,"Anjaan, Indeevar",H.M.V.,4.0
99a75391-af55-555e-b0c2-9ffe585f0226,Doosara Aadmi,1977,"Hindi, Film",Rajesh Roshan,Majrooh Sultanpuri,H.M.V.,3.75
f60f7734-fd57-515e-8fdd-42c4d9a605d1,Dream Girl,1977,"Hindi, Film",Laxmikant - Pyarelal,Anand Bakshi,H.M.V.,0
ffe6d05a-bbdc-5a70-8255-9a25e6a6d805,Dulhan Wahi Jo Piya Man Bhaaye,1977,"Hindi, Film",Ravindra Jain,"Ravindra Jain, Traditional",H.M.V.,4.0
ae5fa7e4-7e35-5f62-9672-880519d28880,Duniyadari,1977,"Hindi, Film",Shankar - Jaikishan,"Vithalbhai Patel, Vishweshwar Sharma, Prabha Thakur, M.G. Hashmat",H.M.V.,0
e079f785-ec99-5dfd-8619-46934bcb8eec,Ek Hi Rasta,1977,"Hindi, Film",Rajesh Roshan,Verma Malik,Polydor,0
8518f22b-4a43-5ff7-a3b5-97c5e451f38b,Farishta Ya Qatil,1977,"Hindi, Film",Kalyanji - Anandji,Anjaan,H.M.V.,0
0616acfb-89d8-521d-91a0-0989274593cb,Gayatri Mahima,1977,"Hindi, Film",Chitragupt,"Bharat Vyas, Traditional",H.M.V.,3.5
60987962-acc0-5d70-9cf1-928a6351b669,Ghar,1977,"Hindi, Film",R.D. Burman,Gulzar,H.M.V.,4.83
3264ffa4-4b09-5a52-a303-7783d9246902,Gharaonda,1977,"Hindi, Film",Jaidev,"Gulzar, Naqsh Lyallpuri",H.M.V.,4.71
f74c0bb7-aae3-5c05-bf6f-05b99e13f25d,Godhuli,1977,"Hindi, Film",Bhaskar Chandavarkar,Suryabhanu Gupta,H.M.V.,0
ce4dbf70-11db-5189-bc82-3e31c1709109,Gyaani Ji,1977,"Hindi, Film","Sardar Malik, Prem Nath","Guru Tegh Bahadur, Qamar Jalalabadi",H.M.V.,0
73358c42-6431-5623-9618-6360d54c6fea,Hatyara,1977,"Hindi, Film",Kalyanji - Anandji,"Shahid Bijnori, Vishweshwar Sharma, Vithalbhai Patel",Polydor,0
8f7a7a8d-f6de-5d93-93b9-04913b37ea28,Hira Aur Patthar,1977,"Hindi, Film",Kalyanji - Anandji,"Maya Govind, Anjaan",Polydor,3.33
23d6609c-f1a9-5a6c-9abc-79b539263114,Hum Kisise Kum Naheen,1977,"Hindi, Film",R.D. Burman,Majrooh Sultanpuri,H.M.V.,4.75
cad491f2-9164-58d5-a2bb-1336a54450e4,Immaan Dharam,1977,"Hindi, Film",Laxmikant - Pyarelal,Anand Bakshi,H.M.V.,3.0
5f18497b-875d-5bb6-949a-549c08ba6158,Inkaar,1977,"Hindi, Film",Rajesh Roshan,Majrooh Sultanpuri,H.M.V.,3.5
bb095485-ca61-51e3-a461-f25373c2db5b,Jadu Tona,1977,"Hindi, Film",Hemant Bhosle,"Aziz Kaisi, Balkavi Bairagi",Polydor,0
25569a55-b79e-52b4-9048-c001a4e82b01,Jai Ambe Maa,1977,"Hindi, Film",Shri Nath Tripathi,Bharat Vyas,H.M.V.,0
674cac92-30d3-532f-b239-b4617ea62615,Jai Dwarkadheesh,1977,"Hindi, Film",Ajay Swami,Bharat Vyas,H.M.V.,0
3b0a910c-de5b-5558-a627-a9834a1c0413,Jai Ganesh,1977,"Hindi, Film",Shri Nath Tripathi,"Traditional, Bharat Vyas, Vishweshwar Sharma",Polydor,0
b02d3f5d-060b-5998-b460-f42f593a2b9a,Jalan,1977,"Hindi, Film",Madan Mohan,Indeevar,H.M.V.,0
7162ff6c-33db-573a-8f2b-d1245fd9c120,Jay Vejay,1977,"Hindi, Film",Rajesh Roshan,Majrooh Sultanpuri,H.M.V.,3.0
abc584c5-77f6-5b77-8731-9a1a0fd125a0,Jeevan Mukt,1977,"Hindi, Film",R.D. Burman,Yogesh,H.M.V.,0
8913dfe6-34f1-57fc-9ea4-b0f683a6276c,Kaala Aadmi,1977,"Hindi, Film",Laxmikant - Pyarelal,Verma Malik,H.M.V.,0
f11352b6-23e8-5e41-981e-d347384cf325,Kacha Chor,1977,"Hindi, Film",Laxmikant - Pyarelal,Qamar Jalalabadi,H.M.V.,0
ada6926e-eb27-5530-8dd0-0e3e69d20cdd,Kalabaaz,1977,"Hindi, Film",Kalyanji - Anandji,Anand Bakshi,H.M.V.,0
76641006-14b6-58f9-96e6-f0e4cca3dc84,Karm,1977,"Hindi, Film",R.D. Burman,"Bharat Vyas, Inderjeet Singh Tulsi",H.M.V.,0
8d258abb-13e8-5c7c-b869-0d79e2cae1e8,Kasum Khoon Ki,1977,"Hindi, Film",Kalyanji - Anandji,"Verma Malik, Anjaan",H.M.V.,0
fe2df579-3f40-50af-9809-4fef9f5d5ec2,Khatta Meetha,1977,"Hindi, Film",Rajesh Roshan,Gulzar,Polydor,4.0
86be0791-4258-522c-8ca9-5308cc2ce083,Khel Khilari Ka,1977,"Hindi, Film",Kalyanji - Anandji,Rajendra Krishan,Polydor,3.0
d056d881-152d-587d-a153-610176dcf9f5,Khel Kismat Ka,1977,"Hindi, Film",Kalyanji - Anandji,Rajendra Krishan,H.M.V.,0
feebcb73-5e75-5e0e-9f1e-ad452104317d,Khoon Pasina,1977,"Hindi, Film",Kalyanji - Anandji,Anjaan,Polydor,4.0
0b9c5d23-6ad5-576d-a04c-60d2afec16a2,Kinara,1977,"Hindi, Film",R.D. Burman,Gulzar,H.M.V.,3.0
c89ffbdc-ea01-5403-bbb3-c70282906baa,Kissaa Kursee Kaa,1977,"Hindi, Film","Raghunath Seth, Jaidev",Rakesh - I,Polydor,0
ce9aecba-63f0-566d-a0f8-d6f8e915c4e6,Kitaab,1977,"Hindi, Film",R.D. Burman,Gulzar,H.M.V.,4.33
35066508-ec1c-5f74-a382-c90a780da078,Kondura,1977,"Hindi, Film",Vanraj Bhatia,Vasant Dev,,0
422b9968-d4e5-53bb-9a6a-7c8d5098e9ac,Kotwal Saab,1977,"Hindi, Film",Ravindra Jain,"Hasrat Jaipuri, Ravindra Jain",H.M.V.,3.67
4cc56336-1a53-5aef-b135-c6a4ffcc01a8,Kurukshetra,1977,"Hindi, Film",S. Rajeswara Rao,Bharat Vyas,H.M.V.,0
2703ce7a-7143-541c-92ec-0df12eb6dbab,Ladki Jawaan Ho Gayee,1977,"Hindi, Film",Sonik - Omi,"Vishweshwar Sharma, Shadab",H.M.V.,0
a4ded844-87e5-5d32-ac60-ced12beb2ecd,Maha Badmaash,1977,"Hindi, Film",Ravindra Jain,"Naqsh Lyallpuri, Noor Devasi, Kulwant Jani",H.M.V.,0
6a9dba1c-99ec-54ce-bab6-24d8791efac1,Mahima Shri Ram Ki (Sati Bindumati),1977,"Hindi, Film",Govind - Naresh,B.D. Mishra,H.M.V.,0
ee495f75-4867-5b3b-8818-0b6f0bc79957,Mama Bhanja,1977,"Hindi, Film",Rajesh Roshan,Rajendra Krishan,H.M.V.,0
d02e4f62-a934-5ffb-90e2-06e426105b07,Mandir Masjid,1977,"Hindi, Film",Sharda,"Kafil Azar, Hasrat Jaipuri, Akhtar Warsi Lakhnavi, Aish Kanwal",H.M.V.,0
8bc7dc5c-e906-50d1-a65a-4e2c9c145146,Manzil,1977,"Hindi, Film",R.D. Burman,Yogesh Gaud,H.M.V.,4.71
f13f3645-e7b3-5bcf-b9e2-cb3d732143ef,Meethi Meethi Baatein,1977,"Hindi, Film",Chakravarthy,Prem Dhawan,H.M.V.,0
cfa3f3fc-da8b-5f77-8ff1-777179e06569,Minoo,1977,"Hindi, Film",Salil Chowdhury,Yogesh Gaud,H.M.V.,0
77ce09a8-ce06-579c-af08-fc8b6177a6f9,Mukti,1977,"Hindi, Film",R.D. Burman,Anand Bakshi,H.M.V.,4.0
d78605f2-a6bd-5841-81a2-fd8c903a102c,Mumta,1977,"Hindi, Film",Shyamal Mitra,Yogesh Gaud,H.M.V.,0
e11341ae-8cf9-5ea6-ad36-1bbe3ceaa5b2,Muqable Ki Raat,1977,"Hindi, Film",Iqbal Qureshi,Fauq Jami,H.M.V.,0
171db3a9-3955-51bb-82a0-24e5102b2ddc,Naami Chor,1977,"Hindi, Film",Kalyanji - Anandji,"S.H. Bihari, Shadab, Sardar Hairat",H.M.V.,0
3602d755-b702-5d18-970b-edd248a54896,Nasbandi,1977,"Hindi, Film",Kalyanji - Anandji,"Rajendra Krishan, Indeevar, Hullad Muradabadi",Polydor,0
d00c8f82-3e42-5381-a471-1b52d5d36c5f,Naya Bakra,1977,"Hindi, Film",K. Babuji,Anjaan,H.M.V.,0
bc9064ee-a57b-58bd-8d49-18c46bd52570,Niaz Aur Namaaz,1977,"Hindi, Film",Shyamji Ghanshyamji,"Anjum Jaipuri, Hasrat Jaipuri",Polydor,0
10e32a07-0fe1-590f-8b7c-cef7189d03fc,Ooparwala Jane,1977,"Hindi, Film",Laxmikant - Pyarelal,"Kaifi Azmi, Asad Bhopali",H.M.V.,0
c2050daa-c5e0-5d86-92f7-0276e3a5a526,Paapi,1977,"Hindi, Film",Bappi Lahiri,"Kulwant Jani, Naqsh Lyallpuri, Harindranath Chattopadhyay",H.M.V.,3.5
58710081-fb18-5e1f-8912-2ee58aa0141b,Paheli,1977,"Hindi, Film",Ravindra Jain,Ravindra Jain,H.M.V.,3.33
07b9af5e-1aa8-5647-b700-a6ca48a777b4,Palkon Ki Chhaon Mein,1977,"Hindi, Film",Laxmikant - Pyarelal,Gulzar,H.M.V.,3.67
f0fe262c-5945-5973-87aa-cc5165313552,Pandit Aur Pathaan,1977,"Hindi, Film",Sonik - Omi,M.G. Hashmat,,0
1df6f807-1419-5563-95f7-3afa0d6b419b,Parvarish,1977,"Hindi, Film",Laxmikant - Pyarelal,Majrooh Sultanpuri,H.M.V.,0
396a8b98-a5dd-5058-bb28-b71a03e7442c,Phir Janam Lenge Hum,1977,"Hindi, Film",Bappi Lahiri,Gauhar Kanpuri,H.M.V.,3.67
b8cfd738-1f6b-536f-84ec-9b33f4ffe59b,Pratima Aur Payal,1977,"Hindi, Film",Bappi Lahiri,"Inderjeet Singh Tulsi, Shiv Kumar Saroj, Indeevar, Gauhar Kanpuri",H.M.V.,3.0
94d6b7ff-6cb1-55a1-860c-44c17960b7e9,Prayashchit,1977,"Hindi, Film",Laxmikant - Pyarelal,Majrooh Sultanpuri,H.M.V.,0
6ba86f97-5c79-5a32-a174-bad896ac5e9d,Priyatama,1977,"Hindi, Film",Rajesh Roshan,"Anjaan, Yogesh",Polydor,4.0
852a3211-0250-5540-8a1a-3409566e7ed8,Ram Bharose,1977,"Hindi, Film",Ravindra Jain,"Ravindra Jain, Hasrat Jaipuri, Dev Kohli, Tajdar Taj",H.M.V.,0
fdbbbb2f-4564-5c99-a59a-aaca66d4d3e9,Rangaa Aur Raja,1977,"Hindi, Film",Sonik - Omi,"Verma Malik, Omkar Verma",H.M.V.,0
43210d5f-0039-570f-a990-529eeeb56c97,Safed Haathi,1977,"Hindi, Film",Ravindra Jain,Ravindra Jain,H.M.V.,0
c81e5c5e-b3b1-5910-b055-4a8d38018565,Sameera (Wohi Baat),1977,"Hindi, Film",Jaidev,Naqsh Lyallpuri,H.M.V.,4.0
14f10d4c-e0c5-5915-996c-b7beaa754974,Shatranj Ke Khilari,1977,"Hindi, Film","Traditional, Reba Muhuri, Bindadin Maharaj, Birju Maharaj","Traditional, Wajid Ali Shah, Bindadin Maharaj",H.M.V.,0
6f7cf8bc-d25a-54da-87eb-189db7fe7bda,Shirdi Ke Saibaba,1977,"Hindi, Film",Pandurang Dixit,"Traditional, Dev Kishan, Pandurang Dixit, Manoj Kumar",Polydor,0
f2b92662-fe4a-5c6a-8513-95bf310264d3,Solah Shukrawar,1977,"Hindi, Film",Ravindra Jain,Ravindra Jain,H.M.V.,0
1501abdc-dc44-54ec-a667-11597b78beaa,Subah Zaroor Aayegi,1977,"Hindi, Film",C. Arjun,"Jan Nisar Akhtar, Indeevar",H.M.V.,0
5e264e29-ff7f-5534-8319-a7af50f42ef9,Sufed Jhooth,1977,"Hindi, Film",Shyamal Mitra,Yogesh Gaud,H.M.V.,3.0
314b78d3-ee6e-5553-82d0-a5dcbbf32f68,Swami,1977,"Hindi, Film",Rajesh Roshan,"Amit Khanna, Traditional",H.M.V.,4.33
5cada9d5-744b-581f-9f89-a9f24cd621b8,Taxi Taxie,1977,"Hindi, Film",Hemant Bhosle,Majrooh Sultanpuri,Polydor,0
552244bb-0d59-58ad-b347-edec02436dc2,Tere Pyar Mein,1977,"Hindi, Film",Bappi Lahiri,Shaily Shailendra,H.M.V.,3.0
257d5410-09ce-56dc-9886-c7d11756ba61,Thief Of Bagdad,1977,"Hindi, Film",Laxmikant - Pyarelal,Anand Bakshi,H.M.V.,3.0
949d2a16-5209-50a9-9238-3a512024787c,Toote Khilone,1977,"Hindi, Film",Bappi Lahiri,Kaifi Azmi,H.M.V.,4.6
06c88696-8d2b-5ffc-91ec-ea8bfd85d2b6,Veeru Ustad,1977,"Hindi, Film",Sonik - Omi,M.G. Hashmat,H.M.V.,0
b8cf3b1f-4244-57ff-be9c-f8fa753ac46a,Vishwanath,1977,"Hindi, Film",Rajesh Roshan,"Anjaan, M.G. Hashmat, Inderjeet Singh Tulsi, Vithalbhai Patel",H.M.V.,3.5
92f35066-c9fb-5f1e-a5af-885d918ddb31,Vishwasghaat,1977,"Hindi, Film",R.D. Burman,Gulshan Bawra,H.M.V.,0
ac88deb7-6978-5003-a4a9-2b914d2febf4,Yehi Hai Zindagi,1977,"Hindi, Film",Rajesh Roshan,Anand Bakshi,Polydor,3.0
f811eb45-53de-5adf-b993-5db0298ed962,Zahreelee,1977,"Hindi, Film",Sharda,"Abhilash, Vithalbhai Patel",H.M.V.,0
7be7d026-9305-5652-aa07-d72b79fc9840,Zamaanat,1977,"Hindi, Film",Sonik - Omi,"Inderjeet Singh Tulsi, Indeevar",H.M.V.,0
26d843e4-f0d9-563e-8285-eeb250ed5a59,Aahutee,1978,"Hindi, Film",Laxmikant - Pyarelal,Anand Bakshi,H.M.V.,0
7f3fe2fd-5117-50f4-ae1f-0dabe9cd7868,Aakhri Daku,1978,"Hindi, Film",Kalyanji - Anandji,"Anjaan, Indeevar",H.M.V.,0
70e89372-30dc-5368-9d36-63bc7e3e6c38,Aakhri Kasam,1978,"Hindi, Film",Ravindra Jain,"Ravindra Jain, Dev Kohli",H.M.V.,0
9fe056d8-63dd-5bc4-a2f1-6a7698a6bcf6,Aankhin Dekhi,1978,"Hindi, Film",J.P. Kaushik,"Rammurti Chaturvedi, Padma Sachdev, Tulsidas, Kabir, Traditional",H.M.V.,0
d1229d88-b895-55c8-8a14-db5c4c104533,Ahinsa,1978,"Hindi, Film",Kalyanji - Anandji,"Anjaan, Ram Bhardwaj, Inderjeet Singh Tulsi",H.M.V.,0
b1e5d613-eb98-5dbf-962c-b5f2650efbd2,Aladdin And The Wonderful Lamp (Adventures Of Aladdin),1978,"Hindi, Film",Chitragupt,"Naqsh Lyallpuri, Kafil Azar",H.M.V.,0
2c6b2f70-2f74-57d6-a7fe-71a1c6a33e5e,Amar Shakti,1978,"Hindi, Film",Laxmikant - Pyarelal,Anand Bakshi,Polydor,3.0
9e160815-22ba-5d75-b564-e3069b7e6a42,Anjaam,1978,"Hindi, Film",Kalyanji - Anandji,"Vishweshwar Sharma, Nandi Khanna",H.M.V.,0
41f1b4ca-7b6f-57dc-8a91-fa2e16b9edd8,Anjane Mein,1978,"Hindi, Film",Kalyanji - Anandji,Gulshan Bawra,H.M.V.,0
b7765cc2-7b93-559e-9b52-e3249bb5a9be,Ankhiyon Ke Jharokhon Se,1978,"Hindi, Film",Ravindra Jain,"Traditional, Ravindra Jain",H.M.V.,4.25
7e0310f0-c308-5b1e-83c5-60c71824ebce,Anpadh,1978,"Hindi, Film",Hemant Bhosle,"Gauhar Kanpuri, Majrooh Sultanpuri",Polydor,4.0
dab2faf8-7fe3-500c-b6f7-9d8837f2b205,Apna Khoon,1978,"Hindi, Film",Sonik - Omi,Verma Malik,H.M.V.,0
2d82836e-d194-5f2e-a6de-b928d317f441,Apni Dharti Apna Desh,1978,"Hindi, Film",Jagjit Singh,Bismil Ludhianvi,H.M.V.,0
f5c225f6-458b-52b0-99c4-96316d6ecd9c,Atithee,1978,"Hindi, Film",Kalyanji - Anandji,"Verma Malik, Anjaan",H.M.V.,0
1e8d73ff-23f1-5140-950f-e0c8e4eb5d44,Atyachar (Gulami Ki Zanzeeren),1978,"Hindi, Film",Ravindra Jain,"Naqsh Lyallpuri, Hasrat Jaipuri, Ravindra Jain",H.M.V.,0
55d19995-ed4f-5c4b-94e6-42750263c15b,Azaad,1978,"Hindi, Film",R.D. Burman,Anand Bakshi,Polydor,3.5
af834da9-a88d-5ccd-97a3-0db0e59d8b76,Baba Haji Malang,1978,"Hindi, Film",Jitin Shyam,Aish Kanwal,H.M.V.,0
12c80115-9d1b-5312-adf0-d17fe5e0b084,Badaltey Rishtey,1978,"Hindi, Film",Laxmikant - Pyarelal,Anjaan,H.M.V.,3.5
754f0760-f793-5705-8161-8aa81fe7e44b,Bagula Bhagat,1978,"Hindi, Film",Kalyanji - Anandji,Anjaan,Polydor,3.0
af142683-78ff-5006-91e8-97d4e2b57e49,Besharam,1978,"Hindi, Film",Kalyanji - Anandji,Yogesh Gaud,H.M.V.,0
e02d33ad-4ae0-519e-a68a-ede29b3f9252,Bhola Bhala,1978,"Hindi, Film",R.D. Burman,Anand Bakshi,Polydor,2.5
2f1c03bb-80d4-5bee-b21c-32004dc3aa3a,Bhookh,1978,"Hindi, Film",Sonik - Omi,Verma Malik,H.M.V.,0
e59e13fa-6c8c-5c21-b451-c07ebc647950,Chakravyuha,1978,"Hindi, Film",Laxmikant - Pyarelal,Anand Bakshi,H.M.V.,0
019a1459-6ea4-521e-821a-f656ec6c8eae,Chor Ho To Aisa,1978,"Hindi, Film",R.D. Burman,Majrooh Sultanpuri,H.M.V.,0
0e7c3008-3987-5056-b302-4840298e5be5,Chor Ke Ghar Chor,1978,"Hindi, Film",Kalyanji - Anandji,Verma Malik,Polydor,2.5
5c235855-43c0-56b9-9658-844f33c92a80,Chowki No. 11,1978,"Hindi, Film",Sonik - Omi,"Pt. Vishweshwar Sharma, V.K. Sobti",H.M.V.,0
50352d80-ddb8-5975-a084-79a7056539eb,College Girl,1978,"Hindi, Film",Bappi Lahiri,"Shiv Kumar Saroj, S.D. Narang, Verma Malik, Bharat Vyas, Dev Kohli, Hasrat Jaipuri",Polydor,3.33
0102ff83-e98a-527b-b064-8cc1271f4498,Daaku Aur Jawan,1978,"Hindi, Film",Laxmikant - Pyarelal,Anand Bakshi,H.M.V.,0
6eaebe04-6b2f-590a-93f3-a21a65312d4b,Dada,1978,"Hindi, Film",Usha Khanna,"Gauhar Kanpuri, Ravindra Jain, Asad Bhopali, Mahendra Dehlvi, Kulwant Jani",H.M.V.,3.33
89679706-0250-59be-a317-3052cebaf2c4,Damaad,1978,"Hindi, Film",Hemant Bhosle,Yogesh Gaud,Polydor,3.67
34498321-f54b-5b99-ac51-951e06919494,Darwaza,1978,"Hindi, Film",Sapan - Jagmohan,Naqsh Lyallpuri,H.M.V.,3.0
79a8593e-d89b-594c-a147-697270725dc8,Des Pardes,1978,"Hindi, Film",Rajesh Roshan,Amit Khanna,H.M.V.,0
423f261d-b85a-5d9a-a614-4acd2286e4c7,Desh Drohi,1978,"Hindi, Film",Kalyanji - Anandji,Gulshan Bawra,H.M.V.,0
275f9c19-6b8a-5683-9c2e-65f48063d387,Devata,1978,"Hindi, Film",R.D. Burman,Gulzar,H.M.V.,4.5
8ed17cb9-aeeb-56c2-92e6-073740a7be78,Dil Aur Deewaar,1978,"Hindi, Film",Laxmikant - Pyarelal,Anand Bakshi,H.M.V.,0
9b29cf68-a05a-5f34-aa9d-8438be388eab,Dillagi,1978,"Hindi, Film",Rajesh Roshan,Yogesh Gaud,H.M.V.,4.0
7faa3feb-07a5-5f72-a874-c22b6e843e86,Dilsey Miley Dil,1978,"Hindi, Film",Bappi Lahiri,Amit Khanna,H.M.V.,4.0
dead54ad-10ce-5993-b614-172d4fe17cd5,Do Ladke Dono Kadke,1978,"Hindi, Film",Hemant Kumar,Yogesh,H.M.V.,3.0
a06df011-dbb5-5f0a-bf79-967c2890f94b,Do Musafir,1978,"Hindi, Film",Kalyanji - Anandji,"M.G. Hashmat, Indeevar",H.M.V.,0
208fc5c7-3b52-5e4e-a7b3-940694bbfa8d,Doooriyan,1978,"Hindi, Film",Jaidev,Sudarshan Faakir,H.M.V.,4.67
bbe74dbe-d776-5e25-a676-3a2abe72acc0,Ek Baap Chhe Bete,1978,"Hindi, Film",Rajesh Roshan,"Majrooh Sultanpuri, Tracy Mehmood",H.M.V.,0
34dae488-b088-5db6-be10-3f624b642860,Eternity,1978,"Hindi, Non Film",Jagjit Singh,,,0
120c3c19-89ea-57a6-ac41-edab274b11cb,Gaman,1978,"Hindi, Film","Jaidev, Traditional","Traditional, Makhdoom Mohiuddin, Shahryar",H.M.V.,3.67
45b148e7-cba9-55d7-8d00-2fc9a255220f,Ganga Ki Saugand,1978,"Hindi, Film",Kalyanji - Anandji,Anjaan,Polydor,4.0
b0f1d3b4-2526-5a6e-b155-490f7b4ac7e5,Ganga Sagar,1978,"Hindi, Film",Ravindra Jain,Ravindra Jain,H.M.V.,0
b3c3b7b5-f31d-5782-b070-c521ad5d4f63,Geeta Banee Geet,1978,"Hindi, Film",Manik Banerjee,"Gauhar Kanpuri, Mahender Singh Daman, Krishna Joshi, N. Khanna",Inreco,0
c0550ffb-b3ff-5499-ae71-3e170e0d866e,Habari,1978,"Hindi, Film",Sapan - Jagmohan,M.G. Hashmat,H.M.V.,0
c20d7b60-09c5-5b4a-a0bf-ff771538716c,Hamaara Sansaar,1978,"Hindi, Film",Ravindra Jain,"Ravindra Jain, Hasrat Jaipuri",H.M.V.,0
225171d3-42a0-58ea-b818-88bf8745e83a,Hamaare Tumhare,1978,"Hindi, Film",R.D. Burman,Yogesh Gaud,H.M.V.,4.33
b294a1f5-d272-5483-bd1a-41a7c389ff31,Hazaar Haath,1978,"Hindi, Film",Sharda,"Qamar Jalalabadi, Rajdeep, Kafil Azar, Naqsh Lyallpuri",H.M.V.,0
062546c9-a8f1-59ee-95dc-1a70922ff71f,Heeralaal Pannalaal,1978,"Hindi, Film",R.D. Burman,"Majrooh Sultanpuri, Verma Malik",H.M.V.,3.33
1a96d197-7d3b-5814-89cd-475789bae5a3,Hum Tumko Dekh Lenge,1978,"Hindi, Film","M.S. Viswanathan, Amin - Sangeet","Mukhtar, Gopichand Kotwani",Polydor,2.5
3014d11f-1721-53d1-a8b6-a3767f87457d,Hunterwali 77,1978,"Hindi, Film",Anu Malik,Hasrat Jaipuri,H.M.V.,2.5
d1b7af00-04d4-558b-b10f-a6bba40cbc34,Ikraar,1978,"Hindi, Film",Bappi Lahiri,Kulwant Jani,H.M.V.,0
0135da85-9c5a-5f6f-86a8-aad250fcd941,Inspector Eagle,1978,"Hindi, Film",Madan Mohan,Kaifi Azmi,H.M.V.,0
63637346-c576-514d-b45e-8e092135cc6e,Jaani Dushman,1978,"Hindi, Film",Laxmikant - Pyarelal,Verma Malik,H.M.V.,3.67
2a458839-34c1-582b-bf5f-9c4cb915516e,Janta Hawaldar,1978,"Hindi, Film",Rajesh Roshan,Majrooh Sultanpuri,H.M.V.,4.25
fbff346b-bdd0-51a7-9906-c8a8d3e83727,Jurmaana,1978,"Hindi, Film",R.D. Burman,Anand Bakshi,H.M.V.,4.33
fa28cdf0-8c2c-5975-be99-fb25a040d85b,Karmayogi,1978,"Hindi, Film",Kalyanji - Anandji,Verma Malik,H.M.V.,2.5
237ca929-4d90-5476-8ef3-ff5955c9f6c8,Kasme Vaade,1978,"Hindi, Film",R.D. Burman,Gulshan Bawra,Polydor,4.25
01f1350f-e732-59dc-8990-44c3e9224ea7,Khoon Ka Badla Khoon,1978,"Hindi, Film",O.P. Nayyar,"Ram Bhardwaj, S.H. Bihari",H.M.V.,3.0
78201051-37e4-50d0-a785-9f664f176806,Khoon Ki Pukaar,1978,"Hindi, Film",Bappi Lahiri,"Gauhar Kanpuri, Hasrat Jaipuri",H.M.V.,0
15776dac-2b4a-53a6-978a-738dbd0f8b61,Kuhaasa,1978,"Hindi, Film",Salil Chowdhury,Yogesh,Inreco,0
e3942e58-be91-5d2f-9ad4-0949fce6f7c3,Laakhan,1978,"Hindi, Film",Sonik - Omi,Verma Malik,Inreco,0
ee8209e8-3798-5924-bf50-cb72939d92ff,Laal Kothi,1978,"Hindi, Film",Sapan - Jagmohan,Naqsh Lyallpuri,H.M.V.,3.0
ccb7e635-3f1f-5976-8e07-e8c9d5114037,Lahu Ke Do Rang,1978,"Hindi, Film",Bappi Lahiri,Farooq Qaiser,H.M.V.,3.5
6cbb0831-48ed-5e6f-8ff8-d86c334ed6e0,Madhu Malti,1978,"Hindi, Film",Ravindra Jain,Ravindra Jain,H.M.V.,0
c38bbde7-ef7f-5409-a500-d31b5ef8cce8,Mahfil,1978,"Hindi, Film",Shankar - Jaikishan,Majrooh Sultanpuri,H.M.V.,0
c492be43-20de-5898-9d7b-b6f167a4c611,Main Tulsi Tere Aangan Ki,1978,"Hindi, Film",Laxmikant - Pyarelal,"Amir Khusro, Anand Bakshi, Traditional",H.M.V.,3.0
d20e97d1-0880-55a3-84c3-91e529ad4c60,Mera Rakshak,1978,"Hindi, Film",Ravindra Jain,Ravindra Jain,H.M.V.,0
e973a348-27b9-5734-90a1-1a41fe721666,Meri Dosti Tera Pyar,1978,"Hindi, Film",Mahesh - Naresh,"Prakash Pankaj, Kamal Agarwal",H.M.V.,0
81e0eb94-0ffa-57c5-bbd9-c8b1935253c9,Muqaddar,1978,"Hindi, Film",Rajesh Roshan,Anjaan,H.M.V.,0
50796c31-b7e9-587e-a916-78e6ea23005b,Muqaddar Ka Sikandar,1978,"Hindi, Film",Kalyanji - Anandji,"Anjaan, Prakash Mehra",H.M.V.,4.67
1693174c-cc58-5f0c-aeca-6af7357de3a2,Naalayak,1978,"Hindi, Film",Kalyanji - Anandji,Verma Malik,H.M.V.,0
9f8f3e9c-2a89-543d-9ac7-f2c735b67996,Namaskar,1978,"Hindi, Film",Madhav Kumar,Rajesh Johri,H.M.V.,0
e485f634-7762-51b9-90df-24fd74fc623c,Nawab Sahib,1978,"Hindi, Film",C. Arjun,"Sahir Ludhianvi, Traditional",H.M.V.,3.5
e1d173a8-3b16-5371-b11c-d70cb0259408,Nirlaj (Do Raste Ek Rahi),1978,"Hindi, Film",Kalyanji - Anandji,Naqsh Lyallpuri,Polydor,0
d5d21bb8-93cc-579d-a14c-df0f34a5e926,Pal Do Pal Ka Saath,1978,"Hindi, Film",Shyam Sagar,"Yogesh, Naqsh Lyallpuri, Dev Kohli, Balkavi Bairagi",H.M.V.,0
2c39f387-c6e5-5584-8d5a-65504837ac2e,Pati Patni Aur Woh,1978,"Hindi, Film",Ravindra Jain,Anand Bakshi,H.M.V.,0
67b68168-ba91-5e7f-bb1e-38e347175cbf,Phaansi,1978,"Hindi, Film",Laxmikant - Pyarelal,"Anand Bakshi, Majrooh Sultanpuri, Gulshan Bawra",H.M.V.,3.0
530d01ac-5a67-5b55-aaf0-8ac8b0154f29,Phandebaaz,1978,"Hindi, Film",R.D. Burman,Anand Bakshi,H.M.V.,0
28f12b4b-1245-5e92-95be-39b6434650b0,Phool Khile Hain Gulshan Gulshan,1978,"Hindi, Film",Laxmikant - Pyarelal,Rajendra Krishan,H.M.V.,0
e3369dae-8f5a-5321-ab2c-8bb11cfe1e25,Prem Bandhan,1978,"Hindi, Film",Laxmikant - Pyarelal,Anand Bakshi,H.M.V.,3.67
63fec5eb-6ce1-5d73-83ef-84cd0d6f2c3d,Premi Gangaram,1978,"Hindi, Film",Sonik - Omi,Verma Malik,H.M.V.,0
92b56e47-cc12-5c6b-919b-3938308856f3,Rahu Ketu,1978,"Hindi, Film",Kalyanji - Anandji,Verma Malik,H.M.V.,0
b917598d-2072-5542-9a10-c3e47e585210,Raja Raneeko Chahiye Paseena,1978,"Hindi, Film",Shaarang Dev,Vasant Deo,H.M.V.,0
0ff40583-9880-5ca1-94f9-3e42cb8d0da5,Ram Kasam,1978,"Hindi, Film",Sonik - Omi,Verma Malik,H.M.V.,0
ceaf3005-270c-5c2a-8098-87e45967dfe0,Saajan Bina Suhagan,1978,"Hindi, Film",Usha Khanna,"Indeevar, Saawan Kumar",H.M.V.,3.0
f98ea2fa-77bc-5628-9c89-3c80eef69450,Saawan Ke Geet,1978,"Hindi, Film",Laxmikant - Pyarelal,Majrooh Sultanpuri,H.M.V.,0
1cdfb62d-a0b1-558a-a13b-fb21d1f43d0e,Salaam Memsaab,1978,"Hindi, Film",R.D. Burman,Majrooh Sultanpuri,H.M.V.,0
a7fe4ca3-0be7-52a1-b0e3-3ec0359c92a6,Sampoorna Sant Darshanam,1978,"Hindi, Film",Jeetu - Tapan,Vishweshwar Sharma,H.M.V.,0
b53a8df4-123a-5fc6-88c2-4715395d61d7,Sarkari Mehman,1978,"Hindi, Film",Ravindra Jain,"Ravindra Jain, Naqsh Lyallpuri, Hasrat Jaipuri",H.M.V.,0
75c128ed-7cf1-5109-a9ea-052d5745abe6,Satyam Shivam Sundaram,1978,"Hindi, Film",Laxmikant - Pyarelal,"Anand Bakshi, Vithalbhai Patel, Narendra Sharma",H.M.V.,4.71
a7bd228f-6516-5cec-9a46-3b2456896c72,Shaam-E-Ghazal,1978,"Hindi, Non Film","Khayyam, Hamid Hussain, Murli Manohar Swarup, Traditional, Taj Ahmad Khan, Talat Mahmood, C.K. Chauhan, Raghunath Seth, Yunus Mallick, Ramzan Khan, Anil Biswas","Tishna, Shakeel Badayuni, Momin, Baqar Ali Khan, Noor Jehan, Mirza Ghalib, C.K. Chauhan, Faiyyaz Hashmi, Raaz Allahabadi, Firaq Gorakhpuri, Ibrahim Ashq, Jigar Moradabadi, Zafar Gorakhpuri, Taskeen Qureshi, Shameem Shahbadi, Sajjan, Khawar Zaman, Shamim Jaipuri, Madhukar Rajasthani, Ameer Minai",Saregama,0
d1174206-a56f-504b-b24a-104d5491a851,Shabash Daddy,1978,"Hindi, Film",Kishore Kumar,"Irshad, Kishore Kumar, Gulshan Bawra",H.M.V.,0
2b8c2f3a-922f-5945-a10c-fa9628f39c03,Shalimar,1978,"Hindi, Film",R.D. Burman,"Anand Bakshi, Sapan Chakraborty",Polydor,3.5
9fa6852e-d986-5eee-82d6-cc3780b38f5d,Shikshaa,1978,"Hindi, Film",Bappi Lahiri,Gauhar Kanpuri,H.M.V.,3.67
f945c01e-42e6-5f9a-bd53-b2efd8e84e28,Solva Sawan,1978,"Hindi, Film",Jaidev,Naqsh Lyallpuri,H.M.V.,3.0
fb5f6ad6-dfe4-59c1-a2c9-ecc0e04ef1c3,Sone Ka Dil Lohe Ke Haath,1978,"Hindi, Film",Usha Khanna,Asad Bhopali,H.M.V.,0
4e89ecf9-a0b4-5fa2-9328-0df39b6d040e,Subhash Chandra,1978,"Hindi, Film","Apresh Lahiri, Traditional","Kaifi Azmi, Saraswati Kumar Deepak, Traditional",H.M.V.,0
cbf824ad-aa39-5796-af2c-ac3a614335c9,Sultan-E-Hind (Gharib Nawaz),1978,"Hindi, Film",Iqbal Qureshi,"Omar Khayyam Saharanpuri, Naseem Ajmeri, Ayaz Saheli",H.M.V.,0
8abdf2a0-15c0-51fc-9f69-934461049d92,Swarag Narak,1978,"Hindi, Film",Rajesh Roshan,"Anand Bakshi, Harindranath Chattopadhyay, Traditional",Polydor,3.67
7515f2aa-061c-5ed5-9532-8059a61a85d9,Taraana,1978,"Hindi, Film",Raamlaxman,"Ravinder Rawal, Tilakraj Thapar",H.M.V.,4.0
32ff75ca-d9ed-5bfd-b2e4-0d9b6e7b2e62,Teen Eekay,1978,"Hindi, Film",Sonik - Omi,"Naqsh Lyallpuri, M.G. Hashmat, Gulshan Bawra, Joginder, Gauhar Kanpuri",H.M.V.,0
c622ca88-9792-5293-adeb-175153fcbdf3,Tooffani Tukker,1978,"Hindi, Film",C. Ramchandra,"Anjaan, Yogesh Gaud, Ram Raseela",H.M.V.,0
6d3ad45b-ce9d-5b9a-80f3-65594854f50b,Trishna,1978,"Hindi, Film",Kalyanji - Anandji,"Indeevar, Anjaan",Polydor,4.33
b909a298-8f10-5956-b93c-d17b4881725e,Trishul,1978,"Hindi, Film",Khayyam,Sahir Ludhianvi,H.M.V.,3.5
51a82dee-56a0-5202-970a-45a7895251c8,Tumhare Liye,1978,"Hindi, Film",Jaidev,Naqsh Lyallpuri,H.M.V.,4.33
0dc07b5b-a6f9-5723-b482-843a202e93f8,Tumhari Kassam,1978,"Hindi, Film",Rajesh Roshan,Anand Bakshi,H.M.V.,0
b24876fb-c9f6-528f-b654-61753c63424d,Tyaag Patra,1978,"Hindi, Film",Ajay Swami,Shiv Shankar Vashisht,H.M.V.,3.5
2b18f062-0ae8-5dc3-93b5-3291cb51854f,Ulfut (Ulfet Kee Nayee Manzilen),1978,"Hindi, Film",Kalyanji - Anandji,"Rajinder Krishan, Qateel Shifai",H.M.V.,2.5
c99e94ae-6e5b-5822-aeba-e85fa3a6dc34,Yaar Dilber,1978,"Hindi, Film",Amin - Sangeet,"Suroor Lucknowi, Subhash Indori, Shaily Shailendra, Padma Sachdeva, Gauhar Kanpuri",Polydor,0
0c7237d4-c4a5-5e98-b770-7abaca7a27eb,Yaarron Ka Yaar,1978,"Hindi, Film",Kalyanji - Anandji,Verma Malik,H.M.V.,0
27985ad3-3158-54e2-9d6b-10d48a45fe50,Aakhri Insaaf,1979,"Hindi, Film",Rajesh Roshan,Kulwant Jani,H.M.V.,0
ae7fa324-5961-51a5-8a4f-1f5e73d3c787,Aanchal,1979,"Hindi, Film",R.D. Burman,Majrooh Sultanpuri,H.M.V.,3.0
cb6f3e78-4cb9-5db1-b3ae-a2f189218354,Aangan Ki Kali,1979,"Hindi, Film",Bappi Lahiri,Shaily Shailendra,Polydor,3.33
b43abbb4-7e5b-5de1-85d4-f17f2267872e,Aap Ke Deewane,1979,"Hindi, Film",Rajesh Roshan,Anand Bakshi,H.M.V.,0
86e42f72-2e42-5bdb-b7be-489fdb726483,Aatish,1979,"Hindi, Film",Ravindra Jain,Ravindra Jain,H.M.V.,0
3413bed4-2e4a-5bd5-ad9a-b92bd2997bf7,Abdullah,1979,"Hindi, Film","R.D. Burman, Traditional","Anand Bakshi, Traditional",Polydor,3.5
43a6dd7a-3542-5b00-8d68-5b9f17bae27b,Agreement,1979,"Hindi, Film",Bappi Lahiri,Gulshan Bawra,H.M.V.,4.0
27cf7e2b-c650-548a-8657-7e0ebdadd627,Ahsaas,1979,"Hindi, Film",Bappi Lahiri,"Indeevar, Ravindra Peepat",Polydor,4.33
321f25e4-2f3a-5ed3-ad23-5f0264f1f010,Amar Deep,1979,"Hindi, Film",Laxmikant - Pyarelal,Anand Bakshi,Inreco,0
43b4bdf1-98c3-5f3d-8c45-4b93d1a1e3da,Amavas Ka Chand,1979,"Hindi, Film",Bahadur Khan,B. Prasad - I,H.M.V.,0
a98e2c4a-6d90-50d4-92b8-009bb1f5c88c,Arab Ka Sonaa (Abu Kaliya),1979,"Hindi, Film",Jitin Shyam,"Aish Kanwal, Shabnam Karwari, Shrikant",H.M.V.,0
4caf1c91-2fbd-5ae9-9164-fb3ff1b6e9be,Atmaram,1979,"Hindi, Film",Shankar - Jaikishan,"Vishweshwar Sharma, M.G. Hashmat, Prabha Thakur",H.M.V.,0
414c5469-b8df-5da9-871f-fcf3c945e640,Aulea-E-Islam,1979,"Hindi, Film",Jaani Babu Qawwal,"Viqar Nagri, Qamil Chandpuri, Khursheed Anwar, Gauhar Kanpuri",H.M.V.,0
f0a9bdc2-587d-53bb-b2f6-608cca820a8d,Aur Kaun,1979,"Hindi, Film",Bappi Lahiri,Amit Khanna,H.M.V.,3.5
af9f76c2-2492-506b-9376-53fa00851dd1,Badmaashon Ka Badmaash,1979,"Hindi, Film",Hansraj Behl,Munsif,H.M.V.,0
a48d1658-16f2-509a-96b0-977a25ab46d7,Banmanush,1979,"Hindi, Film",Chand Pardesi,Farooq Qaiser,Polydor,0
0fc9dee8-307a-5590-b6a1-4a9752323c76,Baton Baton Mein,1979,"Hindi, Film",Rajesh Roshan,"Yogesh, Amit Khanna",H.M.V.,4.5
ee398209-dfe7-5b7b-b1d8-51939d521e38,Bhala Maanus,1979,"Hindi, Film",R.D. Burman,Gulshan Bawra,H.M.V.,3.67
be50a379-0e8a-5d24-8e8c-9724290438c0,Bhayaanak,1979,"Hindi, Film",Usha Khanna,Indeevar,Polydor,0
5897c0b1-cdc5-5563-85a3-302e8dedbd6b,Bin Maa Ke Bachche,1979,"Hindi, Film",O.P. Nayyar,S.H. Bihari,H.M.V.,0
f8925c2e-c22a-5f95-a7d6-c7d853fa43fc,Bin Phere Hum Tere,1979,"Hindi, Film",Usha Khanna,"Indeevar, Asad Bhopali, Vishweshwar Sharma",H.M.V.,3.6
394a202c-bf78-58c4-9ed0-fa02b56912be,Chambal Ki Kassam,1979,"Hindi, Film",Khayyam,Sahir Ludhianvi,H.M.V.,4.25
2dc878ea-babc-5ac3-a740-734ed57c7bd7,Chambal Ki Raani,1979,"Hindi, Film",Naushad,"Jan Nisar Akhtar, Majrooh Sultanpuri",H.M.V.,0
989b01f0-cdb1-5953-b964-38aa855782aa,Chamelee Memsaab,1979,"Hindi, Film",Bhupen Hazarika,"Gajanan Varma, Deep Narayan Mithauliya",H.M.V.,0
603a2da8-0df1-53d9-84af-40376b404695,Chunaoti,1979,"Hindi, Film",Laxmikant - Pyarelal,Verma Malik,H.M.V.,0
f59051db-72e4-516f-a28b-b69f224ddaa9,Deen Aur Imaan (Quraan Aur Imaan),1979,"Hindi, Film",Shyamji Ghanshyamji,Anjum Jaipuri,H.M.V.,0
bcf1a54a-0b39-5019-886e-9358d5882aa2,Dhamaka,1979,"Hindi, Film",J. Kaushik,"Sukhdev Raj, Nida Fazli",H.M.V.,0
9fbbfee5-4f7c-527e-a81b-2b602d218159,Dhan Daulat,1979,"Hindi, Film",R.D. Burman,Majrooh Sultanpuri,H.M.V.,3.67
18a8649f-9de7-5660-a150-d328d5292f94,Dil Kaa Heera,1979,"Hindi, Film",Laxmikant - Pyarelal,Anand Bakshi,H.M.V.,0
e822d241-4daa-518a-b405-95a82d9b07c1,Do Hawaldar,1979,"Hindi, Film",Bappi Lahiri,Shaily Shailendra,H.M.V.,0
e2bdf733-dd58-5020-a4fa-4a5af2c2b32d,Duniya Meri Jeb Mein,1979,"Hindi, Film",Rajesh Roshan,Gulshan Bawra,H.M.V.,3.5
c3474212-fbf3-5927-a228-ffe56f89c487,Ek Baar Phir,1979,"Hindi, Film",Raghunath Seth,Vinod Pande,H.M.V.,0
0ed172a9-5fc0-5ec4-9c9a-a32a65c8c1d3,Ganga Aur Geeta,1979,"Hindi, Film",Shankar - Jaikishan,"Qamar Jalalabadi, Virendra Mishra, Vithalbhai Patel",,0
46799813-5584-5959-b3f9-2e8d11875094,Gangadham,1979,"Hindi, Film",Sapan - Jagmohan,Indeevar,H.M.V.,3.0
8ac87b9c-12a4-5950-817b-b845abb16fbe,Garam Khoon,1979,"Hindi, Film",Shankar - Jaikishan,"Vithalbhai Patel, Singhar, Hasrat Jaipuri",H.M.V.,0
db0e3d7c-b026-51fd-ba1f-3233acb52620,Gautam Govinda,1979,"Hindi, Film",Laxmikant - Pyarelal,Anand Bakshi,H.M.V.,0
0326f11f-2760-56db-91be-90310cadb648,Gawaah,1979,"Hindi, Film",Jaikumar Paarte,"Hasrat Jaipuri, Tabish Sultanpuri",H.M.V.,0
379bfe0f-ce37-5fa4-8dc0-0952fa5be2a1,Ghar Ki Laaj,1979,"Hindi, Film",Ravindra Jain,Ravindra Jain,H.M.V.,0
5ee81c05-246e-5af3-8742-5bd03c282778,Gol Maal,1979,"Hindi, Film",R.D. Burman,Gulzar,H.M.V.,3.67
816b1881-77f1-57a7-a433-749c4a8065e6,Gopaal Krishna,1979,"Hindi, Film",Ravindra Jain,Ravindra Jain,H.M.V.,0
65e9733c-ee5a-5095-ac53-84c19da5b392,Griha Pravesh,1979,"Hindi, Film","Kanu Roy, Jagjit Singh","Gulzar, Kafil Azar",H.M.V.,4.25
ef348bbf-d3e8-5152-ae54-9929923c8463,Guru Ho Jaa Shuru,1979,"Hindi, Film",Kalyanji - Anandji,Rajendra Krishan,H.M.V.,0
ffd93b66-accc-50d6-8a07-854f20fd56d8,Ham Bhi Kuch Kam Nahin,1979,"Hindi, Film",Hari - Arjun,"Gopichand Kotwani, Mukhtar",H.M.V.,0
14b0af6c-0f33-54e2-a676-e14781b15c09,Har Har Gange,1979,"Hindi, Film",Ravindra Jain,Bharat Vyas,H.M.V.,0
7720b956-042e-55ca-bcf9-1d7383593380,Heera Moti,1979,"Hindi, Film",O.P. Nayyar,Ahmed Wasi,H.M.V.,3.0
0814080e-0bf5-5244-8264-011a98a63985,Heroine Ek Raat Ki,1979,"Hindi, Film",Shyamji Ghanshyamji,Sajan Dehlvi,Inreco,2.5
3dd5d81b-2d26-51b3-9c99-24f48215bf15,Hum Nahin Sudhrenge,1979,"Hindi, Film",Ravindra Jain,Ravindra Jain,Polydor,0
59a2595e-b446-5ddc-9b20-ecf17396ac13,Hum Tere Ashiq Hain,1979,"Hindi, Film",Ravindra Jain,Sahir Ludhianvi,Polydor,0
e0f15b27-3622-51a7-ab20-e0e3865fe3df,Jaan-E-Bahaar,1979,"Hindi, Film",Bappi Lahiri,Gauhar Kanpuri,H.M.V.,0
07014006-33d8-5824-8ec9-18ee3e662e34,Jaandar,1979,"Hindi, Film",Kalyanji - Anandji,"Rajendra Krishan, Inderjeet Singh Tulsi",Polydor,3.0
7410713a-6e04-56fc-af25-edceb7675d33,Jai Mahakali,1979,"Hindi, Film",Shri Nath Tripathi,B.D. Mishra,,0
83574fa8-ea0e-596b-b493-5af56c25ecd8,Jeena Yahan,1979,"Hindi, Film",Salil Chowdhury,Yogesh,H.M.V.,0
a67be7f7-fb9c-52b1-a0d1-ceeccac97f56,Jhoota Kahin Ka,1979,"Hindi, Film",R.D. Burman,Gulshan Bawra,H.M.V.,3.0
07d25467-294d-555d-a356-b07a2b7d9fcb,Junoon,1979,"Hindi, Film","Vanraj Bhatia, Amir Khusro","Christopher Marlowe, Jigar Moradabadi, Amir Khusro, Yogesh Praveen",H.M.V.,0
383ed2b6-2469-5c19-b510-62ff3fc84747,Kaala Patthar,1979,"Hindi, Film",Rajesh Roshan,Sahir Ludhianvi,H.M.V.,4.33
3cef2d76-0707-5554-853c-580f5830626f,Kali Ghata,1979,"Hindi, Film",Laxmikant - Pyarelal,Anand Bakshi,H.M.V.,3.67
51edb968-fae6-5dea-a64c-84e9f994301c,Kartavya,1979,"Hindi, Film",Laxmikant - Pyarelal,"Verma Malik, Kafil Azar",H.M.V.,3.5
30243bbc-4acd-5d4f-b3ac-4af71909d118,Karwa Chouth,1979,"Hindi, Film",C. Arjun,Kavi Pradeep,H.M.V.,0
8ef515e1-2c21-5852-baae-4faeac3ec518,Khandaan,1979,"Hindi, Film",Khayyam,Naqsh Lyallpuri,Polydor,4.25
f1fbb650-c8ac-5934-a36e-18b172fcf08b,Khoon Khraba,1979,"Hindi, Film",Ravindra Jain,Ravindra Jain,H.M.V.,0
47abdae5-dac2-5a32-97b3-f5b3b1cf127a,Krishna Sudama,1979,"Hindi, Film",Neeta Sen,Kavi Pradeep,H.M.V.,0
27ef377c-1757-53cd-b3cf-1a1c0cffe904,Ladke Baap Se Badke,1979,"Hindi, Film",Ravindra Jain,Ravindra Jain,H.M.V.,0
785f1edd-05e0-5ba7-a6c2-c0a683f80b3d,Lok Parlok,1979,"Hindi, Film",Laxmikant - Pyarelal,Anand Bakshi,H.M.V.,0
96ac998d-fe6a-5b30-a5e3-47b914c37e90,Love In Canada,1979,"Hindi, Film",Hemant Kumar,"Yogesh Gaud, Sharon Prabhakar",H.M.V.,0
2225245f-cb2c-5213-93de-aad042a01d87,Maan Apmaan,1979,"Hindi, Film",Laxmikant - Pyarelal,Bharat Vyas,Inreco,0
9aab07a5-b42d-51c8-a403-5f1123bce951,Madine Ki Galian,1979,"Hindi, Film","Raj Ratan, Traditional","Kafil Azar, Traditional",Inreco,0
a3b5dd3d-519e-574b-8126-89c7c83b3971,Magroor,1979,"Hindi, Film",Laxmikant - Pyarelal,Anand Bakshi,H.M.V.,0
aae36dbd-b6e2-5a10-89c8-0a932bf3a371,Mahasati Maina Sundari,1979,"Hindi, Film",Sumanchandra Patel,"Jambu Prasad Jain, Dinesh Salgia",Inreco,0
e38be2f3-0d6e-56e3-b816-f8b65591dafe,Man Pasand,1979,"Hindi, Film",Rajesh Roshan,Amit Khanna,H.M.V.,3.5
463e450c-0178-59c8-a2fc-e3519d1cffad,Manokaamnaa,1979,"Hindi, Film",Bappi Lahiri,Indeevar,H.M.V.,3.0
f4585527-106f-5fcf-9daf-8d2bdb7656f6,Meena Kumari Ki Amar Kahani,1979,"Hindi, Film",Khayyam,Afzal Shaadab,Polydor,0
643cc22b-e727-5c7e-9343-3de003cf3633,Meera,1979,"Hindi, Film",Pandit Ravi Shankar,Meera Bai,Polydor,4.0
04b1eaed-40b5-5365-a64a-77481fb452f3,Meri Biwi Ki Shaadi,1979,"Hindi, Film",Usha Khanna,"Ravindra Jain, Asad Bhopali, S.H. Bihari",Polydor,0
2d35c4e7-793a-5f87-9d66-5c38bb0197ca,Mr. Natwarlal,1979,"Hindi, Film",Rajesh Roshan,Anand Bakshi,H.M.V.,3.67
4133e10e-3aa0-58c3-9153-6140b33eeb2f,Muqabla,1979,"Hindi, Film",Laxmikant - Pyarelal,Verma Malik,Polydor,3.33
6f975e4e-8273-5dd8-a096-c598ce4edc31,Nagin Aur Suhagan,1979,"Hindi, Film",Usha Khanna,Kavi Pradeep,H.M.V.,0
09a560e3-baf7-590b-bab0-7569da0127d6,Nai Imarat,1979,"Hindi, Film",Bappi Lahiri,Indeevar,H.M.V.,0
5cdcb4c4-2763-522c-a9d2-63b53585eab5,Naiyya,1979,"Hindi, Film",Ravindra Jain,Ravindra Jain,H.M.V.,4.5
1acfc2cd-567d-5d95-ae24-b23fcd765889,Nauker,1979,"Hindi, Film",R.D. Burman,Majrooh Sultanpuri,H.M.V.,3.67
45bbfc09-38c7-5d4a-8f71-00d81ff453bf,Noorie,1979,"Hindi, Film",Khayyam,"Jan Nisar Akhtar, Naqsh Lyallpuri, Majrooh Sultanpuri",H.M.V.,4.67
ec41747a-6ebd-538d-b694-6b030f5ea709,Pehredaar,1979,"Hindi, Film",Sapan - Jagmohan,Mahendra Dehalvi,H.M.V.,0
7883490f-bc51-5ed1-84ba-54760bdd7925,Prem Vivah,1979,"Hindi, Film",Laxmikant - Pyarelal,Anand Bakshi,H.M.V.,0
26cc825f-3906-5bd6-9775-8d0a997f5ed5,Raadha Aur Seeta,1979,"Hindi, Film",Ravindra Jain,Ravindra Jain,H.M.V.,0
42014dfa-6d75-535f-b21e-723f88e5a533,Raakhi Ki Saugandh,1979,"Hindi, Film",Sonik - Omi,Verma Malik,H.M.V.,0
e2f45814-12a7-5bfb-9131-449dd46298cd,Raja Harishchandra,1979,"Hindi, Film",Ravindra Jain,"Ravindra Jain, Satish Tiwari",H.M.V.,0
9ed9c1df-bc76-5c1c-9eb2-f892b9c603a1,Ratnadeep,1979,"Hindi, Film",R.D. Burman,Gulzar,H.M.V.,3.5
1c355ed6-f000-5404-a5f4-cc5379cffdd9,Saahas,1979,"Hindi, Film",Amin - Sangeet,"Yogesh, Padma Sachdev",Polydor,3.0
e61e8d30-b980-555c-a6ab-442400b84349,Saanch Ko Aanch Nahin,1979,"Hindi, Film",Raamlaxman,"Ravinder Rawal, Kulwant Jani",H.M.V.,3.33
b32982e8-b1b6-5e26-8161-d8a92a400482,Sargam,1979,"Hindi, Film",Laxmikant - Pyarelal,Anand Bakshi,H.M.V.,4.29
7c013810-054f-543d-ad9e-d594b3d03ab3,Sawan Ko Aane Do,1979,"Hindi, Film",Rajkamal,"Pooran Kumar Hosh, Purushottam Pankaj, Madan Bharti, Fauk Jaami, Maya Govind, Gauhar Kanpuri, Abhilash, Indeevar",H.M.V.,4.0
a164db1c-98e5-5a34-99b3-10ce627d5021,Shaadi Se Pahley,1979,"Hindi, Film",Sapan - Jagmohan,Gauhar Kanpuri,H.M.V.,0
a00d555b-df12-5f01-85e7-fe04788be2c2,Shaayad,1979,"Hindi, Film",Manas Mukherjee,"Nida Fazli, Vithalbhai Patel, Dushyant Kumar Tyagi",H.M.V.,0
fb3653ab-4316-5edb-9229-84a15556ebd9,Shaitan Mujrim,1979,"Hindi, Film",Ratandeep - Hemraj,"Kulwant Jani, Tajdar Taj, Kaifi Azmi, P.L. Sawant",H.M.V.,0
41b3a300-e932-5c8f-81b5-13524a9dbdba,Shyamla (Woh Phir Nahin Ayee),1979,"Hindi, Film",Kanu Roy,Jan Nisar Akhtar,H.M.V.,0
b8594545-ba4e-58d9-a734-825586e23ba9,Suhaag,1979,"Hindi, Film",Laxmikant - Pyarelal,Anand Bakshi,H.M.V.,3.0
89d27841-c9f5-5d06-82d5-e4bb53e1ff83,Sunayana,1979,"Hindi, Film",Ravindra Jain,Ravindra Jain,H.M.V.,4.33
ee07db19-30a2-543b-811e-a4f4aabac9aa,Surakksha,1979,"Hindi, Film",Bappi Lahiri,"Ramesh Pant, Farooq Qaiser",H.M.V.,3.0
858895e4-066d-564f-ae87-fda980cb4b4a,Teen Cheharey,1979,"Hindi, Film",Shyamji Ghanshyamji,"Kulwant Jani, Bhardwaj - I, Sajan Dehlvi, Mohsin Nawab, Upendra",Polydor,3.0
ac4b29b9-d557-5914-b5d1-ac7f0b0018a6,The Burning Train,1979,"Hindi, Film",R.D. Burman,Sahir Ludhianvi,H.M.V.,0
cb16623a-fd53-5aab-b05b-fc00df8ca8b2,The Great Gambler,1979,"Hindi, Film",R.D. Burman,Anand Bakshi,H.M.V.,3.33
8a7c4158-7b4f-5c65-8172-b34ceb809d0f,Yuvraaj,1979,"Hindi, Film",Laxmikant - Pyarelal,Anand Bakshi,H.M.V.,0
ce24f6cc-9ea3-5b62-a643-13b4470776ad,Zakhmon Ke Nishan,1979,"Hindi, Film",Ravindra Jain,"Ravindra Jain, Hasrat Jaipuri",H.M.V.,0
e19f1371-1bc1-5d42-8b01-9acceab3a42c,Zalim,1979,"Hindi, Film",Laxmikant - Pyarelal,Anand Bakshi,H.M.V.,0
ff602e5b-690b-56fc-b4e3-5b23be5a269f,Zulf Ke Saaye Saaye,1979,"Hindi, Film",Mohinderjit Singh,Asrar M. Suri,Polydor,0
a27e7701-c2bf-55d7-999b-6ed3a55998d3,Zulm Ki Pukar (Dictator),1979,"Hindi, Film",Sonik - Omi,Verma Malik,H.M.V.,0
e4f02024-8716-5dd7-b588-38f938e45bf2,A Milestone,1980,"Hindi, Non Film",Jagjit Singh,Qateel Shifai,Saregama,4.5
d8f95bb8-781b-5c45-a078-42eb6143aef1,Aahat,1980,"Hindi, Non Film",,,,0
52a3cfe0-8e5c-5814-b600-006f05371667,Aakrosh,1980,"Hindi, Film",Ajit Verman,"Vasant Dev, Suryabhanu Gupta",Polydor,3.5
06cc0316-37ed-5046-988c-10ac5c12c755,Aap To Aise Na The,1980,"Hindi, Film",Usha Khanna,"Indeevar, Nida Fazli",H.M.V.,4.75
c282f83a-558e-5385-8644-e5e93cb29688,Aas Paas,1980,"Hindi, Film",Laxmikant - Pyarelal,Anand Bakshi,H.M.V.,0
02109463-0f5b-5d80-8726-5480984cc5e0,Aasha,1980,"Hindi, Film",Laxmikant - Pyarelal,Anand Bakshi,H.M.V.,3.67
014fee0c-11e0-5b7e-b486-a8c5d5eee277,Aayi Teri Yaad,1980,"Hindi, Film",Jaidev,Naqsh Lyallpuri,H.M.V.,0
47b944cb-c796-5fc0-8a47-2e0c52800ce0,Agent 009 (Desh Shatru),1980,"Hindi, Film",Sonik - Omi,"Verma Malik, Nandi Khanna, Vishweshwar Sharma, Pankaj Gyani",H.M.V.,0
c4306fdd-6ed9-53b4-b072-68968e59e775,Alibaba Aur 40 Chor,1980,"Hindi, Film",R.D. Burman,Anand Bakshi,H.M.V.,3.0
c2005199-ed2a-59a1-b094-228c92437354,Ambe Maa Jagdambe Maa,1980,"Hindi, Film",S. Madan,"Kashmir Kadar, Thakur Tapasvi",H.M.V.,0
6644c423-e934-55ca-9186-28c1663deef6,Angaar,1980,"Hindi, Film",Sonik - Omi,"Kaifi Azmi, Verma Malik",H.M.V.,0
100df7e3-39a1-55c5-80f2-841c618fbb80,Apne Paraye,1980,"Hindi, Film",Bappi Lahiri,Yogesh,H.M.V.,3.67
dfde4670-0c89-56c7-beab-adf0486d676b,Baba Taraknath,1980,"Hindi, Film",Neeta Sen,Kavi Pradeep,H.M.V.,0
236589cc-793f-524d-8676-ab2907c6e058,Badla Aur Balidan,1980,"Hindi, Film",Sonik - Omi,"Naqsh Lyallpuri, K.L. Sharma, Shadaan Dehlvi, Sajan Dehlvi, Munsif",H.M.V.,0
f454bf33-0a17-5019-a301-cc0e1e0ee21f,Badrinath Dham,1980,"Hindi, Film",Ravindra Jain,Ravindra Jain,H.M.V.,0
d62acfa9-d759-57c8-bdd7-c0f14472e30f,Bambai Ka Maharaja,1980,"Hindi, Film",Usha Khanna,"Anjaan, Nida Fazli",H.M.V.,2.5
b8be7fa2-4f9b-502e-a48c-288fb7b02f57,Bandish,1980,"Hindi, Film",Laxmikant - Pyarelal,Anand Bakshi,Polydor,3.75
ef5fe44e-b859-5681-9a12-19ba5b9763b1,Be-Reham,1980,"Hindi, Film",Laxmikant - Pyarelal,"Jigar Moradabadi, Verma Malik",H.M.V.,2.5
41ffcd68-db8c-5fac-8e8c-34c609453509,Beqasoor,1980,"Hindi, Film",Bappi Lahiri,"Nida Fazli, Rukhsar Amrohi",Music India,3.5
37a0b8be-e2bf-5333-8e1c-76b9f0b2b909,Bharat Ki Santan,1980,"Hindi, Film",Sonik - Omi,Verma Malik,H.M.V.,0
2b7057c4-62d7-5ee7-ba8d-18432599661e,Bhula Na Dena,1980,"Hindi, Film",Bappi Lahiri,"Amit Khanna, Shaily Shailendra",Polydor,3.0
7e42710d-f901-59f0-b036-1d0c637a35ae,Black Cobra,1980,"Hindi, Film",Amin - Sangeet,"Mukhtar, Gopichand",Polydor,0
e515716c-8e41-5b3e-804e-cc0a1032e3b9,Bombay 405 Miles,1980,"Hindi, Film",Kalyanji - Anandji,Indeevar,Polydor,3.5
98e85f7e-0021-543a-9875-10bc15bdaaa3,Bulundi,1980,"Hindi, Film",R.D. Burman,Majrooh Sultanpuri,H.M.V.,4.0
9f7d9551-e8a8-50cf-9b3b-bce72a41253d,Chaalbaaz,1980,"Hindi, Film",Madan Mohan,Yogesh Gaud,H.M.V.,3.0
9d9bea90-3694-5921-ac5e-d7d7f95e8727,Chakra,1980,"Hindi, Film",Hridaynath Mangeshkar,Madhosh Bilgrami,H.M.V.,3.67
c5b39f99-227e-5ffc-8b0e-165a1fdfc6c1,Chehre Pe Chehra,1980,"Hindi, Film",N. Dutta,Sahir Ludhianvi,H.M.V.,0
f39a3904-cdc1-52ca-bf01-819c47b33cf1,Chemmeen Lahren,1980,"Hindi, Film",Salil Chowdhury,"Yogesh, Yogesh Gaud",H.M.V.,0
9a7eb718-ab68-56d9-8d91-eade9c0a70ce,Chetna Dorahe Par,1980,"Hindi, Film",Raj Sonik,"Omkar Verma, Shamim Jaipuri",H.M.V.,0
3a716419-0aa3-5c0e-8019-df05e6af3562,Choron Ki Baaraat,1980,"Hindi, Film",Laxmikant - Pyarelal,Anand Bakshi,H.M.V.,0
d6b8ce00-08cc-5329-9bab-ac4397cc89b9,Cobra,1980,"Hindi, Film",Somdev Kashyap,"Madan Pal, Ravinder Rawal, Somdev Kashyap",H.M.V.,0
74bd3479-73b6-5d80-8195-a13bbbbffc9f,Dilwale Dulhaniya Le Jayenge,1980,"Hindi, Film",Cuckoo Singh,"Gauri Shankar 'Saki', Naqsh Lyallpuri",H.M.V.,0
29074c55-bfec-58f6-a056-263e981afcf6,Do Aur Do Paanch,1980,"Hindi, Film",Rajesh Roshan,Anjaan,H.M.V.,4.2
43d5d384-04a2-55e9-b24b-a40e6c30a56f,Do Premee,1980,"Hindi, Film",Laxmikant - Pyarelal,Anand Bakshi,H.M.V.,0
1231ea13-d2c3-5e9c-81b7-ea7f6c7412fb,Dostana,1980,"Hindi, Film",Laxmikant - Pyarelal,Anand Bakshi,Polydor,3.67
363eb875-fad1-5af7-8114-d09d141582a5,Ek Baar Kaho,1980,"Hindi, Film",Bappi Lahiri,"Maya Govind, Dev Kohli, Mahendra Dehlvi, Kulwant Jani",H.M.V.,3.67
b11021c9-366f-5549-9c4c-7ae527f3b3e4,Ek Gunah Aur Sahi,1980,"Hindi, Film",Jaidev,Jan Nisar Akhtar,,3.0
a36e320c-692f-5d88-8d71-8ca35955878e,Ganga Aur Suraj,1980,"Hindi, Film",Laxmikant - Pyarelal,"Anjaan, Asad Bhopali, Kafil Azar",H.M.V.,0
2120f079-3eed-5b4c-8d06-af9fe365f2e4,Geets Of Hemant Kumar,1980,"Hindi, Non Film","Hemant Kumar, Tarasam Lal, Ravi Shankar Sharma, Kamal Dasgupta","Gulzar, Santosh Singh, Hasrat Jaipuri, Faiyyaz Hashmi, Ravi Shankar Sharma",Saregama,0
d42721ce-be5f-578a-89b0-920a40d1029d,Gehrayee,1980,"Hindi, Film",Laxmikant - Pyarelal,Gulzar,,3.0
436481b0-9ed3-555d-aa21-980c11403943,Ghamandee,1980,"Hindi, Film",Govind - Naresh,"Mahendra Dehlvi, Mehboob Sarwar",Polydor,0
394a0824-37bf-53ee-97c3-3ef3dd41b182,Guest House,1980,"Hindi, Film",Bappi Lahiri,Amit Khanna,H.M.V.,0
e0d21b92-f5f4-56a3-b73a-834b6835b70e,Gunahgaar,1980,"Hindi, Film",R.D. Burman,Gulshan Bawra,H.M.V.,0
7906a2ae-700b-5001-89de-41cbf8f6cd1c,Guru Suleman Chela Pahalwan,1980,"Hindi, Film",Manas Mukherjee,"Madan, Satish Tiwari, Nida Fazli, Asad Bhopali",H.M.V.,0
319d4abf-cf74-5dd6-8411-d8585a0d19cd,Hum Paanch,1980,"Hindi, Film",Laxmikant - Pyarelal,Anand Bakshi,Polydor,3.67
690fedf2-23d7-5943-bb0a-2eab24d7e3c1,Humkadam,1980,"Hindi, Film",Bappi Lahiri,M.G. Hashmat,H.M.V.,3.0
91bb5ff6-b0d0-5181-bf0c-8009af2c95e3,Insaf Ka Tarazu,1980,"Hindi, Film",Ravindra Jain,Sahir Ludhianvi,H.M.V.,0
461e730d-e70e-59e0-9257-1d5c7dc7663c,Jal Mahal,1980,"Hindi, Film",R.D. Burman,Majrooh Sultanpuri,H.M.V.,3.67
270c8a59-746b-5084-bdf2-66d5ee3d8f42,Jazbaat,1980,"Hindi, Film",Rajkamal,Mahendra Dehlvi,Polydor,0
86ebb1ea-9163-5ac7-8aa2-b82c2c2ff527,Judaai,1980,"Hindi, Film",Laxmikant - Pyarelal,Anand Bakshi,Polydor,3.5
560f0659-8e6c-5959-b42b-846ae6ff3cb0,Jwaala Daaku,1980,"Hindi, Film",Sonik - Omi,Kulwant Jani,H.M.V.,0
602959b0-93bb-5442-8443-6671f6b82645,Jwalamukhi,1980,"Hindi, Film",Kalyanji - Anandji,Anjaan,H.M.V.,0
ba2015a1-ad2d-523e-89e9-b5654c8b224a,Jyoti Bane Jwala,1980,"Hindi, Film",Laxmikant - Pyarelal,Anand Bakshi,H.M.V.,0
d9e28f7d-7b19-5eb8-a0a7-6a9a78aaa300,Kaala Pani,1980,"Hindi, Film",Laxmikant - Pyarelal,Anand Bakshi,H.M.V.,0
bc381d38-ea1b-5b13-ba4d-10c907e696b1,Kaaran,1980,"Hindi, Film",Usha Khanna,Indeevar,H.M.V.,0
1b992907-3ef1-55d1-82d5-f7f7a925265b,Kachche Heere,1980,"Hindi, Film",R.D. Burman,Majrooh Sultanpuri,H.M.V.,0
78b2d184-ff44-517e-bb2d-ba10823d0843,Kal Hamara Hai,1980,"Hindi, Film",Shyam Sagar,Lakshman Shahabadi,H.M.V.,0
7aa1e938-ba4d-571e-942a-f242e2f9d78b,Kanhaiyaa,1980,"Hindi, Film",Basu - Manohari,"Nida Fazli, Vithalbhai Patel",H.M.V.,0
9c895dfa-2d95-5e28-9bff-e96ce57c352f,Karz,1980,"Hindi, Film",Laxmikant - Pyarelal,Anand Bakshi,H.M.V.,4.38
53e27f26-519f-5e39-abdc-323c77ecaada,Kashish,1980,"Hindi, Film",Kalyanji - Anandji,"Anjaan, Gulzar",H.M.V.,0
d37fb8d2-d372-588d-a8b2-0a1561775fcd,Katil Kaun?,1980,"Hindi, Film",R.D. Burman,Anand Bakshi,Polydor,0
b4108952-64f8-5e74-85d0-1ade7dafc6f9,Khanjar,1980,"Hindi, Film",Nitin - Mangesh,Maya Govind,H.M.V.,0
bf13a47e-dbd5-5130-b929-a1c878f961f1,Khel Muqaddar Ka,1980,"Hindi, Film",Sardul Kwatra,Munsif,H.M.V.,0
93114c6a-8998-577a-a8d2-89a4e2e172f0,Khubsoorat,1980,"Hindi, Film",R.D. Burman,Gulzar,H.M.V.,3.67
32231a03-b8ce-57dd-a0bc-5b44a32eec2c,Khwab,1980,"Hindi, Film",Ravindra Jain,Ravindra Jain,Inreco,3.33
cc5c77c7-a6fb-5597-b171-3c333a14178b,Kismat,1980,"Hindi, Film",Bappi Lahiri,Amit Khanna,H.M.V.,0
194828b2-ee03-5a3c-a8a7-37d4bcdf11ce,Krishna Bhakta Sudaama,1980,"Hindi, Film",Neeta Sen,Kavi Pradeep,H.M.V.,0
2782eee8-9098-5a4e-9d53-aefa88e7b529,Labbaik,1980,"Hindi, Film",Manas Mukherjee,Nida Fazli,H.M.V.,0
230933a0-3a30-54c6-aefb-753c254d3e80,Lootmaar,1980,"Hindi, Film",Rajesh Roshan,Amit Khanna,H.M.V.,3.67
7beacfd8-29c3-5c87-8958-0ac96f627e33,Maan Abhiman,1980,"Hindi, Film",Ravindra Jain,Ravindra Jain,H.M.V.,0
71638633-d5f6-58ee-b9d2-c52d5558a3a8,Maang Bharo Sajana,1980,"Hindi, Film",Laxmikant - Pyarelal,"Anand Bakshi, Amir Khusro",H.M.V.,0
f36c8c4e-5e91-5f40-9202-e139b5675dc0,Mahabali Hanuman,1980,"Hindi, Film",Kamalkant,Uday Khanna,H.M.V.,0
1383484e-92ae-503d-a141-a3454bb051ed,Main Aur Meri Tanhai,1980,"Hindi, Film",Jagjit Singh,"Ali Sardar Jafri, Roshan Wadhera",Polydor,0
c94a8aef-7982-5a82-8a91-e87e7d9de8f2,Mera Salaam,1980,"Hindi, Film",Rajkamal,Kulwant Jani,Polydor,3.5
5d998a5c-8afc-5b59-bd92-dfb2f61eb59a,Morchha,1980,"Hindi, Film",Bappi Lahiri,"Ramesh Pant, Farooq Qaiser",Polydor,0
1cd54be5-8bbb-5f53-8c69-a2015dea2f57,Nazrana Pyar Ka,1980,"Hindi, Film",Hemant Bhosle,"Vithalbhai Patel, Nida Fazli, Anjaan",Polydor,4.0
3cc386c2-fbf7-52d7-ae35-fa32661be90d,Neeyat,1980,"Hindi, Film",Kalyanji - Anandji,"Gulshan Bawra, Indeevar",H.M.V.,3.67
b2972f20-796d-57db-8420-2a9a1823c5fb,Nishana,1980,"Hindi, Film",Laxmikant - Pyarelal,Anand Bakshi,H.M.V.,0
e9483f2e-d35e-53db-8bc9-845903fe1867,Oh Bewafaa,1980,"Hindi, Film",Vedpal,Saawan Kumar,H.M.V.,0
0f45283d-548e-5914-966d-2c801817e851,Parakh,1980,"Hindi, Film",Ravindra Jain,Ravindra Jain,H.M.V.,0
dc55ee51-0749-5899-93a0-6ca9f2c160ef,Patita,1980,"Hindi, Film",Bappi Lahiri,Anand Bakshi,H.M.V.,0
174a10c7-53de-5be6-932d-d96b911a8858,Patthar Se Takkar,1980,"Hindi, Film",Laxmikant - Pyarelal,"Ram Bhardwaj, Indeevar, Santosh Anand",H.M.V.,0
13e8386d-eec6-5d79-900f-72818dbee709,Payal Ki Jhankar,1980,"Hindi, Film",Rajkamal,Maya Govind,H.M.V.,4.0
debed566-33d7-53f3-9e16-23cb064c304e,Pehla Kadam,1980,"Hindi, Film","Jamal Sen, Snehal Bhatkar","Kidar Sharma, Himmat Rai",,3.0
9cf77932-f466-5024-87fd-138f92933c8d,Phir Wahi Raat,1980,"Hindi, Film",R.D. Burman,Majrooh Sultanpuri,H.M.V.,3.67
539eb453-2ca9-572d-b450-dcec2a0ca51a,Pratishodh,1980,"Hindi, Film",Ravindra Jain,"Ravindra Jain, B.R. Tripathi",H.M.V.,0
2fb5e150-7177-51e9-afe6-137f0d851d5e,Pyaara Dushman,1980,"Hindi, Film",Bappi Lahiri,"Anjaan, Kulwant Jani, Indeevar",H.M.V.,3.86
61d934ea-3a9f-50e2-bed4-4e4f3a8ccaeb,Qurbani,1980,"Hindi, Film","Biddu, Kalyanji - Anandji","Indeevar, Farooq Qaiser",Polydor,3.67
ddc5e1a1-dfb8-5a5e-aadb-840fecaee1e4,Ram Balram,1980,"Hindi, Film",Laxmikant - Pyarelal,Anand Bakshi,H.M.V.,3.0
36dfd683-c1b2-5141-8909-abe9a991dd33,Ramu To Diwana Hai,1980,"Hindi, Film",Chandru,Chandru,H.M.V.,0
7c848e6e-6339-57d1-b0a5-b598c99f31fd,Red Rose,1980,"Hindi, Film",R.D. Burman,"Nida Fazli, Vithalbhai Patel",H.M.V.,4.0
81b166fa-af31-5816-919c-be479cc5e270,Room No. 203,1980,"Hindi, Film",Salil Chowdhury,"Avadh Bihari, Yogesh",H.M.V.,3.0
17ddd0df-349b-52d1-a2de-742912fd692d,Saajan Ki Saheli,1980,"Hindi, Film",Usha Khanna,"Traditional, Majrooh Sultanpuri, Saawan Kumar",H.M.V.,0
385ea042-f49b-5317-9435-6207cbdae3d2,Saajan Mere Main Saajan Ki,1980,"Hindi, Film",Ravindra Jain,Ravindra Jain,H.M.V.,0
60d9bcd1-dec5-5d2f-b5a0-6be07df8d6b1,Saboot,1980,"Hindi, Film",Bappi Lahiri,Amit Khanna,Polydor,0
cfd3e089-4afc-5ac8-a6f1-80057a5b36f1,Sanjh Ki Bela,1980,"Hindi, Film",Ravi,"Ravi, Prem Dhawan",H.M.V.,3.0
868aa08c-9b37-5e90-b02b-98fc715f57b4,Sau Din Saas Ke,1980,"Hindi, Film",Kalyanji - Anandji,"Indeevar, Verma Malik",Polydor,4.0
b28a2330-a4f4-5baa-a9de-63b61b886fc7,Shaan,1980,"Hindi, Film",R.D. Burman,Anand Bakshi,Polydor,4.75
40792349-758f-5d93-bef6-cac74fb20cab,Shiv Shakti,1980,"Hindi, Film",Chitragupt,Bharat Vyas,H.M.V.,0
eb1742a8-2226-583e-95f3-d89086568da1,Sister,1980,"Hindi, Film",J. Kaushik,"Mahendra Dehlvi, Harish Katariya, Naqsh Lyallpuri, Suraj Bhardwaj",Polydor,0
65a3ad2e-e42c-5251-8348-03a85bf4ed21,Sitara,1980,"Hindi, Film",R.D. Burman,Gulzar,H.M.V.,4.4
ad897a80-a7bd-5370-90a9-55d18a3ea133,Sparsh,1980,"Hindi, Film","Kanu Roy, Ustad Amjad Ali Khan, Traditional",Indu Jain,H.M.V.,0
facb642c-804b-506e-9eb0-49a62e54da4a,Swayamvar,1980,"Hindi, Film",Rajesh Roshan,Gulzar,Polydor,2.5
d1694441-7472-50f0-abdb-7b32b27fc4a7,Sweety,1980,"Hindi, Film",Hemant Bhosle,"Anjaan, Majrooh Sultanpuri",Polydor,4.0
b6d163be-ed3f-501a-97cf-c6d4269d4112,Takkar,1980,"Hindi, Film",R.D. Burman,Anand Bakshi,H.M.V.,0
e3332232-325a-57e2-99fa-8ce1fec2fa4b,Taxi Chor,1980,"Hindi, Film",Bappi Lahiri,Anjaan,H.M.V.,4.33
28b38d6f-8f7d-5845-83b2-42aeb6129e19,Thodisi Bewafaii,1980,"Hindi, Film",Khayyam,Gulzar,H.M.V.,4.83
969459e9-9f2e-5e5b-bc09-94db6a343836,Tu Meri Main Tera,1980,"Hindi, Film",Sharda,"Indeevar, Hasrat Jaipuri, Neeraj",Polydor,0
702e1323-c51a-5c44-8ac2-d37660c7991d,Unees Bees,1980,"Hindi, Film",Rajesh Roshan,Amit Khanna,H.M.V.,0
99d9de4c-ba3c-597e-a83d-89aacc0d9e4e,Waqt Ki Deewar,1980,"Hindi, Film",Laxmikant - Pyarelal,Anjaan,Polydor,0
586dab6b-24b9-5a72-bd12-fe26079d2054,What A Wonder... (Qurbani In English),1980,"English, Non Film","Biddu, Kalyanji - Anandji",Bashir Sheikh,Polydor,0
c7665da8-eb1c-5e8e-a729-2fbf7f6bb670,Woh Jo Shair Tha,1980,"Hindi, Non Film",Bhupinder Singh,Gulzar,Universal,0
a34e205b-2268-545a-87e8-8744cef016f8,Yari Dushmani,1980,"Hindi, Film",Laxmikant - Pyarelal,Rajendra Krishan,H.M.V.,0
2b35f183-649a-523f-abba-6412c2301e81,Yeh Kaisa Insaf,1980,"Hindi, Film",Ravindra Jain,Ravindra Jain,H.M.V.,0
64f2dc0e-ec2d-556d-baa5-35641053dd33,Aakhri Mujra,1981,"Hindi, Film",Kalyanji - Anandji,"Kaifi Azmi, Rahi Masoom Raza, Wamiq Jaunpuri, Indeevar",Polydor,2.5
55f26ffd-981b-559d-a8e0-68391adcd9ba,Aapas Ki Baat,1981,"Hindi, Film",Anu Malik,"Dayanath Pandey, Anjaan, Hasrat Jaipuri",H.M.V.,0
5dcece2a-b9c1-54bf-9981-e242b2e2a165,Agni Pareeksha,1981,"Hindi, Film",Salil Chowdhury,Yogesh Gaud,H.M.V.,3.5
b6de9097-d36a-5908-b0e9-4d030ee958f7,Ahista Ahista,1981,"Hindi, Film",Khayyam,"Naqsh Lyallpuri, Nida Fazli",Music India Limited,4.0
8523f5ae-dcac-5cae-8603-de156cd79413,Akhand Saubhagyavati,1981,"Hindi, Film",Rajkamal,Narendra Sharma,H.M.V.,0
da54a910-24bf-5600-bcfb-3fa0ba2fe30f,Armaan,1981,"Hindi, Film",Bappi Lahiri,"Indeevar, Anjaan, Kulwant Jani",Saregama,3.5
80979434-2b25-5aec-b43b-343bab3c3f76,Atma Aur Parmatma,1981,"Hindi, Film",Prithviraj - I,Prem Warbartani,Music India Limited,0
f05e4fc1-75c7-533c-8026-6e214d8e1cb5,Barsaat Ki Ek Raat,1981,"Hindi, Film",R.D. Burman,Anand Bakshi,Inreco,4.33
2bc84fb9-51b4-581a-b639-9854c38cbc2c,Baseraa,1981,"Hindi, Film",R.D. Burman,Gulzar,Universal,3.33
66b33599-5bda-5f83-87a6-5fe93cc3caa6,Be-Shaque,1981,"Hindi, Film",Usha Khanna,"Anjaan, Nandi Khanna, Ravinder Rawal",H.M.V.,3.0
09bd20e7-7a45-5cbd-99d7-68bf1b3d6d91,Beete Dinon Ke Sapne,1981,"Hindi, Non Film",Salil Chowdhury,Yogesh Gaud,,0
ef36b494-6017-57cb-9955-acde3a4d9600,Bhaagya,1981,"Hindi, Film",Ravindra Jain,Ravindra Jain,Music India,0
c792fc6a-f034-56ba-9ab4-3bf670e36568,Biwi O Biwi,1981,"Hindi, Film",R.D. Burman,"Vithalbhai Patel, Nida Fazli",H.M.V.,3.67
0aa66553-3ae8-5550-8835-83eedf5b64c2,Chashme Buddoor,1981,"Hindi, Film","Rajkamal, Various artists","Indu Jain, Various artists",H.M.V.,3.33
8b553bb2-03e3-5339-9a65-02a1f0516487,Chhuppa Chhuppi,1981,"Hindi, Film",Bhuvan Hari,"Lokendra, Arun Jaitly",H.M.V.,0
9f8fc81e-ca05-5706-97d0-baf73157af07,Commander,1981,"Hindi, Film",Kalyanji - Anandji,Anjaan,Polydor,2.5
17ce661c-6cde-5739-98c5-43399870549e,Daasi,1981,"Hindi, Film","Rajesh Roshan, Ravindra Jain","Anand Bakshi, Ravindra Jain",Polydor,0
bba4ef7e-7517-5c7d-bf99-1f30f6eb77bc,Dahej,1981,"Hindi, Film",S. Mohinder,Inderjeet Hassanpuri,Saregama,0
c356605b-f80e-5408-877a-e7301e3daec8,Dahshat,1981,"Hindi, Film","Anand Raaj, Bappi Lahiri",Amit Khanna,H.M.V.,0
62d91451-a6fb-5b2a-8ac5-7c51173b1411,Dard,1981,"Hindi, Film",Khayyam,Naqsh Lyallpuri,H.M.V.,3.5
d46be92c-60ce-5f08-92b6-9e6356ce7395,Dhanwan,1981,"Hindi, Film",Hridaynath Mangeshkar,Sahir Ludhianvi,H.M.V.,0
c07845f3-8c29-5953-9c6a-02ef569797d2,Dhuan,1981,"Hindi, Film",R.D. Burman,Majrooh Sultanpuri,H.M.V.,3.5
d4f9ba14-f6de-5eb4-8cae-e9e4b8963c3c,Disco Deewane,1981,"Hindi, Non Film","Zoheb Hassan, Biddu","Nazia Hassan, Zoheb Hassan, Anwar Khalid, Arshad Mahmud, Nigar Sebhai",Saregama,4.0
bf708268-5faf-59aa-8f2a-00eedc7f2369,Dushman Dost,1981,"Hindi, Film",R.D. Burman,Anand Bakshi,H.M.V.,0
78af4328-ac2c-5a6b-adf2-23e0188beb5e,Ek Aur Ekk Gyaraah,1981,"Hindi, Film",Laxmikant - Pyarelal,Majrooh Sultanpuri,H.M.V.,0
df9a98a7-1436-572c-93a7-15d07d883e9a,Ek Duje Ke Liye,1981,"Hindi, Film",Laxmikant - Pyarelal,Anand Bakshi,H.M.V.,4.6
edd36beb-56b1-54e5-88a9-9553a58466a3,Ek Hi Bhool,1981,"Hindi, Film",Laxmikant - Pyarelal,Anand Bakshi,H.M.V.,3.5
fa4b0f1b-7cdd-50f1-bc70-ea444feaef85,Farz Aur Pyar,1981,"Hindi, Film","Surinder Kohli, Gurubachan","Sudarshan Sharma, Sajan Bihari",Polydor,0
d698d7bb-6941-5d85-9d33-3526010c13d6,Fiffty Fiffty,1981,"Hindi, Film",Laxmikant - Pyarelal,Anand Bakshi,H.M.V.,0
c15cb35b-0855-5f91-bdc5-93ced8bb365a,Ganga Maang Rahi Balidan,1981,"Hindi, Film",Prem Dhawan,Prem Dhawan,,0
e5707c30-1c59-5cdd-8764-01292f61dfae,Geet Ganga,1981,"Hindi, Film",Sapan - Jagmohan,"Anjaan, Gauhar Kanpuri, Indeevar, Pradeep",H.M.V.,0
e5042bb2-5c3c-5cc1-a885-7abd5fdb44ec,Gehra Zakham,1981,"Hindi, Film",R.D. Burman,"Nida Fazli, Vithalbhai Patel",H.M.V.,0
b01a5386-65e5-580e-a1d9-b3d9f720022a,Ghazal Ka Mausam,1981,"Hindi, Non Film",Ustad Ghulam Mustafa Khan,"Mirza Ghalib, Mir Taqi Mir, Abdul Hai Anjum, Shahryar, Mumtaz Rashid, Qabil Ajmeri",Universal,0
d859df5d-cec9-50e0-a139-5a01056a6b15,Ghungroo Ki Awaaz,1981,"Hindi, Film",R.D. Burman,Vijay Anand,Universal,3.0
61004ab1-c1f2-5085-9b0e-9889f0e6a3a5,Gumsoom,1981,"Hindi, Film",Bappi Lahiri,Yogesh,Polydor,0
c660dd1b-a778-59a2-b662-39d30316605c,Haqdaar,1981,"Hindi, Film",Kalyanji - Anandji,Rajendra Krishan,Polydor,2.5
b5a47e60-e0a7-5544-a798-407093e66449,Har Pal,1981,"Hindi, Non Film",A. Bobby,Masroor Anwar,CBS,0
d91d2877-2869-5931-b07b-4bd4d53b0da3,Hari Naam Ka Pyala,1981,"Hindi, Non Film",S.D. Burman,Pandit Bhushan,,0
c21dfaaa-f0bf-5414-996f-c7be2e36cfaa,Harjaee,1981,"Hindi, Film",R.D. Burman,"Nida Fazli, Gulshan Bawra, Vithalbhai Patel",H.M.V.,4.25
91b35db0-1e25-53fe-b7f9-64078a370a88,Hotel,1981,"Hindi, Film",Usha Khanna,Indeevar,H.M.V.,3.67
f3748be8-dfa1-5615-8e4a-412f6e3f415e,Hum Kho Gaye,1981,"Hindi, Non Film",Salil Chowdhury,,,0
40f09a25-1077-5bc0-84cf-2e51baa4c07a,Hum Se Badhkar Kaun,1981,"Hindi, Film",Raamlaxman,Ravinder Rawal,H.M.V.,0
960237ff-0b69-5164-ac27-50a8ae8c1e97,Itni Si Baat,1981,"Hindi, Film",Kalyanji - Anandji,Anjaan,H.M.V.,0
da112b40-901a-58c4-bcdf-01e647f325e9,Jail Yatra,1981,"Hindi, Film",R.D. Burman,Majrooh Sultanpuri,Saregama,0
170aa1aa-610b-58b0-9610-a4146541808a,Jeene Ki Arzoo,1981,"Hindi, Film",Bappi Lahiri,Anjaan,H.M.V.,0
a029b2f2-82e9-5d9a-a0c5-77b630616cad,Jiyo To Aise Jiyo,1981,"Hindi, Film",Raamlaxman,"Naqsh Lyallpuri, Ravinder Rawal",H.M.V.,0
477e3494-5d0d-5a0d-bd4b-ffeb2d729051,Josh,1981,"Hindi, Film",Bappi Lahiri,Amit Khanna,H.M.V.,0
f66f76e3-5457-5596-b17f-231e265d19ac,Jyoti,1981,"Hindi, Film",Bappi Lahiri,Anand Bakshi,H.M.V.,4.0
1a1e2897-24a7-50b0-bb34-ea36e0c11ee7,Kaalia,1981,"Hindi, Film",R.D. Burman,Majrooh Sultanpuri,Polydor,4.0
debb82e3-c25a-5731-becf-97843aa34a39,Kahani Ek Chor Ki,1981,"Hindi, Film",Ravindra Jain,"Ravindra Jain, Hasrat Jaipuri",Polydor,0
f8dd95d9-3bc6-5fe6-88fc-d4f5df8a9b46,Kalyug,1981,"Hindi, Film",Vanraj Bhatia,Balwant Tandon,Polydor,0
b57b0990-f2c7-5670-a161-26d535b8340f,Kanoon Aur Mujrim,1981,"Hindi, Film",C. Arjun,"Ahmed Wasi, Asad Bhopali",H.M.V.,0
05475b0c-5053-5e28-b36a-3917821ad7ec,Kasam Bhawani Ki,1981,"Hindi, Film",Usha Khanna,"Nida Fazli, Indeevar",H.M.V.,0
c5eb5a03-d9c1-5945-8e0f-07be3d4c2504,Katilon Ke Kaatil,1981,"Hindi, Film",Kalyanji - Anandji,"Rajendra Krishan, Anjaan, Indeevar",Polydor,3.67
a0adc688-2348-5a46-a342-eaa31ea47476,Khara Khota,1981,"Hindi, Film",Babla,"Anjaan, Indeevar",Universal,4.0
e5d84b8e-7f33-5ff5-b655-3996078d7296,Khoon Aur Paani,1981,"Hindi, Film",Laxmikant - Pyarelal,Majrooh Sultanpuri,H.M.V.,0
7053d294-ae27-58a1-af5b-5e8513220673,Khoon Ka Rishta,1981,"Hindi, Film",Kalyanji - Anandji,Majrooh Sultanpuri,H.M.V.,0
f7da63fa-ac42-573f-b730-d882aef7420c,Khoon Ki Takkar,1981,"Hindi, Film",Sonik - Omi,Verma Malik,H.M.V.,0
55d14810-c214-57e7-a6dc-abe5d71b8060,Khuda Kasam,1981,"Hindi, Film",Laxmikant - Pyarelal,Majrooh Sultanpuri,Universal,0
0378425a-a973-5e32-b2cc-a4133509f355,Kranti,1981,"Hindi, Film",Laxmikant - Pyarelal,"Santosh Anand, Manoj Kumar",H.M.V.,4.0
cf68601a-6b5e-58a9-b003-22b5766c10ff,Krodhi,1981,"Hindi, Film",Laxmikant - Pyarelal,Anand Bakshi,H.M.V.,3.33
96de3c98-163c-5a49-8c1a-4654c255d6f8,Kudrat,1981,"Hindi, Film",R.D. Burman,"Majrooh Sultanpuri, Qateel Shifai",H.M.V.,3.67
c9dac909-fe98-54eb-a2c2-f068afc779c9,Laawaris,1981,"Hindi, Film","Kalyanji - Anandji, Traditional","Prakash Mehra, Anjaan, Traditional, Harivansh Rai Bachchan",H.M.V.,3.5
57f86839-86d5-562f-9698-472600a29620,Ladaaku,1981,"Hindi, Film",Usha Khanna,"Asad Bhopali, Indivar, Vitthalbhai Patel, Kulwant Jani",Polydor,2.5
23ad2a67-5e0f-5d3d-a530-57ac1f649ac5,Ladies Tailor,1981,"Hindi, Film",Laxmikant - Pyarelal,Majrooh Sultanpuri,H.M.V.,0
14d3d42d-aaf2-563c-b737-e1a7bc147803,Laparwah,1981,"Hindi, Film",Bappi Lahiri,Ramesh Pant,H.M.V.,0
402a9d18-542d-5954-980f-beada418e938,Love Story,1981,"Hindi, Film",R.D. Burman,Anand Bakshi,H.M.V.,3.67
daaa8f5e-2e48-5bf3-99e6-96f7fc4ed763,Maan Gaye Ustaad,1981,"Hindi, Film",Sonik - Omi,Verma Malik,H.M.V.,0
4f21884a-d65d-5f16-8263-30d6efa93d35,Maila Aanchal,1981,"Hindi, Film",Sharda,"Nandi Khanna, Hasrat Jaipuri, Qamar Jalalabadi, Shaily Shailendra, Indeevar",H.M.V.,0
681bd571-c9c1-5618-a2f1-062e47d54862,Main Aur Mera Hathi,1981,"Hindi, Film",Kalyanji - Anandji,Maya Govind,H.M.V.,0
3e5e137e-d2b1-5f52-be5e-88715b846889,Mangalsutra,1981,"Hindi, Film",R.D. Burman,"Nida Fazli, Pradeep",Inreco,3.33
34ac1836-25eb-5bda-99b4-5c4838683715,Meharbaani,1981,"Hindi, Film",Ravindra Jain,"Ravindra Jain, Munsif",H.M.V.,0
11a52a49-ae12-5987-9120-281574ca65db,Meri Aawaz Suno,1981,"Hindi, Film",Laxmikant - Pyarelal,Anand Bakshi,H.M.V.,0
0d745e48-1643-5618-8424-d764fc68f917,Mu-Kar-Rar,1981,"Hindi, Non Film","Manhar Udhas, Pankaj Udhas","Sheikh Adam Aboowala, Qabil Ajmeri, Mumtaz Rashid, Qaiser-Ul-Jafri, Anwar Farrukhabadi, Qamar Iqbal",Universal,5.0
75b84b44-daa3-52ab-bd7a-ecc6fb5d7ee6,Naari,1981,"Hindi, Film",Shankar - Jaikishan,"Vishweshwar Sharma, M.G. Hashmat",H.M.V.,0
27ffa9de-68f4-514f-a7c6-57c5de2cb9a0,Nakhuda,1981,"Hindi, Film",Khayyam,Nida Fazli,H.M.V.,4.0
1d2d0d20-1cb7-5a16-b115-85629361019a,Naram Garam,1981,"Hindi, Film",R.D. Burman,Gulzar,Inreco,3.67
552d4ec8-92a0-5ea7-9b0d-9eff7c0b5f56,Naseeb,1981,"Hindi, Film",Laxmikant - Pyarelal,Anand Bakshi,Polydor,3.67
92fd131e-5378-5ce2-a791-1abb66969d45,Paanch Qaidi,1981,"Hindi, Film",Bappi Lahiri,Anjaan,Polydor,3.0
7a4d8138-9d25-5e0a-b5ea-200528893c26,Poonam,1981,"Hindi, Film",Anu Malik,"Hasrat Jaipuri, Anjaan",H.M.V.,3.5
d42e8eea-867e-5ce0-b46a-c1dbd50d4781,Prem Geet,1981,"Hindi, Film",Jagjit Singh,Indeevar,Music India Limited,4.8
b298ed46-6286-5dfa-87e9-cd0da08d0cfc,Professor Pyarelal,1981,"Hindi, Film",Kalyanji - Anandji,Rajinder Krishan,Polydor,3.5
4f22813c-df73-5fd3-bc2e-4a55fde143ae,Pyaasa Sawan,1981,"Hindi, Film",Laxmikant - Pyarelal,"Santosh Anand, Gulshan Bawra",H.M.V.,4.0
b23d1960-0171-5813-b238-caf8382f1910,Pyaassi Ankhen,1981,"Hindi, Film",Usha Khanna,"Rana 'Saheri', Indeevar",H.M.V.,0
db2b0446-884d-57d9-a72a-1abd78fbb872,Pyar Ki Manzil,1981,"Hindi, Film",Usha Khanna,"Sajan Dehlvi, Indeevar",Universal,2.5
8688708f-cbca-5203-b5d6-2ad087f0ee0d,Raaz,1981,"Hindi, Film",Ravindra Jain,Ravindra Jain,H.M.V.,0
5791de69-ceb4-5637-bd8a-bfc0fdc5e5e0,Raksha,1981,"Hindi, Film",R.D. Burman,Anand Bakshi,H.M.V.,3.33
fab03a0b-7462-58ce-9f92-6b0bb10a600d,Rocky,1981,"Hindi, Film",R.D. Burman,Anand Bakshi,Universal,3.5
a0c56d09-3909-5c7f-be56-35197c1348d5,Roohi,1981,"Hindi, Film",Manoj - Gyan,"Indeevar, Manoj Bhatnagar",Polydor,2.5
79401de5-c6be-5f87-bc36-dd5e4f9d9d29,Sahhas,1981,"Hindi, Film",Bappi Lahiri,"Farooq Qaiser, Anjaan",Music India Limited,2.0
b9f426e1-5feb-5230-a73b-4567117394a8,Salma & Sabina Agha Sing The Hits Of Abba,1981,"Hindi, Non Film",ABBA,,Music India,0
aad80294-05ce-5fb9-8c44-51e6c17b49ba,Sannata,1981,"Hindi, Film",Rajesh Roshan,Majrooh Sultanpuri,H.M.V.,2.5
f1d18ec0-ee3d-5be3-b229-13ee197c511c,Sansani,1981,"Hindi, Film",Hemant Bhosle,Irshad,H.M.V.,0
cec6fc3d-203d-5ac3-b069-9571970e6bf7,Shabnam,1981,"Hindi, Non Film",Bhupinder Singh,,Universal,0
98f254ce-a0a9-5fa4-8149-94c6d71cc279,Shakka,1981,"Hindi, Film",Rajesh Roshan,Verma Malik,Polydor,2.5
6507763e-eac0-5021-b130-61376507b211,Shama,1981,"Hindi, Film",Usha Khanna,"Zafar Gorakhpuri, Asad Bhopali, Vithalbhai Patel",Universal,3.33
3ae7b8da-c396-55d4-9e9a-b6db493c4382,Sharda,1981,"Hindi, Film",Laxmikant - Pyarelal,Anand Bakshi,Polydor,3.67
cea6b116-7cee-54de-a2e2-8745aa1cd6a8,Sheetla Mata,1981,"Hindi, Film",Sapan - Jagmohan,Kapil Kumar,H.M.V.,0
24e8928e-1f0e-5815-b4f4-577dbd6ba1df,Shiv Charan,1981,"Hindi, Film",Bappi Lahiri,Amit Khanna,Polydor,3.0
f6fb64b0-3fd3-57f7-ad37-f587b914473b,Shradhanjali,1981,"Hindi, Film",Hemant Bhosle,Anjaan,H.M.V.,0
7a9124db-b244-525f-95b7-180c2cf31ec3,Silsila,1981,"Hindi, Film","Shiv - Hari, Traditional","Javed Akhtar, Meera Bai, Rajinder Krishan, Harivansh Rai Bachchan, Hasan Kamal, Nida Fazli, Traditional",H.M.V.,4.75
578efc36-f996-503c-8be6-63ded306f33e,Tajurba,1981,"Hindi, Film",Usha Khanna,"Asad Bhopali, Indeevar, Nida Fazli",H.M.V.,0
fac38ed4-ba0d-59f3-9c49-f8bbe24f34e0,Teri Meri Kahani,1981,"Hindi, Film",Hemant Bhosle,Anjaan,H.M.V.,0
4d2bfffc-8a88-545b-996b-40abf3adcbcc,Umrao Jaan,1981,"Hindi, Film",Khayyam,"Shahryar, Traditional, Amir Khusro",H.M.V.,4.8
6f136eb4-53d1-597a-9066-29b57cde5730,Videsh,1981,"Hindi, Film",Swapan Jagmohan,"Prem Jalandhari, Ajit Singh, Gauhar Kanpuri",Music India Limited,3.33
8dbd418b-5d99-5ca8-8abb-bd2bcea0e290,Wardat,1981,"Hindi, Film",Bappi Lahiri,Ramesh Pant,Polydor,3.0
1fefa66f-59f0-5811-8390-e953c3c9ed07,Yaarana,1981,"Hindi, Film",Rajesh Roshan,Anjaan,Universal,4.75
141ac280-f5c3-5cce-a688-54d4482af38e,Ye Rishta Na Tootay,1981,"Hindi, Film",Kalyanji - Anandji,"Maya Govind, Anjaan",Universal,2.5
b1bf752e-33ba-524b-a887-81ee1dde45dc,Yeh Kaisa Nasha Hai,1981,"Hindi, Film",Chand Pardesi,D.S. Sultania,H.M.V.,2.5
9d6207ef-44ad-5983-a159-ff1853e46a05,Zamaane Ko Dikhana Hai,1981,"Hindi, Film",R.D. Burman,"Majrooh Sultanpuri, Joseph Alvares",Polydor,4.33
73648da7-faf8-5106-b77d-5e3d0cab8d56,Zindagi Jua Hai,1981,"Hindi, Non Film",Salil Chowdhury,Yogesh Gaud,,4.0
5cf41e7d-03f9-5196-b38a-ec844610494d,Aadharshila,1982,"Hindi, Film",Ranjit Kapoor,Ranjit Kapoor,Music India Limited,0
a70c40a4-34bf-5285-99c5-d18339b50630,Adat Se Majboor,1982,"Hindi, Film",Usha Khanna,"Nida Fazli, Indeevar",H.M.V.,0
db77e497-cde9-5d30-a09a-379c6f97d28f,Adhura Aadmi,1982,"Hindi, Film",R.D. Burman,Yogesh Gaud,H.M.V.,3.33
f0681d6b-96bc-5567-99b8-5d984576bed9,Amne Samne,1982,"Hindi, Film",R.D. Burman,Anand Bakshi,Universal,3.5
c50a2a67-9275-5af6-a042-b7379a78ade2,Andher Nagari,1982,"Hindi, Film",Gaurang Vyas,Hriday Lani,H.M.V.,0
de331385-401b-5d30-a5b1-b6f762c1b430,Angoor,1982,"Hindi, Film",R.D. Burman,Gulzar,H.M.V.,4.25
4896b996-c95c-5c51-8aef-c2b836d680ca,Anmol Sitarey,1982,"Hindi, Film",Nadeem - Shravan,Kavi Pradeep,H.M.V.,0
c496861d-0442-5d7b-9c75-42fef9f761d9,Anokha Bandhan,1982,"Hindi, Film",Usha Khanna,"Nida Fazli, Asad Bhopali, Yogesh Gaud",Super Hits Music,0
9d38dbbe-ca61-5949-bb12-683ea44987a7,Apman,1982,"Hindi, Film","Vijay Singh, Arun Amin","Dev Kohli, Arun Amin, Vijay Singh, Sharon Prabhakar",Music India,3.33
efa2432a-bc26-5688-b9dd-73e77a91c407,Apna Bana Lo,1982,"Hindi, Film",Laxmikant - Pyarelal,"Anand Bakshi, Traditional",Polydor,0
2144b58b-95ee-573e-b79c-b20427df3f94,Arohan (The Ascent),1982,"Hindi, Film",Purna Das Baul Samrat,Niaz Haider,H.M.V.,0
908a967f-643c-526a-9598-9bfa6161f430,Arth,1982,"Hindi, Film","Jagjit Singh, Chitra Singh","Rajinder Nath Rehbar, Iftikhar Imam Siddiqui, Kaifi Azmi",H.M.V.,4.67
fdcb7fb4-863b-5cf1-a506-5570c33362bf,Ashanti,1982,"Hindi, Film",R.D. Burman,Anand Bakshi,H.M.V.,0
c7fdbd97-9481-5599-9dc0-ab9baaf1b590,Ayaash,1982,"Hindi, Film",Ravindra Jain,Anand Bakshi,H.M.V.,3.0
d8139369-a4aa-5ec4-9fee-0ea29b5735e3,Baawri,1982,"Hindi, Film",Khayyam,Maya Govind,H.M.V.,3.5
16690394-8384-5d24-952d-6877dd79cf8c,Badle Ki Aag,1982,"Hindi, Film",Laxmikant - Pyarelal,Verma Malik,H.M.V.,0
6d185da4-2872-5506-94aa-1749ec4bbb28,Baghavat,1982,"Hindi, Film",Laxmikant - Pyarelal,Anand Bakshi,H.M.V.,2.5
38f91dbc-d2bb-5f7f-bfbb-bc729554ecfc,Barrister,1982,"Hindi, Film",Hemant Bhosle,Yogesh Gaud,H.M.V.,0
2c4e6083-0436-50d1-afcb-cfb15d4d1d54,Bazaar,1982,"Hindi, Film",Khayyam,"Traditional, Mirza Shauq, Mir Taqi Mir, Bashar Nawaz, Makhdoom Mohiuddin",H.M.V.,4.67
ee8bd461-1ae8-5bbc-833e-66195cd53423,Bedard,1982,"Hindi, Film",Kanti Kiran,Naqsh Lyallpuri,Music India,3.0
96bf0b0e-2e4a-547b-b6e3-4ac3d90d6a32,Begunaah Qaidi,1982,"Hindi, Film",Sonik - Omi,"Gauhar Kanpuri, Hasan Kamal, Kulwant Jani, Asad Bhopali",H.M.V.,0
c552a655-0e8c-556b-9792-1effd6734694,Bekhabar,1982,"Hindi, Film",Usha Khanna,"Yogesh Gaud, Dev Kishan, Sameer, Prem - Sameer",H.M.V.,0
21b3e5a6-5e32-5cd3-9976-1b5307909358,Bemisal,1982,"Hindi, Film",R.D. Burman,Anand Bakshi,H.M.V.,4.25
0d95592d-6ae0-524e-8216-87798a5c5d5c,Beta,1982,"Hindi, Film",Hemant Bhosle,Anjaan,H.M.V.,0
0613386a-fe0f-5a52-a7ef-b496410b5ff3,Bezubaan,1982,"Hindi, Film",Raamlaxman,Ravinder Rawal,CBS,3.0
0877755d-8dae-59c4-8fc9-e545a5e5574e,Bhai Aakhir Bhai Hota Hai,1982,"Hindi, Film",Chand Pardesi,"Chander Oberoi, Hasan Kamal, Akhtar Warsi",H.M.V.,0
caf7bfae-ee5d-5761-9646-9f772f382af1,Bhed Bhav,1982,"Hindi, Film",Shamji Ghanshyamji,Saajan Dehlvi,H.M.V.,0
4b529bac-60d6-5660-9fd0-68770a908b9b,Bheegi Palken,1982,"Hindi, Film",Jugal Kishore - Tilak Raj,M.G. Hashmat,Polydor,3.5
5be20c63-97a7-57d7-ab3f-c0a7a978d4b6,Boom Boom,1982,"Hindi, Non Film",Biddu,"Indeevar, Amit Khanna",Magnasound,0
ac5a52f6-94ff-5e8e-b8e6-7992fc806223,Chalti Ka Naam Zindagi,1982,"Hindi, Film",Kishore Kumar,"Irshad, Noor Devasi, Anjaan",H.M.V.,0
5aef7826-bcfe-5492-95d1-6107ac8498b2,Chorni,1982,"Hindi, Film",Shankar - Jaikishan,"Virendra - I, Shaily Shailendra, Singaar, Hasrat Jaipuri",Inreco,4.0
431080f4-45d1-53d0-9ef3-c599797be58a,Daulat,1982,"Hindi, Film",R.D. Burman,"Vithalbhai Patel, Nida Fazli",H.M.V.,3.33
b23380d5-1164-57da-85f0-d9b8db8da555,Deedar-E-Yaar,1982,"Hindi, Film",Laxmikant - Pyarelal,"Indeevar, Kaifi Azmi, Sahir Ludhianvi, Ameer Meenai",H.M.V.,3.0
080ce5f4-472f-5560-84e9-12daf2d87dec,Desh Premee,1982,"Hindi, Film",Laxmikant - Pyarelal,Anand Bakshi,Music India,0
36511d92-bb96-50c7-88aa-fab623eca0af,Dharam Kanta,1982,"Hindi, Film",Naushad,Majrooh Sultanpuri,H.M.V.,3.5
f7672219-7f48-50df-b219-a446ae10d8c5,Dial 100,1982,"Hindi, Film",Bappi Lahiri,Anjaan,Polydor,2.5
1e29b6a1-cd45-5c57-9ff1-29517ee9b7fb,Dil Akhir Dil Hai,1982,"Hindi, Film",Khayyam,"Indeevar, Naqsh Lyallpuri, Nida Fazli",Music India Limited,4.5
601e0b26-8f01-5572-81fa-505eb83b4bcd,Dil Hi Dil Mein,1982,"Hindi, Film",Mandheer - Jatin,"Aish Kanwal, Anwar Farrukhabadi, Mahendra Dehlvi",H.M.V.,0
8f286290-ac95-59d0-9870-aa92097ec29e,Dil Ka Sathi Dil,1982,"Hindi, Film",Salil Chowdhury,Madhukar,Music India,3.0
a6159c4b-633e-561f-89de-22f42b14174b,Dil-E-Nadaan,1982,"Hindi, Film",Khayyam,Naqsh Lyallpuri,H.M.V.,4.33
091b1701-ddec-58d3-aa2a-b0121e9d9637,Disco Dancer,1982,"Hindi, Film",Bappi Lahiri,"Anjaan, Farooq Qaiser",H.M.V.,3.75
f5e48fd0-9427-5cf6-a3fc-b6214c2d13e0,Do Dil Deewane,1982,"Hindi, Film",Ilaiyaraaja,Prem Dhawan,H.M.V.,0
e05ad9ee-1fd7-5513-908f-faa7a1c1321a,Do Disayen,1982,"Hindi, Film",Laxmikant - Pyarelal,Anand Bakshi,H.M.V.,0
8460683e-0c73-5b48-b473-71e522c25772,Do Guru,1982,"Hindi, Film",Kalyanji - Anandji,Verma Malik,H.M.V.,0
e5b555f2-8623-5978-88d4-f0d059bc22d6,Do Ustad,1982,"Hindi, Film",Bappi Lahiri,Verma Malik,Music India Limited,3.33
f8fd068c-f951-5855-9595-0546507fb2bc,Dulha Bikta Hai,1982,"Hindi, Film",Bappi Lahiri,"Gauhar Kanpuri, Faruk Kaiser",Music India Limited,2.5
e5578121-80a2-5d34-beb7-812267c711fa,Eent Ka Jawab Patthar,1982,"Hindi, Film",Shankar - Jaikishan,"Naqsh Lyallpuri, Aziz Kashmiri",H.M.V.,0
0f4fb68f-15c5-5fdc-a7c4-6509fc7f25e3,Ek Aur Sangraam,1982,"Hindi, Film",Sapan - Jagmohan,Gauhar Kanpuri,Music India,3.0
6993748e-e062-5978-ab9c-89d36b5db67c,Farz Aur Kaanoon,1982,"Hindi, Film",Laxmikant - Pyarelal,Anand Bakshi,H.M.V.,0
7bc4478a-897d-55bb-b04a-5a3219d53817,Ghazab,1982,"Hindi, Film",Laxmikant - Pyarelal,Anand Bakshi,H.M.V.,0
61a443a3-0dbc-5d8f-950d-cd4c1700b4ad,Girl From India,1982,"Hindi, Film",Vedpal Varma,"Thakur Chhabra, Vedpal Varma, Kulwant Jani",H.M.V.,0
f604d1df-7ae5-5ae9-81eb-99ce86d01241,Gopichand Jasoos,1982,"Hindi, Film",Usha Khanna,"Santosh Anand, Munsif",H.M.V.,0
6276fe82-9f76-57ee-bfa4-50ff8ddfe867,Gul-E-Bakkavali,1982,"Hindi, Film",Rajesh Roshan,Indeevar,Polydor,2.5
b560687a-e076-516a-9e8d-4c6ecfa011aa,Haathkadi,1982,"Hindi, Film",Bappi Lahiri,Majrooh Sultanpuri,Music India,3.5
2a38d599-1bca-514f-a901-234d13e36df1,Heeron Ka Chor,1982,"Hindi, Film",Sonik - Omi,Verma Malik,H.M.V.,0
64b30857-a868-5098-b535-956e31faf90b,Humdam (Anokha Chamatkar),1982,"Hindi, Film",Ghanshyam Pyare,Rajendra Krishan,H.M.V.,0
178fc59c-14bf-595e-92ce-7ae187b5eded,Insaan,1982,"Hindi, Film",Laxmikant - Pyarelal,Anand Bakshi,H.M.V.,0
e4a2b027-5383-50bb-af92-a6b0fc8c51a3,Jaanwar,1982,"Hindi, Film",Laxmikant - Pyarelal,Majrooh Sultanpuri,H.M.V.,0
1743105d-3c70-5243-bf38-64e70cec57bd,Jawalaa Dahej Ki,1982,"Hindi, Film",Chitragupt,Anjaan,H.M.V.,0
313e192d-f78e-5989-acd2-d9a3a7008269,Jeeo Aur Jeene Do,1982,"Hindi, Film",Laxmikant - Pyarelal,"Verma Malik, Sahir Ludhianvi",H.M.V.,0
54236c27-596a-5980-b01c-64f4367f0b0d,Jeevan Dhaara,1982,"Hindi, Film",Laxmikant - Pyarelal,Anand Bakshi,Music India,0
e5246f01-ea8c-50fb-abed-5bfe57730a1d,Jogi,1982,"Hindi, Film",Ravi,"Shakeel Badayuni, Anjum Jaipuri",H.M.V.,0
79009c27-331c-5e3f-8ce6-64f2005b3070,Johny I Love You,1982,"Hindi, Film",Rajesh Roshan,Anand Bakshi,Music India,3.5
c10932b1-8413-55c4-bac6-9d6cd1a61027,Kaamchor,1982,"Hindi, Film",Rajesh Roshan,Indeevar,H.M.V.,3.75
3ac180a6-f30d-5371-b26f-1aa06533b595,Kasam Durga Ki,1982,"Hindi, Film",Sonik - Omi,Naqsh Lyallpuri,H.M.V.,0
6b85fdb4-024a-5e4d-8d83-1cb8dfd7df92,Khud-Daar,1982,"Hindi, Film",Rajesh Roshan,Majrooh Sultanpuri,H.M.V.,3.0
c74bdeb8-1839-5d3a-a55c-e710481a6c41,Khushi,1982,"Hindi, Film",Asit Ganguly,Yogesh,H.M.V.,0
97025fff-bad2-5a00-a445-0e208f5e795a,Lakshmi,1982,"Hindi, Film",Usha Khanna,"Sahir Ludhianvi, Indeevar, Kaifi Azmi",Music India Limited,2.5
fb2806b3-56cb-5141-be14-ee168917f9bc,Log Kya Kahenge,1982,"Hindi, Film",Kalyanji - Anandji,"Indeevar, Naqsh Lyallpuri, Raj Kavi Tulsi",H.M.V.,0
787b67c6-0cf2-5163-a849-46764ab425c7,Lubna,1982,"Hindi, Film",Manas Mukherjee,"Nida Fazli, Aish Kanwal",H.M.V.,0
06c9d869-2918-57c2-8c63-b17346eee196,Main Intaquam Loonga,1982,"Hindi, Film",Laxmikant - Pyarelal,Anand Bakshi,Music India,0
201ca286-28d6-5414-9611-3aaa8c442ade,Maine Jeena Seekh Liya,1982,"Hindi, Film",Nadeem - Shravan,"Surendra Sathi, Anwar Sagar",H.M.V.,3.67
5e78941d-8704-5e4c-9a34-723530508a1a,Maut Ka Saya,1982,"Hindi, Film",Bappi Lahiri,Amit Khanna,H.M.V.,0
81d9c165-3740-5c91-aa96-95415b9ff24c,Mehandi Rang Layegi,1982,"Hindi, Film",Laxmikant - Pyarelal,"Anjaan, Hariram Acharya",H.M.V.,0
05e62a4d-a1fd-5b4c-be9f-a80b57a8fe90,Mera Yaar Mera Dushman (Karwat),1982,"Hindi, Film",Bappi Lahiri,Gulshan Bawra,H.M.V.,0
5e95e32a-6446-5389-80bc-fba16a0009fb,Nadiya Ke Paar,1982,"Hindi, Film",Ravindra Jain,Ravindra Jain,Rajshri Music,3.67
d6cd9b6c-929e-5082-8345-ef37c40ef363,Namak Halaal,1982,"Hindi, Film",Bappi Lahiri,"Anjaan, Prakash Mehra",H.M.V.,4.5
d1390ced-2ad0-5ed5-a259-6467fdcbcbf6,Namkeen,1982,"Hindi, Film",R.D. Burman,Gulzar,H.M.V.,4.17
cb2736cc-ae06-5a9f-b7e4-5786ef065b29,Naya Safar,1982,"Hindi, Film",Nadeem - Shravan,"Madan Pal, Anwar Sagar, Surendra Sathi, Srigopal Khetan",H.M.V.,0
13e93188-2da7-5bb5-9028-06922697ccea,Nek Parveen,1982,"Hindi, Film",Iqbal Qureshi,"Naseem Ajmeri, S.H. Bihari, Aish Kanwal",Music India Limited,2.5
376a9655-76a4-5df7-a77c-2ae6e077b404,Nikaah,1982,"Hindi, Film","Ravi, Ghulam Ali","Hasan Kamal, Hasrat Mohani",H.M.V.,4.0
62363e73-ad61-58ff-ba39-26cccc81e76d,Paanchwin Manzil,1982,"Hindi, Film",Usha Khanna,Pandit Madhur,H.M.V.,0
f505e2c6-c2c2-5c24-b839-5d264b01d5e3,Patthar Ki Lakeer,1982,"Hindi, Film",Usha Khanna,Anjaan,H.M.V.,0
f6d8dcc2-7edb-5530-b9a2-c966811f174e,Prem Rog,1982,"Hindi, Film",Laxmikant - Pyarelal,"Narendra Sharma, Santosh Anand, Amir Qazalbash",H.M.V.,3.5
98fb3c30-f0a7-5413-9e85-2f732c83402d,Pyaas,1982,"Hindi, Film",Bappi Lahiri,"Naqsh Lyallpuri, Kulwant Jani, Shiv Kumar Saroj",H.M.V.,3.0
8cc7d861-102e-50ad-913d-98d7546df79c,Pyar Ke Rahi,1982,"Hindi, Film",Aziz Nazan,"Maya Govind, Shaily Shailendra, S.H. Bihari",Music India Limited,0
2fea9131-226a-5d32-ac68-0652e96b17c9,Pyar Mein Sauda Nahin,1982,"Hindi, Film",Amar - Utpal,Majrooh Sultanpuri,Music India Limited,4.0
d7d53310-2a61-5fa6-bf7e-dc5c89c22dc2,Pyara Dost,1982,"Hindi, Film",Usha Khanna,Nida Fazli,H.M.V.,0
4d03e936-2ba3-5f5e-aea5-459476daa5f2,Pyara Tarana,1982,"Hindi, Film",M.S. Viswanathan,Balesh,Music India,0
b5beba9d-4b11-5722-8f74-68a0e9a46237,Raaj Mahal,1982,"Hindi, Film",Kalyanji - Anandji,"Verma Malik, Raj Kavi Tulsi",H.M.V.,0
1d0c3ad1-a82c-5f98-bdaa-184df0dc7570,Raakh Aur Chingari,1982,"Hindi, Film",Ratandeep - Hemraj,"Tajdar Taj, Indeevar, Kulwant Jani",H.M.V.,0
5ecc13b2-4c95-5f61-b63b-3d22911c4c8f,Raaste Pyar Ke,1982,"Hindi, Film",Laxmikant - Pyarelal,Anand Bakshi,H.M.V.,4.0
7d8d1b16-e65b-50ad-a059-df41395e729f,Raja Jogi,1982,"Hindi, Film",Hemant Bhosle,"Anjaan, Naqsh Layalpuri",H.M.V.,0
4b251c75-452a-53a9-b2a2-b3fd9cfd2170,Rajput,1982,"Hindi, Film",Laxmikant - Pyarelal,Anand Bakshi,H.M.V.,3.0
cacec9d8-ccf6-513c-9db1-1192fe9495f3,Ramnagri,1982,"Hindi, Film",Jaidev,Naqsh Lyallpuri,H.M.V.,3.0
b3793133-00fe-5fd9-9141-b8b25e9a8915,Rustom (The Champion),1982,"Hindi, Film",Kalyanji - Anandji,"Indivar, Namvar Singh",Music India,0
bd5043e5-a956-5759-b221-1c333e39c2da,Saath Saath,1982,"Hindi, Film",Kuldeep Singh,Javed Akhtar,H.M.V.,4.71
42e1dac7-eb4b-5de3-ad46-ae916b0370de,Samraat,1982,"Hindi, Film",Laxmikant - Pyarelal,Anand Bakshi,H.M.V.,0
76ad561a-f1a7-5666-96f7-99b24ae5e242,Sanam Teri Kasam,1982,"Hindi, Film",R.D. Burman,Gulshan Bawra,Music India Limited,4.0
4be609c6-b4fc-521e-888d-988ce2edd439,Sant Gyaneshwar,1982,"Hindi, Film",Shrikant Telang,Bharat Vyas,Polydor,0
c691c459-7a52-5772-a851-d057d4087297,Sati Aur Bhagwan (Hathi Mera Bhai),1982,"Hindi, Film",Usha Khanna,Kavi Pradeep,H.M.V.,0
f19f1b40-f4b3-595d-9c43-7874c24a0878,Satte Pe Satta,1982,"Hindi, Film",R.D. Burman,Gulshan Bawra,Polydor,4.0
5104e552-b68f-5bc3-a319-da9e2e250e60,Sawaal,1982,"Hindi, Film",Khayyam,Majrooh Sultanpuri,H.M.V.,0
473d42bd-9a2a-5043-ab97-e5c2fedde5f7,Shakti,1982,"Hindi, Film",R.D. Burman,Anand Bakshi,H.M.V.,4.5
1079ec8a-ca6a-5589-8a6a-ba93b62888d2,Shaukeeen,1982,"Hindi, Film",R.D. Burman,Yogesh Gaud,Music India,3.67
78fc3553-0273-5351-baab-b1c09156bb5a,Shriman Shrimati,1982,"Hindi, Film",Rajesh Roshan,Majrooh Sultanpuri,H.M.V.,2.5
1f747f6c-8ec2-59f7-9e9a-aa489bd70019,Situm,1982,"Hindi, Film","Jagjit Singh, Chitra Singh, Various artists","Gulzar, Various artists",Music India,2.5
9b1830e5-a45d-585b-a676-a48d0cf11ecb,Star,1982,"Hindi, Film",Biddu,"Indeevar, Amit Khanna",H.M.V.,3.0
a5ddc379-9cd7-5f67-9343-24eca82480e2,Subah,1982,"Hindi, Film",Hridaynath Mangeshkar,Narendra Sharma,Music India,4.5
acdfdc2b-8b02-5e0d-8afe-d8a94678f634,Sugandh,1982,"Hindi, Film",Bappi Lahiri,"Faruk Kaiser, Ramesh Pant",Music India,2.5
f74bd866-3d98-5e97-aff8-e0da5c61280b,Sumbandh,1982,"Hindi, Film",Bappi Lahiri,"Farooq Qaiser, Gauhar Kanpuri",H.M.V.,0
0a26b0d5-9b83-534e-9767-e919443b529c,Sun Sajna,1982,"Hindi, Film",Raamlaxman,Ravinder Rawal,Rajshri Music,3.0
ced71206-d9d6-5966-a7b6-fbbc0677adf6,Superuna,1982,"Hindi, Non Film",Bappi Lahiri,"Anjaan, Shailendra, Farooq Qaiser, Indeevar, Shiv Kumar Saroj",EMI,3.5
6d05c070-ac02-5ac8-9555-d6cc902c1b85,Suraag,1982,"Hindi, Film",Bappi Lahiri,Kaifi Azmi,H.M.V.,3.0
aaad4afd-8c1c-5ebe-997e-661f48d7b342,Swami Dada,1982,"Hindi, Film",R.D. Burman,Anjaan,H.M.V.,0
83188d94-f85a-5038-a0e8-ef27eebe85b2,Taaqat,1982,"Hindi, Film",Laxmikant - Pyarelal,Anand Bakshi,Music India,0
ea3a27a7-e140-5b20-a46b-f8149754d795,Taqdeer Ka Badshah,1982,"Hindi, Film",Bappi Lahiri,"Nandi Khanna, Anjaan",H.M.V.,0
c8995d72-1f0b-5d3d-94b3-e2dd85040275,Teesri Ankh,1982,"Hindi, Film",Laxmikant - Pyarelal,Anand Bakshi,H.M.V.,2.5
717a8b94-ad28-5f2e-ae31-44430d78b364,Ten Ragas To A Disco Beat,1982,"Instrumental, Non Film",Charanjit Singh,,Saregama,0
24803ec4-7dab-5bb4-85ad-d51bc1395ea4,Teri Kasam,1982,"Hindi, Film",R.D. Burman,Anand Bakshi,Music India,3.67
2f587183-bd55-546d-a08f-b05dfb8cf6db,Teri Maang Sitaron Se Bhar Doon,1982,"Hindi, Film",Laxmikant - Pyarelal,Anand Bakshi,Music India Limited,0
1bdd810d-4c80-5f25-9eac-c425e72a0129,The Khazana Concert - Hariharan & Rajendra Mehta,1982,"Hindi, Non Film","Rajendra Mehta, Govindprasad Jaipurwala, Hariharan, Jaidev",Bashir Badr,Universal,0
0ed9ec4d-9226-5b96-a8ae-01e4f04f5fb2,The Latest,1982,"Hindi, Non Film","Jagjit Singh, Chitra Singh",Sudarshan Faakir,CBS,3.0
dcf850b3-ce81-5366-becd-f9734bbc6251,Tumhaare Bina,1982,"Hindi, Film",Raamlaxman,Govind Moonis,H.M.V.,0
1207b467-09ad-5e65-bd6a-15135e99d406,Ustadi Ustad Se,1982,"Hindi, Film",Raamlaxman,"Ravinder Rawal, Dilip Tahir, Gauhar Kanpuri",H.M.V.,3.5
fc8892d8-def9-580a-8a3b-adefdb960d97,Vakil Baboo,1982,"Hindi, Film",Laxmikant - Pyarelal,Anand Bakshi,H.M.V.,0
80b88c1b-0f67-5ff6-9584-7856085bd7bc,Vidhaata,1982,"Hindi, Film",Kalyanji - Anandji,Anand Bakshi,H.M.V.,3.5
8954443b-59d6-5a6b-b209-8e91d678aad0,Vijeta,1982,"Hindi, Film",Ajit Varman,Vasant Dev,CBS,4.33
582b48a2-653e-58db-8fe4-e28dbd464191,Waqt Ke Shehzade,1982,"Hindi, Film",Usha Khanna,"Indeevar, Hassan Puri",H.M.V.,0
3b09f75f-2d1b-580c-8db3-7773139b9fa3,Waqt Ki Pukar,1982,"Hindi, Film",Bappi Lahiri,Gauhar Kanpuri,Super Hits Music,0
d3f1914c-7573-536a-a8fc-11cdab7a7018,Waqt Waqt Ki Baat,1982,"Hindi, Film",Rajesh Roshan,Anjaan,Polydor,0
42220e7f-f480-53d4-86e9-f09156badfb7,Yeh Nazdeekiyan,1982,"Hindi, Film",Raghunath Seth,"Vinod Pande, Ganesh Bihari Srivastava, Kaifi Azmi, J.P. Dixit",H.M.V.,0
eaae2add-17b1-567b-9a41-f14f6aefce0d,Yeh To Kamaal Ho Gaya,1982,"Hindi, Film",,,H.M.V.,0
913dc34e-955f-5a6b-8c8a-ab530c800ae2,Yeh Vaada Raha,1982,"Hindi, Film",R.D. Burman,Gulshan Bawra,Music India,4.8
95361662-2af4-5542-98cf-8d7d9904a529,Zakhmee Insaan,1982,"Hindi, Film",Nadeem - Shravan,"Surendra Sathi, Gauhar Kanpuri, Anwar Sagar",H.M.V.,0
b5b16d9f-8fc1-5320-afb2-a95200b16657,Aagaman,1983,"Hindi, Film",Ustad Ghulam Mustafa Khan,"Faiz Ahmed Faiz, Hasrat Jaipuri",H.M.V.,0
386ce3e5-ae49-57f0-a834-e73f1f8c6a74,Aao Pyar Karen,1983,"Hindi, Film",Manas Mukherjee,Yogesh,H.M.V.,0
17f57c47-d1c6-5e98-aa2a-c4ce5c5be3df,Ae Mere Dil,1983,"Hindi, Film","Jagjit Singh, Chitra Singh","Sardar Anjum, Rahi Masoom Raza",Super Hits Music,3.6
985d4af7-bfb0-5122-8745-d77c85ff6f1b,Agar Tum Na Hote,1983,"Hindi, Film",R.D. Burman,Gulshan Bawra,CBS,3.8
a0d875cd-6ca4-5985-9ed7-dac5f33b4c46,Andhaa Kaanoon,1983,"Hindi, Film",Laxmikant - Pyarelal,Anand Bakshi,H.M.V.,0
1d8d1ea8-6712-5a63-86ca-3f5ff6f67b2a,Ardh Satya,1983,"Hindi, Film",Ajit Verman,,Music India,0
78bcf6d4-42de-55d4-bebb-0a2cbafc5bd9,Arpan,1983,"Hindi, Film",Laxmikant - Pyarelal,Anand Bakshi,H.M.V.,3.67
d5c0fed8-73ea-5b0b-b4bf-793f181f24e6,Avtaar,1983,"Hindi, Film",Laxmikant - Pyarelal,Anand Bakshi,H.M.V.,3.0
74a1e325-6946-5c6b-a56b-2017286be3b8,Baap Bete,1983,"Hindi, Film",Ilaiyaraaja,Shiv Shankar Vashisht,H.M.V.,0
9233f013-7f88-58d6-a6ce-3d8df7c7dbb6,Bachchon Ka Khel,1983,"Hindi, Film",Hemant Bhosle,Gulshan Bawra,H.M.V.,0
f0b7ce6f-d9bf-50df-96e4-0df3e9deb80a,Bade Dil Wala,1983,"Hindi, Film",R.D. Burman,Majrooh Sultanpuri,H.M.V.,0
f4523a7b-7aff-5ce7-9b64-b9719ff2d27f,Bandhan Kuchchey Dhaagon Ka,1983,"Hindi, Film",Hemant Bhosle,Anjaan,H.M.V.,3.0
95a1fde1-01f3-5a76-8368-0090fc7f1556,Be-Aabroo,1983,"Hindi, Film",Ajay Swami,Zafar Rahi,H.M.V.,0
d702f71b-8a3e-59a2-ae12-4c9d97fdaf43,Bekaraar,1983,"Hindi, Film",Laxmikant - Pyarelal,Anand Bakshi,H.M.V.,0
51e0d05a-63a6-583d-bd30-568e79922e4e,Betaab,1983,"Hindi, Film",R.D. Burman,Anand Bakshi,H.M.V.,3.0
ee6e29c0-27df-5d41-b429-ffe67396436b,Bura Aadmi,1983,"Hindi, Film",Bappi Lahiri,Indeevar,Super Hits Music,0
d1e86e3b-cd10-574c-9be3-f5d04d1bb867,Chatpatee,1983,"Hindi, Film",Basu - Manohari,Yogesh Gaud,H.M.V.,3.5
348500f2-d662-5df6-b710-f80dd638f0a5,Chor Mandali,1983,"Hindi, Film",Kalyanji - Anandji,G.L. Rawal,CBS,0
8dab44ee-5cbe-53cb-8bb1-4526e4584ebd,Chor Police,1983,"Hindi, Film",R.D. Burman,Nida Fazli,H.M.V.,3.67
a45a4739-b070-5036-af00-dac799ce11dd,Coolie,1983,"Hindi, Film",Laxmikant - Pyarelal,Anand Bakshi,Music India,2.5
5cf9bb77-d53b-58c2-b3ef-a3fb9596d975,Cricketer,1983,"Hindi, Film",DCS (London),Safi Hassan,H.M.V.,0
e392d716-3d31-5dfd-b26b-ea0c57511b75,Dard Ka Rishta,1983,"Hindi, Film",R.D. Burman,Anand Bakshi,H.M.V.,0
392a3815-be42-5e55-88ac-28f65f69ce37,Dard-E-Dil,1983,"Hindi, Film",Raamlaxman,Mahendra Dehlvi,H.M.V.,0
b07f221b-2e2d-5a8f-9de7-3eec1c9de5f2,Daulat Ke Dushman,1983,"Hindi, Film",R.D. Burman,Majrooh Sultanpuri,H.M.V.,4.0
8a19da22-5a8f-5930-a52e-b7bd3c841cb6,Dhat Tere Ki,1983,"Hindi, Film",Kuldeep Singh,Sayeed Quadri,Music India Limited,2.5
3d24012c-8939-568e-893c-6395f6199672,Do Gulaab,1983,"Hindi, Film",Bappi Lahiri,Indeevar,H.M.V.,0
099fa6c7-f9ef-5b5d-b38b-54a1b5b78638,Door Desh (Gehri Chot),1983,"Hindi, Film",Usha Khanna,Indeevar,H.M.V.,3.0
c5461318-fab0-574d-9bc1-b88619412146,Door Door Paas Paas,1983,"Hindi, Film",Shyam Sagar,"Sameer, Jolly, Anjaan",H.M.V.,0
11464949-36f8-5dfb-887d-34c172d4610b,Doosri Dulhan,1983,"Hindi, Film",Bappi Lahiri,"Narendra Sharma, Amit Khanna, Mahendra Dehlvi",Music India Limited,3.0
21673307-ed5b-5184-9af1-eeab44a2bebf,Doud Dhoop,1983,"Hindi, Film",Naresh - Hansraj,"Jeevan Kushwaha, Baburao Rokde, Ramprasad",Music India,2.5
f092a776-78a8-53cd-92cc-b93b56b0a478,Ek Din Bahu Ka,1983,"Hindi, Film",Bappi Lahiri,Indeevar,H.M.V.,0
370e8e83-a471-5451-aa11-e5bae5670a8a,Ek Jaan Hain Hum,1983,"Hindi, Film",Anu Malik,Anjaan,CBS,3.5
a963b822-1872-5e0b-aa79-a181aca2ebd4,Faraib,1983,"Hindi, Film",Bappi Lahiri,Indeevar,Music India Limited,0
10a5fb12-e79b-51c0-9873-c2df6aeae626,Farz Ki Keemat,1983,"Hindi, Film",Sonik - Omi,Hasrat Jaipuri,H.M.V.,0
abfe315a-e81e-54d8-91be-25afad798e22,Film Hi Film,1983,"Hindi, Film","N. Dutta, Shankar - Jaikishan, Bhola Shreshtha, Bappi Lahiri, Chitragupt, Laxmikant - Pyarelal","Sahir Ludhianvi, Shailendra, Hasrat Jaipuri, Prem Warbartani, Indeevar, Rajendra Krishan, Anand Bakshi",Music India,0
c8cea264-921b-51fb-90be-f33cd9e01b64,Ganga Meri Maa,1983,"Hindi, Film",R.D. Burman,Gulshan Bawra,Music India Limited,2.5
456639d1-819c-5fbb-9454-dd7f36b1bb86,Ghungroo,1983,"Hindi, Film",Kalyanji - Anandji,"Prakash Mehra, Anjaan, Prabha Thakur",H.M.V.,3.67
1c825794-151b-5ec5-99c9-e6edadc8ca03,Grahasthi (Kaise Karoon Singaar),1983,"Hindi, Film",Ravindra Jain,Ravindra Jain,H.M.V.,0
a0972fd9-c56c-5af7-9ba8-0b633c2d56ab,Haadsaa,1983,"Hindi, Film",Kalyanji - Anandji,M.G. Hashmat,Music India Limited,0
bc1fa659-4cea-5787-a838-61ccd256dec6,Hero,1983,"Hindi, Film",Laxmikant - Pyarelal,Anand Bakshi,H.M.V.,4.0
4fde92ad-6874-55c0-99d4-7528711d70a6,Himmatwala,1983,"Hindi, Film",Bappi Lahiri,Indeevar,H.M.V.,3.5
7d7d4655-d388-54e4-8e0d-6da849e1548b,Hum Se Hai Zamana,1983,"Hindi, Film",Raamlaxman,"Ravinder Rawal, Maya Govind",CBS,2.5
9f06966d-db44-53d4-8db2-3b4d3c67451f,Hum Se Na Jeeta Koi,1983,"Hindi, Film",Bappi Lahiri,"Faruk Kaiser, Gauhar Kanpuri, Anjaan",Super Hits Music,0
94567c71-1548-5316-bb4b-d0d866ee550d,Jaane Bhi Do Yaaro,1983,"Hindi, Film","Vanraj Bhatia, Traditional","Girija Kumar Mathur, Traditional",,0
7223a107-e5b6-5f12-8a07-837b25d51d17,Jaane Jaan (Nikamma),1983,"Hindi, Film",R.D. Burman,Gulshan Bawra,Polydor,3.33
1c66b53d-5574-52ce-99cb-c8e5680d88d3,Jaani Dost,1983,"Hindi, Film",Bappi Lahiri,Indeevar,H.M.V.,0
b61d5e9d-3904-576e-9548-b0f28f889189,Jai Baba Amarnath,1983,"Hindi, Film",Usha Khanna,Pt. Pradeep,Music India,0
85ccd0c4-ef41-514f-96e6-363ef421d45d,Jeena Hai Pyar Mein,1983,"Hindi, Film",Basu - Manohari,Naqsh Lyallpuri,Super Hits Music,0
c22ca46c-5803-5057-b4b0-8d148fcdec6b,Jeet Hamaari,1983,"Hindi, Film",Bappi Lahiri,"Maya Govind, Indeevar",H.M.V.,0
8bfcf118-2b2e-5eb8-a00e-49f57ef6af0d,Justice Chaudhury,1983,"Hindi, Film",Bappi Lahiri,Indeevar,Music India Limited,3.5
823477aa-8028-5fc8-a3e4-3c7829ae6064,Kahaan Tak Aasmaan Hai,1983,"Hindi, Film",Raghunath Seth,Kaifi Azmi,H.M.V.,3.5
d3a4c202-c359-5a71-a352-7883e4850323,Kaise Kaise Log,1983,"Hindi, Film",Padamshree,"Sajan Dehlvi, Padamshree",Polydor,0
448a399f-03f4-51c7-aa9d-369de6f582ac,Kalaakaar,1983,"Hindi, Film",Kalyanji - Anandji,"Indeevar, Manoj Kumar",CBS,4.5
a6c22f57-49fc-58d3-b410-4727283bd318,Kalka,1983,"Hindi, Film","Jagjit Singh, Chitra Singh, Traditional","Madhosh Bilgrami, Dinesh - II, Satyanarain - I, Traditional",Super Hits Music,0
746dccb3-b12e-54f7-8995-49d39f682dd3,Karate,1983,"Hindi, Film",Bappi Lahiri,S.H. Bihari,H.M.V.,0
061801a2-3152-5fa6-8752-89d3a0656f68,Katha,1983,"Hindi, Film",Rajkamal,Indu Jain,H.M.V.,4.33
1d293760-722b-5ff9-98aa-a3c693b62f25,Kaun Hai Woh?,1983,"Hindi, Film",Kamal Kant,"Jalal Jhansvi, Asad Bhopali",Super Hits Music,0
05f0c7c4-7c41-5130-bd82-9dfc83bc60b2,Kaun? Kaisey??,1983,"Hindi, Film",R.D. Burman,Gulshan Bawra,H.M.V.,3.5
c760cb57-2668-5b78-a6e1-9b7dffcc3c45,Kehdo Pyar Hai,1983,"Hindi, Film",Bappi Lahiri,Indeevar,H.M.V.,0
25184ca7-b8ac-5102-9630-0fff71f47364,Kissise Na Kehna,1983,"Hindi, Film",Bappi Lahiri,Yogesh Gaud,Oriental Gramophone Record Company,3.0
ab642b47-6f10-56bf-a87a-d0c1d871a6de,Laalach,1983,"Hindi, Film",Bappi Lahiri,"Faruk Kaiser, Anjaan",H.M.V.,3.0
ca20258f-7174-5a2e-a895-45c1e63604ab,Lal Chunariyaa,1983,"Hindi, Film",Shamji - Ghanshaamji,Kulwant Jani,H.M.V.,0
30e65584-e438-5e65-b0ae-61b4dc4c759b,Live At Royal Albert Hall,1983,"Hindi, Non Film",Jagjit Singh,"Firaq Gorakhpuri, Sardar Anjum, Inderjeet Hassanpuri, Abdul Hameed Adam, Rahi Masoom Raza, Sahir Hoshiarpuri, Qateel Shifai, Traditional, Qamar Jalalabadi, Rana Akbarabadi, Saeed Rahi, Nazeer Banarasi, Indeevar, Kunwar Mohinder Singh Bedi Sahar, Ameer Minai",Saregama,0
632762d9-d968-5ecf-8c76-a181e8cb609c,Love In Goa,1983,"Hindi, Film","Alfred Rose, Bappi Lahiri","Alfred Rose, Faruk Kaiser, Anjaan",CBS,2.5
5d95586c-c553-5db3-9a4d-f903453a65de,Lovers,1983,"Hindi, Film",R.D. Burman,Anand Bakshi,H.M.V.,3.0
cba969d6-91c0-53b5-b95e-8f8050f4462f,Mahaan,1983,"Hindi, Film",R.D. Burman,Anjaan,Music India Limited,3.67
baaf5c38-7662-52af-ba69-1813fb721cfd,Main Awara Hoon,1983,"Hindi, Film",R.D. Burman,Anand Bakshi,CBS,2.5
521f5ce0-dfb2-53e8-8c52-24d66472f7e7,Mandi,1983,"Hindi, Film","Vanraj Bhatia, Aziz Ahmed Khan Warsi","Ibn-E-Insha, Kabir, Makhdoom Mohiuddin, Sarwar Danda, Bahadur Shah Zafar, Mir Taqi Mir",Music India,3.5
1b818784-4f58-5dc9-9ff7-d2c5f10f6132,Mangal Pandey,1983,"Hindi, Film",Anu Malik,"Anjaan, Hasrat Jaipuri, Kafeel Azar",Super Hits Music,0
9a346de8-0928-51dd-9d28-a6d3b387ff54,Masoom,1983,"Hindi, Film",R.D. Burman,Gulzar,H.M.V.,4.8
0decdc31-f78d-5b4b-8023-839b0442772f,Mausam Suhana,1983,"Hindi, Film",Vasant Dalal,"Dipak Jaunpuri, Pratap Verma, Vasant Dalal, Shunya Palanpuri",Music India Limited,0
9a857068-0803-5906-b489-7911a09aadd1,Mawaali,1983,"Hindi, Film",Bappi Lahiri,Indeevar,H.M.V.,2.5
81be1409-a263-5518-b752-11662711c7ee,Mazdoor,1983,"Hindi, Film",R.D. Burman,"Hasan Kamal, Faiz Ahmed Faiz",H.M.V.,0
2332b905-493b-5b1f-a560-11e533b182c9,Mehndi,1983,"Hindi, Film",Khayyam,Verma Malik,H.M.V.,3.33
6c82fb0e-c865-5012-9b32-f356b6490e1a,Meraj-E-Ghazal,1983,"Hindi, Non Film",Ghulam Ali,"Manzoor Ahmer, Nasir Kazmi, Ahmad Nadeem Qasmi, Ahmad Faraz, Naqsh Lyallpuri, Saleem Gilani, Saghar Siddiqui, Shabih Abbas, Faiz Ahmed Faiz",H.M.V.,0
ad3a8cc6-4740-5027-a198-107b81cb421f,Meri Kahani,1983,"Hindi, Film",Ajit Singh,"Ajit Singh, Faruk Kaiser",H.M.V.,0
c2653684-b8b4-5e81-8222-10d2ab9dec3c,Mujhe Insaaf Chahiye,1983,"Hindi, Film",Laxmikant - Pyarelal,Anand Bakshi,Music India Limited,3.0
6dc76621-724d-5ae4-be50-405f06666148,Mujjhe Vachan Do,1983,"Hindi, Film",Raamlaxman,Ravinder Rawal,H.M.V.,0
fa632450-3ead-5a61-ac07-a9a30e9168dc,Nastik,1983,"Hindi, Film",Kalyanji - Anandji,Anand Bakshi,Music India,3.75
2d01b92e-6227-592d-ae27-37038cb80074,Naukar Biwi Ka,1983,"Hindi, Film",Bappi Lahiri,Anjaan,H.M.V.,3.5
0c55c937-71c9-556a-8166-362eef5e14c6,Navaratri,1983,"Hindi, Film",Ravindra Jain,Ravindra Jain,H.M.V.,0
01121e3c-2060-5ae2-91ad-06e9ab0c61ee,Nigahain,1983,"Hindi, Film",Sardar Malik,"Jan Nisar Akhtar, Hasrat Jaipuri, Sardar Malik",Music India,0
74100221-a1c4-5466-be08-966df6037a65,Nirvana,1983,"Hindi, Film","Jagjit Singh, Chitra Singh","Rahi Masoom Reza, Rajesh Johri",CBS,0
76a98605-61aa-5185-b19d-3abda60916f4,Nishaan,1983,"Hindi, Film",Rajesh Roshan,Gulshan Bawra,H.M.V.,3.0
8b0ced21-ce7d-5a39-9e7e-25ca1f049cb9,Paanch Khiladi,1983,"Hindi, Film",Ranjeet Gazmer,"Aish Kanwal, Rajendra Sanjay, Liyaqatullah",H.M.V.,0
166978a2-4928-5632-8e22-75acc90b1d82,Paimana - Magic Of Pankaj Udhas,1983,"Hindi, Non Film",,,Universal,0
e40e9a37-0566-5883-b253-6d30832f5a72,Painter Babu,1983,"Hindi, Film",Uttam - Jagdish,"Manoj Kumar, Qateel Shifai, Qamar Jalalabadi",H.M.V.,0
1acc7162-5d59-5fc6-b511-d2e510e993d0,Pasand Apni Apni,1983,"Hindi, Film",Bappi Lahiri,"Anjaan, Yogesh Gaud",H.M.V.,0
6e69b261-b2bf-5757-870b-bfb56edda024,Prem Tapasya,1983,"Hindi, Film",Laxmikant - Pyarelal,Anand Bakshi,H.M.V.,0
afae3701-55e4-5faa-8e93-5c9325c11895,Pukar,1983,"Hindi, Film",R.D. Burman,Gulshan Bawra,Music India Limited,4.0
83560ffc-4224-587b-bc79-39888654c505,Qayamat,1983,"Hindi, Film",R.D. Burman,Majrooh Sultanpuri,H.M.V.,0
73f0df54-ef35-5c2b-bc3d-5d56832c1a48,Raaste Aur Rishte,1983,"Hindi, Film",Usha Khanna,Yogesh Gaud,H.M.V.,0
ba66667f-417f-5483-85ae-3ce3ecaaa20b,Rachna,1983,"Hindi, Film",C.K. Chauhan,K.L. Pardesi,Polydor,0
621915ad-c097-53c1-8601-d04c5f57d67d,Rang Birangi,1983,"Hindi, Film",R.D. Burman,"Maya Govind, Yogesh, Kaka Hathrasi",H.M.V.,4.0
acda0402-48fc-5e0d-b7dd-7712a142410f,Razia Sultan,1983,"Hindi, Film",Khayyam,"Jan Nisar Akhtar, Kaif Bhopali, Nida Fazli, Kaifi Azmi, Maya Govind",H.M.V.,4.67
cde1a792-88c4-5a1a-a7df-6977df8810c2,Rishta Kagaz Ka,1983,"Hindi, Film","Rajesh Roshan, Ravi","Majrooh Sultanpuri, Prem Dhawan",CBS,3.0
e244d20c-dd10-51cc-ba41-66303a33f933,Romance,1983,"Hindi, Film",R.D. Burman,Anand Bakshi,Music India Limited,3.5
f894caca-abd9-533c-8bd0-d2196c55aeee,Rusvai,1983,"Hindi, Film",R.D. Burman,"Indeevar, Kavi Pradeep",H.M.V.,3.67
501aad0d-bec0-5a4f-af43-d8741e0bb058,Sadma,1983,"Hindi, Film",Ilaiyaraaja,Gulzar,CBS,4.75
ddb97709-defd-5f66-be98-24243358553b,Salam-E-Mohabbat,1983,"Hindi, Film",Usha Khanna,"Nida Fazli, Gauhar Kanpuri",Polydor,0
4bc85c2a-4eb6-5e3f-9ead-e80e96ad6259,Sampark,1983,"Hindi, Film",Ravindra Jain,Yogesh,Music India,3.33
6dec8d1c-747b-55b2-b4cf-a4b4263c3546,Sant Ravidas Ki Amar Kahani,1983,"Hindi, Film",Chitragupt,"Guru Ravidass Ji, Uday Khanna",H.M.V.,0
9f1db70c-28df-541a-b21c-335fb735376b,Sardaar,1983,"Hindi, Film",Usha Khanna,"Kulwant Jani, Irshad, Nida Fazli",Super Hits Music,0
742b146a-c7f7-5059-876c-56c09fa0b131,Sati Naag Kanya,1983,"Hindi, Film",C. Arjun,Indivar,H.M.V.,0
e806dbd2-611c-5126-9fad-b0566f0a3f5a,Shubh Kaamna,1983,"Hindi, Film",R.D. Burman,Anjaan,Music India,3.33
0b56a72b-0537-578c-8ddf-57881f78ba5a,Siskeyan,1983,"Hindi, Film",Sapan - Jagmohan,"Naqsh Lyallpuri, M.G. Hashmat, Shivkumar Saroj",H.M.V.,0
1c0d9efd-06ec-5e5d-adfa-6f573db76328,Sookha,1983,"Hindi, Film",Kuldeep Singh,"Fahmida Riaz, Javed Siddiqui",,0
e4bcdb4b-37a1-58cc-9ff2-64283d9fea68,Souten,1983,"Hindi, Film",Usha Khanna,"Saawan Kumar, Pradeep Kaushik",H.M.V.,4.0
17026e0f-b9ef-555f-9d99-e20ed2d9873d,Sukoon,1983,"Hindi, Non Film",Hariharan,"Mumtaz Rashid, Shaahid Akhtar, Qateel Shifai, Ibrahim Ashq, Momin",EMI,0
bdb7e810-06ec-5c64-8d03-6af5d986a3ed,Sun Meri Laila,1983,"Hindi, Film",Raamlaxman,Mahendra Dehlvi,Rajshri Music,0
4f6dae91-0414-5bb0-905f-8517e491397b,Sweekar Kiya Maine,1983,"Hindi, Film",Usha Khanna,"Nida Fazli, Manohar Khanna, Vithalbhai Patel",H.M.V.,4.33
460f6abb-296f-5d0d-ad44-648065eba569,Taqdeer,1983,"Hindi, Film",Kalyanji - Anandji,"Anjaan, Indivar, Maya Govind, Faruk Kaiser",Music India Limited,0
693e74b3-66c3-5574-b74e-5830a5276660,Tum Laut Aao,1983,"Hindi, Film","Jagjit Singh, Chitra Singh, Traditional","Sudarshan Faakir, Traditional",Super Hits Music,0
246c4b89-627e-56ec-b6a7-183e215e0a6e,Wanted,1983,"Hindi, Film",Bappi Lahiri,Anjaan,H.M.V.,0
2c4e48cb-860a-5849-a04d-020bfc1baba6,Wasta,1983,"Hindi, Film",Ajit Varman,"Abhilash, Vasant Dev",Music India,0
85187d5e-a542-5134-8a89-416e878bd81c,Woh 7 Din,1983,"Hindi, Film",Laxmikant - Pyarelal,Anand Bakshi,Music India Limited,3.5
6ce6ca08-cab8-59d3-9de1-ca81cd12db30,Woh Jo Hasina,1983,"Hindi, Film",Raamlaxman,"Ravinder Rawal, Gauhar Kanpuri, Naqsh Lyallpuri",H.M.V.,0
97295cdc-19e1-5d5a-9bfc-eb3f02b46a47,Yaadgaar,1983,"Hindi, Film",Bappi Lahiri,"Anjaan, Indeevar",Music India Limited,0
85b57339-d937-5278-a615-323e1bacf99a,Yahan Se Shahr Ko Dekho,1983,"Hindi, Film",Raju Naushad,"Rahi Masoom Reza, Majrooh Sultanpuri",,0
0668dff1-9a28-5c32-a25b-cc3256d4f600,Zara Si Zindagi,1983,"Hindi, Film",Laxmikant - Pyarelal,Anand Bakshi,H.M.V.,0
87beb8f0-fbe6-5d9a-be2d-4a78e59517e7,Aage Moad Hai (Aagay Moad Hai),1984,"Hindi, Film",Raghunath Seth,"Ravi Misra, Pradeep Rao",Music India,0
c1f409cf-2f7a-56dd-9c5a-b708152443bc,Aaj Kaa M.L.A. Ram Avtar,1984,"Hindi, Film",Bappi Lahiri,Indeevar,H.M.V.,0
5a4f4631-9b40-5461-848a-4e4b02e389bc,Aaj Ke Sholey,1984,"Hindi, Film",Satyam - Kamalkant,,,0
c160930a-61d6-55ba-90c2-4d3f136a0822,Aaj Ki Awaz,1984,"Hindi, Film","Ravi, Traditional","Hasan Kamal, Mohammed Iqbal, Traditional",H.M.V.,0
0737ad49-35e4-5f39-91b3-f2c7881b04a4,Aakhir (Khoon Aur Sazaa),1984,"Hindi, Film",Jimmy,"Abhilash, Indeevar, Dev Kohli",CBS,0
e5716548-ef29-5539-bd9c-5c786d6bf491,Aan Aur Shaan,1984,"Hindi, Film",R.D. Burman,Majrooh Sultanpuri,CBS,2.5
2196448e-9cbd-5e4d-bb29-2cf5c2693e95,Aao Aise Mohabbat Karen,1984,"Hindi, Non Film",Bhupinder Singh,"Qateel Rajasthani, Ravinder Rawal",Saregama,0
033be25f-1b76-507e-9d86-fd42df92f730,Aao Jao Ghar Tumhara (Tu Hi Tu),1984,"Hindi, Film",Kalyanji - Anandji,"Anjaan, Maya Govind, Verma Malik",,0
ca12a93e-fd61-5484-8d85-4f79a2633beb,Aasmaan,1984,"Hindi, Film",Anu Malik,Anand Bakshi,Music India Limited,3.0
3034bdea-44ae-5352-9b74-16b279da602a,Ab Ayega Mazaa,1984,"Hindi, Film",Anand - Milind,Sameer,CBS,3.0
5d79080e-42a1-596b-82f3-7372f9dec329,Abodh,1984,"Hindi, Film",Ravindra Jain,Ravindra Jain,Rajshri Music,0
cc25d61a-6f37-5a65-952c-2cf669dc9f81,Akalmand,1984,"Hindi, Film",Laxmikant - Pyarelal,Anand Bakshi,Music India Limited,0
7b724cbc-0880-5741-aaa7-2f2c7bd21e6b,All-Rounder,1984,"Hindi, Film",Laxmikant - Pyarelal,Anand Bakshi,H.M.V.,0
a120ddec-1d83-5b9f-a5b6-f79881ba0fb3,Amar Jyoti,1984,"Hindi, Film",Jaidev,Naqsh Lyallpuri,Music India,3.0
7b35db6c-8292-5409-ba15-7d8462975319,Amma,1984,"Hindi, Film",Rajkamal,"Indeevar, Qamar Jalalabadi, Mahendra Dehlvi",H.M.V.,0
48e3b33d-6bac-5ae0-90cf-b5f11643f72e,Anand Aur Anand,1984,"Hindi, Film",R.D. Burman,Anjaan,CBS,3.5
6586fc08-bd7c-5a7c-92e3-ec54e4f7e5b6,Andar Baahar,1984,"Hindi, Film",R.D. Burman,Gulshan Bawra,CBS,4.0
77b10c9d-7523-5563-8577-6ab1360e3c85,Ankahee,1984,"Hindi, Film",Jaidev,"Kabir, Balkavi Bairagi, Tulsidas, Traditional",Music India,3.0
4ae2e741-3fd4-5b6b-8832-0b77b40e9017,Asambhava,1984,"Hindi, Film",Binoy Hasib,"Vishwanath Sachdev, Shyam Anuragi",H.M.V.,0
6db88e18-f1a6-58a2-8262-cec29163464f,Asha Jyoti,1984,"Hindi, Film",Laxmikant - Pyarelal,Anjaan,H.M.V.,0
b6ff207d-6294-5f56-896d-625d4adcd56f,Ashray (The Shelter),1984,"Hindi, Film",Ustad Mohd. Dilshad Khan,Arun Chopra - I,CBS,0
9fdfc762-8684-598f-b831-49783798e968,Awaaz,1984,"Hindi, Film",R.D. Burman,Anand Bakshi,CBS,3.0
e0f5fa5f-2a7c-56f1-9571-0bf8fbffbbac,Baazi,1984,"Hindi, Film",Laxmikant - Pyarelal,Anand Bakshi,CBS,2.5
da7c7fad-a35f-5b77-a037-f96a59fd87e1,Bad Aur Badnam,1984,"Hindi, Film",Laxmikant - Pyarelal,Anand Bakshi,H.M.V.,0
745fa549-c6ec-5f73-9916-12051ae62c46,Bhavna,1984,"Hindi, Film",Bappi Lahiri,Kaifi Azmi,H.M.V.,3.0
e9941525-c98f-51fe-b016-7655b8984b99,Bhemaa,1984,"Hindi, Film",R.D. Burman,Anjaan,Oriental Gramophone Record Company,0
22de61cc-9e36-5768-800c-e4963346cc25,Bindiya Chamkegi,1984,"Hindi, Film",R.D. Burman,Anjaan,H.M.V.,3.0
95cdeae2-ed54-5df4-8df4-a46bf77d687e,Bond 303,1984,"Hindi, Film",R.D. Burman,Gulshan Bawra,H.M.V.,3.33
dfc140ef-3e58-59e3-85cc-eb490b1beadb,Boxer,1984,"Hindi, Film",R.D. Burman,Gulshan Bawra,CBS,3.0
0d0df939-2a2f-5719-a5c1-33f3d3fa328f,Captain Barry,1984,"Hindi, Film",Usha Khanna,Anjaan,H.M.V.,0
e8878b1e-095c-5f02-bc1a-9620f057424c,Chakma,1984,"Hindi, Film",Bappi Lahiri,Anand Bakshi,H.M.V.,0
e3c0ed33-b630-5bae-a7d1-ff7858534d34,Conversations,1984,"Instrumental, Non Film",,,Subramaniam Entertainment,4.5
7fa645bc-c2fe-578f-91dc-0c4d9efbcfca,Dharm Aur Qanoon,1984,"Hindi, Film","Kalyanji - Anandji, Raamlaxman","Bhushan Banmali, Ravinder Rawal, Anjaan",H.M.V.,0
ae3789de-a2d9-58b3-91cb-bc3f24cb22a2,Dhokebaaz,1984,"Hindi, Film",Ravindra Jain,"Ravindra Jain, Hasrat Jaipuri",Polydor,0
b9a2aca6-6c4f-5585-8d2b-78bafa988514,Do Yaaron Ki Yaari,1984,"Hindi, Film",Sonik - Omi,"Omi, Naqsh Lyallpuri",H.M.V.,0
1ae59eda-b891-5367-8a48-81a69febec75,Duniya,1984,"Hindi, Film",R.D. Burman,Javed Akhtar,Music India,3.0
e74bb613-82b7-5eb4-933d-3b0bb5fd01a9,Dushmano Ka Dushman,1984,"Hindi, Film",Sapan - Jagmohan,Gauhar Kanpuri,H.M.V.,0
88ee92d5-a69a-502a-985a-9851c7331041,Ecstasies,1984,"Hindi, Non Film",Jagjit Singh,"Rais Akhtar, Bekal Utsahi, Madan Pal, Saeed Rahi, Salam Machhli Shehri, Sahir Hoshiarpuri, Ibrahim Ashq",Saregama,0
bbcef3a6-b27c-50cc-a5e5-ed0ada857e94,Ek Nai Paheli,1984,"Hindi, Film",Laxmikant - Pyarelal,Anand Bakshi,Music India Limited,3.0
6e45a022-8fed-54d6-b921-2f8cf92d8981,Ek Zindgi Arman Bhari,1984,"Hindi, Film",Sandeep Chakravarthy,"Nadan, P.L. Sawant, K.N.J., Navrang Bharti",H.M.V.,0
9c518017-5535-50c8-96c9-21fe22ad0257,Farishta,1984,"Hindi, Film",R.D. Burman,Anand Bakshi,H.M.V.,3.0
4dc70c5f-cea8-52d8-b6e9-60a1b4527920,Gangvaa,1984,"Hindi, Film",Bappi Lahiri,"Anjaan, Indeevar",H.M.V.,0
566c0502-3559-5fa7-b773-2c4df876b041,Geet Mere Pyaar Ka,1984,"Hindi, Film",Manohar Rai,Ibrahim Ashq,T-Series,0
6079f412-aa1a-59fd-a26e-0f68bc9d79a4,Ghar Ek Mandir,1984,"Hindi, Film",Laxmikant - Pyarelal,Anand Bakshi,H.M.V.,0
a6873b61-6d2b-5371-be50-dd4ee640ede5,Haisiyat,1984,"Hindi, Film",Bappi Lahiri,"Indeevar, Farooq Qaiser",H.M.V.,0
30f8fdf3-e20b-5c6b-b1c1-218884c08475,Hanste Khelte,1984,"Hindi, Film",Govind - Naresh,Yogesh Gaud,Inreco,0
8373f65c-29dc-5141-854d-0c591985e158,Hip Hip Hurray,1984,"Hindi, Film",Vanraj Bhatia,Gulzar,Music India,0
cb6491cf-7b5e-5cbe-9dc2-a981891762fa,Hum Bachhey Hindustan Ke,1984,"Hindi, Film",Zameer Bikaneri,Sanam Gorakhpuri,H.M.V.,0
64539cd2-2ad1-5754-8f1d-0bb11ad2e009,Hum Do Hamare Do,1984,"Hindi, Film",Ravi,Hasan Kamal,Super Hits Music,0
032842a6-bc5d-5ba8-9eb6-73e642f8a680,Hum Hain Lajawaab,1984,"Hindi, Film",R.D. Burman,Anand Bakshi,H.M.V.,3.0
d951ee0d-a05e-53d2-acd4-537f508b54a3,Hum Rahe Na Hum,1984,"Hindi, Film",Bappi Lahiri,Kaifi Azmi,Music India Limited,4.0
467634b7-dc78-5de7-9548-baa27066758d,Inquilaab,1984,"Hindi, Film",Laxmikant - Pyarelal,Anand Bakshi,CBS,3.5
2cb3bcde-95d7-5720-b414-9bfd9425c25a,Inteha,1984,"Hindi, Film",Rajesh Roshan,"Rajesh Roshan, Indeevar",H.M.V.,0
2cfc4077-1393-557c-93fa-c46a586eec45,Jaag Utha Insan,1984,"Hindi, Film",Rajesh Roshan,Indeevar,H.M.V.,0
f619e50f-87a1-54b6-a393-8ddcc62ebab3,Jagir,1984,"Hindi, Film",R.D. Burman,Anand Bakshi,Pink Sound,0
4afcba1a-479a-5257-8019-409acc3c71e3,Jawaani,1984,"Hindi, Film",R.D. Burman,Gulshan Bawra,Music India,4.25
61ba6e7f-beed-58e0-b6e8-ad56444b65d0,Jeene Nahi Doonga,1984,"Hindi, Film",Laxmikant - Pyarelal,Anand Bakshi,H.M.V.,0
a04e3887-2001-5c05-b02e-ae1ee80ae005,Jeevan Sandhya,1984,"Hindi, Film",Ajit Verman,Suraj Sanim,Mudra,3.5
2314149b-8b66-53e1-8a95-b0cb496c5491,Jhutha Sach,1984,"Hindi, Film",R.D. Burman,Majrooh Sultanpuri,H.M.V.,4.0
b4460c16-b128-5b24-b4f5-f7cb503d9e27,John Jani Janardhan,1984,"Hindi, Film",Laxmikant - Pyarelal,Anand Bakshi,CBS,0
8c67184a-2ae9-5cd1-b709-64c73778b891,Johny Ustad,1984,"Hindi, Film",Sonik - Omi,Brij Bihari,Weston,0
a924b08c-389e-5584-8826-139a13ab89a9,Kaamyab,1984,"Hindi, Film",Bappi Lahiri,Indeevar,Music India,2.5
690442df-4734-5ae3-be2c-df958d1326e7,Kamla,1984,"Hindi, Film",Bappi Lahiri,Gulrez,CBS,0
d44476b8-45a9-5953-b01d-66e893273bdc,Kanoon Meri Mutthi Mein,1984,"Hindi, Film",Rajkamal,"Asad Bhopali, Nida Fazli, Ram Bhardwaj",H.M.V.,0
e2abbf96-03d1-5088-88eb-6dfdbf291cbf,Karishmaa,1984,"Hindi, Film",R.D. Burman,Gulshan Bawra,Oriental Gramophone Record Company,3.67
757f26c6-c72e-58ae-9ed4-fcf312ac13e2,Kasam Paida Karnewale Ki,1984,"Hindi, Film",Bappi Lahiri,Anjaan,H.M.V.,3.5
9e299116-6d0c-5892-ad1d-a16ea36dabd5,Kiski Biwi,1984,"Hindi, Film",Vijay Batalvi,"Gauhar Kanpuri, Sudhakar Sharma",H.M.V.,0
86e2ca43-11c9-5d10-892d-719a87a57e90,Kunwari Bahu,1984,"Hindi, Film",Usha Khanna,Nida Fazli,CBS,0
c966b0d8-d574-573e-bd6d-6030bd0bf7d6,Laila,1984,"Hindi, Film",Usha Khanna,Saawan Kumar Tak,H.M.V.,0
beecc9bc-f8f5-58bd-8b19-1c8eb0e2319d,Lakhon Ki Baat,1984,"Hindi, Film",Manas Mukherjee,Yogesh Gaud,H.M.V.,0
90922374-c29e-5d10-932a-520959d7807c,Lallu Ram,1984,"Hindi, Film",Ravindra Jain,"Ravindra Jain, Traditional",T-Series,0
8a777909-e920-58e9-9037-da7db9669936,Lorie,1984,"Hindi, Film",Khayyam,Bashar Nawaz,H.M.V.,3.5
a579ab72-eac7-5f82-96b6-fc0c1a0276d0,Love Marriage,1984,"Hindi, Film",Anu Malik,Hasrat Jaipuri,H.M.V.,3.0
3967141c-3647-5edd-b5ec-4c1dd86bb24f,Maan Maryada,1984,"Hindi, Film",Usha Khanna,"Nida Fazli, Ram Bhardwaj",Music India Limited,0
486e759f-97a2-51d8-bae1-548dc1c04b10,Maang Saja Do Meri,1984,"Hindi, Film",Laxmikant - Pyarelal,"Anjaan, Prayag Raaj, Naqsh Lyallpuri",CBS,2.5
404be0ca-e417-5956-88bc-a7fa4527d9a6,Maati Maangey Khoon,1984,"Hindi, Film","Ghulam Ali, R.D. Burman","Mohsin Naqvi, Anand Bakshi",CBS,2.5
9fedc5c3-78df-575e-b531-87e15d249106,Mahadaan,1984,"Hindi, Film",G.S. Kohli,Anjaan,H.M.V.,0
88c69bdc-420c-59f5-a190-788e34e91376,Manzil Manzil,1984,"Hindi, Film",R.D. Burman,Majrooh Sultanpuri,H.M.V.,4.5
6e685403-4fa4-56ac-ad80-8046f7aed17e,Maqsad,1984,"Hindi, Film",Bappi Lahiri,Indeevar,Music India,0
42f0ee9e-fedb-55c4-9f23-40eca3240d97,Mashaal,1984,"Hindi, Film",Hridaynath Mangeshkar,Javed Akhtar,H.M.V.,3.5
7bb01563-eebd-5acb-9083-f001af22aa26,Mein Qatil Hoon,1984,"Hindi, Film",Basudev,Nida Fazli,H.M.V.,0
61af4972-8a5d-5eeb-afa5-45e67788ee1c,Mera Faisla,1984,"Hindi, Film",Laxmikant - Pyarelal,Anand Bakshi,H.M.V.,0
73bf01e5-e16e-5f43-8670-9cc0b21f60f7,Meraa Dost Meraa Dushman,1984,"Hindi, Film",Laxmikant - Pyarelal,Anand Bakshi,Music India Limited,3.0
aff89999-a34f-5124-8149-1845a456d726,Meri Adalat,1984,"Hindi, Film",Bappi Lahiri,Indivar,Music India Limited,0
24deb083-ace2-5697-9758-ab9b10f8b4a8,Mohabbat Ka Masihaa,1984,"Hindi, Film",Usha Khanna,"M. Maroof, Nida Fazli, Saawan Kumar",H.M.V.,0
c45943f4-7a50-55f5-a6ed-841f2fb2578d,Mujhe Shaktee Do,1984,"Hindi, Film",Ravi,Indeevar,Oriental Music,2.5
6134eed0-5e45-57c0-b38e-cacfb6cd3fcb,Musafir,1984,"Hindi, Film",R.D. Burman,Gulzar,CBS,4.0
72e0b145-7f34-580d-8324-8aa29f8053c5,Nadaniyan,1984,"Hindi, Film",Sumitra Lahiri,Sardar Anjum,H.M.V.,3.0
a0f93ce5-8576-51d8-b430-497d32e01286,Naya Kadam,1984,"Hindi, Film",Bappi Lahiri,Indeevar,Music India,0
f47d7a99-0084-5efc-88f0-3a1b69868aec,Paigham,1984,"Hindi, Film","Yunus Malik, G.S. Kohli",Hasan Kamaal,Music India,0
dcd200e9-58f8-57c2-a4a1-eafaa6aedef1,Pakhandee,1984,"Hindi, Film",Laxmikant - Pyarelal,Majrooh Sultanpuri,H.M.V.,0
0222c9c5-ffbf-57dc-8590-e92713ea2547,Papi Pet Ka Sawal Hai,1984,"Hindi, Film",Shankar - Jaikishan,"M.G. Hashmat, Hasrat Jaipuri, Vishweshwar Sharma, Prabha Thakur",H.M.V.,3.5
0dcc09c8-b2fc-5419-8401-2188ca3fe752,Pavithra Gangaa,1984,"Hindi, Film","M. Ranga Rao, Dilshad Kamal","Faruk Qaiser, P.B. Sreenivas",Music India Limited,2.5
72747874-7e95-54e2-a746-74c249e54afd,Pet Pyar Aur Paap,1984,"Hindi, Film",Bappi Lahiri,Bhushan Banmali,CBS,2.5
67bd2603-de16-5a3e-998d-78dad89c008e,Phulwari,1984,"Hindi, Film",Rajkamal,"R.S. Gustakh, Govind Moonis",Rajshri Music,0
c98c6c9d-33d7-572d-b4f6-35877a1eb4a2,Poster,1984,"Hindi, Film",Gopal Jawala,Shankar Shesh,H.M.V.,0
5f89fe50-150d-51b7-8745-4888a631603d,Pratibha,1984,"Hindi, Film",Sapan - Jagmohan,Mahender Dehlvi,Super Hits Music,0
9ed91b87-e1e8-5850-a6e8-8cf63eab5439,Prerana,1984,"Hindi, Film",Vijay Kumar - V,"Rajesh Johri, Nirmala Mishra, Moti Sagar - I, Somi Sharad",H.M.V.,0
b5f65ed1-281f-56bb-ad92-7f9f058385d1,Purana Mandir,1984,"Hindi, Film",Ajit Singh,"Amit Khanna, Asha Rani - I, Gitanjali Singh",CBS,3.75
5caf7223-0fee-5d99-8e59-1ccc43a1bfa3,Pyaase Honth (Tadap),1984,"Hindi, Film",Laxmikant - Pyarelal,Rajendra Krishan,CBS,0
0b56c17c-fda6-5e82-a9d7-555814ea3e88,Qaidi,1984,"Hindi, Film",Bappi Lahiri,Indeevar,H.M.V.,3.5
d9051e9b-f079-5bae-b8a8-2719b3a70201,Raaj Tilak,1984,"Hindi, Film",Kalyanji - Anandji,Verma Malik,Oriental Gramophone Record Company,3.0
9def9c0a-92ab-5adc-925c-668c9f15a4ea,Raavan,1984,"Hindi, Film","Jagjit Singh, Chitra Singh",Sudarshan Faakir,Music India Limited,0
91f1a78d-f3d3-5272-8684-477ba558f3f1,Raja Aur Rana,1984,"Hindi, Film",Bappi Lahiri,Verma Malik,Oriental Gramophone Record Company,0
5763fc22-beb2-5c3c-96f8-5da7430c9606,Rakta Bandhan,1984,"Hindi, Film",Usha Khanna,Indeevar,Rajshri Music,0
44d2e322-e99f-5cf6-a656-5a7f539346a9,Ram Tera Desh,1984,"Hindi, Film",Anu Malik,"Anjaan, Verma Malik",Music India Limited,0
f0f09874-c684-5524-990e-6bfc9495897b,Ricky,1984,"Hindi, Film","Uttam Singh, Jagdish Khanna",Manoj Kumar,CBS,2.5
9c9e37e5-6b96-5ecf-b1de-a4c63f14da0a,Saaransh,1984,"Hindi, Film",Ajit Varman,Vasant Deo,,3.5
3fdf7891-2411-57b1-a56c-8217822307c8,Sasural,1984,"Hindi, Film",Ravindra Jain,Ravindra Jain,Music India Limited,0
bcec6eff-c9d9-5e4d-8e9f-b17c4d817eab,Saveray Wali Gaadi,1984,"Hindi, Film",R.D. Burman,Majrooh Sultanpuri,CBS,3.0
23c363bb-362c-595d-aebb-8ef699154950,Seepeeyan,1984,"Hindi, Film",Raghunath Seth,"Sardar Anjum, Mahendra Dehlvi, Akash Jain",T-Series,0
e69fb68b-57f9-5107-91ac-76586950a302,Shaheen,1984,"Hindi, Film",Ajay Swami,Nida Fazli,H.M.V.,0
162277a3-0443-5847-8755-4821138c31c1,Shapath,1984,"Hindi, Film",Bappi Lahiri,Kaiser,Music India,0
031aee2c-1de4-5274-a03f-de699409c47d,Sharaabi,1984,"Hindi, Film",Bappi Lahiri,"Anjaan, Prakash Mehra",H.M.V.,3.75
2ea15ba2-e9aa-58be-89e4-b6073ccb196a,Sharara,1984,"Hindi, Film",Laxmikant - Pyarelal,Anand Bakshi,CBS,3.0
aea0bbaf-76d9-5987-9de5-13012e22d268,Sheeshay Ka Ghar,1984,"Hindi, Film","Bappi Lahiri, Traditional","Amit Khanna, Traditional",PAN Music,3.0
180e847a-d1f5-54ed-afc6-424bbed57daf,Shravan Kumar,1984,"Hindi, Film",Bappi Lahiri,Pradeep,Music India,0
65d65746-66ea-5953-be63-bbbc860fd66f,Shukriyaa,1984,"Hindi, Film",Anu Malik,"Shaily Shailendra, Verma Malik",T-Series,0
c03a6b13-7d28-505e-939c-db6ef6d264cc,Sohni Mahiwal,1984,"Hindi, Film",Anu Malik,Anand Bakshi,Music India Limited,4.0
660f8866-1964-5120-a93a-5af3bf98644c,Sunny,1984,"Hindi, Film",R.D. Burman,Anand Bakshi,CBS,4.6
3679d5e1-3cd8-5544-85ae-c0b49f3cbdf0,Talaq (Divorce),1984,"Hindi, Film",Usha Khanna,"Vithalbhai Patel, Nida Fazli",Music India Limited,0
2faab200-b93c-5684-83d8-9826b64a5415,Tarang,1984,"Hindi, Film",Vanraj Bhatia,"Raghuvir Sahay, Gulzar",,4.0
e7ffe1e9-c2d8-54cc-a7af-405960be97b5,Tarkeeb,1984,"Hindi, Film",Bappi Lahiri,Anjaan,H.M.V.,0
cf9cbb52-84ac-58a5-ae90-452828ee728e,Tere Mere Beech Mein,1984,"Hindi, Film",Raamlaxman,"Ravinder Rawal, Dada Kondke, Pravasi, Rajesh Majumdar",H.M.V.,2.5
fcd68cfb-bfeb-53f3-b97a-50eb9473369c,Teri Baahon Mein,1984,"Hindi, Film",Bappi Lahiri,Amit Khanna,CBS,3.5
96383e4b-916e-5f33-9c79-e4f1018248d9,Tohfa,1984,"Hindi, Film",Bappi Lahiri,Indeevar,Music India,3.67
10b04501-17e3-507c-8867-12ac7996ba39,Triveni,1984,"Hindi, Film",Laxmikant - Pyarelal,"Anjaan, Indeevar",H.M.V.,0
0b7e9663-02e3-5ece-8865-73fe5cdf834f,Unchi Uraan,1984,"Hindi, Film",Jeetu - Tapan,"Jan Nisar Akhtar, Harindranath Chattopadhyay",H.M.V.,0
7480922e-dac5-511b-aa06-55c4f70bb8c3,Utsav,1984,"Hindi, Film",Laxmikant - Pyarelal,Vasant Dev,CBS,4.6
c517662a-f226-5ac9-abe4-c2c5523bd62e,Waqt Se Pahle,1984,"Hindi, Film",Suresh Kumar,"J.P. Dixit, Om Prakash Aditya",H.M.V.,0
c58efeae-e326-5008-a58a-0da9414d8883,Yadoon Ki Zanjeer,1984,"Hindi, Film",Rajesh Roshan,Indeevar,H.M.V.,0
0199ef59-01fe-5b2c-a2a0-2fb8f9bba410,Yahan Wahan,1984,"Hindi, Film","Kalyanji - Anandji, Govindprasad Jaipurwala","Indeevar, Prem Warbartani",Music India Limited,3.0
15f36b41-97fe-5436-8aa8-0621ab266429,Yeh Desh,1984,"Hindi, Film",R.D. Burman,Anand Bakshi,H.M.V.,4.0
d8a09a4d-ba3f-5d4a-85b9-bc6829d29217,Yeh Ishq Nahin Aasaan,1984,"Hindi, Film",Laxmikant - Pyarelal,Anand Bakshi,H.M.V.,0
d05d97ff-0a81-5245-9923-2dceb749fd8b,Young Tarang,1984,"Hindi, Non Film","Biddu, Zoheb Hassan","Nazia Hassan, Zoheb Hassan, Amit Khanna, Indeevar, Sehba Akhtar",CBS,0
ae64f7f2-745b-5b0a-86a1-5b39182625ea,Zakhmi Sher,1984,"Hindi, Film",Laxmikant - Pyarelal,Santosh Anand,Music India,0
0289a100-87d4-577e-bb45-bc0df7b29def,Zameen Aasman,1984,"Hindi, Film",R.D. Burman,Anjaan,CBS,3.5
158b4f1e-7858-5a92-aaff-d991386629ca,Zindagi Jeene Ke Liye,1984,"Hindi, Film",Rajesh Roshan,Rajesh Roshan,Music India,0
b444af45-08fb-5861-8175-d88daabdc98c,Zulm Ki Zanjeer,1984,"Hindi, Film","M.S. Viswanathan, Vijaya Krishnamurthy",B.R. Tripathi,,0
