album_uuid,album_title,album_year,album_category,album_music_director,album_lyricist,album_label,album_rating
ad2b4860-e8d9-51c4-94f7-5f71825794ab,17 Saal,2015,"Hindi, Non Film",Kemzyy,Kemzyy,Saga Music,0.0
a0142290-5c30-5e60-ba6c-b4f7f74a1594,2 Many Girls,2015,"Hindi, Non Film",Badshaah,Badshaah,T-Series,0.0
a480554b-c237-5310-a0db-1e8a27d02a70,ABCD: Any Body Can Dance - 2,2015,"Hindi, Film",Sachin - Jigar,"Mayur Puri, D. Soldierz, Rimi Nique, Priya Saraiya, Badshah",Zee Music Company,4.33
277b3c42-63ab-5982-99aa-ff0cb14986dd,Aa Bhi Jaa Tu Kahin Se,2015,"Hindi, Non Film",Jeet Ganguly,Manoj Muntashir,T-Series,0.0
0fd8c140-3f07-5d2e-91c0-c7166c6b4d29,Aacha Hai,2015,"Hindi, Non Film",Vasuda Sharma,Vasuda Sharma,OKListen Media,0.0
8918fe41-0c40-5119-abcf-4dbfb4ab5a6d,Aaj Mood Ishqholic Hai,2015,"Hindi, Non Film",Meet Bros,Kumaar,T-Series,0.0
2fe492bc-86b8-544e-8896-4601252837ff,Aalas Ka Pedh,2015,"Hindi, Non Film",The Local Train,The Local Train,OKListen Media,3.0
e038cf6a-c52b-5cb8-8d29-f0b3f52c97bb,Aankhon Ne Tujhko Dekha,2015,"Hindi, Non Film",Arvind Pandey - I,Nizam,T-Series,0.0
3bb50f5a-4ba9-5b18-ab87-8adf5aa6fafa,Aatish,2015,"Hindi, Non Film",Suhail Zargar,Suhail Zargar,Saga Music,0.0
63326488-56f3-5618-89c3-ea676eb64c21,Ae Nazneen Suno Na (Reprise),2015,"Hindi, Non Film","Ayan De, A.R. Rahman",Mehboob,Sony Music,3.0
8378d770-f083-555d-a8e4-65f6167bae23,Aelo Main Haari Piya (Remix Version),2015,"Hindi, Non Film",O.P. Nayyar,Majrooh Sultanpuri,Onclick Music,0.0
d46f271b-929e-5327-a280-922948af9413,Airlift,2015,"Hindi, Film","Ankit Tiwari, Amaal Malik",Kumaar,T-Series,4.0
46f9943b-f6b9-546f-8395-9d1c03964eac,Aisa Yeh Jahaan,2015,"Hindi, Film",Palash Sen,"Palash Sen, Deekshant Sehrawat, Ashish Ddavidd, Dahlia Sen Oberoi, Suneet Bora",Zee Music Company,0.0
476e3bd3-86bf-5218-8f37-724c8f2e0ecb,All Is Well,2015,"Hindi, Film","Himesh Reshammiya, Amaal Malik, Anand - Milind, Mithoon, Meet Bros","Shabbir Ahmed, Majrooh Sultanpuri, Amitabh Verma, Kumaar, Mayur Puri",T-Series,0.0
d108a952-c646-5861-9058-506803a507f9,All Of Me (Baarish),2015,"Hindi, Non Film","Arjun, Mithoon","Arjun, Mithoon",T-Series,0.0
94095d0b-7400-5e92-aa94-6908a7eb1a46,Alone,2015,"Hindi, Film","Mithoon, Jeet Ganguly, Ankit Tiwari, Raghav Sachar, Dr. Zeus","Mithoon, Sandeep Nath, Abhendra Kumar Upadhyay, Kumaar",T-Series,3.0
a6f42767-ab7f-5941-b388-f9c389d3b67d,Anant,2015,"Hindi, Non Film",Soumik Datta,Javed Akhtar,Zee Music Company,0.0
b4595db4-82e6-5a80-9661-0cb94725859b,Ananthaal,2015,"Hindi, Non Film","Clinton Cerejo, Ananthaal","Siddhant Kaushal, Amitabh Bhattacharya, Mohanrajan, Manoj Yadav, Shellee",Times,4.0
728d0b9e-66b5-581e-9f1d-f83eb1b873a4,Angry Indian Goddesses,2015,"Hindi, Film","The Local Train, Ashish Prabhu Ajgaonkar, Kary Arora, Anushka Manchanda","Raman Negi, Dr. Swapnil Salkar, Kary Arora, Anushka Manchanda",T-Series,0.0
927c7b0f-884d-528f-a5b9-54b05384490d,Anjaan Parindey,2015,"Hindi, Film",Arun - Vilas,"Deepak Angewar, Hemant Salve",T-Series,0.0
d22e2cb4-70af-5e14-9d4c-bf669714cab3,Asman Ki Godh Mein,2015,"Hindi, Non Film",Prashant Pillai,Shreekumar Vakkiyil,Madras Blues,3.0
01767def-713b-5e9a-a3d1-e4adf9e25d26,Astagfirullah,2015,"Hindi, Non Film",Salim - Sulaiman,Irfan Siddiqui,Blue Productions,0.0
f4873321-ed59-5922-95bb-a6208315035b,Baaki Baatein Peene Baad,2015,"Hindi, Non Film","Arjun Kanungo, Ludwig Lindell, Ylva Dimberg",Mayur Puri,Sony Music,0.0
8e9d9474-507a-591d-a08e-9acdcd844de7,Baankey Ki Crazy Baraat,2015,"Hindi, Film","Vijayaa Shanker, Abhishek Nailwal",Ravi Basnet,T-Series,0.0
9078c81e-ef46-5749-8c9b-0d93a62b4a3f,Baaton Ko Teri,2015,"Hindi, Non Film",Himesh Reshammiya,Shabbir Ahmed,T-Series,0.0
ec67de1c-1c93-5310-87e4-2f5b5744979a,Babuji Dheere Chalna,2015,"Hindi, Non Film",O.P. Nayyar,Majrooh Sultanpuri,Saregama,0.0
03e02f00-e3c2-58c0-8989-7baaee1c5717,Baby,2015,"Hindi, Film","Meet Bros Anjjan, M.M. Kreem",Manoj Muntashir,T-Series,0.0
abd7993f-0172-5f5d-ba41-f833859c0399,Badlapur,2015,"Hindi, Film",Sachin - Jigar,"Dinesh Vijan, Priya Saraiya",Eros Music,4.5
7a923b71-111f-5c15-b1de-2fb9e2136738,Badmashiyaan,2015,"Hindi, Film",Bobby - Imran,Shabbir Ahmed,Zee Music Company,0.0
0ab0a3d9-efcc-5d6a-b665-34274f6d3620,Bahut Pyar Karte Hai,2015,"Hindi, Non Film","Nadeem - Shravan, Tabun Sutradhar",Sameer,Venus,0.0
186faea1-2a43-5f87-a4be-8f0a29258692,Bajirao Mastani,2015,"Hindi, Film","Sanjay Leela Bhansali, Shreyas Puranik","A.M. Turaz, Traditional, Siddharth - Garima, Nasir Faraaz, Ganesh Chandanshive, Prashant Ingole",Eros Music,4.0
d629b837-65be-599d-a902-ccb93c4de79e,Bajrangi Bhaijaan,2015,"Hindi, Film","Pritam, Traditional","Shabbir Ahmed, Kausar Munir, Mayur Puri, Badshaah, Qaran, Amitabh Bhattacharya, Neelesh Misra",T-Series,0.0
20af79f8-ff1b-5da8-b63f-7b2f2f76c741,Bangistan,2015,"Hindi, Film",Ram Sampath,Puneet Krishna,T-Series,3.0
ffe1f10e-5732-5815-a1d6-41a66c7cb468,Barefoot To Goa,2015,"Hindi, Film",Rohit Sharma,Ravinder Randhawa,,0.0
3a00c7df-3c40-521c-b62a-302cd0306689,Barkhaa,2015,"Hindi, Film",Amjad - Nadeem,"Shadab Akhtar, Sameer Anjaan",Zee Music Company,0.0
5574b6dd-5813-512f-9cf5-5a45bbd943a3,Bawra Na Bann,2015,"Hindi, Non Film",Robby Badal,Haider Najmi,Zee Music Company,0.0
32c6807d-df6b-5b5a-8cf7-3dfc83786019,Bewafaa (Heartless),2015,"Hindi, Non Film",Dev - Ashish,Danish Alfaaz,Onclick Music,0.0
3004b246-7ec9-5d03-84f3-c059ab37b373,Bewafaiyaan,2015,"Hindi, Non Film",Salman Albert,Salman Albert,Universal,0.0
c418af9d-8070-547d-aa9d-93618dba8516,Bezubaan Ishq,2015,"Hindi, Film","Rupesh Verma, Babli Haque","Jashwant Gangani, Prashant Ingole",Sony Music,0.0
f79eddb7-e52c-5603-b8f6-b2b8ae07a8c2,Bhaag Johnny,2015,"Hindi, Film","Yo Yo Honey Singh, Devi Sri Prasad, Sajid - Wajid, Arko, Mithoon","Yo Yo Honey Singh, Kumaar, Faaiz Anwar, Arko, Amitabh Verma",T-Series,0.0
be2e52d9-a791-569b-8317-623ee2afa379,Bombay Velvet,2015,"Hindi, Film","Amit Trivedi, O.P. Nayyar, Mikey McCleary","Amitabh Bhattacharya, Majrooh Sultanpuri",Zee Music Company,4.33
340b4ff5-3132-5a01-9c2a-1ea7edc9001d,Booty Shake,2015,"Hindi, Non Film",Indeep Bakshi,Indeep Bakshi,Zee Music Company,0.0
587e7cbb-e7ae-5330-9e91-938efb3a14bf,Botal,2015,"Hindi, Non Film",Indeep Bakshi,Indeep Bakshi,Times,0.0
a2773742-31f2-5593-9dee-6c8acf0bfcc6,Brothers,2015,"Hindi, Film",Ajay - Atul,Amitabh Bhattacharya,Sony Music,0.0
ada88da4-dfdc-5caf-a6d2-2a23e39345fa,Bum Gola,2015,"Hindi, Non Film",Akash Raj,Akash Raj,Zee Music Company,0.0
be2707ff-c95b-5eb8-a18a-4b9c134df763,Bumper Draw,2015,"Hindi, Film",Rahul Mishra,Irshad Khan,Zee Music Company,0.0
9c7eeae1-5ff6-52af-99e6-32175aebf714,Calendar Girls,2015,"Hindi, Film","Meet Bros Anjjan, Amaal Malik",Kumaar,T-Series,0.0
376438a7-da94-5344-861d-7d7cdf7eeeca,Can't Forget You (Tujhe Bhula Diya),2015,"Hindi, Non Film","Arjun, Vishal - Shekhar","Kumaar, Vishal Dadlani, Arjun",T-Series,0.0
59fb7828-3a72-5bb1-820e-979a0513c909,Car Mein Music Baja,2015,"Hindi, Non Film",Tony Kakkar,Tony Kakkar,Desi Music Factory,0.0
58560e5a-3da6-57bd-ac2a-46b59078918c,Chal Wahan Jaate Hain,2015,"Hindi, Non Film",Amaal Malik,Rashmi Virag,T-Series,0.0
8bb682f5-6f47-5af5-82c7-03b8020d4491,Charlie Kay Chakkar Mein,2015,"Hindi, Film","Vishal - Seagal, Rohit Kulkarni, Harry Anand","Sandeep Nath, Karan Arora, Harry Anand, Abhiruchi Chand, Nishant Lal",Zee Music Company,0.0
c6363c4f-ab22-5bf8-8621-4d69be0c6f5e,Chehere - A Modern Day Classic,2015,"Hindi, Film",Jaideep Choudhry,Sayeed Quadri,Yellow & Red Music,0.0
d50b8ad5-09d3-5dad-89b1-d924a7058f17,Chinar Daastaan-E-Ishq,2015,"Hindi, Film",Salim Sen,Jamil Ahmed,Zee Music Company,0.0
e0a6a373-632a-5c97-811d-e60fa3c8eb2c,Chor Bazaari,2015,"Hindi, Film","Rabbit, Gajendra Verma, Vikram Singh","Ankkit Narrayan, Dahek, Aseem Ahmed Abbasi",T-Series,0.0
983751a6-c85b-55de-bd84-a482523e2eb6,Chura Ke Dil,2015,"Hindi, Non Film","Anu Malik, Tabun Sutradhar",Rani Malik,Venus,3.67
81ba32a7-8df2-50b9-b22a-13d793ed7a6b,Coke Studio 4 - Episode 01,2015,"Hindi, Non Film",Amit Trivedi,Irshad Kamil,Zee Music Company,0.0
9b67626d-d0ea-5c33-a5f6-a2ead38bb370,Coke Studio 4 - Episode 02,2015,"Hindi, Non Film",Sachin - Jigar,"Priya Saraiya, Mayur Puri",Zee Music Company,3.0
625fa114-f5a9-5068-a0e2-15bd5e276b1f,Coke Studio 4 - Episode 03,2015,"Hindi, Non Film",Dhruv Ghanekar,"Bulleh Shah, Ishitta Arun, Kalpana Patowary, Dhruv Ghanekar, Sonia Saigal, Ila Arun, MC Bobkat",Zee Music Company,0.0
ffded5c4-2a49-53d3-b05b-8b97af3b35d1,Coke Studio 4 - Episode 04,2015,"Hindi, Non Film",Ram Sampath,"Munna Dhiman, Traditional, Bharathiyaar, Tony Sebastian, Rajesh Radhakrishnan",Zee Music Company,0.0
e3ca200e-b9b0-5a9d-8c07-a9c35b4e6fa9,Coke Studio 4 - Episode 05,2015,"Hindi, Non Film","Manj Musik, Sunny Brown, Gurdas Maan, Salim - Sulaiman","Big Dhillon, Gurdas Maan, Sukhwinder Singh",Zee Music Company,0.0
559392ab-e4a4-5e7c-88a2-4c55a55a36c6,Coke Studio 4 - Episode 06,2015,"Hindi, Non Film","Anupam Roy, Jeet Ganguly","Javed Akhtar, Prasoon Joshi, Lalon Fakir",Sony Music,0.0
1bee70bb-4ec1-5d67-b4a4-9eed2b51ad38,Cracker Chori,2015,"Hindi, Non Film",,Anshul Bansal,Songster,0.0
2329e5d7-87b7-5fd8-931f-8093128926a6,DJ Waley Babu,2015,"Hindi, Non Film",Badshaah,Badshaah,Sony Music,3.0
6ed791ee-1549-572b-b10c-99d75b6a5687,Daru,2015,"Hindi, Non Film","Richi Banna, Aditya Vyas",Richi Banna,Songster,0.0
0daf6341-9739-5c3e-97f3-909477bdd046,Detective Byomkesh Bakshy!,2015,"Hindi, Film","Sneha Khanwalkar, Dibakar Banerjee, Madboy/Mink, Ija, Peter Cat Recording Co., Blek, Joint Family, Mode.AKA","Sneha Khanwalkar, Dibakar Banerjee, Madboy/Mink, Ija, Suryakant Sawhney, Rishi Bradoo, Akshay De, Sandeep Madhavan",YRF Music,3.0
30a3b925-10ec-5033-aa4d-38ce62f33b14,Dharam Sankat Mein,2015,"Hindi, Film","Sachin Gupta, Jatinder Shah, Shamir Tandon, Traditional, Meet Bros Anjjan","Kumaar, Traditional",Zee Music Company,0.0
a4ea4e9b-575d-5d7a-af67-4e68a03719b3,Dheere Dheere,2015,"Hindi, Non Film","Yo Yo Honey Singh, Nadeem - Shravan","Yo Yo Honey Singh, Bhupinder Kaur, Rani Malik",T-Series,0.0
52dd443a-a60d-566d-ac20-5c9edc367a4a,Dhuntaaraa,2015,"Hindi, Film","Amit Ojha, Ashok Mukherjee",Ashesh Sharma,Yellow & Red Music,0.0
c5332939-4f8c-5512-b7e3-39fe3781aabd,Dil Dhadakne Do,2015,"Hindi, Film",Shankar - Ehsaan - Loy,Javed Akhtar,T-Series,3.0
3770f59a-9b4d-57c0-8428-e8b71f27f47b,Dil Ki Baatein,2015,"Hindi, Non Film",Vidyut Goswami,Vimal Kashyap,Shael Official,0.0
ec814d17-3ca5-57f6-97ba-5e8516523803,Dil Mere,2015,"Hindi, Non Film","Kunal Verma, Rapperiya Baalam","Kunal Verma, Rapperiya Baalam",Songster,0.0
8dd813c3-6b63-52f7-9c22-06984f8c5ed4,Dildar Hain Hum,2015,"Hindi, Non Film",Aamir Ali Sultan,Shakir Raza Warsi,SRK Music,0.0
aed64587-7573-507a-a639-33d98bd30052,Dilliwaali Zaalim Girlfriend,2015,"Hindi, Film","Yo Yo Honey Singh, Jatinder Shah, Jassi Katyal, Meet Bros Anjjan, Milind Gaba, Indeep Bakshi, Dr. Zeus, Tigerstyle","Alfaaz, Kumaar, Milind Gaba, Indeep Bakshi, Zora Randhawa, Mavi Bains, Bunty Bains",T-Series,0.0
b5b344d7-e88d-5358-82c5-a4646629dbeb,Dilwale,2015,"Hindi, Film","Pritam, DJ Chetas",Amitabh Bhattacharya,Sony Music,4.33
702c4cac-35bb-5d5e-9494-bcca013ca323,Direct Ishq,2015,"Hindi, Film","Tanishk, Raeth, Vivek Kar, Shabir Sultaan Khan",A.M. Turaz,Zee Music Company,0.0
ee89b7e9-e745-574f-b563-1cc2fe4ceeb1,Dirty Politics,2015,"Hindi, Film","Aadesh Shrivastava, Sanjeev - Darshan",Sameer,Zee Music Company,0.0
4e83d489-38da-5498-a14b-294984281a50,Dolly Ki Doli,2015,"Hindi, Film",Sajid - Wajid,"Danish Sabri, Irfan Kamal, Kumaar",T-Series,0.0
02afb121-7f23-558b-91f5-9face16e3809,Dooba Hooa Hain.. Kamasutra,2015,"Hindi, Non Film",Taz - Stereo Nation,"Taz - Stereo Nation, Arko Pravo Mukherjee",Zee Music Company,0.0
777d602c-b267-5dea-969e-5d20dd7ed327,Dooriyan,2015,"Hindi, Non Film",Addy Aditya,Shammi - I,Venus,0.0
b4156b01-b525-58fa-bb23-83a740ab93b0,Dozakh - In Search Of Heaven,2015,"Hindi, Film",Aman Pant,Sant Kabir Das,Worldwide Records,0.0
fbb82873-b056-54fd-8c91-bca30ea83d13,Drishyam,2015,"Hindi, Film",Vishal Bhardwaj,Gulzar,Zee Music Company,4.0
29501d79-7be8-5370-a45e-952168da4557,Dum Laga Ke Haisha,2015,"Hindi, Film",Anu Malik,Varun Grover,YRF Music,4.67
7ac85c93-e3e2-547a-889f-a5c5b619e743,Dum Maro Dum,2015,"Hindi, Non Film","R.D. Burman, Shraddha Sharma, Dopeadelicz","Anand Bakshi, Dopeadelicz",Saregama,0.0
dc3fe384-998d-59a4-86a2-d3127eeb43c8,Duniya Nay Mujhe Roka - The Fire,2015,"Hindi, Non Film",Ryaan,Ryaan,Ryaan,0.0
3129af6e-da23-52ec-90f5-9a5bf7805756,Dunno Y2 Life Is A Moment,2015,"Hindi, Film",Nikhil Kamat,Vimal Kashyap,Worldwide Records,0.0
fcfd7ed9-509c-51ba-b4c9-50a9eb262065,Ehsaas Ki Khushboo,2015,"Hindi, Non Film",Ali - Gani,"Zameer Kazmi, Anjan Sagri, Aalok Shrivastav, Ibrahim Ashq, Jameel Mujahid",Times,0.0
fdeff83c-b16b-5d62-aa9a-54d482394ae4,Ek Paheli Leela,2015,"Hindi, Film","Dr. Zeus, Meet Bros Anjjan, Ismail Darbar, Tony Kakkar, Sajid - Wajid, Amaal Malik, Uzair Jaswal","Kumaar, Mehboob Kotwal, Tony Kakkar, Manoj Muntashir, Faaiz Anwar",T-Series,3.0
e14047f8-28f9-5ca9-b357-5883e500ca39,Fatichar,2015,"Hindi, Non Film",Shivam Pathak,Sandeep Singh,T-Series,0.0
b9e34c85-e67d-506b-93b9-ce0811324be2,Filament,2015,"Hindi, Non Film",Shankar Tucker,"Pandit Laghulal, Nirali Kartik, Manoj Yadav, Traditional",Shrutibox Music,0.0
ef405128-64de-549f-b221-7efde88a2078,Four Pillars Of Basement,2015,"Hindi, Film","Mudasir Ali, Anurag Mohn","Avinash Jaiswar, Pratyush Prakash, Shailey Bidwaiker",Zee Music Company,0.0
8f50b93f-5f90-50d1-ac80-4068543703ef,Gabbar Is Back,2015,"Hindi, Film","Yo Yo Honey Singh, Traditional, Chirantan Bhatt, Manj Musik","Sahil Kaushal, Traditional, Kumaar, Manoj Yadav, Manj Musik, Raftaar, Big Dhillon",Zee Music Company,0.0
205951c5-f411-55e2-9e93-23daa64eb7c5,Gauraiya,2015,"Hindi, Film",Shiv Rajoria,Haider Najmi,Yellow & Red Music,0.0
479d1fe4-6db7-56ac-8388-0b88b0ae0b7a,Ghayal Once Again,2015,"Hindi, Film",Shankar - Ehsaan - Loy,Amitabh Bhattacharya,Zee Music Company,0.0
fc804bc3-45ca-5e7f-b8bd-5d3f6fb166ec,Going To The Gym,2015,"Hindi, Non Film",Baba Sehgal,Baba Sehgal,Bombay Tracks,0.0
7bfa005a-9ca2-5e5b-8f39-55a0de01f99d,Gour Hari Dastaan - The Freedom File,2015,"Hindi, Film","L. Subramaniam, Traditional","Traditional, Wajid Ali Shah, Bindu Subramaniam, Narsi Bhagat",Muzik 247,0.0
5d7a624f-5c06-5ebb-ac62-e7ae6368a0ee,Guddu Ki Gun,2015,"Hindi, Film","Gajendra - Vikram, Soumyajit Banerjee, Raju Sardar","Aseem Ahmed Abbasi, Soumyajit Banerjee, Vimal Kashyap",Zee Music Company,0.0
46f50c33-ca08-5080-8399-db10c1bbe923,Guddu Rangeela,2015,"Hindi, Film","Amit Trivedi, Subhash Kapoor","Irshad Kamil, Subhash Kapoor",Zee Music Company,0.0
2e350172-1b59-5e80-8fb4-966c1b349176,Guru Dakshina,2015,"Hindi, Film","Ismail Darbar, Siddharth Chopra, Som - II","Nida Fazli, Chi Chi Paswan",Zee Music Company,0.0
3a23548f-2a26-5b6a-8441-527552d67e2e,Hamari Adhuri Kahani,2015,"Hindi, Film","Jeet Ganguly, Ami Mishra, Mithoon","Rashmi Virag, Kunal Verma, Sayeed Quadri",Sony Music,4.5
fdf32937-8c19-5cc4-984f-75145f72ed8e,Hamsafar,2015,"Hindi, Non Film","Falak Shabir, Anand - Milind","Falak Shabir, Majrooh Sultanpuri",T-Series,0.0
0cf9ed9b-c405-5bc9-85b5-56e40dd199db,Hasi (Rendition),2015,"Hindi, Non Film","Ami Mishra, Arjun Kanungo","Kunal Verma, Arjun Kanungo, Traditional",Sony Music,0.0
b62b0780-f056-5cc7-beb2-d4b9b6d4e333,Hate Story 3,2015,"Hindi, Film","Amaal Malik, Meet Bros, Baman","Shabbir Ahmed, Kumaar, Manoj Muntashir, Rashmi Virag",T-Series,0.0
bb9aac3b-ba95-5125-9427-d4c96b0eb36f,Hawaizaada,2015,"Hindi, Film","Rochak Kohli, Ayushmann Khurrana, Vishal Bhardwaj, Mangesh Dhakde","Vibhu Virender Puri, Mirza Ghalib",T-Series,3.67
2a3772b5-c806-5791-b7d8-acf28c079260,Hero,2015,"Hindi, Film","Meet Bros Anjjan, Sachin - Jigar, Amaal Malik, Jassi Katyal","Kumaar, Niranjan Iyengar",T-Series,3.0
05d66b40-7eac-527e-9f60-fc77592adcb5,Hey Bro,2015,"Hindi, Film",Nitz 'N' Sony,Pranav Vatsa,T-Series,0.0
a5adc503-78b2-5a83-8d3c-719ca2d36859,Hogaya Dimaagh Ka Dahi,2015,"Hindi, Film",Fauzia Arshi,"Anis Ali Sabri, Shabbir Ahmed, Ravi Chopra - I, Allama Iqbal, Amir Khusro, Krishan Bihari Noor, Fauzia Arshi",Zee Music Company,0.0
b7ca6667-b717-5eb0-b005-213ee7ec3eb0,Hogayi High,2015,"Hindi, Non Film",Atif Ali,Shraddha Singh,Zee Music Company,0.0
9bf23501-adcd-5547-a754-a4d2ba50c2bc,Hum Tum Dushman Dushman,2015,"Hindi, Film","Ali - Ghani, Sahil Rayyan, Babajaani",Iqbal Durrani,T-Series,0.0
1b3560bc-fb25-57fa-b8ed-75cb5e73d6c1,Humko Mann Ki Shakti Dena,2015,"Hindi, Non Film",Vasant Desai,Gulzar,Saregama,3.0
5f744e48-4cfe-587d-898e-d1d6ce906ef3,Hunterrr,2015,"Hindi, Film",Khamosh Shah,"Swanand Kirkire, Khamosh Shah, Vijay Maurya, Azazul Haque",Zee Music Company,3.5
ec7e7680-5af2-5896-a927-3dbd78650c74,I,2015,"Hindi, Film",A.R. Rahman,Irshad Kamil,T-Series,0.0
2035b8d4-8727-5fcd-87d0-c349d41fe31a,I Know You Want It - Sheila Ki Jawani,2015,"Hindi, Non Film","Arjun, Vishal - Shekhar","Arjun, Vishal Dadlani",T-Series,0.0
68660b79-d127-53fb-8e99-bee9f79a36ac,I Love Desi,2015,"Hindi, Film","Sharib - Toshi, Sham Balkar","Kumaar, Sham Balkar",Zee Music Company,0.0
2fa24835-4abf-5720-ad3e-f25ef7ca6923,Imagine,2015,"Hindi, Non Film","Ovidiu Baciu, Alex Pelin","Ovidiu Baciu, Alex Pelin",T-Series,0.0
76ec91aa-b2e6-51a0-8c25-1093a97d035a,Imagine (UNICEF: World Version),2015,"English, Non Film",John Lennon,John Lennon,Universal,0.0
47d50f9f-9b9a-5fe9-b57b-f816d901fc68,Internet Pe Karna Baat,2015,"Hindi, Non Film",Shankar Sahney,Sahil Fatehpuri,T-Series,0.0
01b71a80-a518-52f1-9c1e-a09fcfbc67fd,Intezaar,2015,"Hindi, Non Film",Jazim Sharma,Saaveri Verma,Zee Music Company,0.0
6dc6a75c-447c-5b55-97cf-742d6783fe0a,Ishq Ke Parindey,2015,"Hindi, Film","Vijay Verma, Sajjad Ali, Rashid Khan - II","Manthan, Shakeel Azmi, Shakir Khan, Irshad Khan, Sajjad Ali, Tanveer Ghazi",Zee Music Company,0.0
c60ccb3f-ea04-5756-aa92-472a5ce75933,Ishq Ne Krazy Kiya Re,2015,"Hindi, Film","Tarun Rishi, Lalit Pandit, Altaaf Sayyed, Rishi - Siddharth, Meet Bros Anjjan","Kulwant Garaia, Sameer Anjaan, Atiya Sayyed, Tarun Rishi, Ravi Basnet, Kumaar",T-Series,0.0
4703db80-d4de-516d-bcb9-2e0b09876f77,Ishqedarriyaan,2015,"Hindi, Film","Jaidev Kumar, Jeet Ganguly, Bilal Saeed, Bloodline","Kumaar, Manoj Muntashir, Kausar Munir, Bilal Saeed",Zee Music Company,3.0
295393f6-33c5-5eca-adb8-0c3405994d2d,Jaanisaar,2015,"Hindi, Film","Shafqat Ali Khan, Muzaffar Ali","Daagh Dehlvi, Rahi Masoom Reza, Wajid Ali Shah, Mir Anis, Traditional, Maula Jalaluddin Rumi",Zee Music Company,0.0
2db3969a-6e4b-5fcf-9b4f-b77b8e4b4ae4,Jaatiwad,2015,"Hindi, Film",Shashikant - Sunny,Jitendra Yadav,Yellow & Red Music,0.0
73839eb9-5a2e-59cb-ab58-aa8435e671ba,Jai Jawaan Jai Kisaan,2015,"Hindi, Film","Rupesh Verma, Girish Saikia",Kishan Paliwal,Zee Music Company,0.0
e7d644d2-d1aa-556c-8b6f-4e7fb613b326,Janaab,2015,"Hindi, Non Film",Paresh Shah,Ashrut Abhinandan Jain,Zee Music Company,0.0
8df9e9c1-2a85-57e9-8f06-9b458bc17ff0,Jazbaa,2015,"Hindi, Non Film",Prithvi Gandharv,"Haider Najmi, Madan Pal",Saregama,0.0
d5a0fb5c-3b29-570b-8064-1a4293fa72b7,Jo Hua,2015,"Hindi, Non Film",Akul Tandon,Karan Khera,T-Series,0.0
efcdc839-470b-532a-890b-fafd5ee5594a,Judaa,2015,"Hindi, Non Film",Guys In Charge,Jassi G.A. Poet,Saga Music,4.0
643467cb-be86-55b3-856f-674baf8f67da,Junoon Hai,2015,"Hindi, Non Film",Sowmya Raoh,Sowmya Raoh,,0.0
35238e20-7187-5701-b420-a7e947a552b3,Just Listen (Sun Zara),2015,"Hindi, Non Film","Jayden, Adnan Sami","Jayden, Sameer",T-Series,3.5
253d1100-8cc2-5d75-bde1-c7e7d3dd7afe,Kaagaz Ke Fools,2015,"Hindi, Film",Sangeeta Pant,"Sangeeta Pant, Ravi Basnet",Zee Music Company,0.0
8e426bc4-4d1f-5d74-bb6e-1958a460862c,Kajarya,2015,"Hindi, Film","Naushad, Susheela Raman",Shakeel Badayuni,Saregama,2.5
5922d15e-34ce-5795-8e1d-adaf56b6aa48,Karna Padta Hai,2015,"Hindi, Non Film",Devang Patel,Devang Patel,Zee Music Company,0.0
e21b7dc9-1bb6-504f-b4d6-04c15cd46130,Karvaan,2015,"Hindi, Non Film",Ananjan Chakraborty,"Pinky Poonawala, Kaushiki Chakroborty",Kaushiki Chakraborty,0.0
3d392a91-897d-51de-9b30-6438c01415d2,Katra Katra,2015,"Hindi, Non Film",Gaurav Bhatt,Hiren Pandya Rahi,Saga Music,0.0
b5e39419-2fdc-52a1-acdd-ce6eb90f09b1,Katti Batti,2015,"Hindi, Film",Shankar - Ehsaan - Loy,Kumaar,Zee Music Company,3.5
d48db459-95d2-54d2-8ceb-bdcf6bf0209a,Kaun Kitney Paani Mein,2015,"Hindi, Film","Subhi, Style Bhai, Bishakh - Kanish, Krishna Beura, Prabhudatta Pradhan","Subhi, Protique Mojoomdar",Zee Music Company,0.0
2599a6e2-4c89-5956-9745-60ac1633ff6e,Khalipan,2015,"Hindi, Non Film",Salim - Sulaiman,Amitabh Bhattacharya,OKListen Media,0.0
de023bfc-c545-5703-8f85-6ea91a84d491,Khudaai,2015,"Hindi, Non Film",Shrey Singhal,Shrey Singhal,T-Series,0.0
0332a87e-8016-5be9-8519-9285dfb5f11f,Kis Kisko Pyaar Karoon,2015,"Hindi, Film","Dr. Zeus, Javed - Mohsin, Amjad - Nadeem, Tanishq Bagchi","Raj Ranjodh, Bhinda Bawakhel, Shabbir Ahmed, Mavi Singh, Mehmood Arafat",Zee Music Company,0.0
0045543a-62e3-5aef-8270-0a6431af1600,Kora Kagaz,2015,"Hindi, Non Film","S.D. Burman, Sanam",Anand Bakshi,Saregama,0.0
e8ce7db9-9e06-5559-a984-20fbf49920b3,Kuch Kuch Locha Hai,2015,"Hindi, Film","R.D. Burman, Arko, Amjad - Nadeem, Dharam - Sandeep, Ikka Singh, Intense, Ali Quli Mirza, King","Javed Akhtar, Arko, Sameer Anjaan, Himank Kalal, Mani Soni, Sanjeev Chaturvedi, Ikka Singh",Zee Music Company,0.0
33ccd833-8595-5b24-92e0-86ac9aa49476,Kuch Na Kaho,2015,"Hindi, Non Film",R.D. Burman,Javed Akhtar,Saregama,0.0
cc8fabd3-192b-55ca-813d-49e752448967,Kyaa Kool Hain Hum 3,2015,"Hindi, Film",Sajid - Wajid,"Danish Sabri, Irfan Kamal",Zee Music Company,0.0
d1c2b5b7-eabd-5851-86d1-85cb6fac20af,Lamhein,2015,"Hindi, Non Film",Anu Malik,Manoj Muntashir,Universal,0.0
2faf12b7-ff69-5ba5-af88-ba34d31b84aa,Lateef,2015,"Hindi, Film","Gunwant Sen, Iqbaal Sargam, Yasin Darbar, Gunwant Raj","Ashraf Faridi, Shabbir Ahmed, Amina Ahmad",Yellow & Red Music,0.0
38b7119c-ea0b-5b5e-8b5d-4fb8e8f8a57e,Latifa,2015,"Hindi, Non Film",Sachin Mittra,"Prasanjit Sarkar, Sachin Mittra, Siddhant Kaushal",Toy Man Records,3.0
a8c48a0a-41b6-5433-a8bd-9e80c01141b3,Light,2015,"Instrumental, Non Film","Gaurav Raina, Tapan Raj, Todd Michaelsen","Traditional, Todd Michaelsen, Gaurav Raina, Tapan Raj",Times,0.0
deb2e1b8-35f3-5171-8794-7b4e51f7eeb0,Looking For Love (Main Dhoondne),2015,"Hindi, Non Film",Zack Knight,"Zack Knight, Arafat Mahmood",T-Series,3.5
c50306d4-68fa-56cb-afc9-3fc64fbf2295,Love Exchange,2015,"Hindi, Film","Jaidev Kumar, Vikrant Varde","Kumaar, Manish Ansurkar",Zee Music Company,0.0
aec2f20f-9f93-5537-b330-3f73934894ea,Luckhnowi Ishq,2015,"Hindi, Film",Raaj Aashoo,"Kumaar, Sudhakar Sharma, Neeraj Gupta, Shakeel Azmi",Zee Music Company,0.0
87046b7b-31ea-5b46-8d44-e55f092ff8bd,MSG-2 The Messenger,2015,"Hindi, Film",Saint Gurmeet Ram Rahim Singh Ji Insan,Saint Gurmeet Ram Rahim Singh Ji Insan,T-Series,0.0
33a42118-0ead-51f3-8ccb-47adee953223,MSG: The Messenger Of God,2015,"Hindi, Film",Saint Gurmeet Ram Rahim Singh Ji Insan,Saint Gurmeet Ram Rahim Singh Ji Insan,Sony Music,0.0
9b637fc6-692d-5a87-8e13-c34d4b5b5c43,Maa Meri,2015,"Hindi, Non Film",Vasuda Sharma,Anjali Sharma,,0.0
98572492-46c5-5768-863d-4d89687bb828,Madam Diwani,2015,"Hindi, Non Film",Aakash Kumar,Aakash Kumar,Onclick Music,0.0
7c225c20-73a0-5831-af47-0aa7f0f242c8,Main Aur Charles,2015,"Hindi, Film","Rajesh Roshan, Sanjeev - Darshan, Vipin Patwa, Aditya Trivedi, Bally Grunge","Amit Khanna, Ikram Basra, Dr. Sagar, Kartik Chaudhry, Rohan Moktali, Bally Grunge",T-Series,3.0
d4ecfc36-1d2a-5695-895f-3898237769ed,Main Hoon Part Time Killer (Main Hoon Rajinikanth),2015,"Hindi, Film","Shibani Kashyap, Traditional, Leena Shah, Bappi Lahiri","Shibani Kashyap, Traditional, Shabbir Ahmed",Worldwide Records,0.0
645c1d16-863b-5f0d-9c46-9a2e2288d28d,Main Rahoon Ya Na Rahoon,2015,"Hindi, Non Film",Amaal Malik,Rashmi Virag,T-Series,3.0
8a26da7b-b385-54b9-aa43-74beb8f7df2d,Mainu Ishq Da Lagya Rog,2015,"Hindi, Non Film","Arko Pravo Mukherjee, Nadeem - Shravan","Arko Pravo Mukherjee, Sameer",T-Series,0.0
ca33b805-c396-5d5b-8276-784f49ca824f,Manjhi The Mountain Man,2015,"Hindi, Film","Hitesh Sonik, Sandesh Shandilya","Kumaar, Deepak Ramola, Ketan Mehta",Zee Music Company,0.0
aa62bd64-e5ed-5305-b84c-5e23ebe69ab2,Manzilein,2015,"Hindi, Non Film",Maddy Sharma,Maddy Sharma,Worldwide Records,0.0
1595df2c-c275-5015-b6e8-747f6a8b7dcd,Margarita With A Straw,2015,"Hindi, Film","Mikey McCleary, Joi Barua","Prasoon Joshi, Mikey McCleary",Zee Music Company,4.0
b72b793e-8556-50cb-aa4d-4e949af4c3d3,Masaan,2015,"Hindi, Film",Indian Ocean,"Sanjeev Sharma, Varun Grover",Zee Music Company,4.33
906effc2-287e-532a-8c0c-3ab49839bdd0,Masoom Chehra,2015,"Hindi, Non Film",Happy Singh UK,Sanju Suri,Saga Music,0.0
313fe784-f89c-56d5-92a8-0f0b2adbf88c,Maula Maula,2015,"Hindi, Non Film",Sanjeev Srivastava,Shaheen Iqbal,Zee Music Company,0.0
246ea23d-8af6-511e-a7bb-68863e50a7ff,Me Hu Bhopali,2015,"Hindi, Non Film",Peddy Jey,Peddy Jey,Saga Music,0.0
16cf40b0-ed56-5763-a4df-a50cbda8a314,Meeruthiya Gangsters,2015,"Hindi, Film","Siddhant Madhav, Vivek Kar","K. Juneja, Arafat Mahmood, Kumaar",Zee Music Company,3.0
5ece3a5a-161a-508f-b8ea-3390965e6b8f,Mein Ladki Hoon,2015,"Hindi, Non Film",Sofia Hayat,Sofia Hayat,Zee Music Company,0.0
9131acdd-8b15-55de-b43d-648fc89fc002,Mera Rang De Basanti - A Tribute To Bhagat Singh,2015,"Hindi, Non Film","Advait Nemlekar, A.R. Rahman",Sameer,Tips,0.0
5c54082b-9562-5cd7-ac00-ae7661932e87,Mere Genie Uncle,2015,"Hindi, Film","Vandana Vadhera, Onkar Minhas","Vandana Vadhera, Manthan",Red And Yellow Music,0.0
ed029e7b-b42a-5cce-9479-e29797bca1a1,Mere Gully Mein,2015,"Hindi, Non Film",,"Divine, Naezy",Sony Music,4.0
106b22c0-7185-54f5-9a5d-97543db623e6,Mere Mehboob Qayamat Hogi,2015,"Hindi, Non Film",Laxmikant - Pyarelal,Anand Bakshi,Saregama,0.0
dc5db449-02c0-5f13-a75f-c6221b4b7f14,Mere Paas Hai Mutual Fund,2015,"Hindi, Non Film",Baba Sehgal,Baba Sehgal,Bombay Tracks,0.0
972d87c6-cc55-50bd-b1ac-7df7e74d55d6,Mere Sapno Ki Rani,2015,"Hindi, Non Film",S.D. Burman,Anand Bakshi,Saregama,0.0
193ab3fe-e64d-5f02-8b15-01e47d85fda1,Meri Hasraton Mein,2015,"Hindi, Non Film",Keval Walanj,Keval Walanj,Crescendo Music,0.0
a795671f-3da4-5ebc-ab9b-b842348ac19a,Miss Tanakpur Haazir Ho,2015,"Hindi, Film","Susmit Sen, Palash Muchhal","Sanjeev Sharma, Vinay Bihari, Sakshi Joshi, Vinod Kapri",T-Series,0.0
25973efb-cf1a-5d15-8e2f-249e686736e8,Monsoon,2015,"Hindi, Film","Biswajit Bhattacharjee, Santokh Singh, Anis Ali Sabri, Yasin Darbar","Shiv Sagar, Krishna Bhardwaj, Suzad Iqbal Khan, Sunil Chaudhari, Shabbir Ahmed",Zee Music Company,0.0
c80b5f85-6ce8-59b5-9233-74df7d5659d4,Moonlight Whispers,2015,"Hindi, Non Film",Vivek Prakash,Ravi Sharma - II,Times,0.0
55fa84c3-05bd-5e53-b74f-2fac21128cda,Morey Piya,2015,"Hindi, Non Film",Shreyas Puranik,"Shreyas Puranik, Saaveri Verma",Times,0.0
a9b1be6a-9250-5a69-99b6-1d706e06e5ec,Mr. X,2015,"Hindi, Film","Ankit Tiwari, Jeet Ganguly","Abhendra Kumar Upadhyay, Rashmi Singh, Manoj Muntashir, Monish Raza",Sony Music,0.0
3a690db0-1ea3-5c82-8e9e-44332f2ded44,Mrs. Scooter,2015,"Hindi, Film",Avinash Baghel,"Abhishek Chatterjee, Protique Mojoomdar",Ragasur,0.0
30be47ff-b369-5f2f-9738-05d0e6e2ff16,Muh Dikhai,2015,"Hindi, Non Film",Shafqat Amanat Ali,"Shafqat Amanat Ali, Nasir Kazmi",Times,0.0
b2396a25-2989-5382-922d-4155f077a7d6,Munda Tu Hai Punjabi Sona,2015,"Hindi, Non Film","Kennith - Sanjeev, Tabun Sutradhar",Dev Kohli,Venus,0.0
1eb91bd7-2e25-5af9-94df-6d20138acc7c,Mureed,2015,"Hindi, Non Film",Manan,Manan,Namyoho Studios,0.0
cd612ca3-ef4d-5cbe-8ddf-59ac1ced6c22,NH10,2015,"Hindi, Film","Sanjeev - Darshan, Bann Chakraborty, Savera Mehta, Ayush Shrestha, Samira Koppikar","Kumaar, Bann Chakraborty, Varun Grover, Abhiruchi Chand, Neeraj Rajawat, Manoj Tapadia",Eros Music,4.0
ea0e8480-1e40-58af-a639-dbe50949ac32,Na Tum Humein Jano,2015,"Hindi, Non Film",S.D. Burman,Majrooh Sultanpuri,Saregama,0.0
61c7b916-4d01-5030-a271-9e9445a935ab,Naina,2015,"Hindi, Non Film",Siddharth Shrivastav,Siddharth Shrivastav,Zee Music Company,0.0
dd2424f5-1fc0-55cc-af08-9043e536eb32,Nakhre,2015,"Hindi, Non Film",Zack Knight,"Zack Knight, Ahsen Khawaja",T-Series,0.0
bdd98679-6a29-51dd-b0e9-ff263f80df7d,Naughty Girl,2015,"Hindi, Non Film",Nitz Kakkar,Garima Anand,Zee Music Company,0.0
dc959189-e162-5b98-a696-c88983b4a723,Navaratna,2015,"Hindi, Non Film",,,Padmasheel Productions,0.0
761637dc-46e6-50f8-96bc-df4ea4317a14,O Mere Dil Ke Chain,2015,"Hindi, Non Film",R.D. Burman,Majrooh Sultanpuri,Saregama,0.0
6e913dcc-3952-5da1-9112-8fb9f5c94f08,O Meri Jaan,2015,"Hindi, Non Film",Suhail Zargar,Suhail Zargar,Zee Music Company,0.0
b6151bf3-5cf9-59e2-9e1d-c53fcae38f5f,O More Saiyan,2015,"Hindi, Non Film",Khalil Abhyankar,Khalil Abhyankar,Universal,0.0
4214b88b-8497-5669-a711-7efa7ef98a5b,Once Upon A Time In Bihar,2015,"Hindi, Film",Ashutosh Singh,Alok Shankar,T-Series,3.67
65267fe6-7214-5820-9d51-ac6edcb24a41,One Bottle Down,2015,"Hindi, Non Film",Yo Yo Honey Singh,"Yo Yo Honey Singh, Lil Golu",T-Series,0.0
8fa689b6-bcee-5962-9ac8-b49bff1173b4,P Se PM Tak,2015,"Hindi, Film",Jatin Pandit,Vinoo Mahendra,Zee Music Company,0.0
042b50f0-6c98-5c3a-9de4-df2ff7415e72,Party Girl,2015,"Hindi, Non Film","Ishq Bector, Shree D.",Nitin Gupta,T-Series,0.0
a86985e4-4c53-579b-90fb-38e14b4cc3c9,Pehla Pyar,2015,"Hindi, Non Film","Adil Hashmi, S.I.B.","Adil Hashmi, S.I.B.",T-Series,3.0
675754db-4c70-571f-8e79-780e07206ed1,Perception,2015,"Hindi, Non Film",Dr. Ravi Bhatnagar,Madan Pal,Worldwide Records,0.0
151e2e8f-bc9a-5f7f-9a04-af4d6853f4e7,Phantom,2015,"Hindi, Film",Pritam,"Amitabh Bhattacharya, Kausar Munir",T-Series,0.0
a21c00ac-3cc1-543c-b1b3-7d6bba45ed2c,Phir Se,2015,"Hindi, Non Film",M.M. Kreem,Manoj Muntashir,T-Series,0.0
bbc9a068-44b0-5051-9f1c-15eddcdb48b0,Piku,2015,"Hindi, Film",Anupam Roy,"Manoj Yadav, Anupam Roy",Zee Music Company,4.0
e55ce6c6-a80b-5dcd-b967-780a0da474ff,Piya Basanti (Redux),2015,"Hindi, Non Film","Sandesh Shandilya, Achint Thakkar",Ustad Sultan Khan,Sony Music,3.5
61e34981-7599-5062-a420-f6f5738d04af,Piya Bole Na,2015,"Hindi, Non Film",Natz,Manoj Kabir Yadav,Times,0.0
128d30bc-215d-59e4-9cac-124bf9b36e53,Prem Ratan Dhan Payo,2015,"Hindi, Film",Himesh Reshammiya,Irshad Kamil,T-Series,3.0
f36300d1-62a5-5511-a4a2-d111b4cfcd33,Project 12,2015,"Hindi, Non Film",Project 12,,,3.0
a5fe6acf-04fd-51bd-9854-6f1c542dd4ec,Puli,2015,"Hindi, Film",Devi Sri Prasad,"Raqueeb Alam, Kumaar, Shabbir Ahmed",Sony Music,0.0
95ae6ed3-1613-5540-91b7-78906ded3f11,Pushpa I Hate Tears,2015,"Hindi, Non Film",Baba Sehgal,Baba Sehgal,Biscoot Records,0.0
936d222f-0cb3-5129-ba35-509bcbef4786,Pyaar Insaan Se Karna Sikha Do,2015,"Hindi, Non Film",Kavita Seth,Sudarshan Goel,Artist Aloud,0.0
44b83cbf-add1-5108-8511-058f23ac227b,Pyaar Ka Punchnama 2,2015,"Hindi, Film","Hitesh Sonik, Sharib - Toshi","Hitesh Sonik, Luv Ranjan, Kumaar, Akram Sabri",Zee Music Company,0.0
dabf56be-4ac3-5408-8b67-d172e1d4a282,Pyaar Tune Kya Kiya,2015,"Hindi, Non Film",Amjad - Nadeem,Sanjeev Chaturvedi,Zee Music Company,0.0
a96bf3ee-5251-548b-aa70-98e991166205,Rabba Ho (Soul Version),2015,"Hindi, Non Film",Saad Sultan,Falak Shabir,T-Series,0.0
c230f945-590d-594d-87c8-12bcc643d1bd,Ranbanka,2015,"Hindi, Film",Sahil Rayyan,"Tanveer Ghazi, Arafat Mahmood, Salim Ashfee",Zee Music Company,0.0
dd81d936-5c17-5d46-9d62-d558fb7088c3,Rang-E-Ishq,2015,"Hindi, Film",Deen Mohammad,"Dr. Sneh, Jayveer Panghaal, Tabassum - I",Shemaroo,0.0
64f47570-0225-5a7a-9c39-8b1eca26a411,Ranglee,2015,"Hindi, Non Film",Richa Sharma,Rajiv Rana,Zee Music Company,0.0
a82598db-c759-53ed-8d33-fec3f98b9732,Ranviir The Marshal,2015,"Hindi, Film","Ramji Gulati, Ricky Mishra, Jaidev Kumar","K. Juneja, Dr. Sagar, Jaidev Kumar, Rajan Kheda",Zee Music Company,0.0
7bf4b4f1-439f-5750-8f99-71efd6d992f6,Ring Diamond Di,2015,"Hindi, Non Film",Santosh Singh,Kumaar,Zee Music Company,0.0
b2eaf8cd-f440-599c-83af-a942641967ff,Roop Tera Mastana,2015,"Hindi, Non Film",S.D. Burman,Anand Bakshi,Saregama,0.0
85e88d5f-7256-56dd-aa79-276fbd022423,Roy,2015,"Hindi, Film","Ankit Tiwari, Meet Bros Anjjan, Amal Malik","Abhendra Kumar Upadhyay, Kumaar, Sandeep Nath",T-Series,4.5
39511933-8b97-5179-a94e-47c8cf8b0661,Rudhramadevi,2015,"Hindi, Film",Ilaiyaraaja,"Raqueeb Alam, Sudhakar Sharma, Vimal Kashyap",T-Series,0.0
c10075b6-3f22-5afe-ae53-b5dccd1ae62e,Saibo (Rendition),2015,"Hindi, Non Film",Sachin - Jigar,Sameer Anjaan,Sony Music,0.0
b7559027-bad2-5235-a9b3-456a2e017fc0,Sapne Banata Hoon,2015,"Hindi, Non Film",Amit Kumar,Leena Chandavarkar,Kumar Brothers Music,0.0
e894b764-e131-5e55-8660-5ba186b36dea,Second Hand Husband,2015,"Hindi, Film","Badshaah, Jatinder Shah, Dr. Zeus, DJ Flow","Badshaah, Kumaar, Rahul Behenwal, Kuldeep Kandiara",Zee Music Company,0.0
bd79d923-ee50-534e-8ea5-95727ddb60c2,Shaam Dhal Gayi,2015,"Hindi, Non Film",Band Pulse,Meeta Ram Kumar,Indya Records,0.0
62f649e1-0732-5572-a57c-81623896e4ba,Shaandaar,2015,"Hindi, Film","C. Ramchandra, Mikey McCleary, Amit Trivedi, Kalyanji Veerji Shah","Rajendra Krishan, Amitabh Bhattacharya, Pyarelal Santoshi, Anvita Dutt",Zee Music Company,4.25
82cb32ad-9ebd-5c2e-a768-83a5c02b3c3e,Shamitabh,2015,"Hindi, Film",Ilaiyaraaja,"Swanand Kirkire, Kausar Munir",Eros Music,3.0
5f58adc3-f232-5241-9e7e-852f8b2cdaed,Shanti Samsara,2015,"Hindi, Non Film","Ricky Kej, Rabindranath Tagore, Peter Yarrow","Aygun Ismailova, Ricky Kej, Alexis D'souza, Rocky Dawuni, Peter Yarrow",Zee Music Company,0.0
651e9c17-a6c8-5e24-b600-eca11d7141fd,Sick Of The Party,2015,"Hindi, Non Film",DJ Sanjeev,Chetan - I,Saregama,0.0
5be658ce-1840-55da-a9e2-0833f68aa112,Signature,2015,"Hindi, Non Film",Zoheb Hassan,,Saregama,0.0
4e7e0aa6-dc85-5335-8168-82f950cd4354,Singh Is Bliing,2015,"Hindi, Film","Sajid - Wajid, Meet Bros, RDB, Manj Musik, Sneha Khanwalkar","Wajid Khan, Irfan Kamal, Kumaar, Harjog Singh, RDB, Manj Musik, Nindy Kaur, Sneha Khanwalkar",Zee Music Company,3.0
def9de32-8920-5451-a60c-60cea48894b5,Slum Stars,2015,"Hindi, Non Film",Bappi Lahiri,Deepak Sneh,Venus,0.0
381f7a37-dfeb-538b-8681-4ec62d9a53d4,Sorry Daddy,2015,"Hindi, Film","Vaishnav Deva, Prakash Prabhakar, Liyakat Ajmeri","Mumtaz Nikhat, Sanjit Kumar Nirmal, Faaiz Anwar, Husna Khan",Yellow & Red Music,0.0
b54d4865-3939-58d9-a147-479b3039e560,Super Girl From China,2015,"Hindi, Non Film",Kanika Kapoor,Shabbir Ahmed,T-Series,0.0
addcfb89-edb6-5425-b0d1-8d6eccf7f968,Swag Babe,2015,"Hindi, Non Film",Milind Gaba,Milind Gaba,T-Series,0.0
7f4b841a-0d6d-5145-9c9c-f21708962236,Taj Firun,2015,"Hindi, Non Film","Gaurav Dev, Kartik Dev","Punit Bhardwaj, Rohit Prashu",Zee Music Company,0.0
fb4c88fa-e128-50bf-b23b-db44edfc822c,Talvar,2015,"Hindi, Film",Vishal Bhardwaj,Gulzar,T-Series,3.5
007d818a-3347-516b-98a9-57b18595938e,Tamasha,2015,"Hindi, Film",A.R. Rahman,Irshad Kamil,T-Series,4.4
7df917f5-208d-5073-8e42-fbe3323985e7,Tanu Weds Manu Returns,2015,"Hindi, Film","Krsna Solo, Tanishk - Vayu, SurjRDB","Raj Shekhar, Vayu, N.S. Chauhan, SurjRDB",Eros Music,4.5
da812c4c-86c6-5a45-9194-da5467191c86,Teddy Bear,2015,"Hindi, Non Film",Kanika Kapoor,Shabbir Ahmed,Zee Music Company,0.0
4119280f-a4e7-51a3-9f5c-97d0b9d5b52c,Tension Ko Goli Maro,2015,"Hindi, Non Film",Ryaan,Ryaan,Myaash,0.0
6e5feb25-34ee-5999-afab-950ceebd2ff2,Tera Ishq Jee Paaun,2015,"Hindi, Non Film",Arijit Chakraborty,Manoj Yadav,T-Series,0.0
9656211d-1859-5bfb-a5b4-8213d4fe66fe,Tera Mera Tedha Medha,2015,"Hindi, Film",Chittaranjan Tripathy,"Chittaranjan Tripathy, Swanand Kirkire, V.K. Sharma, Ritesh Shah",Worldwide Records,0.0
98dd5c17-3cbc-5384-91ea-0092a65f56b6,Tere Bina,2015,"Hindi, Non Film","Suryaveer, Dipanjan Guha",Iqbal Ashraf,T-Series,0.0
06b54fca-bdbe-56b0-8f44-2bd51dce221e,Tere Dar Par Sanam (Be My Love),2015,"Hindi, Non Film","Rumman Chowdhury, Anu Malik","Qateel Shifai, Rumman Chowdhury, Harvinth Skin",Tips,3.5
343c5952-8d91-5536-b864-ebd6fa5bc894,Tere Ishq Mein Qurbaan,2015,"Hindi, Film",Harsh Vyas,"M. Dahek, Perwez Kaash, Suresh Rana, Pradeep - I",Yellow & Red Music,0.0
191ec606-1255-5630-8534-bf931b1f7bbd,Tere Liye,2015,"Hindi, Non Film","Shreepritam, Jeet - I",S.R. Bharti,Venus,0.0
dd80f934-0423-5df1-bed7-ec57467de6d0,Teri Ek Hassi,2015,"Hindi, Non Film",Palash Muchhal,Palash Muchhal,Zee Music Company,0.0
3d74dab0-fb45-590a-8c5e-648f6a2a3bf6,Teri Yaad,2015,"Hindi, Non Film",The Kroonerz Project,"Rohit Dubey, Ashish Mishra, Mann Taneja",Sony Music,0.0
8f2cefee-3e5a-54a8-af0a-0da27b45fb6f,The Gangster Song,2015,"Hindi, Non Film",Luv O Trigger,Luv O Trigger,Zee Music Company,0.0
a5e855a7-0316-54cf-9a4d-233a7b908a13,The Night Of The Interview,2015,"Hindi, Film","Ashraf Fani, The Colors Band","Ashraf Fani, The Colors Band",Purple Leaf,0.0
c3dfa6a5-7163-5710-8337-af7461df53eb,The Perfect Girl,2015,"Hindi, Film",Soumil - Siddharth,Manoj Yadav,T-Series,0.0
caa64c0c-6888-5517-83de-3d814266b35b,The Silent Heroes,2015,"Hindi, Film",Rahul Mishra,Rahul Mishra,Yellow & Red Music,0.0
0dc0818a-04fd-5664-929f-a0b5c7d575e6,Thoda Lutf Thoda Ishq,2015,"Hindi, Film",Vikram Khajuria,Devshi Khanduri,Zee Music Company,0.0
fcc2086d-849a-5904-9354-8c3aa57b5c3d,Time Out,2015,"Hindi, Film",Sandesh Shandilya,Deepak Ramola,Zee Music Company,0.0
edd24845-9f54-5747-82a6-24637f9a2be8,Titli,2015,"Hindi, Film",Harpreet,"Deepak Dhamija, Maheep Singh",YRF Music,0.0
44b19ee0-5470-5a3e-af3e-cbe3c275b90b,Tu Aas Hai Meri,2015,"Hindi, Non Film",Khiza,"Zain Khan, Sonu - I",T-Series,0.0
05983f16-4c47-52fa-a5ec-e8ec46785bb0,Tu Hi Pyaar Hai,2015,"Hindi, Non Film",Chirantan Bhatt,Manoj Yadav,T-Series,0.0
e3984b9c-1e2c-5bbc-951b-1d443ed9099a,Tu Jaan India,2015,"Hindi, Non Film",Shreyash Angane,,Times,0.0
68c1e852-4d11-54ed-af63-0839e98c37ee,Udne De,2015,"Hindi, Non Film",Neeti Mohan,"Neeti Mohan, Brij Mohan Sharma, Manoj Yadav",,0.0
17972978-6f2c-5685-b6fa-1d6ee17abf8e,Until The Sun Comes Up,2015,"Hindi, Non Film",Raghav Mathur,Raghav Mathur,Raghav Mathur,0.0
94bd0689-a7d0-51c0-9f51-3153cb7acc0f,Urain Ge,2015,"Hindi, Non Film",Ali Zafar,Ali Zafar,Ali Zafar,0.0
b46ac817-5452-5938-a1bf-d5c848a8ddeb,Uvaa,2015,"Hindi, Film","Rashid Khan - II, Praveen - Manoj, Palash Muchhal, Hanif Shaikh","Bhupendra Singh 'Megh', Shiv Singh Benawra, Hanif Shaikh",Zee Music Company,0.0
34a31a85-ce2f-53d7-a81e-edb28beb0d93,Vinay Anand World Wide Win,2015,"Hindi, Non Film","Vinay Anand, Durgesh Vishwkarma",Sanjay Kabeer,Zee Music Company,0.0
6449b8e3-f4cf-550a-a3b0-c14239d33b22,Wahan Kaun Hai Tera,2015,"Hindi, Non Film",Swaraaj,Swaraaj,Saregama,0.0
6168ee28-384d-5633-be2f-33678f05292e,Watan Ke Liye (Dil Indian),2015,"Hindi, Non Film",Daboo Malik,Panchhi Jalonvi,Audio Curry,0.0
f77a5d57-0099-5056-af2a-eadd4f3c160a,Wazir,2015,"Hindi, Film","Rochak Kohli, Advaita, Shantanu Moitra, Prashant Pillai, Ankit Tiwari, Gaurav Godkhindi","Deepak Ramola, Gurpreet Saini, Abhijeet Deshpande, Swanand Kirkire, Vidhu Vinod Chopra, A.M. Turaz, Manoj Muntashir",T-Series,3.75
12132d03-2a27-50a9-83ad-f683af4a0792,Wedding Da Season,2015,"Hindi, Non Film",Amaal Malik,Kumaar,T-Series,0.0
d42f08e8-9762-5d4d-b4cf-dfcdc9d185be,Wedding Pullav,2015,"Hindi, Film",Salim - Sulaiman,"Irfan Siddiqui, Bulleh Shah, Apeksha Dandekar",Zee Music Company,3.5
730ce06d-5181-5b7c-8b0f-302144c34f1a,Welcome 2 Karachi,2015,"Hindi, Film","Amjad - Nadeem, Jeet Ganguly, Rochak Kohli","Sameer Anjaan, Kausar Munir, Rochak Kohli, Ravi Singhal, Gautam Govind Sharma, Gurpreet Saini",T-Series,0.0
57bd1e0f-ca76-5fe1-b8df-8fcbab249276,Welcome Back,2015,"Hindi, Film","Anu Malik, Mika Singh, Yo Yo Honey Singh, Siddhant Madhav, Meet Bros Anjjan, Abhishek Ray, Music MG","Manoj Muntashir, Shabbir Ahmed, Traditional, Kumaar, Arafat Mahmood, Nitin Raikwar, Manvendra, Music MG",T-Series,0.0
32b27a87-cbc9-5d53-8f68-d2a4673691c5,Why Am I So Sexy?,2015,"Hindi, Non Film",Baba Sehgal,Baba Sehgal,Biscoot Records,0.0
d175db35-0705-571f-95fb-2bb07f59d423,Woh Pehli Baar (Redux),2015,"Hindi, Non Film","Vishal - Shiraz - Samrat, Siddharth Basrur, Raghav, Arjun","Vishal Dadlani, Raj Kaushal",Sony Music,0.0
9940f44a-8a00-5a7e-a917-7b217730a6ba,X: Past Is Present,2015,"English, Film","Sudeep Swaroop, Sangeet Haldipur - Siddharth Haldipur","Pratyush Prakash, Sathisa Bageera, Raja Sen, Sudhish Kamath, Manoj Yadav",Zee Music Company,0.0
a35ddbf3-6f01-58c7-b076-877d7077242a,Yaadein Bachpan Ki,2015,"Hindi, Non Film",Bunty Sachdeva,Bunty Sachdeva,T-Series,0.0
2a1e6102-e835-5806-bb17-65fb21407ea1,Yaara Silly Silly,2015,"Hindi, Film",Ankit Tiwari,Sandeep Nath,Zee Music Company,0.0
91f17e76-b08c-530e-88a6-cc5a4071c8a9,Yahin Hoon Main,2015,"Hindi, Non Film","Ayushmann Khurrana, Rochak Kohli","Gautam Govind Sharma, Gurpreet Saini, Ayushmann Khurrana, Rochak Kohli",T-Series,0.0
44ea5cfc-f9f1-5014-82e9-a168aa62cd3f,Yakeen,2015,"Hindi, Non Film",Satish Chakravarthy,Puneet Sharma,Universal,0.0
4b2230b0-f38b-5fb7-81b0-bccd897c4301,Yash Raaj Aur Film!,2015,"Hindi, Film",Vikas Sirmoliya,Ranveer Pratap Singh,Yellow & Red Music,0.0
06da3082-a10e-586d-b434-a07f9994e5ae,Ye Faasley,2015,"Hindi, Non Film",Gaurav Bhatt,,Unisys Music,0.0
6502a56d-6c08-5de1-ad8d-3816d9ac2424,Yeh Ishq Sarfira,2015,"Hindi, Film","Pranav - Ayaan, Pranav Vatsa",Pranav Vatsa,Shemaroo,0.0
6b71d3d4-d38e-5c61-bcbe-a3b0c2995b43,You And Me - Teri Galliyan,2015,"Hindi, Non Film",Ankit Tiwari,Manoj Muntashir,T-Series,0.0
1196cc1d-b4a5-5d51-8607-ee869a707a05,Zara Sun Balliye,2015,"Hindi, Non Film",Kartikeya Tiwari,Kartikeya Tiwari,T-Series,0.0
c93442f7-2170-5492-acc1-5cef03599877,Zikr Tera,2015,"Hindi, Non Film",Roop Kumar Rathod,Shakeel Azmi,Roopkumar Rathod,0.0
358ebcba-1eaa-51db-9105-a9fb5d48a4c0,Zindagi,2015,"Hindi, Non Film",Harshit Chauhan,Prashant Ingole,T-Series,0.0
688d7c5e-a161-5b2f-829b-9f61fa61c6a0,Zindagi Aa Raha Hoon Main,2015,"Hindi, Non Film",Amaal Malik,Manoj Muntashir,T-Series,0.0
db147f42-290e-53cb-86a0-09501b41e7d4,1920 London,2016,"Hindi, Film","Kaushik - Akash, J.A.M, Sharib - Toshi, Shankar - Jaikishan","Prashant Ingole, Sharib - Toshi, Kalim Sheikh, Kunal Verma, Hasrat Jaipuri, Azeem Shirazi",T-Series,0.0
175f6de8-7fde-5c25-a695-a1390024d6a4,1982 - A Love Marriage,2016,"Hindi, Film",Anurag - Chinmay,"Aditi Jahagirdar, Traditional",T-Series,0.0
771b9757-eb7b-5f01-b136-5224961c5e75,1:13:7 Ek Tera Saath,2016,"Hindi, Film","Liyakat Ajmeri, Sunil Singh, Ali (Piku), Nawab Khan - I","A.M. Turaz, Devendra Kafir, Husna Khan, Ahmed Siddiqui",Zee Music Company,0.0
acba6fbf-bef2-5b50-a5e4-4da794b587b4,2016 The End,2016,"Hindi, Film","Agnel Roman, Faizan Hussain",Arun Kumar - II,Zee Music Company,0.0
2d75dd6e-dd08-50f2-bbe1-06fe4518e79a,30 Minutes,2016,"Hindi, Film","Haroon - I, Jaspal Moni, Naresh Vikal, Ashok Sharma - I, Sanjay Dhoop Mishra","Haroon - I, Zaheen Shah Taji, Santosh Kumar - I, Babbi Khakh, Jaspal Moni, Parwinder Pal Singh",Zee Music Company,0.0
1a4120ce-4d2e-58fa-9869-200981c99ecb,31st October,2016,"Hindi, Film","Vijay Verma, Milind Gaba","Mehboob, Jagmeet Bal, Moazzm Azm",Zee Music Company,0.0
a52e542c-ed11-5d35-9a2c-f0ecac0b9e95,6 Pack Band,2016,"Hindi, Non Film",Shamir Tandon,"Nishant, Shamir Tandon, C. Manikantan",YRF Music,0.0
8804bece-8089-5f8d-ae47-4f91fb2e324a,7 Hours To Go,2016,"Hindi, Film","Hanif Shaikh, Sumit Sethi, Sugat - Shubham","Hanif Shaikh, Manoj Yadav, Shraddha Bhilave, Sugat Dhanvijay",Zee Music Company,0.0
a119387a-593e-5750-b275-0cd1a27bd472,A Flying Jatt,2016,"Hindi, Film",Sachin - Jigar,"Vayu, Raftaar, Priya Saraiya, Mayur Puri",Zee Music Company,0.0
064f9689-0cbf-59d9-8be5-5bbd9dd58b44,A Scandall,2016,"Hindi, Film","Amjad - Nadeem, Arko, Ikka, Bapi - Tutul","Sameer Anjaan, Intense, Ishan Shrivedi",Zee Music Company,0.0
8f8cbf41-ebb3-5b66-97ce-6f69629fdd79,ATM,2016,"Hindi, Non Film",Baba Sehgal,Baba Sehgal,Shotformats,0.0
8d2c5311-30ad-5198-9c3d-d41fd4b859db,Aa Chalein,2016,"Hindi, Non Film",C.H. Manish,Sanjeev Anand Jha,Zee Music Company,0.0
755e60a3-e591-5dab-ab71-f4c64c8e3d6a,Aaina,2016,"Hindi, Non Film",Peddy Jey,Aseem Ahmed Abbasi,Saga Music,0.0
bfda0f7e-ed31-5980-a6a7-4f158227f0cc,Aaja Dance Floor Pe,2016,"Hindi, Non Film",Ramji Gulati,"Mack, Ramji Gulati",Zee Music Company,0.0
429367dc-f051-5198-85b2-da2c9b6cf053,Aap Se Mausiiquii,2016,"Hindi, Non Film",Himesh Reshammiya,Manoj Muntashir,T-Series,0.0
f1edb371-aa9a-5af3-a321-110391a8bea6,Aasra,2016,"Hindi, Film",Abdhesh Goswami,"Vishudh Anand Sharma 'Akash', Sameer Pakhale",Zee Music Company,0.0
c5f6e09f-b461-584e-9b75-9a33b3a0d5a5,Aate Jaate Yun Hi,2016,"Hindi, Non Film",Sargam - I,Preeti - I,Crescendo Music,0.0
5ef73683-6eb9-5d1a-9b4f-93d90cf8c22a,Aawariyaan,2016,"Hindi, Non Film",Sanket Sane,Rajan Batra,Zee Music Company,0.0
6e9671a7-deef-5325-a1e7-43c13eb83a8b,Ab Phirse Jab Baarish,2016,"Hindi, Non Film","Darshan Raval, Rahul Munjariya",Darshan Raval,One Digital Entertainment,0.0
613da5f9-184b-50b8-b205-9bafd41eb0b9,Adab Se Pesh Aa Zindagi,2016,"Hindi, Non Film",Anand Bajpai,Saaveri Verma,Arré,0.0
4b743966-9bda-51ef-b6aa-9dab49d59950,Aditi Singh Sharma Raaga Trippin,2016,"Hindi, Non Film",Various artists,Various artists,T-Series,3.0
0aa1107a-9a1b-55a7-aae3-6c7fc591ca30,Ae Dil Hai Mushkil,2016,"Hindi, Film","Pritam, Sohail Rana","Amitabh Bhattacharya, Faiyyaz Hashmi",Sony Music,4.67
847964c0-8edd-54e1-9477-36cf64c53749,Aise Karte Hai Party,2016,"Hindi, Non Film",Hard Kaur,"Hard Kaur, Sonny Ravan",Times,0.0
0c7c38c5-49d7-50d8-bb12-1abbd7511ec5,Aise Na Dekh,2016,"Hindi, Non Film",Milind Gaba,Milind Gaba,T-Series,0.0
07698803-8f32-5b9c-8917-b95105096cfe,Aji Mera Ghanta,2016,"Hindi, Non Film",Muhfaad,Muhfaad,Desi Music Factory,0.0
909ae1de-8213-593b-93e4-0558620caf2f,Akira,2016,"Hindi, Film",Vishal - Shekhar,"Kumaar, Manoj Muntashir",T-Series,0.0
389e914d-aa9c-5d70-a7ae-97c441197760,All I Need,2016,"Hindi, Non Film",Rajat Nagpal,Ikka Singh,T-Series,0.0
20cec8ae-2a36-5ef4-8368-991c9d1246a5,Allah Bachaaye,2016,"Hindi, Non Film",Rupmatii Jolly,Rupmatii Jolly,Zee Music Company,0.0
750e935a-73f0-568e-b6fb-756db7814d06,Ameer Baap Ki Beti,2016,"Hindi, Non Film",AJ Sohal,AJ Sohal,The New Digital Media,0.0
f7abe984-6620-5bce-a733-d019cbb97576,Andaaz E Bayaan,2016,"Hindi, Non Film",Raaj Aashoo,Krishan Bhardwaj,Vineet Dhingra Music,0.0
0532579c-fd6d-56a0-a748-7f4b93d78ecc,Angarey,2016,"Hindi, Non Film",Swarakshar Band,Ankkit,Songster,0.0
d0567409-a46d-55d2-a7b6-98a224603069,Ankhiyaan,2016,"Hindi, Non Film","Arjuna Harjai, Ezu","Kumaar, Raxstar",T-Series,0.0
f3d9d88b-6e06-5024-bd09-c4e802d4bddb,Anna: Kisan Baburao Hazare,2016,"Hindi, Film","Ravindra Jain, Prithvi Gandharv","Ravindra Jain, Aniket Pandey",Zee Music Company,0.0
28a6f115-5f27-5ffb-a366-7de4f33cb6f7,Antarman,2016,"Hindi, Non Film","Rahul Mukherjee, Randeep Bhaskar","Shekhar Astitwa, Traditional, Randeep Bhaskar, Lalon Fakir",Times,0.0
38866d52-de46-5ea4-bb06-a85aecf4b56d,Asal Hustle,2016,"Hindi, Non Film",Sez,Naezy,Sez,0.0
3ca457a6-9034-593f-aae2-c5080de406dd,Asan Nahi,2016,"Hindi, Non Film",Amit Kumar - I,Karnika,Star Leight Records,3.0
70f62185-352d-54b4-843e-ff8281939f1b,Ashiqana,2016,"Hindi, Non Film","Jiten Singh, Aniket Dhingra","Aniket Dhingra, Sudeep Nigam",Ampliify Times,0.0
e6cda6d6-a7b7-54b0-978e-24e13df753b5,Ashley,2016,"Hindi, Film",Dushyant Dubey,Amitabh Ranjan,Zee Music Company,0.0
6c419003-9c8c-5030-8d23-35fc24db1155,Ashq Na Ho,2016,"Hindi, Non Film",Pritam,Irshad Kamil,Zee Music Company,0.0
82dbe417-a7e1-5849-9972-0afdf4486ab7,Awesome Mausam,2016,"Hindi, Film","Ishan Ghosh, Mannishankar, Komal Aran Atariya",Yogesh Bhardwaj,T-Series,0.0
b7f2f1d6-27d6-5c7b-9139-1f15865986a2,Aye Mere Humsafar (Cover Version),2016,"Hindi, Non Film","Prantik Sur, Anu Malik",Gauhar Kanpuri,Venus,0.0
eb2098b2-52ab-588a-a50e-418c096da4d6,Azhar,2016,"Hindi, Film","Amaal Malik, Pritam, Kalyanji - Anandji, DJ Chetas","Rashmi Virag, Manoj Yadav, Kumaar, Anand Bakshi",T-Series,0.0
ad9014fe-91d5-5d75-a2f8-2b34dc87db75,BHK Bhalla@Halla.Kom,2016,"Hindi, Film",Rahul Mishra,Rahul Mishra,Zee Music Company,0.0
caf52349-187a-5cf0-9970-1e55fb6959ae,Baaghi,2016,"Hindi, Film","Ankit Tiwari, Meet Bros, Pranay Rijia, Manj Musik, Amaal Malik","Abhendra Kumar Upadhyay, Kumaar, Rahul B. Seth, Sabbir Khan, Raftaar, Sanjeev Chaturvedi",T-Series,3.0
d7c5de63-fafd-5bd3-8491-07b866cceaf0,Baahon Mein,2016,"Hindi, Non Film",The Doorbeen,The Doorbeen,Jjust Music,0.0
44b6cc83-7149-5330-beec-35a6a7d91814,Baar Baar Dekho,2016,"Hindi, Film","Prem - Hardeep, Badshah, Jasleen Royal, Amaal Malik, Arko, Bilal Saeed","Amrik Singh, Kumaar, Prateek Kuhad, Arko, Aditya Sharma - I",Zee Music Company,3.0
0399c742-c80f-5847-ba8c-45a293ca2d8f,Babuji Ek Ticket Bambai (Raag),2016,"Hindi, Film","Nikhil Kamat, Altaaf Sayyed, Umesh Tarkaswar","Kumaar, Atiya Sayyed, Traditional, Bhupinder Kaur, Haider Najmi",T-Series,0.0
6e32f084-415d-5d2c-b7da-1d8b63bb1007,Baby Makeup Karna Chod,2016,"Hindi, Non Film",Tony Kakkar,Tony Kakkar,Desi Music Factory,0.0
30391092-5b39-52ac-868a-9e70600eb588,Badtameez,2016,"Hindi, Non Film",Ankit Tiwari,Manoj Muntashir,T-Series,0.0
d91f54e1-3ac9-5a35-8e6c-24f2abc8f3bf,Bairi Piya,2016,"Hindi, Non Film",BeRoseGuys,Shantanu Namdev,MuSlate,0.0
da4a0f7d-19b5-5cde-bb04-5d20345cca4e,Bandeya,2016,"Hindi, Non Film",Zenif,Zenif,T-Series,0.0
23443715-ff3a-5d6d-a5db-ca9e18ee5c30,Bandish Blues,2016,"Hindi, Non Film",The Darshan Doshi Collective,Traditional,Ampliify Times,0.0
c50a1a51-050d-59fa-80d5-8fa1d6f4a2d8,Bang Bang,2016,"Hindi, Non Film",Vaibhav Anand,John Reckless,Zee Music Company,0.0
d1a06d9b-03c0-5bc5-a3a6-73d04a67beac,Banjaara,2016,"Hindi, Non Film","Chahat Kakkar, Saurav Mishra",Saurav Mishra,Times,0.0
445c52b2-daef-54ba-b260-0687a0716058,Banjo,2016,"Hindi, Film",Vishal - Shekhar,"Amitabh Bhattacharya, Vishal Dadlani, Ravi Jadhav",Eros Music,3.0
93f2913e-17c4-55de-b406-4ccaa345980d,Barbaad Zindagi,2016,"Hindi, Non Film",Avi Sharma,Harshit Dubey,MuSlate,3.0
ee41d0c8-0e55-55ad-b400-7da2cd808d32,Batti Gul,2016,"Hindi, Non Film",Anurag Khandait,,OKListen Media,0.0
ada1bd38-e056-5555-934a-bb61354d1dd2,Baware Naina,2016,"Hindi, Non Film",Rohan Ganguli,Raju Rajasthani,Shemaroo,0.0
4fa7bf0c-158e-5e1d-b110-f290c61963d9,Beautiful Girl,2016,"Hindi, Non Film",Ramji Gulati,"Ramji Gulati, Mack",Zee Music Company,0.0
e54298ab-17b8-547b-937f-6292661af327,Befikra,2016,"Hindi, Non Film",Meet Bros,Kumaar,T-Series,0.0
60ba55a2-6148-5e25-a011-3d17a41b4557,Befikre,2016,"Hindi, Film",Vishal - Shekhar,Jaideep Sahni,YRF Music,3.0
12b4e1ca-35ac-524e-a067-7bbfb5d1fd1f,Behka Behka,2016,"Hindi, Non Film",Aditya Narayan,Aditya Narayan,T-Series,0.0
f1a69bb4-6668-5f97-b283-962bba581e4e,Beiimaan Love,2016,"Hindi, Film","Raghav Sachar, Sanjeev - Darshan, Manj Musik, Asad Khan, Ankit Tiwari, Amjad - Nadeem, Raqueeb Alam","Kumaar, Sameer Anjaan, Raftaar, Raqueeb Alam, Abhyendra Kumar Upadhyay, Asad Khan",Zee Music Company,0.0
32b3c964-5cba-5c07-91a9-b7138b225940,Beqarar Karke Humein,2016,"Hindi, Non Film","Hemant Kumar, John Hunt",Shakeel Badayuni,Saregama,0.0
3b7212aa-2a29-50a3-b096-1d24cdb6d08e,Bezubaan Raat Hai,2016,"Hindi, Non Film",Khalil Abhyankar,Khalil Abhyankar,Universal,3.0
abe4055b-293c-5ea4-8156-42ced9140297,Bhaag Kahan Tak Bhagega,2016,"Hindi, Film","S.P. Sen, Shikandar Shah, Baba Jagirdar, Anwar Hussain - II","S.P. Sen, Rameshwar Sharma - I, Suneel Sagar, Shridhar Kamble, Ambar Azmi",Yellow & Red Music,0.0
d622ca31-42a5-5a1d-afb6-60b50f9f446d,Bheege Hum,2016,"Hindi, Non Film",Sourabh - Prashant,Pinky Poonawala,Zee Music Company,0.0
537d6712-d15b-5d9a-9802-1c7a82c43143,Bhole Chale,2016,"Hindi, Non Film",Kailasa,Kailash Kher,Kailasa Records,3.0
fe249d83-55d1-5594-829e-dece5e5f766a,Bholeynath,2016,"Hindi, Non Film",Milind Gaba,Ikka Singh,T-Series,0.0
8d300eb0-d15b-5444-96eb-d39d8538b459,Bhouri,2016,"Hindi, Film",Sanjay Pathak,"Sajan Agarwal, Manjeet Mahipal, Prita Pathak",Zee Music Company,0.0
d31cfcc5-d473-56c0-8701-2b4264427708,Bhul Nayo Jana,2016,"Hindi, Non Film",Siddharth Shrivastav,Himanshu Mutreja,Zee Music Company,0.0
e5ea6516-c090-503b-a731-41c09cf3d165,Billu Gamer,2016,"Hindi, Film",Bapi - Tutul,Pankaj Sharma - I,Zee Music Company,0.0
7cea1ec3-239e-517d-b53f-2b3c0def294b,Biwi.Com,2016,"Hindi, Film","Kashi - Richard, Pooja Neelam Kapoor, Bobby - II","Satyaprakash, Shweta Raaj, Hanif Chhipa, Irshaad Dalal, Tripta",Zee Music Company,0.0
98ec5a3e-3360-55fe-9008-34134ab5bccb,Black Money,2016,"Hindi, Non Film",Baba Sehgal,Baba Sehgal,Shotformats,0.0
c0358b0c-7c17-5d6c-9a47-980dd3122648,Bol Do Na Zara - Acoustic,2016,"Hindi, Non Film",Amaal Mallik,Rashmi Virag,T-Series,0.0
61b9e0c7-95e1-523f-a2ec-eafc4185dc00,Bollywood Diaries,2016,"Hindi, Film",Vipin Patwa,Dr. Sagar,Zee Music Company,3.67
136c5d0e-df5c-5ff2-943b-3550e9433cb8,Brahmaand Nayak Saibaba,2016,"Hindi, Film","Sushant - Shankar, Raamlaxman, Shanjay Anand Raj",Satyprakash Dubey,Zee Music Company,0.0
e4f2ef3a-dc57-5753-b0a0-bdfdc15ea3ce,Buddha In A Traffic Jam,2016,"Hindi, Film",Rohit Sharma,"Rohit Sharma, Vivek Agnihotri, Ryan Dias, Ravinder Randhawa, Faiz Ahmed Faiz",Crescendo Music,0.0
0294aa9c-8ac9-5de4-81a0-0f493d1cfca5,Budhia Singh - Born To Run,2016,"Hindi, Film","Hitesh Sonik, Sidhant Mathur","Prashant Ingole, Gopal Dutt - I, Abhishek Dubey, Kantakabi Laxmikanta Mohapatra",Zee Music Company,0.0
4f8ebd06-8eff-5f7b-baa2-71cbdc2370d8,Bulleya Man Jaa,2016,"Hindi, Non Film",Harpreet Singh,Harpreet Singh,Strumm Entertainment,0.0
c9004d93-11eb-5bc9-b597-63ae690f2aa7,Bura Na Mano Holi Hai,2016,"Hindi, Non Film",Shailesh Dani,"Rakesh Nirala, Traditional",Times,0.0
fcd91b5b-90cf-5dba-a96c-c42836e59ebb,Cabaret,2016,"Hindi, Film","Kaustav Narayan Niyogi, Munish Makhija, Traditional, Pankaj Udhas, Tony Kakkar","Kaustav Narayan Niyogi, Traditional, Qateel Shifai, Tony Kakkar",T-Series,0.0
6f066782-a814-5208-8253-c41cfd3d4945,Chal Hatt,2016,"Hindi, Non Film",Nitrohit,Nitrohit,MuSlate,0.0
529383da-c59b-5168-a714-ef31da7f8814,Chalk N Duster,2016,"Hindi, Film",Sandesh Shandilya,"Javed Akhtar, Ranjeev Verma, Neetu Verma",Sony Music,0.0
bfe6f931-6729-57f2-9204-e88f14be9464,Chalon Chalain Kahin,2016,"Hindi, Non Film",Vipin Mishra,Vipin Mishra,Times,0.0
5ef33eb9-cd70-5c9e-9306-aec60e08c603,Chand Chhupa,2016,"Hindi, Non Film","Armaan Malik, Ismail Darbar",Mehboob Kotwal,T-Series,0.0
e89f1602-e636-5b15-a985-84c6aba32056,Chandni Raatein (Reprise),2016,"Hindi, Non Film","Ravi Choudhry, Firoz Nizami",Mushir Kazmi,Ampliify Times,0.0
59875cd9-16a7-5cae-b448-7ba121ef1953,Chandni Raatein (Reprise) [Female Version],2016,"Hindi, Non Film","Ravi Choudhry, Firoz Nizami",Mushir Kazmi,Ampliify Times,0.0
112f2008-7d4b-5576-a84e-cbb01e4be975,Chauranga,2016,"Hindi, Film",Avinash Narayan,Avinash Narayan,Anticlock Films,0.0
89ddd5f8-5d7f-5316-9a40-3ef82326a459,Chehra Tera Ankhein Teri,2016,"Hindi, Non Film",Rajib - Mouna,Shyam Raj,Zee Music Company,0.0
13a1c863-e7db-5c45-8582-2cbffec07bc3,Chhodo More Baiyyan,2016,"Hindi, Non Film",A.R. Rahman,Gulzar,Sony Music,4.0
f81d11a8-9c19-5889-9eaa-d346e8cdf16b,Chick Main Hoon Brown,2016,"Hindi, Non Film",,"Lil Golu, Dr. Love",Zee Music Company,0.0
55e5da8e-b2dc-51db-bd4b-4fa81ec3a967,Chunar,2016,"Hindi, Non Film",Sachin - Jigar,Mayur Puri,Zee Music Company,0.0
8483a345-e076-5d38-bb07-3b960bfeba9c,Chupke Chupke,2016,"Hindi, Non Film",Anant Bhardwaj,Acharya Jiyalal Vasant,Muzik 247,0.0
a27f4492-72c9-5c79-9f33-1002428c5e3d,Chupke Se Kehna,2016,"Hindi, Non Film",Khalil Abhyankar,Milind Joshi,Universal,3.0
c7da8f4e-25f6-503b-a63f-f3e538de8e62,Chura Ke Dil Voh Mera Dekho Korea Chali,2016,"Hindi, Non Film",Baba Sehgal,Baba Sehgal,Biscoot Records,0.0
945e0940-48ff-5e57-a429-3e009a7c81b8,Club Dancer,2016,"Hindi, Film","Sunjoy Basu, Varinder Vizz","Diksha Jyoti, Paramjeet Singh Sajan",Zee Music Company,0.0
e62e0af0-0898-594a-a409-d6a3d2d7d4a1,Club Pub,2016,"Hindi, Non Film",Ramji Gulati,Kunwar Juneja,T-Series,0.0
ab012950-3054-544d-9f95-7b8da06fdadd,Colorful,2016,"Hindi, Non Film",Shivanshu Shukla,Rachna Singh,Zee Music Company,0.0
901650ab-15ca-52b2-bb16-f19910f47a6e,Come What May,2016,"Hindi, Non Film",Gaurav Anand,Gaurav Anand,Worldwide Records,0.0
4e88a21e-a1b9-5d49-a2be-2c950d8e5bbd,Crazy Dil,2016,"Hindi, Non Film",Sonu Nigam,Sonu Nigam,Sonu Nigam,0.0
2e381cd6-9d24-5418-8092-b4cda1687806,Cute Kameena,2016,"Hindi, Film",Krsna Solo,"Raj Shekhar, Puneet Sharma",Zee Music Company,0.0
f551146a-e4e0-55b6-b8eb-fcb0f488f923,Daddy,2016,"Hindi, Non Film",Shashi Suman,Prashant Ingole,Vineet Dhingra Music,0.0
acd5b9bc-e3e4-5df6-a377-70398ef5fe29,Dama Dam Mast Kalandar,2016,"Hindi, Non Film","Traditional, Kshitij Tarey",Traditional,Strumm Entertainment,0.0
f20dfa67-b26e-5f06-bb87-2f5e9fdde97f,Dama Dam Mast Kalandar - I,2016,"Hindi, Non Film","Traditional, Nitesh Tiwari, Nitesh Tiwari - I",Traditional,Venus,0.0
4a9169d8-616b-5a41-bf39-11c4455b1a20,Dama Dum / Chail Chabila (Mashup),2016,"Hindi, Non Film","Traditional, M. Ashraf, Tabun Sutradhar",Traditional,Venus,3.0
d16cd4e5-fe73-5ab2-85a7-e213de6dac63,Damadum,2016,"Hindi, Non Film","Traditional, Arun Daga","Traditional, Arun Daga",Saregama,4.0
d86dd7b5-fb4d-55a8-84cf-86a10ad06b5a,Dangal,2016,"Hindi, Film",Pritam,Amitabh Bhattacharya,Zee Music Company,4.0
c5724dc5-c543-5655-a8c8-7c9da7c11291,Darbadar,2016,"Hindi, Non Film",Kzee Haroon,Kzee Haroon,Ampliify Times,0.0
c72d675e-6cfa-55ee-b20a-249ee1ecb1c6,Dare You,2016,"Hindi, Film","Chirantan Bhatt, Kary Arora, Jayesh Gandhi","Manoj Yadav, Kary Arora, Priya Baveja, Monish Raza, Jayesh Gandhi",Red Ribbon,0.0
4786ce8c-0f00-50cb-9296-4bb3587ccd6d,Dariya (Dance Mix),2016,"Hindi, Non Film",Arko,Arko,Zee Music Company,0.0
0858c177-e4fe-5c8e-874f-5b3813d60f50,Days Of Tafree - In Class Out Of Class,2016,"Hindi, Film",Bobby - Imran,"Imran Ali, Aditya Shri Hari, Bobby - Imran, Kunwar Juneja",T-Series,0.0
8d28ae58-1053-502a-98c0-86ce20959824,Dear Dad,2016,"Hindi, Film","Raghav - Arjun, Ujjwal Kashyap","Deepak Ramola, Neeraj Rajawat",Zee Music Company,0.0
f6295942-cafe-5d64-8659-0f9f6a851433,Dear Zindagi,2016,"Hindi, Film","Amit Trivedi, Ilaiyaraaja","Kausar Munir, Gulzar",Sony Music,4.4
ca831ade-db45-525d-b580-fab202641aae,Deewana Tera,2016,"Hindi, Non Film",Shaskvir,Shaskvir,Zee Music Company,0.0
1a947539-751d-50bd-b673-e4ae2eaab901,Deewaren - Unity Song,2016,"Hindi, Non Film",Vinay Jaiswal,Vinay Jaiswal,Red Ribbon,0.0
a7998fda-d126-504c-8597-702069255c0e,Dekha Tujhe Toh,2016,"Hindi, Non Film",Arvind Dugar,Arvind Dugar,Ampliify Times,0.0
c3f8dac0-cb74-58d2-8d18-36c67145f8d6,Desi Boy (World Child),2016,"Hindi, Non Film","Nish Pahwa, Sahil Hoogan",Nish Pahwa,Zee Music Company,0.0
51d88f5d-c8d2-5593-98e2-f0b1da098bae,Dhanak,2016,"Hindi, Film",Tapas Relia,"Mir Ali Husain, Tapas Relia, Traditional, Manoj Yadav",Junglee Music,3.67
73df5188-627f-5d6c-9eaf-f83dde4256da,Dhara 302,2016,"Hindi, Film",Sahil Multy Khan,"Sahil Fatehpuri, Heba Khan, Arman Ali, Vishu",Zee Music Company,0.0
404f0646-609d-577c-86f6-06583e3af05c,Dheeme Dheeme,2016,"Hindi, Non Film",Tony Kakkar,Tony Kakkar,Desi Music Factory,0.0
5f174de1-1ced-5ea4-a90c-6d44da0baa76,Dhoop Mein Na Chal,2016,"Hindi, Non Film",Ramji Gulati,Ramji Gulati,Zee Music Company,3.0
f4709652-8ad7-580f-94b3-1d919ad0fa72,Dhuan Unplugged,2016,"Hindi, Non Film",Santosh Nair,Manohar Iyer,Sony Music,0.0
81374486-c211-5a3e-b4de-e0270b4cd924,Dil Ka Fasana,2016,"Hindi, Non Film",Ranjit Kumar - I,Ranjit Kumar - I,Onclick Music,0.0
3b02651c-b7fd-5119-bae9-cf733f81946e,Dil Kya Kare (Did I Love You?),2016,"Hindi, Non Film","Rishi Rich, Rajesh Roshan","Rishi Rich, Anand Bakshi",Universal,0.0
509d3ed7-1866-5294-a8d1-8ac418cc57a8,Dil Mera,2016,"Hindi, Non Film",Tanmay Chowdhury,"Raj Kamble, Amit Shedge",SRK Music,0.0
782c077c-540c-50aa-bce7-9acb546d497b,Dil Sala Sanki,2016,"Hindi, Film",Pramod Panth,Ravi Chopra - I,Zee Music Company,0.0
459576e5-ad26-5c5c-9daa-8c666b0b6300,Dil Toh Deewana Hai,2016,"Hindi, Film","Anand Raj Anand, Zubeen Garg","Ibrahim Ashq, Dr. Kumar Vishwas",Zee Music Company,0.0
d3ef2e58-130f-5370-91cc-0c5fb8e1fd6f,Dillagi,2016,"Hindi, Non Film","Nusrat Fateh Ali Khan, Salim - Sulaiman","Manoj Muntashir, Purnam Allahabadi",T-Series,0.0
b288884a-cb56-510d-a663-86717cda7aee,Disha Disha Bahe Hawa,2016,"Hindi, Non Film",Prithvi Gandharv,Haider Najmi,Zee Music Company,0.0
ea5f1608-041d-547d-a4d2-ee3c0dbc6adf,Dishoom,2016,"Hindi, Film",Pritam,"Kumaar, Mayur Puri, Ashish Pandit",T-Series,0.0
a6b40d22-c053-578e-ac46-1b06a65356f8,Do Chaar Din,2016,"Hindi, Non Film",Jeet Ganguly,Manoj Muntashir,T-Series,0.0
5fd5e7fb-9cae-5b57-8eac-443c13e0cbf7,Do Lafzon Ki Kahani,2016,"Hindi, Film","Arjuna Harjai, Dr. Zeus, Babli Haque, Amaal Malik, Ankit Tiwari, Meet Bros","Kumaar, Raj Ranjodh, Sandeep Nath, Manoj Muntashir, Shabbir Ahmed",T-Series,0.0
14db3511-9785-55b6-9643-dea516eb2941,Do Pal Zindagi,2016,"Hindi, Non Film",Dangi Brothers,Vishal Rao,Songster,0.0
a5257ce6-b965-5809-9b19-624ea607ac81,Don't Hold Back,2016,"Hindi, Non Film","Anushka Manchanda, Shikhar Manchanda",Ranveer Singh,One Digital Entertainment,0.0
79c025ce-2232-540a-a2e8-3aae5e994149,Dongri Ka Raja,2016,"Hindi, Film","Asad Khan, Meet Bros Anjjan","Vijay Vijawat, Kumaar, Raqib Aalam, Raqueeb Alam",Zee Music Company,0.0
bb1aa550-bd20-5af1-8afc-d0f97a9f154f,Doobe Doobe Din Mere,2016,"Hindi, Non Film",Nitesh Tiwari - I,Rahul Sharma - II,Yellow & Red Music,0.0
6da5b716-93b2-551f-8c80-12bdf6e08c29,Dooriyan,2016,"Hindi, Non Film",ID Rox Inder,"ID Rox Inder, Sagar - II",Zee Music Company,2.33
89463390-6fcd-5b6f-9b4c-49c471ef6ddd,Dooriyan - I,2016,"Hindi, Non Film",Band Of Bandagi,Vinay Kochar,Zee Music Company,0.0
c5f3ad9a-61ac-5efb-9ae3-9c670916d5c5,Dosti Ke Par,2016,"Hindi, Non Film","Arjan, Rushil",Arjan,Songster,0.0
e679176b-5c2d-57e1-bdc6-469e6c85e66c,Dostiyaan (A Tribute To Friendship),2016,"Hindi, Non Film",Madhuri Murli,Madhuri Murli,Madhuri Murli,0.0
d26d7de2-ef81-56ff-b9a3-a42f258edb7b,Dream Girl,2016,"Hindi, Non Film",Babul Supriyo,Shabbir Ahmed,Saregama,0.0
92e30dc5-c1c3-59dd-9a91-a44b188bf42e,Driving Slow,2016,"Hindi, Non Film",Badshah,Badshah,MTV Spoken Word 2,0.0
5d2c4ccd-8b3e-56bb-b70c-2222cb680256,Dum Mast Qalandar,2016,"Hindi, Non Film",Traditional,Traditional,Ampliify Times,3.0
a124ce84-e961-5da0-a7dc-fdc545892b24,Duma Dum Mast Qalandar,2016,"Hindi, Non Film",Sachin Dev Mika,Traditional,Moxx Music,3.0
d8c1f70a-7e6b-57cd-a6a6-03edb4324dcb,Ek Kahani Julie Ki,2016,"Hindi, Film","DJ Sheizwood, Deepak Agrawal","Taufique Palvi, Arsh Rana, Kunwar Juneja, Deepak Agrawal",Zee Music Company,0.0
57c2241e-416e-5d9b-a797-0403a9b91cd0,Ek Ladki Bheegi Bhaagi Si,2016,"Hindi, Non Film","S.D. Burman, DJ Aqeel",Majrooh Sultanpuri,Saregama,0.0
4bd6a0e6-0717-51f9-a8c7-eb762977ea49,Ek Pyaar Ka Nagma Hai,2016,"Hindi, Non Film","Arko, Laxmikant - Pyarelal",Santosh Anand,Saregama,0.0
6a6c9435-c56e-5626-8c04-a046cbe5fcf0,Ek Sarzameen,2016,"Hindi, Non Film",Anjana Ankur Singh,Shakir Raza Warsi,Zee Music Company,0.0
b166732f-ad2e-5361-8a8e-5a3ed5bef418,Ek Tha Hero,2016,"Hindi, Film",Monty Sharma,Sunil Sirvaiya,Zee Music Company,0.0
387353c1-959b-50b2-bc4a-bf8879e82d99,Ek Yodha Shoorveer,2016,"Hindi, Film",Deepak Dev,"Chander Shekhar Sehgal, Sunil Jha",Zee Music Company,0.0
c050b2ca-a97c-58a6-8633-759185e041b1,Fan,2016,"Hindi, Film",Vishal - Shekhar,Varun Grover,YRF Music,3.0
9612cc96-e176-5402-975f-563949f96739,Fariyaad,2016,"Hindi, Non Film",Samarpit Golani,Rahul Yadav,Songster,0.0
a74bf44a-8428-5d9a-94e6-1edadac83d61,Fever,2016,"Hindi, Film","Tony Kakkar, Rahul Bhatt - I, Rahul Jain, Shamir Tandon, Ranjit Barot, Faizan Hussain, Agnel Roman, Onesia Rithner, Tanishq Bagchi","Tony Kakkar, Rahul Bhatt - I, Rahul Jain, Subrat Sinha, Rajeev Jhaveri, Panchhi Jalonvi, Arun Kumar - II, Onesia Rithner, Elena Lucciarni, A.M. Turaz",Zee Music Company,0.0
33ea18f1-4ea6-5cdd-9391-d373e74867e9,Filmy Saiyaan,2016,"Hindi, Non Film",Super Dang,"Super Dang, D Sync",T-Series,0.0
2fab3086-d574-5c80-97f3-e3e32f08e1c0,Final Cut Of Director,2016,"Hindi, Film",Monty Sharma,Sameer,Zee Music Company,0.0
cb883c4c-ee77-542b-9da6-932c02963486,Fire,2016,"Hindi, Non Film",Ranjha Yaar,Loffer Beatz,Zee Music Company,0.0
03ce76d2-c14e-5c7f-9cdd-938cf72f1031,First Date,2016,"Hindi, Non Film",Vinay Jaiswal,"Vinay Jaiswal, Ginny Diwan",Red Ribbon,0.0
67c9040e-e353-50c8-92b5-e51d7d84a03d,Fitoor,2016,"Hindi, Film",Amit Trivedi,"Swanand Kirkire, Caralisa Monteiro",Zee Music Company,4.75
ed387054-5337-5405-92fc-d2f5071c08e7,Force 2,2016,"Hindi, Film","Gourov - Roshin, Laxmikant - Pyarelal, Amaal Mallik","Kumaar, Javed Akhtar, Rashmi Virag",T-Series,0.0
4a602e6c-f3cf-5889-9b76-2fccc68a619f,Freaky Ali,2016,"Hindi, Film",Sajid - Wajid,"Shabbir Ahmed, Danish Sabri",T-Series,0.0
d9a8963d-2645-5c82-80f6-eec96d33dc9d,Fredrick,2016,"Hindi, Film",Sunjoy Basu,"Diksha Jyoti, Rajesh Butalia, Saaveri Verma",Evana Entertainment,0.0
18da108e-c60e-5dd4-bf40-8143cfbada66,Fuddu,2016,"Hindi, Film","Sumeet Bellary, Rana Mazumder","Satya Khare, Panchhi Jalonvi, Arbind Kaushal, Rajeev Bali, Sharad Tripathi",Zee Music Company,0.0
c4d62498-6db1-5d57-a753-854e2c504a18,Funky Girls,2016,"Hindi, Non Film",Altaaf Sayyed,Atiya Sayyed,Zee Music Company,0.0
0a977574-b03f-55bd-947e-72a3c78ab099,Fursat,2016,"Hindi, Non Film","Arjun Kanungo, Ludwig Lindell, Ylva Dimberg",Mayur Puri,Sony Music,0.0
285f2886-6194-51f0-b47b-4ebc15dc22ed,Futsal Anthem,2016,"Hindi, Non Film",A.R. Rahman,DDB Mudra Group,Premier Futsal,0.0
0d2ce629-490a-521b-b2c8-b8b01733d3be,GF BF,2016,"Hindi, Non Film",Gurinder Seagal,Gurinder Seagal,T-Series,0.0
51f6d3ae-58f4-505c-be62-a69a1584a37a,Gajanan,2016,"Hindi, Non Film",Jeet Ganguly,Manoj Muntashir,T-Series,0.0
2092fdd2-4432-5f1c-bd43-adf8df9d433b,Gal Ban Gayi,2016,"Hindi, Non Film",Meet Bros,Kumaar,T-Series,0.0
47dbe677-3bcb-5c37-b173-529221350110,Gandhigiri,2016,"Hindi, Film","Sahil Rayyan, Shashi - Shivam","Gunjan - IV, Chandresh Singh (Pagal), Sanoj Mishra, Arafat Mahmood, Sandeep Singh, Salim Ashfee",T-Series,0.0
4980c83b-9e37-5233-aeaa-9d22b33af7f1,Gangaji,2016,"Hindi, Non Film",Malhaar,Nilaya Mishra,Times,0.0
f613f7e9-4c63-5c2e-bb26-01f2810f9061,Garmi Mein Chill,2016,"Hindi, Non Film",Deepak Kalra,Deepak Kalra,Times Music,0.0
1b0e7af5-9294-523c-b136-858b8ebf0ccd,Ghaati Trance,2016,"Hindi, Non Film",Sachin Gupta,"Sachin Gupta, Jaspreet Jasz",T-Series,0.0
2b0bf7b3-1cf0-5eeb-87f3-101be02d3af3,Ghagra,2016,"Hindi, Non Film",Lokesh Garg,Ravi Chopra - I,T-Series,0.0
1b23876f-4fbb-562b-bf24-a687e05e9d0e,Ghir Ghir Ke,2016,"Hindi, Non Film",Aditi Paul,Ritu Shri,Aditi Paul,0.0
f8da7e70-b737-5940-8ad2-a26b9c5ad9a3,Global Baba,2016,"Hindi, Film","Ripul Sharma, Agnel Roman, Faizan Hussain",Surya Upadhyay,Zee Music Company,0.0
a948428a-dd21-5da7-bb8e-94f1ae4253a7,Gol Time - Gang Of Littles,2016,"Hindi, Film",Surajj,Arshad Maula,T-Series,0.0
6b845664-cc4f-5994-b330-5fa6fbf06603,Great Grand Masti,2016,"Hindi, Film","Sanjeev - Darshan, Sharib - Toshi, Superbia","Kumaar, Manoj Yadav, Sameer Anjaan",Zee Music Company,0.0
0f9f896a-9f2b-57e2-a84f-a648708dad46,Gulzar In Conversation With Tagore,2016,"Hindi, Non Film",Shantanu Moitra,"Gulzar, Rabindranath Tagore",Saregama,0.0
1f818804-c03e-5704-bbeb-552a617175c7,Haal,2016,"Hindi, Non Film",Revel,Revel,Times,0.0
1b70f471-7d1c-5c67-8330-e351b96d2273,Haan Gunahgaar Hun Ishq Karta Hun Main,2016,"Hindi, Non Film",Sayed Rahi Umair,Syed Gulrez,Venus,0.0
a4676bad-5100-5cdc-ab33-792ba3ccfd37,Haari,2016,"Hindi, Non Film",Rohan Negi,Rohan Negi,MuSlate,0.0
1697d11d-5272-51b7-849c-013cdd242735,Hai Apna Dil To Awara,2016,"Hindi, Non Film",S.D. Burman,Majrooh Sultanpuri,Saregama,0.0
1d607a18-4b12-537a-953f-d6c0fcd6ba17,Hai Apna Dil Toh Awara,2016,"Hindi, Film","Ajay Singha, Subhash Pradhan, Pervez Quadir","Kumaar, Ajay Singha, Mohit Pathak, Pinky Poonawala, Bulleh Shah",Zee Music Company,3.0
25d29281-d08c-5377-a0ec-b9568beac82e,Halka Halka,2016,"Hindi, Non Film","Abhijit Vaghani, Traditional","Traditional, Rashmi Virag",T-Series,0.0
13fa6c81-edc7-577b-86ec-1c72927b603f,Halla Bol,2016,"Hindi, Non Film",Euphoria,"Palash Sen, Deekshant Sehrawat",Euphoria,0.0
839921cf-6fe0-5cf8-98da-4d15a96451f6,Hangover Is Over,2016,"Hindi, Non Film",Baba Sehgal,Baba Sehgal,Biscoot Records,0.0
9371dc06-941d-5261-b18a-38a66d20e741,Happy Bhag Jayegi,2016,"Hindi, Film",Sohail Sen,"Mudassar Aziz, Dee MC",Eros Music,0.0
641337df-1dfa-59f8-bf4c-ba84111db8a4,Har Kisi Ko Nahin Milta,2016,"Hindi, Non Film",Kalyanji - Anandji,Indeevar,Times,0.0
7ef54f37-bcdc-5081-8cd8-d3c8b6ef2d56,Hey Chhori,2016,"Hindi, Non Film",DJ Sheizwood,Francis,Zee Music Company,0.0
e8cc1e9a-0aa8-5e51-88b2-5b37a3f322b1,Hickey (Love Bite),2016,"Hindi, Non Film",Manpreet Dhami,Manpreet Dhami,Zee Music Company,0.0
74d947fa-d62e-56cd-a0df-6f71c504c5a4,Hindustan,2016,"Hindi, Non Film",Siya Arora,Siya Arora,Ampliify Times,0.0
ee7be762-e834-5441-951c-3184d3db664e,Ho Gayi Hai Mohabbat Tumse (Reprise),2016,"Hindi, Non Film",Aslam,Roop Jauhari,Saregama,0.0
b447d211-6174-5252-b3b0-800f51b373c5,Hope Hai Toh Dope Hai,2016,"Hindi, Non Film",Baba Sehgal,Baba Sehgal,Biscoot Records,0.0
238e245e-ddfd-500f-8ffb-8f437098f2a4,Hoshwalon Ko Khabar Kya,2016,"Hindi, Non Film","Sajan Patel, Jatin - Lalit",Nida Fazli,Tips,3.0
8e3a4dad-aed5-5185-8600-cf2f1de13d4b,Housefull 3,2016,"Hindi, Film","Tanishq Bagchi, Mika Singh, Milind Gaba, Sharib - Toshi, Sohail Sen","Farhad - Sajid, Arafat Mahmood, Rani Malik, Manoj Yadav, Danish Sabri, Sameer Sen, Sajid - Farhad, Mamta Sharma, Sanjeev Chaturvedi",T-Series,0.0
882b4879-35fc-5e1f-a1e1-53cbabc84812,Hututu Tu,2016,"Hindi, Non Film",Shivam Suratwala,"Shivam Suratwala, Lalabhai Suratwala",T-Series,0.0
46edd420-2d8f-56c7-8308-1f60c6c4eeba,Ikk Kudi,2016,"Hindi, Non Film",Amit Trivedi,Shiv Kumar Batalvi,Zee Music Company,0.0
64bcd93b-dbfa-5ac7-9774-3d1e3a90d930,Instagram Love,2016,"Hindi, Non Film",Raftaar,Raftaar,Raftaar Music,0.0
123075c2-995e-5e24-bbdf-3f657c5513ba,Inteha Ho Gayi,2016,"Hindi, Non Film",Bappi Lahiri,Anjaan,Saregama,0.0
aa65f388-c7dc-5ee8-bb78-f015d6303ff5,Intehan Ho Gayi,2016,"Hindi, Non Film","Maadhyam, Bappi Lahiri","Anjaan, Maadhyam",Saregama,0.0
051bfae7-13ea-5946-a901-c6d2c46a62a6,Ishq Anokha,2016,"Hindi, Non Film","Kailash Kher, Kailasa",Kailash Kher,Saregama,0.0
ee4c89ca-1a01-539e-b2fc-f66faad35b1a,Ishq Click,2016,"Hindi, Film",Satish - Ajay,"Manisha Upadhyay, Satish Tripathi, Anup Bajpai, Shekhar Astitwa, Shellee",Zee Music Company,0.0
ccb6589d-9788-5173-996a-fc0cb4844d9e,Ishq Di Gali,2016,"Hindi, Non Film",Sargam Jassu,Prakash Rahule Aadam,Zee Music Company,0.0
fed588f9-f363-5665-b4dd-a516286f525f,Ishq Forever,2016,"Hindi, Film",Nadeem Saifi,Sameer,Zee Music Company,0.0
21e59ab9-18b1-5e6a-8016-bd79cb678eb7,Ishq Junoon,2016,"Hindi, Film","Vardan Singh, Aanjan Bhattacharya, Sanjeev - Darshan","Azeem Shirazi, Sanjeev Chaturvedi",Zee Music Company,0.0
0ecbf8c6-e5f3-5b9e-af07-5b449adf5722,Ishq Se Tu,2016,"Hindi, Non Film",Rishabh Srivastava,Laado Suwalka,Zee Music Company,0.0
42e6de74-babb-5481-9555-bec2c9f181e6,Isq Risk (Rebirth),2016,"Hindi, Non Film",Sohail Sen,Irshad Kamil,YRF Music,0.0
b8b68900-9331-550d-a9dd-7306dd4e26e0,Jaane Kyun,2016,"Hindi, Non Film",Jai Kumar Nair,Jai Kumar Nair,Zee Music Company,0.0
4e9c43fd-bcb8-5711-abc5-2cf763ada4ad,Jaanti Hoon,2016,"Hindi, Non Film",Rishabh Srivastava,Lado Suwalka,Zee Music Company,0.0
e483a912-81f9-51fe-8736-97c841af3ebf,Jab Koi Baat Bigad Jaye (Cover Version),2016,"Hindi, Non Film","DJ GK, Rajesh Roshan","Gurnazar, Indeevar",Venus,0.0
9adc0ae8-ec13-530d-b716-af58db8aa33c,Jab Tum Kaho,2016,"Hindi, Film","Anuj Garg, Nishad Chandra, Kuwar Virk","Ratn Nautiyal, Vijay Akela, Ravi Chopra - I, Kuwar Virk",T-Series,0.0
e51e863f-38f9-58ff-84ef-325a1ce91471,Jahaan Tum Ho,2016,"Hindi, Non Film",Shrey Singhal,Abhendra Kumar Upadhyay,T-Series,0.0
abfaa64b-7aeb-5ab5-96d5-e2f9f6def173,Jai Gangaajal,2016,"Hindi, Film",Salim - Sulaiman,Manoj Muntashir,Zee Music Company,0.0
4545043a-e2cd-53a9-90ba-23b2bf9d1653,Jana Gana Mana - The Soul Of India,2016,"Hindi, Non Film","Sonu Nigam, Bickram Ghosh",Rabindranath Tagore,Melting Pot Productions,0.0
ff00bef1-8267-5d44-a9ec-80066a3c9f46,Jee Lenge Hum,2016,"Hindi, Non Film",Akhil Sachdeva,Akhil Sachdeva,Zee Music Company,0.0
5a310988-51d6-59d0-9afe-61c81da49666,Jeena Jeena,2016,"Hindi, Non Film",Sachin - Jigar,"Dinesh Vijan, Priya Saraiya",Eros Music,0.0
e8cf8663-315b-586f-b39a-05b14a0bb766,Jiya EDM Mix,2016,"Hindi, Non Film",Sohail Sen,Irshad Kamil,YRF Music,0.0
1ef228db-c2fa-5a20-aa54-ee5c0ea8a00a,Jiya Jale,2016,"Hindi, Non Film","Tabun Sutradhar, A.R. Rahman",Gulzar,Venus,0.0
dd4d0008-0d64-588e-9403-981e8d47ef81,Jiya Jaye Na,2016,"Hindi, Non Film",Vipul Kapoor,The Masterpiece,Times,0.0
34d52c4b-415d-58b3-a107-73a27aadf83d,Jiyun Kaise,2016,"Hindi, Non Film",Ibaadat,Ibaadat,MuSlate,0.0
5257b2bb-7165-59f4-b2e8-0f73fe685488,Jogi De Naal,2016,"Hindi, Non Film","Traditional, Prithvi Gandharv",Baba Bulleh Shah,Ampliify Times,0.0
055197ab-38e9-5a8a-9a76-cab8cf860d0e,Judaa,2016,"Hindi, Non Film",Jaidev Kumar,Kumaar,Zee Music Company,0.0
9e6b2557-9c45-5e5b-b1b5-2de0f224933b,Jugni,2016,"Hindi, Film","Clinton Cerejo, Kaashif Sahib, A.R. Rahman","Shellee, Traditional, Kaashif Sahib, Clinton Cerejo, Baba Bulleh Shah, Waris Shah",Sony Music,3.5
99b35ee1-9e79-5bf0-9403-52e355473454,Jungli Sher,2016,"Hindi, Non Film","Divine, Sez",Divine,Sony Music,0.0
019f5fca-8ad8-519d-8980-a766d21cb7ee,Junooniyat,2016,"Hindi, Film","Ankit Tiwari, Meet Bros Anjjan, Jeet Ganguly, Meet Bros, Bobby - Imran","Manoj Muntashir, Kumaar, Rashmi Virag, Saurabh Pandey",T-Series,3.0
7dffc3b3-ded7-5639-ae13-cc1ad0ba4655,Kaabil,2016,"Hindi, Film","Rajesh Roshan, Gourov - Roshin","Nasir Faraaz, Kumaar, Anjaan, Manoj Muntashir, Anand Bakshi",T-Series,3.0
f3e5bf3d-f067-58ce-b549-47e14e6e048f,Kaash Aisa Hota,2016,"Hindi, Non Film",Darshan Raval,Darshan Raval,Indie Music Label,0.0
a19c5039-d705-54ec-bb4a-387a87eefb5b,Kabali,2016,"Hindi, Film",Santhosh Narayanan,Raqib Aalam,Think Music,0.0
8a0b3e54-ea37-5c13-b4f0-06cd7735b803,Kahaani 2 - Durga Rani Singh,2016,"Hindi, Film","Clinton Cerejo, Rabindranath Tagore","Amitabh Bhattacharya, Rabindranath Tagore",Saregama,0.0
a8939606-0743-5c9e-ac00-ae18a571a403,Kahan Hai Tu,2016,"Hindi, Non Film",Shubh Dhingra,Karan Lal Chandani,Zee Music Company,0.0
97ca056e-7562-5c2c-a29b-40450e5b24a4,Kaisi Ye Doorie,2016,"Hindi, Non Film",Prashant Chouhan,Prashant Chouhan,PJ17 Production,0.0
965c11d2-6852-5a22-8aa1-1285739c330c,Kala Cobra,2016,"Hindi, Non Film",Bups Saggu,King Kazi,Zee Music Company,0.0
d6a14b67-9c53-50d5-9fa6-fa7b2e79d1bd,Kapoor & Sons (Since 1921),2016,"Hindi, Film","Tanishq Bagchi, Amaal Mallik, Badshah, Nucleya, Benny Dayal, Arko","Devendra Kafir, Abhiruchi Chand, Badshah, Kumaar, Christopher Pradeep, Manoj Muntashir",Sony Music,4.4
d9de601b-029b-50f5-95c3-320d05b57aae,Kar Guzar,2016,"Hindi, Non Film",Ayush Saxena,Ayush Saxena,Infra Records,0.0
4421bd03-01da-5601-b4b7-9a7f4a933f0c,Kar Sabar,2016,"Hindi, Non Film",Elwin Shailesh,Elwin Shailesh,Saga Music,0.0
394fed64-5559-580d-9841-53d2c18a006a,Karan Johar Mashup,2016,"Hindi, Non Film","Various artists, DJ Chetas",Various artists,Sony Music,0.0
13a5c817-7258-526e-8a82-b51ca5ea83d2,Keh Do Na,2016,"Hindi, Non Film",Kamlesh Patel,Kamlesh Patel,Kamlesh Patel,0.0
bc3c071a-dff2-5512-8771-e07123faff71,Kerry On Kutton,2016,"Hindi, Film","Rishabh - Himanshu - Shivam, Vayu","Ghanaram Singh Yadav, Vayu, Rishabh - Himanshu - Shivam, Ashok Yadav",Zee Music Company,0.0
87ae3eb1-bcdf-50d5-95ea-c45c685a5699,Kesariya,2016,"Hindi, Non Film",Traditional,"Traditional, Arun Daga",Saregama,4.0
067cba25-6fe9-5ac1-96ff-ae4312e18e61,Khafa Mahiya,2016,"Hindi, Non Film",Tony Kakkar,Tony Kakkar,Desi Music Factory,3.0
a722ef1d-1d87-5f41-a4f8-8125dbc5114f,Khair Mangda,2016,"Hindi, Non Film",Sachin - Jigar,Priya Saraiya,Zee Music Company,0.0
3f3fc7c4-a7f4-5cd3-814a-472694206bf5,Khayalon Mein,2016,"Hindi, Non Film",Umesh Giri,Umesh Giri,Crescendo Music,0.0
b44be7c0-0059-5aef-bddd-68070e911bc2,Khel To Abb Shuru Hoga,2016,"Hindi, Film","Ashfaque, Ricky Mishra, Aarv, Deepak Agrawal","Abhendra Kumar Upadhyay, Deepak Agrawal",T-Series,0.0
e72b11c0-4d9e-59e0-b3e9-d71670ecce83,Kho Gaye,2016,"Hindi, Non Film",Shayadshah Shahebdin,Haider Najmi,Times,0.0
2f17ac95-0892-5524-a31b-e80d7449f35a,Khoya Hun Main,2016,"Hindi, Non Film",Sanjeev Srivastava,Shaheen Iqbal,Venus,0.0
e78b6ed3-8f01-5ea8-8a35-82df75f29454,Khubaroo,2016,"Hindi, Non Film",Hemang Dholakia,Parth Bhatt,Red Ribbon,0.0
8ce1e9c7-ef9a-5be1-a48a-a09626fad1c2,Khuda Bhi Jab,2016,"Hindi, Non Film",Tony Kakkar,Tony Kakkar,T-Series,0.0
7e8e90ac-1b0c-55e6-ab8b-4f7747a2d456,Khuda Kare,2016,"Hindi, Non Film",Rishabh Srivastava,Lado Suwalka,Zee Music Company,0.0
856a2395-a134-54f4-bb94-88a5af2e7de7,Khwahishein,2016,"Hindi, Non Film",Anivesh Shrivastava,Yogita Rajput,Songster,0.0
3a699acb-b27b-59e2-9802-af2d4fa2352f,Ki & Ka,2016,"Hindi, Film","Ilaiyaraaja, Meet Bros, Mithoon","Amitabh Bhattacharya, Kumaar, Yo Yo Honey Singh, Sayeed Quadri",T-Series,0.0
29d6c3a5-a7b7-543d-8c0a-57db48d33fb0,Kitna Haseen Chehra,2016,"Hindi, Non Film","Tabun Sutradhar, Nadeem - Shravan",Sameer,Venus,0.0
22bbdefa-a3c2-5a92-98e9-0d1cac90f0ef,Koi Nahi Hai Mera,2016,"Hindi, Non Film",Atif Rashid,,Venus,0.0
48f319c0-8db7-5424-94dc-18a93a209843,Koi Shor,2016,"Hindi, Non Film",Ravi Singhal,"Ravi Singhal, Shirley Setia",Ravi Singhal,0.0
55e131e4-e7f8-5c58-8f40-f87a46a98d05,Kyu Khogaye,2016,"Hindi, Non Film",Nimit Vaishnav,Saif Ahmed,Crescendo Music,0.0
379543c0-b710-58d2-b9c9-713681c69efc,Laal Dupatta,2016,"Hindi, Non Film",Anupama Raag,Anupama Raag,T-Series,0.0
89be6dc0-c441-5381-8aad-32ea2f7e7671,Laal Rang,2016,"Hindi, Film","Mathias Duplessy, Shiraz Uppal, Vipin Patwa","Kausar Munir, Shakeel Sohail, Traditional, Mange Ram Koch, Dushyant Kumar - I, Vikas Kumar - I",T-Series,0.0
0b8eb084-374f-532a-a755-295625739d2c,Lag Ja Gale,2016,"Hindi, Non Film",Piyush Ranjan,Piyush Ranjan,Red Ribbon,0.0
27e12207-50bb-5fca-9df4-5e0e25262a02,Lak Hilaade,2016,"Hindi, Non Film","Manj Musik, O2, SRK","Sikander Kahlon, Raftaar",T-Series,0.0
ff975aab-c174-5825-97ec-2c98b3d11c0a,Lehron Pe Hai Zindagi,2016,"Hindi, Non Film",Khalil Abhyankar,Khalil Abhyankar,Universal,0.0
3272cf03-e67e-5703-81c6-5f38c1144154,Lollipop,2016,"Hindi, Non Film",Sachh,Sahil Kaushal,Zee Music Company,0.0
3214f3a1-aeb8-50a8-a110-cef046cd5cfa,Lori Suna,2016,"Hindi, Non Film",Tony Kakkar,Tony Kakkar,Desi Music Factory,0.0
59e1f6a7-4d24-5160-a909-b407f32e6228,Love Day - Pyaar Kaa Din,2016,"Hindi, Film","Sagar Sarkar, Vicky - Hardik, Raina - Sawan, Vishnu Narayan, Sumesh - Himanshu","Ravi Babu, Hardik Acharya, Raina - Sawan, Saani Aslam, Sumesh - Himanshu",T-Series,0.0
76f15163-bff9-5ff6-9c5f-d4432074ec73,Love Games - Love Dangerously,2016,"Hindi, Film",Sangeet Haldipur - Siddharth Haldipur,"Kausar Munir, Vikram Bhatt",T-Series,0.0
1506654b-60ab-5c7c-8f5f-7f7c6faac5ab,Love Hua,2016,"Hindi, Non Film",RSR,Sudhakar Sharma,Zee Music Company,0.0
6ffdfc06-2003-5a07-9ab8-d55fb16f94ee,Love Ke Funday,2016,"Hindi, Film","Prakash Prabhakar, Farzan Faaiz",Faaiz Anwar,Zee Music Company,0.0
78467d41-0aae-5bb9-bea2-b508052893e9,Love Shagun,2016,"Hindi, Film","Rishi - Siddharth, Ashish Pandit, Band Of Bandagi","Siddharth Amit Bhavsar, Ashish Pandit, Gurpreet Sam-B, Moied Elhaam",Zee Music Company,0.0
0625f09d-42e5-53d8-aaf0-c6ef45182c31,Love Shots,2016,"Hindi, Non Film","Anand Bhaskar, Ankur Tewari, Nishchay Parekh, Gaurav Dagaonkar, Subhi, Superbia","Anand Bhaskar, Nidhi Sethia Nair, Ankur Tewari, Nishchay Parekh, Anurag Bhomiya, Subhi, Sunil Sirvaiya",YRF Music,0.0
c903963d-ff5f-5869-861c-039978bf0f5b,Love You Papa,2016,"Hindi, Non Film",Superbia,Shaan,YRF Music,0.0
b67e9253-2285-5b47-9d1a-24e8fe372ecb,Love Your Country,2016,"Hindi, Non Film","Siddhart Sharma, Piyush Wasnik",Reeta D. Gupta,Times,0.0
144c5ede-dad3-586b-af91-6697f733bb77,Lover Boy,2016,"Hindi, Non Film",Badshaah,Badshaah,T-Series,0.0
77b17961-d535-5ec2-860d-d1e6dcf04096,Lover Boy Remix,2016,"Hindi, Non Film",Badshaah,Badshaah,T-Series,0.0
36a7534f-d2f2-5ed5-849f-09e38638534e,Loveshhuda,2016,"Hindi, Film","Parichay, Mithoon","Manoj Yadav, Sayeed Quadri, Kumaar, Yuvraj Goyal",Tips,3.5
11d369a1-6c60-5dc9-8988-c4418ed7d09d,M Cream,2016,"Hindi, Film","Srijan Mahajan, Arsh Sharma, Nikhil Malik, Traditional","Sidhant Sachdev, Traditional, Dhaval Mudgal",Times,3.0
cb820292-6976-502a-9ca8-dce5012ef3b4,M.A. Pass,2016,"Hindi, Film","Rajendra Shiv, Geet Vani","Abhendra Kumar Upadhyay, Shadab Khan - I",FilmyBOX Music,0.0
980efbc8-c8b4-5eff-bde9-cfefade2c6ad,M.S. Dhoni: The Untold Story,2016,"Hindi, Film","Amaal Mallik, Rochak Kohli",Manoj Muntashir,T-Series,4.33
497c8645-56a3-5b15-985d-238f4522888c,MSG The Warrior: Lion Heart,2016,"Hindi, Film",Saint Gurmeet Ram Rahim Singh Ji Insan,Saint Gurmeet Ram Rahim Singh Ji Insan,Zee Music Company,0.0
6c68f840-7a05-55fc-996e-7f9b239fd7ab,MTV Unplugged 5 - Episode 04,2016,"Hindi, Non Film","Ami Mishra, Mithoon, Rochak Kohli, Shankar - Ehsaan - Loy, Ayushmann Khurrana, Anu Malik","Kunal Verma, Sayeed Quadri, Rochak Kohli, Gurpreet Saini, Gautam Govind Sharma, Javed Akhtar, Ayushmann Khurrana, Varun Grover",,0.0
2b5b73f8-07ce-5dc9-8053-0f5fd2fbaf78,MTV Unplugged 5 - Episode 06,2016,"Hindi, Non Film","Traditional, Himesh Reshammiya, Salim - Sulaiman, Jawad Ahmad","Traditional, Bulleh Shah, Javed Akhtar, Amir Khusro, Jaideep Sahni, Meera Bai, Ahmad Anees",,0.0
0e7bff76-2638-548d-bb7b-6950772124c3,MTV Unplugged 5 - Episode 07,2016,"Hindi, Non Film",Pritam,"Irshad Kamil, Amitabh Bhattacharya, Swanand Kirkire, Kausar Munir",YRF Music,0.0
3525b4ef-fdb9-57d7-847e-6e82367371ca,Maaheru,2016,"Hindi, Non Film",Ayaan Ali Abbas,Sanjay Dhoop Mishra,Red Ribbon,0.0
ec09c4f4-b4d9-52fe-827f-52b231d27f9b,Maai,2016,"Hindi, Non Film","Kunal Verma, Rapperiya Baalam","Rapperiya Baalam, Kunal Verma",Songster,0.0
6e2d963f-4f75-5dc7-af69-19d401b546cd,Madaari,2016,"Hindi, Film","Vishal Bhardwaj, Sunny Bawra, Inder Bawra",Irshad Kamil,T-Series,0.0
16c1f4b2-035d-55b5-959e-8646658a2a4b,Mahayoddha Rama,2016,"Hindi, Film",Aadesh Shrivastava,Javed Akhtar,Zee Music Company,0.0
f3b93cc9-0107-5aca-9b36-4fccf37b4f5b,Mahiya,2016,"Hindi, Non Film",Divij Naik,Divij Naik,Red Ribbon,0.0
bf226b72-ae35-5f00-a7ef-2ce0be173695,Maid Nahi Milti Hai Yaar,2016,"Hindi, Non Film",Baba Sehgal,Baba Sehgal,Biscoot Records,0.0
543e2ec4-5d40-5dfe-bcbb-c7b37551ad31,Main Deewana Tera,2016,"Hindi, Non Film",Pasan Liyanage,Gajan Maheson,Saga Music,0.0
195a24fd-60ed-5e7b-9af4-73e6af395004,Main Likhya Gana,2016,"Hindi, Non Film",L.S. Dogra,Vinay Gaud,Zee Music Company,0.0
d8ae63c5-0f72-5cd2-aefa-c14e765777bb,Majaz - Ae Gham-E-Dil Kya Karun,2016,"Hindi, Film",Talat Aziz,"Majaz Lucknawi, Khalid Faridi",Zee Music Company,0.0
865ea503-d708-5659-b4e8-b092df59b773,Making Love,2016,"Hindi, Non Film","Nyvaan, Ankit Tiwari","Nyvaan, Abhendra Kumar Upadhyay",T-Series,0.0
4ffdb52e-bb50-54e0-987a-cbfb7d6c0a6f,Mama Muah,2016,"Hindi, Non Film",D. Soldierz,D. Soldierz,Zee Music Company,0.0
ec282e1c-9735-58a9-a305-0da51d5d016e,Mana Ho Tum Behad Haseen,2016,"Hindi, Non Film",Bappi Lahiri,Kaifi Azmi,Saregama,3.0
fc3ab573-2d5e-52c2-92cf-b17bebc0ed9c,Mangalyam EDM Remix,2016,"Hindi, Non Film","A.R. Rahman, DJ Rink, VJ Tarang",Gulzar,YRF Music,0.0
487cb163-5c23-5efc-91f8-84168be5fce5,Manmmani,2016,"Hindi, Non Film",Palash Muchhal,Alok Jha,Zee Music Company,0.0
f26c658b-b9e7-53fb-b2ca-eddc4ff9c5c1,Mann Laage Na,2016,"Hindi, Non Film",Nitesh Tiwari - I,Nitesh Tiwari - I,Yellow & Red Music,0.0
30126c5d-7d71-5176-9aca-20214aafd069,Manzilon Par,2016,"Hindi, Non Film",Atif Ali,Kzee Haroon,Ampliify Times,0.0
49964781-96fc-538e-893e-a0f71351c666,Mar Jaayen (DJ Baba Kahn Culture Shock Remix),2016,"Hindi, Non Film","Mithoon, DJ Baba Kahn",Sayeed Quadri,Tips,0.0
49637ce0-507d-5319-98ee-635124b09363,Mastizaade,2016,"Hindi, Film","Anand Raj Anand, Meet Bros Anjjan, Amaal Malik","Anand Raj Anand, Kumaar, Manoj Muntashir",T-Series,0.0
d3eaaaa3-9e91-56ae-8684-c580a8a26e72,Mausam Mastana,2016,"Hindi, Non Film","R.D. Burman, Jusa Dementor, DJ Aks",Gulshan Bawra,Universal,0.0
be8913ab-88ab-5ab3-b3c6-6e04bdd23275,Meeradha,2016,"Hindi, Film","Archit Tak, Santosh Kumar - I, Sugat - Shubham","Anil Kumar Anjana, Prem Singh - I, Jyotsna Saxena, Kanchan Shrivastava, Naveen Gautam, Swati Jaisalmeria, Anamika Chakraborty, Sanjay Lachwani",Yellow & Red Music,0.0
9e61a6ef-0ac9-5025-b458-342884eba931,Meherbani,2016,"Hindi, Non Film","Arsh - I, Naresh Sharma - II",Arsh - I,Times,0.0
ccbf43bf-0fa5-579f-959e-10bfca36c1c7,Mehram - Revisited,2016,"Hindi, Non Film",Clinton Cerejo,Amitabh Bhattacharya,Saregama,0.0
99fe6668-e7d1-58dd-86f3-50da2d58ef4e,Mera Dil,2016,"Hindi, Non Film",Tauseef Akhtar,Payam Sayeedi,T-Series,0.0
25ddb75d-7698-575b-800f-046c16d5e171,Mera Habeeb,2016,"Hindi, Non Film",Nayan Shankar,Sehaj Singh,Zee Music Company,0.0
f7742ec8-2975-5c64-9c7c-2361a314390c,Mera Khuda,2016,"Hindi, Non Film",Sandeep Saxena,Ravi Chopra - I,Zee Music Company,0.0
bab7d1fb-02dd-5419-874c-16772b0a7680,Mera Pyaar,2016,"Hindi, Non Film",Richi Banna,Richi Banna,Songster,0.0
64be3a4f-11b7-50b1-b101-5d48ed283463,Mere Papa,2016,"Hindi, Non Film",Jeet Ganguly,Manoj Muntashir,T-Series,0.0
74503e8b-ba48-521b-8024-200b5b66df20,Mere Sapnon Ki Rani,2016,"Hindi, Non Film","S.D. Burman, Raghav Sachar",Anand Bakshi,Saregama,0.0
1775ef8d-e299-5e64-ae58-cea3d5949131,Meri Baari Hai,2016,"Hindi, Non Film",Harry Cheema,Pardhaan,Desi Music Factory,0.0
731f472a-1c54-54e7-b7d2-c907523c2777,Meri Girlfriend Ban Ja,2016,"Hindi, Non Film",Baba Sehgal,Baba Sehgal,Biscoot Records,0.0
95c6946a-c94a-5811-97ab-f8f60b58802b,Meri Manzil,2016,"Hindi, Non Film",Urmila Varu,Urmila Varu,Red Ribbon,0.0
25063d04-66f7-548f-af66-0ea33b8e17c8,Mirzya - Dare To Love,2016,"Hindi, Film","Shankar - Ehsaan - Loy, Daler Mehndi",Gulzar,T-Series,0.0
25091241-84fa-5db2-b840-de9797f50a55,Miss Teacher,2016,"Hindi, Film","Shamir Tandon, Nitin Bali","Sandeep Nath, Nitin Bali",Zee Music Company,0.0
d3ee7dbd-e724-5ff5-99e4-a07e0c25fb40,Mitti Di Khushboo (Summer Mix),2016,"Hindi, Non Film","Rochak Kohli, Tatva Kundalini","Rochak Kohli, Gurpreet Saini, Gautam Govind Sharma",T-Series,0.0
2fa46070-3b04-53bc-90aa-8f89c8d3b036,Mmirsa,2016,"Hindi, Film",Meet Bros Anjjan,Kumaar,Zee Music Company,0.0
993ee532-e241-5e38-ad35-c583fefd4bab,Moh Maya Money,2016,"Hindi, Film",Harpreet Singh,Varun Grover,OKListen Media,0.0
1279aca1-ee86-55ab-abdb-3d85e88ce6b5,Mohabataiyan,2016,"Hindi, Non Film",Ravi Chowdhury,Ravi Chowdhury,Zee Music Company,0.0
0e61de85-1091-5a47-a33b-93632aedb50d,Mohabbat,2016,"Hindi, Non Film",Aditya Narayan,Aditya Narayan,T-Series,0.0
f21bcc1f-f44f-59b9-8508-44adaf73beef,Mohenjo Daro,2016,"Hindi, Film",A.R. Rahman,Javed Akhtar,T-Series,3.0
26a32cf2-1b17-5247-b6a1-196988c06023,Mora Saiyaan,2016,"Hindi, Non Film","Traditional, Vikas Vishwakarma",Traditional,SRK Music,3.5
c417f049-e283-594c-b46b-2b96e5a540c8,Move Your Body,2016,"Hindi, Non Film",DJ Shadow Dubai,"Sean Paul, Badshah",Zee Music Company,0.0
eac9a898-4830-541c-9907-b8449f1c8677,Mujhko Grammy De Do,2016,"Hindi, Non Film",Baba Sehgal,Baba Sehgal,Biscoot Records,0.0
f59221df-463f-59cf-a1ff-adf95a04a997,Murari - The Mad Gentleman,2016,"Hindi, Film",Biswajit Bhattacharjee,Krishan Bhardwaj,Red Ribbon,0.0
e8b5f1d4-2d43-5743-ba81-938b4dc6bdc1,My Father Iqbal,2016,"Hindi, Film","Varun Agarwal, Biswajit Bhattacharjee","Suzad Iqbal Khan, Abhinash Singh Chib, Krishna Bhardwaj",Zee Music Company,3.0
d14e9fef-49e7-580e-b23b-506948ca32ae,Naa Jaane,2016,"Hindi, Non Film",Abee Chhajed,Abee Chhajed,Crescendo Music,0.0
4ee1b592-ab13-540c-845f-b63cab9486d5,Naagin,2016,"Hindi, Non Film",Karan Singh Arora,Gold,Sony Music,0.0
3245ffa4-e1c5-5e59-ba3e-6e0135cfbaf0,Nahin Milna,2016,"Hindi, Non Film",Aamir Ghulam Ali,Aamir Ghulam Ali,T-Series,3.0
c0f530a5-1f00-5f7c-b4e2-f40d04c5feee,Neeli Neeli Aankhen,2016,"Hindi, Non Film",Enzo,The Masterpiece,T-Series,0.0
ebbb1495-e6ed-5a9c-9f98-f3e8cebc3ad3,Neerja,2016,"Hindi, Film",Vishal Khurana,Prasoon Joshi,T-Series,3.0
c2b49c15-ae6e-50f1-9de5-7d8d960adeba,Nil Battey Sannata,2016,"Hindi, Film",Rohan - Vinayak,"Manoj Yadav, Nitesh Tiwari, Shreyas Jain",Eros Music,3.0
a67e8c32-1980-5f5d-a668-7b17aa651310,Nindiya (Cover Version),2016,"Hindi, Non Film",Shashi - Shivam,Sandeep Singh,T-Series,0.0
f65d82cf-c7a1-5ba1-a5ac-26e83af79b32,Noor-E-Ilahi,2016,"Hindi, Non Film",Salim - Sulaiman,Amitabh Bhattacharya,Salim - Sulaiman,0.0
f2441693-7f53-5f12-af65-48c422626be2,O Bewafa,2016,"Hindi, Non Film",Atif Ali,"Alee Houston, Waqqas Qadir Sheikh",Zee Music Company,0.0
bf0691a8-59fe-5a94-a36f-44202efdc05f,O Lal Nee,2016,"Hindi, Non Film",Jasbir Jassi,Bulleh Shah,Zee Music Company,0.0
8810ded6-cf31-5791-9303-ea4205848249,O Mere Yaar,2016,"Hindi, Non Film",Deepak Agrawal,Deepak Agrawal,Zee Music Company,0.0
c90dff4d-07b3-5b05-8ff2-fa621b33fe9d,O My Lovely Pizza,2016,"Hindi, Non Film",Baba Sehgal,Baba Sehgal,Shotformats,0.0
2f4fac1c-975b-5a64-8b48-c75b2c102e6c,On A High Zindagi,2016,"Hindi, Non Film",Sanket Sane,Aslam Khan - I,Times,0.0
777e182b-8a26-5f6f-b81b-36edd2e4aa5d,One Night Stand,2016,"Hindi, Film","Tony Kakkar, Meet Bros, Vivek Kar, Jeet Ganguly","Kumaar, Shabbir Ahmed, Manoj Muntashir",T-Series,0.0
d717e94a-2aea-5371-844c-71e18db4b099,Paani,2016,"Hindi, Non Film",Gaurav Dagaonkar,Anurag Bhomiya,Farout Media,0.0
ee94b2e6-91a5-543d-867f-741ed70dcbac,Parched,2016,"Hindi, Film","Hitesh Sonik, Traditional","Swanand Kirkire, Traditional",T-Series,3.5
232f97dd-8121-50da-8c08-4bfd9672aaf5,Pareshaan Violin Mix (Cover Version),2016,"Hindi, Non Film","Amit Trivedi, Sandeep Thakur",Kausar Munir,YRF Music,0.0
f3e7393b-05bb-541a-9f90-58592855bf34,Party Animals,2016,"Hindi, Non Film",Meet Bros,Kumaar,T-Series,0.0
815b8b47-d525-5486-9112-cdd5946a2015,Party By Fazilpuria,2016,"Hindi, Non Film",Sachh - Acme,"Lil Golu, Kumaar",T-Series,0.0
7049fae2-ad73-519a-bc4b-907c030210bf,Party On The Rocks,2016,"Hindi, Non Film",Sachin Dev Mika,,Moxx Music,0.0
71c01ddb-a777-5a2b-8d44-8942bb2d745e,Party Tera Bhai Dega,2016,"Hindi, Non Film",Karan Singh Arora,Gold,T-Series,0.0
14987163-1b6b-58aa-883d-9cb08bcf2cfe,Passion,2016,"Hindi, Non Film",Rapstar X,Rapstar X,A2Z Music Media,0.0
be4dc7d2-15da-5074-b923-4ea52d7388ef,Pehla Nasha,2016,"Hindi, Non Film","Jatin - Lalit, Sanam",Majrooh Sultanpuri,Saregama,0.0
8e3a6f4f-d596-5611-accf-be3acd1fbf72,Pehli Baar,2016,"Hindi, Non Film",Jiggra,Jiggra,Zee Music Company,0.0
0b9c26ee-45e3-5a68-ad2a-3ef271362cb0,Phir Mujhe Dil Se Pukar Tu,2016,"Hindi, Non Film","Kunal Verma, Rapperiya Baalam",Kunal Verma,Kanchan Cassettes & Series,3.0
2a83c6c2-7f97-58c2-8a25-b03e6d3c7b05,Phir Se,2016,"Hindi, Non Film",Divij Naik,Chintan Naik,Red Ribbon,0.0
0386ac60-9aba-5fe5-bae6-16d20c75a09e,Phir Teri Yaad,2016,"Hindi, Non Film",Atif Ali,Waqas Qadir,Beyond Records,0.0
bc27e971-50b4-5c2a-9a6a-fc8eb37ae88d,Phobia,2016,"Hindi, Film",Daniel B. George,Jai Shankar Prasad - I,Eros Music,0.0
4f96deaa-46b4-541b-b487-1c35b8c63701,Phone Mein Teri Photo,2016,"Hindi, Non Film",Tony Kakkar,Tony Kakkar,Desi Music Factory,0.0
e4cb96f4-ef85-562a-90a4-d924086f92e4,Pink,2016,"Hindi, Film","Faiza Mujahid, Shantanu Moitra, Anupam Roy","Faiza Mujahid, Tanveer Ghazi, Anupam Roy, Irshad Kamil",Junglee Music,0.0
45f625b3-f67b-5715-9809-770e22bf0411,Piya Re,2016,"Hindi, Non Film",David Ezra,"Adil Hashmi, S.I.B.",T-Series,0.0
546b3b49-f3a3-567e-8852-a4528704eab4,Prakash Electronic,2016,"Hindi, Film",Praveen Bharadwaj,Praveen Bharadwaj,Zee Music Company,0.0
0e83f72f-0744-526c-b3b9-1a47a3ac8068,Purab Ki Awaz,2016,"Hindi, Film","Hitesh Baruah, Ajay Phukon, Tapan Kakoti","Chandra Mudoi, Deepak Roy, Sumit Acharya, Ajay Phukon",Yellow & Red Music,0.0
4bed4002-afbe-5ee4-925a-095e75b0e270,Pussy Cat,2016,"Hindi, Non Film",Vijay Verma,Manthan,Zee Music Company,0.0
910be470-dcee-510b-b575-51a23db9d687,Pyaar Manga Hai,2016,"Hindi, Non Film","Bappi Lahiri, Abhijit Vaghani","Shiv Kumar Saroj, Manoj Muntashir",T-Series,0.0
ab6c4ba5-eca2-5f1c-a06c-4a75671b244d,Pyaasi Pyaasi,2016,"Hindi, Non Film",Abhishek Ray,Gulzar,,0.0
2eb86825-ff15-54f9-8539-95859b04ae0b,Pyar Hai Bepanah,2016,"Hindi, Non Film",Menka Mishra,Menka Mishra,T-Series,0.0
031a316f-65af-5f93-a4b4-c87563968432,Pyar Wala Gaana,2016,"Hindi, Non Film",Da Banotra,Da Banotra,Zee Music Company,0.0
acb24830-5b7e-5de0-a963-3b0b8c82652c,Raat Baki Hai,2016,"Hindi, Non Film",Sumit Grover,Vijay Malik,T-Series,0.0
f63c61bd-dc4b-530d-9fd5-8ff44fbbfa2f,Raaz Reboot,2016,"Hindi, Film","Jeet Ganguly, Sangeet Haldipur - Siddharth Haldipur","Rashmi Virag, Kausar Munir",T-Series,0.0
d37c7da6-1ec0-569b-8c30-82db7357d6a7,Rab Di Kasam,2016,"Hindi, Non Film",Arian Romal,Seema Saini,T-Series,0.0
b5f7784e-1d48-5eb1-8347-4fb84506207c,Rajma Chawal,2016,"Hindi, Non Film",Baba Sehgal,Baba Sehgal,Shotformats,0.0
7a1acc06-cd2e-53ad-9cdf-66393ede4b71,Raman Raghav 2.0,2016,"Hindi, Film",Ram Sampath,Varun Grover,T-Series,0.0
64447dd9-a679-5356-9766-50807d6f52e5,Rare And Dare Six - X,2016,"Hindi, Film","Ankit - Harshit, Bharat - Hitarth","Arjun Umrao, Bharat Menaria",Zee Music Company,0.0
a7e9b9fb-ba6d-535d-ac3d-78d180261650,Raula Paye Gaya (The Official Sultan Salute),2016,"Hindi, Non Film",Shamir Tandon,"Ishteyak Khan, Shrikant Trivedi, Zeest",YRF Music,0.0
67c956a5-ffdc-5ad1-9035-c0104fb95540,RayZR Mera Swag,2016,"Hindi, Non Film",Badshaah,Badshaah,Sony Music,0.0
a4d7bfc2-2791-575a-bb50-7e6339b09838,Rehenuma,2016,"Hindi, Non Film","Shravan A. Kanalli, Joel Sakkari",Shravan A. Kanalli,Artist Aloud,0.0
aedbed58-f90b-534b-a5cb-ffd7f4886fef,Rehnuma,2016,"Hindi, Non Film",Kapil Sehdev,Dheeraj Kumar - I,T-Series,0.0
a8f592c1-e6d8-510c-8b79-29b22352599f,Rhythm,2016,"Hindi, Film","Suresh Peters, Salman Ahmed, Adeel Chaudhry, Pranay Rijia, Naveed Zafar","Sameer Anjaan, Salman Ahmed, Naveed Zafar, Jaqueline Kelly",Zee Music Company,0.0
259ac119-f9d7-53f2-8aad-84c6f9e6d766,Rihanna O Rihanna,2016,"Hindi, Non Film",Baba Sehgal,Baba Sehgal,Biscoot Records,0.0
80aa5d4e-cc09-533e-a714-15be40b74784,Ro Raha Hai Dil,2016,"Hindi, Non Film",Bishwambhar Yadav,Deepak Singh,Worldwide Records,0.0
4cabf5af-b3f8-5a62-b373-0feec75b2999,Rock On 2,2016,"Hindi, Film",Shankar - Ehsaan - Loy,"Javed Akhtar, Kit Shangpliang, Kabir",Zee Music Company,0.0
c911e384-c764-597a-b65a-70e0164c038c,Rocky Handsome,2016,"Hindi, Film","Ankit Tiwari, Sunny Bawra, Inder Bawra, Bombay Rockers","Abhendra Kumar Upadhyay, Sachin Pathak, Shekhar Astitwa, Manoj Muntashir, Sagar Lahauri, Bombay Rockers",T-Series,0.0
b6a11bf0-e83d-502b-8c87-064d3c0d3d6c,Rubaru,2016,"Hindi, Non Film",Anand Mishra - I,Anand Mishra - I,Natraj Music Company,0.0
64f7cf44-4bdd-5cf9-82a0-0375b3ea9846,Rula Diya,2016,"Hindi, Non Film",Arpit G.,Arpit G.,Biscoot Records,0.0
5de632ad-9524-5921-8eef-1e859d06a164,Rustom,2016,"Hindi, Film","Arko Pravo Mukherjee, Raghav Sachar, Ankit Tiwari, Jeet Ganguly","Manoj Muntashir, Mandar Cholkar, Arko Pravo Mukherjee",Zee Music Company,3.0
5ccec6ff-ecf6-51c5-b356-ec8ddbcf485d,Saajna,2016,"Hindi, Non Film","Nilesh Ahuja, Siddharth Sharma - I","Nilesh Ahuja, Siddharth Sharma - I",Crescendo Music,0.0
63febdfd-8672-57b4-a81c-f89483200f29,Saala Khadoos,2016,"Hindi, Film",Santhosh Narayanan,Swanand Kirkire,T-Series,3.0
017edce5-0237-5abf-99e4-ef4f3966f0f8,Saamne Yeh Kaun Aaya,2016,"Hindi, Non Film","DJ Suketu, R.D. Burman",Anand Bakshi,Universal,0.0
a9a50cd4-d2ba-5134-80b3-c611ac00d80b,Saansein,2016,"Hindi, Film",Vivek Kar,Kumaar,T-Series,0.0
dd52631d-07d9-5d59-aeac-93d3f5af6aee,Saanson Ki Tarah,2016,"Hindi, Non Film",Gufy,Jamil Ahmed,Zee Music Company,0.0
e018a0a6-135a-5f55-a761-ce031fc53019,Saat Uchakkey,2016,"Hindi, Film","Jaidev Kumar, Bapi - Tutul, Vivek Kar, Saket Singh, Niranjan Khound, Abhishek Ray, S.D. Burman","Kumaar, Amir Khusro, Sahil Sultanpuri, Majrooh Sultanpuri",T-Series,2.5
3026cef6-2069-5a01-802b-6a74fa4262db,Saaun Da Mahina,2016,"Hindi, Non Film","Jagjit Singh, Harshdeep Kaur",Chaman Lal Chaman,Saregama,0.0
f031286b-c9a5-54d6-9ec1-2a9a4124b835,Saaya,2016,"Hindi, Non Film",Arnie B.,Arnie B.,Sony Music,0.0
4f829b90-9d8c-5a7b-be32-e3c628c3c16d,Sab Loan Par Hai,2016,"Hindi, Non Film",Baba Sehgal,Baba Sehgal,Biscoot Records,0.0
711d6e68-2d7e-56bd-9694-2029d1e10558,Saiyaan Dil Mein Aana Re,2016,"Hindi, Non Film","Rochak Kohli, S.D. Burman",Rajendra Krishan,Saregama,0.0
261c8b25-d3ba-5908-907e-2eff25db9316,Saiyaara (Rebirth),2016,"Hindi, Non Film",Sohail Sen,Kausar Munir,YRF Music,0.0
9315c453-bbda-57ab-b7f7-d62a58f96656,Sajan Main Nachungi,2016,"Hindi, Non Film",Vikram Montrose,Shekhar Astitwa,Venus,0.0
0e1a95e2-dbe2-5e19-9e05-2083206b6165,Sajna,2016,"Hindi, Non Film",Dharmendra Bhadauriya,,MuSlate,0.0
914872fa-9feb-57f9-9d89-0f0a70494593,Sajna Ve,2016,"Hindi, Non Film",Palash Muchhal,Palash Muchhal,Zee Music Company,0.0
d0d8495a-76f5-5882-aeae-7d739b3a7ab7,Salaam Haq Se,2016,"Hindi, Non Film",Rossh,Rossh,9XMedia,0.0
8d61aa6a-5d2b-5918-a8ae-d3d9d43a5a11,Samandar,2016,"Hindi, Non Film",Sparsh The Band,Sparsh The Band,Farout Media,0.0
8000af6a-e279-5784-9d89-572ce2d6d113,Sanam Ho Ja,2016,"Hindi, Non Film",Arjun,"Raqib Aalam, Arjun",T-Series,0.0
4780c82a-50e0-52fe-af52-c392f69779af,Sanam Re,2016,"Hindi, Film","Mithoon, Badshaah, Jeet Ganguly, Amaal Malik, Epic Bhangra","Mithoon, Badshaah, Manoj Muntashir, Manoj Yadav, Kumaar, Ikka Singh, Rashmi Virag",T-Series,4.0
e496fd58-03f7-5a89-ab00-02868c4f30bf,Sanam Teri Kasam,2016,"Hindi, Film",Himesh Reshammiya,"Sameer, Himesh Reshammiya, Subrat Sinha, Shabbir Ahmed",Eros Music,0.0
f317c0c0-6a93-5e99-b46b-c653eaec51bc,Sanjay Divecha And Secret,2016,"Hindi, Non Film","Sanjay Divecha, Swathi Thirunal, Govind Prasad Jaipurwale, Muthuswami Dikshitar","Chandana Bala, M. Balamuralikrishna, Ibson Lal Baruah, Reetha Chacko, K.C. Loy, Mirabai, Traditional, Muthuswami Dikshitar",Sanjay Divecha And Secret,3.0
64dad4ef-718e-5487-8034-166f01215040,Santa Banta Pvt. Ltd.,2016,"Hindi, Film","Jassi Katyal, Amjad - Nadeem, Jaidev Kumar","Kumaar, Shabbir Ahmed",Zee Music Company,0.0
217d6a3e-ef33-5b20-b83d-742b31c8a970,Sanu Ek Pal,2016,"Hindi, Non Film",,"Traditional, Ashish Chhabra",Saregama,0.0
48d1010e-4087-5ad0-adf7-18dfe8595864,Sapne,2016,"Hindi, Non Film",Boby,Jeet Singh Rathore,Saga Music,0.0
2dfc8031-5474-5731-993d-1f6a6e8a1de9,Sarbjit,2016,"Hindi, Film","Tanishq Bagchi, Shail - Pritesh, Jeet Ganguly, Shashi - Shivam, Amaal Malik","Haider Najmi, Arafat Mahmood, A.M. Turaz, Rashmi Virag, Jaani, Sandeep Singh",T-Series,0.0
3c51a1b8-6db5-579d-9a87-fababb024290,Sare Jahan Se Accha (Instrumental),2016,"Hindi, Non Film","Pandit Ravi Shankar, Purbayan Chatterjee",,Saregama,0.0
44ce8183-7379-58df-a331-1d00698df0e1,Sarnang,2016,"Hindi, Non Film",Rajesh Dhabre,Rajesh Dhabre,Zee Music Company,0.0
c12f4078-7a70-58f1-bf82-e859e0847d6d,Saturday Saturday (Khul Jaaye Masti),2016,"Hindi, Non Film","Bharatt - Saurabh, Badshaah",Shahnawaz Qadeer,Sony Music,0.0
b3f7a161-a28e-5c7d-8d15-e255431e6b55,Sawan Barsat,2016,"Hindi, Non Film",Basant Singh,Basant Singh,Zee Music Company,0.0
afba8a2f-29d9-5033-b294-71ff118d6211,Sazaa - Kehti Hai Antaratma,2016,"Hindi, Non Film",Raj Mahajan,Chahat Malhotra,Moxx Music,0.0
2bab1ed1-d226-5155-8a7f-1b93969be5e0,School Chale Hum,2016,"Hindi, Non Film",Hrishikesh Pandey,Hrishikesh Pandey,SRK Music,0.0
b120c837-4f0b-5c64-83d7-7e588007e6ee,Sex Chat With Pappu Aur Papa,2016,"Hindi, Non Film",Superbia,Sunil Sirvaiya,YRF Music,0.0
00409a38-035a-5e67-baa6-8109adbb7ec6,Shaukeen Kaminay,2016,"Hindi, Film","Rajib - Mouna, Dharam Dewda","Brajesh Pandey, Allahmeher Malik, Dharam Dewda",Junglee Music,0.0
60463553-5cd8-554e-935a-5bedef08131f,Sherni,2016,"Hindi, Non Film",Hard Kaur,Hard Kaur,Tara Kaur,0.0
04243407-0704-559b-b38a-81e5bf44ddc1,Shikwa Nahi,2016,"Hindi, Non Film","Nadeem - Shravan, Amjad - Nadeem","Sameer, Amjad - Nadeem",Zee Music Company,0.0
72400014-cf27-555e-b25f-99fea7bad9e0,Shivaay,2016,"Hindi, Film","Mithoon, Jasleen Royal","Sandeep Srivastava, Sayeed Quadri, Aditya Sharma - I",T-Series,3.0
d2d8b71d-ac1a-529d-b13f-6de5840a1c86,Shorgul,2016,"Hindi, Film","Lalit Pandit, Niladri Kumar","Alok Ranjan Jha, Kapil Sibal, Sameer Anjaan",Zee Music Company,3.5
e4a9f20c-60d3-5fee-bd7f-44f9f0f95795,Shortcut Safaari,2016,"Hindi, Film","Rohit Sharma, Samir - Mana","Rohit Sharma, Vijay Maurya, Amitabha Singh",Times,0.0
b9ee8603-17f1-5abb-8830-8038c2522647,Show 4 Love,2016,"Hindi, Non Film",Ankit Tandon,Ankit Tandon,Audio Curry,0.0
37237c31-d2ac-5313-8745-0df9a2df158d,Side A,2016,"Hindi, Non Film",Ankur Tewari,Ankur Tewari,Ankur Tewari,4.0
dcec5bd5-7307-5adf-9c53-bc8645023129,Simple Dress,2016,"Hindi, Non Film",Rahul Vaidya,,T-Series,0.0
84cfd86b-5a4b-5dd9-8f79-366cd7a1befa,Sinful Jaane Ki Zidd Na Karo,2016,"Hindi, Non Film",Harpreet Singh,Rajiv Rana,Times,0.0
065b2dc2-1851-58b6-87d1-5c8fd7ac67c1,Sonam Gupta Bewafa Hai,2016,"Hindi, Non Film",S. Kumar - I,S. Kumar - I,Worldwide Records,0.0
d16a219d-a3cc-58ad-a436-08a0112bc748,Sudhar Ja,2016,"Hindi, Non Film","Sukriti Kakar, Prakriti Kakar",Kunaal Verma,T-Series,0.0
2adc4163-8b2f-54e1-bd0e-542366d3c622,Sultan,2016,"Hindi, Film",Vishal - Shekhar,Irshad Kamil,YRF Music,3.5
e2443ef6-4cae-58e7-9307-abca4f762560,Sun Kabhi,2016,"Hindi, Non Film",Gaurav Bhatt,,Saga Music,0.0
7b8547d4-abe8-522f-97e6-318f5ab42844,Sunn Saathiya,2016,"Hindi, Non Film",Da Banotra,Da Banotra,Zee Music Company,0.0
4623b5bd-7e3c-55ad-a9db-7cf31cfb32e1,Suno,2016,"Hindi, Non Film",Traditional,Traditional,Times,3.0
5542e9a8-9b4d-52be-9c1f-bb6429ba4104,Sunshine Music Tours And Travels,2016,"Hindi, Film","Adam - Eddie, Sajid - I","Siddhant Kaushal, Shailendra Singh - I",Zee Music Company,0.0
06876501-88da-5116-9752-49bb87030189,Sweet Gal,2016,"Hindi, Non Film",Ullumanati,Gurprasad Singh,Zee Music Company,0.0
4a155908-2444-5681-96d2-5e1cb35e8bbb,Take My Hand,2016,"Hindi, Non Film","Jayden, Shivam",Jayden,T-Series,0.0
037b784b-f74c-5487-b84b-c532e2495c0b,Tanha,2016,"Hindi, Non Film",T-Vik,Teenu,Saga Music,0.0
063c2f96-cf69-5031-9af1-33153c4c6e86,Tanha Alam,2016,"Hindi, Non Film",Arjuna Harjai,Anurag Sharma - I,Ampliify Times,0.0
568cc75f-c863-554a-9ff8-82da40e989fa,Tar Tar Tar,2016,"Hindi, Non Film",Baba Sehgal,Baba Sehgal,Shotformats,0.0
fb0afc6c-427b-5338-b2a5-83c56f871d8d,Te3n,2016,"Hindi, Film",Clinton Cerejo,Amitabh Bhattacharya,T-Series,0.0
cec2e3e4-70ba-51f0-b235-f7e700cf14dd,Teen Taal,2016,"Hindi, Film",Chahat Kakkar,Malwinder Singh,Crescendo Music,0.0
6205eeb3-f7fe-52d3-85ad-1aef7d6d4641,Tera Hero,2016,"Hindi, Non Film","Laxmikant - Pyarelal, Bubble Bloodline","Anand Bakshi, Maz Bonafide",Saregama,0.0
25c86f8a-019a-59f4-ab9a-801d9e86bf78,Tera Hi Rahun,2016,"Hindi, Non Film",Gajendra Verma,Gajendra Verma,Virtual Planet Production,0.0
e3b05aad-733b-57c4-8147-446ac1a86820,Tera Nishaan,2016,"Hindi, Non Film",Dev - Ashish,Danish Alfaaz,Indya Records,0.0
799bf01d-597c-5e7d-a137-b6072fdc61bb,Teraa Surroor,2016,"Hindi, Film","Himesh Reshammiya, Anand Raj Anand","Sameer Anjaan, Anand Raj Anand, Shabbir Ahmed",T-Series,0.0
1edddda3-5a42-5caf-a1eb-a43a035946f8,Tere Bin Laden: Dead Or Alive,2016,"Hindi, Film","Ram Sampath, Abhishek - Akshay, Ali Zafar","Munna Dhiman, Iman Crosson, Akshay Verma - I, Ali Zafar",Zee Music Company,0.0
8cfd3e5b-b2c5-5f1b-b7c4-d9420028d0ee,Tere Bina,2016,"Hindi, Non Film",Sameer Khullar,Sameer Khullar,Crescendo Music,0.0
8a28af80-be43-50ff-ac9e-84d54ec9defe,Tere Bina Zindagi Se,2016,"Hindi, Non Film",R.D. Burman,Gulzar,Saregama,0.0
0405686e-b8cf-5886-854c-8b4260122b87,Tere Ishq Ka Suroor,2016,"Hindi, Non Film",Danish Ali,Saani Aslam,Red Ribbon,0.0
adf0f692-4ed8-585b-a58f-dd865825035b,Tere Naam,2016,"Hindi, Non Film",Zack Knight,Zack Knight,T-Series,0.0
820355b3-7223-57f6-9914-d45c12912ae0,Tere Piche,2016,"Hindi, Non Film",Baawale Chore,Baawale Chore,Songster,0.0
235374f9-d120-5518-ad75-d027ab8479ec,Tere Sang Sang,2016,"Hindi, Non Film",Harpreet Singh,Navneet - I,,0.0
12b83771-b0ed-5fac-9854-af4c8d761e61,Tere Sang Yaara,2016,"Hindi, Non Film",Arko Pravo Mukherjee,Manoj Muntashir,Zee Music Company,0.0
bf897b63-2018-57bc-b168-1d1276ee83b5,Tere Siva,2016,"Hindi, Non Film",Rishi - Siddharth,Siddharth Amit Bhavsar,One Digital Entertainment,0.0
f8bb1450-6e34-557d-988b-e3e31fb28713,Teri Hi Hoon,2016,"Hindi, Non Film",Nikita Ahuja,Nikita Ahuja,Zee Music Company,0.0
73857051-33ba-53b2-a85b-2ddc1405b428,Teri Kamar Pe,2016,"Hindi, Non Film",Tony Kakkar,Tony Kakkar,Desi Music Factory,0.0
279ca4e5-5c69-5609-abe2-2dcb931c2af3,Teri Meri Kahaani,2016,"Hindi, Non Film","Bhuvan Bam, Vaibhav Bundhoo",Bhuvan Bam,The Viral Fever,0.0
c8fd6d95-8a74-5b4a-9b50-168319d7dc36,The Dewarists (Season Five),2016,"Hindi, Non Film","Dub Sharma, Amit Trivedi, V. Selvaganesh, Papon, Nucleya","Benny Dayal, Naezy, Manoj Yadav, Rajdweep, Papon",,0.0
8ea4b736-320e-5c59-8e64-04846861b7f6,The Last Tale of Kayenaat,2016,"Hindi, Film","Aabid Jamal, Gufy","Aabid Jamal, Santosh Puri, Shailendra Sharma, Dharmendra Ehsaas",Zee Music Company,0.0
166451dd-9093-53d7-93c6-00433adca332,The Legend Of Michael Mishra,2016,"Hindi, Film","Meet Bros Anjjan, Ujjwal - Nikhil, Abhinav Bansal, Som - Raul, Rishi - Siddharth","Kumaar, Ujjwal - Nikhil, Akash, Abhinav Bansal, Amitabh Ranjan, Alaukik Rahi",T-Series,0.0
7315db17-5009-5ee3-81bf-d1a83eeb623d,The Sargam Express,2016,"Hindi, Non Film",Rohhan Patel,,Ampliify Times,3.33
799f0086-6e65-5bb0-9aec-e172a0301410,The Story Now,2016,"Hindi, Non Film","Papon, Traditional","Vaibhav Modi, Amir Khusro, Papon, Ankur Tewari",Papon,3.0
7b68e569-ae38-5f0e-91b5-c9ab614b4ca0,Thodi Thodi Whisky,2016,"Hindi, Non Film",R.V.P,Raja Alauddin Khan,Music Warehouse,0.0
83a10f67-9a6e-58e2-92d8-177c5f4ba0a9,Toota Jo Kabhi Tara,2016,"Hindi, Non Film",Sachin - Jigar,Priya Saraiya,Zee Music Company,0.0
10c75679-7e5c-5a04-af58-410996540240,Traffic,2016,"Hindi, Film","Mithoon, Shailendra Barve","Turaz, Mithoon, Sayeed Quadri, Jitendra Joshi",Zee Music Company,3.0
5bdf4da5-8edd-5516-b4e7-93fe5a9a29ba,Tragedy Mein Comedy,2016,"Hindi, Non Film",Naezy,Naezy,Stunnah Sez Beatz,0.0
ec1eb76c-3188-5fee-9b0e-0f9993cb2e03,Trump Ka Mania,2016,"Hindi, Non Film",Baba Sehgal,Baba Sehgal,Biscoot Records,0.0
4897013c-8dab-55d8-aa13-51eebd18a2a0,Tu Apni Dekh,2016,"Hindi, Non Film",Baba Sehgal,Baba Sehgal,Shotformats,0.0
f07dbf20-35f4-50d6-96da-e0fc3daf1f84,Tu Chul,2016,"Hindi, Non Film",Viidhii Upadhyay,Viidhii Upadhyay,MuSlate,0.0
08fce542-bad9-5f19-b03c-30dbebd6d501,Tu Dua Hai,2016,"Hindi, Non Film",Rahul Munjariya,Darshan Raval,One Digital Entertainment,0.0
13d820e9-23c7-5556-b4b4-cdac8a7068a6,Tu Hi Tu,2016,"Hindi, Non Film",Yugandhar Deshmukh,"Mandar Cholkar, Sameer Samant",Universal,0.0
6c4c0349-f651-5152-8b80-e80ebe975d7a,Tu Jo Mila - Acoustic,2016,"Hindi, Non Film","Rahul Tiwari - I, Pritam",Kausar Munir,T-Series,0.0
13231c04-60e0-5605-9abc-a364b62bf7b4,Tu Kya Jane,2016,"Hindi, Non Film",Dahek,"Yog, Dahek",Saga Music,3.0
3394663d-2fbd-58ac-a475-1503dd419225,Tujhse,2016,"Hindi, Non Film",Palash Muchhal,Palak Muchhal,Zee Music Company,0.0
900c7caf-9137-5ac6-aa13-3ccd2100ffd6,Tum Bin,2016,"Hindi, Non Film",Ullumanati,Ullumanati,Zee Music Company,0.0
9bbd8ec6-9603-56d1-8477-df9768332cd6,Tum Bin 2,2016,"Hindi, Film","Ankit Tiwari, Nikhil - Vinay, Gourov - Roshin, Tigerstyle","Shakeel Azmi, Faaiz Anwar, Manoj Muntashir, Arko Pravo Mukherjee, Kumaar, Raftaar, Jasbir Phullawalia",T-Series,3.0
fc90074a-a9e6-5b25-bae9-6a44e4c01645,Tum Dil Ki Dhadkan Mein,2016,"Hindi, Non Film","Tabun Sutradhar, Nadeem - Shravan",Sameer,Venus,0.0
616d51c8-a1fe-5aa8-80d9-612f407905dd,Tum Ho Toh Lagta Hain,2016,"Hindi, Non Film",Amaal Malik,Rashmi Virag,T-Series,0.0
f07c3aee-8040-5c73-a636-09f946705dd1,Tum Sang,2016,"Hindi, Non Film",Swapnil Mistry,"Swapnil Mistry, Traditional",Red Ribbon,0.0
bf217ed1-aaaf-5ea9-90eb-04aa81e732b9,Tumhari Aarzoo,2016,"Hindi, Non Film",Sushant - Shankar,Basant Chaudhary,Times,0.0
7e0b7ebb-8f8f-55d4-b93b-3371e8714eaf,Tumko Dekha To Yeh Khayal Aaya,2016,"Hindi, Non Film","Rajeev V. Bhalla, Kuldeep Singh",Javed Akhtar,Saregama,0.0
15c384ee-f80a-52f8-a01f-b714c3e00e58,Tunna Re,2016,"Hindi, Non Film",Samarpit Golani,Rahul Yadav,Zee Music Company,0.0
e2f9e592-79de-5787-bfe0-dd809d854b26,Tutak Tutak Tutiya,2016,"Hindi, Film","Gurinder Seagal, Sajid - Wajid, Raaj Aashoo, Music MG, Vishal Mishra","Shabbir Ahmed, Irfan Kamal, Music MG, Manoj Yadav, Danish Sabri, Pranav Vatsa",T-Series,0.0
c997bfe8-902b-5539-9963-19002231f9a2,Udta Punjab,2016,"Hindi, Film",Amit Trivedi,"Shellee, Varun Grover, Shiv Kumar Batalvi",Zee Music Company,4.5
2084b3c3-b8db-5e0f-b213-d3499f334a12,Uljha,2016,"Hindi, Non Film",,"Hriday Gattani, Bhavesh Mehta",DG Records,3.0
b0b1fbed-9b9e-5878-a9bb-9e9e529253aa,Vande Mataram,2016,"Hindi, Non Film",Shivv,Bankim Chandra Chatterjee,Times,0.0
e66152dc-0081-5a81-9677-3f5a7f3f22e3,Veerappan,2016,"Hindi, Film","Sharib - Toshi, Sandeep Chowta, Jeet Ganguly","Manoj Yadav, Nitin Raikwar, Manoj Muntashir",T-Series,0.0
6611724d-5a33-5f9b-a26e-68731d340fe8,Vitamin D,2016,"Hindi, Non Film",Baba Sehgal,Baba Sehgal,Biscoot Records,0.0
442f8a44-d3b4-576b-9665-ba3948e6f5a5,Waada Raha Sanam,2016,"Hindi, Non Film","Jatin - Lalit, Tabun Sutradhar",Dev Kohli,Venus,0.0
35a9e970-099b-5fea-8e1c-ee62fd28625f,Waarrior Savitri,2016,"Hindi, Film","Param Gill, Vijay Verma",Param Gill,Zee Music Company,0.0
a4ebaed6-da10-5503-a42e-d11e7b52271f,Wada Kar,2016,"Hindi, Non Film",Shariq Khan,Shariq Khan,T-Series,0.0
a14e845a-295b-5d4f-9d6d-c6e2c0f3a65a,Wah Taj,2016,"Hindi, Film","Gaurav Dagaonkar, Jaidev Kumar, Vipin Patwa","Guru Thakur, Kumaar, Dr. Sagar",Zee Music Company,0.0
754ba184-c02f-5406-813c-3cd09031e233,Waiting,2016,"Hindi, Film",Mikey McCleary,"Mikey McCleary, Manoj Muntashir, Ankur Tewari",Zee Music Company,3.5
3e57461e-1219-535d-be91-4f103e6445da,Wajah Tum Ho,2016,"Hindi, Film","Mithoon, Kalyanji - Anandji, Abhijit Vaghani, Meet Bros, R.D. Burman, Gourov - Roshin, Anand Raaj Anand","Manoj Muntashir, Rajendra Krishan, Kumaar, Anand Bakshi, Dev Kohli",T-Series,0.0
2cfee8cc-92cd-5514-b997-541ac7e86e7a,We All Are On The Goodside,2016,"English, Non Film",Farhan Akhtar,Farhan Akhtar,Farout Media,0.0
450ba135-feb3-5ca7-b470-c25eb6d428b2,Where Are My Desis At,2016,"Hindi, Non Film",Ashish Chauhan,Mrblaze,Zee Music Company,0.0
eef2e915-0df4-5413-856f-54429e90d8d4,Wo Chahtein,2016,"Hindi, Non Film",Krishna Lal Chandani,Krishna Lal Chandani,Saga Music,0.0
16075549-dae7-5e4f-9bdd-690cef1390aa,Wo Pal,2016,"Hindi, Non Film",Yaman Shastri,Mehfooz Khan,T-Series,0.0
a0beda96-1627-51c1-8a35-d505894d1779,Wo Shaam,2016,"Hindi, Non Film",Talat Aziz,Gul Rukh Khan,Talat Aziz,0.0
6c00e165-6a8d-511d-bc6a-ab479f887896,Woh Hai Zara,2016,"Hindi, Non Film","Harpreet Singh, Laxmikant - Pyarelal",Majrooh Sultanpuri,Saregama,0.0
0f501306-6f9d-5228-a077-0c9bdb14c895,Woofer Baja,2016,"Hindi, Non Film",Dope Boy Leo,Dope Boy Leo,Zee Music Company,0.0
54af5558-bedb-5742-b912-0b07b82e515d,Yaad Aati Hai,2016,"Hindi, Non Film",Baba Sehgal,Baba Sehgal,Biscoot Records,3.0
db183811-ff00-5280-89ee-9ec0c840e069,Yaadein,2016,"Hindi, Non Film",Sanjay Chandrashekhar,Devendra Kafir,Ampliify Times,0.0
a322c251-b784-505c-9138-3a50a99fe1d6,Yaara,2016,"Hindi, Non Film",Aditya Narayan,Prashant Ingole,T-Series,0.0
174b78a1-75f7-513e-b8cb-93a4cee965f8,Ye Nazmein,2016,"Hindi, Non Film",Rashmi Agarwal,Rashmi Agarwal,Ampliify Times,0.0
a48f375e-c184-5484-85a3-0034ea0e3c6b,Yea Toh Two Much Ho Gayaa,2016,"Hindi, Film","Avishek Majumder, Badri Lacewala","Anwer Khan, Jairaj Selwan, Vishal V. Patil, Badri Lacewala",Zee Music Company,0.0
e411c969-591a-576a-9bb3-8d9a439647a9,Yeh Hai Judgement Hanged Till Death,2016,"Hindi, Film",Mahesh - Rakesh,Rakesh Kharvi,Zee Music Company,0.0
c824a766-6bb8-527a-95bf-319354bab88e,Yeh Hai Lollipop,2016,"Hindi, Film","Praveen Bharadwaj, Rashid Khan - II","Praveen Bharadwaj, Tanveer Ghazi",Zee Music Company,0.0
1ff0d8dd-303e-507c-9955-4c879c6b0fcb,Yeh Jo Ishq Hai,2016,"Hindi, Non Film",Jay Mahant,Gaurav Jogi,Ampliify Times,0.0
10cb9395-204f-592e-ba69-19e6a5b71e38,Yeh Jo Mohabbat Hai (Reprise),2016,"Hindi, Non Film","Ravi Chowdhury, R.D. Burman",Anand Bakshi,Saregama,0.0
a9a2bb3a-1fec-5c8f-95f2-23ee4d4bd7f1,Yeh Kaisi Hai Aashiqui,2016,"Hindi, Film",Shivam Bagchi,"Amitabh Ranjan, Mahil Paldhvi",T-Series,0.0
ded3874b-baca-5d2f-8451-20ab9e0c52f6,Yeh Nain Dare Dare,2016,"Hindi, Non Film","Hemant Kumar, Kavita Seth","Kaifi Azmi, Bharat Bhushan Pant",Saregama,0.0
0d6940bd-e175-5643-a8b6-909a206b548c,Zameen Pe Aashiqui,2016,"Hindi, Non Film",Khalil Abhyankar,Shatrunjay Mishra,Universal,0.0
e8799921-9a97-5233-a4a5-5e38d850cd00,Zikr Tera,2016,"Hindi, Non Film","Anis Ali Sabri, Rizwan Sabri",Raj Jadon,Zee Music Company,0.0
9b4b4879-fb76-54cd-b40f-7278bbd93796,Zindagi Ke Safar Mein,2016,"Hindi, Non Film",Gurmeet Singh - II,Ajay Sehgal,Venus,0.0
ca0d1115-bdef-5343-8db4-f1e3d57d9ae0,Zindagi Nahi Asaan,2016,"Hindi, Non Film",Sri,Sri,Songster,0.0
8087b933-5919-5d90-b7fd-c82873a1210a,Zubaan,2016,"Hindi, Film","Ashu Phatak, Manraj Patar, Ishq Bector, Shree D.","Varun Grover, Bulleh Shah, Traditional, Surjit Patar, Ashu Phatak",T-Series,0.0
386e3c2f-c390-5199-bb72-7fd5edab48a1,18 +,2017,"Hindi, Non Film",,Dr. Love,Zee Music Company,0.0
4969d402-830c-59db-bf6c-f501eec2e883,1921,2017,"Hindi, Film","Harish Sagane, Asad Khan, Pranit Mawale","Shakeel Azmi, Raqueeb Alam",Zee Music Company,0.0
137666d9-8e6a-57d4-a61d-f9722030133d,2 Shots,2017,"Hindi, Non Film",,"Mika Singh, Dhamma Sirhind",Zee Music Company,0.0
642947ff-18a0-5d98-958f-b63f73820398,22 Days,2017,"Hindi, Film",Parivesh Singh,Sagar Lahauri,T-Series,0.0
2f18c8d6-d426-58ae-90ea-8a3c55d0a7bf,2am,2017,"Hindi, Non Film","Sachh, Indeep Bakshi",Indeep Bakshi,Zee Music Company,0.0
29660b61-382a-510a-ad48-c760c0a57fe7,A Gentleman,2017,"Hindi, Film",Sachin - Jigar,"Vayu, Priya Saraiya",T-Series,3.0
ea97a534-f813-526c-91f6-9efbcee945d5,Aa Gaya Hero,2017,"Hindi, Film","Meet Bros Anjjan, Arghya Banerjee, Vicky - Hardik, Shamir Tandon","Kumaar, Arafat Mahmood, Shabbir Ahmed, Govinda",Zee Music Company,0.0
8f63609b-78da-5c90-9e73-17288071b182,Aadat Nahi Tum Bin,2017,"Hindi, Non Film",Rishabh Srivastava,Laado Suwalka,Zee Music Company,0.0
21afc375-12da-5c96-b295-f82d6ce5a99c,Aadhe Se Kuch Zyaada,2017,"Hindi, Non Film",Neel Abdull,Asif Khan - I,Zee Music Company,0.0
2708f540-20e3-5c55-b5b0-17b65281845d,Aainda,2017,"Hindi, Non Film",Arko,Arko,Sony Music,0.0
b3f079e3-5dfd-56f9-a586-e506a7828189,Aaiye Meharban,2017,"Hindi, Non Film","O.P. Nayyar, Ayan Meet",Qamar Jalalabadi,Saregama,0.0
b7512b1d-1820-59f8-ac8d-59ba8e647506,Aaj Jaane Ki Zid Na Karo,2017,"Hindi, Non Film",Sohail Rana,Faiyyaz Hashmi,Venus,3.0
81ddb4b3-a518-5210-a33b-1fbe5c11e449,Aaj Mile Hain,2017,"Hindi, Non Film",Saurabh - Jay,Kunal Verma,Zee Music Company,0.0
b8eaa23c-6472-555e-8622-6e8b3294824b,Aaja Meri Bike Pe,2017,"Hindi, Non Film",Tony Kakkar,Tony Kakkar,Desi Music Factory,0.0
ba768989-af5e-56b7-b25a-e2d79e946487,Aaja Na Ferrari Mein,2017,"Hindi, Non Film",Amaal Malik,Kumaar,T-Series,0.0
50a1c049-ddbc-5c32-9a0a-f95053ae47be,Aaja Tujhe Pyar Karu,2017,"Hindi, Non Film","King Paaji, RD Beat",King Paaji,Zee Music Company,0.0
ce9d94c7-0ef4-5a04-a3c5-8e65eed7862e,Aane De,2017,"Hindi, Non Film","Naezy, Karan Kanchan",Naezy,Naved Shaikh,0.0
2dc5e239-a60e-57cc-a17f-6688a54b9588,Aane Wala Pal,2017,"Hindi, Non Film","Agni Varan Ruhela, R.D. Burman",Majrooh Sultanpuri,Saregama,0.0
49c8d4df-7d7d-5d71-81ce-c6be30ba1f7e,Aankhen Ro Ro Ke,2017,"Hindi, Non Film",Avijit Das,Avijit Das,Shemaroo,0.0
fc52a4d6-24ec-5865-9fd2-98d1f6327b94,Aao Balma,2017,"Hindi, Non Film","Inayat Hussain Khan, Arjun Chandy",Traditional,,0.0
82131427-2f3b-5d1d-b3da-b3bf757be721,Aao Kabhi Jo,2017,"Hindi, Non Film",Rupam Bhuyan,Rajdweep,Times,0.0
c494a45e-257c-5317-8520-0fe241af6978,Aao Na,2017,"Hindi, Non Film",Vighnanz,Saroj Sen,Amara Muzik,0.0
da22d566-7ae7-54c0-bb9d-0090fe8e18d7,Aapse Mile Hue,2017,"Hindi, Non Film",Gaurav Bhatt,,Zee Music Company,0.0
6a8fa8ab-4ccf-5ef0-a657-c01f6be76e1d,Aayat Bane Hum,2017,"Hindi, Non Film",Mickey J. Meyer,Aditya Iyengar,T-Series,0.0
5196f864-917e-5c5a-aff3-a3dfa9b7ab1d,Adam Aur Eve,2017,"Hindi, Non Film",Harry Cheema,Pardhaan,Desi Music Factory,0.0
97e5d5c5-b5f4-50e0-a389-1cbc07fffeff,Adhura,2017,"Hindi, Non Film",Sumit Showriya,Anky Tiwari,Zee Music Company,0.0
61bdce3b-20fc-5c0a-9a98-6f0fb12eac20,Adrak Wali Chai,2017,"Hindi, Non Film",Baba Sehgal,Baba Sehgal,Baba Sehgal,0.0
e6970bdb-505b-5e95-8e95-05abf4f233f8,Agla Savera,2017,"Hindi, Non Film","Clinton Cerejo, Swarathma","Puneet Sharma, Vasu Dixit",Swarathma,4.0
d7083cde-4c21-5e93-a221-76b6d65a8c80,Ahmiyat,2017,"Hindi, Non Film",Snowalk,Rupanshu Dubey,Zee Music Company,0.0
1933729b-455a-53f9-ba68-d6aaea4d62c7,Ajab Singh Ki Gajab Kahani,2017,"Hindi, Film","Ved Sharma - I, Tanmay Pahwa, U.V. Niranjann, Prithviraj Singh Dev","Ved Sharma - I, Sanjeev Chaturvedi, Anindya Chakraborty, Rajesh Verma, Sant Kabir",T-Series,0.0
6aa1dd97-4aff-561a-ada3-06de10a96983,Aksar 2,2017,"Hindi, Film",Mithoon,Sayeed Quadri,Tips,0.0
b27c3202-13ea-5f4a-81c6-8f8ce2ae1a3d,Alag,2017,"Hindi, Non Film",Krsna,Krsna,Zee Music Company,0.0
8403d394-3cc9-5526-83b4-7bef954f8135,Alfazon Se Bayan,2017,"Hindi, Non Film",Aditya Sharma - II,Smriti Arora,Venus,0.0
60cad7fc-ace7-5820-abec-dc6a6032cd82,Alif,2017,"Hindi, Film",Aman Pant,Zaigham Imam,Junglee Music,0.0
4fd477d5-61ba-5d47-8b2a-3755fc9b7bf2,Alone,2017,"Hindi, Non Film",Shruti Solanki,Shruti Solanki,Zee Music Company,0.0
2bee7bc2-0997-510a-b433-a1b087793a57,Anaarkali Of Aarah,2017,"Hindi, Film","Rohit Sharma, Traditional","Ramkumar Singh, Prashant Ingole, Ravinder Randhawa, Avinash Das, Dr. Sagar",Zee Music Company,0.0
fb34d22a-135c-5357-9dd2-98649265d6fb,Ankhon Mein,2017,"Hindi, Non Film",Vipul Kapoor,"Vipul Kapoor, The Masterpiece",T-Series,0.0
688f5cfc-629e-5a0f-ac9c-1d39cd0fafad,Apna Khayal Rakhna,2017,"Hindi, Non Film",Vishnu - Vaibhav,Vishnu - Vaibhav,Times Music,0.0
8d3bf110-4afc-575e-97f5-5a72160bfa59,Apne Ghar Mein Shaadi Hai,2017,"Hindi, Non Film",Daler Mehndi,Daler Mehndi,DRecords,0.0
15cd5437-9b96-52f9-8e11-a62b4925e04b,Arziyaa Mere Dil Ki,2017,"Hindi, Non Film","Vibhu Sharma, Sandeep Vishwakarma",Vibhu Sharma,T-Series,0.0
3170dbc5-421a-5069-8ddf-0b711f8ae0d9,Arziyan,2017,"Hindi, Non Film",Sharib - Toshi,Kalim Sheikh,T-Series,0.0
2ad7671a-0f55-5b5e-9103-446afbeb6bb1,Avani: Beti Bachao Beti Padhao,2017,"Hindi, Film",Laxmi Narayan,Laxmi Narayan,Red Ribbon,0.0
505aa82d-2c47-5d2c-af1c-86b97a3ac48d,Aye Veer Tujhe Salam,2017,"Hindi, Non Film",Zubin Sinha,"Zubin Sinha, Aditya Gaurav",Worldwide Records,0.0
37136e48-1e3b-535d-b73e-f7217cf1568a,Aye Zindagi,2017,"Hindi, Non Film",Rishabh Srivastava,Laado Suwalka,Zee Music Company,0.0
b8ee5507-b24a-5d3d-86fb-48eeeba33675,Baadshaho,2017,"Hindi, Film","Tanishk Bagchi, Nusrat Fateh Ali Khan, Ankit Tiwari, Tanishq Bagchi, R.D. Burman, Traditional","Manoj Muntashir, Fana Buland Shehri, Nusrat Fateh Ali Khan, Sahir Ludhianvi, Traditional",T-Series,4.0
063d83d8-e89c-5ef7-8bff-93feadbef732,Baahubali 2: The Conclusion,2017,"Hindi, Film",M.M. Kreem,Manoj Muntashir,Zee Music Company,0.0
9829206e-481b-5e31-8152-e411d213a81f,Baaraat Company,2017,"Hindi, Film","Rishi - Siddharth, Shiraz Uppal, Ali - Ghani","Alaukik Rahi, Shakeel Sohail, Syed Ahmad Afzal, Shakeel Azmi",Zee Music Company,0.0
1609547c-461e-5821-ad36-072d5eb6e85d,Baarish,2017,"Hindi, Non Film",Tanishk Bagchi,"Arafat Mahmood, Tanishk Bagchi",Zee Music Company,3.0
a4806be5-0334-5abb-a826-8b2553013ae3,Baarish Ke Bahane,2017,"Hindi, Non Film",DJ Sheizwood,Babbu Maan,Zee Music Company,0.0
3ab7dadd-267e-53b1-976c-b3380c990c38,Baat Bane,2017,"Hindi, Non Film",Rupin Kahlon,Traditional,White Hill Music,3.0
83343e8c-609c-5aab-a4b4-2220dd48230c,Babumoshai Bandookbaaz,2017,"Hindi, Film","Gaurav Dagaonkar, Traditional, R.D. Burman, Debojyoti Mishra","Ghalib Asad Bhopali, Traditional, Anand Bakshi",Saregama,3.0
b92718ef-1738-5051-8238-3f1c858850ed,Baby Marvake Maanegi,2017,"Hindi, Non Film",Raftaar,Raftaar,Zee Music Company,0.0
1fe0ad2e-ed89-547e-a77b-9754d2255d8b,Bachcha Party,2017,"Hindi, Non Film",Ankur Tewari,Ankur Tewari,Sony Music,0.0
06030265-a496-5b17-b897-01b6ac510673,Bachche Kachche Sachche,2017,"Hindi, Film","Ravi Shankar S., S. Bholeshavali","Meena Udanda, Yashmitha L. Sadasivuni",Zee Music Company,0.0
411e3b14-8220-59a1-8f87-97b2ed8f698f,Badrinath Ki Dulhania,2017,"Hindi, Film","Tanishq Bagchi, Amaal Mallik, Akhil Sachdeva, Bappi Lahiri","Shabbir Ahmed, Akhil Sachdeva, Indeevar, Kumaar",T-Series,3.0
34e28302-20ce-53c7-b098-95a7c5aa1a23,Bahon Main,2017,"Hindi, Non Film",Vinay Katoch,Vinay Katoch,Zee Music Company,0.0
d377ffbf-065a-5890-b5fe-7c3fcf6e5688,Band Bajani Hai,2017,"Hindi, Non Film",Babli Haque,Krishna Bharadwaj,Venus,0.0
987339d6-493f-5029-82eb-a1482cf2078d,Banjara,2017,"Hindi, Non Film",Sourabh Joshi,Pinky Poonawala,Strumm Entertainment,0.0
0a29e17d-dd83-53b9-84e3-d50db71fe3ec,Banjarey,2017,"Hindi, Non Film",Anupama Raag,Anupama Raag,Times Music,0.0
3b9b176a-40ad-5aab-8154-2a72e797d2a5,Bank Chor,2017,"Hindi, Film","Kailash Kher, Rochak Kohli, Shamir Tandon, Baba Sehgal","Kailash Kher, Adheesh Verma, Varun Likhate, Gautam Govind Sharma, Baba Sehgal",YRF Music,0.0
1479fbb4-e947-50e7-bd27-14799ab18c79,Bareilly Ki Barfi,2017,"Hindi, Film","Arko, Samira Koppikar, Sameeruddin, Tanishk Bagchi, Tanishk - Vayu","Arko, Puneet Sharma, Akshay Verma - I, Shabbir Ahmed, Tanishk - Vayu",Zee Music Company,3.0
c2311d12-2218-52d7-9e71-02bfd20c36ed,Bas Ek Baar,2017,"Hindi, Non Film",Anurag Saikia,Kunal Verma,Times Music,0.0
aff5db21-8f28-5f38-8529-67ddbd631c61,Bawri Piya Main,2017,"Hindi, Non Film","Sucheta Bhattacharjee, Dipin Raj","Sucheta Bhattacharjee, Dipin Raj",T-Series,0.0
72edc752-3e4a-5c0b-8ce5-dca2a3aafd62,Bechain Hu,2017,"Hindi, Non Film","Hassan Badshah, Irfan Ch.","Saleem Shahid, Riaz Majeed",White Hill Music,0.0
9a959d3b-5e2f-5b4f-9194-24f78a2c02da,Begum Jaan,2017,"Hindi, Film","Anu Malik, Khayyam","Kausar Munir, Rahat Indori, Sahir Ludhianvi",Junglee Music,0.0
610ec7fc-ff26-53f2-8d21-59a677ee5a2f,Behen Hogi Teri,2017,"Hindi, Film","Jaidev Kumar, JAM8, R.D. Burman, Rishi Rich, Yash Narvekar, Amjad - Nadeem","Sonu Saggu, Bipin Das, Anand Bakshi, Raftaar, Yash Narvekar, Amit Dhanani, Rohit Sharma",Zee Music Company,0.0
469cb23a-dfcc-57ce-ba0a-613a7ffcc20a,Belief,2017,"Hindi, Non Film",Brainsetter,Nova,T-Series,0.0
082089a5-ec90-546c-a8d9-30ec225aa049,Beliya,2017,"Hindi, Non Film",Raafay Israr,S.K. Khalish,T-Series,0.0
0cf8e9fd-b8f8-5457-9e73-1f614b178fc3,Beta Sweater Pehno,2017,"Hindi, Non Film",Swarathma,"Vasu Dixit, Puneet Sharma, Jishnu Dasgupta",Swarathma,3.5
af1dc35f-7ecc-55fc-b5bd-8b9b34fa4d5c,Bewafa,2017,"Hindi, Non Film",Siddharth Bhatt,"Siddharth Bhatt, Mack",Zee Music Company,0.0
71b2231c-d63e-5cc7-af7b-a3bebd9423f4,Bewafa Teri Yaadein,2017,"Hindi, Non Film",Rajesh Sharma - II,Randheer Singh 'Raj',Red Ribbon,0.0
67c1ffe4-5872-5683-95da-a27e37abed53,Bewajah,2017,"Hindi, Non Film",Anirudh Ravichander,"Irene, K.S. Abhishek",Sony Music,0.0
84e86308-d9e2-5e3d-8e88-2ecee1ce253a,Bey Pinjara,2017,"Hindi, Non Film",Ankit Tiwari,Anurag Bhomiya,Ankit Tiwari,0.0
9165a925-e42c-5f54-8894-2d88e81895be,Bhanwarey,2017,"Hindi, Film","Gaurav Ratnakar, Sourabh Chatterjee",Rahul Yadav,Mannan Music Entertainment,0.0
cb42b8b0-0cf3-58eb-9382-3d3239b3a642,Bheege Se,2017,"Hindi, Non Film","Priyansh Paliwal, Samarth Janve",Sanjay Lachwani,MuSlate,0.0
bbdd1570-d6fd-5e55-bf6b-480d36ba8984,Bheegi Bheegi Baatein,2017,"Hindi, Non Film",Manzar - Anurag,Revant Shergill,Manzar Muzik,0.0
bb259b57-375c-5d06-8ee2-e64b4efaef4c,Bhoomi,2017,"Hindi, Film","Sachin - Jigar, Sachet - Parampara","Priya Saraiya, Badshah, Anvita Dutt, Vayu, Sachet - Parampara",T-Series,0.0
5c7a2222-2bcc-51e7-be62-6d5db79c140d,Bhula Na Paungi,2017,"Hindi, Non Film",Rangon,Kunal Verma,Songster,0.0
ce2795b1-86e0-5928-be47-0d7a04fe49cb,Blue Mountains,2017,"Hindi, Film","Sundeep - Surya, Aadesh Shrivastava, Monty Sharma","Naveen Tyagi, Panchhi Jalonvi, Sunil Sirvaiya, Ozil Dalal",T-Series,0.0
9269df75-3541-547f-98fb-d68c68fa5a25,Body Language,2017,"Hindi, Non Film",Dope Boy Leo,Dope Boy Leo,Zee Music Company,0.0
bbf58b04-b969-56c9-86a1-12f89bee1e72,Brij Mohan Amar Rahe!,2017,"Hindi, Film","Tanishq Bagchi, Vayu",Vaibhav Shrivastava,Saregama,0.0
128054ce-8f84-5f2d-8a48-ae56fdeb9f03,Bullah,2017,"Hindi, Non Film",Yash Wadali,Raman Kumar Jangwal,T-Series,0.0
0e9881db-5791-5610-b0da-110c748dd5e9,Bum Bolo Bum,2017,"Hindi, Non Film",Ashraf Ali,Ashraf Ali,Zee Music Company,0.0
a6b523af-90e4-5da3-aac5-8e8d376690d5,Bunty Bubbly,2017,"Hindi, Non Film","Roy, Yaman Shastri",Sheel - I,T-Series,0.0
3365c2d1-a89c-5825-b67f-7e127063a1f0,Camray Waleya,2017,"Hindi, Non Film",Tony Kakkar,Tony Kakkar,Desi Music Factory,0.0
0ebfab6f-2520-5acc-9e6a-b36fdd62f471,Chaand Mera Naraaz Hai,2017,"Hindi, Non Film",Tony Kakkar,Tony Kakkar,Desi Music Factory,0.0
c2f29482-b88d-57b8-89fe-9a571401a549,Chal Bhak,2017,"Hindi, Non Film",D'Evil,D'Evil,Elements,0.0
6e998c0d-d548-5bdf-935e-8e1985818554,Chalte Chalte,2017,"Hindi, Non Film",Nanda Banerjee,Chitra Dudhoria,Times Music,0.0
bed862f4-5b58-5b3b-b2d3-689603eea783,Chamkila Sansaar,2017,"Hindi, Non Film",HEMLOCKERSorDIE,V-Krepz SFD,Sangeet Unplugged Records,0.0
9712db6a-695a-5ec9-9034-3caa0ede3c80,Chand Lamhe,2017,"Hindi, Non Film",Desh Deepak - I,Desh Deepak - I,Zee Music Company,0.0
78961637-2274-5828-8242-d2343f447eb8,Chef,2017,"Hindi, Film","Raghu Dixit, Amaal Malik","Ankur Tewari, Rashmi Virag",T-Series,3.0
568aecb1-703f-5225-b503-6eef7692b179,Chup Chand Hain,2017,"Hindi, Non Film",Sanjeev Srivastava,Shaheen Iqbal,Venus,0.0
25dd4764-b99a-5c14-b305-0c28f384eb06,Chup Hai Kyun,2017,"Hindi, Non Film",Arbind Dogra,Shekhar Astitwa,Muzik 247,0.0
b35732f4-38ce-5bf7-ace4-bf66e3574ed6,City Slums,2017,"Hindi, Non Film","Raja Kumari, Vivian Fernandes, Gangis Khan","Raja Kumari, Vivian Fernandes, Gangis Khan",Sony Music,0.0
0d20d132-1e32-5cca-b946-a919f04b2c04,Clubbing,2017,"Hindi, Non Film",Manan,Abhi,Zee Music Company,0.0
3fe09868-b181-52ec-9307-d9b1a08d06d8,Coffee With D,2017,"Hindi, Film",Superbia,Sameer Anjaan,Zee Music Company,0.0
ff585c84-22e3-560d-af4d-8396e639aba6,Commando 2,2017,"Hindi, Film","Gourov - Roshin, Pritam, Mannan Shaah","Kumaar, Sameer, Aatish Kapadia",T-Series,0.0
f284884c-f89f-535e-9e7f-4d7df61215f9,Daddy,2017,"Hindi, Film","Sajid - Wajid, Olefonken, Bappi Lahiri","Danish Sabri, Anjaan, Prashant Ingole",T-Series,0.0
b214d2ab-f09a-584a-930b-4beded8d66d9,Dam Dama Dam,2017,"Hindi, Non Film",Amit Kumar,"Shyam Anuragi, Leena Chandavarkar",T-Series,0.0
42ffee2f-828b-522f-b5ad-315235f08daf,Damdaar Boy,2017,"Hindi, Non Film","Lokesh Garg, Surajj",Lokesh Garg,T-Series,0.0
c7aefcc7-46c8-570e-b816-930c98ab2cdf,Dard Fanna,2017,"Hindi, Non Film",Sahir Ali Bagga,Imran Raza,T-Series,0.0
7506f1eb-25ec-5ad8-8f0c-90b1ac3cac80,Darmiyaan,2017,"Hindi, Non Film",Piyush Shankar,"Yasser Desai, Sumedha Karmahe",Zee Music Company,0.0
7102ba85-1f07-5f26-9b1e-cb41a92ad6a7,De Goli,2017,"Hindi, Non Film",Asif Panjwani,Ajaz Khan,Zee Music Company,0.0
6822fe98-7b37-5302-851c-d5607b2b6c78,Dear Maya,2017,"Hindi, Film","Anupam Roy, Sandman",Irshad Kamil,Zee Music Company,3.5
fbfe5aea-9d69-516e-b5a8-cd04b670ef70,Dekho Na,2017,"Hindi, Non Film",Ayaz Ismail,Seema Saini,Zee Music Company,0.0
26a574a0-e57f-5daa-a905-03b15b48f18c,Desi Girls Do It Better,2017,"Hindi, Non Film",Raool,"Raool, Justin Mall, Nitish Bakshi, Niket Pandey",T-Series,0.0
b69a8b5f-1d3a-55c3-9f9c-6b5c08d5664f,Dhadkane Azad Hain,2017,"Hindi, Non Film",Deepak Pandit,Manoj Muntashir,Shreya Ghoshal,0.0
c3389c5e-6056-567f-9ee3-cc4defa7da4d,Dhoka,2017,"Hindi, Non Film",Rajiv Mona,Shyam Raj,Zee Music Company,0.0
351797fd-cb85-5c3b-bc06-13af8eace3d9,Dil Buddhu,2017,"Hindi, Non Film",Ashish - Vijay,Avinash Kumar - I,T-Series,0.0
5ae24b29-37b5-5c08-853c-8302edc6f6c9,Dil Diyan Lagiyan,2017,"Hindi, Non Film","Kamran Akhtar, Saji Ali",Saji Ali,Organised Rhyme,0.0
ce92102b-669c-5d75-8739-8cc479e60a6c,Dil Haara,2017,"Hindi, Non Film",Sanket Sane,Akshay Shinde,T-Series,0.0
a38d0ceb-f44e-5211-b3be-eacb5e0d6bcf,Dil Jo Na Keh Saka,2017,"Hindi, Film",Shail - Pritesh,"A.M. Turaz, Devshi Khanduri, Sandeep Singh Kamboj",T-Series,3.0
946aac46-ce07-5ebe-94c0-0e512db43892,Dil Ka Haal,2017,"Hindi, Non Film",Shayadshah Shahebdin,Pratyush Prakash,Times,0.0
4aedb9a1-2097-5fd4-9c6b-e532cec5265d,Dil Ka Raabta,2017,"Hindi, Non Film",Vishnu - Vaibhav,Vishnu Mishra,MuSlate,0.0
126389bb-46bb-5047-83f1-d970854bcc66,Dil Ke Paas,2017,"Hindi, Non Film",Deepak Pandit,"Shakeel Azmi, Shakeel Badayuni, Irshaad Dalal",Times,0.0
9665039a-f4e8-5626-91f3-ede86cba0a33,Dil Khone Laga Hai,2017,"Hindi, Non Film","Girish Nakod, Nilesh Patel - I",Girish Nakod,Girish Nakod,0.0
eba33088-50a0-5859-add3-8546c3041a8f,Dil Ki Sada,2017,"Hindi, Non Film",Yash Wadali,Raman Kumar Jangwal,T-Series,0.0
56ffe1a3-8d19-5dbd-ab11-9b499c91e04d,Dil Mera Chahe,2017,"Hindi, Non Film",Shabab Azmi,Arafat Mahmood,Analog Records,0.0
a6c6ef1d-d445-5f5a-afe0-2836f453e1a4,Dil Mera Churaya Kyun (Recreated Version),2017,"Hindi, Non Film","Jaan Kumar Sanu, Anu Malik",Majrooh Sultanpuri,Venus,0.0
c037eab8-cad5-5f0d-a1bd-3ab99adb6f43,Dil Ye Masoom Hai,2017,"Hindi, Non Film",Kashi - Richard,Shweta Raaj,Times,0.0
94a16e55-058c-53b9-8d65-c009a8e059a4,Dil Zara Tu Sunn,2017,"Hindi, Non Film",Sachin Gupta,"Subhro J. Ganguly, Yasmin Musarrat",Zee Music Company,0.0
47562622-f73a-5d92-8932-053f9fc8a38f,Dil-Wali Diwali,2017,"Hindi, Non Film",Soumil - Siddharth,Amitabh Bhattacharya,Shankar Mahadevan,3.0
1364b47d-1a33-5e58-abbd-97f1d0f6289d,Dillagi,2017,"Hindi, Non Film","Sharib - Toshi, Nusrat Fateh Ali Khan",Purnam Allahabadi,Shaarib - Toshi,0.0
a9dfdd87-b378-5c99-a9dc-1c531c9db7ab,Dobaara,2017,"Hindi, Film","Arko, Samira Koppikar, Macks Wolf, Raool","Arko, Puneet Sharma, Raool, Tasha Tah, Parry G",Zee Music Company,3.0
af517c07-52c1-52eb-b1b6-f42884e4e1af,Doorie,2017,"Hindi, Non Film",Zubin Sinha,Shatrunjay Mishra,Zee Music Company,0.0
0f37017c-7389-5398-8411-c135441d9677,Dopahriyaan,2017,"Hindi, Non Film",Amarabha,Amarabha,Zee Music Company,0.0
86a085c3-7cc2-5276-9c18-00c018c6ed14,Duaa,2017,"Hindi, Non Film",Ridgearthur,Priyanshu Tiwari,Mad Meida Network,0.0
baa2c71e-0802-5f35-a0a4-b757b3010016,Ek Dafaa (Chinnamma),2017,"Hindi, Non Film","A.R. Rahman, Arjun Kanungo","Mayur Puri, Sukhwinder Singh",Sony Music,0.0
5be1a82a-5b87-501a-87ae-e413c9f6fec1,Ek Haseena Thi Ek Deewana Tha,2017,"Hindi, Film",Nadeem Saifi,"Nadeem Saifi, Faaiz Anwar",Shree Krishna Audio,0.0
3fdeb53e-967b-5c7a-8030-f70229862ba8,Falsafa,2017,"Hindi, Non Film",Ram Avtar - I,Farhat Shahzad,DRecords,0.0
aa027f45-5410-5e28-bc41-ca03a94bcb2f,Farak,2017,"Hindi, Non Film","Divine, Phenom",Divine,Sony Music,0.0
7a3ad1c5-5805-5a51-9f67-3f09f1461eff,Fariyad,2017,"Hindi, Non Film",Shaurya Khare,Shaurya Khare,Zee Music Company,0.0
c53a92fb-7218-526b-ae6c-2b46ae6fce53,Firangi,2017,"Hindi, Film",Jatinder Shah,"Devendra Kafir, Ashraf Ali, Krishna Bhardwaj, Mirza Ghalib",Zee Music Company,0.0
eb989ff1-e38e-57b2-984a-9f4e26653b7b,Fukrey Returns,2017,"Hindi, Film","Prem - Hardeep, Laxmikant - Pyarelal, Jasleen Royal, Sumeet Bellary, Sharib - Toshi, Gulraj Singh, Shree D., Ishq Bector","Kumaar, Anand Bakshi, Aditya Sharma - I, Satya Khare, Raftaar, Shree D., Mrighdeep Singh Lamba, Vipul Vig",Zee Music Company,0.0
c64556e7-97fe-5956-9c48-903ef5cc8815,GST: Galti Sirf Tumhari,2017,"Hindi, Film","Sahil Rayyan, Rayyan - Ameen","Gunjan Kumaar, Salim Ashfee, Kartik",Zee Music Company,0.0
621b3e27-873d-5273-bd59-476765688a24,Gaayeja,2017,"Hindi, Non Film",Saleel Kulkarni,Sameer Samant,Times Music,3.5
1e81a923-ab79-56de-8153-b3c368893dfb,Game Over,2017,"Hindi, Film",Gaurav H. Singh,Raj Jadon,Zee Music Company,0.0
04596aed-63e5-56ba-b305-4ef818455d22,Ghazal Gaze,2017,"Hindi, Non Film",Ustad Siraj Khan,"Akhtar - I, Bashir Badr, Ahmad Faraz, Mir Taqi Mir, Faiz Ahmed Faiz, Rachana Dixit",Times Music,0.0
a0523694-771c-5905-adf2-7b7f568b0a5a,Golmaal Again,2017,"Hindi, Film","S. Thaman, Amaal Mallik, Anu Malik, DJ Chetas, Lijo George, Abhishek Arora, Raamlaxman","Kumaar, Rahat Indori, Dev Kohli",T-Series,0.0
bfdc0d7d-6c7a-543d-bfbd-9fe06afe3f11,Govinda Aala Re,2017,"Hindi, Non Film",Ashwin Srinivasan,Sameer Samant,Times Music,0.0
b6685292-2d38-59f4-806c-de616d6c8dc1,Guest Iin London,2017,"Hindi, Film","Raghav Sachar, Taz - Stereo Nation, Amit Mishra","Kumaar, T.S. Jarnail, Arya Acharya, Amit Mishra, Navendu Tripathi, Shah Hussain",T-Series,0.0
1959a65f-cdfd-5658-ba23-bf50cd176984,Gurgaon,2017,"Hindi, Film","Cyli Khare, Benedict Taylor, Naren Chandavarkar, Ishaan Divecha, Rachita Arora","Manoj Yadav, Cyli Khare, Hussain Haidry, Varun Grover",Jar Music,0.0
626c5dd8-6eb5-5093-b4be-72a180850c79,Gusse Mein,2017,"Hindi, Non Film",Ishq Bector,Sonny Ravan,Zee Music Company,0.0
2d49d5e7-05f1-5e58-9dfd-f49f46b968d7,Ha Tum Mere Ho,2017,"Hindi, Non Film",Shivayam,Shivayam,Manzar Muzik,0.0
b5facb2b-d927-57ce-bc8b-e319a1798738,Haan Haan Hum Peete Hain,2017,"Hindi, Non Film",Music MG,Milind Gaba,T-Series,0.0
f4d686d5-8f8f-5c96-84bc-6944e3534f1a,Haan Kar De,2017,"Hindi, Non Film","Rishabh Srivastava, Ssameer","Syed Amir Hussain, Navdeep Saini, Shaskvir",T-Series,0.0
9811aa94-5011-5311-bf65-cc4fd9dcdb2e,Haaye Dil,2017,"Hindi, Non Film",Rocky - Shiv,Sayeed Quadri,T-Series,3.5
a848d002-6663-5ae8-8457-9194bf7f9122,Hai Bas Ki Kuch Ghalib Se,2017,"Hindi, Non Film",Yogesh Rairikar,Mirza Ghalib,Times,0.0
e00ea7b0-28b0-5b56-85c0-fcb5e9ec66c7,Half Girlfriend,2017,"Hindi, Film","Tanishk Bagchi, Mithoon, Farhan Saeed, Rahul Mishra, Ami Mishra, Rishi Rich","Arafat Mahmood, Tanishk Bagchi, Manoj Muntashir, Kumaar, Lado Suwalka, Kunal Verma, Anushka Shahaney, R. Rekhi, Veronica Mehta, Yash Anand, Yash Narvekar",Zee Music Company,3.67
6828446f-1b2b-511a-a84f-cb8b211b01b3,Hamdard,2017,"Hindi, Non Film","Johaan Thekkan, Irfan Ali Khan",CA. Rsrapper,Zee Music Company,0.0
abc051d7-d923-5245-92e4-fbcee53973b9,Hanuman Da Damdaar,2017,"Hindi, Film","Sneha Khanwalkar, R.D. Burman, Abhishek Arora","Abhishek Dubey, Tulsidas, Gulzar",T-Series,0.0
c1a98b75-b1e9-5909-93ac-40caaa1288ed,Hara,2017,"Hindi, Non Film",Ramesh Mishra,Sanjay Phillips,Zee Music Company,0.0
99cc9dbc-2374-5362-8203-adee08a161a3,Haraamkhor,2017,"Hindi, Film",Jasleen Royal,Aditya Sharma - I,Sikhya Entertainment,0.0
76ed9795-c5cb-59a5-ad6d-c4e8a3de4627,Hari Hari,2017,"Hindi, Non Film","Shivai Vyas, Shanky","Shivai Vyas, Shanky",AK Projekts,0.0
663406cf-9e0d-5ef7-8f13-9ebab82254ee,Haryana Roadways,2017,"Hindi, Non Film","Pardhaan, Harry Cheema",Pardhaan,Desi Music Factory,0.0
3a693b97-0b59-5dbd-9154-8134b5a652d5,Haseena Parkar,2017,"Hindi, Film",Sachin - Jigar,"Priya Saraiya, Kirthi Shetty, Vayu",Saregama,3.0
281cdc96-b512-5347-83ed-02acf4ac830b,Hasrat,2017,"Hindi, Non Film",Ayaz Ismail,"Vaibhav Sheth, Chaittali Shrivasttava",Zee Music Company,0.0
eabddcd1-c29a-59e9-85f6-6df1967e894e,Hasratein,2017,"Hindi, Non Film","Aisha Ali Chopra, Akash Sagar Chopra",Krishna Bhardwaj,Mount Avenue,0.0
d8ceedbb-4c4e-526e-b838-0708b4904e54,Hath Mei Daru Nahi,2017,"Hindi, Non Film",Shraey Khanna,Shraey Khanna,Zee Music Company,0.0
5409ef13-9d61-5a51-ad50-f97077dff7f4,Haule Haule,2017,"Hindi, Non Film",Hariharan,Sahil Sultanpuri,T-Series,0.0
98ae8483-eab6-5312-a6e9-34a61a9c3251,Heart Mystery 2 : A Story Unheard,2017,"Hindi, Non Film",Avnish Sharma,Avnish Sharma,DS3 International,2.33
1d9a766c-a4ea-5eab-9ab7-5d8afd3e885e,Heeriye,2017,"Hindi, Non Film",Rajnikant Yadav,Pawan Muradpuri,Zee Music Company,0.0
052428d6-515f-5bff-87cf-cd0f55e56413,High,2017,"Hindi, Non Film",Rajat Nagpal,Ikka Singh,T-Series,0.0
f42848c1-6289-5c93-9a59-03436b330ca4,Hind Ka Napak Ko Jawab - MSG Lion Heart 2,2017,"Hindi, Film",Saint Gurmeet Ram Rahim Singh Ji Insan,Saint Gurmeet Ram Rahim Singh Ji Insan,Zee Music Company,0.0
cff0688b-3c1c-5216-9e7d-75b14d56d85f,Hindi Medium,2017,"Hindi, Film","Guru Randhawa, Rajat Nagpal, Intense, Sachin - Jigar, Sukhbir, Abhijit Vaghani, Traditional, Neeraj Arya's Kabir Cafe","Guru Randhawa, Arjun, Priya Saraiya, Kumar Gill, Ikka Singh, Kumaar, Sant Kabir",T-Series,0.0
606db93f-1dba-56e2-9e20-58b1f5a94240,Ho Ke Juda,2017,"Hindi, Non Film","Amit Trivedi - I, Smeet Sontakke","Amit Trivedi - I, Harshit Srivastava",MMN Records,0.0
6298d3f7-988a-5b03-b70c-6f7683a18813,Holi Hai,2017,"Hindi, Non Film",Tony Kakkar,Tony Kakkar,Desi Music Factory,0.0
a4f4065e-d73c-5f91-97ab-d3be03af6cc9,Honthon Pe,2017,"Hindi, Non Film",Ramanathan Gopalkrishnan,Sanjeev Sarathie,Songster,0.0
5912e9f0-5eaa-5455-818c-470c6713512d,Hosh Nahin,2017,"Hindi, Non Film",Laxmi Narayan,Laxmi Narayan,Red Ribbon,0.0
de2781ab-01c8-5d76-8be3-58a6f0fa9478,Hota Hai,2017,"Hindi, Non Film",Manpreet Dhami,Manpreet Dhami,Zee Music Company,0.0
7728d272-b3dd-5e6f-a971-efcf27767946,Hotness Ki Dukan,2017,"Hindi, Non Film",Milind Gaba,Milind Gaba,Zee Music Company,0.0
1ebc4ae1-c269-5990-93df-30d8f19bd6f1,Humzubaa'n Ho Tum,2017,"Hindi, Non Film",Asif Panjwani,Nadeem Ahmad,Zee Music Company,0.0
7d407741-ded1-595e-b42a-fd7fa383ec9d,Ibadat,2017,"Hindi, Non Film",Mustafa RK,Shraddha Sehgal,Songster,0.0
b777edec-ddcb-5dfd-a5cb-0bd1be788a80,Ik Yaad Purani,2017,"Hindi, Non Film","Sharib - Toshi, Jaidev Kumar","Kumaar, Bhatti Bhariwala",T-Series,0.0
a7eafaa6-ed78-5bbe-adfa-087e58da70a3,Ikk Kudi (Sanchari Bose Version),2017,"Hindi, Non Film",Amit Trivedi,Shiv Kumar Batalvi,Zee Music Company,0.0
d47d8e40-0954-5627-bdeb-3e513355994f,Ikk Kudi (Siddhant Bhosle Version),2017,"Hindi, Non Film",Amit Trivedi,Shiv Kumar Batalvi,Zee Music Company,0.0
586b0b64-75ab-5788-be99-6d40d91b7e12,Indu Sarkar,2017,"Hindi, Film","Anu Malik, Aziz Nazan","Kaiser Ratnagirvi, Puneet Sharma, Sanjay Chhel",Saregama,0.0
9657cb31-19fb-5d7b-9b3f-341d77ba15fc,Intezaar,2017,"Hindi, Non Film","Jai Taneja, Manish Bhatia",Jai Taneja,T-Series,0.0
0d63c054-0fa5-5083-bd5f-f14d3bcd8385,Irada,2017,"Hindi, Film",Neeraj Shridhar,Sameer Anjaan,Junglee Music,0.0
ae534bec-a065-5ea5-9596-7bcc3ed63fd2,Is Pal Ko,2017,"Hindi, Non Film",Atif Ali,Flint J,Zee Music Company,0.0
d143b76e-c7fc-5c48-be2d-53f09b242e6e,Ishq Wali Baarish,2017,"Hindi, Non Film",Altaaf Sayyed,Anand - VII,T-Series,0.0
6e9519fd-7541-5ec1-9792-1fb5273a1234,Itna Door,2017,"Hindi, Non Film",Rumman Chowdhury,Onuruddho Ghosh,T-Series,0.0
79dbf8f1-0380-5575-9184-7ade5ddfe91d,Itna Naa Milo,2017,"Hindi, Non Film",Sonu Kakkar,Sonu Kakkar,Desi Music Factory,0.0
2eaf060d-2382-57e6-b9ce-200420c2872f,Itni Si Baat Hai,2017,"Hindi, Non Film",Gioconda Vessichelli,Manoj Yadav,T-Series,0.0
9f76a4ac-6cdc-5428-aba3-6c1830abd3d9,Ittefaq,2017,"Hindi, Film","Bappi Lahiri, Tanishk Bagchi","Anjaan, Tanishk Bagchi, Groot",Saregama,0.0
aeca5eba-803c-5a54-8a09-8c291538f6e5,JD,2017,"Hindi, Film","Ganesh Pandey, Jaan Nissar Lone, Traditional","Kumar Vijay, Sahil Fatehpuri, Traditional",Zee Music Company,0.0
9f13cedb-a8f1-5e04-ac90-6ab1d9b61570,Ja Tu Ja,2017,"Hindi, Non Film",Sameer Sufi,Aamir Sayed,Venus,0.0
6c083acf-65d4-5fe9-b66b-f3e4081e6921,Jaadugar,2017,"Hindi, Non Film",Shobayy,Tina Jindal,Times,0.0
b81aae98-d5e8-54c3-8482-c5ee043535dd,Jaan,2017,"Hindi, Non Film",Atif Ali,Alee Houston,Zee Music Company,0.0
5ef50ae0-b497-541e-8d07-ef0a41a0ed66,Jaan (DJ Shadow Dubai Remix),2017,"Hindi, Non Film",Atif Ali,Alee Houston,Zee Music Company,0.0
9ea2bffc-7f08-5a0c-9076-0d252b043230,Jaan Laggeya,2017,"Hindi, Non Film",Intense,"Rishita, Ikka Singh",T-Series,0.0
6b3bbd61-81e5-5673-9f03-09f647e073e6,Jaane Kya Ho Gaya,2017,"Hindi, Non Film",Desh Deepak - I,Desh Deepak - I,Zee Music Company,0.0
52b4b18a-c46d-5f06-bab3-6eee9ca28ea9,Jaane Woh Kaise,2017,"Hindi, Non Film","Sanam, S.D. Burman",Sahir Ludhianvi,Saregama,0.0
a8bb5312-3cde-54f2-b1de-a0d3384a04e8,Jaaneja,2017,"Hindi, Non Film",Toffee Jeet Banerjee,Miti Surendra Chauhan,VMS Music Records & Publishing,0.0
57270065-ef0e-5bc7-a47b-588103a6de5e,Jab Harry Met Sejal,2017,"Hindi, Film","Pritam, Traditional, Diplo","Irshad Kamil, Cuca Roseta, Traditional",Sony Music,3.5
9cbcbc4d-a373-5c68-897d-4e8c4729fd68,Jab Se Teri Arzoo Hai,2017,"Hindi, Non Film",Joy Sarkar,Shakeel Azmi,Times,0.0
590bf143-ddc8-5862-bbf4-deaf44968659,Jab Teri Zulf,2017,"Hindi, Non Film",Azam Ali Mukarram,Iftekhar Sahil,Zee Music Company,0.0
54f50827-226e-567a-8288-665c3e5a2126,Jab Tum,2017,"Hindi, Non Film",Urmila Varu,Urmila Varu,Horus Music,0.0
c6d1f07c-f864-5974-bff8-815cc21a497b,Jagga Jasoos,2017,"Hindi, Film",Pritam,"Amitabh Bhattacharya, Neelesh Misra, Samrat Chakraborty, Anurag Basu, Debatma Mandal",T-Series,4.5
d9260c7f-7c65-5341-9197-55372e2f7749,Jahan Bhi Yaad,2017,"Hindi, Non Film",Sachin Gupta,"Sachin Gupta, Sameer",Zee Music Company,0.0
e31f32ce-9d7b-5beb-b496-f8f49dc17330,Jahan Bhi Yaad Teri,2017,"Hindi, Non Film",Sachin Gupta,"Sameer Anjaan, Sachin Gupta",Zee Music Company,0.0
d053d75d-1605-5600-a889-54ad6eb1087d,Jahan Teri Yeh Nazar Hai,2017,"Hindi, Non Film","Kshitij Tarey, R.D. Burman",Majrooh Sultanpuri,Times,0.0
22df0bd9-7d80-5c02-a51a-17b24e6ac0db,Jeena Isi Ka Naam Hai,2017,"Hindi, Film","Deepak Agrawal, Visshoo Mukherjee, Harry Anand, Siddhant Madhav, Onkar Minhas","Deepak Agrawal, Ashish Pandit, Kunwar Juneja, Mahesh Sharma - III, Fateh Shergill",Zee Music Company,0.0
8a6c0e8c-6e16-5689-8bd0-be7491110d2d,Jia Aur Jia,2017,"Hindi, Film","Sachin Gupta, Nisschal Zaveri, Sameer Nichani, Shankar - Jaikishan","Mudassar Aziz, Raqueeb Alam, Vachaspati Mishra, Hasrat Jaipuri",Zee Music Company,0.0
2661d8f7-3c2c-5695-8591-d236eb2d3473,Jind Mereya,2017,"Hindi, Non Film",Ram Shankar,Nishi Malhotra,Venus,0.0
27976cd6-7edf-57a2-8226-dcd3cc207724,Jitni Mili Teri Wafa,2017,"Hindi, Non Film",Sudesh - Dhananjay,Arafat Mahmood,T-Series,0.0
95a1e4f0-4f59-5917-88cc-0e71a11c6f71,Jiya,2017,"Hindi, Non Film",Archita Bhattacharya,Deepak Jeswal,Ampliify Times,3.0
d9483a6b-ea43-5fc1-ae86-f14b2c470a28,Jiya Bekaraar,2017,"Hindi, Non Film",Sushant - Shankar,Basant Kumar Chaudhary,Times Music,0.0
364ba874-f4e0-529c-926f-b05bfddbaa44,Jiya Jaye Na,2017,"Hindi, Non Film",Palash Sen,"Palash Sen, Deekshant Sehrawat",Euphoria,0.0
35a53f90-d20e-53c4-b873-a8703dd943c8,Jogira,2017,"Hindi, Non Film",Jazzm,Kay-Ess,T-Series,0.0
10c10164-56df-5c27-a752-eb679d43993f,Jogiya Banjara,2017,"Hindi, Non Film",Suraj Purohit,Abhishek Verma,Zee Music Company,0.0
0bc710da-d994-56e9-8a3d-f8abcdf4291e,Jolly LLB 2,2017,"Hindi, Film","Manj Musik, Chirantan Bhatt, Meet Bros, Vishal Khurana","Manj Musik, Raftaar, Junaid Wasi, Shabbir Ahmed",T-Series,0.0
a01c4a05-e3a1-580a-b636-a1b577ee800f,Juda,2017,"Hindi, Non Film",MKSHFT,MKSHFT,Parallel Music,4.0
892f9e30-460f-5f01-b54b-3462ceea9606,Judaa,2017,"Hindi, Non Film",Shez Music,Rahul Bhati,T-Series,0.0
36cec676-becf-56c2-b9f4-af95251bf4a9,Judwaa 2,2017,"Hindi, Film","Anu Malik, Sandeep Shirodkar, Sajid - Wajid, Meet Bros","Dev Kohli, Danish Sabri, Sonu Saggu",T-Series,0.0
571d4cdc-ff2d-5043-9213-a5d00f3b14e4,Julie 2,2017,"Hindi, Film","Rooh Band, Atif Ali, Viju Shah, Javed - Mohsin","Sameer Anjaan, Shabbir Ahmed",Divo Music,0.0
832c4263-1416-5e71-bef8-854c3573913d,Kaalakaandi,2017,"Hindi, Film","Sameeruddin, Shashwat Sachdev","Akshay Verma - I, Traditional, Anvita Dutt",Zee Music Company,0.0
13b3d726-4b46-5648-98fb-0e19435fcfdc,Kabhi Yaadon Mein,2017,"Hindi, Non Film","Abhijit Vaghani, Saptarshi","Nusrat Badr, Chhavi Sodhani",T-Series,0.0
ad1babe1-5fdd-56ab-af1f-ac4b22e19ccc,Kamli,2017,"Hindi, Non Film",Atif Ali,Waqqas Qadir Sheikh,Zee Music Company,0.0
ba0ab334-f2a3-5f38-b6c3-9895996216cb,Karo Bang Bang,2017,"Hindi, Non Film",Super Dang,Super Dang,Zee Music Company,0.0
82bd1ab2-c04c-571a-a55a-988bf3e33c07,Kasam - Promise And Love,2017,"Hindi, Non Film",Pavneet Singh Birgi,Manpreet Shergill,Saga Music,0.0
b1ec5206-66ad-5a26-9172-ea0231fc4d43,Kayanaat,2017,"Hindi, Non Film",Vijay Prakash,Manoj Muntashir,Vijay Prakash,4.0
4114921a-1990-522d-9ea7-71027810089a,Keh Do Na,2017,"Hindi, Non Film",Viraal,Viraal,Zee Music Company,0.0
8ac62181-cd64-5f03-817f-f779fad99122,Kehta Hai Pal Pal,2017,"Hindi, Non Film","Gourov - Roshin, Anand Raj Anand","Kumaar, Anand Raj Anand",T-Series,0.0
446fddaa-cc52-5014-903f-4eb4cef748d1,Khata,2017,"Hindi, Non Film",Sandeep Saxena,Dakssh Ajit Singh,T-Series,0.0
57d9712b-0457-5f7b-9ac6-9faf8373f07f,Khud Se Judah,2017,"Hindi, Non Film",Shrey Singhal,Shrey Singhal,T-Series,0.0
af65dd51-7312-54e2-9c5e-ab301a3c560b,Khudee,2017,"Hindi, Non Film",Mouu Mukerrji,Mouu Mukerrji,Venus,0.0
a0aecad8-7966-5f9a-a53f-a89a8d95a74d,Khushi Waali Khushi,2017,"Hindi, Non Film",Shantanu Moitra,Palak Muchhal,T-Series,0.0
47ccc382-11f3-5e61-9b71-38a387853216,Khwaab,2017,"Hindi, Non Film",Victor Kamboz,Puneet Gulati,T-Series,0.0
4ce47646-2e58-5900-b31b-0c115e3007e9,Khwahish,2017,"Hindi, Non Film","Ishan Agarwal, Anurag Sargam",Ishan Agarwal,The New Digital Media,0.0
d55e1081-bd6b-5016-9281-577a5f50160a,Khwahishon Me Tu,2017,"Hindi, Non Film",Shak,Roshan Gulrez,T-Series,0.0
a27126f4-9b2e-5581-964b-2de762d9c2cf,Kisko Pata,2017,"Hindi, Non Film",Yash Wadali,Raman Kumar Jangwal,T-Series,0.0
cfa55d37-470b-515c-8929-a3ff341ea20e,Kuch Ankahi Kuch Ansuni,2017,"Hindi, Non Film",Usman - Aakash,Seema Saini,Venus,0.0
d895be7c-8b8a-5f5a-a91c-12b0359c08a4,Kudi Bole Angrejji,2017,"Hindi, Non Film",Raj Mahajan,Sachin Dev Mika,Moxx Music,0.0
21ab5517-6bad-5043-9ee8-c013e7c51ea9,Kudi Main Beauty Queen,2017,"Hindi, Non Film",Altaaf Sayyed,Atiya Sayyed,Zee Music Company,0.0
5c66aa82-0be4-54d1-a123-fe6bd88cfa62,Kung Fu Yoga,2017,"English, Film",Rossh,Rossh,Zee Music Company,0.0
0b956e1b-b525-5151-833b-d331b1d8e5d3,Kya Dekhte Ho,2017,"Hindi, Non Film","Ajay Singh - Miko, Kalyanji - Anandji",Indeevar,Times,0.0
65c82d61-0867-5023-b404-112e5ae0de7b,Kyun Gaye Tum,2017,"Hindi, Non Film",Priyanka Bhattacharya,"Umesh Pant, Samrat Chakrabarti",T-Series,0.0
9a7a91cd-1fd3-5f7d-98e3-3eff3ae4f2cc,Laali Ki Shaadi Mein Laaddoo Deewana,2017,"Hindi, Film","Revant - Siddharth, Vipin Patwa, Arko","Manish Harishankar, Mahima Bhardwaj, Ghulam Mohammad Khavar, Dr. Sagar",Zee Music Company,0.0
a383ae4c-1cc0-5c70-9823-dc10e9860ad9,Laapata,2017,"Hindi, Non Film",Abhishek Chapke,Abhishek Chapke,Zee Music Company,0.0
77bd108f-f1f6-5e22-a40e-d3b47b01b9f9,Ladki Selfie Queen,2017,"Hindi, Non Film",Manan,Abhi,Zee Music Company,0.0
aee82d18-8832-5e95-b9be-9f2a36507877,Lafz Unkahe,2017,"Hindi, Non Film",Ajay Singha,"Pinky Poonawala, Shellee, Mohit Pathak",Strumm Entertainment,3.5
9f87dd38-6e35-591b-b1ef-28be6e62deee,Lately,2017,"Hindi, Non Film",Giri G,Giri G,Zee Music Company,0.0
2bc42c5a-6f6c-560b-9096-bf80a4ac5430,Laut Ke Na Aana,2017,"Hindi, Non Film",Ramji Gulati,Akkhi,Zee Music Company,0.0
b93f4d6a-0af0-551b-a0ec-5d20160e34cc,Let It Go,2017,"Hindi, Non Film",Badshah,"Badshah, Subu",Sony Music,0.0
b8a7e63c-eb64-5237-9e9e-dcd705513fe4,Lipstick Under My Burkha,2017,"Hindi, Film",Zebunnissa Bangash,Anvita Dutt,T-Series,3.0
44e72eec-36bd-5d73-bae4-7038960dce67,Loca Loca,2017,"Hindi, Non Film",Ariff Khan,"Ariff Khan, Shahzaad Kaleem",Zee Music Company,0.0
d91f8641-7c05-5b7f-95e9-af9ecf219149,Lost,2017,"Hindi, Non Film",Munawar Ali,"Munawar Ali, Shatrunjay Mishra, Giri G",Zee Music Company,0.0
0e8b6c4e-98db-596a-97ba-c2dd5693f509,Love Ka Tonic,2017,"Hindi, Non Film",Shivam Bagchi,Amitabh Ranjan,T-Series,0.0
e854be75-19ed-5e53-a9f7-2a4c7aa1548c,Love U Family,2017,"Hindi, Film","Tanmay Pahwa, Naresh Karwala, Robby Badal, Vishnu Narayan","Sanjeev Chaturvedi, Naresh Karwala, Tanveer Ghazi, Haider Najmi, Shahid Khan - I, Kunwar Juneja",Zee Music Company,0.0
8173b1b2-93a4-5d4d-b57c-4793bbcd1c33,Love You Zindagi - Acappella Cover,2017,"Hindi, Non Film","Voctronica, Amit Trivedi",Kausar Munir,Sony Music,0.0
54f499cf-07d0-53c6-8719-3654a92b50f3,Lucknow Central,2017,"Hindi, Film","Sukhwinder Singh, Arjunna Harjaie, Rochak Kohli, Tanishk Bagchi","Traditional, Kumaar, Adheesh Verma, Raftaar",T-Series,3.0
4185fb7f-93e1-5638-a507-922343813bd4,Ludo,2017,"Hindi, Non Film",Tony Kakkar,Tony Kakkar,Desi Music Factory,0.0
bdad2afd-0906-5f32-9cef-908d24335d67,Luv Shv Pyar Vyar,2017,"Hindi, Film",Gufy,"Vikas Duhan, Sunny Sunny, Sahir Chand, Zubair Shaikh, Shailendra Sharma",T-Series,0.0
55d71a25-de73-53f7-95d8-5736638dc970,MTV Unplugged 6 - Episode 01,2017,"Hindi, Non Film",A.R. Rahman,"Javed Akhtar, Irshad Kamil, Gulzar, Sukhwinder Singh, Vairamuthu, Various artists",Viacom18 Media,0.0
5120b4ad-ebc5-5662-88b3-f846c81dba32,MTV Unplugged 6 - Episode 02,2017,"Hindi, Non Film","Ankit Tiwari, Sanjay Leela Bhansali, Madan Mohan, Sandesh Shandilya, Anu Malik","Sandeep Nath, Siddharth - Garima, Naqsh Lyallpuri, Irshad Kamil, Sayeed Quadri",Viacom18 Media,0.0
926c103d-c10e-5065-ade8-bf37f2429ea4,MTV Unplugged 6 - Episode 03,2017,"Hindi, Non Film","Sohail Sen, Armaan Malik, Ajay - Atul, Amit Trivedi, Shankar - Ehsaan - Loy, Vishal - Shekhar","Irshad Kamil, Kumaar, Amitabh Bhattacharya, Vishal Dadlani",Viacom18 Media,0.0
df99b454-f67a-5209-9218-cc10fb133eaa,MTV Unplugged 6 - Episode 06,2017,"Hindi, Non Film",Amit Trivedi,"Amitabh Bhattacharya, Javed Akhtar, Shelly, Varun Grover, Anvita Dutt, Kausar Munir, Swanand Kirkire",Viacom18 Media,0.0
dba50227-7b14-55d9-bc3a-c67cb978c442,Maa,2017,"Hindi, Non Film",Saket Singh,Sahil Sultanpuri,T-Series,0.0
5edf0097-a134-5c36-b3b3-1dff0036d7e8,Maa Tujhe Hai Salaam,2017,"Hindi, Non Film","Bunty Sachdeva, Rohit Kumar Bobby, Sanjay Pal",Bunty Sachdeva,T-Series,0.0
a9b4f43c-832f-5190-82a5-272d0fa35bd5,Maahi Ve,2017,"Hindi, Non Film",Pushan Bose,Pushan Bose,Times Music,0.0
575ec102-8ddd-5365-aeb3-df034b5be6bb,Maan Jao,2017,"Hindi, Non Film",Samarth Sharma,Samarth Sharma,MuSlate,0.0
797cc26a-fcae-539e-99f8-fc5a47596f41,Maatr,2017,"Hindi, Film","Fuzon, Kavita Seth","S.K. Khalish, Munawwar Rana",T-Series,0.0
05a73f28-b6cb-5c20-9dcc-e46f5ea169a6,Machine,2017,"Hindi, Film","Tanishq Bagchi, Dr. Zeus, Viju Shah","Arafat Mahmood, Niket Pandey, Jasmine Sandlas, Mohammed Irfan, Anand Bakshi, Shabbir Ahmed",T-Series,3.0
4ed8f02e-e93e-5f4e-9ec9-9b9ae7bd827c,Mahiya,2017,"Hindi, Non Film",Ashish Chhabra,Pulkit Rishi,Ashish Chhabra,0.0
3bceff36-a25c-5583-8519-7248d681975f,Main Mera Khuda,2017,"Hindi, Non Film",Himanshu Sharma - II,Geeta Agrawal - I,Soundbox Entertainment,0.0
339f613c-28a6-5006-8975-b9e9bd7195ab,Man Marziyan,2017,"Hindi, Non Film",Rochak Kohli,Manoj Muntashir,T-Series,0.0
7984a9a6-5320-5e8d-860b-3cecb8ffdc13,Mann Bawraa,2017,"Hindi, Non Film",Anna Sinha,Minnie Sinha,T-Series,0.0
d1746c90-09a9-5797-8733-a35e961d5f6d,Manzil,2017,"Hindi, Non Film",Vishal - Aditya,Vikram Edke,VMS Music Records & Publishing,0.0
7b872295-f248-5aa2-9e3b-89e45ffcd642,Manzoor Hai,2017,"Hindi, Non Film",Ami Mishra,Kunal Verma,Zee Music Company,0.0
d949e862-e3fe-5da6-9bb0-d96518a2c3c0,Mera Highway Star,2017,"Hindi, Non Film",Sanjay - Rajee,"Raftaar, Khushali Kumar, Mohan Singh - III",T-Series,0.0
62683b62-fd1e-5d20-97f5-abf8f911f736,Mera Jahan,2017,"Hindi, Non Film",Gajendra Verma,"Gajendra Verma, Kunal Verma",T-Series,0.0
653c3ddd-d975-507e-93fa-73dcf5741ced,Mere Hauslo'n Ko,2017,"Hindi, Non Film",Asif Panjwani,Asif Panjwani,Zee Music Company,0.0
3a5fb5a7-42e0-54f6-81d7-a4db1bd3306c,Mere Husband Mujhko Piyar Nahin Karte,2017,"Hindi, Non Film",Guru Dhanoa,Sunil Grover,Elephant Company,0.0
b348254c-ad75-540a-9f46-85f8f94d4516,Mere Maula,2017,"Hindi, Non Film","Aditya Rakesh, Pritesh Pandey",Aditya Rakesh,Worldwide Records,0.0
17cfc923-1d90-58f3-bb2b-502e21c9626a,Mere Pyare Papa,2017,"Hindi, Non Film","Bunty Sachdeva, Rohit Kumar Bobby, Sanjay Pal",Bunty Sachdeva,T-Series,0.0
c17bcb3a-b83d-5acb-999c-3069118a9c45,Mere Rashke Qamar,2017,"Hindi, Non Film","Ssameer, Nusrat Fateh Ali Khan",Fana Buland Shehri,MuSlate,0.0
8ca67bd1-2ab0-5719-8396-2b5bf64915b0,Mere Rehnuma,2017,"Hindi, Non Film","Vijay Longani, Vinay Vinayak",Rhea Kapoor,T-Series,0.0
37fe8383-2173-53e4-ab18-c4ecb1136d1e,Mere Sanam,2017,"Hindi, Non Film",Sukhpal Sukh,Subhash Sharma - I,Zee Music Company,0.0
a7feae5c-5d99-5d4b-9740-fd37c2fdfe00,Mere Sapne,2017,"Hindi, Non Film",Brown Boizz,Brown Boizz,Songster,0.0
f38b310b-5eaa-5c70-84ec-0ab8ddb62737,Meri Pyaari Bindu,2017,"Hindi, Film",Sachin - Jigar,"Kausar Munir, Priya Saraiya, Rana Mazumder",YRF Music,3.5
7a011231-390d-52a7-a840-e803d7cb39f2,Mijlas,2017,"Hindi, Non Film",Meghdhanush,"Meghdhanush, Traditional",Times,4.0
28f4771d-20dd-5628-9913-6aa07ce41d7a,Mirza Juuliet,2017,"Hindi, Film",Krsna Solo,Sandeep Nath,Zee Music Company,3.5
27fd6935-1416-5cf1-8753-bcdb8c3e6b26,Mom,2017,"Hindi, Film","A.R. Rahman, Traditional","Irshad Kamil, Traditional, Rianjali, Raja Kumari, A.R. Rahman",T-Series,3.67
a18c58e2-af2d-510f-9386-c54e8666fefb,Mona Darling,2017,"Hindi, Film",Manish J. Tipu,Sameer Satija,T-Series,0.0
83541f6c-c466-58f5-bb89-a0a166f7a0b0,Monsoon Shootout,2017,"Hindi, Film","Rochak Kohli, Viveick Rajgopalan, Mayur Narvekar, Chinmay Harshe, Vikram Shastry, Chetan Rao","Sumant Vadhera, Kartik Krishnan, Deepak Ramola, Chinmay Harshe, Rohit Bhasy, Neeraj Sharma, Vikram Shastry, Vinit Gulati, Vidhi Gulati",Saregama,0.0
d18c0d1d-318e-55e2-b64b-69a8020f568d,Mood,2017,"Hindi, Non Film",Studio Nasha,Kabeer,Saga Music,0.0
9c005352-eea3-5cc5-8ac7-efe6fec1c555,More Saware,2017,"Hindi, Non Film",Kaushal Mahavir,Sonal Sonkavde,Zee Music Company,0.0
144d2099-0fb7-5d0b-9725-d8c9c44382c4,Mr. Kabaadi,2017,"Hindi, Film","Vishal - III, Ali - Ghani, Raj Prakash - I","Ajeet Srivastava, Raahi, Shamim Shah, Om Chhangani, Nikhil Kapoor",Zee Music Company,0.0
7f7a2dbc-9709-5114-a547-c1c30f381fbf,Mubarakan,2017,"Hindi, Film","Amaal Mallik, Rishi Rich, Yash Anand, Gourov - Roshin, Hassan Jahangir","Kumaar, Badshah",T-Series,0.0
9ce3995b-cd5a-52d3-bf87-a4452e46ba7a,Mukkabaaz,2017,"Hindi, Film","Nucleya, Rachita Arora, Vineet Kumar Singh","Vineet Kumar Singh, Divine, Sunil Jogi, Hussain Haidry",Eros Music,3.0
1000c0b7-203f-5ddf-b800-1e03ff52e059,Mukti Bhawan,2017,"Hindi, Film",Tajdar Junaid,,Red Carpet Moving Pictures,0.0
d6c05d38-f033-5c7d-8ff6-525eed1c4e60,Munna Michael,2017,"Hindi, Film","Tanishk Bagchi, Javed - Mohsin, Vishal Mishra, Pranaay, Gourov - Roshin, Meet Bros, Tanishk - Vayu","Kumaar, Danish Sabri, Sabbir Khan, Pranaay, Tanishk - Vayu",Eros Music,3.0
1b801ae7-c511-5fc3-bddb-13961535fa6d,Murshida (Cover Version),2017,"Hindi, Non Film","Rishi Dutta, Anu Malik",Rahat Indori,Times,0.0
055ea3b1-6db1-5817-a16d-43045c11ecd7,Music Machine,2017,"Hindi, Non Film",Rajat Nagpal,Navi Kamboz,T-Series,0.0
2b25e055-59cd-538a-a78c-dbe0a66418c6,Muskurahatein,2017,"Hindi, Film",Rajat Nagpal,Aditya Sharma - I,Zee Music Company,0.0
79600cb4-4e2c-555c-a369-c670682bcfc1,Na Jaane Tu Mera Hai Kaun,2017,"Hindi, Non Film",Chanakya Shukla,"Dr. Anshul Aaradhyam, Chanakya Shukla",Times Music,0.0
adb677c8-6b11-5057-8613-0d25ea547ffa,Naam Shabana,2017,"Hindi, Film","Rochak Kohli, Bappi Lahiri, Meet Bros","Manoj Muntashir, Anjaan, Kumaar",T-Series,3.5
4c36ccd8-a3f3-5c00-930a-5895a14faa1b,Nachi Ja,2017,"Hindi, Non Film",A.J. Singh,A.J. Singh,Zee Music Company,0.0
01fa57e3-2c90-5d3a-ac32-bb4ded0da9ac,Nacho Sari Raat,2017,"Hindi, Non Film",Kshitij Bhakoo,Saumya Chaudhary,Zee Music Company,0.0
cab74010-29d1-5694-8c66-d701da3da871,Naina,2017,"Hindi, Non Film",Rabbani Mustafa Khan,Arafat Mahmood,Times Music,0.0
4d613f45-8923-57eb-b08c-cdee4e52aad6,Naina (Cover Version),2017,"Hindi, Non Film",Pritam,Amitabh Bhattacharya,Zee Music Company,0.0
a881f48c-c645-5889-b09b-2500801ba2aa,Naina Re,2017,"Hindi, Non Film",Anupama Raag,Anupama Raag,Times Music,0.0
14f264ff-6c20-51a2-a54d-23c07c0337d2,Namkeen Girl,2017,"Hindi, Non Film",Samidh Mukherjee,Samidh Mukherjee,Worldwide Records,0.0
aab76e43-34c1-59b1-b134-a3fd3a0723f0,Nangi Asliyat,2017,"Hindi, Non Film",APS Rana,APS Rana,Zee Music Company,0.0
ff23d949-24d6-5854-aae9-21fc374accdf,Newton,2017,"Hindi, Film","Rachita Arora, Naren Chandavarkar, Benedict Taylor","Irshad Kamil, Varun Grover",Eros Music,3.0
c2a41343-2047-5fbd-9d82-e1bbefa6cfa9,Next Level,2017,"Hindi, Non Film",DJ Dee Arora,Sonny Ravan,T-Series,0.0
a3ebd523-810f-59db-abaa-b61fa3b42a67,Noor,2017,"Hindi, Film","Amaal Mallik, R.D. Burman, Badshah","Manoj Muntashir, Kumaar, Anand Bakshi, Badshah",T-Series,3.0
c917914a-bbd1-5a5c-8e23-8db2d0c82089,O Maa,2017,"Hindi, Non Film","Sambhav Jain, Rishabh","Rishabh, Sambhav Jain",Urban Records,0.0
e877612a-f060-5ce3-a1d9-95677bf665e7,OK Jaanu,2017,"Hindi, Film","A.R. Rahman, Badshah, Tanishk Bagchi, Traditional","Gulzar, Mehboob, Hard Kaur, Navneet Virk, ADK, Kaly, Traditional",Sony Music,3.0
37bf4334-2143-516e-9177-d4edff99766a,Om Jai Jagdish,2017,"Hindi, Non Film",Raghav Sachar,Traditional,Zee Music Company,0.0
aa8dad16-186c-5d31-826e-fc2b23d12f50,Over Hogaya,2017,"Hindi, Non Film",R.K. Crew,Simar Saini,Zee Music Company,0.0
4225621c-62d2-5f57-9578-5fe0e88ac251,Paas Aao,2017,"Hindi, Non Film",Amaal Mallik,Kumaar,T-Series,0.0
59bfad2b-2036-5b84-b729-2538bd26d88f,Paas Baitho Na,2017,"Hindi, Non Film",Altaaf Sayyed,Altaaf Sayyed,Zee Music Company,0.0
8b97cf95-7b29-52d7-b5bd-e95f9761599d,Pad Man,2017,"Hindi, Film",Amit Trivedi,Kausar Munir,Zee Music Company,3.5
e090b172-6a5d-5196-a867-e04182ad89ad,Pagal Ki Bachi,2017,"Hindi, Non Film",V.U. Vicky Uttreja,Yatin Arora,Zee Music Company,0.0
765f4b30-162f-5e27-9795-2b783bc66f47,Pagli Deewani,2017,"Hindi, Non Film",Ghungroo,R.R. Pankaj,Vee Gee Audio,0.0
61bc4136-57b3-556b-9a78-79b44eb9d0e2,Panchlait,2017,"Hindi, Film","Kalyan Sen Barat, Shankar - Jaikishan","Rakesh Kumar Tripathi, Raskhan, Hasrat Jaipuri",Zee Music Company,0.0
172cc330-be90-5b52-9516-37e3b4943916,Partition: 1947,2017,"Hindi, Film","A.R. Rahman, Traditional","Navneet Virk, Traditional",T-Series,0.0
8408c42c-e7bb-52c5-8ec0-05db8835e13a,Party Time,2017,"Hindi, Non Film",Manan,Abhi,Zee Music Company,0.0
1b59ae15-3332-5080-8369-d0767354e797,Patel Ki Punjabi Shaadi,2017,"Hindi, Film","Uttank Vora, Lalit Pandit, Traditional","Sanjay Chhel, Traditional",Zee Music Company,0.0
593f0e67-db28-5e42-9d84-2d628a6cebb1,Payal,2017,"Hindi, Non Film",Suchismita Das,Javed Akhtar,Times Music,0.0
89ca2337-9391-50b7-b29d-288b24eccbe1,Pehla Pyaar,2017,"Hindi, Non Film",Rahul Jain,"Vandana Khandewal, Rahul Jain",Zee Music Company,0.0
c34c798a-a057-539e-91fb-3502db8fbd43,Pehli Dafa,2017,"Hindi, Non Film",Shiraz Uppal,Shakeel Sohail,T-Series,0.0
68eb035e-4a36-5d22-b0b2-4033f18d4538,Pehli Dafaa,2017,"Hindi, Non Film",Sagar Gupta,"Sagar Gupta, Aisha",T-Series,3.0
76f09325-1a68-5f12-ac18-d3132bf6bac3,Phillauri,2017,"Hindi, Film","Shashwat Sachdev, Jasleen Royal","Anvita Dutt, Aditya Sharma - I, Neeraj Rajawat, Shellee",T-Series,3.0
ac161c45-931c-583f-9914-683631383af3,Phir Bhi Tumko Chaahungi (Aakanksha Version),2017,"Hindi, Non Film",Mithoon,Manoj Muntashir,Zee Music Company,0.0
de8892db-e1aa-5148-914e-c27f608cdd94,Phir Bhi Tumko Chaahungi (Jyotica Tangri Version),2017,"Hindi, Non Film",Mithoon,Manoj Muntashir,Zee Music Company,0.0
7b8924eb-3983-5201-b5f6-4086eea8b2aa,Phullu,2017,"Hindi, Film","Vickky Agarwal, Troy - Arif","Shaheen Iqbal, Raghav Dutt",Zee Music Company,0.0
3390f4c1-9a98-512a-be78-5070773d3777,Piya Saaware,2017,"Hindi, Non Film",Saket Singh,Sheetal Singh - I,Times,0.0
5c1fc83e-8929-577c-93f4-24fb185005e6,Pone 2,2017,"Hindi, Non Film",Vinay Vinayak,KD,Zee Music Company,0.0
dadadd6f-2520-5dc1-bca0-2af52e2977b0,Pool Party,2017,"Hindi, Non Film",Sunny Sahota,Sunny Sahota,T-Series,0.0
062668d7-992f-5cd2-98a7-daf2a57ac6b6,Poorna,2017,"Hindi, Film",Salim - Sulaiman,"Amitabh Bhattacharya, Wajid Ali Shah",Zee Music Company,0.0
96809876-6921-531f-a0cd-736dfd22df15,Pop The Bottle,2017,"Hindi, Non Film",Vishal - Shekhar,"Vishal Dadlani, Badshah",Sony Music,0.0
46d5f5ba-251c-58d9-9496-4089c5b62d55,Poster Boys,2017,"Hindi, Film","Daler Mehndi, Tanishk Bagchi, Rishi Rich, Sunai Marathe, Shreyas Iyengar, Sonny Ravan","Javed Akhtar, Shabbir Ahmed, Kumaar, Saurabh Pandey, Sonny Ravan",T-Series,0.0
e9a1d7fd-d9a8-503e-a4e8-0bd131d645b5,Power Peg,2017,"Hindi, Non Film",Sukh-E,Pardhaan,Times Music,0.0
52c51a96-3682-51a9-9a0d-29c8f55c7167,Pyaar Hota Ja Raha Hain,2017,"Hindi, Non Film",Altaaf Sayyed,Altaaf Sayyed,T-Series,0.0
7b1b0a94-c880-5c7c-833c-752f8584995b,Pyaar Ke Pal,2017,"Hindi, Non Film",Subhankar Debnath,Avishek Debnath,Amara Muzik,0.0
be0452c4-9de9-5bda-84bd-8ea2abc99c54,Pyaar Kya Shabd Hai,2017,"Hindi, Non Film",Parry G,Parry G,Zee Music Company,0.0
24ed8d4c-65d6-5300-9be4-61bb4e6ed614,Pyar Hee Pyar,2017,"Hindi, Non Film",Ram Sampath,Munna Dhiman,Omgrown Music,0.0
7106d60f-9daa-5308-8bc9-fe50fc963f07,Pyar Kiya Nahin Jaata,2017,"Hindi, Non Film","Laxmikant - Pyarelal, Jai - Parthiv",Anand Bakshi,Times Music,0.0
42b5d2b8-8e68-5c70-8b52-b8fb7c80cabc,Pyari Maa,2017,"Hindi, Non Film","Rohit Kumar Bobby, Bunty Sachdeva",Bunty Sachdeva,T-Series,0.0
c8242d97-9052-51e5-8da1-16ff48db9df8,Qaidi Band,2017,"Hindi, Film",Amit Trivedi,"Habib Faisal, Kausar Munir, Sidhant Mago, Peter Muxka Manuel",YRF Music,0.0
f920da6f-aad1-5ea2-86cf-a6f8ed4b7145,Qarib Qarib Singlle,2017,"Hindi, Film","Vishal Mishra, Rochak Kohli, Anu Malik","Raj Shekhar, Hussain Haidry, Varun Grover",Zee Music Company,0.0
bec5af83-fbed-5494-a491-cf92f8e1aab0,Queen,2017,"Hindi, Non Film",DJ Sheizwood,Kunwar Juneja,T-Series,0.0
1200dc79-2a5e-5d34-abd4-a6ea61a81f53,Raabta,2017,"Hindi, Film","JAM8, Pritam, Sohrabuddin, Meet Bros","Amitabh Bhattacharya, Irshad Kamil, Kumaar, Jitendra Raghuvanshi",T-Series,3.5
4e98b20f-a887-5d5d-864b-c1418c5ad1c4,Raag Desh,2017,"Hindi, Film","Rana Mazumder, Ram Singh Thakuri, Siddharth Pandit","Sandeep Nath, Vanshidhar Shukla, Rana Mazumder, Revant Shergill",T-Series,0.0
c5c66ac7-3520-5057-9631-8b98d54ae902,Raahein Tere Bina,2017,"Hindi, Non Film",Faryaad Singh,Siddharth Gautam,Zee Music Company,0.0
9c0335a5-ce31-5c04-84cd-33de14c71d14,Raastey,2017,"Hindi, Non Film",Vinayak Gupta,Vinayak Gupta,Vinayak Gupta,0.0
1a2a0f14-8aee-56d2-8450-4daf3bf496e7,Raat Abhi Baaki Hai,2017,"Hindi, Non Film",Shayadshah Shahebdin,Pratyush Prakash,Times Music,0.0
4c50ecc5-1c01-5600-a3b3-a8292b50c948,Raees,2017,"Hindi, Film","Kalyanji - Anandji, Ram Sampath, JAM8","Indeevar, Javed Akhtar, Amitabh Bhattacharya, Mayur Puri, Ram Sampath, Hiral Brahmbhatt, Manoj Yadav, Traditional",Zee Music Company,3.0
f3a20866-abf8-5282-83a4-b81475e9fe98,Rahen Na Rahen Hum,2017,"Hindi, Non Film",Vardan Singh,Sahil Sultanpuri,Zee Music Company,0.0
a66457bf-f8e7-5c56-bdba-97953dc28efb,Ranchi Diaries,2017,"Hindi, Film","Nickk, Jeet Ganguly, Tony Kakkar, Bobby - Imran","Nickk, Manoj Muntashir, Tony Kakkar, Sattwik Mohanty",T-Series,3.0
d767ca2f-8b32-5ba6-b7a4-c162a3e5ed88,Rang De Chunariya,2017,"Hindi, Non Film",Tabun,"Meera Bai, Kailash Sharma - I",Shemaroo,0.0
be74f99f-64a2-595f-a498-96b94085eab0,Rang Rasiya,2017,"Hindi, Non Film","Yaman Shastri, Aki Rhythmic",Aki Rhythmic,T-Series,0.0
e60e781d-fa42-57bf-9a70-7c4b77271a96,Rangoon,2017,"Hindi, Film",Vishal Bhardwaj,"Gulzar, Lekha Washington",T-Series,3.0
eeabdd5d-3459-566d-aa46-db05ee52deec,Rangrejia,2017,"Hindi, Non Film",Harpreet Singh,Harpreet Singh,Strumm Entertainment,0.0
3cb95f2c-7529-53a1-b615-264b11a5da39,Rangreza,2017,"Hindi, Non Film",Sukumar Dutta,Rajesh Mishra - II,T-Series,0.0
80e17e0c-e38d-51d8-87d8-55ee086d8982,Real Guy,2017,"English, Non Film",Shrenik,Shrenik,Zee Music Company,0.0
12943dd9-f875-5cf4-a667-be77ee38261a,Reason To Love,2017,"Hindi, Non Film",Jay Vermani Oye Hoye,Panchhi Jalonvi,Zee Music Company,0.0
3d82179d-d070-58e8-aece-3e14b65a9cca,Relationshit,2017,"Hindi, Non Film",Karan Singh Arora,Gold,T-Series,0.0
d4699372-57d3-5078-92db-8be940beae52,Ribbon,2017,"Hindi, Film","Mikey McCleary, Sagar Desai","Dr. Sagar, Puneet Sharma",T-Series,0.0
daa8139f-0689-5635-9616-b36568eaf490,Rim Jhim,2017,"Hindi, Non Film",Vijoy Kashyap,Vijoy Kashyap,Venus,0.0
afe2f7e3-f097-5b48-a6e5-c5d137af001d,Romeo N Bullet,2017,"Hindi, Film","Gufy, Kashi - Richard","Shailendra Sharma, Shweta Raaj",Indian Records,0.0
7f285960-1cfd-53a4-9962-751823b5a64a,Rukh,2017,"Hindi, Film",Amit Trivedi,Sidhant Mago,Zee Music Company,0.0
947cddb6-9047-5085-ba1f-111d7208aad9,Rukhsat,2017,"Hindi, Non Film",Samarpit Golani,Kunal Verma,Zee Music Company,0.0
881cc09b-ea07-50c7-bc45-6700467f7f25,Running Shaadi,2017,"Hindi, Film","Abhishek - Akshay, Keegan Pinto, Anupam Roy, Anjana Ankur Singh, Sandeep Madhavan","Shellee, Manoj Yadav, Keegan Pinto, Sonal Sehgal, Tanveer Ghazi, Anas Ali Khan",Times,0.0
be89bf99-450d-5efc-b3fd-066dee190761,Saamne Aa,2017,"Hindi, Non Film",Siddharth Sharma - I,Reeta D. Gupta,Times Music,0.0
24b81ee9-aa8e-5e72-a177-5221c9e43054,Saankal,2017,"Hindi, Film","Nishant Kamal Vyas, Shivang Upadhyay","Ansh Vyas, Kailash Detha, Kusum Joshi - I",Worldwide Records,3.0
8b3e5484-997e-5e27-b4e7-2fdc677bbe12,Saathi Dhundh Liya,2017,"Hindi, Non Film",Farid Sabri Jaipuri,Asad Ajmeri,Venus,0.0
61078882-4d5f-59ac-ba31-302ddabadf46,Saavan,2017,"Hindi, Non Film",Jayant Danish Chhibber,Jayant Danish Chhibber,Zee Music Company,2.33
56971f75-ae01-562d-9cb0-b736e7c9c045,Sab Mazze Mein,2017,"Hindi, Non Film",Muhfaad,Muhfaad,Desi Music Factory,0.0
7c721c3d-d66a-5290-a5c1-fea89547d123,Sachin - A Billion Dreams,2017,"Hindi, Non Film",A.R. Rahman,"Irshad Kamil, Kaly",Times Music,0.0
29be12c6-8ee8-524c-a2fa-77b606757d33,Sagaa Boyfriend,2017,"Hindi, Non Film",Pramod Kumar - I,Kulgaurav Sheetal,Zee Music Company,0.0
d8bf7d31-8552-5a09-9dbe-d164626c72b6,Sajjana Re,2017,"Hindi, Non Film","Krishna Goutum, Shakti Vishwakarma",Litin Mitra,Zee Music Company,0.0
14abad89-63f3-59eb-9ee0-d73b4b08ac5d,Sajna Ve,2017,"Hindi, Non Film",Payal Dev,Rashmi Virag,Zee Music Company,0.0
d8154b89-7b6f-591a-a783-46e61f9e8563,Sakhi Kaise Ri,2017,"Hindi, Non Film","Debverna, Tony Mung Pi",Shruti Jakati,T-Series,0.0
10794fef-2be1-5746-967d-e0f3d4f3365f,Sallu Ki Shaadi,2017,"Hindi, Film","Prashant Singh, Manu Rajeev","Mohammad Israr Ansari, Manu Rajeev, Rajan Khera",T-Series,0.0
96a88ecb-efb2-5a23-bdb4-eac64edb69b3,Salute To My Hero,2017,"Hindi, Non Film",Sayed Ahmed,Azeem Malik,T-Series,0.0
24052374-c638-503f-b731-099292edad03,Sardi Ki Raat,2017,"Hindi, Non Film",Tony Kakkar,Tony Kakkar,Desi Music Factory,0.0
824edcdb-b1fe-57d1-a1a7-9839c3b1e491,Sargoshiyan,2017,"Hindi, Film",Aslam Surty,"Nawab Arzoo, Dr. Iqbal",T-Series,0.0
53587ab8-81e3-5675-a2ff-5a837cd7ed49,Sarkar 3,2017,"Hindi, Film","Ravi Shankar - I, Rohan - Vinayak","Rohit Teotia, Traditional, Sirasri, Mandar Cholkar",Eros Music,0.0
58038918-d7b9-5723-ae67-4d9b8809eb21,Saware,2017,"Hindi, Non Film",Anupama Raag,Anupama Raag,Times,0.0
74a00520-6c05-505a-8430-6fb08ca84db0,Screenshot,2017,"Hindi, Non Film",Devotees Insanos,"Sarkaar, Henry - I",Saga Music,0.0
f1c9d572-b8b9-5fad-9871-4bcc6925519b,Secret Superstar,2017,"Hindi, Film",Amit Trivedi,Kausar Munir,Zee Music Company,4.0
bd3b6cd8-483a-5a60-838a-334dee17a207,Selfie Virus,2017,"Hindi, Non Film",Tag,Tag,Venus,0.0
1d88256e-43b4-53a8-9df3-81276d501a27,Shaad,2017,"Hindi, Non Film",Parvaaz,Parvaaz,,0.0
8a871dd7-cdf1-5abe-8cee-aa019ebe4547,Shaadi Mein Zaroor Aana,2017,"Hindi, Film","Arko, JAM8, Raees Jamal Khan, Zain - Sam, Rashid Khan - II, Anand Raj Anand","Arko, Shakeel Azmi, Kumaar, Gaurav Krishna Bansal",Zee Music Company,0.0
3ba70a2f-c196-59fb-a2cb-09d16c2a063f,Shaame Suni Suni,2017,"Hindi, Non Film",Danish Khan,Bithikadas,T-Series,0.0
219db9fc-743d-5e90-84da-28e5a64b9ecb,Shab,2017,"Hindi, Film",Mithoon,"Mithoon, Amitabh S. Varma",Tips,3.0
87ce6eac-b708-5552-9036-0ae13b78d04a,Shameless,2017,"Hindi, Non Film","Girish Nakod, Nilesh Patel - I",Prajakta Koli,One Digital Entertainment,0.0
d0c11eaf-0b29-5301-a718-b78adfcc3ad6,Shareek-E-Hayaat Hai Tu,2017,"Hindi, Non Film","Amaan Noor, Anamta Kamal","Amaan Noor, Anamta Kamal",Zee Music Company,0.0
a5fb81cb-f484-568c-8e75-b42a1f758231,Sheitaan (Raaz-E-Sheitaan),2017,"Hindi, Film","Sheryaar Tiwana, Yawar Riaz, J. Ali","Sheryaar Tiwana, Sadaf Zia, Iqbal Azeem",Zee Music Company,0.0
2a31b255-f82a-572d-96a6-e8b880f3bfbc,Shubh Mangal Saavdhan,2017,"Hindi, Film",Tanishk - Vayu,Tanishk - Vayu,Eros Music,3.0
e0c5c3ea-fd47-5798-b9ec-0a896174ac9c,Shuruwat,2017,"Hindi, Non Film",DJ Harpz,Ikka Singh,T-Series,0.0
e990abcb-b2d5-5a7a-a736-01da4b3d681a,Side B,2017,"Hindi, Non Film",,,Ankur Tewari,3.0
5bb905c8-a140-5b46-acbf-6af3ba222e8c,Simran,2017,"Hindi, Film",Sachin - Jigar,"Vayu, Priya Saraiya",T-Series,3.0
d258159a-d501-565e-bf67-d27e69411b6b,Sniff,2017,"Hindi, Film",Mujtaba Aziz Naza,Amole Gupte,Eros Music,0.0
da909d61-a13f-50cc-bf43-ca2986f66768,Soch,2017,"Hindi, Non Film","Rishabh Sambhav Jain, Sarthak Nakul",Rishabh Sambhav Jain,Ampliify Times,0.0
e27a0e74-56cb-5f28-9ef4-2f7f5971a4be,Socha Nahi,2017,"Hindi, Non Film",Rahul Panchal,RA-HE,Sangeet Unplugged Records,0.0
ff00a1e1-66c4-5c37-abaa-5de312c4afe9,Soniye,2017,"Hindi, Non Film",Maz K,"Neel, Maz K",Zee Music Company,0.0
a6741eb9-14f3-55b1-893b-06c16d3c0e04,Sun Raha,2017,"Hindi, Non Film","Sunit Music, Ankit Tiwari","Sandeep Nath, Raxstar",T-Series,0.0
5d69425c-7e32-5385-97c2-bb80fc3fd571,Sun Re Sajna,2017,"Hindi, Non Film",Hriday Gattani,Hriday Gattani,DG Records,0.0
c3d4b8b5-6fd9-5941-9c16-9281da244137,Surilee,2017,"Hindi, Non Film",Shaan,Kunwar Juneja,Shaan,0.0
344f5e7c-26d9-589c-a7a0-ce7e0e0d8b81,Swachh Bharat,2017,"Hindi, Non Film",Baba Sehgal,Baba Sehgal,Baba Sehgal,0.0
6175b146-b3c0-5d8b-919c-b2114a73e877,Swag Mera,2017,"Hindi, Non Film",Abhinav Sharma - I,Shubham SMJ,Worldwide Records,0.0
93f97161-8040-5679-a757-144c79070f3f,Sweet Gal (Remix),2017,"Hindi, Non Film",Ullumanati,Gurprasad Singh,Zee Music Company,0.0
8e447a5c-a75f-5dcd-95a7-f8f99b8f4c16,Sweetiee Weds NRI,2017,"Hindi, Film","Jaidev Kumar, Palash Muchhal, Raaj Aashoo, Shah Jahan Ali, Arko","Shyam Bhatija, Devendra Kafir, Palak Muchhal, Shakeel Azmi, Banjara Rafi, Arko",T-Series,0.0
01f1b85c-4a71-572d-9e90-6ce97f8ccd65,T-Series Mixtape,2017,"Hindi, Non Film","Abhijit Vaghani, Pritam, Amaal Mallik, Vishal - Shekhar, Hanif Shaikh, Ankit Tiwari, Rochak Kohli, Anand Raj Anand, Anand - Milind, Chirantan Bhatt, Amaal Malik, A.R. Rahman, Shankar - Ehsaan - Loy, Ram Sampath, Guru Randhawa, Rajat Nagpal, Intense, Adnan Sami, Falak Shabir, Ayushmann Khurrana","Amitabh Bhattacharya, Kumaar, Hanif Shaikh, Irshad Kamil, Kausar Munir, Sandeep Nath, Manoj Muntashir, Traditional, Dev Kohli, Majrooh Sultanpuri, Junaid Wasi, Javed Akhtar, Rashmi Virag, Sanjeev Chaturvedi, Rajat Arora, Munna Dhiman, Guru Randhawa, Arjun, Prasoon Joshi, Sameer, Vishal Dadlani, Falak Shabir, Gautam Govind Sharma, Gurpreet Saini, Ayushmann Khurrana, Rochak Kohli",T-Series,0.0
9ddce5be-b834-500d-8842-606871fbc4a2,Talaash,2017,"Hindi, Non Film",Archita Bhattacharya,Jagdish Prakash,Ampliify Times,0.0
e4700b01-0c6e-5c4a-86c5-a38198764938,Taleem,2017,"Hindi, Non Film",Saurabh - Vaibhav,Ankit Pandey,T-Series,0.0
4c7ffd04-4a90-5f00-b058-be34e17cfbb1,Taron Ke Us Desh,2017,"Hindi, Non Film",Sumit Acharya,Sumit Acharya,T-Series,0.0
f6341a33-8adf-52b8-8867-fa4e311de38e,Tell Me You Love Me,2017,"Hindi, Non Film",Da Banotra,Da Banotra,Zee Music Company,0.0
920f7441-915f-5f15-ae60-fdd6d3aea8a1,Temple,2017,"Hindi, Non Film",Zack Knight,"Jasmin Walia, Zack Knight",T-Series,0.0
b3983e78-e09d-5e6e-b85b-87aca7340b60,Tera Hoke,2017,"Hindi, Non Film",Avijit Das,Avijit Das,Shemaroo,0.0
8709939e-c36d-5f49-820e-7412f371695c,Tera Intezaar,2017,"Hindi, Film",Raaj Aashoo,Shabbir Ahmed,T-Series,0.0
87239d56-cd51-5f6d-b77f-9aaa43cdf642,Tera Rang,2017,"Hindi, Non Film","Farhad Bhiwandiwala, Sid Paul",Farhad Bhiwandiwala,T-Series,0.0
ba486471-b187-54f0-b52d-df012227f66d,Tera Zikr,2017,"Hindi, Non Film",Darshan Raval,A.M. Turaz,Sony Music,0.0
8e55bc9c-9338-551b-b966-00ea1e549557,Tere Bina,2017,"Hindi, Non Film",Nanda Banerjee,Chitra Dudhoria,Times Music,0.0
9b852846-3e59-5021-b5a1-9e73b481e639,Tere Bina Need You Now,2017,"Hindi, Non Film","Rumman Chowdhury, Sajid - Wajid","Rumman Chowdhury, Ovi Rahman, Sameer",T-Series,0.0
18ac3eb2-734d-5320-8749-be4fbd0c9621,Tere Dar Par Sanam,2017,"Hindi, Non Film","Ankit Saraswat, Divyanshu, Anu Malik",Qateel Shifai,Tips,0.0
b2fb99ee-9748-5af2-9a85-6480cf431f74,Tere Jaane Se,2017,"Hindi, Non Film",Ankit Tiwari,Anurag Bhomiya,Zee Music Company,0.0
3bca79b5-a352-538f-a7eb-c6a929f13a75,Tere Liye,2017,"Hindi, Non Film",Mohit Pathak,"Mohit Pathak, Parth Banerji",Crescendo Music,0.0
3f8bd5a5-cc74-5dfd-a1ed-7b124600be74,Tere Liye Zindagi,2017,"Hindi, Non Film",Dipayan - Subhayan,Dipayan Roy,Amara Muzik,0.0
0a749d0f-72d2-5478-8a64-fcdd0dd1d114,Tere Pyaar Mein,2017,"Hindi, Non Film","Raj Jain, Anas Anwar",Anas Anwar,Zee Music Company,0.0
9c966b5b-e8d1-5b7d-9c9b-306fa57f232a,Tere Sang Yaara (Cover Version),2017,"Hindi, Non Film",Arko Pravo Mukherjee,Manoj Muntashir,Zee Music Company,0.0
f557e486-efea-52b1-af30-590eca35f4c2,Tere Sang Yaara (Zeeshan Version),2017,"Hindi, Non Film",Arko Pravo Mukherjee,Manoj Muntashir,Zee Music Company,0.0
2a07c457-8a72-5ea3-9a6b-2738053a3361,Teri Aankhon Ki Taraf Dekhte Hain,2017,"Hindi, Non Film",Farid Sabri Jaipuri,Abbas Dana,Venus,0.0
f5089f54-693d-53ac-b75f-e5bc7736675c,Teri Fizaon Ki,2017,"Hindi, Non Film",Ashish Mohanty,Shahan Ali,Zee Music Company,0.0
6ef4f224-9fd2-532b-b700-b53de81d0e40,Teri Khushboo,2017,"Hindi, Non Film",Osman Mir,Parvin Shakir,T-Series,0.0
011fa9ed-6386-5ca4-ae4f-30d43eab5ea7,Teri Meri Kahani Adhuri,2017,"Hindi, Non Film",Aditya Salankar,Aditya Salankar,T-Series,0.0
06713609-e529-5f9e-9c19-9e03f910aeb8,Teri Soch,2017,"Hindi, Non Film",Ayaz Sonu,Sam Ash,Zee Music Company,0.0
ce8866ae-de52-5e4e-8c15-ed2cd14dbf20,Teri Tanhaiyan,2017,"Hindi, Non Film",Himanshu Rawat,Danish Alfaaz,T-Series,0.0
55026a64-5921-51bb-a209-5d6185c563d1,Teri Wahi Main Hun,2017,"Hindi, Non Film",Ashish - Vijay,Avinash Kumar - I,Zee Music Company,0.0
acf90d65-c626-523f-ae2c-9827bf05f19c,Teri Yaad,2017,"Hindi, Non Film",Sankalp Srivastava,Manch Sharma,Songster,0.0
083cce07-c559-5d7f-9b2b-90b0b94d17bf,Terra Rosa,2017,"Hindi, Non Film","Terra Rosa Gypsies, Susmit Sen, Vineet Sharma - I, Bernie Marsden",Shellee,Zee Music Company,0.0
02c3146d-5290-5031-ae42-a10f90c0bf42,Thappad,2017,"Hindi, Non Film",Avijit Das,"Avijit Das, Jugal Kumar",Shemaroo,0.0
de4e2724-f867-5102-8a43-ba42113aeb10,The Dream Job,2017,"Hindi, Film","Kashi - Richard, Ronak Runwal, Aditya Virmani, Vishal Mishra",Mukesh Mishra,Global Music Company,0.0
31539ca2-aee0-5477-9fd3-d545acd0254e,The Final Exit,2017,"Hindi, Film","Amjad - Nadeem, Yashraj - Ajay, Aman Pant, Ankit Semal","Amjad - Nadeem, Yuvraj - Akanksha, Traditional, Abhishek Singh",Zee Music Company,0.0
771db062-27e3-5b67-b925-cb38844cd91d,The House Next Door,2017,"Hindi, Film",Girishh G.,"Shakeel Azmi, Siddharth, Vayu Shrivastava, Chen-Yu Maglin",T-Series,3.0
8292f7c7-2ced-5a2e-a298-11a40969509d,The Wishing Tree,2017,"Hindi, Film",Sandesh Shandilya,"Anil Pandey, Kausar Munir",Zee Music Company,0.0
9dfe59d8-cbbe-5f5d-a9d9-8ff92dede9e2,Thodi Thodi Si Manmaaniyan,2017,"Hindi, Film","Troy - Arif, Ajay Vas","Raghav Dutt, Prerna Sahetia",Zee Music Company,0.0
f4a1c8eb-77ef-566a-b359-bdc76c31d7d9,Thumka,2017,"Hindi, Non Film",G Deep,G Deep,Times Music,0.0
81f53d68-d953-5f91-bc87-c71c4f2e46e3,Tiger Zinda Hai,2017,"Hindi, Film",Vishal - Shekhar,"Irshad Kamil, Raftaar",YRF Music,3.0
70ffb33f-f550-5ead-a839-54d7e440ee9d,Toast With The Ghost,2017,"Hindi, Film","Siddharth Shrivastav, Komal Aran Atariya","Siddharth Shrivastav, Komal Aran Atariya, P.N. Srivastav",T-Series,0.0
41389f83-c133-55f0-ad1f-6b963ef70e2b,Toilet - Ek Prem Katha,2017,"Hindi, Film","Vickey Prasad, Manas - Shikhar, Sachet - Parampara",Siddharth - Garima,T-Series,3.5
cd9fdd26-7ff1-5779-9e0a-0bd87e18ec3d,Trapped,2017,"Hindi, Film",Alokananda Dasgupta,Rajeshwari Dasgupta,Zee Music Company,0.0
a497223a-ecc1-51ae-a0cf-aceb85c5e64e,Trip Abhi Baaki Hai,2017,"Hindi, Non Film",Shivi,Shivi,Zee Music Company,0.0
36b6fd2e-450f-5f9a-bbdf-5a0ec8844fa5,Tu Bana Ya Mita De,2017,"Hindi, Non Film",Santokh Singh,Harsh Badheka Masroor,Zee Music Company,0.0
8b04cb75-80ec-549e-91a6-3adf4a65c0ed,Tu Beautiful Hai,2017,"Hindi, Non Film",Siddhant Bhosle,Prashant Ingole,Zee Music Company,0.0
9e7e0650-7de2-5d78-a3a3-9c8545d906bf,Tu Chal Saath,2017,"Hindi, Non Film","Udit Sehgal, Siby Mathew, Roshan Roy",Udit Sehgal,Zee Music Company,0.0
b2f783e8-b73f-5cab-a69d-aa28fe9978df,Tu Hai Mera Sunday,2017,"Hindi, Film",Amartya Rahut,Milind Dhaimade,Zee Music Company,3.67
7874b697-256f-5446-a028-73cd19f179f6,Tu Hai Meri,2017,"Hindi, Non Film",Shayadshah Shahebdin,Pratyush Prakash,Times Music,0.0
e8ba9ef8-2360-5f44-9628-b88f0f317444,Tu Hi Tu,2017,"Hindi, Non Film",Jasmer Singh Wadhwa,Pradeep Sahil,Walnut Music & Entertainment,0.0
f780371b-d9ec-5a49-bffa-c18b033119eb,Tu Jo Kahe,2017,"Hindi, Non Film",Palash Muchhal,Palak Muchhal,T-Series,0.0
a7cb492e-6120-525b-87cf-3825490ea709,Tu Kahan,2017,"Hindi, Non Film","Shah Rule, Aron Levi","Shah Rule, Rahul B. Seth, Isheta Sarckar, Nasty Ninja",Zee Music Company,0.0
2f97c8c6-3c10-5028-bf87-3a527b703bf6,Tu Mera Ho Gaya,2017,"Hindi, Non Film",Shayadshah Shahebdin,Haider Najmi,Times Music,0.0
244e4c74-a579-5007-80b4-336827760f59,Tu Mil Gaya (Swipe It Right Yaar),2017,"Hindi, Non Film",Haroon - Gavin,Kunal Verma,Artist Aloud,0.0
e6392304-c870-57db-8b1d-82a9e8838726,Tu Pyar Ka Sagar Hai,2017,"Hindi, Non Film","Kavita Seth, Shankar - Jaikishan","Shailendra, Bharat Bhushan Pant",Saregama,0.0
65c67f48-5d1e-58f3-9213-48f7d87fb8eb,Tu Sukoon Hai Mera,2017,"Hindi, Non Film",Vipul Mittal,Vishu Sharma,Songster,3.0
87dd6e93-f4e7-57c9-90b5-a2f296f6d213,Tubelight,2017,"Hindi, Film",Pritam,"Amitabh Bhattacharya, Kausar Munir",Sony Music,3.5
d11d5c78-cf7f-5c50-afcf-7bf095128c51,Tujhe Palkon Pe Bithakar,2017,"Hindi, Non Film",Preethu Kunal,Preethu Kunal,SmartWay Movies,0.0
5a19954a-52ec-5fc0-96ec-fbc2e6f7160f,Tujhko Sochoon,2017,"Hindi, Non Film",Ayaz Ismail,Seema Saini,Zee Music Company,0.0
e4e08dd6-ffbf-5244-bab0-db01c276d17f,Tujhme Hi Mera Jahaan,2017,"Hindi, Non Film",Aslam Keyi,B.K. Samant,Times,3.0
a023eb7e-5e25-5f94-95c7-8352fb5e42e5,Tum Hardafa Ho,2017,"Hindi, Non Film",Ankit Tiwari,Abhendra Kumar Upadhyay,Times Music,0.0
a1dda6d8-9129-5977-a37e-1958f5160e38,Tum Jab Paas,2017,"Hindi, Non Film",Prateek Kuhad,Prateek Kuhad,Saavn,0.0
cb58c8cd-5bba-57a3-a93f-8a7adea0d939,Tum Na Aaye O Sanam,2017,"Hindi, Non Film",Tabun Sutradhar,Dev Kohli,Venus,0.0
51478f1f-40aa-51a1-a923-5e2b7880e065,Tum Se Pyar Hai,2017,"Hindi, Non Film",Javed Hussain - I,Kamal Ahmed Siddiqui,DRecords,0.0
e39af680-fcb0-586e-a6da-4518432da177,Tumhari Sulu,2017,"Hindi, Film","Guru Randhawa, Rajat Nagpal, Haji Springer, Aditya Dev, Laxmikant - Pyarelal, Tanishk Bagchi, Amartya Rahut, Santanu Ghatak","Guru Randhawa, Javed Akhtar, Vayu, Siddhant Kaushal, Santanu Ghatak",T-Series,3.0
63820361-5086-537d-bc42-a3e0b9d12c89,Urban Chhori,2017,"Hindi, Non Film",Jay Meet,Baba Honey,T-Series,0.0
98128624-f705-5be6-9494-b8571bd382bf,Urvashi Urvashi (Remix),2017,"Hindi, Non Film","A.R. Rahman, DJ Hassan",P.K. Mishra,Venus,0.0
a9a0c4f9-8a9d-5fb5-9846-f6a022998f6b,Vande Mataram,2017,"Hindi, Non Film","Vibhu Sharma, Sandeep Vishwakarma",Vibhu Sharma,T-Series,0.0
6df1b9e5-7867-5750-b405-e0422e50626c,Waada,2017,"Hindi, Non Film",Tony Kakkar,Tony Kakkar,Desi Music Factory,0.0
51c0c182-586f-5d5b-86f2-765353ce20ef,Waada Raha Sanam,2017,"Hindi, Non Film","Joy - Anjan, Jatin - Lalit","Budhaditya Mukherjee, Sameer",Venus,3.0
f91cf4c0-5539-5df4-96ac-add764f7a17c,Waada Raha Sanam (Reprised Version),2017,"Hindi, Non Film","Manan Bhardwaj, Jatin - Lalit","Manan Bhardwaj, Anwar Sagar",White Coffee Records,0.0
333c75a9-33f4-5fa6-aefa-3deab3eaedfa,Wada Jo Kiya,2017,"Hindi, Non Film",Ramji Gulati,Bipin Das,Zee Music Company,0.0
f39affc4-f40e-5a1d-9486-a0cd00721690,Wajood,2017,"Hindi, Non Film",Jitendra Vishwakarma,Kishan Paliwal,Zee Music Company,0.0
3916a857-b354-5e5c-959a-d53ac6078307,We Indians,2017,"Hindi, Non Film",Mohammed Danish,Traditional,T-Series,0.0
f1c5ee42-d57f-5c84-aef4-3b2ee81c1d74,Wedding Anniversary,2017,"Hindi, Film",Abhishek Ray,"Abhiruchi Chand, Manvendra",Zee Music Company,0.0
4a7ea21d-66d5-586b-a949-2eeb0bece50f,Woh Ladki Bahut Yaad Aati Hai - Unplugged,2017,"Hindi, Non Film","Siddharth Slathia, Nadeem - Shravan",Sameer,Venus,0.0
58bd7961-aa30-5eea-ac2d-900eecd1dd07,Wowtastic,2017,"Hindi, Non Film",Vijay Prakash Sharma,Vijay Prakash Sharma,T-Series,0.0
44c00ee7-f8f9-502c-9d0e-3066cc7714db,Yaad Jo Aaye Teri Baatein,2017,"Hindi, Non Film",Irfaan Ali Khan,"Irfaan Ali Khan, Ikraar Khan",Worldwide Records,0.0
2f3cf12e-ff80-56a4-acac-4670f29862f5,Yaadon Mein,2017,"Hindi, Non Film",Oye Sheraa,Kush,Zee Music Company,0.0
fd98c889-258d-5b22-8b19-5e34be506609,Yaari Ve,2017,"Hindi, Non Film",Meet Bros,Shabbir Ahmed,Times Music,0.0
53d783ef-cd0f-5f33-a1a6-c3329c9cb9b5,Yadvi - The Dignified Princess,2017,"English, Film",Anuj Garg,"Puneet Sharma, Nasir Faraaz",Times,0.0
7c4783e2-42cc-57cb-ba85-79fad3254c6a,Ye Hawayen,2017,"Hindi, Non Film",Vijoy Kashyap,Vijoy Kashyap,Venus,0.0
387cc00a-d68f-5ca7-aded-d14a18502a87,Ye Kaisa Nasha Hai,2017,"Hindi, Non Film",Manzar - Anurag,Neha Rathod,Manzar Muzik,0.0
2f9616ba-764e-5a0a-9ba3-fb19d75707fc,Yeh Dil Deewana,2017,"Hindi, Non Film","DJ GK, Nadeem - Shravan","Anand Bakshi, Traditional",Tips,0.0
e70ed28b-5104-57d6-8394-a3f1854d88c8,Yeh Hai India,2017,"Hindi, Film","Tapesh R. Panwar, Raja Hassan","Tapesh R. Panwar, Rajesh Manthan, Rafiq Sagar",DLB Music,0.0
b0666628-16ca-5cf2-b638-68e61625735a,Yeh Raat Bheegi Bheegi,2017,"Hindi, Non Film","Shankar - Jaikishan, Sanam",Shailendra,Saregama,0.0
05b15553-379d-5747-a2ab-9ebc6181809d,Yeh Zindagi,2017,"Hindi, Non Film",Tigerstyle,Amit Sumal,Zee Music Company,0.0
db643d73-d4cd-575d-9cd1-9b2fc850a52c,Younhi,2017,"Hindi, Non Film","Atif Aslam, Mekaal Hasan",Atif Aslam,T-Series,0.0
57d64752-a776-53b7-8cb1-06c582dd567f,Yunhi Tum Mujhse Baat Karti Ho,2017,"Hindi, Non Film","Kalyanji - Anandji, Jai - Parthiv",Indeevar,Times Music,3.5
4d0f0842-72f6-5547-ad0b-fd68a8517e5a,Zaalima,2017,"Hindi, Non Film",JAM8,Amitabh Bhattacharya,Zee Music Company,0.0
eb2d0286-aa17-53cf-a9cf-1ef212e8238d,Zamindaar,2017,"Hindi, Non Film",Rhythm Solutions,Fakira,T-Series,0.0
4cf24464-1d1c-5167-9145-000f8794b4f4,Zara Zara (Dream Version),2017,"Hindi, Non Film",Harris Jayaraj,Sameer,Saregama,0.0
5fe7a2bf-fd5e-542b-9110-9e22d2d8b7cc,Zariya,2017,"Hindi, Non Film",Vikram Montrose,Tulika Upadhyay,Zee Music Company,0.0
8034e266-40ed-5d02-a439-709f82aff255,Zimmedari (Kill The Rapist),2017,"Hindi, Non Film",Abhilekh Lal,Vikas Chauhan,Ampliify Times,0.0
df3f39ac-9c75-5463-be71-bdc00c4865bf,Zindagi Mujhe Pukare,2017,"Hindi, Non Film",Siddhant Mishra,Siddhant Mishra,Zee Music Company,0.0
0235bcb1-0876-59d7-a9e4-894adde1fbda,Zindagi Tujhse Kya Karen Shikvey,2017,"Hindi, Non Film",Raaj Aashoo,Murli Agarwal,Zee Music Company,0.0
2ac01d30-b419-5393-bb18-3558fbccc519,#Swagwalibride,2018,"Hindi, Non Film","Traditional, Akriti Kakar","Traditional, Manoj Yadav",Akriti Kakar,0.0
fa78881d-9901-55d3-8391-bdd63c410520,10-15 Minute Ke Liye,2018,"Hindi, Non Film",Vipin Heero,Vipin Heero,Sony Music,0.0
a893a7d8-36b2-5737-9ea3-9a0487793a83,102 Not Out,2018,"Hindi, Film","Salim - Sulaiman, Amitabh Bachchan, Hiral Brahmbhatt, S.D. Burman, Rohan - Vinayak","Hiral Brahmbhatt, Amitabh Bhattacharya, Saumya Joshi, Kaifi Azmi",Saregama,3.67
2db7d962-5ecd-5352-aa04-725078798ca2,2.0,2018,"Hindi, Film",A.R. Rahman,Abbas Tyrewala,Lyca Music,0.0
a4bdca7c-e740-54b3-b6b9-bb2cf41fc0f3,3 Storeys,2018,"Hindi, Film","Clinton Cerejo, Amjad - Nadeem","Puneet Krishna, Alaukik Rahi, Amjad - Nadeem, Shellee, Pushaan Mukherjee",Zee Music Company,3.5
74ee2d1a-b9df-5f0e-bb4f-76a8846e6296,360,2018,"Hindi, Non Film",Rossh,Rossh,Zee Music Company,0.0
e77a69c4-6f26-5348-9dc7-8e9463ce14c0,5 Weddings,2018,"English, Film","Vishal Mishra, Vibhas, Traditional, Viplove Rajdeo","Abhendra Kumar Upadhyay, Traditional",T-Series,3.0
24fcbc87-f412-5e95-8558-64b78287a387,706,2018,"Hindi, Film",Aniket Khandekar,Milind Gadhavi,Krup Music,3.0
4abcddf8-d763-5241-b977-a82c4c27cd95,9 O' Clock,2018,"Hindi, Non Film",Cherry Billa,Maharaj,Sony Music,0.0
fc11f9b1-2237-5065-b6ef-1cec727e5959,Aa Bhi Ja,2018,"Hindi, Non Film","Yaar Billa, Happy Beatz","Surixon, Yaar Billa, Raj - II",Eros Music,0.0
37d81f0f-96c6-5914-af28-4f6cacb45c55,Aahista Aahista,2018,"Hindi, Non Film",Sugat Dhanvijay,Sugat Dhanvijay,Zee Music Company,0.0
a0e38046-1f2b-57f9-9ffb-8c28344cd875,Aaj Tera Mera Saath Hai,2018,"Hindi, Non Film",Its Your Kunal,Mani Singh Ghurial,T-Series,0.0
e629fe09-b4dd-5423-b1c0-ccaa085773aa,Aaja Piya,2018,"Hindi, Non Film","R.D. Burman, Rishi Dutta",Majrooh Sultanpuri,Saregama,0.0
975c8c1b-9361-5697-a6fa-817e7522456d,Aaja Re,2018,"Hindi, Non Film","Rishi - Siddharth, Jatin Udasi",Jatin Udasi,Jatin Udasi,0.0
e33ff2f4-b5f6-55a7-8715-fcff4a98e5f9,Aankh Hai Bhari Bhari (Recreated Version),2018,"Hindi, Non Film","Aayush Jain, Jaydeep Hora, Nadeem - Shravan",Sameer,Venus,0.0
646ae91a-1b49-533b-b5f9-7157cf4d9379,Aankhen - The Last Breath Of Ishq,2018,"Hindi, Non Film",Dilawar Hussain,Imran Amin,Zee Music Company,0.0
ba41e417-6d86-5042-8ed8-8b1abb35d893,Aashiyana,2018,"Hindi, Non Film",AMC Aman,Minakshi Bharadwaj,T-Series,0.0
1db00222-29a5-56fa-8bd1-92ab256e9166,Aasmaan Ban Kar,2018,"Hindi, Non Film",Kabir - Athar,Kabir - Athar,Zee Music Company,0.0
9e612f51-2258-5b31-a7ce-80c644e7cdbd,Aatisha,2018,"Hindi, Non Film",Abhishek Ray,Syed Gulrez,Zee Music Company,0.0
7812684b-386c-5193-acff-39d7e184122e,Aaya Na Tu,2018,"Hindi, Non Film",Arjun Kanungo,Kunal Verma,Universal,0.0
f2856bb5-fa1c-55bb-b618-07a2df3bb4a8,Aaya Na Tu - Reprise,2018,"Hindi, Non Film",Arjun Kanungo,Kunal Verma,Universal,0.0
a994d9c8-ae14-5ff1-9e9d-bac3671b3414,Ae Watan,2018,"Hindi, Non Film","DJ Rulz, Aneesh Solomon",Dalman Abid,Zee Music Company,0.0
9e247973-69bc-57f9-8ce2-b8fd0701533e,Afsaane,2018,"Hindi, Non Film",Hariharan,Ameeta Parsuram 'Meeta',Times Music,0.0
cc07a052-0f86-5c22-bbb7-41f954808293,Agar Tu De Mujhe,2018,"Hindi, Non Film","TRC, Nehal Sharma",TRC,Zee Music Company,0.0
5628470f-37e1-58e1-bfc0-f2d513c486d3,Ahankar,2018,"Hindi, Non Film","Kairym, Sudeep - II",Abhishek Talented,Zee Music Company,0.0
9e5fcc4d-8969-5ef0-bffb-2cf8ee62a316,Ahida,2018,"Hindi, Non Film",Ravi Singhal,Ravi Singhal,Zee Music Company,0.0
93efe2f7-3f7b-58ec-bcfd-2a9311dfb444,Aiyaary,2018,"Hindi, Film","Rochak Kohli, Ankit Tiwari",Manoj Muntashir,Zee Music Company,3.33
41b0f25a-39fc-558a-b849-5056afc9a3f1,Aja Ve Mahiya,2018,"Hindi, Non Film",Shez Music,Parul M.,Zee Music Company,0.0
1a6e0c47-42b7-5524-8007-60edb3610589,Ajnabee,2018,"Hindi, Non Film",Anurag Saikia,Akarsh Khurana,Times Music,0.0
a486ad2c-c896-5d04-afdb-2ca3d4ded7d9,Akela,2018,"Hindi, Non Film",MojoJojo,MojoJojo,MojoJojo,0.0
3a6ce3aa-45be-525c-aefd-3de9767e53c8,Akele Hum Akele Tum (Recreated Version),2018,"Hindi, Non Film","Ruchir, Anu Malik","Ruchir, Majrooh Sultanpuri",Venus,0.0
f72f2945-e332-53a7-99e7-a463d76267b1,Akhiyaan Afeemi,2018,"Hindi, Non Film",Manan Bhardwaj,Manan Bhardwaj,Zee Music Company,0.0
092e79ef-1733-54d9-89c0-2b24aa8c8997,Albeliya,2018,"Hindi, Non Film",Viraal,Viraal,T-Series,0.0
cd9c2205-0e74-5c01-84ff-4fe470d83e06,Andhadhun,2018,"Hindi, Film","Amit Trivedi, Raftaar, Girish Nakod","Jaideep Sahni, Raftaar, Girish Nakod",Zee Music Company,3.5
bbe9e377-01f0-5471-93e0-dc26553548e2,Angrezi Mein Kehte Hain,2018,"Hindi, Film","Pravin Kunwar, Oni - Adil, Amir Khusro, Ranjan Sharma - I","Yogesh, Pratibha Tiku Sharma, Amir Khusro, Traditional, Pradip Sharma Khusro",Zee Music Company,3.0
dedd2130-3acc-59b2-9150-4de92213f3bb,Ankhiyaan Zaar Zaar,2018,"Hindi, Non Film","Dony Hazarika, Goldie Sohel",Goldie Sohel,Times Music,0.0
107efa5d-a130-5912-a7ed-066f5bf11b42,Apna Hind,2018,"Hindi, Non Film",Ravi Tripathi,Shekhar Astitwa,T-Series,0.0
37f717a3-35f3-5cd5-864a-fdadbae237d6,Aye Kaash Tu,2018,"Hindi, Non Film",Aanand Shandilyaa,Akanksha Tiwari,T-Series,0.0
83c15cb7-64f8-52cd-b379-bc8ea68e6dee,Aye Zindagi,2018,"Hindi, Non Film",Vishal Mishra,Rashmi Virag,Indie Music Label,0.0
90f7d0ff-3a15-5fb6-b31c-a9191fa2c5fd,Azaadi,2018,"Hindi, Non Film",Kabir - Athar,Kabir - Athar,Zee Music Company,0.0
73183c6e-d52d-546d-8d1f-7ebcf45dc883,Baa Baaa Black Sheep,2018,"Hindi, Film","Superbia, Abhijit Vaghani, Jaidev Kumar, Sajid - Wajid","Sunil Sirvaiya, Rajesh Manthan, Babbu Maan, Jalees Sherwani",T-Series,0.0
737825dd-01a5-5e87-8e39-7852b4380de1,Baadshah,2018,"Hindi, Non Film",Pratyul Joshi,Pratyul Joshi,T-Series,0.0
e104d2f5-e18f-5f97-973c-c7f8e564096f,Baaghi 2,2018,"Hindi, Film","Sandeep Shirodkar, Panjabi MC, Laxmikant - Pyarelal, Arko, Mithoon, Gourov - Roshin, Aman Hayer, Pranaay","Ginny Diwan, Channi Khannewala, Panjabi MC, Javed Akhtar, Arko, Sayeed Quadri, Kumaar, Satti Khokewalia",T-Series,3.5
221c1fa6-6b69-5dbb-8e25-775bdc5043f1,Baalam Ji,2018,"Hindi, Non Film",Salim - Sulaiman,Shraddha Pandit,Salim - Sulaiman,0.0
f588a587-e420-56a2-99a2-f320a5318920,Baarish Lete Aana,2018,"Hindi, Non Film",Sundeep Gosswami,Naveen Tyagi,Sony Music,0.0
fbe192e6-54ee-518a-a0de-2876363c7f19,Baarishein,2018,"Hindi, Non Film",Ankit Rajput,"Ankit Rajput, Rahul Kalsi",Zee Music Company,0.0
fccd7c39-0a5b-5299-9e74-1771bc726feb,Baaton Main Tera Zikr Hai,2018,"Hindi, Non Film","Yuwin Kapse, Raj Babar",Yuwin Kapse,Zee Music Company,0.0
3c4077ae-2a6a-580a-ad86-8f96abded739,Baazaar,2018,"Hindi, Film","Tanishk Bagchi, Yo Yo Honey Singh, Sohail Sen, Bilal Saeed, Kanika Kapoor","Shabbir Ahmed, Ikka, Yo Yo Honey Singh, Jamil Ahmed, Bilal Saeed",Junglee Music,3.0
29cdc062-0fd4-5f64-917b-1baf0547c27b,Badhaai Ho,2018,"Hindi, Film","Tanishk Bagchi, Rochak Kohli, JAM8, Sunny Bawra, Inder Bawra","Vayu, Mellow D, Kumaar",T-Series,0.0
be6efd1f-d13b-5029-8d80-73dad8153c57,Bam Bam Trance,2018,"Hindi, Non Film","Ginny Gold, Sunny Percussionist","Ginny Gold, S. Niel",Zee Music Company,0.0
28524721-bd63-591f-aa96-6902c07dee81,Bambai Nagariya,2018,"Hindi, Non Film",Vipin Heero,Vipin Heero,Sony Music,0.0
ecfddc6e-e300-5839-883a-420df338b47c,Ban Kar Hawa,2018,"Hindi, Non Film",Elvis Valentine,Gullu Banjara,Ultra,0.0
ad202f56-f1d8-537e-89e5-a26df04781a0,Bang Bang,2018,"Hindi, Non Film",Mista Baaz,Mista Baaz,Envy Worldwide,0.0
f637d737-6b62-56ba-9a11-a80511886c95,Banjaara Junoon,2018,"Hindi, Non Film",Raghav Sachar,Aditya Dhar,Raghav Sachar Music,0.0
5cbaa9ce-5fff-5d02-8f3c-0fc3a3daad7c,Banjaara Safar,2018,"Hindi, Non Film",Ayaan,Ayaan,T-Series,0.0
e5d176f7-a24b-5a23-9c77-2dc5683e5c8b,Barsaat Ki Raat,2018,"Hindi, Non Film",Vivek Mishraa,Vivek Mishraa,Zee Music Company,0.0
e1fba154-6744-565a-be3c-b6259eae949e,Barsaat Mein,2018,"Hindi, Non Film",Jeet Ganguly,Rashmi Virag,Zee Music Company,0.0
69843f28-7110-5375-9f5f-f8d741a4ee48,Batti Gul Meter Chalu,2018,"Hindi, Film","Anu Malik, Nusrat Fateh Ali Khan, Rochak Kohli, Sachet - Parampara","Siddharth - Garima, Nusrat Fateh Ali Khan, Manoj Muntashir",T-Series,0.0
02d72740-2420-51b5-9cf1-20fe4e4801a7,Be My Love,2018,"Hindi, Non Film",Desi Dreamers,Shrikant Trivedi,T-Series,0.0
06976265-c178-5778-984b-d2e825df33cb,Beeti Yaadein,2018,"Hindi, Non Film","Shariq Khan, Faheem",Shariq Khan,Red Ribbon,0.0
f7ce55bf-6023-5923-9c30-9745d1390d7f,Behka Zara Sa,2018,"Hindi, Non Film",Da Banotra,Da Banotra,Zee Music Company,0.0
5b52bf3d-d346-5516-a105-0935eef097dd,Bekarar Karke,2018,"Hindi, Non Film","Gaurav Dagaonkar, Hemant Kumar","Shakeel Badayuni, Kunwar Juneja",Saregama,3.0
971ec9f5-b1ed-5e35-b938-a5a93b018596,Besabar,2018,"Hindi, Non Film",Vikrant - Parijat,Leena Pathak,Zee Music Company,0.0
96035dfd-41f4-5f8b-98bd-fd53353902d6,Bewafa Yaad Mujhko Na Aa,2018,"Hindi, Non Film",Altaf Raja,Altaf Raja,Venus,0.0
331523e8-3f91-5c64-a782-5f1311561c4d,Beyond The Clouds,2018,"Hindi, Film",A.R. Rahman,MC Heam,KM Musiq,3.0
05eb09b0-ce62-55e5-9ba6-a9ada984d3b1,Bhaagte Raho,2018,"Hindi, Film",Hyperbol,"Siddharth Saxena, Salamat Ali Siddique, Hema Kumari - I",Zee Music Company,0.0
65c7fa07-70ee-5539-aadd-857dd6e728cf,Bhaiaji Superhit,2018,"Hindi, Film","Jeet Ganguly, Amjad - Nadeem, Raghav Sachar, Sanjeev - Darshan, Neeraj Pathak","Kumaar, Amjad - Nadeem, Shabbir Ahmed, Neeraj Pathak, Sanjeev Chaturvedi",Zee Music Company,0.0
924579e6-c8c4-5887-bfc7-91a1d56098e5,Bhavesh Joshi Superhero,2018,"Hindi, Film",Amit Trivedi,"Anurag Kashyap, Babu Haabi, Naezy, Amitabh Bhattacharya",Eros Music,3.0
3c3b1a1f-cac1-5d56-8f8c-8432f3294239,Bhool Hum Jayenge,2018,"Hindi, Non Film","Shobayy, Sumit KB","Shobayy, Sumit KB",Zee Music Company,0.0
63e36010-fc78-5490-a1de-e0a365be62ec,Bhool Na Paoge,2018,"Hindi, Non Film",Umesh Mishra,"Umesh Mishra, Asad Ajmeri",Zee Music Company,0.0
8e301600-22c9-5b7f-b342-3d9de7c9331e,Bichhua,2018,"Hindi, Non Film",Menka Bhatia,Menka Bhatia,Venus,0.0
29c8e974-aedd-5ca3-83fb-d05f063ac66f,Billu Ustaad,2018,"Hindi, Film",Shreerang Aras,"Sachin Nikam, Divyesh Mungra",Narayan Music,0.0
e68928cd-ec40-5a75-9f1e-66a49b6411a6,Bin Tere Sanam,2018,"Hindi, Non Film","Vikram Montrose, Jatin - Lalit","Majrooh Sultanpuri, Shekhar Astitwa",Venus,0.0
174ea546-d759-5b82-bf6f-557db74faa39,Bioscopewala,2018,"Hindi, Film",Sandesh Shandilya,Gulzar,Zee Music Company,3.0
69223a7a-c172-5625-8590-e639de03a38f,Bismillah,2018,"Hindi, Non Film",Rajdeep Chatterjee,Kumar Abhishek,Zee Music Company,0.0
7db2e267-3031-5fdf-8cd2-36bfa84daf86,Black Coffee,2018,"Hindi, Non Film",Baba Sehgal,Baba Sehgal,Baba Sehgal,0.0
96153814-cae1-59bb-b925-0d05928900fb,Blackmail,2018,"Hindi, Film","Badshah, Guru Randhawa, Preet Hundal, Amit Trivedi","Badshah, Guru Randhawa, Amitabh Bhattacharya, Divine, Dhaval Parab",T-Series,0.0
c6007d3f-68f7-5c22-9142-815c22979eaf,Bol Do,2018,"Hindi, Non Film",Ahsan Pervaiz Mehdi,Hassan Hayat Khan,T-Series,0.0
4a454e78-f3c0-51cf-8dd3-ce664306c52b,Bolo Na,2018,"Hindi, Non Film",Raj Mahajan,Yogesh Rawat,Moxx Music,0.0
10aca868-b790-553c-8791-ba58d9bb1428,Bombairiya,2018,"Hindi, Film","Arko, Amjad - Nadeem","Arko, Amjad - Nadeem, Michael E. Ward",Zee Music Company,0.0
cee67793-0d22-59ad-b0af-e3e49d9caaf7,Boyfriend,2018,"Hindi, Non Film",Muhfaad,DJ Prashant,Zee Music Company,0.0
155883bf-6826-555a-b834-3c0174d4c19b,Buzz,2018,"Hindi, Non Film",Badshah,Badshah,Sony Music,0.0
37d258b4-dc78-5c1c-abc7-3f27541c573b,Chahat Ya Nasha,2018,"Hindi, Film",Puneet Dixit,"Arun Sharma, Shivangi Shukla, Kafil Akhter Kafakh, Vaibhav Neekhra",Zee Music Company,0.0
80794e67-d2cc-587b-beee-e0b69148d083,Chahatein,2018,"Hindi, Non Film","Mayur Sharrma, Dharamvir Singh - I",Dharamvir Singh - I,Zee Music Company,0.0
542dc5d9-91b3-5d55-8015-a2e92f572298,Chal Jaa Bapu,2018,"Hindi, Film","Rahul Bhatt - I, Nishant Kamal Vyas, Shivang Upadhyay, Santokh Singh","Rahul Bhatt - I, Ansh Vyas, Santokh Singh",T-Series,0.0
ab326406-b056-5230-b7a2-7854e701c874,Chalo Chalo,2018,"Hindi, Non Film",Daboo Malik,Daboo Malik,T-Series,0.0
bafc44e9-3f51-5a41-aa51-9b14a2a0c160,Chalte Chalte,2018,"Hindi, Non Film","Jai - Parthiv, Ghulam Mohammed",Kaifi Azmi,Saregama,0.0
9635843c-ae62-5f72-a2d2-7e1d83a544b5,Chand Nikla,2018,"Hindi, Non Film","M.M. Kreem, Swaroop Khan","Anand Bakshi, Swaroop Khan",Saregama,0.0
0f0a51d9-49d0-50b2-9282-677ba3e94bee,Chandni Raat,2018,"Hindi, Non Film","Ramavtar Dayama, Rishikesh Soni, Mayank Sharma - I",Zeeshan Niyazi,DRecords,0.0
713c043c-2a09-54a6-91cf-e3f108778877,Cheater Mohan,2018,"Hindi, Non Film",Kanika Kapoor,Shabbir Ahmed,Universal,0.0
45576d7a-e6d9-53bc-9a98-8ab12559f53e,Chhupana Bhi Nahin Aata (Recreated Version),2018,"Hindi, Non Film","Siddharth Slathia, Anu Malik",Rani Malik,Venus,0.0
052f7758-f6a6-54fe-8818-e92c2a80ed93,Chupke Se,2018,"Hindi, Non Film",Piyush Shankar,Sangeeta Gupta,T-Series,0.0
07d12105-e256-5f2b-9410-0591014ef1a9,Chura Liya Reloaded,2018,"Hindi, Non Film","Ramji Gulati, R.D. Burman","Ramji Gulati, Majrooh Sultanpuri",Saregama,0.0
c373f0f7-8d0c-5b94-8024-197f5a995ba9,Clash Boy,2018,"Hindi, Non Film",Shobayy,"Addyboy, Shobayy",Zee Music Company,0.0
8df5f644-9e00-514a-b3a7-b9a3764da42f,Classy,2018,"Hindi, Non Film",Indeep Bakshi,Indeep Bakshi,Zee Music Company,0.0
5010cb74-3c18-51ad-8f89-8d33a8ccdd22,Commin'in,2018,"Hindi, Non Film",Rapsoulzzz,Rapsoulzzz,Zee Music Company,0.0
06ccb589-0f28-51c8-8c6a-fcedcba0b5b1,Daas Dev,2018,"Hindi, Film","Vipin Patwa, Arko, Sandesh Shandilya, Anupama Raag, Shamir Tandon","Dr. Sagar, Arko, Munir Niazi, Deepak Ramola, Faiz Ahmed Faiz, Gaurav Solanki, Bulleh Shah, Sameer Anjaan",Zee Music Company,3.0
facff54e-6c24-5d78-a077-1b83383c57a1,Daastaan,2018,"Hindi, Non Film",Yash Chauhan,Avinash Chouhan,Zee Music Company,0.0
5487ecb3-d07b-59c1-bbd2-0e1e422f3654,Dassehra,2018,"Hindi, Film","Vijay Verma, Siddhant Madhav",Rajesh Manthan,T-Series,0.0
c4b8a6cd-aa7c-5ffa-8b8e-c52b89a74489,Date To Remember,2018,"Hindi, Non Film",Indeep Bakshi,Indeep Bakshi,Zee Music Company,0.0
e4929a9b-44f1-5e4f-830a-3a9babeba316,Deewanapan,2018,"Hindi, Non Film",Deep Kalsi,"Deep Kalsi, Harjas",Zee Music Company,0.0
475bfef6-456f-52ec-9da4-0aa18039b78b,Dekha Tujhe To Nazre Fisal Gayee,2018,"Hindi, Non Film",Tabun,Dev Kohli,Venus,0.0
ffdfdb85-4134-5de0-b6b7-8898f7615faa,Deun Taak,2018,"Hindi, Non Film","Nitin Holkar, Anoint",Nitin Holkar,Times Music,0.0
a55fe5f6-68de-5728-b507-67a4d4bf3857,Dhadak,2018,"Hindi, Film",Ajay - Atul,Amitabh Bhattacharya,Zee Music Company,4.0
9734d2cb-68b9-598a-8e5b-86b37b5ee2d0,Dhadkane,2018,"Hindi, Non Film",Rahat Fateh Ali Khan,Javed Ali Khan,Rahat Fateh Ali Khan,0.0
2f52745a-92dc-5e96-8d16-f192a7e0719f,Dhanak Rang De,2018,"Hindi, Non Film",Maatibaani,Shraddha Singh,Qyuki,0.0
ea34f282-09b3-56b1-8090-478661b725bf,Dhappa,2018,"Hindi, Film",Vivek Bakshi,"Poonam Vishvakarma, Vivek Bakshi",T-Series,0.0
c65022e2-5b5b-56b1-bb5a-78ba5425b2af,Dil Chahiye,2018,"Hindi, Non Film",Tony Kakkar,Tony Kakkar,Desi Music Factory,0.0
a50abb4a-aaf6-58cc-b8d0-bfdc21f1ec32,Dil De Huzoora,2018,"Hindi, Non Film",Rahul Mishra,Kunal Verma,Universal,0.0
3e50267d-e7d9-5a9b-908f-1e66d42400a2,Dil Hai Kisi Ke Pyar Main,2018,"Hindi, Non Film",Jayshree Tarde,Jaya Nargis,DRecords,0.0
13926d83-c400-5b1f-a2b3-10466679882f,Dil Hi Dawa,2018,"Hindi, Non Film",Siddharth Parashar,Sushant Sudhakaran,Pehchan Music,0.0
0fab07af-fdd5-54f5-a08a-6da40da8f9f5,Dil Ibaadat,2018,"Hindi, Non Film",Gufy,Shailendra Sharma,T-Series,0.0
0ef8f333-798b-5f5b-aed3-4151d5fed120,Dil Juunglee,2018,"Hindi, Film","Guru Randhawa, Rajat Nagpal, Anand - Milind, Tanishk Bagchi, Sharib - Toshi, Abhishek Arora","Guru Randhawa, Majrooh Sultanpuri, Tanishk Bagchi, Vayu, Devendra Kafir, Abhiruchi Chand",Pooja Music,0.0
723abe16-ed29-5d76-ab48-1d410348e300,Dil Ke Sukoon,2018,"Hindi, Non Film",Asad Khan,Vijay Vijawat,Zee Music Company,0.0
a7c9ad52-e405-5057-85d1-5d6615765037,Dil Kehta Hai (Unplugged),2018,"Hindi, Non Film","Rahul Jain, Anu Malik",Majrooh Sultanpuri,Venus,0.0
8e0f6b8c-d14c-573b-8814-c223022b9ee8,Dil Ki Dhadkan Tu,2018,"Hindi, Non Film",SNP Yesen,Pratyush Prakash,Zee Music Company,0.0
60140df5-acd6-5d7d-8265-e6182a5b723d,Dil Se (Reprised Version),2018,"Hindi, Non Film","Siddharth Slathia, A.R. Rahman",Gulzar,Venus,0.0
71d9da24-78c8-5e4d-942b-8016f26f4d39,Dilbar,2018,"Hindi, Non Film",Durgesh Rajbhatt,Shahid Mallya,Zee Music Company,0.0
537a6abe-42f0-512c-bd6d-4da23ed6dce3,Dilko Tumse Pyar Hua,2018,"Hindi, Non Film","Siddharth Slathia, Harris Jayaraj",Sameer,Saregama,0.0
7a061d76-cc2a-5c6f-a3c1-28fd6aecdae4,Dirty Girl,2018,"Hindi, Non Film","Enbee, Ikka Singh",Ikka Singh,Zee Music Company,0.0
ba50e323-b93e-5d9e-a1cf-ac93048d3ea9,Dive In,2018,"Hindi, Non Film",Anjana Ankur Singh,"Sunidhi Gaur, Mans K",Zee Music Company,0.0
b32019aa-7b67-5c79-a79f-7da45778f12c,Diwali Song,2018,"Hindi, Non Film",Anurag - Abhishek,Anurag - Abhishek,Zee Music Company,0.0
3ea053ee-d07d-5578-b8d0-f4a3b034ede6,Do Din,2018,"Hindi, Non Film",Darshan Raval,Kunal Verma,Sony Music,0.0
97774ea8-d8bb-51f8-8a63-065a574e137f,Dope Ladka,2018,"Hindi, Non Film",Dr. Zeus,Ikka Singh,Times Music,0.0
c2d79bcc-face-5d45-b56d-469654612577,Dorr,2018,"Hindi, Non Film",Ravi Singhal,Gautam Govind Sharma,Zee Music Company,0.0
ca819673-0e06-551d-8ae2-7b7c3af75c82,Dost,2018,"Hindi, Non Film",Vipin Heero,Vipin Heero,Sony Music,0.0
19355797-903b-5ff1-9da0-23d4e857daff,Down Baby,2018,"Hindi, Non Film",Yash Wadali,Raman Kumar Jangwal,T-Series,0.0
364c660d-e9d6-5c1e-8c4c-7f27bbee0372,Ek Chanchal Shokh Haseena,2018,"Hindi, Non Film",Farid Sabri Jaipuri,Asad Ajmeri,Venus,0.0
0392f2d2-22e8-5ddc-bc69-3edba94ae3f3,Ek Jaam,2018,"Hindi, Non Film",Shikha - Mayank,Anjum Ludhianvi,Red Ribbon Music,0.0
6b0b5e3e-185a-5d0b-a8f8-d1eef7b705af,Ek Manjheera,2018,"Hindi, Non Film",Bharat - Hitarth,Bharat Menaria,Times Music,0.0
b9e98245-ea5e-5ac9-86d6-b473d21b2932,Ek Peg,2018,"Hindi, Non Film",Its Simer,K.J.,T-Series,0.0
85e09d29-ddce-5117-a57a-7796859b1614,Ek Pyar Ka Nagma Hai,2018,"Hindi, Non Film","Sanam, Laxmikant - Pyarelal",Santosh Anand,Saregama,0.0
78b1f032-fc2d-5519-b3fa-3030dba4b5c6,Ek Raat,2018,"Hindi, Non Film","Vilen, Shatak",Vilen,Vilen,0.0
b3f30b2b-6c02-54e6-9dc5-e51f87f6e345,Ek Tera Saya Ho,2018,"Hindi, Non Film","Faraz, Rumman, Abir",Abir,T-Series,0.0
fde4a903-3b0b-5b21-984c-ff48d354057f,Ekkees Tareekh Shubh Muhurat,2018,"Hindi, Film",Vickey Prasad,"Krishna Bharadwaj, Sujeet Gupta, Sandeep Rana",Zee Music Company,0.0
f3a47f66-d467-511e-bf01-cb72c0df0069,Faasle,2018,"Hindi, Non Film",Ankita Bramhe,Shaheen Iqbal,Zee Music Company,0.0
5335ef03-038c-5f04-8d67-99d17a5ada19,Falooda,2018,"Hindi, Film","Iti Shivam, Soumyadeep, Rohit Sinha, Asif Chandwani, Zakir Sadani","Alaukik Rahi, Salim Begana",Red Ribbon Music,0.0
885f8454-ffd9-5bad-b2d1-5f832244cc03,Falsafa,2018,"Hindi, Film",Sagar Bhatia,Sagar Bhatia,Zee Music Company,3.0
f3a07188-3c20-516c-8e71-37a099963c99,Fanney Khan,2018,"Hindi, Film","Tanishk Bagchi, Amit Trivedi, Shankar - Jaikishan","Irshad Kamil, Hasrat Jaipuri",T-Series,3.0
6a1d59c2-0a2d-5a94-892d-881978f19550,Game Paisa Ladki,2018,"Hindi, Film",Dev Sikdar,Sajan Agarwal,Zee Music Company,0.0
bc3af028-7851-5469-b50b-76555476901e,Gatak Le,2018,"Hindi, Non Film",AMC Aman,Minakshi Bharadwaj,T-Series,0.0
3f284044-575a-5e08-9e46-4f23631adb7d,Genius,2018,"Hindi, Film","Himesh Reshammiya, Monty Sharma","Kumaar, Manoj Muntashir, Shabbir Ahmed, Sunil Sirvaiya",Tips,3.0
75813154-8ddf-5486-a42f-d5231e2f11a6,Ghane Badra,2018,"Hindi, Non Film",Ram Sampath,Munna Dhiman,Omgrown Music,0.0
690b15a7-3398-5b51-9b23-2bf0443a3ddc,Ghar Se Nikalte Hi,2018,"Hindi, Non Film",Amaal Mallik,"Kunal Verma, Javed Akhtar",T-Series,0.0
7da6d729-e794-55a6-a092-0bca4ff54565,Gold,2018,"Hindi, Film","Arko, Sachin - Jigar, Tanishk Bagchi","Arko, Javed Akhtar, Vayu",Zee Music Company,3.0
b5dd11cb-bca2-5684-b118-e2e7c22f1927,Gudiya Rani,2018,"Hindi, Non Film",Udit Shandilya,Udit Shandilya,DRecords,0.0
250038b2-01b2-5c7c-bcc9-1857c4e26058,Gumshuda,2018,"Hindi, Non Film",Astitva The Band,"Salman Khan Niazi, Zaman Khan",T-Series,0.0
fff2a2a9-3810-59cf-b2a4-9079988923da,Gumsum Parinda,2018,"Hindi, Non Film",Sarthak Nakul,Piyush Joshi,Zee Music Company,0.0
df7dd9db-42c2-5fb7-947d-c1cd49aacade,Gupchup,2018,"Hindi, Non Film","Jaspreet Juneja, Keshav Kundal",Jaspreet Juneja,Zee Music Company,0.0
1cd74eae-53cc-5ca6-8170-3d6fd40bfaac,Gustakhiyan,2018,"Hindi, Non Film",Sabir Sultan Khan,Sabir Sultan Khan,Zee Music Company,0.0
003716fc-fede-5bae-a4ef-208ceffde0a2,Guzarish,2018,"Hindi, Non Film",Gaurav - Sandeep,Sandeep Jaiswal,Zee Music Company,0.0
f7a81473-09e2-518b-acb2-c2ecb0dd3996,Haalaat,2018,"Hindi, Non Film",Skip,Rashmeet Kaur,MuSlate,0.0
bdf453fe-d50d-56cc-89b8-bf52360b033b,Haare Haare - Hum To Dil Se Haare (Unplugged),2018,"Hindi, Non Film","Siddharth Slathia, Anu Malik",Sameer,Venus,0.0
8990c64d-61eb-588e-8cbd-4b8bbba52a7f,Halkaa,2018,"Hindi, Film",Shankar - Ehsaan - Loy,Protique Mojoomdar,Zee Music Company,0.0
b75b8b9b-1f4e-5a8a-ba31-1374346561cf,Halki Fulki Loriyaan,2018,"Hindi, Non Film",Digvijay Joshi,Samsher Singh,Zee Music Company,0.0
04f5d438-a613-5ca4-933b-2a847626755b,Happy Phirr Bhag Jayegi,2018,"Hindi, Film","Sohail Sen, O.P. Nayyar","Mudassar Aziz, Qamar Jalalabadi",Eros Music,0.0
53436fb6-c74d-5ba9-8092-2513934738c4,Harjai,2018,"Hindi, Non Film",Sachin Gupta,Sachin Gupta,T-Series,0.0
eac3c690-6d9e-53f0-9998-0fcd6eb13771,Hasil,2018,"Hindi, Non Film",Ram Kumar Mandal,Krishna Kumar Mandal,Moxx Music,0.0
c4c6c8c3-2909-5956-8d50-eaf380df11eb,Hate Story IV,2018,"Hindi, Film","Tanishq Bagchi, Himesh Reshammiya, Arko, Mithoon, Baman - Chand, Tony Kakkar","Manoj Muntashir, Sameer, Sanjay Gupta, Rashmi Virag, Shabbir Ahmed, Kumaar",T-Series,0.0
bb57ed85-38e6-5629-a7c3-dc94164fb39d,Hawa ke Paro Pe,2018,"Hindi, Non Film",Ricky Mishra,Aarti Sethi,Spiritual House Entertainment,0.0
f8f6abf4-84b1-5ab7-902c-871c88ffaa12,Heeriye,2018,"Hindi, Non Film","Nakash Aziz, Sargam Jassu",Sarim Momin,Indie Music Label,0.0
96bdad2a-3fd8-56e8-a435-989d21604a0b,Helicopter Eela,2018,"Hindi, Film","Amit Trivedi, Daniel B. George, Anu Malik, Raghav Sachar","Swanand Kirkire, Asma Nabeel, Shyam Anuragi",Saregama,0.0
5e979965-7de9-5af7-ab1f-4ffc9cb6bcd0,Hichki,2018,"Hindi, Film",Jasleen Royal,"Jaideep Sahni, Raj Shekhar, David Klyton, Neeraj Rajawat, Aditya Sharma - I",YRF Music,0.0
467dc98c-70c9-5e39-b7b6-f8de3ebdb775,Hidayat,2018,"Hindi, Non Film",Arun Shankar,Arun Shankar,Zee Music Company,0.0
7a5dce5f-2754-5ace-a63d-9912ef348a25,High Jack,2018,"Hindi, Film","Vibha Saraf, Nucleya, SlowCheeta, Shwetang Shankar, Anurag Saikia, Rajat Tiwari","Vibha Saraf, SlowCheeta, Akarsh Khurana",Zee Music Company,3.0
b073c17d-6f38-5dda-a082-6b0aee08329a,Hill View Villa,2018,"Hindi, Film",Sohrab A. Khan,"Krishna Bhardwaj, Prafulla Srivastava, Sohrab A. Khan, Prem Nisheeth",Red Ribbon Music,0.0
59a6d32e-3be2-5f00-88d5-c53e4369c36b,Hindi Bolney Mein Sharam Kaisi,2018,"Hindi, Non Film",Baba Sehgal,Baba Sehgal,Baba Sehgal,0.0
de9769d2-330b-5731-92ef-70e928fce31c,Hindustan,2018,"Hindi, Non Film",Rajdeep Chatterjee,Kumar Abhishek,Times Music,0.0
8e78982c-4cf6-5eca-bae2-8895f0767677,Holi,2018,"Hindi, Non Film",Vipin Heero,Vipin Heero,Sony Music,0.0
48161b72-64c6-591e-b2c7-432165d2189f,Hona Hi Na Tha,2018,"Hindi, Non Film",Kunal Pandit,Kunal Pandit,Times Music,0.0
73737298-e0bd-5a9b-8f71-3ec17bccd8ba,Hookah Hookah,2018,"Hindi, Non Film",Bloodline,"Jabz, Kamil",Desi Music Factory,0.0
c673d82c-5fc1-5792-9b56-5ac94703a794,Hotel Milan,2018,"Hindi, Film","Harshit Saxena, Amjad - Nadeem, Enbee, Ruchit H. Patel, Kashi - Richard","Kumaar, Amjad - Nadeem, Enbee, Dev Narayan, Sanjeev Chaturvedi",Zee Music Company,0.0
18998caf-37e1-5b83-9d60-ea3d0545d921,Hothon Mein Aisi Baat,2018,"Hindi, Non Film","S.D. Burman, Prasanna Suresh",Majrooh Sultanpuri,Saregama,0.0
09d2bc1d-b1a3-5a4b-beed-57a73c1eb1bb,Hulle Hullare,2018,"Hindi, Non Film","Gaurav Dev, Kartik Dev",Marshall Sehgal,Music & Sound,0.0
03982649-3f0f-582c-9097-786cd9fa11cb,Humnava Mere,2018,"Hindi, Non Film",Rocky - Shiv,Manoj Muntashir,T-Series,0.0
2de5aca9-a08e-56fc-bb1e-567a2af00822,Humse Na Poocho,2018,"Hindi, Non Film",Ashish - Vijay,Avinash Kumar - I,Times Music,0.0
6d3637fb-144f-5b84-821a-9a46aa3d0e67,Humshakal,2018,"Hindi, Non Film",Nikhita Gandhi,Shloke Lal,Nikhita Gandhi,0.0
f2304169-ad52-501e-9073-85e44e350034,If Its Love,2018,"Hindi, Non Film","Vijay Longani, Sumit Grover",Rhea Chopra,T-Series,0.0
f4583ea5-1276-56fb-b81d-0933d759193b,Interview,2018,"Hindi, Non Film",JSL,Ikka Singh,Fab Entertainment,0.0
f1c155ca-aa69-5ee8-90f7-fec41f2e34f0,Iqlota,2018,"Hindi, Non Film",DoubLe-S,DoubLe-S,D18 Production,0.0
2809f822-a36c-59fa-9906-58d79d4303bc,Is Raat Ko Jaane Na Do,2018,"Hindi, Non Film",Amjad - Nadeem,Amjad - Nadeem,Zee Music Company,0.0
b7e843b2-66b5-52e1-a171-bf7be4432d15,Ishq Akela,2018,"Hindi, Non Film",Pranshu Jha,"Aanchal Shrivastava, Anamika Mishra",Aanchal Shrivastava,0.0
2be01624-75e6-5230-8c84-4c7b309437e9,Ishq Ka Silsila,2018,"Hindi, Non Film",Kshitij Tarey,Pinky Poonawala,Strumm Entertainment,0.0
662d7dff-ccb4-5b9b-8c1d-e83d791dc2a1,Ishq Tera,2018,"Hindi, Film",Swapnil H. Digde,"Manoj Yadav, Amogh Balaji, Dinkar Shirke",Red Ribbon,3.0
e69b412c-68af-5438-90f9-d1449767c950,Ishq Wafa Hai,2018,"Hindi, Non Film","Muneer Hussein, Raj Ibrahim","Raj Ibrahim, Aman Sharif",Yellow Music,0.0
ab44c0d9-580a-5963-9d52-b0d2f24a4a03,Ishqeria,2018,"Hindi, Film","Rashid Khan - II, Papon, Wasim - Emraan","Rashid Khan - II, Protique Mojoomdar, Ajay Garg, Haider Najmi",T-Series,0.0
558fa868-88cd-5c08-9908-3f3e23f08095,It's Natural,2018,"Hindi, Non Film",Shaan,Shaan,Shaan,0.0
044ae694-3d90-59ff-be2e-6dbb1aeaba5a,Jaagi Ankhon Mein Tu Hi Tu,2018,"Hindi, Non Film",Bappa Lahiri,Syed Gulrez,Venus,0.0
b3c3da73-4ff9-5b43-a010-38292abeee76,Jaana Kahan,2018,"Hindi, Non Film",Dhrubo,Tripurari,Zee Music Company,0.0
0ceae01c-3c34-5f2e-ae7c-3ce0ce85ab2a,Jaane Bhi De,2018,"Hindi, Non Film",Siddharth Singhal,Siddharth Singhal,Paradigm Music,0.0
d8a195ae-ad76-5bfa-baa0-b9024b49eda2,Jaane Jaana,2018,"Hindi, Non Film",Vikram Bhandari,Vikram Bhandari,Zee Music Company,0.0
cad78bfe-8a65-5192-93d6-73ad9dd73a50,Jaane Kyun De Yaaron,2018,"Hindi, Film","Chand Sadhwani, Satya - I, Manik - I, Afsar - I, Deepak Agrawal, Sikander Kahlon","Vaishali Malviya, Prashant Ingole, Atique Allahabadi, Manik Batra, Deepak Agrawal, Sikander Kahlon",T-Series,3.0
830b2234-ffe7-5f57-a014-97a9b6cb3b95,Jaane Ye Kyun Kiya,2018,"Hindi, Non Film","Farhan Akhtar, Rochak Kohli",Farhan Akhtar,Zee Music Company,0.0
60a8176d-fcd1-55ae-b6bc-ed4c19f3dd8a,Jaanu Na,2018,"Hindi, Non Film",Gufy,Deepak Noor,Zee Music Company,0.0
cfa8aee4-06a3-546d-85a1-40c465ce5a90,Jab Jhumke,2018,"Hindi, Non Film",Devotees Insanos,Devotees Insanos,Zee Music Company,0.0
b3b8d0a2-d80c-569b-b38a-1792ddbc55cc,Jab Koi Baat,2018,"Hindi, Non Film","Rajesh Roshan, DJ Chetas",Indeevar,Venus,0.0
d9a4abf9-e993-5d38-acd5-5378bfd02026,Jab Koi Baat Bigad Jaye (Cover Version),2018,"Hindi, Non Film","Sagar Bhatia, Rajesh Roshan","Indeevar, Sagar Bhatia",Venus,0.0
a5343a0b-eb85-592f-9249-e330fdd01f65,Jack & Dil,2018,"Hindi, Film","Ramji Gulati, Arko Pravo Mukherjee, Arghya Banerjee","Bipin Das, Vayu, Arafat Mahmood, Ramji Gulati, Mack The Rapper",Zee Music Company,0.0
3af0ac80-70ed-5968-9677-6eba0324ed78,Jai Hind India,2018,"Hindi, Non Film",A.R. Rahman,Gulzar,Sony Music,0.0
fe270a9c-9129-5106-8678-7d3ff6ef4c18,Jalebi,2018,"Hindi, Film","Samuel Shetty, Akanksha Nandrekar, Javed - Mohsin, Jeet Ganguly, Tanishk Bagchi, Abhishek Mishra","Manoj Kumar Nath, Prashant Ingole, Kunal Verma, Rashmi Virag, Arafat Mahmood",Sony Music,3.0
a649ff1f-c567-51f4-9322-22ee27495159,Jee Raha Hun,2018,"Hindi, Non Film",Vikrant - Parijat,Atul Mishra,Zee Music Company,0.0
14d79ad6-28d6-5b5c-ad0c-9119aca72c89,Jeeta Tha Jiske Liye (Recreated Version),2018,"Hindi, Non Film","Siddharth Slathia, Nadeem - Shravan",Sameer,Venus,0.0
5b0e0505-4a58-57ff-b51e-34514d2e1607,Jeeya Mar Ke (Tu Mile Dil Khile),2018,"Hindi, Non Film","Parichay, M.M. Keeravani","Parichay, Yuvraj Goyal, Indeevar",Saregama,0.0
3b7a985f-e1b6-5b0c-8913-7d21f7379a74,Jeeye To Jeeye Kaise,2018,"Hindi, Non Film","Nadeem - Shravan, Vikram Montrose","Sameer, Shekhar Astitwa",Venus,0.0
21d08b36-b45d-54f2-aa59-cde52d7c2687,Jhooth Bolna Paap Hai,2018,"Hindi, Non Film",Ankit Tiwari,"Sahas Pareek, King Guru",Ankit Tiwari,0.0
8369e47a-4435-56fb-bba4-04f608d45c55,Jiya Na Jaye,2018,"Hindi, Non Film",Anmol Malik,Anmol Malik,Zee Music Company,0.0
f4802b62-f3a1-50b5-ab19-393a5bd65933,Jiye To Jiye Kaise - Recreated,2018,"Hindi, Non Film","Soham Naik, Nadeem - Shravan",Sameer,Venus,0.0
f324ea37-ca62-5559-854b-4ed9b664f24b,Jo Na Kaha Maine,2018,"Hindi, Non Film",Naash94,"Prashant Kumar - I, Nikhat Khan - I",Zee Music Company,0.0
33232bd1-ac12-545d-8a69-cce17e18a34b,Jo Tu Na Mila,2018,"Hindi, Non Film",Asim Azhar,Kunaal Verma,Universal,0.0
fc4b8345-db58-5674-9805-580a8037a541,Judaa,2018,"Hindi, Non Film",Jitendra Vishwakarma,Jitendra Vishwakarma,Worldwide Records,0.0
d2707106-3f5a-5490-89e3-ddeb8e240c62,Junoon,2018,"Hindi, Non Film",Kunaal - II,Satinder Sanjay Matharoo,T-Series,0.0
e1964611-fff9-5af0-9b08-ac4979d1a157,KGF Chapter 1,2018,"Hindi, Film","Ravi Basrur, Kalyanji - Anandji, Tanishk Bagchi","Nagendra Prasad, Anand Bakshi, Rashmi Virag, Mohamed Aslam",T-Series,0.0
5f2f140a-9c28-54dc-bded-7cf2c216bbf1,Kaala Karikaalan,2018,"Hindi, Film",Santhosh Narayanan,"Dopeadelicz, Varun Grover, Kumaar, Rakesh Kumar Tripathi, Roshan Jamrock",Divo TV,0.0
df7db7f4-1f0d-58b2-a729-e96e7cd7fdd3,Kaali Kaali Aankhein,2018,"Hindi, Non Film",Sandip Kumar Roy,Sandip Kumar Roy,T-Series,0.0
14c7d490-11fd-5c1e-8ac1-8534c877373d,Kaash Aisa Ho,2018,"Hindi, Non Film",Siddharth Parashar,Amit Lakhani,Zee Music Company,0.0
e1a2476f-9fa3-525e-bb9c-6392a9527da8,Kaashi: In Search Of Ganga,2018,"Hindi, Film","Vipin Patwa, Raaj Aashoo, BH Music Cafe, DJ Emenes","Shabbir Ahmed, Abhendra Kumar Upadhyay",Zee Music Company,0.0
d257104b-fe6b-58a1-919f-26ccc79b6a84,Kab Se,2018,"Hindi, Non Film",Asad Chohan,Saifoo,Malwa Records,0.0
8de63ae8-081b-5294-bc8e-86af390149a3,Kabhi Kabhi,2018,"Hindi, Non Film","Akbar Sami, DR Nams, Khayyam","Sahir Ludhianvi, Pahwa",Saregama,0.0
db2f47cd-d7ea-5913-9e58-34bfdddf87dc,Kabhi Neem Neem (Recreated Version),2018,"Hindi, Non Film","A.R. Rahman, Sahiljeet Singh, Prince Mulla",Mehboob Kotwal,Venus,0.0
c9722535-edd4-5e6d-9eb9-7b394dc349b4,Kaho Na,2018,"Hindi, Non Film",Raman Kakkar,Piyali Das,Venus,0.0
6a47ae3c-0d1d-5595-9a5f-3845b5efb5b9,Kaise Matware Piya,2018,"Hindi, Non Film",Shameek Kundu,Sheetal Gupta,MuSlate,0.0
99578105-4e05-5a4e-8c00-f172d45454b0,Kal Aao Bhoolna Na,2018,"Hindi, Non Film","Baba Sehgal, Camila Cabello",Baba Sehgal,Baba Sehgal,0.0
cd088220-82a9-50dd-bb47-a9cf72550648,Kalesh,2018,"Hindi, Non Film",Music MG,Milind Gaba,T-Series,0.0
bec7d37c-e88a-5ab6-a17d-099245850f05,Kali Kali,2018,"Hindi, Non Film",Satish Dehra,Ram Singh Meena,Zee Music Company,0.0
b8711260-ec9a-5d7e-a820-65a8e0752e26,Kalol,2018,"Hindi, Non Film",Ikka Singh,Ikka Singh,Zee Music Company,0.0
5816ac4d-eba8-5a5d-9654-adcd379e94f3,Kamjoriyan,2018,"Hindi, Non Film",Sachet - Parampara,Sachet - Parampara,Sachet Tandon,0.0
e56dbf4b-03d7-53de-9428-c2b7f394580a,Kanha Re,2018,"Hindi, Non Film","Traditional, Akshay Menon",Traditional,T-Series,0.0
9f21c585-4d63-55b3-b73d-b627f60eca36,Kar Do Karam,2018,"Hindi, Non Film",Gaurav - Sandeep,Sandeep Jaiswal,Zee Music Company,0.0
6a6e17ac-cbe3-594c-a9bc-3b7490f2f274,Kareja Kareja,2018,"Hindi, Non Film",Badshah,Badshah,Sony Music,0.0
8c9ed35e-cbea-5bfc-8f55-e19ece3f4a7b,Karim Mohammed,2018,"Hindi, Film",Balkrishan Sharma,"Jitendra Gupta, Shahid Anjum, Yateesh Aacharya",Zee Music Company,0.0
112bf9ed-e678-5cde-ba33-47f3deb847ac,Karwaan,2018,"Hindi, Film","Prateek Kuhad, Anurag Saikia, SlowCheeta, Shwetang Shankar, Imaad Shah","Prateek Kuhad, Akarsh Khurana, SlowCheeta, Imaad Shah",T-Series,4.0
618c3d0d-32b6-5f11-b789-7096ce73bbf0,Kash Maar,2018,"Hindi, Non Film",Ruchir Kulkarni,Mellow D,Zee Music Company,0.0
f449459d-cd57-5a8a-9bc4-6654d7aebb6d,Kashti Ke Musafir,2018,"Hindi, Non Film",Isha Mecala,Jyotindra Mishra,T-Series,0.0
0103a50b-4b46-5be4-a030-e8036cbe06a4,Kedarnath,2018,"Hindi, Film",Amit Trivedi,Amitabh Bhattacharya,Zee Music Company,3.0
193185ae-f655-5f6f-a20c-dc4a6b45272c,Keh Do Na,2018,"Hindi, Non Film",Rahul Vaidya RKV,Manoj Muntashir,Zee Music Company,0.0
09675e37-96dc-59dd-ba56-46bc7cc5f98e,Kehdo,2018,"Hindi, Non Film",Rishabh Srivastava,Rahul Tripathi,Zee Music Company,0.0
f08865fe-427f-5e69-b299-ff93f058a3f1,Khajoor Pe Atke,2018,"Hindi, Film",Bickram Ghosh,"Harsh Chhaya, Kumaar",Zee Music Company,0.0
c4e6c855-6905-5a89-9a76-003c246e9705,Khalish,2018,"Hindi, Non Film",Siddharth Rao,Siddharth Rao,T-Series,0.0
c06209c9-4c56-5131-b3fa-06d9530630ca,Khamiyaza,2018,"Hindi, Film","Sunjoy Bose, Imran Wasim, Jitendra Hansraj Javda","Diksha Jyoti, Arif Rampuri, Seema Saini, Jitendra Hansraj Javda",Zee Music Company,0.0
38ee5568-483d-5998-811e-039ca7b41cc3,Khamoshi,2018,"Hindi, Non Film","Zohan Sheikh, Samarth Janve",Zohan Sheikh,Zohan Sheikh,0.0
851b669c-e996-5660-99f2-f6e2161fc819,Khushfaimiyaan,2018,"Hindi, Non Film",Abhishek Ray,Manvendra,Zee Music Company,0.0
c7988166-892d-56a5-b994-5c4fe299dbe1,Khwaaish,2018,"Hindi, Non Film",Sajan Patel,Hemangi Sharma,Zee Music Company,0.0
41122cd3-8c3e-58cb-88cd-180c015623cb,Khwab Ho Tum,2018,"Hindi, Non Film","RJ Anmol, S.D. Burman",Majrooh Sultanpuri,Saregama,0.0
fb4b88de-f298-5b83-8efd-c308334e97eb,Khwab Sa,2018,"Hindi, Non Film",Adrita Jhinuk,Adrita Jhinuk,Shemaroo,0.0
648a443c-9669-57f3-889b-905b9b73a56c,Khwahishein,2018,"Hindi, Non Film","Jayant Sankla, Karan Wadhwa",Neha Tomar,T-Series,0.0
103dabaa-058b-5ee1-9669-430509e777a0,Kuch Nahi,2018,"Hindi, Non Film",Ajay Jaiswal,Shekhar Astitwa,Zee Music Company,0.0
2f4932f8-d49f-5734-adc1-30f4518fbe05,Kuch Nahi Theek Hay,2018,"Hindi, Non Film",Deep Jandu,Gangis Khan,Times Music,0.0
6e71f97b-cfd3-5e84-bf33-3be73647a4d4,Kuch Tum Bhi,2018,"Hindi, Non Film",Shreyas Puranik,Shreyas Puranik,Zee Music Company,0.0
f3ec8c0d-036d-50c7-ace4-b4457c1e8c5f,Kuchh Bheege Alfaaz,2018,"Hindi, Film","Jatin - Lalit, Anshuman Mukherjee",Majrooh Sultanpuri,Saregama,0.0
bcf36b6a-7859-5f1f-83e0-b251ab4f5235,Kutte Ki Dum,2018,"Hindi, Film",Sunil Patel,Sunil Patel,Zee Music Company,0.0
609dd73e-fb03-5b88-9e29-c6bc343d63b8,Kya Hua Tera Wada,2018,"Hindi, Non Film","DJ Sheizwood, R.D. Burman","Majrooh Sultanpuri, Sameer Anjaan",Saregama,0.0
b52780ba-8584-557f-b473-5ec0f72884a6,Kya Kahein,2018,"Hindi, Non Film",Jazim Sharma,Saaveri Verma,Times Music,0.0
deddc84b-2195-5a2a-b065-119149ab7b15,Kyun Dur Hai,2018,"Hindi, Non Film",Rupak Tiary,Jayanta Roy,Times Music,0.0
2df8f7a1-fc71-5648-af99-f7982f0707bc,Kyun Na Mere,2018,"Hindi, Non Film",Rishabh Srivastava,Laado Suwalka,Zee Music Company,0.0
77ba0736-5cb0-5788-bd23-d667e25ef849,Laal Bindi,2018,"Hindi, Non Film",Akull,Mellow D,Universal,0.0
e3b79fd4-01bf-5287-9ff0-5ed568ae6b49,Laal Rang Na Gulal,2018,"Hindi, Non Film",Sunil Choubey,Sunil Choubey,Venus,0.0
24b87e79-6eca-5672-b221-b12916b32a36,Lagade Aag,2018,"Hindi, Non Film",Tony Kakkar,Tony Kakkar,Desi Music Factory,0.0
31163e5a-e760-5530-8e8d-67eda9b50f2f,Laila Majnu,2018,"Hindi, Film","Niladri Kumar, Joi Barua, Alif","Irshad Kamil, Mehmood Gaami, Mohammad Muneem",Zee Music Company,4.33
7788c22d-04b8-5ae2-b319-0985f2db0dfb,Laila Tu,2018,"Hindi, Non Film",Shardul,Shardul,Zee Music Company,0.0
0b2bec68-16a9-5e2b-80eb-a8e1a0a2e685,Lakhon Mein Ek Aayega,2018,"Hindi, Non Film","Arya Sharma, Priyanka Singh - I",Yadav Raj,Venus,0.0
c505257a-d252-58e5-9a4c-6c08c55c442f,Lashtam Pashtam,2018,"Hindi, Film",Sanaa,Mehboob,Zee Music Company,0.0
924a6439-6048-52c5-8b11-046dd807f39e,Laut Aana Uss Jahaan Se,2018,"Hindi, Non Film",Shreyash Shandiliya,Shreyash Shandiliya,HS Musik Company,0.0
f4b430dd-9313-5f4a-a909-d446a492228e,Le Jaa Tu Kahin,2018,"Hindi, Non Film",Sufiyaan Bhatt,Sahil Fatehpuri,Times Music,0.0
aeefcbf8-032b-58b7-99a6-516984f166f6,Leja Re,2018,"Hindi, Non Film","Tanishk Bagchi, Sandesh Shandilya","Rashmi Virag, Irshad Kamil",T-Series,0.0
b76d0809-3c38-586f-bab8-be68bcddcb42,Lene Dey Ek Selfie,2018,"Hindi, Non Film",Saurab Chauhaan,Saurab Chauhaan,Saurab Chauhaan,0.0
36c553ba-e49a-536a-832b-a8123e9ffbfe,Let’s Get The Party Started,2018,"Hindi, Non Film",Parichay,"Parichay, Ace",Zee Music Company,0.0
32855038-7a25-55b1-89cc-b5f5f69977c9,Life Meri,2018,"Hindi, Non Film",Ashish Rawat,Ashish Rawat,Zee Music Company,0.0
05163c22-581b-558f-b8ff-82c0b973cadb,Little Boy,2018,"Hindi, Film","Abuzar, D. Chandu","Arafat Mahmood, MD",Zee Music Company,0.0
1613892a-8d43-5c72-a3d0-7830b08364e7,Lohe Ki Ye Naaginiyaa (The Symphony Of A Rail Journey),2018,"Hindi, Non Film",Indian Ocean,Swanand Kirkire,Zee Music Company,0.0
868b6920-8b45-566b-b841-283762110862,Love Per Square Foot,2018,"Hindi, Film",Sohail Sen,"Ace, Nasty Ninja, Diefferent, Anand Tiwari - I, Gopal Datt, Abhiruchi Chand, Jamil",Zee Music Company,0.0
7d5efc50-47b7-588d-8994-6968a0e61dc4,Love Song,2018,"Hindi, Non Film",G. Guri,Laddi Bhatti,Kytes Media,0.0
c33e4dfb-2eed-58b7-8a30-e95e3b207778,Lovely Accident,2018,"Hindi, Non Film",JAM8,Shloke Lal,Zee Music Company,0.0
5a638011-10de-5584-98d7-42c6b3bd5860,Loveyatri - A Journey Of Love,2018,"Hindi, Film","Lijo George, DJ Chetas, Tanishk Bagchi, JAM8","Darshan Raval, Tanishk Bagchi, Badshah, Manoj Muntashir, Shabbir Ahmed, Yo Yo Honey Singh, Hommie Dilliwala, Niren Bhatt",T-Series,3.75
f15d5f29-c814-5e9d-99d6-e87423d4be70,Lupt,2018,"Hindi, Film","Vicky - Hardik, Siddharth Parashar","Hardik Acharya, Sushant Sudhakaran",T-Series,0.0
9bd54324-a08f-5fab-be35-967ffca9cc49,Maa,2018,"Hindi, Non Film",Zikrr,Mohit Sharma,T-Series,0.0
7e04908d-4fea-54df-9c9c-1a23828b19a7,Maahi,2018,"Hindi, Non Film",MKSHFT,Shirin Anandita,Zee Music Company,0.0
7a7406c3-1b87-50e5-98ee-1c06a71fc87d,Maati ki Gudiya,2018,"Hindi, Non Film","Rashmeet Kaur, Nikhil Malhotra","Rashmeet Kaur, Nikhil Malhotra",MuSlate,0.0
be101a5b-55b8-55df-a9e8-a688b18bc1f3,Maayera,2018,"Hindi, Non Film","Raghav Mathur, Troy Samson",Akshay Shinde,Artist Originals,0.0
6431178a-faea-5e24-8216-d564f766758f,Magic In The Air,2018,"Hindi, Non Film",Aman Pant,Akashneel Dasgupta,T-Series,0.0
f82668be-ab45-59ed-918e-b45cbe884fb6,Mahiya Ve,2018,"Hindi, Non Film",Amit Sharad Trivedi,Dharmendra Ehsaas,Zee Music Company,0.0
f0b841cd-0436-5716-9b51-cd2f8f3a9766,Mai Bas Chahun Tujhe,2018,"Hindi, Non Film",Shivam Thakur,Shivam Thakur,D18 Production,0.0
73013025-5a57-56fd-a74a-9a21013ea48f,Mai Toh Ho Gai Re Sajna Teri,2018,"Hindi, Non Film",Natraj Dastidaar,Ibrahim Ashq,Zee Music Company,0.0
ebf09e09-e231-5e1a-bdc8-32ccae67dd7d,Main Chala,2018,"Hindi, Non Film",Mohit,Raghubar Yadav,Venus,0.0
26f5577b-e5f9-527d-8459-96303d9ac633,Main Dhoondhti Hoon,2018,"Hindi, Non Film",Kushal Bharatia,Santwana Bayaskar,Indian Talkie,0.0
a06e9e03-d33e-57c3-9655-c6a8de8ba4b7,Main Hoon... I Am,2018,"Hindi, Non Film","Palash Sen, Euphoria","Palash Sen, Deekshant Sehrawat",Euphoria,0.0
2e039b23-d1d6-546a-b81d-4c6a53379b5e,Main Ishq Hoon,2018,"Hindi, Non Film",Viju Shah,Ajay Singh Pundeer,Zee Music Company,0.0
5c0b6a21-aa5f-5ae1-a23d-4ff44ef43f14,Main Tanha Akela,2018,"Hindi, Non Film",Vzar,Sudhanshu Gautam,T-Series,0.0
d8d053d3-9c32-56e2-bd30-e750bead9b4c,Maine Peeli,2018,"Hindi, Non Film",Bilal Saeed,Bilal Saeed,Desi Music Factory,0.0
bb9f1a27-b82d-5c1d-8c47-e997e450064a,Majbooriyaan,2018,"Hindi, Non Film",Sundeep Gosswami,Naveen Tyagi,Sony Music,0.0
759c743c-cb8a-545c-8458-b33111b1cd8f,Makhna,2018,"Hindi, Non Film",Yo Yo Honey Singh,"Yo Yo Honey Singh, Singhsta, Hommie Dilliwala",T-Series,0.0
4d507089-4ddd-5435-bf64-c4a6e15a3d54,Manmarziyaan,2018,"Hindi, Film",Amit Trivedi,"Shellee, Prabh Deep",Eros Music,3.0
5f868d1e-f15a-5d17-9a36-d5bdd9d11645,Mann Ke Mankay,2018,"Hindi, Non Film",Rajeev V. Bhalla,Vayu,ERIK,0.0
177d4750-8885-5a6e-b57c-b4d45e24a697,Mann Ki Dor,2018,"Hindi, Non Film",Sundeep Gosswami,Naveen Tyagi,Sony Music,0.0
994539d4-66a1-563f-8e5f-53152513ed69,Mann Toh Kiya,2018,"Hindi, Non Film",Isheta Sarckar,Isheta Sarckar,Times Music,0.0
3549d627-fca6-581c-a801-9cc35b5bbe0a,Manto,2018,"Hindi, Film",Sneha Khanwalkar,"Dibakar Banerjee, Sneha Khanwalkar, Simaab Akbarabadi, Meeraji, Faiz Ahmed Faiz",Zee Music Company,3.0
7b8cc822-34f9-5798-80f4-8911ae6c5538,Marham,2018,"Hindi, Non Film",Sundeep Gosswami,Seema Nirankari,Indie Music Label,0.0
ea78820d-26ff-5f5b-a2c4-5051019eb9f1,Marudhar Express,2018,"Hindi, Film","Jeet Ganguly, Shamir Tandon","Manoj Muntashir, Rashmi Virag, Vishal Mishra - I, Sameer Anjaan",Zee Music Company,0.0
9fc6aa1f-7cd1-5711-b66f-a5b145c0b140,Mathe Pe Bindiya,2018,"Hindi, Non Film",Vaishnav Deva,Arun Bhairav,Venus,0.0
1bde1c6b-8e86-5672-a68e-9f3040f94fb8,Maula,2018,"Hindi, Non Film","Rishi Rich, Farhan Saeed, Yash Narvekar","Farhan Saeed, Shakeel - III",Universal,0.0
d5ebd9f5-e854-58f1-80cd-a8603b0b1f5f,Mausam,2018,"Hindi, Non Film","Faraz Shah Ali, Shehzad Roshan",Faraz Shah Ali,Zee Music Company,0.0
1956746e-9365-5305-9e61-848a465ead08,Mausam Ikrar Ke Do Pal Pyar Ke,2018,"Hindi, Film",Bappi Lahiri,Deepak Sneh,Zee Music Company,0.0
1e6a5e20-df76-5022-b2ae-2e74f1b77536,Meetha Meetha Dard,2018,"Hindi, Non Film",Sanjeev Srivastava,Shaheen Iqbal,Venus,0.0
5290dfd7-ad73-5f46-b9a2-999117dd7fd0,Meherbani Kar De Zara,2018,"Hindi, Non Film",Shaurya Khare,Shaurya Khare,Zee Music Company,0.0
7ae3dd2d-2340-50f0-9992-2c22dfc49b29,Mehfil Mehfil,2018,"Hindi, Non Film",Hari Om - II,Hari Om - II,T-Series,0.0
d5c863ce-e6cd-5ada-b640-b8c4421c4d9e,Mera Dil Bhi Kitna Pagal Hai (Recreated Version),2018,"Hindi, Non Film","Vicky - Hardik, Nadeem - Shravan",Sameer,Venus,0.0
be0bcf09-b792-553c-b157-3f7c53c805ac,Mera Jahaan,2018,"Hindi, Non Film",Chayan Chakraborty,Arnab Chakraborty,Shemaroo,0.0
ea650d41-d216-5ffd-b44c-e392dd70b90a,Meray Saathiya,2018,"Hindi, Non Film","Roxen Band, Mustafa Zahid",Mustafa Zahid,T-Series,0.0
fe7eae79-d284-527f-9859-f970ab0d63b1,Mere Desh Ki Zameen,2018,"Hindi, Non Film",Clinton Cerejo,Prasoon Joshi,Universal,0.0
36f117e5-ec2a-5f0a-849b-48414e64de81,Mere Khuda - Love Is God,2018,"Hindi, Non Film",Rajesh Sharma - II,Zaheer Anwar,T-Series,0.0
70f0d380-6769-5091-8dd9-034852cc8f5b,Mere Sapno Mein,2018,"Hindi, Non Film",DJ Volcanik,Biba Singh,Worldwide Records,0.0
3a072750-8740-5520-af85-550e321ff90e,Meri Aarzoo,2018,"Hindi, Non Film",Digvijay Joshi,Digvijay Joshi,Zee Music Company,0.0
49a87c9c-c770-57ec-8393-0baa72e58043,Meri Maa,2018,"Hindi, Non Film",Udit Shandilya,Udit Shandilya,DRecords,0.0
6b1b4a77-2b60-5332-823d-e7ef8436b3ff,Meri Nimmo,2018,"Hindi, Film","Krsna Solo, Mangesh Dhakde",Raj Shekhar,Eros Music,3.0
2646606d-007d-586c-b505-83eb9300e714,Meri Zindagi,2018,"Hindi, Non Film","Devotees Insanos, Hrehaan Rajput",Hrehaan Rajput,Zee Music Company,0.0
c1e84161-8a68-5c25-b725-fe34efe3fa81,Mila Jo Tu,2018,"Hindi, Non Film",Bharatt - Saurabh,Bharatt - Saurabh,Voila Digi,0.0
aedffc4f-a454-5b8b-8330-5744241a9162,Mitron,2018,"Hindi, Film","Yo Yo Honey Singh, Tanishq Bagchi, Lijo George, DJ Chetas, Sharib - Toshi, Vayu, Traditional, Sameeruddin, Abhishek Nailwal, Ghulam Mohammed, Tanishk Bagchi","Yo Yo Honey Singh, Hommie Dilliwala, Tanishq Bagchi, Kumaar, Kalim Sheikh, Vayu, Traditional, Abhishek Nailwal, Sameeruddin, Akshay Verma - I, Kaifi Azmi, Tanishk Bagchi",Sony Music,0.0
66df80af-9fa8-5198-a74e-97e4ccc0a2b0,Mohalla Assi,2018,"Hindi, Film",Amod Bhatt,Gulzar,Zee Music Company,0.0
197d2b8d-e193-528d-8bca-82d42d80eba2,Mood Shayrana,2018,"Hindi, Non Film",Aashish Das,Sahil Fatehpuri,T-Series,0.0
b9df7f74-7f58-58af-9116-5f2ae06c4eb0,More Saiyaan,2018,"Hindi, Non Film",Sumiran,Sumiran,Zee Music Company,0.0
699756e2-50da-5488-94eb-f0712bb898b5,Motto,2018,"Hindi, Non Film",Akshay Giri,"Akshay Giri, Lyrikal",Zee Music Company,0.0
1bb4f3c0-b39d-51c1-b9b7-c49b40896888,Mr. Perfect,2018,"Hindi, Non Film",Mack The Rapper,Mack The Rapper,Zee Music Company,0.0
364baa43-710e-5e2b-b4a3-d8e3e476705f,Mujh Mein Jo Tu Tha,2018,"Hindi, Non Film",Atif Ali,Irfan Mughal,T-Series,0.0
b368ff64-6ced-5758-88bb-c2b1cc3fe6e5,Mujh Mein Kahin,2018,"Hindi, Non Film","Mayur Sharrma, Dharamvir Singh - I","Dharamvir Singh - I, Manik Talwar",T-Series,0.0
cf5e6758-c905-538a-9910-4222c4000893,Mujhe Kaise Pata Na Chala,2018,"Hindi, Non Film",Meet Bros,Kumaar,MB Music,0.0
a04c3cf7-48c8-5d5c-9b81-c473e7f36c35,Mulk,2018,"Hindi, Film","Prasad Sashte, Anurag Saikia",Shakeel Azmi,Zee Music Company,0.0
a8857898-2911-5147-8b78-7137d476ef81,Mumbai River Anthem,2018,"Hindi, Non Film",Kaamod Subhash,Abhijit Joshi,T-Series,0.0
0fd192c8-3597-5870-9c86-76865ce4b7d6,Mumma,2018,"Hindi, Non Film","Jai - Parthiv, Kailash Kher","Kailash Kher, Rishabh Tiwari, Parthiv Shah",Times Music,0.0
6a7c49a9-c226-5a7d-83fe-6730c588ff96,Musafir,2018,"Hindi, Non Film",Kabir - Athar,Kabir Ahmed Khan,Zee Music Company,0.0
b8aff1f3-909a-5bcf-84e3-9db565cd048a,My Birthday Song,2018,"Hindi, Film","Rajeev V. Bhalla, Ajay Govind, Nitin Krishna Menon, Joi Barua, Pawan Rasaily","Akshay K. Saxena, Ajay Govind, Joi Barua",Kahwa Entertainment,3.0
9caa602f-a395-50e5-ac77-8adf8d1bc473,My Love,2018,"Hindi, Non Film","Altaaf Sayyed, Manny Verma",Jamil Ahmed,T-Series,0.0
39e17a5b-f3bd-51c9-bf72-7fde16f6b09d,Naa Samajh,2018,"Hindi, Non Film",Kunaal - Rangon,Kunaal Verma,Indie Music Label,0.0
6ee2ccfb-d4d0-5d2b-aa4b-1de20bddd392,Nachu Tere Pyaar Mein,2018,"Hindi, Non Film",Sanjeev Kenneth,Shaheen Iqbal,Venus,0.0
a9229e48-db43-5c56-92ae-c43f0e362be0,Naina,2018,"Hindi, Non Film",Rahul Mishra,Rahul Mishra,Universal,0.0
1e13ac66-f49f-5cca-bbeb-9a050d2f6f17,Naina Barse Kyun,2018,"Hindi, Non Film",Naresh - Anand,Anand B. Seshadri,Times Music,0.0
e0bf3260-08f8-578e-8f34-4d2e5d21d2cf,Naina Tere,2018,"Hindi, Non Film",Monty Sharma,Vivek Jaitly,Zee Music Company,0.0
e56d3f94-5dbf-58b0-9fb9-4ddfe0eadf23,Naina Tose Kahe,2018,"Hindi, Non Film",Ritu Johri,Richa Johri,Worldwide Records,0.0
70101a48-9d7b-5b50-ab51-5e939591c820,Namaste England,2018,"Hindi, Film","Mannan Shaah, Rishi Rich, Badshah","Javed Akhtar, Master Rakesh - I, Badshah",Sony Music,3.5
e04113f1-dae3-50d4-875d-855a82bf9307,Nanha Sa Tara,2018,"Hindi, Non Film",Abhishek Chapke,Dheeraj Kumar - I,Zee Music Company,0.0
c10f1992-13b9-59d8-acda-b34fa58c80b3,Nanu Ki Jaanu,2018,"Hindi, Film","Gunwant Sen, Sachin Gupta, Babli Haque, Meera - V, Sajid - Wajid","Abid Ali - II, Sachin Gupta, Sajid Qureshi, Sonu Saggu, Danish Sabri",T-Series,0.0
0ff0af89-6a1f-5bcf-9164-a5cbb8bb540f,Naseeba,2018,"Hindi, Non Film",Dushyant Kumar - I,Kishan Paliwal,Pehchan Music,0.0
b4b8b659-d3ee-5598-9758-f58932971e38,Nawabzaade,2018,"Hindi, Film","Guru Randhawa, Badshah, Gurinder Seagal, Nadeem - Shravan","Guru Randhawa, Badshah, Kunal Verma, Sandeep Nath, Kumaar, Sameer",T-Series,3.5
d9553213-c430-583c-a57b-e28c8628037f,Nazar Lag Jayegi,2018,"Hindi, Non Film",Music MG,"Milind Gaba, Ikraar Khan",T-Series,0.0
fdc2c04a-7497-5337-8009-471f4e0bf388,Nazar Na Lag Jaye,2018,"Hindi, Non Film","Laxmikant - Pyarelal, Javed Ali",Anand Bakshi,Saregama,0.0
96b1dcdf-16b0-54d1-aab2-51b3d0c15162,Neeraj Ke Geet,2018,"Hindi, Non Film",Ashok Kumar Prasad,Gopal Dass Neeraj,T-Series,0.0
5362b33d-c82e-5197-8db4-4162f7fc6482,Nirdosh,2018,"Hindi, Film","Liyakat Ajmeri, Harry Anand","Shakeel Azmi, Amit Khan",Zee Music Company,0.0
95eeb22b-8b01-5cbc-a317-be2767b826e1,Nostalgia,2018,"Hindi, Non Film",Ayush Vishwakarma,Ayush Vishwakarma,Zee Music Company,0.0
1d3aeb38-be6d-52be-bdbd-40cad6765365,Note Pe Chot At 8/11,2018,"Hindi, Film","Neeru Tochi Raina, Raul","Imran Ahmed Khan, Raul, Ravish, Usha T. Singh",Zee Music Company,3.5
7f2b8c55-41c5-5c07-bdae-6560c9554cf3,O Jaana,2018,"Hindi, Non Film",Sahir Ali Bagga,Asim Raza,Zee Music Company,0.0
6cdef6a5-46b8-53ef-bab7-edf70377efc0,O Lal Dupatte Wali,2018,"Hindi, Non Film","Samar Benipal, Pankaj Patel",Sushant Sudhakaran,Venus,0.0
60535e1d-7f0a-5c60-81ec-29f8ebb11f3f,O Maa,2018,"Hindi, Non Film",Bawa Gulzar,Abhipsha Deb,Zee Music Company,0.0
ced54f80-fe4f-532d-ad6a-7f00674c0405,O Meri Jaan,2018,"Hindi, Non Film",Siddharth Slathia,Siddharth Slathia,Voila Digi,0.0
e1d837f6-6d1a-581e-b4e5-35ab16a79433,O Yaara,2018,"Hindi, Non Film",Siddhant Kochar 'Parinda',"Siddhant Kochar 'Parinda', Ankit Tripathi",Zee Music Company,0.0
bb8c5907-cd37-55b4-9f8b-f6d7fbf983f7,October,2018,"Hindi, Film","Abhishek Arora, Shantanu Moitra, Anupam Roy","Abhiruchi Chand, Tanveer Ghazi, Swanand Kirkire",Zee Music Company,3.5
00b4528e-61a4-58a3-a015-57e37d8c7f8e,Oh Humsafar,2018,"Hindi, Non Film",Tony Kakkar,Manoj Muntashir,T-Series,0.0
1cf6985a-8986-5c80-9a0d-17de3d6016fd,One Do Three Chaar,2018,"Hindi, Non Film",Maadhyam,Maadhyam,Zee Music Company,0.0
4062282c-ef5b-5f87-a045-5f8c82ad8948,Onga Ponga Chonga,2018,"Hindi, Non Film",Muzik Amy,Pardhaan,Pardhaan,0.0
5f213154-1410-5fc6-9e45-f969ee50342b,Oonchi Udaan,2018,"Hindi, Non Film",Dev More,Dev More,Mitali Creations,0.0
40b4738f-0481-582a-9a83-080349c3d41f,PK Lele A Salesman,2018,"Hindi, Film",Nayab Ali,"Arvind Singh Sohal, Saani Aslam",Zee Music Company,0.0
2d49c87a-c0a8-5d49-bef6-3479cdd30f06,Padmaavat,2018,"Hindi, Film","Sanjay Leela Bhansali, Traditional","A.M. Turaz, Siddharth - Garima, Traditional, Swaroop Khan",T-Series,4.5
0011f3e7-eeff-5d1e-905b-0687b5e90098,Page 16,2018,"Hindi, Film",Asif Chandwani,Salim Begana,T-Series,0.0
2b4c0413-8eb0-58da-be28-76f71c332333,Pahari Cheeteh,2018,"Hindi, Non Film",Ney Hal,"Nick, Sun J",Khatarnaak Records,0.0
e4945a92-5c11-5a9e-97c9-55745fe39900,Pahli Dafaa,2018,"Hindi, Non Film",Rajkumar Sharma,Irshad Khan Sikandar,Zee Music Company,0.0
91913506-e81b-5b74-93e6-a7f4a4c0d5ad,Pakhi,2018,"Hindi, Film",Shivang Mathur,Shayra Apoorva,Zee Music Company,0.0
5372ee62-fc2e-5e94-a94f-f86926b3d884,Palkon Mein,2018,"Hindi, Non Film",Ashok Bhadra,Rajiv Dutta,Worldwide Records,0.0
1f8cf918-bbca-5781-9ada-05524c7f02b0,Paltan,2018,"Hindi, Film",Anu Malik,Javed Akhtar,Zee Music Company,0.0
e4f44e56-681e-5277-af8c-06fe845dc787,Pareshaan Parinda,2018,"Hindi, Film","Sher Azad, Johny Seth, Supernova, Tapeshvar Kalia","Ravinder Bhinder, S.K. Saahib, Tapeshvar Kalia",T-Series,0.0
6abd046f-2919-574a-b507-d330a3362d08,Pari,2018,"Hindi, Film",Anupam Roy,Anvita Dutt,Zee Music Company,3.5
f2c81c9a-f6e6-5491-847a-3217f088b595,Parmanu,2018,"Hindi, Film","Sachin - Jigar, Jeet Ganguly","Vayu, Rashmi Virag, Sachin Sanghvi, Kumar Vishwas",Zee Music Company,0.0
0c0ada20-ae92-5ffe-8da9-5cdc01242e3a,Party De,2018,"Hindi, Non Film",Jaymeet,Nambardar,T-Series,0.0
16c4d0a6-525c-5d47-b1fa-0d3aedf892ce,Party Full Night,2018,"Hindi, Non Film",Yash Wadali,,T-Series,0.0
0a80e2c1-7449-5ece-8926-862231a61255,Parvati Valley,2018,"Hindi, Non Film",Vikram Nagi,Dheeraj Pandey,Zee Music Company,0.0
7d83715e-6440-5d8a-97a7-d9e34ec54ff9,Pataakha,2018,"Hindi, Film",Vishal Bhardwaj,Gulzar,Zee Music Company,0.0
992d625c-0d01-5f51-9936-add847398ab5,Peena Hum To Na Chhodenge,2018,"Hindi, Non Film",Ajitesh - Neeraj,Ratnesh Ratan,Venus,0.0
92375fa0-b750-53f1-891e-bc5b4038ab2d,Pehli Baar Mile,2018,"Hindi, Non Film",Nadeem - Shravan,Faaiz Anwar,Venus,0.0
14652874-8b44-5c8b-abd9-6959b554f672,Pehli Baar Mile Hai - Recreated,2018,"Hindi, Non Film","Rahul Jain, Nadeem - Shravan",Sameer,Venus,0.0
ad676d3d-c509-51d4-94d5-6194a9e63891,Pehli Mulakaatein,2018,"Hindi, Non Film",Ved Sharma - I,Mudasseer Ahmed,Times Music,0.0
9f9343f8-9633-584f-9771-bd5819d435d4,Petta,2018,"Hindi, Film",Anirudh Ravichander,"Raqueeb Alam, Karthik Subbaraj",Sony Music,0.0
6de76dd4-61c1-5121-88dd-a77209c9b206,Phamous,2018,"Hindi, Film","Krsna Solo, Sundeep Gosswami, Surya Vishwakarma","Puneet Sharma, Naveen Tyagi",T-Series,0.0
d4ad5a01-b191-57e8-aeef-3eed8b8947e9,Phatte Tak Pee,2018,"Hindi, Non Film","Satya - I, Manik Batra, Afsar - I, Rossh","Manik Batra, Aslam Fatehpuri",Zee Music Company,0.0
a38d0aca-3062-5695-9ac4-29596dabc37d,Phir Sikandar,2018,"Hindi, Non Film",Hari Om - II,Hari Om - II,Moxx Music,0.0
ba873bdc-9e3e-5652-84a4-ad5224b2e623,Phir Wahin,2018,"Hindi, Non Film",Shakthisree Gopalan,"Shakthisree Gopalan, Nakash Aziz",Saai Media,0.0
90e5f32d-d415-5f3e-b745-7f91e360ceb5,Phone Call Karoni,2018,"Hindi, Non Film",Vijoy Kashyap,Hassan Jahangir,Venus,0.0
b581425a-a73a-5fe0-80b8-758fa27eaae7,Phool Ke Badle Patthar,2018,"Hindi, Non Film",Nikhil - Vinay,Maya Govind,Venus,0.0
7aa971b4-64fa-5c6c-9da2-88298b8a46d8,Pihu,2018,"Hindi, Film",Bapi - Tutul,Vinod Kapri,Jio Studios,0.0
8f1c0690-25d0-5cef-b6ab-8dc22a19f620,Piya Chal,2018,"Hindi, Non Film","Himanshu Thakur, Mrinal Bhattacharya",Mrinal Bhattacharya,ZerOne Productions,0.0
babf3178-df56-5b61-b54e-3a4b763024d2,Pyaar Wahi Hai Dil Jo Na Bhule,2018,"Hindi, Non Film",Sanjeev Srivastava,Shaheen Iqbal,Venus,0.0
aa7c7c69-5043-5733-9a3f-be5b8459a4a2,Qaafirana,2018,"Hindi, Non Film",Samar Monsoon,Samar Monsoon,Griebs Music,0.0
6a75746e-91e3-530e-9753-d2ed07e2c1f8,Qatl-E-Aam,2018,"Hindi, Non Film",Haji Springer,Haji Springer,Khatarnaak Records,0.0
59419c89-e1b5-5691-ba3c-0b590d27bd47,Raah Ka Teri Musafir Hoon,2018,"Hindi, Non Film",Asif Panjwani,Nadeem Ahmad,Zee Music Company,0.0
500ae455-ee43-528a-a9ce-51ab77161451,Raahat,2018,"Hindi, Non Film",Ashish - Vijay,Mahendra Parmer,T-Series,0.0
ca4833f7-a5eb-559d-a5d6-877658723210,Raahi,2018,"Hindi, Non Film",Shaskvir,Shaskvir,Zee Music Company,0.0
e811ecac-4f9e-5c18-9496-a73781302fd8,Raat Kamaal Hai,2018,"Hindi, Non Film",Guru Randhawa,Guru Randhawa,T-Series,0.0
0c80340d-2505-5071-abb6-84e406146148,Raat Pazeb Ki Jhankar Ne Sone Na Diya,2018,"Hindi, Non Film",Nikhil - Vinay,Maya Govind,Venus,0.0
4196f617-d814-5114-9f5d-1dc84c60edf4,Raazi,2018,"Hindi, Film",Shankar - Ehsaan - Loy,"Gulzar, Allama Iqbal",Zee Music Company,4.5
6df8c9cb-5b90-5b84-85d2-9c5cb1718434,Race 3,2018,"Hindi, Film","Meet Bros, Vishal Mishra, Pritam, JAM8, Vicky - Hardik, Jayanta Pathak, Shivai Vyas, Gurinder Seagal, Ali Jacko, Kiran Kamath","Kumaar, Salman Khan, Sameer, Shabbir Ahmed, Shloke Lal, Raja Kumari, Hardik Acharya, Ali Jacko, Shivai Vyas, Shanky, Kunal Verma, Rimi Nique, Gurinder Seagal",Tips,3.0
bc565088-3095-5f8d-afaf-d07a02b74d3a,Radhe Radhe Hari Hari Bol,2018,"Hindi, Non Film",Digvijay Joshi,,Zee Music Company,0.0
168f8a1e-59aa-520f-b437-8bbea4752df9,Rahguzar,2018,"Hindi, Non Film",Bhuvan Bam,Bhuvan Bam,BB Ki Vines,0.0
7ed68e65-5323-5052-b5d1-8cca76b9c66b,Rahi Na,2018,"Hindi, Non Film",Rishabh Srivastava,Laado Suwalka,Zee Music Company,0.0
3f3efb84-82a4-5eff-94af-5ff468e9a32c,Raid,2018,"Hindi, Film","Tanishq Bagchi, Nusrat Fateh Ali Khan, Amit Trivedi","Manoj Muntashir, Indraneel",T-Series,3.5
4fb1b90b-3ac1-5ec8-8641-4a368ac1192d,Raja Abroadiya,2018,"Hindi, Film","Traditional, Mukhtar Sahota, Jose Maria Cano, Jazim Sharma","Shammi Jalandhari, Yaadwinder Pamma, Davy Shawla",T-Series,0.0
cb2a30e8-17a5-5c36-99aa-50484a869a67,Rakha Meine Dil,2018,"Hindi, Non Film",Sudesh - Dhananjay,Karan Jadhav,Zee Music Company,0.0
a3fed93e-6408-5f38-a8a1-67aa209d645b,Rango Ka Atom Bomb,2018,"Hindi, Non Film","Sukhwinder Singh, Sanjay - Ambresh","Sukhwinder Singh, Ambresh Shroff",Zee Music Company,0.0
0ea68b36-993b-5839-b2a6-1189986363b2,Re Piya,2018,"Hindi, Non Film",Altaaf Sayyed,Altaaf Sayyed,Zee Music Company,0.0
2b35c8bd-8de2-58a0-933a-69d472bd7080,Ready To Move,2018,"Hindi, Non Film",Amaal Mallik,Kunal Verma,T-Series,0.0
c448c982-527c-5923-90b5-376c25f5d61f,Rim Jhim Barse Paani,2018,"Hindi, Non Film",Shri Viswanarayan,Shri Viswanarayan,T-Series,0.0
4c4e9fcc-c3e4-5361-b811-209fdb18fe9c,Rishta Bhai Bahen Ka Khaas Hai,2018,"Hindi, Non Film","Rohan Jain, Hardik Prasad","Rohan Jain, Neha Chowdhary, Shivam - II",Venus,0.0
cf4a4667-23b5-5675-afec-cfb6d69e81f6,Roeya,2018,"Hindi, Non Film",Dhruva,Dhruva,Dhruv Singh Kushwaha,0.0
a2259af4-f575-5fb3-8e7e-a3e95a2a5325,Rooh,2018,"Hindi, Non Film",Mista Baaz,Raj Ranjodh,T-Series,0.0
9379626f-130b-5185-8482-fd2181839be9,Roots,2018,"Hindi, Non Film","Raja Kumari, Divine, K-Major","Raja Kumari, Divine",Sony Music,0.0
9c888def-a0bc-55fd-b4c7-fbccf9d7d307,Ruk Ja Zaalim,2018,"Hindi, Non Film",Saleel Kulkarni,Sandeep Khare,Times Music,0.0
8e8fc783-04c0-558a-94cf-6bfd1e32dc4e,Ruk Jaana Nahin (O Raahi),2018,"Hindi, Non Film","Laxmikant - Pyarelal, Amber Das","Majrooh Sultanpuri, Prashantt Guptha",Saregama,0.0
17eb5510-7255-5fa0-9cb9-171d65c83853,Ruk Ruk,2018,"Hindi, Non Film","Lokesh Garg, Surajj",Lokesh Garg,T-Series,0.0
2aba1f64-3df6-5dde-af25-e5a39144b3c9,Ruswaiyaan,2018,"Hindi, Non Film",Aamir Ali,Sahil Fatehpuri,Zee Music Company,0.0
8364f500-b467-575b-8d88-8bb11e324ece,Saajan,2018,"Hindi, Non Film",Vinod Krishnan,Traditional,Times Music,0.0
e3e9a854-7940-5adf-becf-4a02e02e3f3b,Saajan (Unplugged),2018,"Hindi, Non Film","Manan Bhardwaj, Nadeem - Shravan",Sameer,Venus,0.0
80ac4a74-adbb-5510-b47a-3ff7bde6e085,Saansein Dhadkan,2018,"Hindi, Non Film",Ajay Singha,Pinky Poonawala,Zee Music Company,0.0
c4cade2d-d7ce-52ea-916b-6316a0cfa1da,Saason Ki Maala,2018,"Hindi, Non Film","Sharib - Toshi, Nusrat Fateh Ali Khan","Meera Bai, Amir Khusro",Artist Aloud,0.0
f2e673d8-0452-5eb5-b01d-a22a74b99446,Saathiya Tune Kya Kiya (Recreated),2018,"Hindi, Non Film","Mann Taneja, Anand - Milind",Majrooh Sultanpuri,Venus,0.0
8a1853ec-dc86-5d1b-8a1d-2d4e288b344b,Saaya,2018,"Hindi, Non Film",SnS,"SnS, Ashutosh Rishi",OSM Records,0.0
f69410d4-c014-5b94-9a5d-ac63d7eabfb3,Saaz,2018,"Hindi, Non Film",Sanjay - Ambresh,"Ambresh Shroff, Bharti Gupta",Zee Music Company,0.0
e3594380-6786-5c19-b065-8a6645883ca7,Sabki Nazron Se,2018,"Hindi, Non Film",Pradeep Ali,Rohit Kumar 'Meet',Zee Music Company,0.0
772d3f6c-4f89-5491-950e-817e696535ce,Safar,2018,"Hindi, Non Film",Bhuvan Bam,Bhuvan Bam,BB Ki Vines,0.0
404d041b-8e58-534a-834a-50c5c3b17ab3,Saheb Biwi Aur Gangster 3,2018,"Hindi, Film","Siddharth Pandit, Aanjan Bhattacharya, Madan Mohan, Rana Mazumder","Revant Shergill, Kumaar, Raja Mehdi Ali Khan, Sandeep Nath, Kausar Munir",Saregama,0.0
52d5bd08-82ee-5373-934a-a7511e432c86,Saiyaan,2018,"Hindi, Non Film",Sufiyaan Bhatt,"Nitin Bali, Manoj Santoshi",Zee Music Company,0.0
75df71fb-bacd-5b50-99ca-e3be1554aa28,Saiyaan Re,2018,"Hindi, Non Film",Jitendra Vishwakarma,Prabhu Chauhan,Zee Music Company,0.0
ce547645-2b63-57c1-b117-34846d1be28c,Salt Bridge,2018,"Hindi, Film","Abhijit Deonath, Rabindranath Tagore","Abhijit Deonath, Rabindranath Tagore",Zee Music Company,0.0
f183e968-29a2-5854-a7a3-a732b87c2dc3,Sama The Summer Love,2018,"Hindi, Non Film","Mika Singh, Prince Saheb, Kalyanji - Anandji","Hasrat Jaipuri, Gora Singh",Saregama,0.0
cd2c9cd4-b001-5e48-aa4d-db1eb71602b6,Sang Hoon Tere,2018,"Hindi, Non Film",Bhuvan Bam,Bhuvan Bam,BB Ki Vines,0.0
61dee94b-4506-5615-9178-725bd47bae1b,Sanju,2018,"Hindi, Film","Rohan - Rohan, Vikram Montrose, A.R. Rahman","Puneet Sharma, Shekhar Astitwa, Irshad Kamil, Abhijat Joshi, Rohan Gokhale",T-Series,0.0
fdc00b05-52ef-56ec-aebd-3cdfea130429,Sapne,2018,"Hindi, Non Film",MojoJojo,MojoJojo,MojoJojo,0.0
fbe611c6-48db-5412-9197-0719a9e3810a,Sapno Ke Kaise,2018,"Hindi, Non Film",Ajay Jaiswal,Shekhar Astitwa,Zee Music Company,0.0
bce6a4bf-91b9-536e-941c-fc1533cadfa9,Saqiya,2018,"Hindi, Non Film","Mika Singh, Zoheb Khan",Raman Jangwal,Music & Sound,0.0
3897a56d-20f0-5a18-a647-999429e11b5d,Sarfira,2018,"Hindi, Non Film",Sharat Sinha,Sanjay Mishra - I,Zee Music Company,0.0
7afa7f30-7465-516d-ae85-22cbdd539ae6,Satyameva Jayate,2018,"Hindi, Film","Tanishk Bagchi, Nadeem - Shravan, Rochak Kohli, Arko, Sajid - Wajid","Shabbir Ahmed, Ikka Singh, Sameer, Kumaar, Arko, Danish Sabri",T-Series,3.0
43c3af87-deeb-51f6-a8c3-9dafb2acc6a8,Sau Fikr,2018,"Hindi, Non Film",Rohit Singh - I,Shabbir Ahmed,T-Series,0.0
b6fb98a8-0e62-59be-a4d2-4ad7509d194f,Sau Martaba,2018,"Hindi, Non Film",Sukumar Dutta,Ravi Basnet,Pehchan Music,0.0
e4a3484f-be0d-5d2e-911e-2ba1c26836d5,Saugaat Teri,2018,"Hindi, Non Film",Vikram Singh,Dr. Sagar,Kanchan Cassettes & Series,0.0
0b872da9-6df4-5878-84e0-a83d5cb594ef,Seedha Saadha,2018,"Hindi, Non Film",Harry Cheema,Pardhaan,Desi Music Factory,0.0
a5244ac6-15de-59d3-8e97-1c89293f9367,Shaadi Teri Bajayenge Hum Band,2018,"Hindi, Film","Vickey Prasad, Jaymeet, Rupak Iyer, Raza Nadir, Money Sondh, Shobayy","Jung Sandhu, KayEss, Raza Nadir, Happy Randhawa",T-Series,0.0
dca1ac52-6966-592f-9f4e-6393dc736220,Shab Tum Ho,2018,"Hindi, Non Film",Darshan Raval,Sayeed Quadri,Sony Music,0.0
c234905f-3a06-51d6-a89c-eeb869f7bc66,Shanana,2018,"Hindi, Non Film",Vasuda Sharma,Vasuda Sharma,Zee Music Company,0.0
eb2238d0-2c97-545b-b892-a79f8ff6dc0a,Shivtrance,2018,"Hindi, Non Film",Enbee,Enbee,Zee Music Company,0.0
76c3c1fc-686c-5a1a-99df-748a418355c6,Shy Mora Saiyaan,2018,"Hindi, Non Film",Meet Bros,Shabbir Ahmed,MB Music,0.0
7a58700d-0bb3-5437-90dc-35ff34aea238,Shyam Piya,2018,"Hindi, Non Film","Ram Sampath, Traditional",Meera - IV,Omgrown Music,0.0
247d6e3a-d0fd-5b33-8ed6-24ea8c91c6ec,Simmba,2018,"Hindi, Film","Viju Shah, Tanishk Bagchi, Nusrat Fateh Ali Khan, Lijo George, DJ Chetas, S. Thaman","Anand Bakshi, Shabbir Ahmed, K.H. Pervez, Rashmi Virag, Kumaar",T-Series,3.67
950e8c35-4076-5e03-9dbb-d973135cbb79,Sixth Gear,2018,"Hindi, Non Film",Asad Ghori,Asad Ghori,Zee Music Company,0.0
f3092b38-e812-5c2e-abb1-4b262d41d2dc,Slow Wine,2018,"Hindi, Non Film",Salman Hasan,Salman Hasan,Zee Music Company,0.0
2b565dc3-c441-5e80-b35e-86a71ad228bd,So High,2018,"Hindi, Non Film",Priya - IV,Priya - IV,Zee Music Company,0.0
7fb1054f-3e0e-5d9b-947c-8269cdd15170,Sohna Pyar,2018,"Hindi, Non Film",Prit,Prit,T-Series,0.0
5f96e456-fac4-505b-97ad-98a45c692747,Soni Lagdi,2018,"Hindi, Non Film",Souvik Kabi,Saundarya Surbhi,Zee Music Company,0.0
e8bb78ce-5443-5099-b0f0-2c11c27fd9b4,Sonu Ke Titu Ki Sweety,2018,"Hindi, Film","Yo Yo Honey Singh, Anand Raj Anand, Amaal Mallik, Zack Knight, Guru Randhawa, Rajat Nagpal, Rochak Kohli, Saurabh - Vaibhav","Yo Yo Honey Singh, Singhsta, Oye Sheraa, Sham Balkar, Kumaar, Zack Knight, Guru Randhawa, Swapnil Tiwari",T-Series,3.5
6e13a75a-2491-53f7-96aa-b07a0148cb31,Soorma,2018,"Hindi, Film",Shankar - Ehsaan - Loy,Gulzar,Sony Music,3.5
954b1ec7-7818-5fe1-a8e9-4bfe3c82bf20,Sorry Hip Hop Mix,2018,"Hindi, Non Film","Mihir Joshi Band, Dhruvan Moorthy","Mihir Joshi, Nikit Holkar",Times Music,0.0
1c4f0fd4-6490-5fb9-8950-547fdabdec89,Spicy Habibi,2018,"Hindi, Non Film",Baba Sehgal,Baba Sehgal,Baba Sehgal,0.0
d7189546-f840-5bb6-9246-47358a8afaf1,Stay Open (Khullam Khulla),2018,"Hindi, Non Film","Diplo, Vishal Dadlani","Diplo, MO, Vishal Dadlani",Sony Music,0.0
35688350-4516-5819-850d-693ead6b33ca,Stree,2018,"Hindi, Film",Sachin - Jigar,"Vayu, Badshah, Jigar Saraiya",T-Series,3.0
f7a8eba2-1af6-5def-a252-2523ac9d2674,Subhanallah,2018,"Hindi, Non Film",R.P. Patnaik,Poojan Kohli,T-Series,0.0
b74787f2-7582-5331-b335-b9dc17ffd7b1,Sui Dhaaga - Made In India,2018,"Hindi, Film",Anu Malik,"Varun Grover, Anu Malik",YRF Music,3.5
b3cba1d7-ba31-5fa8-84c9-81236f199b22,Sun Le Bekhabar,2018,"Hindi, Non Film",JD,Saurabh Pandey,T-Series,0.0
c5633ef7-7d83-51ad-9978-e67edfc05036,Sun Sada,2018,"Hindi, Non Film","Zain Khan, Ayaaz Sonu",Irfan Saleen,Zee Music Company,0.0
250d455b-3db3-54de-ac9a-dae51beca30c,Sunta Hai Mera Khuda (Recreated),2018,"Hindi, Non Film","Mann Taneja, A.R. Rahman",Majrooh Sultanpuri,Venus,0.0
d295a9f3-7494-501b-ba96-e19b7d2a5812,Sunwai,2018,"Hindi, Non Film",Naresh - Anand,Anand B. Seshadri,Times Music,0.0
727168b9-84e5-5d27-92b1-b7f595c30633,Super Dheeth,2018,"Hindi, Non Film",Rossh,Rossh,Zee Music Company,0.0
5e7a7771-e0d9-584c-944f-2b1ea546b90c,Taa-Dhaa,2018,"Hindi, Non Film",Taufiq Qureshi,Taufiq Qureshi,Zee Music Company,0.0
5db11a3f-9b80-505c-86d3-3f5f47ce5815,Tamanna,2018,"Hindi, Non Film",Monali Thakur,Amitabh Bhattacharya,Monali Thakur,0.0
aae3dd5e-7e1a-5d29-92e2-aa0f937ff95e,Tera Ghata,2018,"Hindi, Non Film",Gajendra Verma,Gajendra Verma,Virtual Planet Production,0.0
b3ce95f2-1901-5535-bbb6-413373c83332,Tera Ghata (Acoustic Version),2018,"Hindi, Non Film",Gajendra Verma,Gajendra Verma,Virtual Planet Production,0.0
0a09577e-f7cf-5e4a-9e3f-33865d0efce3,Tera Junoon,2018,"Hindi, Non Film",Amir Sheakh,Amir Sheakh,Zee Music Company,0.0
290d564f-3aa9-5a07-9434-245973390030,Tera Khuda,2018,"Hindi, Non Film",Madhuri Murli,Madhuri Murli,MuSlate,0.0
d97ebb2d-6ebc-5b8d-9b20-aab562260edf,Tera Mera,2018,"Hindi, Non Film",Dani Music,Benny Albert,White Hill Music,0.0
4857c6cd-80bb-5f49-b062-7d01a3f3382b,Tera Noor,2018,"Hindi, Non Film",Ashish Verma - I,Shalini Mishra,Venus,0.0
f6154667-fd11-5c46-9e80-cd7fc307f814,Tera Pyar Mujhe Mila,2018,"Hindi, Non Film","Sandeep Jaiswal, Gaurav Singh","Sandeep Jaiswal, Gaurav Singh",Venus,0.0
da2fac97-7851-5665-bade-92cbe6513863,Tera Saath,2018,"Hindi, Non Film",Sumiit Das,Mohammed Wasim - I,Zee Music Company,0.0
cdfd3c0b-e610-57df-b30c-2fb654882899,Tere Bin Na Ek Pal Hum Ho,2018,"Hindi, Non Film",Rajesh Soni,Rajesh Soni,T-Series,0.0
6d5813e4-9561-5843-a28b-77623206c9eb,Tere Bina,2018,"Hindi, Non Film",Kushal Bharatia,"Kushal Bharatia, Nikhil Salunke",Indian Talkie,3.0
084497d6-5e2e-5281-86f0-0b992ea1e7b0,Tere Do Speaker,2018,"Hindi, Non Film","Mr. Joker, Ankur Yashraj Akr",Mr. Joker,Zee Music Company,0.0
99f44f0e-57a8-54f8-93f0-ef74b6845d8a,Tere Hi Liye,2018,"Hindi, Non Film","Irfan Ali Khan, Rahul Sharma - III","Sahas Pareek, Irfan Ali Khan",Red Ribbon Music,0.0
298b067d-40d6-58cd-92f5-3fc39c212011,Tere Ishq Ki Baarish Mein,2018,"Hindi, Non Film",Rishabh Srivastava,Lado Suwalka,Zee Music Company,0.0
5164b71e-072e-50ef-84a0-78e4437a4d96,Tere Jism,2018,"Hindi, Non Film","Altaaf Sayyed, Manny Verma",Anand - VII,Zee Music Company,0.0
4f3cdff9-5ccd-5834-9d8b-8f5dafa70329,Tere Liye,2018,"Hindi, Non Film","Arun Gupta, Naresh Chauhan",Arun Gupta,T-Series,0.0
4f51aa12-bc81-5b93-9035-49638c403883,Tere Naina,2018,"Hindi, Non Film",Deb,Deb,T-Series,0.0
ae6b8408-7c5a-53fa-8b7d-d9ade148aed9,Teri Adaa,2018,"Hindi, Non Film",Ravi Singhal,"Sudhanshu Pandey, Ravi Singhal",Zee Music Company,0.0
82f512d5-3ed0-5489-a153-54c0d7ddd7de,Teri Bhabhi Hai Pagle,2018,"Hindi, Film","Anamik Chauhan, Vijay Verma","Atiya Sayyed, Rajesh Manthan, Hari Shankar Sufi",Zee Music Company,0.0
f1d96f47-0d40-55a9-9b66-b7ab29e48b91,Teri Ibaadat,2018,"Hindi, Non Film",Sonali Dutta,Shashank Shekhar,T-Series,0.0
57955575-5832-5a5d-b537-5169ea304994,Teri Nazron Ne,2018,"Hindi, Non Film",Asif Iqbal,Kumar Lal,Red Ribbon Music,0.0
cbc97c65-081a-5581-8022-b03b86035a56,Teri Yaad,2018,"Hindi, Non Film",Ajay Vas,Prerna Sahetia,Universal,0.0
aea151de-9317-5cdf-9228-d3fb9d9b90ee,Teri Yaad Jaye Na,2018,"Hindi, Non Film",Tushar Gaikwad,Tushar Gaikwad,Zee Music Company,0.0
0ceac5e2-1247-577e-be58-f824cc934f43,The Dark Side Of Life - Mumbai City,2018,"Hindi, Film","Saabir Khan, Prakash Prabhakar, Sandeep Batra, Rashid Khan - II, Shaan Asif Raj, Ahsan Ahmed","Azeem Shirazi, Tanveer Ghazi, Ozil Dalal, Nisar Akhtar, Aslam Sani",T-Series,0.0
a84e31fe-0ad5-5e1f-85bf-33c8ff22cd7f,The Journey Of Karma,2018,"Hindi, Film","Danish Alfaaz, Shatak Sharma, Onkar Minhas, Nishant Salil","Danish Alfaaz, Sunil Sirvaiya, Nishant Salil, Amrita Talukder",Mannan Music Entertainment,0.0
1eea59d5-28fd-5921-a33b-a63fb5dac998,The Past,2018,"Hindi, Film",Mannan Munjal,Atul Chaudhary,Red Ribbon,0.0
93f2bc4c-0e79-5cdf-bbba-a7b947ae7a1e,The Redrum - A Love Story,2018,"Hindi, Film","Aagman - The Band, Anurag Mohn","Aagman - The Band, Shraddha Bhilave",Zee Music Company,0.0
4009ff30-014b-5191-af6e-4b25651e6843,The Valentine,2018,"Hindi, Non Film",Biplaab Dutta,"N.D. Rahul, Raghvan Sampurna",Zee Music Company,0.0
408f6045-e7d6-5efa-adef-322a95125a03,Theek Hai Theek Hai,2018,"Hindi, Non Film",DJ Harpz,"Ikka Singh, Lil Golu",Times Music,0.0
443f4b85-bdfc-5453-8928-847624983d51,Theher Theher Ke Sambhal Sambhal Ke,2018,"Hindi, Non Film",Sanjeev Srivastava,Shaheen Iqbal,Venus,0.0
c3f55cf8-379d-5908-94f3-5d3b6aa78ea3,Thoda Bing Thoda Bang,2018,"Hindi, Non Film",Raool,"Raool, Justin Mall, Niket Pandey",Wolfpack Nation,0.0
b1395f3e-de80-50a5-bde3-662c77a401b7,Thodi Doori,2018,"Hindi, Non Film",Royy,Sahil Chib,Zee Music Company,0.0
7577fe6c-e4b0-57e5-b239-db047ecf0070,Thug Ranjha,2018,"Hindi, Non Film",Vayu,Vayu,Sony Music,0.0
7bccb0aa-22ff-56f0-b6cb-ca564b5b829f,Thugs Of Hindostan,2018,"Hindi, Film",Ajay - Atul,Amitabh Bhattacharya,YRF Music,3.0
e61bfdbb-eb41-5a20-9d1b-b0da06e66757,Tik Tik,2018,"Hindi, Non Film",Shivam Suratwala,Kumaar,T-Series,0.0
f05d83d3-1f00-5fe3-8bdb-31ecf7ddbc86,Tik Tik Plastic,2018,"Hindi, Non Film",Shaan,Swanand Kirkire,Artist Aloud,0.0
0287fb95-2bcd-5c06-b600-dd4228247524,Tishnagi,2018,"Hindi, Film",Gufy,"Manzar Baliyavi, Deepak Agrawal",Zee Music Company,0.0
7c684288-b9c5-5f06-95d3-952093676fbd,Toh Yeh Subah Nahi,2018,"Hindi, Non Film",Javed Ali,Raqueeb Alam,Javed Ali Creation,0.0
a2cbf8be-8239-5aa2-bd4a-b48393b8cb3d,Tola Tola,2018,"Hindi, Non Film",Muzik Amy,Pardhaan,Vin And Him Records,0.0
a33007fc-3229-529d-b786-feafd7f028a0,Toofan-e-Ghazaliyat,2018,"Hindi, Non Film","Sanjay Srivastava, Suresh Shukla, Kirti Anurag, Swati Thakur, D. Sushant, Harsh Vyas",Jaduraj Bali Aish,Red Ribbon,0.0
c29d4c82-b016-5fe9-9466-a41905338967,Tribute To Shri Atal Bihari Vajpayee,2018,"Hindi, Non Film",Ram Shankar,Traditional,Venus,0.0
3782aa21-7645-5b1a-a594-adfcde388384,Tu,2018,"Hindi, Non Film",DJ Joel,Alee Houston,Zee Music Company,0.0
6bb1d349-1866-5983-84aa-99be8b46a55a,Tu Bata,2018,"Hindi, Non Film",Shayadshah Shahebdin,Anil Jeengar,T-Series,0.0
8eef044a-c316-5c01-a738-40055c8ab1f2,Tu Hi Bata,2018,"Hindi, Non Film",Sudhakar Dutt Sharma,Sandeep Gupta,Zee Music Company,0.0
1e28921c-617e-5d9a-972a-71558b19e831,Tu Hi Hai,2018,"Hindi, Non Film",Vikram Bhandari,Vikram Bhandari,Zee Music Company,0.0
7f6a1c5f-83b0-5c5c-be84-9e4a81e8d39f,Tu Hi Hai Jo Socha Tha Kabhi,2018,"Hindi, Non Film",Akash Verma,Gunjan Kedari,Songster,0.0
06ebba0d-4450-5caa-93a6-3cfa57eadd51,Tu Hi Jaane Na,2018,"Hindi, Non Film",Nikhil Kamath,Vimal Kashyap,T-Series,0.0
facbabaa-c1a5-5cd4-ac29-e6719a29b1b1,Tu Hi Khushi,2018,"Hindi, Non Film",AMC Aman,"Shabbir Khan - I, Rbee",T-Series,0.0
9fd9b513-bf6a-5462-98ab-d7a38902deda,Tu Hi Sach,2018,"Hindi, Non Film",Bijoy Sankar Das,Kumar Nishant,White Hill Music,0.0
8b46d91b-6f4c-543d-b4b7-ab6f42d6a39f,Tu Jo Kahe,2018,"Hindi, Non Film",Karan Singh Arora,Karan Singh Arora,Zee Music Company,0.0
5dc7fbdd-9644-505d-b284-0b1ff4d15da8,Tu Kareeb Aaya,2018,"Hindi, Non Film",Rishabh Srivastava,Laado Suwalka,Zee Music Company,0.0
8d868094-1ddf-5511-9268-618640708e27,Tu Karti Jaa,2018,"Hindi, Non Film",Indeep Bakshi,Indeep Bakshi,Zee Music Company,0.0
7b0249ae-7ba8-5638-b30d-e7addde77eef,Tu Mera Pyar Tha,2018,"Hindi, Non Film",Shubham Ganguly,Debadyuti Sanyal,Shemaroo,0.0
c03f40fa-ae70-5fc7-bb64-ea6088246b25,Tu Meri Chilli Main Tera Chow Mein,2018,"Hindi, Non Film",Baba Sehgal,Baba Sehgal,Baba Sehgal,0.0
1d793a06-793e-53b8-b63d-a1690b0c333b,Tu Mile,2018,"Hindi, Non Film",Sanjeev Anand,Sanjeev Anand,T-Series,0.0
70b65399-c9ee-59fa-b983-8716022e7b50,Tu Naa Aaya,2018,"Hindi, Non Film",Ravi Singhal,Kunal Verma,Zee Music Company,0.0
fa759d57-51d7-5a97-827d-43a199c1f14f,Tu Shifa Meri,2018,"Hindi, Non Film",Rashid Khan - II,"Azeem Shirazi, Noohi Khan",Zee Music Company,0.0
eb64945e-95d8-5e10-bcdb-b81e144a52c8,Tu Yahaan,2018,"Hindi, Non Film",Sanam,Siddhant Kaushal,SANAM,0.0
79393fd5-f2a4-5b83-91cb-876e55e14888,Tu Zaroorat Hai,2018,"Hindi, Non Film",Avijit Nath,Vishal Sharma - I,Zee Music Company,0.0
c0e2a4a1-2502-51fa-923a-504e8c1b4c31,Tujh Se,2018,"Hindi, Non Film",Yaman Shastri,"Rachna Mankotia, Charanjeet Dhiman",T-Series,0.0
545fc1e6-b2fb-51d5-ad8b-8aff1723351e,Tujhe Bewafa Kahun,2018,"Hindi, Non Film",Ashish Verma - I,Azad Singh,Venus,0.0
69c7ae1f-a142-5e4f-9645-309ece70284d,Tujhe Bhool Pana,2018,"Hindi, Non Film",Sudesh - Dhananjay,Arafat Mahmood,Zee Music Company,0.0
e84a2bff-51e4-5032-afbf-df8c36c35eb6,Tum Aaoge,2018,"Hindi, Non Film",Anurag Saikia,Kunaal Verma,Times Music,0.0
d1de2826-a4c3-54eb-846b-a6417bb6a414,Tum Dil Ki Dhadkan Mein (Recreated),2018,"Hindi, Non Film","Siddharth Slathia, Nadeem - Shravan",Sameer,Venus,0.0
6a2243d2-32f2-5ba3-a864-f99351dba055,Tum Hi Toh Ho,2018,"Hindi, Non Film",Anu Malik,Swanand Kirkire,Zee Music Company,0.0
c1d5f82f-0c83-541c-a5bb-0905e9f56455,Tum Jo Mil Gaye Ho,2018,"Hindi, Non Film","Madan Mohan, Raghav Sachar",Kaifi Azmi,Saregama,0.0
86822b14-593c-5b9c-869b-ede8ffc19fb6,Tum Na Aaye O Sanam (Remix),2018,"Hindi, Non Film","Tabun Sutradhar, DJ Sheizwood",Dev Kohli,Venus,0.0
e37f9df0-285c-54fb-a5bf-c3adf5de478b,Tum Se Hi Mila,2018,"Hindi, Non Film","Arun Gupta, Naresh Chauhan",Arun Gupta,T-Series,0.0
56e38324-f528-55e7-80e0-d423b5c468ea,Tumbbad,2018,"Hindi, Film",Ajay - Atul,Raj Shekhar,Eros Music,3.0
54a2fb1a-8d2a-5f88-b440-481e3e170372,Tumhe Aana Hoga,2018,"Hindi, Non Film",Asif Silavat,Asif Silavat,Asif Silavat,0.0
1177a139-0f44-5465-8d04-9a4f2cfe8246,Tumhe Dillagi Bhool Jani Padegi,2018,"Hindi, Non Film","Nusrat Fateh Ali Khan, Sahil Khan - I",Purnam Allahabadi,Venus,0.0
ac2c56e4-9226-5f01-b3b8-2a6949a4267c,Tumhi Ko Chaha Tha,2018,"Hindi, Non Film",Saadullah Shah,Altaf Raja,Venus,0.0
f69c08d9-35ec-586a-8c2d-fe1fb7143716,Tumse Milne Ki Tamanna Hai (Recreated Version),2018,"Hindi, Non Film","Mann Taneja, Nadeem - Shravan",Sameer,Venus,0.0
8072cf08-4274-5a92-8c75-0b82583b14d4,Turning Point,2018,"Hindi, Film",Shivram - I,"Kirit Patel, Sanjay Mishra - I",T-Series,0.0
b0d9e490-face-5502-bbad-9362b5f8a6e7,Udd Chalein,2018,"Hindi, Non Film",Atif Ali,Farhan Gilani,Tips,0.0
bbf5318e-3d9b-5a18-a16e-c9e1dc232f0f,Urvashi,2018,"Hindi, Non Film","Yo Yo Honey Singh, A.R. Rahman","Yo Yo Honey Singh, P.K. Mishra",T-Series,0.0
d2effc32-2b3e-5aa6-a970-33dfe6631c3f,Use Keh De,2018,"Hindi, Non Film",Deep - II,Deep - II,Virtual Planet Production,0.0
92ab66bc-c870-51ac-8484-b8d2e63b33fb,Uska Kya,2018,"Hindi, Non Film",1080g,1080g,Virtual Planet Production,0.0
ab16aee0-6c5f-5b2a-ad16-cbfa9ef10c0c,Veere Di Wedding,2018,"Hindi, Film","Shashwat Sachdev, White Noise, Vishal Mishra, Qaran, DJ Shilpi Sharma","Shellee, Gaurav Solanki, White Noise, Anvita Dutt, Shashwat Sachdev, Raj Shekhar, Qaran, Badshah, Rupin Pahwa",Zee Music Company,0.0
586cc42e-f70c-599b-ac78-86f70bfa29a4,Veerey Ki Wedding,2018,"Hindi, Film","Farzan Faaiz, Jaidev Kumar, Ashok Punjabi, Meet Bros","Deepak Noor, Chandan Bakshi, Devendra Kafir, Ramkesh Jiwanpurwala, Ashok Punjabi, Kumaar, Faaiz Anwar",T-Series,0.0
29c2cac8-f03e-5b3d-8605-c5989bfa6f88,Vishwaroop II,2018,"Hindi, Film",Mohamaad Ghibran,Prasoon Joshi,T-Series,0.0
bd840972-4eb0-5ef2-85c5-3e86e2cfdaf5,Vodka,2018,"Hindi, Non Film",DSP Saab,Veen Ranjha,Venus,0.0
fca492e3-30b5-567e-a167-ec5251ce06fe,Vodka Diaries,2018,"Hindi, Film","Parvaaz, Sandesh Shandilya, Harry Anand","Kashif Iqbal, Khalid Ahamed, Aalok Shrivastav, Harry Anand",Zee Music Company,0.0
5f2168f0-b543-571c-8561-3901c9f5ed37,Waari Re,2018,"Hindi, Non Film",Aman Trivedi,Aakash Trivedi,Zee Music Company,0.0
9c54777d-5ee0-52cc-a198-5843264dfb99,Wahin,2018,"Hindi, Non Film",Mohit Gaur,Mohit Gaur,Zidd Productions,0.0
0238710b-65f1-5c40-859a-e077e13ecb9a,Wajood,2018,"Hindi, Non Film","Ahmed Hussain, Mohammed Hussain - I",Shakeel Azmi,Zee Music Company,0.0
add55df0-ebbf-5af6-9792-425971228cc0,Wakayi Wakayi,2018,"Hindi, Non Film",Nikhil Kamath,Vimal Kashyap,T-Series,0.0
be4e26ce-bd35-5a2a-94c7-c4ab39d34aef,Wanna Be Free,2018,"Hindi, Non Film",Shibani Kashyap,Rashmi Virag,Zee Music Company,0.0
0d71367b-d300-54e5-8a96-7c2778111e4e,Welcome To New York,2018,"Hindi, Film","Shamir Tandon, Sajid - Wajid, Meet Bros","Charanjeet Charan, Kausar Munir, Sajid Khan, Danish Sabri, Kumaar",Pooja Music,3.0
a561ca6f-9a0e-555e-9507-f3d5eb798bd6,When Obama Loved Osama,2018,"Hindi, Film","Kashi - Richard, Rishabh Sambhav Jain","Shweta Raaj, Rishabh Sambhav Jain",Zee Music Company,0.0
b18eb888-dc82-5c6d-848c-2e55a1cbd096,Who's That Chori,2018,"Hindi, Non Film",Enbee,Enbee,Zee Music Company,0.0
b4c44851-f22c-5831-89db-3f5dcf2e6627,Will You Be My Valentine,2018,"Hindi, Non Film",Surya Vishwakarma,"Surya Vishwakarma, Sumit",Crescendo Music,0.0
69fb673f-b611-5794-8cf6-e745fc0c8aff,Wirdd,2018,"Hindi, Non Film",Ayaz Ismail,Amin Vailgy,iThinkSound,0.0
74515872-feca-5593-86d4-3b50c2b5716c,Wo India Ka Shakespeare,2018,"Hindi, Film",Sachin Pathak,"Suresh Mandal, U.S. Kumar",Red Ribbon,0.0
7353c9a3-afd6-51e9-bd5f-4f6781755e32,Wo Na Aaye,2018,"Hindi, Non Film",Rishabh Srivastava,Laado Suwalka,Zee Music Company,0.0
f53140e5-08c1-582d-a848-91ef21df1e41,Woh Hai Tu,2018,"Hindi, Non Film",Anuj Singh,Priyal Tripathi,Zee Music Company,0.0
bb014f90-fdb7-55e9-84b6-50ab2fb2f921,Woh Raatein,2018,"Hindi, Non Film",Shisha,Shisha,White Hill Music,0.0
93915858-26c1-5aac-b850-3095a17bd73a,Woh Safar,2018,"Hindi, Non Film",Ajay Singha,Wajhi Farooki,Saga Music,0.0
825e7af7-498a-536b-91d4-57fd6d86002a,Wohi Aable,2018,"Hindi, Non Film","Kabul Rishi, Fateh Ali - I",Fannah Kanpuri,T-Series,0.0
f11c6e5d-25a4-54e7-893a-7a87c05f96c0,World Peace Love Harmony,2018,"Hindi, Non Film",Bappi Lahiri,"Bappi Lahiri, Deepak Sneh",Zee Music Company,0.0
3dde5747-35f6-52e7-9351-386b60168b96,Yaad Teri,2018,"Hindi, Non Film","Rahul Sathe, Sagar Sathe","Minna Singh, Nilesh Pawar",Zee Music Company,0.0
b5e1efa7-236e-5f2e-839e-5b4ef07bafed,Yaad Uski Sataye,2018,"Hindi, Non Film",Farid Sabri Jaipuri,Farid Sabri Jaipuri,Venus,0.0
d3a9d2d7-a84b-538a-89de-acec6bb17977,Yamla Pagla Deewana Phir Se,2018,"Hindi, Film","D. Soldierz, Sachet - Parampara, Vishal Mishra, Kalyanji - Anandji, Laxmikant - Pyarelal, R.D. Burman, Sanjeev - Darshan","D. Soldierz, Pulkit Rishi, Rajendra Krishan, Anand Bakshi, Majrooh Sultanpuri, Prakash Mehra, Kunwar Juneja",Saregama,0.0
bda6fa62-afbc-577e-953b-f0357ba34cc7,Ye Dosti,2018,"Hindi, Non Film",Vivek Mishraa,Vivek Mishraa,Bignoise,0.0
14a2de25-6cf8-5367-b060-94704598fc91,Yeh Dooriyan,2018,"Hindi, Non Film",Shubham Ganguly,Santanu Das,SmartWay Movies,0.0
ba65e369-2104-52bd-80a1-3bb0d307df12,Yeh Jo Raat Hai,2018,"Hindi, Non Film",Saurabh - Vaibhav,Swapnil Tiwari,Zee Music Company,0.0
d135b3e9-0cbe-52db-aa68-06c3dff41bd7,Yeh Kaisa Tigdam,2018,"Hindi, Film","Ismail Darbar, Badshah Khan Nanu",Badri Lacewala,Worldwide Records,0.0
1db67c44-47bf-55b5-9194-5b9e5d7a8d26,Yeh Pyaar Nahi Toh Kya Hai,2018,"Hindi, Non Film",Vinay Tiwari,Rashmi Virag,Zee Music Company,0.0
19fe8bb6-29d1-51e7-b074-dd4bdd3d694a,Yeh Zindagi,2018,"Hindi, Non Film",Sahir Ali Bagga,Sahir Ali Bagga,Trendy Beat Records,0.0
ccc3fc99-adc1-55b3-a07d-eed9505e98d5,Yug O' Vision,2018,"Hindi, Non Film",Rahul Sharma,"Rahul Sharma, Traditional",Times Music,0.0
8a88040c-1996-593b-8aac-280957649257,Yun Hi Kabhi,2018,"Hindi, Non Film",Da Banotra,Da Banotra,Zee Music Company,0.0
216e1981-a5d7-57c6-bf29-aeae5722fd4f,Zara Paas Aao,2018,"Hindi, Non Film",Music MG,Music MG,OSM Records,0.0
d6d02af1-51a5-54c6-b4d6-4c224cf1b29b,Zara Si Baat,2018,"Hindi, Non Film",Sudeep Banerjee,"Vikki Nagar, Kishwar Naheed",Yellow & Red Music,3.0
c45a12a3-b0b1-5a6c-ad45-b9c94ac9455b,Zaroorat,2018,"Hindi, Non Film",Aaryan Tiwari,Aaryan Tiwari,Zee Music Company,0.0
252cad6b-5182-50c5-8188-bd5704571f95,Zero,2018,"Hindi, Film","Ajay - Atul, Nusrat Fateh Ali Khan, Tanishk Bagchi, Traditional","Irshad Kamil, Khwaja Parvez, Kumaar, Traditional",T-Series,4.33
40d988bf-b61e-5fcd-b617-c4699a3d77d9,Zinda Shaheed,2018,"Hindi, Non Film","APS Rana, Mnish","APS Rana, Mnish",Zee Music Company,0.0
39fe0bc7-9727-5472-913b-fd63d1e0a785,Zindagi,2018,"Hindi, Non Film",Jitendra Vishwakarma,Jitendra Vishwakarma,Zee Music Company,0.0
e9850364-c5ab-5fa1-bfee-ef3396cecafb,Zindagi Mil Jayegi,2018,"Hindi, Non Film",Tony Kakkar,Tony Kakkar,Desi Music Factory,0.0
bf5e56b0-4890-5b70-8ccc-47bc27ee41ab,16 Saal,2019,"Hindi, Non Film",Speedy Anuj,Anshh,Zee Music Company,0.0
a8d09e9f-25e3-52ec-ba36-577461b4cd86,1978: A Teen Nightout,2019,"Hindi, Film","Santosh Nair, Abuzar Akhtar, Kunal Shamshere Malla","Alok Ranjan Jha, Anis Ali Sabri, Prashant Thapa",Crescendo Music,0.0
884f987b-53f6-56f5-9f8c-f5a4547bfc84,2 Much Fun,2019,"Hindi, Non Film",Kaydee,Alost Negi,Zee Music Company,0.0
7d4feca9-06b9-512d-a0ed-4a9b4df83183,22 Yards,2019,"Hindi, Film","Bobo Rahut, Amartya Ray","Siddhant Kaushal, Amartya Ray",Zee Music Company,3.0
db2d0297-4cba-5ac4-87f8-a7dfbacae85f,3rd Eye,2019,"Hindi, Film","Avijit Das, Surinder Sodhi","Priyanka Sharma - I, Deepak Chaudhary, Arman Shaikh, Avijit Das",Zee Music Company,0.0
c15c9774-ad13-5551-86e3-d5d1ea699958,4 Peg,2019,"Hindi, Non Film",J-Jatin,,Zee Music Company,0.0
fe1d5988-c60a-5bb1-9636-82e674247e99,72 Hours,2019,"Hindi, Film",Sunjoy Bose,"Vikas Chauhan, Ashish Chatterji, Sujata Devrari, Seema Saini, Nishant Mishra",T-Series,3.0
f33c2791-25c0-5a38-8e3c-2d8fda470bf0,A Tribute To Mohammed Aziz - Ai Mere Dost,2019,"Hindi, Non Film",Vijoy Kashyap,Sabir Khan - II,Venus,0.0
d8b78695-abb4-5efc-b3e1-6fff7ba45f39,Aa Bhi Ja,2019,"Hindi, Non Film",Rangroop Sandhu,Jass Gujral,Zee Music Company,0.0
1e6c26cf-4fb8-58a1-9745-a30823d13f3f,Aa Bhi Jaa,2019,"Hindi, Non Film",Araaj Keshav,Araaj Keshav,Digitunes Media,0.0
61dce144-4f1b-5086-a8c1-4ad4c50c450b,Aafat Waapas,2019,"Hindi, Non Film",Phenom,Naved Shaikh,Big Bang Records,0.0
6305bf58-5d5e-52bf-9b2d-03f8f879b20f,Aafreen,2019,"Hindi, Non Film",Agnel Roman,Deepanshu Pandit,Raymann Ray,0.0
74692230-edb3-5ceb-9d64-6b84ce09553a,Aaja Re,2019,"Hindi, Non Film","Raenit Singh, Nupur Mehta - I","Nupur Mehta - I, Pushpender",Zee Music Company,0.0
07b3b646-87ea-5c7e-a754-8bfffc4d5ab4,Aaja Re Maahi,2019,"Hindi, Non Film",Raj Mahajan,,Moxx Music,0.0
c3fe14e1-7861-52fc-9b0f-ec24093e3234,Aaja Tu,2019,"Hindi, Non Film",Verdadera Stern,"Prashant Singh - II, Shahrukh Ibrahim",Zee Music Company,0.0
0d57c5bd-4fc1-51fd-b93a-ae4f833f28df,Aaja Ve,2019,"Hindi, Non Film","Vaibhaw Wish, Sammy - Sonu",Vaibhaw Wish,Songster,0.0
187a02fa-61fa-530e-9467-7cc980a30447,Aakhiyan Mila Ke,2019,"Hindi, Non Film",Shaskvir,Shaskvir,Zee Music Company,0.0
83137ccd-23c1-5b2a-b67c-552f1b504d9d,Aakhri Baar,2019,"Hindi, Non Film",Palash Muchhal,"Palash Muchhal, Parry G",Zee Music Company,0.0
f1ba5013-e51c-5770-9da4-b1dba232ad01,Aane Wale Pal,2019,"Hindi, Non Film",Abhinov Borah,Rita Rai,Zee Music Company,0.0
78356831-6bd7-58ab-a811-775e12cc25eb,Aankhon Aankhon Mein,2019,"Hindi, Non Film",Bharatt - Saurabh,Bharatt - Saurabh,Bharatt - Saurabh,0.0
6b317519-0ea5-5eb3-b986-770dae8524a8,Aankhon Ke Ishaare,2019,"Hindi, Non Film",Raahul Jatin,Kumaar,Zee Music Company,0.0
587e0950-2366-5e90-aab3-f28bf7451ae6,Aankhon Se,2019,"Hindi, Non Film","Nishit Mishra, Dhruv Rathod",Sanjay Lachwani,Zee Music Company,0.0
66fce578-af41-5605-9c4a-ac655d823792,Aankhon Se Keh Du,2019,"Hindi, Non Film",Aabhik Ghosh,Aabhik Ghosh,Venus,0.0
5cf476c4-7389-5ee7-8e9c-5bd8915b3fe1,Aao Chalo,2019,"Hindi, Non Film","Shivang Mathur, Abhiraj Gupta",Abhiraj Gupta,Times Music,0.0
02530acd-a1fb-575b-9b97-ae1142ea9600,Aap Sa Yaar,2019,"Hindi, Non Film",Ename,Raja Alauddin Khan,T-Series,0.0
b3e4c064-b2e2-5ed4-b1c1-518ebdcd06d9,Aashiqui,2019,"Hindi, Non Film",Gaurav Sharma - I,"Gaurav Sharma - I, Parul M.",Zee Music Company,0.0
88a13372-87ea-5e5f-9c89-069afed06c83,Aawara,2019,"Hindi, Non Film",Ace,Ace,Zee Music Company,0.0
59dd643e-7ce5-5b8c-87ee-ad97df5e47b8,Aawara Shaam Hai,2019,"Hindi, Non Film",Meet Bros,Shabbir Ahmed,MB Music,0.0
aaf032e7-f41f-5e54-81e3-8d25700e3f57,Ab Kuch Aisa,2019,"Hindi, Non Film","Darrel Mascarenhas, Joel Rebello","Dipti Sharma, Joel Rebello",Times Music,0.0
06b2cdc8-e393-5725-830c-e96c4e0d0251,Adhoora,2019,"Hindi, Non Film",Tabish Pasha,Shravan Pundirr,Times Music,0.0
8a7c4739-24b2-5c63-b549-7130cf766ff7,Adhoore Adhoore,2019,"Hindi, Non Film",Shree D.,Shree D.,Zee Music Company,0.0
21af0a03-ebe4-5acf-acb6-3d344e0cbc36,Adhoori Si,2019,"Hindi, Non Film",Nilotpal Bora,"Nilesh Naik, Shashank Kunwar",Times Music,0.0
2d67b19f-47c0-5dc3-b34c-1cd7d2187270,Ae Khuda,2019,"Hindi, Non Film",Rajat Kumar - I,Rajat Kumar - I,Zee Music Company,0.0
5bf968df-c56d-561f-bde0-bb692623fc7c,Ae Mere Des,2019,"Hindi, Non Film",Joe Costa,Nikhil Khamkar,T-Series,0.0
2191aa73-28fd-584f-8bf3-afb28c6ec9ad,Aisi Deewangi (Recreated),2019,"Hindi, Non Film","Nadeem - Shravan, Mann Taneja",Sameer,Venus,0.0
48a509d2-9a5d-54ce-a0d3-9632874f0494,Aji Rooth Kar Ab Kahan Jaiyega - Unplugged,2019,"Hindi, Non Film","Shankar - Jaikishan, Keba Jeremiah",Hasrat Jaipuri,Saregama,0.0
1be02818-6d06-5e2f-9674-ff590e8b4ecf,Ajib Daastan Hai Yeh,2019,"Hindi, Non Film","Shankar - Jaikishan, Prasanna Suresh",Shailendra,Saregama,0.0
ced14d4d-e590-5c06-8c1b-f3caf9d46b59,Aks Tera,2019,"Hindi, Non Film",Ceazer,Aslam Khan - I,Zee Music Company,0.0
78350780-68bf-58d7-a534-26e7c0a97e2e,Aksar Is Duniya Mein (Recreated Version),2019,"Hindi, Non Film","Nadeem - Shravan, Equinox",Sameer,Venus,0.0
0f344ba3-0722-5af9-b72b-489b0128679b,Amavas,2019,"Hindi, Film","Sanjeev - Darshan, Abhijit Vaghani, Ankit Tiwari, Asad Khan","Sandeep Nath, Kunaal Verma, Ikka, Anurag Bhomiya, Junaid Wasi",T-Series,0.0
70b18d0d-eb74-55e4-8900-4fae88db9f10,Amma Bawa,2019,"Hindi, Non Film",Sanket Sane,Anuj Gurwara,Times Music,0.0
bf7a8c05-335c-5d1b-aeed-e4113153b5cd,Anhad Baaje,2019,"Hindi, Non Film",Chinmayi Tripathi,Shellee,Times Music,0.0
368998ac-bc35-5e52-85ba-1ada5d597dd6,Ankahee,2019,"Hindi, Non Film",Bandey,Siddheswar Laik,Zee Music Company,0.0
36cae14d-d53a-5ed6-8ceb-5df7beb18e35,Apna Bana Le Na,2019,"Hindi, Non Film","DJ Shadow Dubai, Atif Ali",Wardah Lodhi,Zee Music Company,0.0
4692f86b-81e3-5232-8584-64fc0bcae646,Are You Ready For The Big Bang,2019,"Hindi, Non Film",Badshah,Badshah,Sony Music,0.0
79663ecc-cc55-56d4-a8b7-d58baee33555,Arjun Patiala,2019,"Hindi, Film","Sachin - Jigar, Guru Randhawa, Akash D.","Guru Randhawa, Priya Saraiya, Akash D.",T-Series,0.0
c93ad9e3-7066-5590-a247-3bff19dbca1b,Article 15,2019,"Hindi, Film","Piyush Shankar, Anurag Saikia, Devin DLP Parker, Gingger Shankar","Rashmi Virag, Shakeel Azmi, SlowCheeta, Dee MC, Kaam Bhaari, Spitfire",Zee Music Company,3.5
a8780d8b-8cf7-503b-a4c8-8a4f7377a78e,Arziyaan,2019,"Hindi, Non Film",Prekhar Verma,Dheeraj Kumar - I,Zee Music Company,0.0
8a55eb96-4e7e-5952-9738-63b22431282f,Ashiq Tera,2019,"Hindi, Non Film",Sandeep Chouhan,Sandeep Chouhan,Zee Music Company,0.0
761fc9b6-387c-5dd6-b6c5-cfd12dc686c6,Aur Kuch Baki,2019,"Hindi, Non Film",Harshit Saxena,Dev Narayan,Zee Music Company,0.0
fd33d108-ee04-544d-bf1f-0e0c5d0d93ae,Aye Mere Humsafar,2019,"Hindi, Non Film","Anu Malik, Joy - Anjan",Gauhar Kanpuri,Venus,0.0
00bbe3ff-64f2-54db-9320-5bc5c6033607,Baadshah Pehlwaan (Pehlwaan),2019,"Hindi, Film",Arjun Janya,"Astha Jagiasi, Sujeet Shetty",T-Series,0.0
8df1a5e7-7518-591e-968a-4cb5c9b8a80f,Baalma - Dandiya Anthem,2019,"Hindi, Non Film","Rajeev Raja, Naitik Nagda, Kalyanji - Anandji","Rajeev Raja, Anand Bakshi",Saregama,0.0
9807d5eb-29f8-511e-af4a-08ca794762a0,Baarish,2019,"Hindi, Non Film",Pritam Choudhury,Arnab Chakraborty,Shemaroo,0.0
8ee8232e-5a65-5c51-889f-a31950ebe2bd,Baarishon Ke Sang,2019,"Hindi, Non Film",Rishabh Srivastava,Laado Suwalka,Zee Music Company,0.0
3c55f753-530f-5d3c-b638-07a3e33216c1,Baatein Purani,2019,"Hindi, Non Film",Rohan Puntambekar,Rohan Puntambekar,Times Music,0.0
f39db038-f1b1-54e9-80e4-742e40481959,Baby Bewafa,2019,"Hindi, Non Film",Ramji Gulati,Kumaar,Zee Music Company,0.0
579f22ea-0e7a-5685-a830-5ff10e61801a,Bad Chick,2019,"Hindi, Non Film",Oye Sheraa,Oye Sheraa,Zee Music Company,0.0
e0ee798d-d92b-5a87-95bc-c5b7622b5777,Bade Bade Khwaab,2019,"Hindi, Non Film",Flamboy,Rob C,Rob C,0.0
29ea2528-47c7-5f9d-b70e-0b7c3694950e,Badla,2019,"Hindi, Film","Amaal Malik, Clinton Cerejo, Amaal Mallik, Anupam Roy","Kumaar, Siddhant Kaushal, Jizzy, A.M. Turaz, Anupam Roy, Manoj Yadav",Zee Music Company,0.0
5b5afa06-fdbd-5235-beb3-aa1d83de82aa,Bala,2019,"Hindi, Film","Sachin - Jigar, Dr. Zeus, B Praak, Jaani","Mellow D, Badshah, Legha Yusif, Jaani, Priya Saraiya, Jigar Saraiya, Bhargav Purohit",Sony Music,3.0
566cd935-658b-5f99-a221-c017027b4667,Barson Beet Gaye,2019,"Hindi, Non Film",Rajat Anand,Rajat Anand,Venus,0.0
d82b5d66-29f8-53fa-93d8-f887fa4f279e,Bas Mein,2019,"Hindi, Non Film",Bhuvan Bam,Bhuvan Bam,BB Ki Vines,0.0
0965daed-3271-5fb1-9148-549b15bfa07c,Batla House,2019,"Hindi, Film","Tanishk Bagchi, Vishal - Shekhar, Ankit Tiwari, Rochak Kohli","Tanishk Bagchi, Dev Kohli, Prince Dubey, Gautam Govind Sharma, Gurpreet Saini",T-Series,3.0
3a122085-dd5e-5fd8-bf03-d97b941cfeb9,Battalion 609,2019,"Hindi, Film",Shailendra - Sayanti,"Raaj Shandilya, Sanjay Mahendra Pachori, Sanidhya Sawarna",Zee Music Company,0.0
09c3a00a-6b06-525b-8130-a187f6345ced,Behad Na Karo,2019,"Hindi, Non Film",Palash Surya Gogoi,Chitra Dudhoria,Times Music,0.0
a03bbfd7-1bb2-517d-b000-3e8ff53d6f1e,Behki Behki,2019,"Hindi, Non Film",Sugat Dhanvijay,"Sugat Dhanvijay, Atiya Sayyed",Zee Music Company,0.0
3fd8092f-d4da-583f-a269-a690a6052435,Beintehaa,2019,"Hindi, Non Film","Altaaf Sayyed, Manny Verma",Altaaf Sayyed,Zee Music Company,0.0
8097ea9b-dfe6-5013-be65-ebad9b0619c0,Bekarariyan,2019,"Hindi, Non Film",TNP Band,TNP Band,Rhythm Solutions,0.0
4d58d2b6-3651-5b09-b3ab-acc4abb7c9dd,Believe In Love,2019,"Hindi, Non Film",Sachet - Parampara,,Sachet - Parampara,0.0
a5b6caeb-689f-5e02-9ada-744176ea64c3,Bepanah,2019,"Hindi, Non Film",Rishabh Srivastava,Dimple Dugar,T-Series,0.0
a4d5cc76-126d-5a95-b96e-54cc6be92863,Beshram,2019,"Hindi, Non Film",Vikram Montrose,Shekhar Astitwa,Zee Music Company,0.0
f8c4794d-7524-58e7-89b4-52203e747ca9,Bewajah,2019,"Hindi, Non Film",TeamAG,Yash Eshwari,UTunes Entertainment,0.0
46c03a9d-bafa-5163-b13a-1cedd9bee601,Bezubaan,2019,"Hindi, Non Film",Romee Khan,Malik - I,Zee Music Company,0.0
426f7317-9b21-5a2d-a139-22bf05caf912,Bhangra Paa Le,2019,"Hindi, Film","JAM8, Shubham Shirule, Rajesh Roshan, Rishi Rich, A.R. Rahman, Akashdeep Sengupta, Keeran, A-Bazz, Nilotpal Munshi, Kiranee, Yash Narvekar, Ana Rehman, Kaushik - Akash - Guddu","Mandy Gill, Indeevar, Shloke Lal, Kiranee, Yash Narvekar, Mehboob, Shubham Shirule, Manisha - II, A-Bazz, Siddhant Kaushal",Tips,0.0
d3296b66-c964-5de0-8839-fd9d888b6521,Bharat,2019,"Hindi, Film","Vishal - Shekhar, Julius Packiam, Ali Abbas Zafar","Irshad Kamil, Ali Abbas Zafar",T-Series,3.5
ab582787-c153-5a39-89a9-e57ae78000dc,Bheege Bheege Labon Se,2019,"Hindi, Non Film","Altaaf Sayyed, Manny Verma",Atiya Sayyed,Zee Music Company,0.0
54e5b86d-93d1-55ef-8a46-13a7221c4845,Bheegi Bheegi Si,2019,"Hindi, Non Film",Akash Shah,Akash Shah,Zee Music Company,0.0
d0df4897-a945-5410-bb97-4b8d8d05a619,Bhool Ja,2019,"Hindi, Non Film",Siddharth Amit Bhavsar,Siddharth Amit Bhavsar,Indie Music Label,0.0
db128af7-30c5-52d3-a10b-cd2606393cb3,Bhula Diya,2019,"Hindi, Non Film",Anurag Saikia,A.M. Turaz,E Positive Entertainment,0.0
41722639-69d5-5401-8a1b-b1ee58fd1a9b,Bijli Ki Taar,2019,"Hindi, Non Film",Tony Kakkar,Tony Kakkar,T-Series,0.0
145a55e7-b983-56e8-8f5c-2517e46ad1fc,Bil Se Nagin Jo Nikli,2019,"Hindi, Non Film","DJ Sheizwood, Paresh Thakur","Kumaar, Paresh Thakur",Venus,0.0
f736a04e-9050-5ea2-acb1-e5321b6be3ee,Bin Tere Sanam (Recreated),2019,"Hindi, Non Film","Jatin - Lalit, Anurag - Abhishek",Majrooh Sultanpuri,Venus,0.0
d41d0463-606c-5fc2-b4f7-37e6b03031bf,Blackboard Vs Whiteboard,2019,"Hindi, Film",Jayant Aryan,"Surya Samudra, Gireesh Tiwary, Roop - I",Zee Music Company,0.0
e06095c0-1d69-54ee-a5a8-9eea10a8e08e,Blank,2019,"Hindi, Film","Arko, Sonal Pradhaan, Raghav Sachar","Arko, Adeip Singh, Sonal Pradhaan, Kumaar, Enbee",Zee Music Company,0.0
77293a64-c0d3-512d-a767-7c89dbe8341c,Bling,2019,"Hindi, Non Film",Dipesh Agarwal,Dipesh Agarwal,Zee Music Company,0.0
9e138f56-0892-5de3-897f-211a8671dcf2,Bunker,2019,"Hindi, Film",Kaushal Mahavir,Shakeel Azmi,T-Series,3.0
3e4f7829-626a-5c07-96ba-edb4b0c616a2,Bypass Road,2019,"Hindi, Film","Raaj Aashoo, Laxmikant - Pyarelal, Rohan - Rohan, Sharib - Toshi","Shabbir Ahmed, Javed Akhtar, Rohan Gokhale, Kalim Sheikh",T-Series,0.0
eb5a3388-66a9-5fde-83b4-ca36aae292d1,Casanova,2019,"Hindi, Non Film","Jeet Mahal, Aydro",Jeet Mahal,Zee Music Company,0.0
b506ef70-96ce-5793-bc35-47d8fc2116fa,Chadar Ki Silvatein,2019,"Hindi, Non Film",Manoj Verma - I,Dilipraj Paidipati,T-Series,0.0
c85e2467-1141-5d67-9a17-f4cc670203b7,Chadha Rang,2019,"Hindi, Non Film",Akshay Varma,Amitabh Ranjan,T-Series,0.0
afa4f390-3520-5235-bb28-5d97593c3b9f,Chaiyya Chaiyya (Recreated),2019,"Hindi, Non Film","Siddharth Slathia, A.R. Rahman",Gulzar,Venus,0.0
e32366a5-c5d5-504e-997f-0ff10b7749df,Chal Dost,2019,"Hindi, Non Film","Padamjeet Sehrawat, Kamal Joshi",Padamjeet Sehrawat,E Positive Entertainment,0.0
6e4b39e8-e180-5618-982e-2e6d3a1efbbe,Chala Hoon,2019,"Hindi, Non Film",Digvijay Joshi,Digvijay Joshi,Zee Music Company,0.0
724bb46e-bbb3-560a-b0bf-66d56d37efd8,Chala Ja Raha Hoon,2019,"Hindi, Non Film",Imran Shahid,"Hilal Qutb Wani, Imran Shahid",Zee Music Company,0.0
9fb5269f-6d08-5aa5-afef-c331eda9178f,Chala Jata Hoon,2019,"Hindi, Non Film","Sanam, R.D. Burman",Majrooh Sultanpuri,Saregama,0.0
64507728-6fe5-5085-bc04-99599c469e02,Chalna Hai,2019,"Hindi, Non Film",Vishnu Mishra,Vishnu Mishra,Zee Music Company,0.0
c959388b-0b56-5d14-8dbf-96b74da10f0c,Chand Si Mehbooba - Recreated,2019,"Hindi, Non Film","Ajay Singha, Kalyanji - Anandji",Anand Bakshi,Saregama,0.0
35be6df6-a0ff-5432-b5df-8dcf4500a0d9,Chappan Churi,2019,"Hindi, Non Film",Javed Hussain - I,Deepak Noor,Zee Music Company,0.0
2e1925ed-da9d-50b8-834e-2f2c8f426372,Chehra Kya Dekhte Ho (Recreated Version),2019,"Hindi, Non Film","Mann Taneja, Nadeem - Shravan",Madan Pal,Venus,0.0
aac387f4-4095-5062-9a3a-11049b87b0aa,Chhichhore,2019,"Hindi, Film",Pritam,Amitabh Bhattacharya,T-Series,3.0
0ad9008b-9c90-5561-8f11-fcd054ff3246,Chhupana Bhi Nahin Aata (Reprised Version),2019,"Hindi, Non Film","Rahul Jain, Anu Malik",Rani Malik,Venus,0.0
57247736-9cad-53a7-bab2-706ac3531760,Chicken Curry Law,2019,"Hindi, Film",Shekhar Sirrinn,"Shabbir Ahmed, Shekhar Sirrinn, Rajesh Manthan",Zee Music Company,0.0
1d7fee7f-f121-550e-890c-f8ac179a73e0,Chingari Ban Ghoome Re,2019,"Hindi, Non Film",Anjana Ankur Singh,Rajesh Nishad,Zee Music Company,0.0
fdd2235a-a411-5f77-b229-dc553cfe7f94,Chitthi,2019,"Hindi, Non Film","Rocky - Shiv, Khajan Dutt Sharma",Kumaar,T-Series,0.0
98e5b31e-09db-5b8e-a0b1-634d41962c18,Choom Loon Lab Tere,2019,"Hindi, Non Film",Umesh Mishra,Umesh Mishra,Zee Music Company,0.0
fc6ab72d-dfed-5773-9fe3-5806bac0cd35,Chousar Firangi,2019,"Hindi, Film","Shruti - Dharmesh, Traditional, Aashisagar","Priyanka Vikas Dubey, Traditional, Aayushri Saxena",Zee Music Company,3.0
a1966f40-1c5f-5ac0-962f-6f8bc6def042,Coco,2019,"Hindi, Non Film","Sapra, Sharad Tripathi",Sharad Tripathi,T-Series,0.0
28a61f60-0a62-5ff9-8ddc-52b40ae25194,Code Blue,2019,"Hindi, Film","Shabab Azmi, Pawan Muradpuri","Arafat Mahmood, Khursheed Hallauri, Rafat Abbas Ali, Raj Sagar",T-Series,3.0
0de0bf20-52b0-546a-8fee-3df486e4516d,Commando 3,2019,"Hindi, Film","Vikram Montrose, Mannan Shaah","Farhad Bhiwandiwala, Vikram Montrose, Sahil Sultanpuri, Azeem Shirazi, Abhendra Kumar Upadhyay",Zee Music Company,0.0
06a3330a-a3f6-5dda-b15b-ae8ce8f4fdc5,Crazy Night,2019,"Hindi, Non Film",Yash Wadali,Raman Jangwal,T-Series,0.0
5b45f219-68f0-53c8-b05b-62bcdc7c8867,Cypher: Shunya Se Shikhar Tak,2019,"Hindi, Film",Bharat Kamal,Sagar Pathak,T-Series,0.0
16aa7736-b5fa-56b2-a883-a336c112311b,Dabangg 3,2019,"Hindi, Film",Sajid - Wajid,"Jalees Sherwani, Danish Sabri, Badshah, Sameer Anjaan, Sajid Ali, Irfan Kamal",T-Series,0.0
a94ec285-1f9f-550c-a047-129040f75454,Darmiyan,2019,"Hindi, Non Film",Sahil Sargam,Sahil Sargam,Zee Music Company,0.0
afdeac05-3bc2-5e2e-b814-6dadb31b1365,Darwaze Bandh,2019,"Hindi, Non Film",Amjad - Nadeem - Aamir,Amjad - Nadeem,Zee Music Company,0.0
30f44656-d740-5f3b-b52f-b70e8968626b,De De Pyaar De,2019,"Hindi, Film","Vipin Patwa, Amaal Mallik, Tanishk Bagchi, Garry Sandhu, Atul Sharma - I, Manj Musik, Rochak Kohli","Kumaar, Kunaal Verma, Garry Sandhu, Tanishk Bagchi, Mellow D, Shamsher Sandhu",T-Series,0.0
e1a9e5d9-4633-516c-901e-7ff12136cd00,Dhadkanein Meri,2019,"Hindi, Non Film",Rashid Khan - II,"Anjan Sagri, Noohi Khan",Zee Music Company,0.0
222f5318-e74a-5173-9639-42d40e23cbe5,Dheeth Chandni,2019,"Hindi, Non Film",Chinmayi Tripathi,Dharamvir Bharati,Times Music,0.0
656c67a9-4fa0-5834-97b2-db4fcde90577,Diamond Ring,2019,"Hindi, Non Film",Onkar Minhas,Shadab Akhtar,Zee Music Company,0.0
1b6229d4-9084-5a96-8910-a0b6c49f2c3f,Dil Kehta Hai (Recreated Version),2019,"Hindi, Non Film","Siddharth Slathia, Anu Malik",Majrooh Sultanpuri,Venus,0.0
1ab4f19f-d50b-5c60-a701-6a3523b85e37,Dil Mera,2019,"Hindi, Non Film",Ravi Chowdhury,Ravi Chowdhury,Zee Music Company,0.0
58d17bba-9710-5870-ad7c-9f199d344b58,Dil Mera Blast,2019,"Hindi, Non Film",Javed - Mohsin,Danish Sabri,E Positive Entertainment,0.0
b6565769-7649-5c41-be45-0f6aa999eae9,Dil Ne Yeh Kaha Hai Dil Se (Recreated Version),2019,"Hindi, Non Film","Nadeem - Shravan, Mann Taneja",Sameer,Venus,0.0
6d048988-5b97-56f1-af39-19416af4717c,Dil Sannata,2019,"Hindi, Non Film","Ronkini Gupta, Santanu Ghatak",Santanu Ghatak,Times Music,0.0
2f495559-fadc-5150-b1a3-920d0988929c,Dil Se Khelo,2019,"Hindi, Non Film",Shahnawaz Ali,Shahnawaz Ali,T-Series,0.0
ba816b5a-b9b5-53b1-b2d9-0f02942d2839,Dil Tod Diya,2019,"Hindi, Non Film",Akash Verma,"Akash Verma, Gunjan Kedari",Songster,0.0
b58b4887-afec-5a1a-9602-7f57e4999965,Dilbaro,2019,"Hindi, Non Film",A-Z Sheriff,Pinky Poonawala,T-Series,0.0
f3809f37-0b92-5db5-8ff3-f843de135bac,Dilli Waali Baatcheet,2019,"Hindi, Non Film",Raftaar,Raftaar,Zee Music Company,0.0
718b878a-20bb-52e0-827d-4dab1c9e30b1,Dilruba,2019,"Hindi, Non Film",Aki Kumar,Aki Kumar,Sony Music,0.0
8ac30e91-61c9-55f9-b77d-cd9acd199d41,Doli,2019,"Hindi, Non Film",Shatak Sharma,"Ash King, Shatak Sharma",T-Series,0.0
aeab23c9-9275-5925-802a-c99cef82cf1f,Don't Need Ya Love,2019,"Hindi, Non Film",Mohit Pathak,Mohit Pathak,T-Series,0.0
5a272553-1610-5730-ad89-69928f612098,Doob Jane De,2019,"Hindi, Non Film",Shaskvir,Shaskvir,Zee Music Company,0.0
d975d59a-743a-5f91-90eb-48477de0b0ee,Door,2019,"Hindi, Non Film",Archit - Smit,Archit - Smit,Zee Music Company,0.0
1f242514-a7bc-53f7-b517-626212d12ab3,Door Karo Tanhaai,2019,"Hindi, Non Film",R.S. Ganesh Naarayanan,Lata Vinod Nowal,Red Ribbon Music,0.0
3d4f9a40-36ee-5763-91b1-3259d307c74a,Dosti Ka Hisaab,2019,"Hindi, Non Film",Nikhil - Shantanu,Kulgaurav Sheetal,Zee Music Company,0.0
8b9c5916-c0b8-5f5f-a419-3ebac96355ab,Dosti Ke Side Effectss,2019,"Hindi, Film","Altaaf Sayyed, Manny Verma","Atiya Sayyed, Deepak Noor",Zee Music Company,0.0
7f663161-3776-50e5-bd1e-94f51c787f52,Dream Girl,2019,"Hindi, Film","Meet Bros, Raamlaxman","Kumaar, Shabbir Ahmed, Dada Kondke",Zee Music Company,0.0
c50aa42b-3ca5-5e04-bb3d-a95184a51714,Drive,2019,"Hindi, Film","Amartya Bobo Rahut, Tanishk Bagchi, Javed - Mohsin","Siddhant Kaushal, Tanishk Bagchi, Ozil Dalal, Danish Sabri, Parry G, Ceazer",Zee Music Company,0.0
024b497b-6ca4-5578-8c92-6164ec43117e,Drunk In Love,2019,"Hindi, Non Film",Enbee,Enbee,Zee Music Company,0.0
11caed00-bddd-51bd-b20c-d514fab467c0,Dum Tara (Rewind Version),2019,"Hindi, Non Film",Rahman Rajan,Arun Raaj,Sony Music,0.0
e9edd377-d4a0-5e21-a9ae-d82eceb059da,Duur,2019,"Hindi, Non Film",Avnish Chouhan,Avnish Chouhan,Zee Music Company,0.0
ad382dd6-25c0-5df7-b145-ac1f14b874a7,Ek Do Teen,2019,"Hindi, Non Film","Raees, Zain - Sam",Kumaar,Zee Music Company,0.0
79fa2ace-d1fe-5833-b1cd-e81aa2068a9a,Ek Ehsaas,2019,"Hindi, Non Film",Punit Bhardwaj,Punit Bhardwaj,Zee Music Company,0.0
f8c3b650-d64a-5af7-a4d3-cbf6d05ee6a9,Ek Ladki Bheegi Bhaagi Si,2019,"Hindi, Non Film","S.D. Burman, JAM8","Majrooh Sultanpuri, Shloke Lal",Saregama,0.0
666a4135-939f-584e-af57-0c5efbc455b7,Ek Ladki Ko Dekha Toh Aisa Laga,2019,"Hindi, Film","Rochak Kohli, R.D. Burman, Traditional","Gurpreet Saini, Javed Akhtar, Traditional",Saregama,0.0
4111b1b4-b7c7-576a-88b8-dfdfa36846ef,Ek Nazar,2019,"Hindi, Non Film",Abhinov Borah,Rita Rai,Zee Music Company,0.0
c9bc3c61-8ece-57fd-ae11-e557e198d21e,Ek Pal Ka Jeena,2019,"Hindi, Non Film","Rajesh Roshan, Final Call",Vijay Akela,Saregama,0.0
d8f17f26-73ad-548d-a1de-12cb2d77d068,English Ki Taay Taay Fisss,2019,"Hindi, Film",Sandeepshri,"Manisha - II, Raju Kokate, Jamil Ahmed",Zee Music Company,0.0
47364d7e-3d37-53ff-b8f3-b66b8304afc7,Faasla,2019,"Hindi, Non Film",Anurag Halder,Anurag Halder,Pehchan Music,0.0
7619bda0-cd00-5173-8753-2147e0163a6d,Facebook Wala Pyar,2019,"Hindi, Film",Raja Pandit,"Shweta Raaj, Raja Pandit",Zee Music Company,0.0
e2c837ff-67c4-5308-9b9e-d5541214a9f6,Fagunwa Mein Maro Pichkari,2019,"Hindi, Non Film",Anupama Raag,"Shabbir Ahmed, Anupama Raag",Times Music,0.0
f5696064-038d-5a2e-bd29-037f0832b9b6,Fakeera,2019,"Hindi, Non Film",Tinu Purohit,Chandra Pal Singh,Zee Music Company,0.0
4ae33cba-032e-577f-8a7d-92bf14c6a70c,Family Of Thakurganj,2019,"Hindi, Film",Sajid - Wajid,Danish Sabri,Zee Music Company,0.0
9fdac47e-c54a-532e-a664-5807af5ee677,Fanah,2019,"Hindi, Non Film",Raghav Sachar,Raghav Sachar,Raghav Sachar Music,0.0
556da83f-5198-596e-864f-1e5032ec9fc4,Fanne Khan,2019,"Hindi, Non Film",Yash Wadali,Raman Jangwal,Zee Music Company,0.0
d11f6f96-d61a-59ab-a22b-e8dff046b9c4,Far Away,2019,"Hindi, Non Film",Omsinh Solanki,"Omsinh Solanki, Mohit Pathak",Zee Music Company,0.0
f8d1c9c1-6fad-5bb8-8ba4-e0800c40e3ef,Farishta,2019,"Hindi, Non Film",Arko,Arko,Zee Music Company,0.0
f2b2c58b-1fce-5095-9d36-8ce059c2b071,Fastey Fasaatey,2019,"Hindi, Film","Rahul Jain, Sanjeev - Ajay, Sanjay - Rajee, Arko","Sanjeev Chaturvedi, Uphaar, Arko",Venus,0.0
68df2939-6eb3-521d-949c-95024cc3d00e,Feel The Vibe,2019,"Hindi, Non Film",Yash Narvekar,Yash Narvekar,Universal,0.0
66f10ee9-2aee-56fe-87ce-11aa815d726f,Forever,2019,"Hindi, Film",Vinay Ram Tiwari,"Rashmi Virag, Vinay Ram Tiwari, Kunwar Juneja",Zee Music Company,0.0
21c6fca3-5242-5ac6-ab9b-e36c4367de6d,Fraud Saiyaan,2019,"Hindi, Film","Anu Malik, Tanishk Bagchi, Sohail Sen","Sameer, Shabbir Ahmed, Kumaar",Tips,0.0
c0a296ba-af8d-599b-923d-ab081f2ad12e,Galiyon Se,2019,"Hindi, Non Film",Haji Springer,Haji Springer,Sony Music,0.0
ff305ef8-1a67-5adf-b2c8-5a85fda36d6e,Ganesha,2019,"Hindi, Non Film",Raaj Aashoo,Murali Agarwal,T-Series,0.0
89fa11e2-b86a-55a5-bacd-4bd3f290481c,Ghoome Ghoome,2019,"Hindi, Non Film",Muzik Amy,Avi J,Saga Music,0.0
682231fd-dace-5bf5-941b-2858720cc7c2,Ghost,2019,"Hindi, Film","Sanjeev - Darshan, Arko, Sonal Pradhaan, Vinay Ram Tiwari, Nayeem - Shabir","Sanjeev - Ajay, Abhiruchi Chand, Arko, Sonal Pradhaan, Rashmi Virag, Shakeel Azmi",Zee Music Company,0.0
a5918777-c33e-58b2-8829-c7eaac5bc227,Girlfriend,2019,"Hindi, Non Film","Altaaf Sayyed, Manny Verma",Anand - VII,Zee Music Company,0.0
68df469e-cc77-5d97-a0bb-056ce4935e8a,Gone Kesh,2019,"Hindi, Film","Kanish Sharma, Bharat - Hitarth, Bishakh Jyoti","Devendra Kafir, Majaal, Bharat Menaria",Zee Music Company,3.0
bfb470db-9a9c-578e-9f8d-734749eadc99,Good Newwz,2019,"Hindi, Film","Tanishk Bagchi, Lijo George, DJ Chetas, Sukhbir, Manj Musik, Herbie Sahara, Rochak Kohli, Lauv, KSHMR","Tanishk Bagchi, Badshah, Kumaar, Rashmi Virag, Herbie Sahara, Gurpreet Saini, Ari Leff, Michael Pollack, Vayu",Zee Music Company,0.0
1a29414c-b33c-569a-baa4-1aeb69c91fc9,Gulaam,2019,"Hindi, Non Film",Srijit Bhowmick,Srijit Bhowmick,Srijit Bhowmick,0.0
caab1a03-ba7e-5457-9cd3-a48cc050fd3e,Gully Boy,2019,"Hindi, Film","Spitfire, Divine, Naezy, Sez On The Beat, Rishi Rich, Midival Punditz, Karsh Kale, Raghu Dixit, Dub Sharma, Major C, Jasleen Royal, Ankur Tewari, Kaam Bhaari, Mikey McCleary, Ace, Ishq Bector, Prem - Hardeep, Viveick Rajagopalan, XD Pro, iLL Wayno","Spitfire, Divine, Naezy, Javed Akhtar, Karsh Kale, Gaurav Raina, Tapan Raj, Dub Sharma, Aditya Sharma - I, Kaam Bhaari, Ankur Tewari, Ace, Bhinder Khanpuri, Arjun - VIII, Blitz, Desi Ma, MC Altaf, MC TodFod, 100 RBH, Maharya, Noxious D, MC Mawali, Nas, Ranveer Singh",Zee Music Company,0.0
56c2da59-fd7a-5c21-a688-bbb2db98d76d,Gun Pe Done,2019,"Hindi, Film",Rimi Dhar,Saaveri Verma,Zee Music Company,3.5
c52005c3-f019-5618-b78d-4705b66d0ad0,Gunwali Dulhaniya,2019,"Hindi, Film","Sumit Kumar - I, Aslam Surty","Neetu Pandey - I, Shantanu Anant Tambe",Passionwoald Entertainments,0.0
5cd00ce0-02e2-5ab9-a7e1-b2373e425f40,Gur Nalo Ishq Mitha - The Yoyo Remake,2019,"Hindi, Non Film",Yo Yo Honey Singh,"Yo Yo Honey Singh, Singhsta, Hommie Dilliwala, Traditional",T-Series,0.0
4b69431d-e384-5163-99c6-b52be6346b45,Gym Boyz,2019,"Hindi, Non Film",Ullumanati,Ullumanati,Saga Music,0.0
6767484e-b533-5c63-8b7f-044ba02ceaec,Haathon Mein Haath,2019,"Hindi, Non Film","Nikhil Chanoria, Nitish Chanoria","Nikhil Chanoria, Nitish Chanoria",Zee Music Company,0.0
1b4a8789-7dcc-5708-966a-af506ad06873,Hai Alvida,2019,"Hindi, Non Film",Kabir - Athar,Kabir - Athar,Zee Music Company,0.0
035c0d82-07cf-5527-8acb-3b5193ff874e,Hai Pyaar Kya?,2019,"Hindi, Non Film",Rocky - Jubin,Rocky Khanna,T-Series,0.0
c45af26b-fa34-5857-98cb-74e4a774f028,Half Boyfriend,2019,"Hindi, Non Film","Danish Alfaaz, STK",Danish Alfaaz,T-Series,0.0
cfc20670-150c-586c-ac8a-b792e1bbfbf6,Hamara Kal,2019,"Hindi, Non Film",Aslam Keyi,Ajay Singh - II,Zee Music Company,0.0
3d72da60-0a51-5966-ba13-c462b37f9ead,Hamari Atariya Pe,2019,"Hindi, Non Film",Traditional,Traditional,Times Music,0.0
7a70a1a0-fde5-5731-b3d3-6d52369b79f8,Hamid,2019,"Hindi, Film","Traditional, Andrew T. Mackay","Traditional, Rajesh Manthan",Saregama,0.0
21128674-22f6-5090-a2c0-7e2e721d7e51,Hansa Ek Sanyog,2019,"Hindi, Film","Prekhar Verma, Lalit Mishra","Dheeraj Kumar - I, Santosh Kashyap, Dhiraj Verma",Zee Music Company,0.0
41701062-1764-5eaf-b892-e0ac3234c6fc,Happi,2019,"Hindi, Film","Ilaiyaraaja, Debojyoti Mishra","Jaideep Sahni, Mohinder Pratap Singh, Rishabh Sharma",Zee Music Company,0.0
e12bb089-f899-5ed2-b00e-29e7d2e86efe,Har Ghoont Mein Swag,2019,"Hindi, Non Film",Badshah,Badshah,T-Series,0.0
49a8059e-04e5-5315-a8b7-f69aeea7ae7f,Har Lamhaa,2019,"Hindi, Non Film",Raaj Aashoo,Murali Agarwal,Indie Music Label,0.0
2f167195-0b3c-5922-b8aa-c84514b71691,Hawa Aane De,2019,"Hindi, Non Film",Shaan,Swanand Kirkire,Artist Aloud,0.0
e42b629a-c2ab-5910-bc6d-bee56be199d2,Hawa Banke,2019,"Hindi, Non Film",Nirmaan,"Nirmaan, Hadiqa Kiani",Indie Music Label,0.0
9bb5c5b5-2cb9-5d3a-a0c0-07ee835801a8,Hawayein (Rewind Version),2019,"Hindi, Non Film","Pritam, Shomu Seal",Irshad Kamil,Sony Music,0.0
3a55b4fd-1668-5661-8483-316ce7bfc087,Hila De,2019,"Hindi, Non Film",Mohit 'Moh' Thakur,Mohit 'Moh' Thakur,Zee Music Company,0.0
2c226173-2eba-53c5-8984-b6572e6643ba,Holi Song,2019,"Hindi, Non Film",Sanjeev - Ajay,Sanjeev Chaturvedi,Eros Music,0.0
8fde2c4c-baed-5431-ab58-7a62be884759,Hone De Ishq Shuru,2019,"Hindi, Non Film",Rajesh Sharma - II,Deepak Noor,Zee Music Company,0.0
dccec57c-df5f-51b5-ab23-00c09b9f2099,Hosh Uda De,2019,"Hindi, Non Film",Sandeep Roy,Sandeep Roy,T-Series,0.0
af7de18b-1719-503d-bf98-b18dfb3a9b49,Housefull 4,2019,"Hindi, Film","Sohail Sen, Farhad Samji, Sandeep Shirodkar, Laxmikant - Pyarelal, Devi Sri Prasad","Sameer Anjaan, Farhad Samji, Vayu, Anand Bakshi",T-Series,0.0
825b7631-bfe6-5c51-9fc8-8b2149917b8f,Hui Juda,2019,"Hindi, Non Film",Joell,Shraddha Sehgal,Times Music,0.0
b3800cb9-c59d-5e7f-8690-10d2feb01ed4,Hui Mae Tumhari,2019,"Hindi, Non Film",Anupama Raag,"Amitabh Verma, Anupama Raag",Zee Music Company,0.0
d4b9ae58-7626-5e96-913a-0cff68258336,Hum Chaar,2019,"Hindi, Film","George Joseph, Team SARA, Vipin Patwa, Raaj Aashoo","Abhishek Dixit, Shabbir Ahmed",Zee Music Company,3.0
3989dc86-42c3-58da-b0d6-1cf0395b5b2f,Hum Hain Bachche Toofani,2019,"Hindi, Non Film",Sandeep Nath,Sandeep Nath,Zee Music Company,0.0
ef2a2734-062b-51d8-9629-28bf834665a5,Hum Hain India,2019,"Hindi, Non Film",Ravi Singhal,Kunaal Verma,Zee Music Company,0.0
52212427-3d63-56ff-839b-0f3ee152c719,Hume Tumse Pyaar Kitna,2019,"Hindi, Film","R.D. Burman, Raaj Aashoo, DJ Emenes, Vicky - Hardik, Sharib - Toshi, Tony Kakkar, Jeet Ganguly","Majrooh Sultanpuri, Shabbir Ahmed, A.M. Turaz, Sajan Agarwal, Manoj Muntashir",T-Series,3.0
d6bd2596-6819-53f2-bf18-2a840a0b898a,Humein Tumse Pyaar Kitna,2019,"Hindi, Non Film","Sanam, R.D. Burman",Majrooh Sultanpuri,Saregama,0.0
37b89dde-6efa-5e94-9569-fbc1bf6500f6,India's Most Wanted,2019,"Hindi, Film",Amit Trivedi,Amitabh Bhattacharya,Saregama,3.5
bd481a37-c814-5baf-ba96-4d8d052f6cb2,Infinity,2019,"Hindi, Non Film",Avijeet Satapathy,,Times Music,0.0
f389981d-02ca-58eb-bf67-bcd18734634e,Intaha Ho Gai Intezar Ki,2019,"Hindi, Non Film","Bappi Lahiri, Raghav Sachar",Anjaan,Saregama,0.0
b6033e36-bf8d-5918-8f48-2d742e5666ee,Intezaar,2019,"Hindi, Non Film",Mithoon,Mithoon,Universal,0.0
10f34af5-d52c-5887-bc9a-9e9d287e7693,Intezaar Mein,2019,"Hindi, Non Film",Ayaz Ismail,"Vaibhav Sheth, Seema Saini",Zee Music Company,0.0
09602c33-ff97-5249-a1af-716a61b52ce5,Is She Raju?,2019,"Hindi, Film","Bubbles Music, Dhananjay Mishra",Anju Dhingra,Zee Music Company,3.0
da1aa27e-68f9-593d-9ed2-b250ad9c2280,Ishaare,2019,"Hindi, Non Film",C.M. Verma,Begum Suroor,Times Music,0.0
2e19fc9d-57ce-5d80-9e6b-823a58c837fd,Ishq Bepannah,2019,"Hindi, Non Film","Dony Hazarika, Goldie Sohel",Goldie Sohel,Zee Music Company,0.0
aa1555a0-298f-57b5-b664-35f206cf3db9,Ishq Hai Bewafa,2019,"Hindi, Non Film",Vishal (Vls2ios),Yugum,Zee Music Company,0.0
21aa12cb-1459-5575-bb20-ec9d01248bc3,Ishq Ka Raja,2019,"Hindi, Non Film",Shatak Sharma,"Addy Nagar, Hamsar Hayat",Lokdhun,0.0
106db9b3-5899-5448-b1e1-aa549baa530a,Ishq Kare Barbadiyaan,2019,"Hindi, Non Film",Vivek Kar,Kumaar,Zee Music Company,0.0
22f01048-4807-5a3d-9a55-12382f1d7bff,Ishq Mein Tere Choor,2019,"Hindi, Non Film",Sanjeev - Ajay,Sanjeev Chaturvedi,Eros Music,0.0
6281c98d-61eb-5879-8b03-e4300bfe5058,Ishq Saaf,2019,"Hindi, Non Film",Meet Bros,Shabbir Ahmed,MB Music,0.0
8d7f5d20-1754-5288-af91-f4c0221ec0b1,Ishq Tum Mere Ho,2019,"Hindi, Non Film",Jasmer Singh Wadhwa,Rohit Sharma,Walnut Music & Entertainment,0.0
789cf8b1-334e-582a-8927-489289c3650c,Ishqa Liye,2019,"Hindi, Non Film",Shriram Iyer,Shellee,Strumm Entertainment,0.0
669375b4-1829-543e-b31b-1df05bf7740e,Ishqaa,2019,"Hindi, Non Film",Royy,Sahil Chib,Zee Music Company,0.0
ab1e5693-9cda-599e-a4d1-5a43f055b105,Issi Ko Pyaar Kehte Hai,2019,"Hindi, Non Film",Ghanshyam Vaswani,Nida Fazli,Zee Music Company,0.0
296680d1-2bb2-591a-b680-51a4c4c15b49,Itni Si Kahani,2019,"Hindi, Non Film",Shivang Mathur,Shayra Apoorva,Zee Music Company,0.0
43d3a419-58f9-56d7-b3ee-bb884da40f98,Ja Chali Ja,2019,"Hindi, Non Film","Rishabh Tiwari, Tarun Sharma - I","Rishabh Tiwari, Tarun Sharma - I",Sparrow Films,0.0
47af95a5-fdfc-5d36-9780-6315c6a6401a,Jaag Tujhko Duur Jaana,2019,"Hindi, Non Film",Chinmayi Tripathi,Mahadevi Verma,Times Music,0.0
113af312-c84d-5456-a6e6-4fade6b68319,Jaane De Mujhe,2019,"Hindi, Non Film","Sanam Puri, Sanam",Kunaal Verma,Universal,0.0
be67f7f1-72c2-5d40-9274-096e64615668,Jaane Kahan Mera Jigar Gaya Ji,2019,"Hindi, Non Film","Marc D Muse, O.P. Nayyar",Majrooh Sultanpuri,Saregama,0.0
17e61d07-3eca-5cea-b32f-ea457e0ae27a,Jaanta Kyun,2019,"Hindi, Non Film",Deep Kalsi,Krsna,Zee Music Company,0.0
07a3fd68-b355-51c1-9849-a610694dc9d7,Jab Jana Hi Tha,2019,"Hindi, Non Film",Shaskvir,Shaskvir,Zee Music Company,0.0
ecf8a448-115e-5afc-8360-8222dcf7f857,Jab Kisiki Taraf Dil (Rewind Version),2019,"Hindi, Non Film","Jatin - Lalit, Raj Barman",Vinoo Mahendra,Sony Music,0.0
4f7f616c-b970-5a56-85ed-b18d95045245,Jab Koi Baat (Recreated),2019,"Hindi, Non Film","Aakash Band, Rajesh Roshan",Indeevar,Venus,0.0
d69d3af9-1aa2-5c56-8c8a-32581fc5f5db,Jab Tak,2019,"Hindi, Non Film",Ajay Jaiswal,Shekhar Astitwa,Zee Music Company,0.0
88c701e0-1dc6-5075-ab2f-796e338d6476,Jab Teri Zarurat Thi,2019,"Hindi, Non Film",Jasmer Singh Wadhwa,Neha Rathod,Walnut Music & Entertainment,0.0
40f3dbca-bfa9-59c4-a822-d74554b4c698,Jabariya Jodi,2019,"Hindi, Film","Tanishk Bagchi, Ashok Mastie, Sachet - Parampara, Vishal Mishra, Ramji Gulati","Tanishk Bagchi, Channi Rakhala, Shabbir Ahmed, Rashmi Virag, Siddharth - Garima, Raj Shekhar, Kumaar",Zee Music Company,0.0
576ebeb6-5965-5dd6-8688-36feeefddf46,Jai Chhathi Maa,2019,"Hindi, Film","Sanjay Kumar - II, Nayan Mani Barman, Traditional, Dushyant Kumar - I, Murari Sinha","Arvind Prasad, Amitabh Ranjan, Murari Sinha",T-Series,0.0
fbc5425e-210d-537e-9c9c-899fa854472f,Jallad,2019,"Hindi, Non Film",Emiway Bantai,Emiway Bantai,Artist Aloud,0.0
45c33791-91c0-5730-8924-ea0c5c94ed72,Jana Gana Mana,2019,"Hindi, Non Film","Rohan Puntambekar, Traditional",Rabindranath Tagore,Times Music,0.0
7f93109e-2416-5371-9673-2520a2a00f68,Jee Le Zara,2019,"Hindi, Non Film",Adrita Jhinuk,Adrita Jhinuk,Shemaroo,0.0
8dea8361-eb9b-54c3-b997-980b2f2604a3,Jee Raha Hoon Main,2019,"Hindi, Non Film",Gaurav - Sandeep,Sandeep Jaiswal,Zee Music Company,0.0
74611a61-0f8b-5d55-88a1-c65ec8749a7b,Jhalki,2019,"Hindi, Film",Sandesh Shandilya,"Brahmanand S. Siingh, Jhankar",Mobius Films,0.0
87aef9ed-15e2-5ce8-a200-548faf4f0e4a,Jhol,2019,"Hindi, Film","Bapi - Tutul, Vik Khanna","Shyamraj, V. Shakti K., Sanjeev Tiwari, Bapi, Vik Khanna",Zee Music Company,0.0
0694940c-73c8-54b7-9c51-d03fb48d1704,Jhootha Kahin Ka,2019,"Hindi, Film","Amjad - Nadeem - Aamir, Yo Yo Honey Singh, Sanjeev - Ajay, Rahul Jain, Siddhant Madhav, Kashi - Richard","Amjad - Nadeem, Lil Golu, Sanjeev Chaturvedi, Alok Ranjan Jha",Zee Music Company,0.0
dac795d5-a90e-5731-9e5b-9443fb950d9c,Jogiya,2019,"Hindi, Non Film",Sujeet Sharma,Sufi Khan,T-Series,0.0
80c7717b-8fd4-5bbd-a33b-d38d878e26dd,Judgementall Hai Kya,2019,"Hindi, Film","Tanishk Bagchi, Badshah, Navi Kamboz, Rachita Arora, Arjuna Harjai, Daniel B. George, Rajesh Roshan","Tanishk Bagchi, Raja Kumari, Navi Kamboz, Prakhar Varunendra, Kumaar, Prakhar Vihaan, Anand Bakshi",Zee Music Company,0.0
9d2e7be1-6e7a-5d97-808f-b73c45287100,Junction Varanasi,2019,"Hindi, Film",Sushant - Shankar,"Nikhat Khan - I, Yash Eshwari, Devendra Kafir, Dheeraj Pandit",Aryan Entertainment World,0.0
bb0762bb-096c-59aa-8b3b-40feab4bef09,Junglee,2019,"Hindi, Film",Sameer Uddin,"Anvita Dutt, Kumar Suryavanshi",T-Series,3.0
919ac780-4bed-5b20-bbd2-4fe5bfadbd86,Kaanch Ke,2019,"Hindi, Non Film",Samira Koppikar,Neeraj Rajawat,Zee Music Company,0.0
81f0e69c-f621-53d3-a382-f9123ba3a21b,Kabhi Iss Tarah,2019,"Hindi, Non Film",Ved Sharma - I,Mudasseer Ahmed,Yellow & Red Music,0.0
b0dfe20a-40ba-5c00-859e-fa502c8760ed,Kabir Singh,2019,"Hindi, Film","Sachet - Parampara, Vishal Mishra, Mithoon, Akhil Sachdeva, Amaal Mallik","Irshad Kamil, Manoj Muntashir, Mithoon, Kumaar",T-Series,3.0
1dff5cbe-c47c-5dd0-906e-e6222bc98204,Kadke Kamaal Ke,2019,"Hindi, Film","Rajiv - Nyzel, Tash M, Young J, Vinod Solanki, Kamal Khatri","Laxman Singh, Kamal Khatri, Dhruv Sonkar, Tash M, Young J",Zee Music Company,0.0
acdd0297-adb5-5037-a869-dae589d84d48,Kahan Kho Gaye Wo Yaar,2019,"Hindi, Non Film",Vibhas,Sonu Saggu,MB Music,0.0
ae62eec1-f563-5e04-b761-6c65de1b74c5,Kahaniyan,2019,"Hindi, Non Film",Krishnakhi Goswami,Krishnakhi Goswami,Strumm Entertainment,0.0
5d94e48b-b651-5a8d-8745-45c60b0a8c2f,Kaisa Nasha,2019,"Hindi, Non Film","Shaurya Khare, Akash Pratap Singh","Shaurya Khare, Akash Pratap Singh",Zee Music Company,0.0
8d888506-92d1-5e81-ac44-39e4f90de35d,Kaise Bhula Dun,2019,"Hindi, Non Film",Kamran Akhtar,Saleem Shahid,Saga Music,0.0
dd5093ca-a7da-5def-b64c-18c269fddb42,Kaise Jiyu,2019,"Hindi, Non Film",Maneesh - Tejas,Saaveri Verma,Zee Music Company,0.0
9e2e63ea-48a9-526c-abbd-86478229426c,Kalank,2019,"Hindi, Film",Pritam,Amitabh Bhattacharya,Zee Music Company,4.0
1249fdd1-263d-559e-a4e5-3edde879b40f,Kamaal,2019,"Hindi, Non Film",Badshah,Badshah,Saga Music,0.0
a0189b2b-3ed2-561a-bfbe-78380293eec3,Karmasutra,2019,"Hindi, Non Film",Deep Kalsi,Karma,Zee Music Company,0.0
0a704b08-95ed-5b54-82a8-5b1b43d383a2,Kash Mujhe,2019,"Hindi, Non Film",Adrita Jhinuk,Adrita Jhinuk,Zee Music Company,0.0
ed16087e-14d6-5a4c-8b9c-686ec666cbab,Keh Bhi Jaa,2019,"Hindi, Non Film",Raaj Aashoo,Murali Agarwal,Zee Music Company,0.0
315b2b1e-6089-5601-aa06-1bbb67ebe826,Kesari,2019,"Hindi, Film","Jasbir Jassi, Tanishk Bagchi, Arko, Chirantan Bhatt, Gurmoh, Traditional, Jasleen Royal, Raju Singh","Traditional, Tanishk Bagchi, Manoj Muntashir, Kumaar, Kunwar Juneja, Guru Gobind Singh Ji, Anurag Singh",Zee Music Company,0.0
66657a73-76f0-5665-8a3c-1c4062a915ba,Kesaria Balam,2019,"Hindi, Non Film",Umesh Mishra,Umesh Mishra,Zee Music Company,0.0
50cd4d92-ae25-544a-b4a5-9b82820930a2,Khali Raahein,2019,"Hindi, Non Film",Shaskvir,Shaskvir,Zee Music Company,0.0
a9ea754c-76bf-5c40-9fce-63b75f69a67a,Khamoshiyon Ki Guftagu,2019,"Hindi, Non Film","Ssameer, Brij Mohan Joshi",Syed Amir Hussain,Rhythm Solutions,0.0
1898c5f0-621e-51e0-872a-c278df32bcb5,Khandaani Shafakhana,2019,"Hindi, Film","Tanishk Bagchi, Jasbir Jassi, Shyam Bhatija, Anand - Milind, Payal Dev, Badshah, Rochak Kohli","Tanishk Bagchi, Mellow D, Badshah, Davinder Khandewal, Deepak Chaudhary, Shabbir Ahmed, Kumaar, Gautam Govind Sharma, Gurpreet Saini",T-Series,0.0
f29542d4-8e25-5098-b395-1f59caa0ee94,Khayalo Mein Jiske,2019,"Hindi, Non Film","Shiva Jyotish, Himanshu Garg",Bhim Kumar Jyotish,T-Series,0.0
6b3e5a33-bb58-5777-9c73-37224cd93129,Khelegi Kya?,2019,"Hindi, Non Film",Gajendra Verma,Gajendra Verma,Virtual Planet Production,0.0
02b4a424-0feb-55ac-a490-8d53e436f51e,Khud Se Zyada,2019,"Hindi, Non Film",Tanishk Bagchi,Tanishk Bagchi,Universal,0.0
92c459fb-3812-55ed-93b5-1930636d1f2e,Khud Tak Ka Safar,2019,"Hindi, Non Film",Naash94,"Naash94, Prashant Kumar - I",Zee Music Company,0.0
23ebcdc8-6ac6-5c77-b686-2e4a6440d5d3,Khuda Jaane,2019,"Hindi, Non Film",Sunil Devbanshi,Laado Suwalka,Zee Music Company,0.0
f29246c3-3606-5b73-aa67-6b9a57ce0ae6,Khuda Meherbaan,2019,"Hindi, Non Film",Jaan Nissar Lone,Shabbir Ahmed,Rajshri Entertainment,0.0
5f02ba27-3f3a-50bc-8e74-5a665551c184,Khwahish,2019,"Hindi, Non Film",DV,Anita P.S.,Zee Music Company,0.0
c4eb456f-8288-5cf0-9e9b-1b49176effed,Kissebaaz,2019,"Hindi, Film",Rohan - Rohan,Rohan Gokhale,Zee Music Company,0.0
e679eac2-f537-50fb-b1db-eef0f82ccc56,Koi Aadmi,2019,"Hindi, Non Film",Sanket Sane,Tushar Maithani,Times Music,0.0
3054cd49-5c8a-5db7-b993-45a5db88ae77,Koi Dekh Lega,2019,"Hindi, Non Film",Kshitij Tarey,Surdee,Strumm Entertainment,0.0
e4519361-7f3d-5b74-a437-e55d2b4f3578,Koi Nahi,2019,"Hindi, Non Film",Rupinn,Rupinn,Universal,0.0
a11ffa9c-156d-5d91-a9f3-4876d105ce93,Kuch Kuch,2019,"Hindi, Non Film",Tony Kakkar,Tony Kakkar,Desi Music Factory,0.0
131b6daa-f385-5758-a8e9-c7fa1d9a7f11,Kushi,2019,"Hindi, Non Film",Stephen Pratheek,Pawan Upadhyaya,Zee Music Company,0.0
f108cd3a-1924-5444-9c3d-1e405b0c1354,Kya Hua Tera Wada,2019,"Hindi, Non Film","Pranshu Jha, R.D. Burman",Majrooh Sultanpuri,Saregama,0.0
4856a55b-2f2a-5698-90ea-3e11d04d4bac,Kyu Saath Tumhara Choota Hai,2019,"Hindi, Non Film",Jeet Ganguly,Kumar Vishwas,Zee Music Company,0.0
57b254b7-8ea6-592d-82d0-073c532ae7e5,Kyun Akele,2019,"Hindi, Non Film",Kunaal - Rangon,Kunaal Verma,Indie Music Label,0.0
a6c5f272-efac-51da-b323-a83f54ffc18b,LOL - Live On Lie,2019,"Hindi, Non Film",NS Prasu,"Lokesh - I, Madhusudhan Ramadhurgam",Venus,0.0
ed1e379f-211e-514e-951f-dc5bb2df51f8,Laal Kaptaan,2019,"Hindi, Film",Samira Koppikar,"Saurabh Jain, Puneet Sharma, Sahib",Eros Music,0.0
fd12f201-777e-5e36-9768-8092a89e95a6,Ladka Mamuli Sa,2019,"Hindi, Non Film",Ravi Singhal,Irshad Kamil,Zee Music Company,0.0
c483ebe5-4af1-51b2-89d1-c9eb05c77373,Launda Bada Sakht Hai,2019,"Hindi, Non Film",Kryso,Sumit Kataria,Zee Music Company,0.0
8a4d81c8-df59-541d-be28-1625c3a455f7,Laut Ke Aaja,2019,"Hindi, Non Film",Abee Chhajed,Abee Chhajed,Zee Music Company,0.0
e8611748-ac12-5b9c-8eae-1bf2ccdd5493,Lehrao Tiranga Pyaara,2019,"Hindi, Non Film",Rosario Dsouza,Jugdish Bhardwaj,Zee Music Company,0.0
6b5b2d3d-d50b-5215-9571-6984b6f6d814,Let's Crack It! - Student Anthem,2019,"Hindi, Non Film",Dub Sharma,"McCann Erickson, Puneet Kapoor, Pulkit Khandelwal",Sony Music,0.0
d78a3d6f-313a-5a3e-90c9-29175ea1fecc,Life Mein Time Nahi Hai Kisi Ko,2019,"Hindi, Film",Praveen Bharadwaj,Praveen Bharadwaj,Zee Music Company,0.0
03b81e73-eac5-5498-8559-94e57a968eb7,Lillah,2019,"Hindi, Non Film",The A Team,Manoj Yadav,Gaamaapaa Global Soundz,0.0
e30fde05-1d20-5a86-be03-446dd0c58de5,Little Baby,2019,"Hindi, Film",Vickey Prasad,"Shellee, Satwika Jha",Zee Music Company,0.0
bd7b7cda-50c0-5b1e-bd69-2254e26de322,Logon Ki Jali,2019,"Hindi, Non Film","Sagar Sathe, Rahul Sathe","Minna Singh, YSB Young Saby",Zee Music Company,0.0
9e954100-a2b8-5f98-a417-674fdc9d6f52,Love In College,2019,"Hindi, Film","Vinod Kumar - VII, Rajesh Ghayal, Shyam Soni","Shyam Soni, Rajesh Ghayal",Zee Music Company,0.0
d2fb4491-c28b-5f10-b24b-eeef4a989726,Luka Chuppi,2019,"Hindi, Film","White Noise Studios, Dilip Sen - Sameer Sen, Tony Kakkar, Tanishq Bagchi, Goldboy, Gurmeet Singh - II, Aman Jay, Bob, Abhijit Vaghani","White Noise Studios, Anand Bakshi, Tony Kakkar, Mellow D, Young Desi, Nirmaan, Harmanjit, Kunaal Verma, Raja - III",T-Series,0.0
42b2c903-0fae-5bc6-89b2-d2f92bc1ba2b,Maa,2019,"Hindi, Non Film",Anuj Garg,Puneet Sharma,Zee Music Company,0.0
9d5c1df5-922c-5427-9452-f31c47f63363,Maahi (Rewind Version),2019,"Hindi, Non Film",Sharib - Toshi,Sayeed Quadri,Sony Music,0.0
04afcb0c-2085-5620-8226-75545718694e,Maaserati,2019,"Hindi, Non Film",Tanishk Bagchi,Vayu,Sony Music,0.0
9e0afeaa-d49c-5f66-9ac5-6f5f7abe47ff,Machayenge,2019,"Hindi, Non Film",Tony James,Emiway Bantai,Artist Aloud,0.0
3b9f4ecc-3a96-528c-90ec-261c68d289c6,Made In China,2019,"Hindi, Film","Sachin - Jigar, Mahesh - Naresh, Delta Sound","Priya Saraiya, Sachin Sanghvi, Niren Bhatt, Jigar Saraiya, Vayu",Sony Music,0.0
baab0b38-7cbc-5a13-9953-1af17e8cc063,Main Bawra,2019,"Hindi, Non Film","Revolution, Suvam Mukherjee, Rajshekhar Debroy",Rajshekhar Debroy,Zee Music Company,0.0
66849760-a491-5959-b9da-bae708466ad3,Main Musafir,2019,"Hindi, Non Film",Vinay Kapoor,Akash Tyagi,Zee Music Company,0.0
36ee0dc1-d75b-5483-946c-e1dd61befe08,Main Sharabi Tu Sharabi,2019,"Hindi, Non Film",Arslan Aslam,Arslan Aslam,Saga Music,0.0
10298a35-e1c7-5925-bdfa-cef34ba6ac62,Main Sochta Hoon,2019,"Hindi, Non Film",Gaurav Patil,Gaurav Patil,Zee Music Company,0.0
b2ca0741-2202-5e5b-a2a8-5ac9de977c7d,Main Teri Hoon,2019,"Hindi, Non Film",Sachin - Jigar,Priya Saraiya,T-Series,0.0
2d81c0f0-c34a-5111-bb70-894c0c45e72e,Main Wahi Hoon,2019,"Hindi, Non Film",Raftaar,"Raftaar, Karma",Zee Music Company,0.0
4275b67a-e22c-5462-8204-a344b8948e7e,Main Wapas Aaunga (A Tribute To Pulwama Soldiers),2019,"Hindi, Non Film",Anu Malik,Javed Akhtar,Venus,0.0
2ea7fa5a-3f48-5831-bcc3-050f8066691d,Main Zaroor Aaunga,2019,"Hindi, Film","Rajendra Shiv, Sugat Dhanvijay, Sandeep Batra","Abhendra Kumar Upadhyay, Sugat Dhanvijay, Azeem Shirazi",Zee Music Company,0.0
5d993878-1f75-5912-ba97-fe4844a77bd3,Malaal,2019,"Hindi, Film","Sanjay Leela Bhansali, Shreyas Puranik, Shail Hada","Prashant Ingole, A.M. Turaz, Vimal Kashyap",T-Series,3.0
6ea2cccc-a1dd-5199-a0a9-17ef6706265c,Malang Hui Tere Ishq Mein,2019,"Hindi, Non Film","Jitendra Vishwakarma, Arvind Kumar - III",Kishan Paliwal,Zee Music Company,0.0
1c3ad8e8-583e-5d98-a465-234fccdba672,Man Meriye,2019,"Hindi, Non Film",Imran Shahid,Imran Shahid,Zee Music Company,0.0
745dd8da-ce68-5dc9-8cab-00a7be4c79bc,Manikarnika - The Queen Of Jhansi,2019,"Hindi, Film",Shankar - Ehsaan - Loy,Prasoon Joshi,Zee Music Company,3.0
2a1e4892-d8a4-5070-a477-076040a8de0f,Manmohiya,2019,"Hindi, Non Film","Kartik Shah, Maatibaani",Manoj Yadav,Maatibaani,0.0
4c369c33-19fd-5ebf-8308-09eb8af3878b,Mansukh Chaturvedi Ki Atmakatha,2019,"Hindi, Film",Shivang Mathur,"Shayra Apoorva, Sumeet Tyagi",Zee Music Company,3.0
e6de489f-c7cd-57b8-8ca7-c6e82da16b05,Manwaa Kyun Darre,2019,"Hindi, Non Film","Traditional, Sangeeta Pant","Traditional, Sangeeta Pant",Zee Music Company,0.0
a921ab31-e8a4-5ebd-b661-ff9b8286b929,Mard Ko Dard Nahi Hota,2019,"Hindi, Film",Karan Kulkarni,"Garima Obrah, Karan Kulkarni, Santanu Ghatak, Hussain Haidry",Zee Music Company,4.0
e5a98b71-5593-5cdc-bae8-810cb9366713,Marjaavaan,2019,"Hindi, Film","Payal Dev, Tanishk Bagchi, Kalyanji - Anandji, Meet Bros, Nikhil - Vinay, Laxmikant - Pyarelal, Yo Yo Honey Singh, Aditya Dev, Sanjoy Chowdhury","Kunaal Verma, Tanishk Bagchi, A.M. Turaz, Indeevar, Rashmi Virag, Kumaar, Manoj Muntashir, Yo Yo Honey Singh, Dope Boy Leo, Singhsta, Traditional, Mumtaz Aziz Naza",T-Series,0.0
924c979e-af20-5ace-8841-293951247e34,Marrne Bhi Do Yaaron,2019,"Hindi, Film",Rajendra Shiv,"Ravi Chopra - I, Nitin Raikwar, Piyush Aaditya, Arshad Ajmeri",Boo Filmz,0.0
5ebee7df-5f75-58de-b537-54d58ab0440f,Mashaalein,2019,"Hindi, Non Film",Samira Koppikar,Puneet Sharma,Zee Music Company,0.0
8fb6b94b-7a0a-5669-b0a8-d5fefe760a83,Maula,2019,"Hindi, Non Film",Gaurav Sharma - I,Gaurav Sharma - I,Zee Music Company,0.0
de018607-2a90-5704-b9a5-742459e54eb9,Maula Mere Maula,2019,"Hindi, Non Film",Shabab Azmi,Jamil Ahmed,Venus,0.0
7e25f6d8-4758-513e-a27a-5b0a37442bde,Mausam,2019,"Hindi, Non Film",Sujeet Thakur,"Sujeet Thakur, Sumeet Thakur",Times Music,0.0
94f19cb0-cef0-5111-ba75-d4fdab89802d,Meherbaan,2019,"Hindi, Non Film",Nauman Ahmed,Nauman Ahmed,T-Series,0.0
d1be7e03-3893-5f3b-890f-7f484cf896c9,Mera Desh,2019,"Hindi, Non Film",Rupak Tiary,Rupak Tiary,Times Music,0.0
c7860dfb-9e44-5c20-88db-140dadd32cdd,Mera Dil Bhi Kitna Pagal Hai (Unplugged Version),2019,"Hindi, Non Film","Nadeem - Shravan, Raj Barman",Sameer,Venus,0.0
d1bdffbc-f2e7-5958-92f2-b0eb32a8596e,Mera Khudaya,2019,"Hindi, Non Film",Satya Kashyap,Dharmendra Baghel,Zee Music Company,0.0
7a8c470c-0041-5a54-8e5c-769963695eac,Mere Aas Paas,2019,"Hindi, Non Film","Arghya Banerjee, Sanjeev Chaturvedi",Sanjeev Chaturvedi,Zee Music Company,0.0
1eb4ebf8-ce48-50f4-b7dd-ede13aa06e0b,Mere Khwaja Mere Humsafar,2019,"Hindi, Non Film",Jayvant Dagadu Patil,Jayvant Dagadu Patil,Zee Music Company,0.0
2f6062bd-37b5-5440-8562-aeadfe7daaaa,Mere Pyare Prime Minister,2019,"Hindi, Film","Shankar - Ehsaan - Loy, C. Ramchandra","Gulzar, Bharat Vyas",Sony Music,3.5
4b1bcb26-5361-5a00-b399-42efe030fff7,Mere Sajdo Ki Dua,2019,"Hindi, Non Film",Raja Ali,Vijay Vijawat,Ultra,0.0
1f34000b-60f8-52f1-aca3-e01071d33c69,Mere Sapno Mei,2019,"Hindi, Non Film","Danish Alfaaz, Ritik Chouhan",Danish Alfaaz,Zee Music Company,0.0
55e371b3-4fb8-54ea-b9f1-73f12efebe9c,Mere Yaar Ki Yaari,2019,"Hindi, Non Film","Abubakr Khan, Abhinav Singh",Shefali Sharma,Songster,0.0
ca4b20c5-a6ed-5849-9643-e0ea508cf1c9,Meri Baari,2019,"Hindi, Non Film",Music MG,Milind Gaba,T-Series,0.0
e38088ca-1e1b-5a0d-bedf-1bc92bb124fd,Meri Baaton Ne,2019,"Hindi, Non Film",Sundeep Gosswami,Naveen Tyagi,Indie Music Label,0.0
f79aa9fc-beb2-5983-b6ed-591522fdca09,Meri Hasi,2019,"Hindi, Non Film",Amjad - Nadeem - Aamir,Rajesh Nishad,Zee Music Company,0.0
248e54fd-e048-576e-ac52-44f8fbd65678,Meri Kahaani,2019,"Hindi, Non Film","Archit Tak, Samarth Janve",Sanjay Lachwani,Zee Music Company,0.0
732febc2-df34-55d5-a7d0-bbbb7c4726a4,Meri Kahani,2019,"Hindi, Non Film","Anand Parmar, Tanuj Jaitly","Anand Parmar, Tanuj Jaitly",Zee Music Company,0.0
0ad4bb57-bbe0-5c8e-ab55-e916217198f3,Meri Maa,2019,"Hindi, Non Film",Sagnika Saha,Sanket Kumar Mishra,Zee Music Company,0.0
3016df6c-0e7e-511b-a76e-58ac82b2a031,Meri Niyaaz Tu,2019,"Hindi, Non Film",Ameya Mulay,Qais Jaunpuri,T-Series,0.0
66b7af71-233c-5b87-8370-0662bc861b5c,Meri Rawani,2019,"Hindi, Non Film",Hriju Roy,Dr. Deepak Dhusia,Worldwide Records,0.0
452ce212-7c35-5433-834a-afdb14b316e2,Meri Yaad,2019,"Hindi, Non Film","Babli Haque, Meera - V",RJ Alok,Zee Music Company,0.0
b1f02c84-3b24-5900-9232-d3c4136c6e29,Milan Talkies,2019,"Hindi, Film","Rana Mazumder, Akriti Kakar","Amitabh Bhattacharya, Akriti Kakar",Zee Music Company,3.0
d807e023-32c7-5545-a288-42d8c00789a3,Milky Silky,2019,"Hindi, Non Film",Pranab Baral,Pranab Baral,Zee Music Company,0.0
8975e016-b1fd-5f8f-a5c3-6722f2144954,Milo Na Tum,2019,"Hindi, Non Film","Gajendra Verma, Madan Mohan","Kaifi Azmi, Gajendra Verma",Saregama,0.0
59b8784b-9452-5364-941b-8bbe2c927d7a,Mission Mangal,2019,"Hindi, Film","Amit Trivedi, Tanishk Bagchi","Amitabh Bhattacharya, Tanishk Bagchi",Zee Music Company,0.0
7072de6f-11e8-529e-a655-5385723faeb3,Mohabbat,2019,"Hindi, Non Film",Kaam Bhaari,Kaam Bhaari,Incink Records,0.0
67167b76-332c-5923-b00f-2e3e0c7b912d,Mohobat Hui Hain,2019,"Hindi, Non Film",Adrita Jhinuk,Adrita Jhinuk,Zee Music Company,0.0
7c40d838-8520-5b7f-9920-0387b674a34e,More Than Friends,2019,"Hindi, Non Film",Master-D,Amit Malhotra,Zee Music Company,0.0
bf0029ce-e99c-5a87-9e14-291224e55746,Motichoor Chaknachoor,2019,"Hindi, Film","Amjad - Nadeem - Aamir, Ramji Gulati, Arjuna Harjai, Bharat - Hitarth, Siddharth Amit Bhavsar, Abhijit Vaghani","Kumaar, Bharat Menaria, Siddharth Amit Bhavsar, Kunal Verma",Zee Music Company,0.0
4c6005f4-f9a0-52fe-a67b-def972099ced,Mujhe Tu Bata,2019,"Hindi, Non Film","Shikhar Rastogi, Yashwant Singh Pawar",Yashwant Singh Pawar,Ultra,0.0
38d947eb-fec2-5d38-b8e0-d7811c4b41da,Mujhse Juda Hona Nahi,2019,"Hindi, Non Film",Javed Hussain - I,Javed Hussain - I,Zee Music Company,0.0
aa18192d-28da-56f7-9dbf-9cb0aa27ea0d,Mulakatein,2019,"Hindi, Non Film",Ravish Ram,Aashish Masih,Worldwide Records,0.0
67242d98-272f-5693-95ff-53b54940d751,Muqammal Hua,2019,"Hindi, Non Film",Shobayy,"Shobayy, Suspense",Zee Music Company,0.0
aea5d738-e22d-51ca-a12e-a951a46dfc99,Musafir,2019,"Hindi, Non Film",Pawan Muradpuri,Rafat Abbas Ali,Zee Music Company,0.0
7ad133ac-69bc-5c86-88ee-267b9777d1e0,Mushkil,2019,"Hindi, Film","Vardan Singh, Ravi Chopra - I","Anjan Sagri, Ravi Chopra - I",Zee Music Company,0.0
acf94938-039c-5a7d-a259-1d956088bb1c,Music Teacher,2019,"Hindi, Film","Rochak Kohli, R.D. Burman","Gulzar, Gurpreet Saini, Yogesh Gaud, Adheesh Verma",Saregama,3.5
5abe73ee-2070-506c-b532-d4f5e1afbfdc,Na Ruke,2019,"Hindi, Non Film",Sagar Dhote,Sonny Ravan,Zee Music Company,0.0
b10ac0d3-4b61-56cd-8ede-d61938177825,Naach Nachaniya,2019,"Hindi, Non Film",Harry Anand,Kaviczar,Zee Music Company,0.0
481732ab-a8c7-59e9-be57-127850563636,Naachne Ka Shaunq,2019,"Hindi, Non Film","Raftaar, Brodha V, Tom Enzy","Raftaar, Brodha V",Zee Music Company,0.0
1c427344-daac-5654-a0de-ce184714805e,Naagin Dance,2019,"Hindi, Non Film",Akash Dadlani,"Love Bagga, Sufi Khan",Zee Music Company,0.0
f916b258-4a64-5146-afa6-36c51e3506af,Naagin Jaisi Kamar Hila,2019,"Hindi, Non Film",Tony Kakkar,Tony Kakkar,Desi Music Factory,0.0
aa696266-ae81-5b69-940a-4671336c7379,Naam Ada Likhna,2019,"Hindi, Non Film","Shreyas Puranik, Shantanu Moitra",Gulzar,Times Music,0.0
b30266dc-7e0c-5231-95b6-52d742ebfb42,Naina,2019,"Hindi, Non Film",Gourov - Roshin,"Danish Sabri, Devshi Khanduri, Shellee",Sony Music,0.0
f1f8b6d8-6a98-5984-a2c1-e7025e2af109,Naina Mere,2019,"Hindi, Non Film",Shourya Ghatak,Susmita Basu Majumdar,T-Series,0.0
476090db-3b10-5c3e-be5f-d1fd94fd6b91,Naina Naina Tere Naina,2019,"Hindi, Non Film",Nishikant Panda,Ashok - V,Zee Music Company,0.0
950e8899-456f-55bc-9747-52d853749401,Naseeba,2019,"Hindi, Non Film",Shaan,Kunwar Juneja,Zee Music Company,0.0
f2244668-6ebe-5d57-8dde-d7364c6917f8,Nasheeli Aankhein,2019,"Hindi, Non Film",Sachet - Parampara,Sachet - Parampara,Sachet - Parampara,0.0
a066dd85-1c77-5e8a-94b0-739d6ff4b72a,Nasheli Nasheli,2019,"Hindi, Non Film",Wajid Saeed,Syed Khurram,T-Series,0.0
5002ea9b-41d2-571f-8456-37b08a29ce11,Naughty Gang,2019,"Hindi, Film","Paresh A. Shah, Traditional","Rashmi Virag, Kumaar, Traditional, Pankaj Kr. Virat",Zee Music Company,0.0
cd9b45c6-3107-5461-9af7-6062de0aa149,Neendein,2019,"Hindi, Non Film",Jeet Ganguly,Rashmi Virag,Zee Music Company,0.0
8bb37dc8-e73a-5e1b-9bb4-ae9c83c6fdd3,Neendo Se Breakup,2019,"Hindi, Non Film",Meet Bros,Kumaar,MB Music,0.0
99ea3bdc-4889-5a3b-9d9c-2207f3d47f29,Never,2019,"Hindi, Non Film",Goldboy,"Goldboy, Nirmaan",T-Series,0.0
eb3ddf0a-94d8-5f07-8d41-7995702c9e79,Noor,2019,"Hindi, Non Film",Akarsh Shetty,"Ruby - III, Samsher",T-Series,0.0
5fcd9e60-b085-5123-b87e-54855839043d,Notebook,2019,"Hindi, Film",Vishal Mishra,"Akshay Tripathi, Abhendra Kumar Upadhyay, Vishal Mishra, Kaushal Kishore, Vibha Saraf, Traditional, Manoj Muntashir",T-Series,3.5
06be3376-5dfe-504c-83bd-516d00b18b84,O Maa,2019,"Hindi, Non Film",Nihar Mayekar,Preeti Pai,Times Music,0.0
14071f3b-0da3-57bd-b764-7edb4e770671,O Mere Yaron,2019,"Hindi, Non Film",Somnath Yadav,Somnath Yadav,Zee Music Company,0.0
d1cfe714-d7c6-5457-bc79-7602f467edce,O Meri Jaan (Rewind Version),2019,"Hindi, Non Film","Pritam, Raj Barman",Sandeep Srivastava,Sony Music,0.0
0bbdb31f-8286-5fe6-936e-744f422d3374,Officer Arjun Singh IPS,2019,"Hindi, Film","Liyakat Ajmeri, Anand Raj Anand","Ahmed Siddiqui, Laxmi Narain Pandey, Satya Prakash - II, Husna Khan",Zee Music Company,0.0
9735c9b7-2844-5cca-9946-1afbb0287bad,On My Way,2019,"Hindi, Non Film",Ramji Gulati,Kumaar,Zee Music Company,0.0
ca96352a-6845-599a-916c-a8eeade06008,One Day - Justice Delivered,2019,"Hindi, Film","Joy - Anjan, Vikrant - Parijat, Rishi Singh","Alaukik Rahi, Smita Kabra, Vinu Sangwan",T-Series,3.0
695377a0-2b25-525a-a070-7a1206ad53df,One India My India,2019,"Hindi, Non Film",Mithoon,Sayeed Quadri,Boss India Entertainment,0.0
3fa85ec9-dc9e-5965-a9a4-fcb0d618f774,Orio & Marigold,2019,"Hindi, Non Film",Mujeeb Majeed,Satyvredh Jadeja,Times Music,0.0
4a8d65a1-7097-52bf-b15f-51be88ea15bf,Overtake,2019,"Hindi, Non Film","Nandy Tens, Kevin",Kevin,Zee Music Company,0.0
2aa8af7c-2038-5762-91a6-a8aa84d82f68,P Se Pyaar F Se Farraar,2019,"Hindi, Film","Ripul Sharma, Sanjeev - Ajay","Ripul Sharma, Sanjeev Chaturvedi, Srishti Verma, Buddha Mukherjee, Vipul Ghangale, Milind Gadhavi",Zee Music Company,0.0
9c26735b-648d-5a12-9deb-745c58c5ca21,PM Narendra Modi,2019,"Hindi, Film","Shashi - Khushi, Hitesh Modak, Shankar - Ehsaan - Loy, A.R. Rahman","Prasoon Joshi, Lavraj, Parry G, Sameer, Sardaraa, Javed Akhtar",T-Series,3.0
41ca371c-7abd-52a8-b6fb-8611001d56cf,Paagal,2019,"Hindi, Non Film",Badshah,Badshah,Sony Music,0.0
8b46c621-e409-5f98-8dcd-ea88d509a4a3,Paani Tera Rang,2019,"Hindi, Non Film",Amjad - Nadeem - Aamir,"Amjad - Nadeem, Pawan Kumar - V",Zee Music Company,0.0
a978de03-8517-5d13-8332-30ff03b2fd4a,Pagal Sa Rapper,2019,"Hindi, Non Film",,Emiway Bantai,Artist Aloud,0.0
c890e5bd-5642-5f36-8b4e-0c7916508031,Pagalpanti,2019,"Hindi, Film","Tanishk Bagchi, Himesh Reshammiya, Nayeem - Shabir, Yo Yo Honey Singh, Laxmikant - Pyarelal, Sajid - Wajid","Shabbir Ahmed, Sudhakar Sharma, Arafat Mehmood, Yo Yo Honey Singh, Tanishk Bagchi, Anand Bakshi, Danish Sabri",T-Series,0.0
f37ef3ef-8ca5-5eaa-9f0a-d920065c95c6,Pagli Tere Liye,2019,"Hindi, Non Film",Ratan Rawani,Ratan Rawani,Zee Music Company,0.0
263daa49-501a-5ef5-8cd8-ab5125ce0b53,Paharganj,2019,"Hindi, Film",Ajay Singha,"Shellee, Mohit Pathak",Sony Music,0.0
04648ae1-c239-5259-a63c-78cc80626dc5,Paisa Paisa,2019,"Hindi, Non Film",Rasla,"Farhan Khan - I, Shaikhspeare",Sony Music,0.0
71398c83-f62c-54dc-8798-ec917c0acf0f,Pal Pal Dil Ke Paas,2019,"Hindi, Film","Sachet - Parampara, Rishi Rich, Tanishk Bagchi",Siddharth - Garima,Zee Music Company,0.0
c93ac680-f9ec-553c-b309-7e3d7c4ae86f,Pani Pani Re (Rewind Version),2019,"Hindi, Non Film","Aditya Dev, Vishal Bhardwaj",Gulzar,Sony Music,0.0
482bf5db-1994-50be-84ff-40b03bc1f8f8,Panipat,2019,"Hindi, Film",Ajay - Atul,Javed Akhtar,Zee Music Company,0.0
64f791d6-8631-5d74-a816-bf6fdf407597,Parichay,2019,"Hindi, Non Film","Byg Byrd, Ikka Singh","Ikka Singh, Amit Bhadana",Fab Entertainment,0.0
8785ca28-53bc-5a9e-945c-69a9d9ba6e5b,Pass Aane De,2019,"Hindi, Non Film","Altaaf Sayyed, Manny Verma",Jamil Ahmed,Zee Music Company,0.0
369854a7-a03e-5693-9a45-651aa7320f71,Pati Patni Aur Woh,2019,"Hindi, Film","Tanishk Bagchi, Tony Kakkar, Anand - Milind, Sachet - Parampara, Rochak Kohli, Lijo George, DJ Chetas","Tony Kakkar, Tanishk Bagchi, Mellow D, Shabbir Ahmed, Sameer, Navi Ferozpurwala, Kumaar",T-Series,0.0
bb2685c6-7940-5841-9034-48d966efd1f3,Pehli Baar Mile Hain - Unplugged,2019,"Hindi, Non Film","Nadeem - Shravan, Raj Barman",Faaiz Anwar,Venus,0.0
db9aa3a1-1dad-59b8-a458-658720b926a4,Penalty,2019,"Hindi, Film",Prini Siddhant Madhav,"Azeem Shirazi, Atique Allahabadi, Prini Siddhant Madhav, Ozil Dalal",Zee Music Company,3.0
ddf9966c-2a00-5c9a-a471-ee7833169c55,Phone Pe Baat,2019,"Hindi, Non Film",Prashant Satose,Saaveri Verma,Strumm Entertainment,0.0
4a7ccc5b-d6e5-5205-8c20-cd4ce16bc75a,Poori Raat Bahar,2019,"Hindi, Non Film",Rob C,Rob C,Rob C,0.0
18dea1cd-6403-5aa3-9d0f-e656235e7aa6,Pranaam,2019,"Hindi, Film","Vishal Mishra, Jaan Nissar Lone","Manoj Muntashir, Shiv Sagar Singh",T-Series,3.0
447e64c2-5306-5b97-9b93-71daede31de2,Prassthanam,2019,"Hindi, Film","Farhad Samji, Ankit Tiwari, Vikram Montrose","Farhad Samji, Anurag Bhomiya, Yash Eshwari, Atique Allahabadi, Shekhar Astitwa",Zee Music Company,0.0
f56bda0f-a320-5abb-b3e9-a6aaf4d7fd28,Psycho,2019,"Hindi, Non Film",Rajjat Sharma,Dev Negi,Indie Music Label,0.0
c6a1ff19-2022-53d8-93dc-1879606af7a1,Pyaar Ho Gaya,2019,"Hindi, Non Film","DJ UpsideDown, Rahul RBG",Rahul RBG,T-Series,0.0
3afc4b87-1302-5147-af31-04beb5ce292f,Pyaar Moh Maya Hai,2019,"Hindi, Non Film","Priyanka Singh - I, Arya Sharma",Yadav Raj,Venus,0.0
613dcdfc-6fdf-5140-91ec-6c21986731ae,Pyaare Kya Hoga,2019,"Hindi, Non Film",Dudul Saikia,Sunil Bhatia,T-Series,0.0
ba85ad39-e0ae-5b2f-8922-46daf02b75c3,Pyar Aa Raha Hai,2019,"Hindi, Non Film","Sharik Ali, Karan Singh - IV",Shivraj Sharma,Yellow & Red Music,0.0
0c2ba4fa-a079-5e69-b255-590050e56fc5,Pyar Ho Na Jaye,2019,"Hindi, Non Film",Devotees Insanos,Deep Ohsaan,T-Series,0.0
71d31e6f-5c57-59e0-90c4-aabf421476e6,Raanjhna,2019,"Hindi, Non Film",Parivesh Singh,NR. Neelkanth,Zee Music Company,0.0
5da1a37b-7546-5dd1-9a98-0d98b1b00701,Raasta,2019,"Hindi, Non Film",Xubaan,Nirmal Sunkari,Voila Digi,0.0
ef9e9691-adac-53a4-886d-df6d50e83225,Raat Aayi,2019,"Hindi, Non Film",Vikas Trilok Chand,Vihaan,Zee Music Company,0.0
1b7b8408-dde6-5e51-b886-ed6710836111,Raatein Kar Na Kharaab Tu,2019,"Hindi, Non Film",Suhail Zargar,Suhail Zargar,Zee Music Company,0.0
bee16642-1274-5942-8bd2-1dff5a95f9cf,Raja Ko Rani Se (Recreated Version),2019,"Hindi, Non Film","Anu Malik, Pranshu Jha",Majrooh Sultanpuri,Venus,0.0
88e3fda4-1c3a-563e-bf0c-faec9b38bd08,Ram Ki Janmabhoomi,2019,"Hindi, Film",Ali Faishal,"Deepak Noor, Sanoj Mishra",T-Series,0.0
8b787ea0-b4d7-52e2-9cab-ecc3ca9b1ecf,Rang Do,2019,"Hindi, Non Film",Mohit Pathak,Mohit Pathak,Venus,0.0
b627e427-acb8-53fd-b10c-c5ec49b23489,Rangeela Raja,2019,"Hindi, Film",Ishwar Kumar,"Mehboob, Sikander Bharti",Ultra,0.0
b6d1c0ed-1537-5adc-9010-930b5ab5b9e7,Rangreziyan,2019,"Hindi, Non Film",Vaibhav Vashishtha,Ravi Yadav - I,Zee Music Company,0.0
090545e1-cfaf-5e3f-8d62-e49abc7d0fbe,Rani Teri Vodka,2019,"Hindi, Non Film",Sachet - Parampara,Navi Ferozpurwala,Sachet - Parampara,0.0
f297acf6-b7b4-5600-8e2e-322cc55a5789,Rap ka Mausam,2019,"Hindi, Non Film",Moit,Raga,Sony Music,0.0
e05f95ee-e061-5cb6-8764-e3563d3a0eb4,Raw,2019,"Hindi, Non Film",Sun J,Sun J,Sony Music,0.0
ea2c1fc1-e3f5-5a5d-af93-7ceca8753408,Rehne Do Zara,2019,"Hindi, Non Film",Anurag Saikia,Kunaal Verma,Times Music,0.0
9ae9897f-88e7-53e0-a5c5-1cb5671f2b8d,Rescue,2019,"Hindi, Film","Ritesh Yadav, Vivart Rangari, Rahul Ganesh Thulsiram","Ritesh Yadav, Abhishek Paliwal",Ultra,3.0
dcad2fe1-b13f-53b9-9701-c9d78cc9a252,Rest In Peace,2019,"Hindi, Non Film",Ace,Ace,Zee Music Company,0.0
0d4f2311-ca2e-5d52-975c-54ffc5ca78d1,Romeo Akbar Walter - RAW,2019,"Hindi, Film","Shabbir Ahmed, Sohail Sen, Raaj Aashoo, Ankit Tiwari","Shabbir Ahmed, Ashok Punjabi, Murali Agarwal, Prince Dubey",Times Music,0.0
768cad0e-1165-55c8-8810-f4edf193432d,Ruk Jao Tum,2019,"Hindi, Non Film",A-Shock,Deepak - IV,T-Series,0.0
4ec63cd1-3752-57e5-aa85-f96fe31d99ea,Ruka Hoon,2019,"Hindi, Non Film",Sachin - Jigar,Jigar Saraiya,Sony Music,0.0
7a2f09a0-cf8a-5246-9e21-9a2491a75824,Ruka Ruka,2019,"Hindi, Non Film","Vasudev Gandharva, Digvijay Singh Pariyar","Vasudev Gandharva, Puneet Sharma",Big Bang Records,0.0
4d1f4a54-5129-5341-9dd6-29a6343217a6,Rula Ke Gaya Ishq,2019,"Hindi, Non Film",Sunny Inder,Kumaar,Zee Music Company,0.0
f4fbe353-b380-50d5-b207-c9d0c16e5d65,Rutbaa,2019,"Hindi, Non Film",Naash94,"Prashant Kumar - I, Stackk",Zee Music Company,0.0
358d0fba-e4c3-5844-9b75-c7bc4410dc35,SP Chauhan,2019,"Hindi, Film",Vibhas,"Abhendra Kumar Upadhyay, Devendra Kafir, Subhash Sharma - I, Traditional",T-Series,3.0
f5b3c767-b46d-56c1-abe8-6b0ff3d945d4,Saaho,2019,"Hindi, Film","Tanishk Bagchi, Guru Randhawa, Badshah, Shankar - Ehsaan - Loy","Tanishk Bagchi, Guru Randhawa, Badshah, Manoj Yadav",T-Series,3.0
6aea1a24-863f-5970-8f57-25b34ff0f223,Saand Ki Aankh,2019,"Hindi, Film",Vishal Mishra,Raj Shekhar,Zee Music Company,3.5
759d6294-8529-5dbd-bcb3-a3957e996a1a,Saanson Ko Jo Jeena Sikhaye,2019,"Hindi, Non Film","Rabindranath Tagore, Shridhar Nagraj","Rabindranath Tagore, Pinky Poonawala",Strumm Entertainment,0.0
9df95d64-1449-5c4b-b66a-53276c29e615,Saathiya,2019,"Hindi, Non Film",Vinod Venugopal Acharya,Tejaswini Parandkar,Zee Music Company,0.0
6d35c6da-ff42-56ad-8786-490e53df0551,Saathiya Tune Kya Kiya (Recreated),2019,"Hindi, Non Film","DJ Amit B, Anand - Milind",Majrooh Sultanpuri,Venus,0.0
96bf4639-7a91-583d-9eea-a69e434a806a,Sab Kushal Mangal,2019,"Hindi, Film",Harshit Saxena,Sameer Anjaan,Zee Music Company,0.0
db791d8f-21e4-5da1-b2cc-93be7547f63c,Sahilon Ko Pata Kya Hai,2019,"Hindi, Non Film",Kirti Killedar,Aalok Shrivastav,Zee Music Company,0.0
2c72cd8c-5212-5d49-9bd8-2f371dc794cb,Saiyaan,2019,"Hindi, Non Film",Lalitya Munshaw,Lalitya Munshaw,Red Ribbon,0.0
bcb1ed70-2f00-5d91-9dce-77c0a8b41e7b,Saiyyan,2019,"Hindi, Non Film","Yash Wadali, Sufi Khan",Sufi Khan,T-Series,0.0
bf203ed7-c05e-508c-b47e-b73ace62cee0,Sajda Karu,2019,"Hindi, Non Film",Asad Khan,Raqueeb Alam,Zee Music Company,0.0
9862314c-1e40-59a4-a81c-dab39da7e764,Sajna,2019,"Hindi, Non Film",Angel Borthakur,"Angel Borthakur, Abhinav Majumder",Times Music,0.0
c0b156bd-221c-5b20-80c9-94e3935412b1,Sajna Ve,2019,"Hindi, Non Film",Vishal Mishra,"Vishal Mishra, Akshay Tripathi",Universal,0.0
c7459fef-7b7a-5a81-8e2f-eee79846dff7,Sandesh,2019,"Hindi, Non Film",Pawan Muradpuri,Girish Srivastava,Zee Music Company,0.0
35537630-7ee0-576e-8280-de6072a215a5,Sanware,2019,"Hindi, Non Film",Nauman Ahmed,Nauman Ahmed,T-Series,0.0
7fef5bc0-e13f-5789-8418-dbdb7d1787df,Sarcastic Saiyaan,2019,"Hindi, Non Film",Bharat Goel,"Ashish Bhat, Parry G",Zee Music Company,0.0
782fb9b6-900f-5458-bd57-e380b8b68529,Satellite Shankar,2019,"Hindi, Film","Tanishk Bagchi, Mithoon, Sandeep Shirodkar, Rochak Kohli","Kumaar, Mithoon, Manoj Muntashir",T-Series,0.0
009fe8ed-afd6-5d4a-a69f-0efabc78c308,Saza,2019,"Hindi, Non Film",Ukshox,Ukshox,Zee Music Company,0.0
5c5a4aca-a246-5f3e-8858-82d77093c9b5,Shaitaani,2019,"Hindi, Non Film",Vickky Agarwal,Kapil - I,Zee Music Company,0.0
aba5510d-e273-56f9-a8e3-cbdddfe8f3f9,Shaktimaan,2019,"Hindi, Non Film",Crooze,Harjas,Zee Music Company,0.0
507bef19-f1a5-5c22-909b-4979c05dc7cb,Sharmaji Ki Lag Gai,2019,"Hindi, Film",Praveen Bharadwaj,Praveen Bharadwaj,Zee Music Company,0.0
3668e262-d82d-59ea-bc9f-45edd4eba616,Shauk Nahi,2019,"Hindi, Non Film",Baajewala,"Yungsta, Frappe Ash, MC Altaf",Zee Music Company,0.0
6b72577c-48c7-5fbe-b90b-d0c7c0ca829d,Sheher Mein Charche Bahut Hai,2019,"Hindi, Non Film",Santosh Ray,Mazid Khan,Venus,0.0
07efb7f5-adfd-5f46-964f-ac55c72a9286,Shukriya,2019,"Hindi, Non Film",Arko,Arko,Zee Music Company,0.0
bc47e74f-d7a3-5042-80a9-cca362c7bb67,Sitaare,2019,"Hindi, Non Film",Nikhil D'Souza,Pinky Poonawala,Nikhil D'Souza,0.0
6dbcabbb-9629-531d-a6a4-61cde895fc69,Sochenge Tumhe Pyar (Recreated Version),2019,"Hindi, Non Film","Nadeem - Shravan, Vijoy Kashyap",Sameer,Venus,0.0
77d7102e-1a89-5110-8d34-3e6b4ed85dd7,Sonchiriya,2019,"Hindi, Film","Vishal Bhardwaj, Ketan Sodha","Varun Grover, Ashok Mizaj Badr, Traditional, Abhishek Nailwal",Zee Music Company,0.0
a5f0cf0e-cf33-53dd-99aa-603f071d00ce,Song Change,2019,"Hindi, Non Film",Bad-Ash,Bad-Ash,One Music Originals,0.0
f12cd1db-62bf-5c62-8013-efda1b5505e6,Soona,2019,"Hindi, Non Film",Chandroday Ghosh,Chandroday Ghosh,Zee Music Company,0.0
36c254e3-2808-5ede-99fd-ced71e711d60,Student Of The Year 2,2019,"Hindi, Film","R.D. Burman, Vishal - Shekhar","Anand Bakshi, Anvita Dutt, Vayu, Kumaar",Zee Music Company,3.0
15239737-9f16-5382-b63e-0b3c8a87874f,Style Mera Dope,2019,"Hindi, Non Film",Iveneet Singh,Shekpuria,Zee Music Company,0.0
eaf123b7-07d1-5bdc-86bb-402637860f8f,Sugar Baby,2019,"Hindi, Non Film",Kashi - Richard,Shweta Raaj,Worldwide Records,0.0
a81bfc58-90ec-514b-9085-69809d7be61d,Sun Le Meri Dua,2019,"Hindi, Non Film",Nitesh Tiwari - I,Archit Zomin,Yellow & Red Music,0.0
9ec33b70-938c-587d-8519-0810ac44f1ed,Super 30,2019,"Hindi, Film",Ajay - Atul,Amitabh Bhattacharya,Zee Music Company,4.33
f3c6ffe1-5eab-5e5a-a283-4adfb33bfc5f,Suspense,2019,"Hindi, Film","Asif Iqbal, Sanjay - Shekar, Nitesh, M. Salim - I","Dharamvir Singh - I, Junaid Ali, Dhanraj Dadhich, Salim Ashfee",Zee Music Company,0.0
4093758f-f54a-5a9d-a8f5-5ac5a80b1414,Swag,2019,"Hindi, Non Film",Dony Hazarika,Krishna N. Sharma,Zee Music Company,0.0
1850d606-3273-56b5-8412-5608d77053f0,Syeraa Narasimha Reddy,2019,"Hindi, Film",Amit Trivedi,Swanand Kirkire,T-Series,3.0
94e482b5-8b2c-5e48-9d1a-4f3ec2e01878,Taarif Karoon Kya Uski,2019,"Hindi, Non Film","O.P. Nayyar, Sanam",S.H. Bihari,Saregama,0.0
8a17d3fb-702d-5c57-8c5a-288a2490071f,Tafseel,2019,"Hindi, Non Film",Atif Ali,"Zeeshan Rafique, Atif Ali, Farhan Gilani",Tips,0.0
d4d2e4c9-48f0-5a17-9958-ce9318e5b406,Tamasha,2019,"Hindi, Non Film",Akkhi,Akkhi,Zee Music Company,0.0
88e71ca3-8cd5-5948-b7a0-252117599367,Tarse Ye Naina,2019,"Hindi, Non Film",Ramji Gulati,Kumaar,Zee Music Company,0.0
799268bc-98d6-59ad-8245-41e53fb41357,Tera Badan,2019,"Hindi, Non Film",Mr. Kz,,Zee Music Company,0.0
9ee18f73-79c7-5c98-93ee-0201425f477e,Tera Bhai,2019,"Hindi, Non Film","Slyck TwoshadeZ, Khatarnaak Hip Hop Collective","Slyck TwoshadeZ, Sun J, Jinn, Shan Krozy",Sony Music,0.0
1d4df2f2-cbe1-5fc5-9440-25268340be39,Tera Khayal,2019,"Hindi, Non Film",Deepak Pandit,Manoj Muntashir,Times Music,0.0
a218f599-8b41-5de3-8271-0cbcab1f62f7,Tera Mera Afsana,2019,"Hindi, Non Film",Rishabh Nag,"Siddharth Singhal, Rishabh Nag",Paradigm Music,0.0
df6cf3e2-c079-5208-949c-6eb3fd849462,Tera Mera Pyaar,2019,"Hindi, Non Film",Lakshin,Lakshin,Zee Music Company,0.0
60e951a5-13f8-5dd5-9027-516be281a8ba,Tera Shehar,2019,"Hindi, Non Film",Amaal Malik,Manoj Muntashir,T-Series,0.0
bc55d4cb-5049-5217-a103-66b2d65ee619,Tere Bagair,2019,"Hindi, Non Film",Nitesh Tiwari - I,Sagar Kapoor,Yellow & Red Music,0.0
62bb16dc-c895-58f3-981d-57e553251469,Tere Bajon,2019,"Hindi, Non Film","Akul Tandon, Kunaaal Wason",Kunaal Verma,Zee Music Company,0.0
20ab9e0b-7d75-5ee6-ab57-b55ee3130bab,Tere Bin,2019,"Hindi, Non Film",Barenya Saha,"Barenya Saha, Pijush Das",Zee Music Company,0.0
35c0d591-848b-5497-b760-3572f96f05c5,Tere Bina,2019,"Hindi, Non Film",Zaeden,Kunaal Verma,Universal,3.0
963a1dcd-bbc1-5100-9626-94665a08b1dc,Tere Bina Meri Shaam Na Dhale,2019,"Hindi, Non Film","Vikrant Bhartiya, Parijat Chakraborty",Amitabh Ranjan,Zee Music Company,0.0
0f101580-bb20-5598-9697-1d668ccabfe5,Tere Bina Zindagi Se Koi,2019,"Hindi, Non Film","Asit Tripathy, R.D. Burman",Gulzar,Saregama,0.0
214988a3-a121-55c8-bf53-4afa45390e3c,Tere Binn,2019,"Hindi, Non Film",Jazim Sharma,Saaveri Verma,Times Music,0.0
b9db7767-9524-55fe-8323-bee80a9bee2e,Tere Dar Par Sanam,2019,"Hindi, Non Film","Anu Malik, Siddhant Mishra",Qateel Shifai,Tips,0.0
77b49a27-c305-5cbb-91de-a0358d0582cb,Tere Ishq Mein,2019,"Hindi, Non Film",Vishnu Mishra,Vishnu Mishra,Times Music,0.0
7f13ccb1-b155-5a1c-a2a4-c6278cb87f87,Tere Saath,2019,"Hindi, Non Film",Dev Sen,Rivo,Zee Music Company,0.0
46726dfc-b290-5ab2-a5c9-7f2f525fcabe,Tere Seene Pe,2019,"Hindi, Non Film",Vinod Bansode,Vinod Bansode,Zee Music Company,0.0
3925056c-b246-5454-87f4-18717bf42580,Teri Baatein,2019,"Hindi, Non Film","Manav Poddar, Kiran Kamath","Manav Poddar, Vimal Kashyap",Zee Music Company,0.0
09f748ef-58fa-501f-94c5-3dc51d38df62,Teri Bewafai,2019,"Hindi, Non Film",Rajesh Atibal Sharma,Sahil Fatehpuri,T-Series,0.0
ec7a9086-360e-56ac-ba0a-204b07c3983a,Teri Kami,2019,"Hindi, Non Film",Sundeep Gosswami,Naveen Tyagi,Indie Music Label,0.0
8c9c206f-c9d3-59f1-b59a-6872bdefe6d9,Teri Maujoodgi,2019,"Hindi, Non Film",Harpreet Singh,Manoj Yadav,Strumm Entertainment,0.0
cce866d8-f53c-5f3c-9de3-46364a7ebaf4,Teri Meri Prem Kahani,2019,"Hindi, Non Film",Sushil Kotrekar,Gaurav Maheshwari,Zee Music Company,0.0
b9673973-cf44-5e3d-b4a8-d313db6051c1,Teri Umeed Tera Intezar (Recreated Version),2019,"Hindi, Non Film","Mann Taneja, Nadeem - Shravan","Sameer, Naman Jain",Venus,0.0
90a17475-96fa-5e9b-9d5e-0479f04de508,Teri Yaadon Mein,2019,"Hindi, Non Film",Rishabh Srivastava,Laado Suwalka,Zee Music Company,0.0
c404327f-b1b2-5d0f-8541-955409d698d1,Thackeray,2019,"Hindi, Film","Rohan - Rohan, Sandeep Shirodkar","Manoj Yadav, Sunil Jogi, Mandar Cholkar",Zee Music Company,0.0
62e6e44b-6cf3-59b7-8039-0adffd7916e2,The Accidental Prime Minister,2019,"Hindi, Film",Sadhu Sushil Tiwari,Baba Nagarjuna,Sony Music,0.0
ff6b2412-940e-5333-84c7-613dd9d5088d,The Body,2019,"Hindi, Film","Arko, Shamir Tandon, Himesh Reshammiya, Tanishk Bagchi","Arko, Sameer Anjaan, Sameer, Manoj Muntashir, Kumaar",T-Series,0.0
6425220f-40c7-537c-9478-389593c8f4a2,The Sky Is Pink,2019,"Hindi, Film",Pritam,Gulzar,Zee Music Company,4.0
5fd0b64b-91b6-5d0f-b608-0a5dd9dd4c87,The Tashkent Files,2019,"Hindi, Film",Rohit Sharma,"Rohit Sharma, Vivek Ranjan Agnihotri, Aazad",Zee Music Company,0.0
2f561987-50b5-5861-acdd-a32ad6832b18,The Zoya Factor,2019,"Hindi, Film",Shankar - Ehsaan - Loy,Amitabh Bhattacharya,Zee Music Company,3.0
e1b01c25-12cd-56b8-a388-81dcd374b4eb,Till The End,2019,"Hindi, Non Film","Faze Black, Amaal Malik","Faze Black, Kumaar",T-Series,0.0
8af9195c-dbf3-5737-a4c5-a3c90152bf75,Tootey Khaab,2019,"Hindi, Non Film",Songster Music,Kunaal Verma,T-Series,0.0
dda2d554-a745-5098-af08-b782da095859,Top Ko Crop,2019,"Hindi, Non Film",Praful - Swapnil,Yash Eshwari,Zee Music Company,0.0
5e01b5c5-dfc9-5b49-8b5e-e8c0f6ef0b3b,Total Dhamaal,2019,"Hindi, Film","Gourov - Roshin, Laxmikant - Pyarelal, Rajesh Roshan","Kunwar Juneja, Anand Bakshi, Majrooh Sultanpuri, Kumaar",Saregama,0.0
de974997-6343-5b0b-95da-71548ad7a8f1,Tu Aaya Naa,2019,"Hindi, Non Film",Harry Anand,Harry Anand,T-Series,0.0
1da19d9d-4a25-5f9d-a5c7-adef39d0a991,Tu Bata,2019,"Hindi, Non Film",Abhishek Nirwan,Mohit Kachchawa,Songster,0.0
78f87645-4ec8-5dbd-8c6c-e16300d33676,Tu Hi Mera Pyaar,2019,"Hindi, Non Film",Sammy D.,Mintu Verka,Zee Music Company,0.0
e5aee6d1-3516-554b-a653-6c1f2cb4a98b,Tu Mera Ishq Hai,2019,"Hindi, Non Film",Raja Ali,Vijay Vijawat,Ultra,0.0
51d59ad4-6a6b-5d64-b570-6053749e4f55,Tu Mera Rab Hai,2019,"Hindi, Non Film",Shaan,Rajesh Manthan,Shaan,0.0
57d11fa9-22a1-59fe-8ce4-3168c5badd85,Tu Na Mera,2019,"Hindi, Non Film",Arjun Kanungo,Kunaal Verma,Universal,0.0
57c3960c-bf63-5a99-aa08-f8f78c27481a,Tu Zarurat Hai,2019,"Hindi, Non Film",Faraaz Ahmed - I,"Zeeshan Khan - I, Masood Khan - I",Zee Music Company,0.0
d2126355-4e70-58fc-8d37-1692b9b56e7f,Tujhe Dekhta Hun,2019,"Hindi, Non Film",Ali Raza Pathan,Ali Raza Pathan,Red Ribbon Music,0.0
e6ad32fe-4247-5e16-9c85-15c69e93bdb7,Tujhe Jaana Hai Toh Jaa,2019,"Hindi, Non Film",Piyush Ambhore,Piyush Ambhore,Zee Music Company,0.0
f6d86f85-cd1a-5b1e-9895-1d3c8cdfa33f,Tujhe Paane Ko,2019,"Hindi, Non Film",Abhijit Vaghani,Manoj Muntashir,T-Series,0.0
dfe00dec-c481-5633-ba98-092623326e88,Tujhko Mein Palu,2019,"Hindi, Non Film",Paramvir singh,Omansh Bhardwaj,Rhythm Solutions,0.0
22ee04b9-fe8f-574b-bbff-42ad3c2de53c,Tujhme Hai Baarish,2019,"Hindi, Non Film",Vivek Kar,Ishrat Pathan,Zee Music Company,0.0
8eaa3486-56f3-588b-9cef-0e36becb43e3,Tujhse Mohabbat,2019,"Hindi, Non Film",Shtak Sharma,Piyush Shukla,Zee Music Company,0.0
1f2da699-6869-5bdb-9943-396f4a091870,Tum Jaan Ho Meri,2019,"Hindi, Non Film",Arvind - Lyton,Arvind Jha,Zee Music Company,0.0
da5602d3-a75b-55cf-bc5d-8349a8797c17,Tuu Jo Mila,2019,"Hindi, Non Film",Anjana Ankur Singh,Sunidhi Gaur,Zee Music Company,0.0
756cb770-e16b-5a01-b50b-bb27ee070e46,Udta Panchi,2019,"Hindi, Non Film",Jivitesh Kharbanda,"Jivitesh Kharbanda, I.P. Singh",Jivitesh Kharbanda,0.0
1ad77563-12c3-57d7-9e13-9f3da5084c7a,Ujda Chaman,2019,"Hindi, Film","Gourov - Roshin, Guru Randhawa, Preet Hundal","Devshi Khanduri, Guru Randhawa, Ikka",T-Series,0.0
d89992bc-e799-5b80-b72b-5f4ddcec47f8,Unfriends,2019,"Hindi, Film","Nayab Ali, Anise Ali Sabri","Satyaprakash, Rizwan Ali Sabri, Asad Ajmeri",Ultra,0.0
6b60aa36-ce97-5ab7-af70-afa287e9334d,Upar Neeche,2019,"Hindi, Non Film","Abhijeet Lahiri, Ranvir Shorey",Ranvir Shorey,Sony Music,0.0
ff963e5d-aef6-513f-9b52-5c0af5897887,Uri - The Surgical Strike,2019,"Hindi, Film",Shashwat Sachdev,"Kumaar, Raj Shekhar, Abhiruchi Chand",Zee Music Company,0.0
d586a892-9d2f-5dd5-ba43-878f7d66d4ba,Uske Bina,2019,"Hindi, Non Film","Manav Poddar, Kiran Kamath",Manav Poddar,Zee Music Company,0.0
5618f7a3-d578-5829-8d66-0a550e7008ed,Vaaste,2019,"Hindi, Non Film",Tanishk Bagchi,Arafat Mahmood,T-Series,0.0
0e87616b-eb29-5a5e-8c9a-1b7eb429c3ae,Vande Mataram,2019,"Hindi, Non Film",Rahul Bhatt - I,Rahul Bhatt - I,Zee Music Company,0.0
79a6130b-ac7d-5372-a3b7-812a1eb9af11,Ve Maahi - Deepshikha Raina Version,2019,"Hindi, Non Film",Tanishk Bagchi,Tanishk Bagchi,Zee Music Company,0.0
8d9cddcd-8091-53c7-a764-b5729b424aa9,Waada Raha Sanam (Reprise),2019,"Hindi, Non Film","Jatin - Lalit, Mann Taneja",Anwar Sagar,Venus,0.0
2db329e6-7ada-5226-b02a-46e9fb216336,Wanna Be,2019,"Hindi, Non Film","Nandy Tens, Kevin","Nandy Tens, Kevin",Zee Music Company,0.0
6b6e60dc-3fb6-5ca1-b598-36e7585312d9,Wanna Know,2019,"Hindi, Non Film",Shivam Tanna,"MSG, Shivam Tanna",Zee Music Company,0.0
37c6753a-a292-553f-b0b9-9652c1eedca9,War,2019,"Hindi, Film","Vishal - Shekhar, Sanchit Balhara, Ankit Balhara","Kumaar, Vishal Dadlani",YRF Music,4.5
a1859a23-ac38-547f-9485-0aef7bc6bcdd,Watan Ki Dhadkan,2019,"Hindi, Non Film",Rishabh Srivastava,Rajeev Srivastav,Zee Music Company,0.0
c89a7555-b051-5aa6-b1b9-167b56fba789,Why Cheat India,2019,"Hindi, Film","Guru Randhawa, Soumik Sen, Bappi Lahiri, Rochak Kohli, Kunaal - Rangon, Agnee, Krsna Solo","Guru Randhawa, Juhi Saklani, Farooq Qaiser, Manoj Muntashir, Kunaal Verma, Kumaar",T-Series,0.0
ba8612fd-7c3f-5568-bf3f-6694ed5c405a,Wo Chehra,2019,"Hindi, Non Film",Mohit 'Moh' Thakur,Mohit 'Moh' Thakur,Zee Music Company,0.0
aa56ee92-e304-54cc-b1b9-cc00f3a3ae9d,Woh Baarishein,2019,"Hindi, Non Film",Arjun Kanungo,Manoj Muntashir,Universal,0.0
c7ba975e-421f-5f4b-8cfd-73ff69d0eecb,World Cup Hamara Hai,2019,"Hindi, Non Film",Ullumanati,Ullumanati,Ziki Media Productions,0.0
b5c7faf5-2e2a-57b8-8e81-36c966fa7644,X-Ray - The Inner Image,2019,"Hindi, Film",Raaj Aashoo,"Shabbir Ahmed, Alka Khan",T-Series,0.0
fc69f7fe-6496-5a13-b896-67b32b9ba609,Yaad Karke,2019,"Hindi, Non Film",Gajendra Verma,Gajendra Verma,Virtual Planet Production,0.0
3ed9b7e3-84d4-5c49-9cf1-db56e70d1137,Yaad Piya Ki Aane Lagi,2019,"Hindi, Non Film","Tanishk Bagchi, Lalit Sen","Jaani, Lalit Sen",T-Series,0.0
bff11878-e286-54e0-b542-6df9e318b22d,Yaadein,2019,"Hindi, Non Film",Aaryan Banthia,Aaryan Banthia,Zee Music Company,0.0
39ba6a72-9a1d-5f1d-9234-64e16326c7f9,Yaar Hoon Tera,2019,"Hindi, Non Film",Sanjayraj,Atul Kumar Mishra,Zee Music Company,0.0
208ff7f7-21ae-5a71-8adf-9b312b07dfbc,Yaara,2019,"Hindi, Non Film",Nayeem - Shabir,Mani Soni,Zee Music Company,0.0
5a33df0e-fb9b-56d6-9490-b2d8550656f4,Yaaram,2019,"Hindi, Film","Rochak Kohli, Sohail Sen, Nayeem - Shabir, Jeet Ganguly","Kumaar, Dheeraj Kumar - I, Parry G",Zee Music Company,0.0
51dd2b37-9faf-59ad-ad05-a60c65970e60,Yaari,2019,"Hindi, Non Film",Swapnil Tare,Madhur Sharma - I,Times Music,0.0
664487e3-0c81-5f58-87b1-5ef6e662b77d,Yaari hai,2019,"Hindi, Non Film",Tony Kakkar,Tony Kakkar,Desi Music Factory,0.0
8ae1fb56-c3ae-5eb2-b62e-1e7cb62de467,Yaro Ne Mere Vaste,2019,"Hindi, Non Film","Vikas Vishwakarma, Shankar - Jaikishan","Rajeev Raja, Hasrat Jaipuri",Saregama,0.0
6c330df9-f0c2-5da8-9ae2-2dbda03b544c,Ye Duuriyaan,2019,"Hindi, Non Film",Rishabh Shah,Rohit Saini,Times Music,0.0
141c6cfa-46ba-5caa-8208-dc3a47ced6a0,Yeh Kaisi Bheed Hai,2019,"Hindi, Non Film",,,Zee Music Company,0.0
c9bd361a-93bf-54ba-a148-afa240162efb,Yeh Lamha Jee Le Re,2019,"Hindi, Non Film",Rabbit Sack C,Rabbit Sack C,Times Music,0.0
9d3177ac-da8e-565b-ad97-6eea1db2647f,Yeh Saali Aashiqui,2019,"Hindi, Film",Hitesh Modak,"Tanveer Ghazi, Parry G",Sony Music,0.0
aabba027-4b9a-5626-a93a-4cb1267adc2f,Yeh Sama,2019,"Hindi, Non Film","Kalyanji - Anandji, Sanah Moidutty Band",Anand Bakshi,Saregama,0.0
cee164d7-063e-5bd2-9893-cae8bd84727f,Yun Hi,2019,"Hindi, Non Film",The Toll Road,Sahil Nagpal,Zee Music Company,0.0
076d44fb-780a-51e1-9412-7ac5b2028762,Zaroori Hai Kya Ishq Mein,2019,"Hindi, Non Film",Meet Bros,Kumaar,MB Music,0.0
7b1c0e7a-19d4-525e-bc65-1003b8f72d98,Zeher,2019,"Hindi, Non Film",Kaam Bhaari,Kaam Bhaari,Incink Records,0.0
62e0f103-2cf3-5a4b-80b5-8183d75fc5ce,Zone,2019,"Hindi, Non Film",Zee-1,Zee-1,Zee Music Company,0.0
9dc1909b-eaa4-54b7-aaf6-18a89f1e7474,9 Se 5,2020,"Hindi, Non Film",Vikas Kumar - II,Vikas Kumar - II,Zee Music Company,0.0
b72df794-2e18-5709-8e87-86878430a82b,99 Songs,2020,"Hindi, Film",A.R. Rahman,"Navneet Virk, Raftaar, Anamta - Amaan, Dilshaad Shabbir Shaikh, Abhay Jodhpurkar, Shashaa Tirupati, Munna Shaukat",Sony Music,4.4
edd314d4-ecf4-50b5-a456-257e99de96fd,A Game Called Relationship,2020,"Hindi, Film","Nakash Aziz, Sargam Jassu",Vivek Sharma,Filmzone,0.0
fe3975a4-fd0f-59d5-a68e-4ef04666dd75,A Tribute To Irrfan Khan,2020,"Hindi, Non Film","M.M. Kreem, Subodhh Sharma",Nilesh Mishra,Saregama,0.0
d72fd0e2-9f88-5196-92f7-2b1175a1d041,AK Vs AK,2020,"Hindi, Film","Alokananda Dasgupta, Rakhis, NUKA","Kaam Bhaari, Rajeshwari Dasgupta Ghose",Maisie Music,0.0
746a88ba-05aa-5708-9310-295465586022,Aa Bhi Jaa,2020,"Hindi, Non Film",Soham Naik,"Soham Naik, Shoaib Firozi",Times Music,0.0
af0a2f1f-9a00-566f-96b0-fcc3189a3de4,Aa Bhi Jao Na,2020,"Hindi, Non Film",Sahajahn Shaikh,"Shree Sindhu, Abid Ali Khan - I",Zee Music Company,0.0
8653436d-67b5-5644-a7e4-20b7d3ea3322,Aadat Hai Tu,2020,"Hindi, Non Film",Dharmendra Bhadauriya,Dharmendra Ehsaas,Red Ribbon Music,0.0
d34e4687-d3ed-5cf8-aa1a-65713dea199e,Aaj Bhi,2020,"Hindi, Non Film",Vishal Mishra,"Vishal Mishra, Kaushal Kishore, Yash Anand",Universal,0.0
f283a237-a70b-5d8e-96ad-552a6efb433b,Aana Mere Pyar Ko,2020,"Hindi, Non Film","Jatin - Lalit, Aki Kumar","Majrooh Sultanpuri, Aki Kumar",Sony Music,0.0
42449da9-17ab-5b7e-9f28-43087830575a,Aashna Bann Jaayein,2020,"Hindi, Non Film",Vasuda Sharma,Vasuda Sharma,Vasuda Sharma,0.0
c742cf15-a47a-511d-a204-de7dbfd8ae3b,Aasmano Tak,2020,"Hindi, Non Film",Digvijay Joshi,,Zee Music Company,0.0
5a77361b-446a-5a65-a0aa-f1e43d5710ac,Aatishbaazi,2020,"Hindi, Non Film",Rocky - Jubin,Rocky Khanna,Malsons,0.0
780d636f-8e51-5709-8496-b1ad9689d04b,Ab Nahi Hai Ishq Humko,2020,"Hindi, Non Film",The Records House,Sajal Kumar,Zee Music Company,0.0
59353f39-c323-51db-8a16-232be7139306,Adhoora Hoon,2020,"Hindi, Non Film",Imran Shahid,Imran Shahid,Zee Music Company,0.0
c16456c4-27ff-501d-96cd-161b7008d4e0,Ae Mere Dil,2020,"Hindi, Non Film",Jeet Ganguly,Manoj Muntashir,Universal,0.0
d32acd3f-7abd-51b9-89ac-14e612a8426d,Ae Zindagi,2020,"Hindi, Non Film","Aksjit, Akhu Tush, S2hard",Aksjit,Zee Music Company,0.0
99b7a464-d1b0-509f-ac0a-ed79ae4ec3b9,Afsos,2020,"Hindi, Non Film",Badal,Badal,Truly Musical,0.0
1555562e-c5ad-580b-ab3b-bfd874c7097b,Alakh Niranjan,2020,"Hindi, Non Film",Manish Goswami,Rv888,Zee Music Company,0.0
b302abc1-10b4-5f64-8e1e-d7848af0ecf9,Angana,2020,"Hindi, Non Film",Somnath Yadav,Somnath Yadav,Zee Music Company,0.0
f127c9bc-fc99-52ab-9a72-7b1a13eaaf9c,Angrezi Medium,2020,"Hindi, Film","Sachin - Jigar, Tanishk Bagchi, Tigerstyle","Jigar Saraiya, Jasbir Phullawalia, Tanishk Bagchi, Priya Saraiya",T-Series,0.0
3d00c0f8-0cc5-5bca-9c1c-9e6e3f4b197f,Ankahaa,2020,"Hindi, Non Film",Alan - Kevin,Saaveri Verma,T-Series,0.0
3bb8f60f-ae54-5e0b-8ffc-57fa2c86f6d2,Asal Khel,2020,"Hindi, Non Film",Nickvijay,Nickvijay,Zee Music Company,0.0
c05c0c5b-e332-5e08-b45e-7d490134b248,Asal Mein,2020,"Hindi, Non Film",Darshan Raval,"Gurpreet Saini, Gautam Govind Sharma",Indie Music Label,0.0
318eef57-50dd-55ac-a534-051b2ce8e690,Asli Zindagi,2020,"Hindi, Non Film",Gufy,Jazzy Boi,Yellow & Red Music,0.0
7ea22d0d-1615-50a5-a697-1c4934e67948,Ateet,2020,"Hindi, Film",Harish Sagane,Shakeel Azmi,Zee Music Company,0.0
b0b0972a-a42b-5fcd-9bb2-8233fcc91183,Atkan Chatkan,2020,"Hindi, Film",Drums Shivamani,"Shiv Hare, Runaa Shivamani, Abhishek Brahmachari, Raqeeb Alam, Aalok Shrivastav, Sant Kabir, Maithili Sharan Gupt",Zee Music Company,0.0
9275575a-3963-5610-9dfd-dcebeb197031,Axone,2020,"Hindi, Film","Papon, M. Mangangsana, Tajdar Junaid, Traditional, Umakanta Bairagi","Vaibhav Modi, Kh. Mangi Singh, Master Warjri, M. Mangangsana, Umakanta Bairagi",Saregama,3.0
4803f1b0-44ac-5409-8639-bc72bc2538ab,Aye Hind,2020,"Hindi, Non Film",Nitesh Tiwari - I,Meharban,Yellow & Red Music,0.0
3c953289-5d90-5962-8eeb-b78c28e801db,Baaghi 3,2020,"Hindi, Film","Vishal - Shekhar, Bappi Lahiri, Tanishk Bagchi, Rene Bendali, Pranaay, Sachet - Parampara, Rochak Kohli","Panchhi Jalonvi, Indeevar, Shabbir Ahmed, Tanishk Bagchi, Ginny Diwan, Gurpreet Saini, Gautam Govind Sharma",T-Series,0.0
f75388cc-b8bc-5aac-bef1-6bde251cb314,Baap Ko Mat Sikha,2020,"Hindi, Non Film","Nandy Tens, Kevin","Nandy Tens, Kevin, Amlaan",Zee Music Company,0.0
f8dc7ead-1da2-583b-bb5e-87a153a0e87f,Baarish,2020,"Hindi, Non Film",Payal Dev,Kunaal Verma,Universal,0.0
5ad72975-bf0c-5cca-91ff-8d5d02a44cb6,Baatein Karo,2020,"Hindi, Non Film",Vayu,Vayu,Sony Music,0.0
751ee9c0-6062-5ca4-8d50-67b8df16fcc1,Babloo Bachelor,2020,"Hindi, Film","Jeet Gannguli, Indraadip Dasgupta","Rashmi Virag, Kumaar, Ashish Pandit",Zee Music Company,0.0
8b47d0ae-741a-5b89-9379-8192e6750b03,Baby Tu,2020,"Hindi, Non Film",Biplaab Dutta,Shivam Srivastava,Red Ribbon Music,0.0
fe61a874-bedc-5292-a682-5bbd71e17a9c,Badmaash,2020,"Hindi, Non Film",Saisagar,"ID Rox Inder, Saisagar",T-Series,0.0
a2ffadfd-9d2b-5cd7-a6b6-e9c980b4b23b,Bagavat,2020,"Hindi, Non Film",Intense,Jasmine Sandlas,Jasmine Sandlas,0.0
5b3793d8-d7fb-5956-9df1-e9b58d379248,Bahut Hua Sammaan,2020,"Hindi, Film","Mannan Munjal, Biddu","Parry G, Indeevar",Saregama,0.0
653f734f-5f30-5696-9739-f5420340b18d,Bahut Roye,2020,"Hindi, Non Film",Payal Dev,Surjit Khairhwala,Apni Dhun,0.0
1a36ab64-1534-5125-8afa-e3374d88011c,Bamfaad,2020,"Hindi, Film","Harpreet Singh, Vishal Mishra","Suryakant Tripathi 'Nirala', Raj Shekhar",Zee Music Company,0.0
20dcd4bb-8da5-5ae5-a936-b051ae89999e,Bandhu,2020,"Hindi, Non Film",Divij Naik,Divij Naik,Red Ribbon Music,0.0
450122bd-d5b8-5671-a306-c0d6e61d6b33,Bass Kuch Dino Ki Baat Hai,2020,"Hindi, Non Film",AMC Aman,Neeraj Kumar Pal,Zee Music Company,0.0
1ab60d82-10a9-5351-b0b9-4383c2c34bc2,Befikkri Titlliya,2020,"Hindi, Non Film",Shivang Mathur,Sumeet Tyagi,Times Music,0.0
ebfd092c-5b44-5234-bf63-ad420e9e0133,Bekhabar,2020,"Hindi, Non Film",Bibhuti Gogoi,"Khushman, Rishav Das",Zee Music Company,0.0
bf4e98f6-84d6-5b88-8210-77dbb5bddcd1,Beparwah,2020,"Hindi, Non Film",Sanjay Pathak,Sanjay Pathak,Zee Music Company,0.0
b644aad8-f377-58d3-82bd-91eb84e14c5f,Betiyaan - Pride Of Nation,2020,"Hindi, Non Film",Nisschal Zaveri,Raqueeb Alam,T-Series,0.0
38931179-ee46-5f2b-a4a3-53da0ce49d89,Bewafa Tera Masoom Chehra,2020,"Hindi, Non Film",Rochak Kohli,Rashmi Virag,T-Series,0.0
575b8028-e2d7-5019-8877-2273eef6e82c,Bewafai,2020,"Hindi, Non Film",Rochak Kohli,Manoj Muntashir,T-Series,0.0
aa222d00-591a-564e-a212-f318ad286504,Bewajah,2020,"Hindi, Non Film",Hardil Pandya,Shravan Pundirr,Indie Music Label,0.0
a1b4f023-c0d5-57f6-99d1-921a1027a50a,Bhagwan Aur Khuda,2020,"Hindi, Non Film",Lijo George,Milap Milan Zaveri,T-Series,0.0
25ec1388-eb1a-5c3a-b48f-95b2321fe9ef,Bharat Ek Saath Hai,2020,"Hindi, Non Film",M. Veer,Sonu Sood,T-Series,0.0
71002cfc-665d-56c1-81f3-4a5651f368ea,Bhartiya Rail,2020,"Hindi, Non Film","MassQline, Jatin - I","MassQline, Jatin - I",Universal,0.0
30b7b5fb-b79d-51cd-b184-67afff583ea8,Bheegi Bheegi,2020,"Hindi, Non Film",Tony Kakkar,"Tony Kakkar, Prince Dubey",T-Series,0.0
9e0170af-6f71-54f1-8250-bdb4181afc9d,Bhool Chuke Hain,2020,"Hindi, Non Film","Raees, Zain - Sam",Liaqat Jafri,Zee Music Company,0.0
c2bb6c0a-a5bb-5c0b-8f9a-9622256b05df,Bhool Ja Reprise,2020,"Hindi, Non Film",Siddharth Amit Bhavsar,Siddharth Amit Bhavsar,Times Music,0.0
65a6a9f5-ca50-5ebd-804f-27da7ce92600,Bhoot: Part One - The Haunted Ship,2020,"Hindi, Film",Akhil Sachdeva,Akhil Sachdeva,Zee Music Company,0.0
e4adf33d-d814-552a-8c8f-97be9b79599c,Bhula Dunga,2020,"Hindi, Non Film",Darshan Raval,"Gurpreet Saini, Gautam Sharma - II",Indie Music Label,0.0
9eead46b-4e0b-5568-9542-e454e21286b5,Bhula Na Teri Baatein,2020,"Hindi, Non Film",Anjjan Bhattacharya,Kumaar,Zee Music Company,0.0
e7adab0d-77c0-5f24-a471-206baa8ab48a,Bikhra,2020,"Hindi, Non Film","Yash Deshmukh, Karan Patel - I","Shoaib Firozi, Imran Khan - I",Zee Music Company,0.0
22a15677-827e-592f-95ba-5f051fd3520f,Bin Puche Ajana,2020,"Hindi, Non Film",Ami Mishra,Kunaal Verma,Zee Music Company,0.0
2ee04cbc-fac3-59ee-9fa8-3c73adbbc1a8,Boht Tej,2020,"Hindi, Non Film",Fotty Seven,"Fotty Seven, Badshah",Sony Music,0.0
8390becf-8314-52e8-bb34-63560d83be96,Captain Vidyut,2020,"Hindi, Film",Ameya Naik,Atish Tripathi,,0.0
43b60144-b317-59c9-abce-99e8d5578245,Cargo,2020,"Hindi, Film","Sagar Desai, Megha Ramaswamy",Megha Ramaswamy,Fundamental / Electric Films,3.0
1f963ccf-520a-5253-91a6-542a02bf754c,Chal Ri Sakhi,2020,"Hindi, Non Film",Bhanu Singh,Bhanu Singh,Times Music,0.0
a497c6cf-cce8-5f85-8188-e6503282191b,Chali Kahan O Janu,2020,"Hindi, Non Film",Surindra Singh,Ghulam Mohammad Khavar,Zee Music Company,0.0
f1ac4e40-6db9-5899-9462-2de8e3f1cb58,Chaman Bahaar,2020,"Hindi, Film","Anshuman Mukherjee, Amit Pradhan, Kalyanji - Anandji, Traditional","Apurva Dhar Badgaiyan, Amit Pradhan, Anand Bakshi, Traditional",Saregama,4.0
461ba3be-3a34-5eb8-bb02-ed05ebe5bbbe,Champion,2020,"Hindi, Non Film",Parichay,,Sony Music,0.0
f357c3bf-c777-5563-9347-e75a81eb740b,Chand Ka Tukda,2020,"Hindi, Non Film",Tony Kakkar,Tony Kakkar,Desi Music Factory,0.0
c84284c8-d1d8-5793-9441-a3123d1bcdad,Chhalaang,2020,"Hindi, Film","Yo Yo Honey Singh, Vee, Guru Randhawa, Hitesh Sonik, Vishal - Shekhar, MAD4it","Alfaaz, Yo Yo Honey Singh, Hommie Dilliwala, Luv Ranjan, Guru Randhawa, Panchhi Jalonvi",T-Series,0.0
3151fd83-6546-533d-b323-a77885f6c99c,Chhapaak,2020,"Hindi, Film",Shankar - Ehsaan - Loy,Gulzar,Zee Music Company,3.0
71f77f78-a4d2-584a-b9e8-efe07a9c4e0e,Chintu Ka Birthday,2020,"Hindi, Film","Bhupesh Singh, Rajeev V. Bhalla","Bhupesh Singh, Satyanshu Singh",Zee Music Company,0.0
45f4a5e9-f546-5acc-a836-4e985f0a82b8,Choked: Paisa Bolta Hai,2020,"Hindi, Film","Rachita Arora, Karsh Kale, Nucleya","Sabri Brothers, Garima Obrah, Christopher Pradeep",,0.0
511cd774-7b43-52f9-a890-8ac100482298,Chura Liya Hai Tumne Jo Dil Ko,2020,"Hindi, Non Film","R.D. Burman, Abhijit Vaghani",Majrooh Sultanpuri,Saregama,0.0
f87ad18e-7362-574d-a83f-3a4ee68886c9,Come On India Fight Back,2020,"Hindi, Non Film",Swagat Ghosh,Biswajit Gomasta,Red Ribbon Music,0.0
2eed0fed-a869-58d2-babc-843b91b167c1,Comedy Couple,2020,"Hindi, Film","Ravi Singhal, Anshuman Mukherjee, Karthik Rao, Tanmaya Bhatnagar, Reuksh Alagh","Kunaal Verma, Anshuman Mukherjee, Dipesh Singh, Karthik Rao, Tanmaya Bhatnagar",Zee Music Company,0.0
92006c43-e407-5f04-bb73-2ade5fe15f8f,Cookie,2020,"Hindi, Film","Tuhin Chongder, Somraj Ganguli","Akhlaque Khan - I, Tuhin Chongder, Somraj Ganguli",Zee Music Company,0.0
bc2673e9-36f4-500f-a1c5-c3024a9a18fd,Coolie No. 1,2020,"Hindi, Film","Javed - Mohsin, Tanishk Bagchi, Ikka, Farhad Samji, Anand - Milind, Lijo George, DJ Chetas","Danish Sabri, Shabbir Ahmed, Ikka, Rashmi Virag, Farhad Samji, Sameer Anjaan",Zee Music Company,0.0
911cd8ce-9415-509e-ba11-01357bfad30e,Dance Meri Rani,2020,"Hindi, Non Film",Tanishk Bagchi,Rashmi Virag,T-Series,0.0
2da1aced-2a1d-57f1-bfa5-c7a2c9e28261,Darbaan,2020,"Hindi, Film","Amartya Bobo Rahut, Raajeev V. Bhalla","Siddhant Kaushal, Akshay K. Saxena, Manoj Yadav",Zee Music Company,4.5
2254ef30-841b-5244-b5ba-7edb42161218,Darmiyaan,2020,"Hindi, Non Film",Abhishek Basu,Suchetana Dey,Worldwide Records,0.0
b31716c9-7b0b-5979-bc31-8d3c548d8718,Darmiyan,2020,"Hindi, Non Film",Pranshu,Pranshu,Times Music,0.0
4ddf5492-dc43-5183-aaa2-467f7c80efaa,Deewane To Deewane Hain - The Essential Mix,2020,"Hindi, Non Film","Jawahar Wattal, Ravi Pawar, DJ Suketu",Shyam Anuragi,Sony Music,0.0
12ca5aa7-18a9-512a-9afc-6e286073f3ca,Dekh Lene Do,2020,"Hindi, Non Film",Rishabh Srivastava,Laado Suwalka,Zee Music Company,0.0
a4023f37-79fd-568f-910d-e29c89932b12,Desh Hai Dil,2020,"Hindi, Non Film",Amarabha Banerjee,Amarabha Banerjee,Times Music,0.0
3f0706e5-6f29-543b-a6fd-bf053cfc5d64,Dhadka Ye Dil,2020,"Hindi, Non Film",Shaurya Khare,"Shaurya Khare, Akash Rajput",Zee Music Company,0.0
983fb59e-173a-53ae-92b1-1ab6f84f4c0f,Dheet Patangey,2020,"Hindi, Film","Vayu, Tanishk Bagchi",Vayu,,3.0
53e91c81-e283-56c1-be7b-28c65e7f0cc2,Dhund,2020,"Hindi, Non Film",Heena Shaikh,Deepak Kumar - III,Zee Music Company,0.0
cc674256-8a43-53ca-907b-401d7def9e90,Dil Bechara,2020,"Hindi, Film",A.R. Rahman,"Amitabh Bhattacharya, Raja Kumari, A.R. Rahman",Sony Music,4.5
656e4025-1a94-5174-8cbd-9e001036258a,Dil Chahte Ho,2020,"Hindi, Non Film",Payal Dev,A.M. Turaz,T-Series,0.0
35b3f54d-6169-538d-98b4-b8e0068a3413,Dil Haare,2020,"Hindi, Non Film",Kabir - Athar,Kabir - Athar,Zee Music Company,0.0
a558e959-468d-5880-a71e-5e5cf8863d71,Dil I Love You,2020,"Hindi, Non Film",Tinaa Kamal Somadri,Tinaa Kamal Somadri,T-Series,0.0
bd285583-5e50-5809-83dd-f664bcf4af2f,Dil Kahe,2020,"Hindi, Non Film",Jeet Ganguly,Manoj Yadav,Zee Music Company,0.0
6690e5a9-13fe-5c2e-bac1-ef1db1afdd62,Dil Kho Ke,2020,"Hindi, Non Film","Arjun Kanungo, Abhishek Arora","Arjun Kanungo, Razik Mujawar, Anvita Dutt",Universal,0.0
8743178a-b13d-53d5-a582-db190cbc392a,Dil Khol Do,2020,"Hindi, Non Film",Benny Dayal,Benny Dayal,Sony Music,0.0
27bbda3e-d907-5709-a333-df87fb34fc04,Dil Ko Maine Di Kasam,2020,"Hindi, Non Film",Amaal Mallik,Kumaar,T-Series,0.0
1fa9d6aa-48b0-57f6-9615-a4429cb0bc48,Dil Ko Tumse Pyar Hua,2020,"Hindi, Non Film","Harris Jayaraj, Abhijit Vaghani",Sameer,Saregama,0.0
5b090735-a0d3-51a1-9e2e-6df436b9ff04,Dil Tarse,2020,"Hindi, Non Film",Tamoghna,Prem Kumar Gupta,Red Ribbon Music,0.0
7f0547b5-c818-5323-ae8e-d9e76b5e141e,Dil Tera,2020,"Hindi, Non Film",Harshdeep Singh Ratan,Yaar,Zee Music Company,0.0
ddc202ff-a71d-58c7-9454-e123860ed059,Dil Tera Deja,2020,"Hindi, Non Film",Sunny Brown,Sunny Brown,Zee Music Company,0.0
6ae9a26c-b50b-5fed-a47e-1d783de738d8,Dil Tod Ke,2020,"Hindi, Non Film",Rochak Kohli,Manoj Muntashir,T-Series,0.0
44cc2d64-ae4a-5532-9515-8e453c87cef2,Do Lafzon Ki Hai,2020,"Hindi, Non Film","R.D. Burman, Harry Anand",Anand Bakshi,Saregama,0.0
98100bac-a65c-5de7-bc81-5420bee909b1,Dolly Kitty Aur Woh Chamakte Sitare,2020,"Hindi, Film","Arjuna Harjai, Clinton Cerejo, Sadhu S. Tiwari","Geet Sagar, Siddhant Kaushal, Abhiruchi Chand",Maisie Music,3.0
eee4a7b6-38a1-587c-8ede-ef647889d519,Door Bahut Hai Apna Gaon,2020,"Hindi, Non Film",Harsimran Singh Raina,Shahab Allahabadi,Yellow & Red Music,0.0
53090eef-7c2b-51c2-b044-35d815aadb00,Door Ke Darshan,2020,"Hindi, Film",Meet Bros,Kumaar,Zee Music Company,0.0
99f5b7c8-a71f-5aa7-b70c-acf850c59933,Dooriyan,2020,"Hindi, Non Film",Dino James,Dino James,Sony Music,0.0
65f94353-e60b-5a16-b984-3d93e3f77221,Durgamati - The Myth,2020,"Hindi, Film","Tanishk Bagchi, Naman Adhikari, Abhinav Sharma - I, Malini Awasthi","Tanishk Bagchi, Dipti Misra",T-Series,3.0
f80189aa-b346-53cf-9bd9-59d0d52338f0,Ehsaas,2020,"Hindi, Non Film",Abhishek Jain,Abhishek Jain,Zee Music Company,0.0
ddfdced7-d380-5649-b3ad-80c94303dea6,Ehsaas-E-Ishq Ka,2020,"Hindi, Non Film",Meenu Kumari,Amitabh Ranjan,Onclick Music,0.0
de75cead-81f0-52fe-a4bb-fe195d7144e0,Ek Muddat Se,2020,"Hindi, Non Film",Kumaar Sanjeev,Narender Dagar,Shemaroo,0.0
f7e4189d-f587-5f11-bce1-de4eda094bd4,Ek Tarfa,2020,"Hindi, Non Film",Darshan Raval,Youngveer,Indie Music Label,0.0
c491215b-7b79-513d-8bda-d7d062263964,Ek Tarfa - Reprise,2020,"Hindi, Non Film",Darshan Raval,Youngveer,Indie Music Label,0.0
23585ea8-3da5-515b-b6aa-cfeb6349f15d,Ek Umeed,2020,"Hindi, Non Film",Chandan Saxena,Abhipsha Deb,Zee Music Company,0.0
275a3a32-75fe-5c50-94d9-cd26a45556d4,First Class Covers,2020,"Hindi, Non Film","M.M. Kreem, Asit Tripathy, R.D. Burman, Tarun Sharma - I, Rochak Kohli, Shantanu Dutta, Charanjit Ahuja, Gurmoh, Anupam Nair, Rooh Band, Atif Ali","Neelesh Misra, Javed Akhtar, Sumant Vadhera, Gurdev Singh Maan, Anand Bakshi, Majrooh Sultanpuri",Saregama,0.0
b32fa730-8624-5ba9-8ad6-ff735939b3e7,First Kiss,2020,"Hindi, Non Film",Yo Yo Honey Singh,"Yo Yo Honey Singh, Lil Golu, Hommie Dilliwala, Singhsta",T-Series,0.0
b3861db4-bc31-5b65-a1e5-248cd42c324d,Fly,2020,"Hindi, Non Film",Indeep Bakshi,Indeep Bakshi,Zee Music Company,0.0
86705e3c-ec71-5107-b016-99b5eccca95b,Fursat Hai Aaj Bhi,2020,"Hindi, Non Film",Arjun Kanungo,Mayur Puri,Universal,0.0
b453b588-b76a-5777-add1-b74744d34b7c,Gazal Rock,2020,"Hindi, Non Film",Rudraxsha,"Vaibhav Deshmukh, Hrushikesh Joshi",Zee Music Company,0.0
649006d5-4fab-52a1-9481-0861ea52d8b5,Genda Phool,2020,"Hindi, Non Film",Badshah,"Badshah, Traditional",Sony Music,0.0
588b3cf3-d38d-5c0d-90e0-d1e3bd1bba55,Genda Phool (Pahari Version),2020,"Hindi, Non Film",Badshah,"Badshah, Rongpaz, Traditional",Sony Music,0.0
c9a2bbf3-ec1d-5bc3-9a5b-834c069b67f5,Gham-E-Ashiqui,2020,"Hindi, Non Film",Kamran Akhtar,Parveen Shakir,Portfolio Records,0.0
d246e743-be81-5719-84eb-6c91787191a4,Ghar Aaya Mera Pardesi,2020,"Hindi, Non Film","Shankar - Jaikishan, Teenu Arora",Ramya - I,Saregama,0.0
bd1e2c88-cbb8-5121-8df8-4c43061f7b6d,Ghoomketu,2020,"Hindi, Film","Sneha Khanwalkar, Jasleen Royal",Pushpendra Nath Mishra,,0.0
071b3630-857a-5bce-8887-70ed815f4478,Ghurrati Hawa,2020,"Hindi, Non Film",Mohsin Akhtar - I,Mohsin Akhtar - I,Zee Music Company,0.0
6cc0b46b-38a1-57b2-a2f6-1d62f0b5129d,Ginny Weds Sunny,2020,"Hindi, Film","Payal Dev, Mika Singh, Gaurav Chatterji, Jaan Nissar Lone","Kunaal Verma, Mika Singh, Payal Dev, Mohsin Shaikh, Sandeep Gaur, Traditional, Peer Zahoor",Sony Music,0.0
02f1d3c0-e499-541c-9fb0-acdf504dbf1d,Goa Beach,2020,"Hindi, Non Film",Tony Kakkar,Tony Kakkar,Desi Music Factory,0.0
a8566d2c-ff0e-502a-8b60-5e79c688bcdf,Govind Bolo,2020,"Hindi, Non Film",Raaj Aashoo,Pankaj Narayan,T-Series,0.0
bab83340-d3f7-5ffe-91ba-36d1d0e281e1,Guilty,2020,"Hindi, Film",Ankur Tewari,Kausar Munir,Sony Music,3.0
4cefeae7-b10c-5fdd-bffb-fe46545477fc,Gul Makai,2020,"Hindi, Film",H.E. Amjad Khan,H.E. Amjad Khan,Tekno Music,0.0
7c0fad81-cf73-5df1-bae6-db599e95b97e,Gulabo Sitabo,2020,"Hindi, Film","Shantanu Moitra, Anuj Garg, Abhishek Arora","Dinesh Pant, Puneet Sharma, Vinod Dubey",Zee Music Company,3.0
f3fc4f35-eeb0-5f21-8130-c32e2893bf21,Gunjan Saxena: The Kargil Girl,2020,"Hindi, Film",Amit Trivedi,Kausar Munir,Zee Music Company,3.0
8d95dca5-b266-5cf6-afc6-df41758034be,Guns Of Banaras,2020,"Hindi, Film",Sohail Sen,Sameer Anjaan,Zee Music Company,0.0
99ac11dd-8317-5c90-a1ce-7052da50eb2d,Gustakhiyaan,2020,"Hindi, Non Film",Anurag Saikia,Kaushal Kishore,Times Music,0.0
4b7ef3db-35e9-56ee-829b-47536662c7fb,Guzar Jayega,2020,"Hindi, Non Film",Jazim Sharma,Siddhant Kaushal,Ampliify Times,0.0
447fd828-dad4-5266-8f90-e7bc6be11b3f,Haal E Dil,2020,"Hindi, Non Film",Anurag - Abhishek,Deep Ohsaan,T-Series,0.0
811ccd7c-2a8d-5c0b-9e8f-36b38020a24f,Haaye Rabba,2020,"Hindi, Non Film",Siddharth Amit Bhavsar,Siddharth Amit Bhavsar,Indie Music Label,0.0
bbd03bd3-8b70-5b28-a525-43d0613fb3c9,Hacked,2020,"Hindi, Film","Arko, Amjad - Nadeem - Aamir, Jeet Ganguly, Chirantan Bhatt, Sunny Inder","Arko, Amjad - Nadeem, Shakeel Azmi, Manoj Yadav, Kumaar",Zee Music Company,0.0
6ac2c17a-900a-532e-9272-1a40ba301ba6,Hai Juda Dil,2020,"Hindi, Non Film",Kumaar Sanjeev,Narender Dagar,Shemaroo,0.0
91fb39df-a125-596f-a2e9-8d76f6536677,Hamein Jeetna Hai,2020,"Hindi, Non Film",Asif Chandwani,Salim Begana,Zee Music Company,0.0
10b2eea2-3dbb-502b-bd83-8edad45db856,Happy Happy Rehne Ka Please Don’t Worry,2020,"Hindi, Non Film",Anu Malik,Kumaar,Venus,0.0
e57b2b73-d45d-5c93-b821-bfdefcf47450,Happy Hardy And Heer,2020,"Hindi, Film",Himesh Reshammiya,"Himesh Reshammiya, Vishal Mishra, Shabbir Ahmed, Aaryan Tiwari, Kumaar, Sonia Kapoor Reshammiya, Sameer",Tips,0.0
952a977c-c1b2-5433-8e22-47c7f52c5c8f,Happy Nagar,2020,"Hindi, Non Film","Tushar Mishra, Sukanti Roy, Anushree Gupta",Tushar Mishra,Times Music,0.0
7b26a848-882c-5450-983d-a24cabc61599,Haq Hai Humara,2020,"Hindi, Non Film",Vishal Mishra,Manoj Muntashir,Universal,0.0
32c52753-571c-5648-aa47-a1d5e0627b24,Har Jagah,2020,"Hindi, Non Film","Nidhi Wagle, Samar Khan - I","Nidhi Wagle, Samar Khan - I, Boris Thaoroijam",Times Music,0.0
2735e34b-640a-5820-9115-48c2b6d63985,Har Kisse Ke Hisse: Kaamyaab,2020,"Hindi, Film",Rachita Arora,Neeraj Pandey - I,Zee Music Company,0.0
be09d8a3-6ff4-55ab-aa3f-40478bc3303e,Haseen Raato Mein,2020,"Hindi, Non Film","Anand Parmar, Tanuj Jaitly","Anand Parmar, Tanuj Jaitly",Zee Music Company,0.0
c4777d9a-56f3-5e98-8d00-b132d6cc91b8,Haunted Hills,2020,"Hindi, Film","Gaurav - Sandeep, Asif Chandwani","Sandeep Jaiswal, Vipin Sharma, Rahul Mehar, Salim Ashfee",Red Ribbon Music,0.0
dd8a2211-282f-5dbd-ba31-4d48ee63250f,Heer Ranjha,2020,"Hindi, Non Film",Bhuvan Bam,Bhuvan Bam,BB Ki Vines,0.0
d5c7a672-d048-577e-ac72-ce2c2a4c8bab,Holi Mein Rangeele,2020,"Hindi, Non Film","Abhinav Shekhar, Aditya Dev",Abhinav Shekhar,B-Live Music,0.0
f2ad0ceb-2a62-55cf-a63d-9ed8cbfeef6d,Hum Saath Hain,2020,"Hindi, Non Film",Zaman Khan,Zaman Khan,Dreams Entertainment,0.0
6a3bafd0-a161-5ed1-998b-b1b2b2dfed13,Hum Sab Ek Hain,2020,"Hindi, Non Film",Teenu Arora,Ramya Iyer,Zee Music Company,0.0
f15d3077-8043-597c-8c35-1a1fd3d3d71b,Hum Tum,2020,"Hindi, Non Film","Sukriti Kakar, Prakriti Kakar, Lost Stories",Mellow D,Universal,0.0
faeb7039-7cbd-5a70-be9d-84b1800ee533,Humko Tum Mil Gaye,2020,"Hindi, Non Film",Naresh Sharma - II,Sayeed Quadri,Universal,0.0
d1b1cd34-687e-521b-8274-ecab227d109c,Indoo Ki Jawani,2020,"Hindi, Film","Mika Singh, Badshah, Rochak Kohli","Shabbir Ahmed, Mika Singh, Badshah, Gurpreet Saini, Gautam Govind Sharma",T-Series,0.0
6f77a53a-9aaf-53a1-9850-43a62bad60cd,Intezaar,2020,"Hindi, Non Film","THEMXXNLIGHT, Ikka","THEMXXNLIGHT, Ikka",Sony Music,0.0
7a4e502e-a91f-51ff-a714-2de0ae5fad68,Is Love Enough? Sir,2020,"Hindi, Film",Ragav Vagav,Mohit Chauhan - II,Zee Music Company,0.0
524a916a-8236-5bee-9c6b-91d8a9687d58,Ishq Da Rog,2020,"Hindi, Non Film",DJ Shadow Dubai,DJ Shadow Dubai,Zee Music Company,0.0
e8ed0bec-ddf5-5f27-9d3a-ed5ce786e056,Ishq Khuda Hai,2020,"Hindi, Non Film",Sanjay - Rajee,"Baba Bulleh Shah, Khushali Kumar",T-Series,0.0
8739d8ca-79d5-5245-954b-8d5a497c5705,Ishq Meetha,2020,"Hindi, Non Film",Anupama Raag,Ajay Bawa,Zee Music Company,0.0
9721850c-35c2-5bae-aed5-249c8f244b9c,Ishq-E-Ali,2020,"Hindi, Non Film",Firoz Khan - III,Shahab Allahabadi,Yellow & Red Music,0.0
ae24741b-1c0e-5f8f-99e4-18d220d2a4b5,Iss Adrushya Jang Ko Jeetna Hoga,2020,"Hindi, Non Film",Vijay Bhave 'B. Prayog',Vijay Bhave 'B. Prayog',Red Ribbon Music,0.0
8f889318-b5ea-5990-8898-effe8c0d70f3,Itna Khafa,2020,"Hindi, Non Film",Vishal - Akash,Khushbu Gupta,Zee Music Company,0.0
49c7b811-f2ac-50ec-88ef-0f88554fd5e4,Ja Tujhko,2020,"Hindi, Non Film",Deepak Rathore,Deepak Rathore,Deepak Rathore Project,0.0
f6f6112d-3f61-50c8-8a38-d41ba84e71d9,Jaag,2020,"Hindi, Non Film",Chhavi Sodhani,Chhavi Sodhani,Artist Originals,0.0
a8022f17-85c7-537d-81fd-1f48411edef5,Jaan-e-Jigar,2020,"Hindi, Non Film",Vaibhavkumar,Vaibhavkumar,Red Ribbon Music,0.0
83fa1539-6691-51ea-a960-30bea9a1c2e9,Jaanch Lo,2020,"Hindi, Non Film",DJ Rahul Vaidya,"Vikyath, Nabeel Rasta, Pratik - I",Zee Music Company,0.0
219aeb05-30aa-57bc-b90c-e4818654fc14,Jaate Hue Pal,2020,"Hindi, Non Film",Sagarika Mohanty,Sameer Anjaan,Zee Music Company,0.0
f79c0945-0b66-5b66-b6b6-b5935150b07a,Jab Se Tumko,2020,"Hindi, Non Film",Milan Harish,Hema Udawat,T-Series,0.0
939b2905-286a-5006-be14-2ec2c31bb694,Jab Tujhe Yaad,2020,"Hindi, Non Film",Surindra Singh,Alok Ranjan Jha,Zee Music Company,0.0
7e056335-70d9-5e25-9412-0ac9a2059990,Jai Mummy Di,2020,"Hindi, Film","Sukh-E Muzical Doctorz, Tanishk Bagchi, Meet Bros, Traditional, Amartya Bobo Rahut, Gaurav Chatterji, Parag Chhabra, Rishi - Siddharth","Jaani, Tanishq Bagchi, Kumaar, Traditional, Siddhant Kaushal, Ginny Diwan, Shellee, Gautam Govind Sharma, Gurpreet Saini",T-Series,0.0
40cd107e-2d44-5736-8021-3a25efcfa994,Janasheen,2020,"Hindi, Non Film",Akshay Agarwal,Jyoti Daftari,Zee Music Company,0.0
027cfaf3-094c-52a9-899f-30bb4c07871c,Jane Kyon Log Mohabbat,2020,"Hindi, Non Film","Laxmikant - Pyarelal, Anshuman Mukherjee",Anand Bakshi,Saregama,0.0
6a33bfc3-f14f-5c8d-86b3-8a52aa9a9592,Jane Na Dunga,2020,"Hindi, Non Film",Bhanu Pratap Agnihotri,Sahil Sharma,Zee Music Company,0.0
8a828f84-79f4-5b6a-83bf-d7e7af1fe1c0,Jawaani Jaaneman,2020,"Hindi, Film","Sukhshinder Shinda, Prem - Hardeep, Dilip Sen - Sameer Sen, Tanishk Bagchi, Gourov - Roshin","Preet Harpal, Mumzy Stranger, Sameer, Shabbir Ahmed, Devshi Khanduri, Shellee",Tips,0.0
a8e8132c-28a4-5d0f-b2ce-8a4aeca463b5,Jee Nai Lagdha,2020,"Hindi, Non Film",Sachin Gupta,Sachin Gupta,Zee Music Company,0.0
05a2d9ea-0b37-5e0a-8276-0a80eea969f8,Jeet Jayega Yeh India,2020,"Hindi, Non Film",Vaibhavkumar Shinde,Vaibhavkumar Shinde,Red Ribbon Music,0.0
be15609b-c284-51f3-aaf1-7baaa0f6d814,Jeetenge Hum,2020,"Hindi, Non Film","Lijo George, DJ Chetas",Manoj Muntashir,T-Series,0.0
e65433bd-b697-517d-a3fc-e9c969d8babb,Jis Din Tum,2020,"Hindi, Non Film",Anurag Saikia,Kunaal Verma,Times Music,0.0
4b707826-2779-5edd-a9e6-d8ae90071a3d,Jogan,2020,"Hindi, Non Film",Manan Bhardwaj,Manan Bhardwaj,T-Series,0.0
5b68fb10-b8af-5338-862c-8b74fb6e05b7,Judaiyaan,2020,"Hindi, Non Film",Darshan Raval,Rashmi Virag,Indie Music Label,0.0
35e3da71-997f-5c3c-9f29-d92a86d82d1c,Kaanchli,2020,"Hindi, Film","Shivang Upadhyay, Nishant Kamal Vyas, Traditional","Ansh Vyas, Kailash Detha, Kusum Joshi - I",Zee Music Company,0.0
0ecd8e58-e657-5d12-979a-7ddfcbce96dc,Kahani Teri Meri,2020,"Hindi, Non Film",Raaj Aashoo,Murali Agarwal,Zee Music Company,0.0
9ee0430c-80ed-5dc7-8193-ca54eb695b2f,Kahin Door Jab Din Dhal Jaye,2020,"Hindi, Non Film","Ajay Singha, Salil Chowdhury",Yogesh Gaud,Saregama,0.0
64749d15-b9b3-55dd-b8d1-7d932a062421,Kahin Karta Hoga Woh Mera Intezar,2020,"Hindi, Non Film","R.D. Burman, Titu",Majrooh Sultanpuri,Saregama,0.0
b851bc06-fb46-5678-a56d-c2a0e2356c69,Kaisi Dillagi,2020,"Hindi, Non Film",Alan - Kevin,Harsh Bhan,T-Series,0.0
8c142497-2f82-5d79-a4df-723d62777eee,Kashtiya,2020,"Hindi, Non Film",Anurag Halder,Bisso,Zee Music Company,0.0
166fb5b9-291d-5f2f-a77e-b9b3df26f224,Keh Dena,2020,"Hindi, Non Film",Vaibhavi Vanjare,Abhinay Bahurupi,Red Ribbon Music,0.0
a9309324-d286-5227-8e67-eaba76df927a,Kehta Hai Dil,2020,"Hindi, Non Film",Fahmil Khan,Salehah Ambreen,Zee Music Company,0.0
46edf485-ba5a-5e8d-9e11-95e4284f9bea,Khaali Peeli,2020,"Hindi, Film",Vishal - Shekhar,"Kumaar, Raj Shekhar",Zee Music Company,3.0
ff69e2aa-70fc-5744-be00-292225c81aa3,Khamoshiyan,2020,"Hindi, Non Film",Yuvraj Kochhar,Dweep Raj Kochhar,T-Series,0.0
68c70671-d7cc-545b-9e01-11da92d977e3,Khatam Karona,2020,"Hindi, Non Film",Psyik,Emiway Bantai,Artist Aloud,0.0
1f2ee46c-debd-5223-b579-551441897be2,Khidki,2020,"Hindi, Non Film",Amarabha Banerjee,Amarabha Banerjee,Sony Music,0.0
a6b827f5-fcbb-5dcb-a3f7-ffb6d526931e,Khidkiyan,2020,"Hindi, Non Film","Ahmed Hussain, Mohammed Hussain - I",Hasrat Jaipuri,Red Ribbon Music,0.0
4c9a65b0-abe8-54c1-bcaa-5a69968c487b,Khuda Haafiz,2020,"Hindi, Film",Mithoon,"Mithoon, Sayeed Quadri",Zee Music Company,3.0
04b8e2b7-4f24-57a2-9c1b-d07afd9aa367,Khudara Aakar,2020,"Hindi, Non Film",Nayeem - Shabir,Arafat Mehmood,Zee Music Company,0.0
5b8bfffc-0257-53db-a04d-947469c525c2,Khwab Sare Jhootey,2020,"Hindi, Film","Sanjeev Kumar - VI, Anil G. Reddy","Sanjeev Kumar - VI, Deepak Baldev Thakur",Ultra,0.0
82a8dbb6-3e94-583c-bcac-31cd86ca39ec,Kisi Ki Muskurahaton Pe,2020,"Hindi, Non Film","Shankar - Jaikishan, Euphoria","Shailendra, Palash Sen, Prem Nikaju",Saregama,0.0
02038410-6269-5ea8-a221-f7d3271be54c,Kisi Ki Muskurahton Pe (Rock Version),2020,"Hindi, Non Film","Tuhin Chongder, Somraj Ganguli, Shankar - Jaikishan",Shailendra,Saregama,0.0
3ee8eafe-c59c-534f-ad28-13e466e28c33,Koi Fariyaad Unplugged,2020,"Hindi, Non Film","Nikhil - Vinay, B Praak",Faaiz Anwar,T-Series,0.0
153eb9eb-def8-54ad-8f9b-a0499410261e,Koi Sapna Banke,2020,"Hindi, Non Film",Vinod Bhatt,Vinu Mahendra,Red Ribbon Music,0.0
9213e1fa-aeb3-541a-a5cd-2b4dc0267d9f,Kuch Bhi Ho Jaye,2020,"Hindi, Non Film",B Praak,Jaani,Desi Melodies,0.0
7ea6b6d0-d609-5afc-a6db-4a05f3c54bf8,Kuch Iss Qadar,2020,"Hindi, Non Film",Lavan - Veeral,Shaardool Shorya,Zee Music Company,0.0
71f701c8-b7c5-5d8c-932b-3459865b0890,Kuch Tum Kaho,2020,"Hindi, Non Film",Raghav Sachar,Rashmi Virag,Zee Music Company,0.0
16f6558d-64f9-5cc0-a677-8288c98f1dd1,Kuch Tum Kaho - Duet,2020,"Hindi, Non Film",Raghav Sachar,Rashmi Virag,Zee Music Company,0.0
7caca6aa-2469-547a-aa4a-c11af415ebbc,Kya Karu,2020,"Hindi, Non Film",Milind Gaba,"Milind Gaba, Asli Gold",T-Series,0.0
1858e49d-bea4-5113-9456-f7d5fbbc375f,Kya Tumne Bhi Socha Hai,2020,"Hindi, Non Film",Vinod Bhatt,Madan Pal,Red Ribbon Music,0.0
96131a34-5000-5c16-b157-66117fec5e49,Kyun Door Ho,2020,"Hindi, Non Film",Prakhar Bhardwaj,Vinay Baban Lad,T-Series,0.0
33b9c7c1-61ce-58f9-a851-c3bcc307d4d6,La Ilm,2020,"Hindi, Non Film",Samira Koppikar,Shaheen Iqbal,Zee Music Company,0.0
8e8d143a-3e58-5453-b675-5cf06629645e,Laila,2020,"Hindi, Non Film",Tony Kakkar,Tony Kakkar,Desi Music Factory,0.0
f6df4c94-d13e-585c-b187-4401fa544f18,Laxmii,2020,"Hindi, Film","Shashi - Khushi, Ullumanati, Tanishk Bagchi","Gagan Ahuja, Ullumanati, Vayu, Farhad Samji",Zee Music Company,3.0
d8d448cb-c3dc-5772-a57f-fe60955fb385,Leh Le Meri Jaan,2020,"Hindi, Non Film",Sanjeev - Ajay,Sanjeev Chaturvedi,Zee Music Company,0.0
25a88edd-6713-5586-a779-be49b27c0b25,Let's Go Dance,2020,"Hindi, Non Film",Umesh Mishra,"Mukesh Sawan, GP Ji",Zee Music Company,0.0
b4ef7bf0-eedf-54e9-88a7-958da2a3ca9a,Likhe Jo Khat Tujhe,2020,"Hindi, Non Film","Sanam, Shankar - Jaikishan",Neeraj,Saregama,0.0
f87508ad-c258-5aca-9214-392639d581f2,London Confidential,2020,"Hindi, Film",Ravi Singhal,Kunaal Verma,Zee Music Company,0.0
723c69a1-9d8c-538c-a3e6-291a53c8a3e9,Lootcase,2020,"Hindi, Film","Rohan - Vinayak, Amar Mangrulkar","Shreyas Jain, Kapil Sawant",Saregama,0.0
82a148cb-274f-552c-97f6-3d8a8229d936,Love Aaj Kal,2020,"Hindi, Film",Pritam,Irshad Kamil,Sony Music,4.5
66002973-0f7e-5ec1-b9ef-33a32211fe3b,Ludo,2020,"Hindi, Film",Pritam,"Sandeep Srivastava, Sayeed Quadri, Shloke Lal, Swanand Kirkire",T-Series,4.75
47920149-ae4f-5cb9-a044-9709b4894136,Maa,2020,"Hindi, Non Film",Bawa Gulzar,Gulzar Sahni,Zee Music Company,0.0
2c364f54-5e61-55cb-8d20-b36900799d82,Maahi,2020,"Hindi, Non Film",Manzar,"Manzar, Jobandeep Singh",Manzar Muzik,0.0
33080bd5-929d-5a2f-8184-b889078614d4,Maahiya,2020,"Hindi, Non Film","Pulkit Rajvanshi, Aashish Garg",Pulkit Rajvanshi,Zee Music Company,0.0
e16a4780-d9ae-53c9-b800-6a177d1a6dc8,Maan Ja,2020,"Hindi, Non Film",Jateen Shharma,Jateen Shharma,T-Series,0.0
b5de372f-bf62-51d0-85b1-8b7c95e01779,Mahi Re,2020,"Hindi, Non Film",Harry - Sid,Harry - I,Zee Music Company,0.0
7aea93a5-f9fd-540b-b816-520a6151f6f6,Mahiya - A Love Tale Of Soldier,2020,"Hindi, Non Film",Babli Haque,Kanishk Sahar,Worldwide Records,0.0
6de3eba6-824b-595a-b830-e113ea76b9c6,Main Hazaar Baar Chahoon,2020,"Hindi, Non Film",Mohammed Shafi Niyazi,Abbas Dana,Venus,0.0
87af0133-75f9-5bb1-9a76-83abf04be543,Main Yun Tanha,2020,"Hindi, Non Film",AVI,Prantik Mazumder,Zee Music Company,0.0
ab2458dc-96b5-57d5-9a0b-525d241b6807,Majboori,2020,"Hindi, Non Film",Reena Gilbert,Reena Gilbert,Zee Music Company,0.0
9dd9a3af-fe40-5b48-88d4-cc90548797d5,Makhmali,2020,"Hindi, Non Film","Sayantika Ghosh, Abhijeet Srivastava, Aman Moroney",Hardik Vaghela,T-Series,0.0
003169e9-55c2-568e-a125-013d5daa6d9e,Malaang,2020,"Hindi, Non Film","Jayhaan, Prasad Gaitonde",Sanya Khisty,Zee Music Company,0.0
d2fd5a3c-e870-5146-8e47-3393bbdde1f6,Malang,2020,"Hindi, Film","Mithoon, The Fusion Project, Ankit Tiwari, Ved Sharma - I, Adnan Dhool, Rabi Ahmed","Sayeed Quadri, Kunaal Verma, Prince Dubey, Haarsh Limbachiyaa, Mithoon, Adnan Dhool",T-Series,0.0
98a6cf21-9caf-5fce-b6d2-2c8cddf6aca2,Manjha,2020,"Hindi, Non Film",Vishal Mishra,"Vishal Mishra, Akshay Tripathi",Desi Music Factory,0.0
2262dc49-380b-55eb-a611-6b2499edf2fa,Mann Bolta Hai,2020,"Hindi, Non Film",Sushant - Shankar,Nasir Faraaz,Red Ribbon Music,0.0
f598b522-86f5-545d-a882-69a8960c1879,Mann Qaafira,2020,"Hindi, Non Film",Rishit Chauhan,Shayra Apoorva,Times Music,0.0
89379141-8b30-5af9-9db3-e3fb79ed94f0,Mann Qaafira (Reprise),2020,"Hindi, Non Film",Rishit Chauhan,Shayra Apoorva,Times Music,0.0
c673b264-a695-5bde-b790-ab6768d713da,Mard Ki Ladaai,2020,"Hindi, Non Film","Kushagra Mathur, Dixit Jaiswal",Kushagra Mathur,Onclick Music,0.0
0deeba75-5633-5f8b-9505-cff6ac68efaf,Mareez-E-Ishq (Reload Version),2020,"Hindi, Non Film",Sharib - Toshi,Shakeel Azmi,Sony Music,0.0
22c5dbd9-7899-57b0-b635-6714543d3bfe,Marjaavaan,2020,"Hindi, Non Film",Shourya Ghatak,Yash Eshwari,Zee Music Company,0.0
43c8240e-d6cb-5730-a15a-646a3830ab7d,Masakali 2.0,2020,"Hindi, Non Film","A.R. Rahman, Tanishk Bagchi",Prasoon Joshi,T-Series,0.0
313bcaf4-e66a-5d02-abb0-9861bae4adaa,Maska,2020,"Hindi, Film","I.P. Singh, Mikey McCleary, Parth Parekh","I.P. Singh, Enkore, Mikey McCleary, Neeraj Udhwani",Maisie Music,0.0
7955715d-843a-5a72-a5ff-04031c1ca871,Matlab,2020,"Hindi, Non Film",Anjjan Bhattacharya,Kumaar,Zee Music Company,0.0
78af47e3-09e5-59d5-8ec5-2d9a24e0dab3,Mazze Mein,2020,"Hindi, Non Film","Vaibhav Nagare, Jay Quanta",XR,Zee Music Company,0.0
f58d64ed-02a9-5b5f-b6b1-0380b49487a2,Mera Bhai,2020,"Hindi, Non Film",Vikas Naidu,Vikas Naidu,Zee Music Company,0.0
b81a9de5-f7fc-5a80-9d35-8c33fa57fc14,Mera Raanjha,2020,"Hindi, Non Film",Chahat - Saurav,Saurav Mishra,Saga Music,0.0
c9f30545-7ea2-590f-9546-06025faf9b2a,Mera Tujhse Kya Hai Naata,2020,"Hindi, Non Film",R. Sheen,"Rajesh Manthan, R. Sheen",Times Music,0.0
69366ceb-0d07-58ff-a0ba-8bec2b5f8d21,Mere Angne Mein,2020,"Hindi, Non Film","Traditional, Kalyanji - Anandji, Tanishk Bagchi","Traditional, Harivansh Rai Bachchan, Vayu",T-Series,0.0
411d6781-3328-5791-bbc0-4655b9492649,Mere Khwaab,2020,"Hindi, Non Film",Avinash Narayan,Avinash Narayan,Zee Music Company,0.0
a6bbd012-5c0e-585d-b5ba-127c4ef1489c,Meri Aashiqui,2020,"Hindi, Non Film",Rochak Kohli,"Anwar Sagar, Rashmi Virag",T-Series,0.0
47852498-5a23-5423-a567-54a9696b6e4f,Meri Deewangi,2020,"Hindi, Non Film",Adrita Jhinuk,Adrita Jhinuk,Shemaroo,0.0
4f1ce94e-0d1a-52a8-8f69-7a84cb7d26f6,Meri Maa,2020,"Hindi, Non Film",Javed - Mohsin,Danish Sabri,T-Series,0.0
a65bfed5-fd38-514e-81de-f2481fd95dfc,Mirzeya,2020,"Hindi, Non Film",Sanket Sane,Priyanka R. Bala,Times Music,0.0
caca91bd-5e75-58d4-a867-f464c6e342a6,Muhafiz,2020,"Hindi, Non Film","Sarthak Kalyani, Siddharth Chopra, Neeraj Shetty","Abdul Majeed Khan Majeed, Siraj Aurangabadi, Abdul Majeed Bhatti",Muhafiz,0.0
a47536e5-340b-5d27-8bf1-2d647126b1d7,Mujhe Peene Do,2020,"Hindi, Non Film",Darshan Raval,"Gurpreet Saini, Gautam Govind Sharma",Indie Music Label,0.0
2f17eab7-3663-59a9-92bf-60f3dfb99c57,Mujhe Yaad Hai,2020,"Hindi, Non Film",Bharat - Hitarth,Kunwar Naveen Singh,Zee Music Company,0.0
516063fd-f412-50de-8075-4c74bdf702d0,Mukammal,2020,"Hindi, Non Film",Traditional,Shardul Rathod,Saregama,0.0
7b1f5ec7-3aae-5dab-9256-02e962e60765,Mukti,2020,"Hindi, Non Film",Prashant Satose,Saaveri Verma,Saregama,0.0
069c4af4-5761-590f-a440-e4fa8f7bdaac,Mumbaiyya,2020,"Hindi, Non Film",Naresh Karwala,Naresh Karwala,Zee Music Company,0.0
16da7f64-cda1-57c6-8537-083ed4bc2c0c,Mummy,2020,"Hindi, Non Film",Vayu,Vayu,Sony Music,0.0
aae5bc6a-111a-57d3-9965-1ebe12b6ceb9,Music Mera,2020,"Hindi, Non Film",DJ Rahul Vaidya,Piku Ross,Zee Music Company,0.0
8dcd6b9f-cb5d-5865-acb4-3d11996ea549,Muskurayega India,2020,"Hindi, Non Film",Vishal Mishra,Kaushal Kishore,Jjust Music,0.0
ded9f388-f2e4-57b2-8c2e-0c452a241de2,Na Ja Tu,2020,"Hindi, Non Film",Tanishk Bagchi,Tanishk Bagchi,T-Series,0.0
2a92adc9-3b54-5c5d-943b-e0ea7b581afc,Na Manzoori,2020,"Hindi, Non Film",Sundeep Gosswami,Naveen Tyagi,Indie Music Label,0.0
8b9ac852-f2e0-5a91-90fd-7f0617e3a905,Na Tum Jaano Na Hum,2020,"Hindi, Non Film","Rajesh Roshan, Abhijit Vaghani",Ibrahim 'Ashk',Saregama,0.0
a2c89b74-4bfa-54b5-bdc4-e9a51cc5df56,Naach Meri Rani,2020,"Hindi, Non Film",Tanishk Bagchi,Tanishk Bagchi,T-Series,0.0
eca23ef4-072f-5e35-8562-2ceb5f105ce4,Naam Ada Likhna,2020,"Hindi, Non Film","Shantanu Moitra, Jai - Parthiv",Gulzar,Times Music,0.0
cf6df9a6-19af-56da-ac6c-25c5266f48d2,Nachunga Aise,2020,"Hindi, Non Film",Music MG,Asli Gold,T-Series,0.0
fe399bf0-28d4-527e-b642-11581eb700cb,Nah Woh Main,2020,"Hindi, Non Film","Shreya Ghoshal, Soumyadeep Ghoshal",Manoj Yadav,Shreya Ghoshal,0.0
030a743b-3f31-5a09-b775-95f494492add,Naina Churaye,2020,"Hindi, Non Film",Gourov - Roshin,Danish Sabri,Sony Music,0.0
2efa430c-4d9e-5fb9-84e8-8b556d80969c,Naina Tere,2020,"Hindi, Non Film",Saurabh Shukla - I,Saurabh Shukla - I,Zee Music Company,0.0
e3453d37-03e6-5bf1-9c5f-8cb23ed5ceb9,Namumkin Tere Bin Jeena,2020,"Hindi, Film",Monty Sharma,"Sunil Sirvaiya, Mahima Bhardwaj",T-Series,0.0
dcb0980a-063a-5656-8b45-5ce7bc1b9176,Nasha Hai,2020,"Hindi, Non Film","Danish Alfaaz, Ritik Chouhan",Danish Alfaaz,Zee Music Company,0.0
c4a9c1ed-9c3d-5d1f-8539-49217cfc4f9a,Neele Neele Ambar Par - The Essential Mix,2020,"Hindi, Non Film","Kalyanji - Anandji, DJ Suketu",Indeevar,Sony Music,0.0
9b5c4539-e96a-52cd-9ec1-2447c0d4a6b2,Nikle Toh Nikal Logey,2020,"Hindi, Non Film",Anup Bhat,"Geet Sagar, Kunal Ganjawala",Zee Music Company,0.0
247a326e-2d75-5957-a24c-3d9cb8c47d67,O Baby Aa,2020,"Hindi, Non Film",Ayan Ali Abbas,Mohammed Salim Ali,T-Series,0.0
6726e1fa-f563-541c-9d2f-e51dbbe78c63,O Mere Shah-E-Khuban,2020,"Hindi, Non Film","Shankar - Jaikishan, Ajay Singha",Hasrat Jaipuri,Saregama,0.0
0892a5bd-5abf-5bbd-b123-17c8a86822e3,O Pushpa I Hate Tears,2020,"Hindi, Film",Ramji Gulati,"Kunwar Juneja, Pahwa, Mack",Zee Music Company,0.0
d171a83c-43d1-593d-b90b-530d10cc518c,O Yaara Tujhse,2020,"Hindi, Non Film","Shreepritam, Jeet - I",S.R. Bharti,Voila Digi,0.0
a9cbd71a-989f-5dfc-af5b-41d3205fb250,Omprakash Zindabad,2020,"Hindi, Film","Siddhant Madhav, Dev Sikdar, Ripul Sharma, Vipin Patwa",Vishal Vijay Kumar,Aalhit Music,0.0
40a4a508-abe9-57b4-bc0b-b44840d118b1,Pagle Aazam,2020,"Hindi, Film",Puneet Dixit,"Shivangi - II, Ajay Bawa",APS Play One,0.0
18179678-1267-57cd-aafe-b38efbf361d4,Pal Pal,2020,"Hindi, Non Film",Ajay Nagarkoti,"Ajay Nagarkoti, Farhaan KN",T-Series,0.0
9a6ca4f2-6547-5a3a-824f-b0d78652e63b,Panga,2020,"Hindi, Film",Shankar - Ehsaan - Loy,Javed Akhtar,Saregama,0.0
dc7b7817-9bd0-51a3-bec5-058d4feb4276,Pankh Tere,2020,"Hindi, Non Film",Deepak Rathore,Deepak Rathore,Deepak Rathore Project,0.0
6c0305e1-9ea5-5ce5-bcbd-65b7100064eb,Party Girl,2020,"Hindi, Non Film",Muza,Muza,Zee Music Company,0.0
1a9511ff-8e5f-5e61-b2a8-46fd7724cc08,Pasand Aaya,2020,"Hindi, Non Film",Bipin Das,Bipin Das,Zee Music Company,0.0
2e66d4d9-276b-5c91-903f-3867de3c24d3,Pashmina,2020,"Hindi, Non Film",Amit Trivedi,Swanand Kirkire,Zee Music Company,0.0
d000176e-365d-5132-8b74-26f4ede349cc,Pehla Pehla Pyar,2020,"Hindi, Non Film","Raamlaxman, Siddharth Slathia",Dev Kohli,Saregama,0.0
694ec8ab-21dd-543c-9f00-343aa3100ed7,Pehli Daffa,2020,"Hindi, Non Film",Jogia,Tanuj Thukral,Red Ribbon Music,0.0
84d3e64c-54c0-5d4a-9d36-cd3c9c2c1ce3,Pepper Chicken,2020,"Hindi, Film",Rahul Dev Nath,Rajdweep,Box Music,3.0
f17b0044-f368-5f00-b33c-09c84c15ab69,Phase,2020,"Hindi, Non Film",The Deepanshu Mathur,The Deepanshu Mathur,Zee Music Company,0.0
d740b824-0aa8-5130-bf0c-ce2f9653a02a,Phir Ek Tera Pyar,2020,"Hindi, Non Film",Shaxe Oriah,Bohemia,Saga Music,0.0
0c721b6a-843d-5ce0-b748-06473e0ced3c,Phir Se Udana Hai,2020,"Hindi, Non Film",L.K. Laxmikant,Rahul Kale,Zee Music Company,0.0
20b1c670-b5c4-51c8-8540-b75abfb3f715,Piya Hain Padhare,2020,"Hindi, Non Film",Ajay Jaiswal,Rashi Maheshwari,Zee Music Company,0.0
a61f7e08-75d5-5d81-b211-b4bf3de5caf6,Piya Tose Naina Laage Re (Unplugged),2020,"Hindi, Non Film","S.D. Burman, Keba Jeremiah, Sanket Naik",Shailendra,Saregama,0.0
fde91fa8-a68e-5a9d-8bcd-bb9dd45c6947,Pyaar Karona,2020,"Hindi, Non Film",Sajid - Wajid,"Salman Khan, Hussain Dalal",Canvas Talent,0.0
ca6c0e57-3621-5cfd-bb29-875de4fa3a31,Pyaar Tumhari Ankhon Mein,2020,"Hindi, Non Film",S. Devnath,Ashish Upadhyay,Zee Music Company,0.0
3440a102-320c-50b2-9d51-da833a5fd4e7,Qafile Noor Ke,2020,"Hindi, Non Film",Rashid Khan - II,S. Faheem Ahmed,Zee Music Company,0.0
2f831452-8098-5dae-b80f-bdf10c87e3ab,Qaid Nahi Hai,2020,"Hindi, Non Film",Rishabh Srivastava,Rajeev Srivastav,Zee Music Company,0.0
0b262f95-f980-547e-be43-cb945e9ca554,Raaste,2020,"Hindi, Non Film",Arijit Anand,Arijit Anand,Shemaroo,0.0
a63c6f0d-d123-5b6f-a4d0-b4bd8ad76178,Raat Akeli Hai,2020,"Hindi, Film",Sneha Khanwalkar,"Raj Shekhar, Swanand Kirkire",Zee Music Company,3.0
ff6f3bc2-b2eb-5e5d-a30c-2a72a51af502,Rakkhosh,2020,"Hindi, Film","Ashim Kemson, Swati Marwal","Swati Marwal, Abhijit Joshi, Ashim Kemson",Zee Music Company,0.0
afd7c8e2-0b39-56dd-af9d-2e4a7e7bd27b,Ram Prasad Ki Tehrvi,2020,"Hindi, Film",Sagar Desai,Neeraj Pandey - I,Jio Studios,4.0
afea7939-a2d9-5dde-b3a5-578569f06dc0,Ramsingh Charlie,2020,"Hindi, Film","Arijit Datta, Somesh Saha",Ravinder Randhawa,,0.0
155b0ddb-bf1b-585e-afc6-77ee940197ca,Rang Barse,2020,"Hindi, Non Film",Bad-Ash,Bad-Ash,Zee Music Company,0.0
e069baa1-6c83-5eab-a327-1066f6d1fac8,Ranjhey Wala I Love You,2020,"Hindi, Non Film",Gourov - Roshin,Kumaar,Sony Music,0.0
bdae0338-35ff-532f-94a1-b7079b947d14,Rap Of Hope,2020,"Hindi, Non Film",Jahaan Shah,Ranjeet Singh Dhandwar,Eros Music,0.0
a9eb6188-24c6-5e22-b466-529d901b6cd3,Reh Gaye Kahan,2020,"Hindi, Non Film","Gurashish Singh, TSK Music","Gurashish Singh, Charanpreet Singh",Times Music,0.0
cbb230e7-1875-50b7-b573-0e009522817a,Reh Jaunga Main,2020,"Hindi, Non Film",Sadhu Sushil Tiwari,Shah Faiz,MB Music,0.0
0524fbf2-b45e-58c2-89ae-e0bfb8d36383,Rehna Tu Meri,2020,"Hindi, Non Film","Jai Taneja, Manish Bhatia, Sachin Bhatia",Jai Taneja,T-Series,0.0
def208c5-9504-5732-b55b-81065c5f4549,Rehne Do Zara,2020,"Hindi, Non Film",Anurag Saikia,Kunaal Verma,Times Music,0.0
8a3f2e37-01b2-5369-8846-a3e31d654286,Reto Ke Ghar,2020,"Hindi, Non Film",Gyan Sharma,Gyan Sharma,Red Ribbon Music,0.0
0eb36b73-c090-59ae-8351-724bb9c4f08d,Rizwan,2020,"Hindi, Film",Sohail Sen,"Anil Chavda, Bhavesh Bhatt, Haresh Vyas",Rizwan Adatia,0.0
a1bc39bf-1675-5053-91ac-8419e81a0493,Roam Roam,2020,"Hindi, Non Film","Hamza Faruqui, DJ Tushqa","Sarim Momin, Hamza Faruqui",Zee Music Company,0.0
8e9121a3-3041-5d2c-ad41-10e54815e707,Roop Tera Mastana,2020,"Hindi, Non Film","S.D. Burman, DJ Anshul","Anand Bakshi, Kumaar",Saregama,0.0
0adbf22c-4a90-5963-b4af-0d2eb680a12b,Saanson Ko (Rendition),2020,"Hindi, Non Film","Sharib - Toshi, THEMXXNLIGHT, Sledgren, BatmanOnTheBeatz","Shakeel Azmi, THEMXXNLIGHT",Sony Music,0.0
8ce27de6-766e-57dd-9f8b-228f26e25d03,Saara India!,2020,"Hindi, Non Film",Javed - Mohsin,Surjit Khairhwala,T-Series,0.0
30d6904a-efba-5a07-9369-19b18a95ade4,Saari Ki Saari 2.0,2020,"Hindi, Non Film","Darshan Raval, Lijo George",Darshan Raval,Indie Music Label,0.0
e3b47b32-1bec-5fa4-8bb8-d55c1301117d,Saathiya Aa Bhi Ja,2020,"Hindi, Non Film",Vyom Singh Rajput,Vyom Singh Rajput,T-Series,0.0
3e5aacd6-3257-5919-9053-d44a969b84e6,Saathiya Sun Zaraa,2020,"Hindi, Non Film",Tushar Arjun,Ajay Garg,Zee Music Company,0.0
55cba329-c350-5aae-8838-f4c4a3cf03c1,Saawariya Sataye Mohe,2020,"Hindi, Non Film","Dony Hazarika, Raagini Kavathekar",Ghulam Mohammad Khavar,Zee Music Company,0.0
3b3a87f2-ed02-5e9f-888a-6bfc80b58c1a,Sadak 2,2020,"Hindi, Film","Ankit Tiwari, Jeet Ganguly, Suniljeet, Samidh Mukherjee, Urvi","Shabbir Ahmed, Rashmi Virag, Suniljeet, Shalu Vaish, Vijay Vijawat",Sony Music,0.0
148890b1-096b-57bc-b684-4357bdb36b69,Safar Ka Nasha,2020,"Hindi, Non Film",Mohsin Akhtar - I,Mohsin Akhtar - I,Zee Music Company,0.0
36bf4306-4380-5ca4-93d4-6e5163614add,Salaam E Ishq,2020,"Hindi, Non Film",Shourya Ghatak,Kunwar Juneja,Zee Music Company,0.0
871c1b14-a824-5704-b0bb-1f97e72b88ef,Salaam Hai,2020,"Hindi, Non Film","Sayam Qureshi, Mohit Manuja","Sayam Qureshi, Mohit Manuja",Zee Music Company,0.0
897d2c2b-cb54-563b-8dcb-8e9206da7e7e,Sambhaal Lena,2020,"Hindi, Non Film",Rochak Kohli,Manoj Muntashir,Rochak Kohli,0.0
140538a3-4673-5ea4-a8c0-2f1d76bed148,Sanam Tujhko,2020,"Hindi, Non Film",Subhasish (Krishna),Shyamraj,Zee Music Company,0.0
6972cb3c-499a-56ee-86e5-932d863e3186,Sapno Ka Jahan,2020,"Hindi, Non Film",Bharatt - Saurabh,Bharatt - Saurabh,Bharatt - Saurabh,0.0
6a3fb1b2-a7ab-5db0-9ce8-f312a764c1e2,Sathiya Tere Bina,2020,"Hindi, Non Film",Puneet Avasthi,Sanjeev Pandey,Zee Music Company,0.0
584e873b-ff03-5cc5-b6c9-a36f370d6861,Sayonee,2020,"Hindi, Film","Joy - Anjan, Junoon, Anamta - Amaan, Rangon, Sohail Haider","Alaukik Rahi, Junoon, Anamta - Amaan, Eshwari Yash, Sohail Haider, Yash Eshwari",T-Series,0.0
f71615b0-640e-5557-af5c-76495bad55d2,Serious Men,2020,"Hindi, Film","Karel Antonin, Francis Mendes, Anurag Saikia","Bibin Benoy, Shri Vallabh Vyas",,0.0
5ccb6e30-24a9-5f49-a3e5-9f9efb77616f,Shakeela,2020,"Hindi, Film","Veer Samarth, Meet Bros",Kumaar,Zee Music Company,0.0
ed5f1e9e-eb68-5eec-8a6e-888524b73347,Shakuntala Devi,2020,"Hindi, Film",Sachin - Jigar,"Vayu, Priya Saraiya",Zee Music Company,0.0
4dfba903-32c6-5dc6-ae88-03773603d8c3,Shikara,2020,"Hindi, Film","Sandesh Shandilya, Abhay Rustum Sopori, Rohit Kulkarni","Irshad Kamil, Bashir Arif, Raqueeb Alam",Zee Music Company,3.0
2a63163d-2093-570a-9157-ec822d640e9d,Shikayat,2020,"Hindi, Non Film",Ved Sharma - I,Haarsh Limbachiyaa,Universal,0.0
1fc9de88-ca8f-54dd-823a-a5fcd1e7db07,Shimla Mirchi,2020,"Hindi, Film","Meet Bros Anjjan, Meet Bros","Kumaar, Shabbir Ahmed",Zee Music Company,0.0
0e7d6740-66e0-5779-95ee-73e0c7c119d1,Shubh Mangal Zyada Saavdhan,2020,"Hindi, Film","Yo Yo Honey Singh, Tanishk Bagchi, Tanishk - Vayu, Bappi Lahiri, Tony Kakkar, Anand - Milind","Vayu, Kinder Deol, Anjaan, Ikka, Tony Kakkar, Majrooh Sultanpuri",T-Series,0.0
0a254c80-b471-559b-9335-d82bf21dfe5b,Shukranu,2020,"Hindi, Film","Harish Sagane, Advait Nemlekar, Jaydip - Sanjay","Shakeel Azmi, Yash Eshwari",Zee Music Company,0.0
07cb8f4e-49f0-5c3c-9d1a-56aeeb8c720f,Sila Ye Wafa Ka,2020,"Hindi, Non Film",Azam Ali Mukarram,Dayaram Dard Firozabadi,T-Series,0.0
2304f4f6-874a-5e44-87f4-105f8ec1ffb7,Socha Na Tha,2020,"Hindi, Non Film",Sonal Pradhaan,Sonal Pradhaan,Zee Music Company,0.0
cd5d486b-5bc5-58a3-9ea5-24922676a061,Songs of Trance,2020,"Hindi, Non Film",Amit Trivedi,"Talha Siddiqui, A.M. Turaz, Anvita Dutt, Kshitij Patwardhan",Amit Trivedi Azaad,0.0
289ec55a-bba8-55f7-97f9-21723c27f90a,Street Dancer 3D,2020,"Hindi, Film","A.R. Rahman, Tanishk Bagchi, Badshah, Garry Sandhu, Intense, Sachin - Jigar, Guru Randhawa, Shankar - Ehsaan - Loy, Harsh Upadhyay, Gurinder Seagal","Vaali, Shabbir Ahmed, Tanishk Bagchi, Badshah, Garry Sandhu, Priya Saraiya, Guru Randhawa, Sameer, Mayur Puri, Jigar Saraiya, Kunaal Verma, Milind Gaba, Asli Gold, Bhargav Purohit, Kumaar, I.P. Singh, Vayu",T-Series,0.0
61373939-fd78-53fd-b708-cdd6cca2a336,Subah,2020,"Hindi, Non Film",Rishi Dutta,Karan Mastana,Zee Music Company,0.0
62960ac0-583e-5c52-9e57-e3df8794ed81,Sukoon,2020,"Hindi, Non Film","Sukhwinder Singh Sohi, Shaloo Jindal",Deep Ohsaan,T-Series,0.0
e6620c90-16dd-5a70-ace0-52fc2fd0e42d,Sun Le Saathiya,2020,"Hindi, Non Film",Amjad - Nadeem - Aamir,Pawan Kumar - V,Zee Music Company,0.0
20adba27-bdc5-56fa-996d-580eac58f01e,Sun Zara,2020,"Hindi, Non Film","Divyansh Varma, Himanshu Varma, Shak",Himanshu Varma,Zee Music Company,0.0
43d1626d-1de8-524e-8e3a-5c9b464d4c55,Suna Tu,2020,"Hindi, Non Film",Aslam Surty,Jamil Ahmed,Worldwide Records,0.0
4ddb6b07-616c-59d3-9422-6e573f57d4b3,Suraj Pe Mangal Bhari,2020,"Hindi, Film","Javed - Mohsin, Kingshuk Chakravarty","Danish Sabri, Kunaal Verma, Mellow D, Abhishek Sharma",Zee Music Company,0.0
9ae79308-86c7-58c8-bfff-bfefa0af60c8,Surmayee Nain Tere,2020,"Hindi, Non Film",Sonu Singh - I,Vivek Tripathi,Zee Music Company,0.0
302efd01-341c-5369-bddf-1174c85e5f7f,Taarifein,2020,"Hindi, Non Film",Sanjeev - Ajay,Sanjeev Chaturvedi,Times Music,0.0
77c51c9f-6d6a-5afc-8c9d-65c027a44181,Taaron Ke Shehar,2020,"Hindi, Non Film",Jaani,Jaani,T-Series,0.0
9733625f-7cf7-5d05-83a8-eb75113df256,Taish,2020,"Hindi, Film","Enbee, Gaurav Godkhindi, Govind Vasantha, Prashant Pillai, Raghav Sachar","Enbee, Hussain Haidry, Armaan Khera, Rohit Sharma",Zee Music Company,3.5
a9d6451f-b71e-5999-80ba-71fb361ddfe1,Tamanna Arzoo,2020,"Hindi, Non Film",Ghulam Abbas Khan,Ashok Jharia 'Shafaq',Red Ribbon Music,0.0
b742212a-6f33-5253-89f4-c61b158fc455,Tanhaai,2020,"Hindi, Non Film",Sachet - Parampara,Sayeed Quadri,T-Series,0.0
d739bc72-9305-591d-a94b-a7e2395ad36e,Tanhaji - The Unsung Warrior,2020,"Hindi, Film","Mehul Vyas, Ajay - Atul, Sachet - Parampara","Anil Verma, Swanand Kirkire",T-Series,0.0
046c99ad-dba7-5b5e-91e8-89b8b2cab117,Tera Naam,2020,"Hindi, Non Film",Jasmer Singh Wadhwa,Mukul Mukesh Monga,Walnut Music & Entertainment,0.0
a63078d3-6c3d-5365-90eb-57f2d78f9026,Tera Pyar Mera Pyar,2020,"Hindi, Non Film","Sourav Kumar, Swapan Kumar","Ashok Soni, Piyush Saini",Zee Music Company,0.0
70fa185f-bfd8-5b64-a183-fc5b85c58f8c,Tere Bin Meri Nikle Jaan,2020,"Hindi, Non Film",Amjad - Nadeem - Aamir,Amjad - Nadeem,Zee Music Company,0.0
838c47c9-6327-55ac-9efc-73fbd528a87a,Tere Bina,2020,"Hindi, Non Film",Ajay Bhatia,Shabbir Ahmed,Canvas Talent,0.0
68c975e8-1b7f-5cfb-b9f1-ea41b54e81e0,Tere Bina Dil Lagta Nahi,2020,"Hindi, Non Film",Anmol Malik,Anmol Malik,Zee Music Company,0.0
b09f9b84-5af4-5651-8186-602f19d7105d,Tere Intezar Me,2020,"Hindi, Non Film",Santosh Srivastava,Deepak Kumar Sinha,Zee Music Company,0.0
c935464b-1cb4-5f24-9742-a2b73b90f288,Tere Jaisa Bhai - A Tribute to Wajid Khan,2020,"Hindi, Non Film",Amjad - Nadeem - Aamir,Amjad - Nadeem,Zee Music Company,0.0
95f9662d-7d63-51d9-9c58-f269b5776cf9,Tere Liye,2020,"Hindi, Non Film",Vee,Fateh Khan,T-Series,0.0
c5260560-5ea8-57d8-90bf-4d917ad1f65a,Tere Mere Darmiyaan,2020,"Hindi, Non Film",Anjana Ankur Singh,Shakir Raza Warsi,Zee Music Company,0.0
36dbf4c7-2262-5f91-9a1a-1f62fd12c881,Tere Mere Darmiyaan - Unplugged,2020,"Hindi, Non Film",Anjana Ankur Singh,Shakir Raza Warsi,Zee Music Company,0.0
fa50ee52-2f57-5c15-9a4f-a7542f9b90c7,Tere Mere Milan Ki Yeh Raina,2020,"Hindi, Non Film","S.D. Burman, Glenton Francis",Majrooh Sultanpuri,Saregama,0.0
4a5de7fb-a768-5f43-89ff-6471140d4b66,Tere Naal,2020,"Hindi, Non Film",Darshan Raval,"Gurpreet Saini, Gautam Govind Sharma",T-Series,0.0
204217c0-3b78-5d05-b360-1b8a9476da73,Tere Naam Aye Watan,2020,"Hindi, Non Film","Pareek Brothers, Sabir Khan Jaipur Gharana",Sabir Khan Jaipur Gharana,Zee Music Company,0.0
db585cf3-b446-5eaf-a434-b3577cc573a6,Tere Sang,2020,"Hindi, Non Film","Ritesh Nanda, Shakti Vishwakarma",Ritesh Nanda,Zee Music Company,0.0
cc1f313a-5c8d-5d5a-947f-c2fc88be6004,Teri Aankhon Mein,2020,"Hindi, Non Film",Manan Bhardwaj,Kumaar,T-Series,0.0
76a302fd-5e45-59cd-b555-32b81aaf0e2a,Teri Arzoo,2020,"Hindi, Non Film",Sukumar Dutta,Neha Karode,Times Music,0.0
582d2219-181f-58b6-a219-1d6b61ce9145,Teri Baat Aur Hai,2020,"Hindi, Non Film",Sunny Inder,Kumaar,Zee Music Company,0.0
88fd123e-3312-5534-9cca-115c48a7e442,Teri Baatein Mulaqatein,2020,"Hindi, Non Film",Ashok Bhadra,Suchetana Dey,Worldwide Records,0.0
a75e4d0e-f7db-5988-af4f-3cef07b4eab8,Teri Hifazat,2020,"Hindi, Non Film",Abhijeet Srivastava,Abhijeet Srivastava,Artist Originals,0.0
b9f00e46-b036-57c5-8ec1-2d7a6619bbfb,Teri Mitti - Tribute,2020,"Hindi, Non Film",Arko,Manoj Muntashir,Zee Music Company,0.0
ea156e07-ca44-5c5d-99b4-bf1fb2f80a17,Teri Mitti - Tribute (Female),2020,"Hindi, Non Film",Arko,Manoj Muntashir,Zee Music Company,0.0
9ff76769-a82e-5d1d-8b59-5053dfd8725c,Thappad,2020,"Hindi, Film",Anurag Saikia,"Shakeel Azmi, Sanah Moidutty",T-Series,3.0
8c4c98d6-ecbf-59e0-bd0c-df717844d932,The Hundred Bucks,2020,"Hindi, Film","Santokh Singh, Indrani Bhattacharjee","Santokh Singh, Niranjana T. Chandra",Dushyant Corporation,0.0
efa8f2f5-737e-5834-b507-10fda3328785,The Pickup Artist,2020,"English, Film","Andrew Sloman, Bonnie Chakraborty",Andrew Sloman,Roar Picture Company,0.0
cb701c0d-b629-501f-8d3b-a9898af7eb59,Thoda Sa,2020,"Hindi, Non Film",Neel Chhabra,Kabir Pancholi,Zee Music Company,0.0
b3412d85-1133-5301-b547-70ce3dde8ced,Tip Tip Barsa Pani - Recreated Version,2020,"Hindi, Non Film","Viju Shah, Mithoon","Anand Bakshi, Mithoon",Venus,0.0
26b0b203-03b4-5288-abaf-2a174e419396,Tiyachu,2020,"Hindi, Non Film",Aki Kumar,Aki Kumar,Sony Music,0.0
7fab8c2f-9614-5752-b10d-bb7bed7fef8c,Toh Aagaye Hum,2020,"Hindi, Non Film",Mithoon,Sayeed Quadri,T-Series,0.0
777101cf-4906-51d0-bf30-6b030520cc29,Toxic,2020,"Hindi, Non Film",Payal Dev,Badshah,Sony Music,0.0
9e57609b-c7d8-50f7-9ad1-fb8d704ac92e,Trip Pe,2020,"Hindi, Non Film",DJ Raaga,DJ Raaga,Zee Music Company,0.0
7fabc82a-d3a1-5b20-84fd-fabe21c16165,Tu Bhi Royega,2020,"Hindi, Non Film",Vivek Kar,Kumaar,Zee Music Company,0.0
6b39fe5d-4e18-53aa-a6c3-ff185d9dbc77,Tu Hai Kaha,2020,"Hindi, Non Film",Sankalp Srivastava,Sri,Saga Music,0.0
8c0b672c-f419-5a89-bc39-5868000511fa,Tu Hi Hai,2020,"Hindi, Non Film",Parveen Kumar Anu,Jitendra Raghuvanshi,Shinestar,0.0
995c95b6-c7fa-57a6-9326-0d03a6ae1f09,Tu Jo Mila,2020,"Hindi, Non Film",Rahil Mirza,Asif Munir,Zee Music Company,0.0
9a0834e6-79cf-5d7b-aff3-a3318b15dfe8,Tu Laazmi,2020,"Hindi, Non Film",Anjana Ankur Singh,Rajesh Nishad,Zee Music Company,0.0
0c6ae23a-5ce9-5b62-9f34-f05bd6c4fbc8,Tu Mera,2020,"Hindi, Non Film",Rashid Khan - II,Noohi Khan,Zee Music Company,0.0
62c0a943-cde0-5621-9ca6-eb89e3130147,Tu Mera Nahi,2020,"Hindi, Non Film",Amaal Mallik,Rashmi Virag,Sony Music,0.0
f7008e8d-d1bf-571a-845d-95eba1b346f3,Tu Yaad Aya,2020,"Hindi, Non Film","Lo Jill, Kunaal Verma",Kunaal Verma,T-Series,0.0
8527e49a-3726-5d98-87e7-29d7f35bef58,Tu Zaheen Hai,2020,"Hindi, Non Film",Himanshu Jain,Himanshu Jain,Zee Music Company,0.0
37c05170-02fe-5c0b-a3e2-7bbbf43be668,Tujhme Kho Ke,2020,"Hindi, Non Film",Maneesh - Tejas,Avinash Chouhan,Zee Music Company,0.0
c74fbda3-5f98-5c0e-a45b-362a893ab5bd,Tujhsa Nahi Khwab Koyi,2020,"Hindi, Non Film",Deepak Agrawal,Deepak Agrawal,Zee Music Company,0.0
641199a2-41fc-5c4f-93a5-6053252e9aad,Tum Aaoge,2020,"Hindi, Non Film",Anurag Saikia,Kunaal Verma,Times Music,0.0
dfbebb17-c81a-50dd-a0b0-c69fcc0573c0,Tum Ho,2020,"Hindi, Non Film",Shahzeb Tejani,Shahzeb Tejani,Zee Music Company,0.0
24d6f865-492d-5381-bb49-021409f352c3,Tum Jaisi Ho,2020,"Hindi, Non Film",Tony Kakkar,Tony Kakkar,Desi Music Factory,0.0
e439c5ad-4682-548f-94e7-086fc2516bd7,Tum Jo Mil Gaye Ho,2020,"Hindi, Non Film","Madan Mohan, Mika Singh, DJ Raesz",Kaifi Azmi,Saregama,0.0
f0ef538f-6fda-5397-b788-0e60a8badecb,Tum Kaho Dhadkane Sun Rahi Hai,2020,"Hindi, Non Film",Israr Ansari,Israr Ansari,T-Series,0.0
5398dcb5-674c-5f9c-9c09-064399f50edb,Tum Kaho Toh,2020,"Hindi, Non Film",Bipin Das,Bipin Das,Zee Music Company,0.0
15349c6b-6000-50d7-a759-c725754d3dac,Tum Mere,2020,"Hindi, Non Film",Ratan Rawani,Ratan Rawani,Zee Music Company,0.0
a974f960-0775-574a-9b9c-496a570ff384,Tum Mil Jao,2020,"Hindi, Non Film",Anurag Saikia,Basant Chaudhary,Times Music,0.0
a3bc4387-b323-57bd-8936-805876dd7ffc,Tum Na Ho,2020,"Hindi, Non Film",M. Ajay Vaas,Kunaal Verma,Universal,0.0
643db2fd-212f-546a-9808-7165ca16d71b,Tumhari Yaad Ayee Hai,2020,"Hindi, Non Film",Amjad - Nadeem - Aamir,Amjad - Nadeem,Zee Music Company,0.0
1ffb6bfb-0f9d-5933-824f-d3f691500a79,Udja,2020,"Hindi, Non Film","Sukanti Roy, Anushree Gupta",Anushree Gupta,Zee Music Company,0.0
d61ec360-8939-5f05-9f9e-c9bc4de2d9ee,Udja Udja Re,2020,"Hindi, Non Film",Sangeet Patil,Vishal Bhurke,Zee Music Company,0.0
8be92473-b922-5a2d-b3dd-ffc5bcc522dc,Un Lamhon Mein,2020,"Hindi, Non Film",Sunil Devbanshi,Laado Suwalka,Zee Music Company,0.0
d07db19f-5d92-5f29-b649-6df697b8112b,Unko Apne Kareeb Dekha Tha,2020,"Hindi, Non Film",Arbind - Lyton,Madhosh Bilgrami,Zee Music Company,0.0
1618975d-ce93-5301-ab9b-baa8b11f4f4f,Unpaused,2020,"Hindi, Film","Tanishk Bagchi, Payal Dev, Parth Parekh, Shishir A. Samant, Traditional, Fiddlecraft","Rashmi Virag, Kunaal Verma, Ginny Diwan, Amir Khusro, Gaurav Kadu",Sony Music,4.0
32b5a9be-717c-5349-8147-ea430cf1b702,Vande Mataram,2020,"Hindi, Non Film",Ravi Jain,Ravi Jain,Onclick Music,0.0
8f3a9d5e-df9f-5aaf-aa70-7661d1af68d3,Virgin Bhanupriya,2020,"Hindi, Film","Chirantan Bhatt, Amjad - Nadeem - Aamir, Ramji Gulati, Saurabh - Vaibhav","Manoj Yadav, Alaukik Rahi, Amjad - Nadeem, Kumaar, Ajay Lohan, Sumit Sharma",Zee Music Company,0.0
9f91b562-7ffb-53d5-9089-3ce4fa435648,Waakif,2020,"Hindi, Non Film",The Records House,Sajal Kumar,Zee Music Company,0.0
903991dd-acd1-581a-ba89-f711e446ace0,Waise Toh Teri Yaad,2020,"Hindi, Non Film","Swarat Chakraborty, Dharmesh Mistry",Swagota Chakraborty,Zee Music Company,0.0
586bdb11-4833-5a9a-9ce8-4fefcdadec1a,Wajah,2020,"Hindi, Non Film",Rahul Jain,Vandana Khandewal,Jjust Music,0.0
6214be3e-c631-564e-b65b-05a45eabb4f7,Waqt Tham Sa Gaya Hai,2020,"Hindi, Non Film",Deepak Agrawal,Pawan Mishra - I,Yellow & Red Music,0.0
3a6388bb-6460-590f-bbbe-e7a0822e6d1f,What Are The Odds?,2020,"English, Film","Sagar Desai, Megha Ramaswamy","Sagar Desai, Megha Ramaswamy",Filmkaravan,0.0
e78de55d-e16f-5aa8-b3b4-193f8b8a7179,WhatsApp Ka No,2020,"Hindi, Non Film",Abhinov Borah,Rita Rai,Zee Music Company,0.0
52277749-9f50-5235-8bd8-bbf22587bc54,Wishlist,2020,"Hindi, Non Film","Dino James, Nilesh Patel - I",Dino James,Sony Music,0.0
95a9b153-00da-5d36-9be4-11f732bded06,Woh Mujhe Mil Gaya,2020,"Hindi, Non Film",Debojit Dutta,Archana Johri,Zee Music Company,0.0
41be7d80-78a8-5d4c-9ee5-032a9e78cf4f,Woh Na Aaye,2020,"Hindi, Non Film",Prithvi Gandharv,Haider Najmi,Zee Music Company,0.0
c64b56a7-b6be-5a76-9f94-f41c75a9d779,Woh Raatein,2020,"Hindi, Non Film",Anmol Daniel,Shravan Pundirr,Indie Music Label,0.0
4ae7215c-95f7-5b0c-84c6-6dbe081c8b5b,Y.O.L.O. - You Only Live Once,2020,"Hindi, Non Film",JDKriss,"Ginita Sunaina, JDKriss, JahDiamondRed",Zee Music Company,0.0
cd8eb3da-19d5-5381-ac57-53c4e00bffce,Yaad Aayega,2020,"Hindi, Non Film",Sourav Roy,Kunaal Verma,Times Music,0.0
96af2914-0bc0-53f6-9125-cfc3e04491ea,Yaad Piya Ki Aaye,2020,"Hindi, Non Film",Traditional,Traditional,Red Ribbon Music,0.0
5b59963b-17e4-5b6a-9fc2-3b05de0e82b4,Yaara,2020,"Hindi, Film","Gourov - Roshin, Shaan, Ankit Tiwari, Siddharth Pandit","Prashant Ingole, Sunil Sirvaiya, Manoj Muntashir, Rev Shergill",T-Series,0.0
bd2ce599-fb91-58ab-b5b5-307b68703a2c,Ye Din Bhi Dhalenge,2020,"Hindi, Non Film",Swaroop Bhalwankar,Samroudhi Porey,T-Series,0.0
800ed729-ac37-5a39-8c96-9c945fe5aee8,Ye Ishq Nahi Aasan,2020,"Hindi, Non Film",Anmol Malik,"Anmol Malik, Rumi",Zee Music Company,0.0
d921fe1a-5800-59d7-93d8-5c7071e9741e,Yeh Ballet,2020,"Hindi, Film","Ankur Tewari, Rishi Rich, Sagar Desai, Salvage Audio Collective, Tapan Raj",Kausar Munir,Netflix,3.0
fda3ba60-cd08-513c-8669-1df1358f8f0c,Yeh Mann,2020,"Hindi, Non Film",Kapil Jangir,Dhanraj Dadhich,Zee Music Company,0.0
132fc8e9-36fc-5cba-844e-1b4c905daa4a,"Yeh Sama, Sama Hai Yeh Pyaar Ka",2020,"Hindi, Non Film","Kalyanji - Anandji, Nikhita Gandhi",Anand Bakshi,Saregama,0.0
9701f70c-4992-57b2-b450-1033adc41c3d,Zaalima,2020,"Hindi, Non Film",JAM8,Amitabh Bhattacharya,Zee Music Company,0.0
9e58f6aa-6e7d-511c-8065-85571c289c64,Zara Thehro,2020,"Hindi, Non Film",Amaal Mallik,Rashmi Virag,T-Series,0.0
0e9ab637-37c8-5ae8-a975-3258b5d4d474,Zeher,2020,"Hindi, Non Film",Bharatt - Saurabh,Bharatt - Saurabh,Bharatt - Saurabh,0.0
789dca86-8acb-5583-b093-6c3272c47056,Zindagi Tere Naam,2020,"Hindi, Non Film","Raghav Kapoor, Amdad Ali",Raghav Kapoor,Times Music,0.0
6ee4fb05-90cb-516b-8be6-b66c1166aca7,14 Phere,2021,"Hindi, Film","Raajeev V. Bhalla, Mukund Suryawanshi, JAM8","Raajeev V. Bhalla, Pallavi Mahajan, Geet Sagar, Shloke Lal",Zee Music Company,3.5
bf3dfe94-65ea-5c32-ace3-a32c3b314113,200 Halla Ho,2021,"Hindi, Film","Prateek Nandan, Anshuman Mukherjee","Avinash Chouhan, Viraat Gupta",Zee Music Company,0.0
cb7edaa7-4fa0-5452-8c34-b884bfe99370,83,2021,"Hindi, Film",Pritam,"Kausar Munir, Ashish Pandit, Prashant Ingole, Jaideep Sahni",Zee Music Company,4.0
3970de44-80b1-5d4d-a632-611deca72489,Aafat-E-Ishq,2021,"Hindi, Film",Gaurav Chatterji,"Ginny Diwan, Sandeep Gaur",Zee Music Company,0.0
357c4ff6-4a38-571d-8fc8-d004ed21f6a5,Aaj Bhi (WORMONO LoFi Remake),2021,"Hindi, Non Film",Vishal Mishra,"Vishal Mishra, Kaushal Kishore, Yash Anand",Universal,0.0
877cf173-466a-5434-918a-014a9a1fb38d,Aao Na,2021,"Hindi, Non Film",Paranox,Bhamini Jha,Zee Music Company,0.0
fbc959cb-610e-50bc-a5b6-205963ce030f,Adhoori Kahaani,2021,"Hindi, Non Film",Harish - Sunit,Harish Moyal,Zee Music Company,0.0
43f6b298-f1ff-536c-9a53-e93036300862,Ae Dil Mere,2021,"Hindi, Non Film",Shahzeb Tejani,Shahzeb Tejani,Zee Music Company,0.0
fc8fc9e2-45f3-54d8-ae46-98af6068758a,Ailaan,2021,"Hindi, Non Film",Arko,Arko,Times Music,0.0
a8e84ce0-5e51-5fd3-83d7-6d3e79791916,Aise Na Chhoro,2021,"Hindi, Non Film",Manan Bhardwaj,Rashmi Virag,T-Series,0.0
4bd3c369-a14b-5e03-9465-333e688889cf,Ajeeb Daastaans,2021,"Hindi, Film","John Stewart Eduri, Shashank Khaitan, Shailendra Barve, Tanishk Bagchi, Raghav - Arjun, Prateek Kuhad, Alokananda Dasgupta","Shashank Khaitan, Tanishk Bagchi, Raghav - Arjun, Prateek Kuhad, Varun Grover",Sony Music,4.0
1612ce99-8b34-5704-89c8-cd39eb96fcd5,Antim: The Final Truth,2021,"Hindi, Film","Ravi Basrur, Hitesh Modak","Ravi Basrur, Shabbir Ahmed, Nitin Raikwar, Vaibhav Joshi",Zee Music Company,0.0
4b1049e7-4462-566f-a0c9-cfd7f8a457e0,Apni Kahani,2021,"Hindi, Non Film",Zakir Sadani,Zakir Sadani,T-Series,0.0
1530d1ec-f96d-51a0-a274-e8a410225397,Atrangi Re,2021,"Hindi, Film",A.R. Rahman,Irshad Kamil,T-Series,3.0
b15dca48-501d-5a14-a259-cf6659e55e96,Aur Pyaar Karna Hai,2021,"Hindi, Non Film",Sachet - Parampara,Sayeed Quadri,T-Series,0.0
da84e705-36c8-56ae-aab7-26d35b15bd4d,Awargi,2021,"Hindi, Non Film",Lokesh Garg,Lokesh Garg,T-Series,0.0
65f1294d-b98f-5779-b2ff-ecd5a47c9306,B.A. Pass 3,2021,"Hindi, Film","Altaaf Sayyed, Manny Verma",Atiya Sayyed,FilmyBOX Music,0.0
6e169c7f-4b7c-5fcf-94a0-718c2e5e023e,Baaki Sab Theek Hai,2021,"Hindi, Non Film",Teenu Arora,Irshad Dalal,Zee Music Company,0.0
a1ba8737-6ee6-5ace-8c11-44afceefe38f,Baarish Ban Jaana,2021,"Hindi, Non Film",Payal Dev,Kunaal Verma,Universal,0.0
84c5a95a-5bcd-5c7c-a885-1002a9ef2054,Baawla,2021,"Hindi, Non Film","Badshah, Aditya Dev",Badshah,Saga Music,0.0
0da1661a-2394-5461-9db8-f998c0bac13c,Bachcha Party,2021,"Hindi, Non Film",Shamir Tandon,Abhinav Nagar,Saregama,0.0
7631161e-1ae2-53df-b67b-e713ec90d9bf,Bachpan Ka Pyaar,2021,"Hindi, Non Film","Hiten, Mayur Nadiya, Kamlesh Barot","Badshah, P.P. Bariya",Universal,0.0
c22472f0-1c39-54ea-bd78-9488e9a65c95,Baithe Baithe,2021,"Hindi, Non Film",Meet Bros,Danish Sabri,Zee Music Company,0.0
34a4c9aa-2d33-5fd2-b16b-8f893b829cfd,Banna Re,2021,"Hindi, Non Film",Sushant - Shankar,"Manesha A Agarwal, Mellow D",Times Music,0.0
869db9c0-0525-5dc5-a073-30bb47274580,Bansuri,2021,"Hindi, Film",Debojyoti Mishra,Anupam Banerjee,Times Music,0.0
8a3c7679-bfc9-5da4-a0d5-9f25b88bcb01,Bantai Ki Public,2021,"Hindi, Non Film",Meme Machine,Emiway Bantai,Bantai Studio,0.0
fb763518-60a4-5aa7-be25-6ab0ad84c1ff,Bardaashth,2021,"Hindi, Non Film",Nitesh Abhinav,Vikas Chauhan,Zee Music Company,0.0
3b73daaf-114e-5de8-aece-863a188cf7e8,Barsaat Ki Dhun,2021,"Hindi, Non Film","Rochak Kohli, Anu Malik","Rashmi Virag, Qateel Shifai",T-Series,0.0
c9017e74-206f-5d89-bc15-602d0a3ddec7,Bawri Chhori,2021,"Hindi, Film","Kartik Ramalingam, Rishi Dutta, Shivangi Bhayana, Jasleen Aulakh","Rahul Kumar Shukla, Shivangi Bhayana, Jasleen Aulakh",Eros Music,0.0
80564a02-190f-5967-bee2-98c714db5f42,Bechainiyan,2021,"Hindi, Non Film",Ayaan Ali Abbas,Ayaan Ali Abbas,Zee Music Company,0.0
c242378e-c31d-5ac9-9764-a8dfe1f63645,Beintehaa,2021,"Hindi, Non Film",Dushyant Kumar - I,Abhishek Bhushan,Zee Music Company,0.0
6d4d3b0c-7052-5bc5-a5b7-62d47053acc6,Bekhudi,2021,"Hindi, Film","Swaraansh Mishra, Rahul Nair, Amit Kasaria","Swaraansh Mishra, Rajesh Dheeraj, Amit Kasaria",Entourage Music,3.0
73b32252-7f5c-5c53-848f-6cb7aeacb2e5,Belafz Baatein,2021,"Hindi, Non Film",Prem - Hardeep,Kunaal Verma,Sony Music,0.0
89ed29eb-4688-50f3-9b81-608ce2d0ae04,Beliyaa,2021,"Hindi, Non Film",Prince Kashyap,Prince Kashyap,Zee Music Company,0.0
2a90d7be-de10-532e-b5f6-60d1a446e87e,Bell Bottom,2021,"Hindi, Film","Tanishk Bagchi, Gurnazar, Gaurav Dev, Kartik Dev, Maninder Buttar, Amaal Mallik, Shantanu Dutta","Tanishk Bagchi, Gurnazar, Babbu, Maninder Buttar, Rashmi Virag, Seema Saini",Saregama,3.0
93d7eb8e-6153-5ade-b994-38a8e467d7f3,Bepanah Ishq,2021,"Hindi, Non Film",Payal Dev,Kunaal Verma,Universal,0.0
2ece8da7-d8ad-5d1d-8d8d-8699c38ffcdb,Bhavai,2021,"Hindi, Film",Shabbir Ahmed,Shabbir Ahmed,Zee Music Company,3.0
12214b0b-d7b0-5aa2-b941-c6f552506059,Bheeg Jaunga,2021,"Hindi, Non Film","Mukku, Avvy Sra",Mukku,Orrange Studioz,0.0
ee4deac0-a34c-53fd-aad9-ec7006c4a396,Bhoot Police,2021,"Hindi, Film",Sachin - Jigar,"Kumaar, Priya Saraiya",Tips,3.0
fb14eaf8-dc57-5e3c-b8ec-d82db4733fca,Bhuj: The Pride of India,2021,"Hindi, Film","Gourov Dasgupta, Lijo George, DJ Chetas, Arko, Tanishk Bagchi, Vipin Patwa, Amar Mohile","Devshi Khanduri, Manoj Muntashir, Manoj Kabir, Abhilash, Anil Verma",T-Series,3.0
fb8f0a43-bce9-5ca9-8ca7-9e179379c01a,Bob Biswas,2021,"Hindi, Film","Vishal - Shekhar, Bianca Gomes, Clinton Cerejo, Anupam Roy","Vishal Dadlani, Siddhant Kaushal",Zee Music Company,0.0
ba738d9f-302f-5281-a3bb-91a03ffd9682,Bole Chudiyan,2021,"Hindi, Film","Raghav Sachar, Samira Koppikar, Sunny Inder, Rajat Tiwari","Laado Suwalka, Puneet Sharma, Kumaar, Rajat Tiwari",Zee Music Company,0.0
13addc8e-030a-5a48-ac3c-d4ee4f51e71e,Bolo Hau,2021,"Hindi, Film",Abid Shah,,Dhanrajgir Productions,0.0
83da1d48-b938-578f-9d6a-da0563e83cd0,Bombay Rose,2021,"Hindi, Film",Cyli Khare,Swanand Kirkire,,0.0
df690a94-9c6f-59c9-95ee-f4761e6f4c92,Boom Boom,2021,"Hindi, Non Film",Yo Yo Honey Singh,"Yo Yo Honey Singh, Hommie Dilliwala",Yo Yo Honey Singh,0.0
87de9b7d-f44d-5761-a827-b389376329b7,Bum Bum Bhole,2021,"Hindi, Non Film",Honey Pahwa,Honey Pahwa,Zee Music Company,0.0
8d00a303-02cc-5e61-922e-4e153951296c,Bunty Aur Babli 2,2021,"Hindi, Film",Shankar - Ehsaan - Loy,Amitabh Bhattacharya,YRF Music,0.0
59f401fc-0154-5950-8e62-3f5288ae12e5,Butterfly Wale,2021,"Hindi, Non Film",Meet Bros,Ozil Dalal,MB Music,3.0
254d879e-8dd5-5a3d-8bb0-afe6bd1a2f62,Carrom Ki Rani,2021,"Hindi, Non Film",Ramji Gulati,"Moody, Akkhar",Saregama,0.0
48c72c07-2060-58f6-b733-2e5073c978e4,Chaand Ki Tarah,2021,"Hindi, Non Film",Kaustav Sanyal,"Shailja Saraswati, Sukanta Adhikary",Shemaroo,0.0
9e25c2ac-2a69-59e9-b120-b24e5ace10ec,Chale Bhi Jao,2021,"Hindi, Non Film",Vishal Mishra,Kaushal Kishore,Vishal Mishra,0.0
b7007685-7018-50f4-ae47-e46fead64557,Chandigarh Kare Aashiqui,2021,"Hindi, Film","Sachin - Jigar, Bally Jagpal, Bhota Jagpal, Madan Jalandhari","Priya Saraiya, I.P. Singh, Madan Jalandhari, Vayu",T-Series,0.0
1d137103-1914-5935-af44-cab0f878d57e,Chehre,2021,"Hindi, Film","Gourov Dasgupta, Vishal - Shekhar","Farhan Memon, Rumy Jaffry",Zee Music Company,0.0
e7dc56a6-f800-5e1c-a878-b1b348fa7e5a,Chori Chamatkaari,2021,"Hindi, Non Film",A-Shock,Pardhaan,Pardhaan,0.0
05faaa3a-ebc1-58ce-88d0-8d4fb680a770,Chura Liya,2021,"Hindi, Non Film",Sachet - Parampara,Irshad Kamil,T-Series,0.0
becab078-7f7d-5307-9b72-f47b29dad577,Chura Liya Hai Tumne Jo Dil Ko,2021,"Hindi, Non Film","R.D. Burman, Kunal Bojewar","Majrooh Sultanpuri, Ayush Kapoor",Saregama,0.0
b441929a-6054-5153-9422-8fbfe0dd6a43,Churaya,2021,"Hindi, Non Film",Amit Trivedi,Amit Trivedi,AT Azaad,0.0
2d452a12-4729-5a86-8957-5bebea539646,Dagaa,2021,"Hindi, Non Film",Himesh Reshammiya,Sameer Anjaan,Himesh Reshammiya Melodies,0.0
bc52b399-8277-5d96-9d4a-6fef85e4d0cc,Darmiyaa,2021,"Hindi, Non Film",Amit Verma - I,Vaibhav Jai Vishwabhan,Zee Music Company,0.0
5b50ddbe-2501-52ad-9fa7-00c3932e322c,Deewangi Ki Raat,2021,"Hindi, Non Film",Abhinav Saxena,Abhinav Saxena,Zee Music Company,0.0
f6aea295-6473-5748-81fc-eed029bef01d,Dhamaka,2021,"Hindi, Film",Vishal Khurana,Puneet Sharma,Zee Music Company,3.0
f5604137-cec9-59e5-9ae6-40fc7192174f,Diamond Ka Haar,2021,"Hindi, Non Film",Ullumanati,Ullumanati,Acme Muzic,0.0
e8349262-c4a8-5777-9e48-37aba85bc7ca,Dil Galti Kar Baitha Hai,2021,"Hindi, Non Film",Meet Bros,Manoj Muntashir,T-Series,0.0
8740fd79-973c-537f-b9ae-42ffe7b7f98c,Dil Janiya,2021,"Hindi, Non Film",Sandeep Batra,Azeem Shirazi,Zee Music Company,0.0
b0ba2991-ba7d-5bee-8bc0-5b03c55d4a77,Dil Kisi Se,2021,"Hindi, Non Film",Arjun Kanungo,Kunaal Verma,Saregama,0.0
c44ac7f6-973c-549c-aeac-3752e59eaa9d,Dil Ko Mere,2021,"Hindi, Non Film",Rahul Jain,Vandana Khandewal,Zee Music Company,0.0
dca9eda0-fb78-5aca-9ab2-415e672c80d8,Dil Lauta Do,2021,"Hindi, Non Film",Payal Dev,Kunaal Verma,T-Series,0.0
a3d68b5d-7529-5035-a8ed-ce69d5c9b5ce,Dil Mein Jo,2021,"Hindi, Non Film",Vinay Ram Tiwari,Rashmi Virag,Zee Music Company,0.0
6b2f8196-b81b-5876-9cc6-610b329d9e70,Dil Toh Aisa Hai,2021,"Hindi, Non Film",Shehzad Roshan,"Shehzad Roshan, Revan Singh",Zee Music Company,0.0
d9b8dd7f-1660-56ed-9f27-9fd43d4e2780,Doob Gaye,2021,"Hindi, Non Film",B Praak,Jaani,T-Series,0.0
32fb9554-d2d1-50ec-8a69-48cdd167ee8f,Dream Mein Entry,2021,"Hindi, Non Film",Gourov Dasgupta,Vishwas Rane,Saregama,0.0
fa7f0075-3bd1-5d9c-98ee-70fdc2f436a3,Duniya Chhor Doon,2021,"Hindi, Non Film",Darshan Raval,Youngveer,Warner Music,0.0
e7af1f82-2429-5531-a5fa-19402e84bf30,Ek Bewafaa,2021,"Hindi, Non Film","Bharat Goel, Nadeem - Shravan","Kaushal Kishore, Sameer Anjaan",Tips,0.0
a7e5911c-c05c-50e1-8026-2a024563c792,Ek Ladki Bheegi Bhaagi Si,2021,"Hindi, Non Film","Vicky - Hardik, S.D. Burman",Majrooh Sultanpuri,Saregama,0.0
5cef773a-df38-5399-aee3-1c7d057b4fdf,Ek Safar,2021,"Hindi, Non Film",Shourya Ghatak,Shekhar Astitwa,Zee Music Company,0.0
1b29ddcd-db4c-57d5-9ff3-a9b0944ce72d,Faactory,2021,"Hindi, Film","Aslam Keyi, Salim Sen, Sadiq Sen","Shadab Akhtar, Jamil Ahmed, Shabbir Kashmiri, Israr Ansari, Naeem",Panorama Music,0.0
4d008f63-a9e5-5dd7-b725-7e344e1ce0a0,Fakira,2021,"Hindi, Non Film","B Praak, Arabinda Neog",Shekhar Astitwa,Times Music,0.0
2f2f208e-8d08-5feb-9f25-2fe2cab00959,Famous,2021,"Hindi, Non Film",Arjun Kanungo,"Arjun Kanungo, Fotty Seven",Arjun Kanungo,0.0
b17a2764-ca67-5365-ade2-c6eaf342def8,Farq Nahi Padta,2021,"Hindi, Non Film","Avvy Sra, Abeer",Abeer,Orrange Studioz,0.0
7d228916-20d1-5f2c-b450-cb8be56b1c2e,Gale Lagana Hai,2021,"Hindi, Non Film",Tony Kakkar,Tony Kakkar,Desi Music Factory,0.0
85ead9c6-5c66-52a6-885b-193a8baa694a,Ghalat,2021,"Hindi, Non Film","Lakshay, Siddharth Singh - I","Lakshay, Dhruv Yogi",Warner Music,0.0
eb2cf37b-6fc9-5cbc-835e-b7a3da2e9cd8,Guzaarish,2021,"Hindi, Non Film",Sushant - Shankar,Ashish Pandit,Times Music,0.0
ad56e315-8c5f-5fdd-bdbf-0a870fef71c5,Haan Kehde Tu,2021,"Hindi, Non Film",Amarabha Banerjee,Amarabha Banerjee,Zee Music Company,0.0
145e1b3b-89e6-53aa-9f97-e3e22bdbfa43,Haathi Mere Saathi,2021,"Hindi, Film",Shantanu Moitra,Swanand Kirkire,Eros Music,0.0
1add7fb2-2ca5-58f1-b436-6a283809f441,Habit,2021,"Hindi, Non Film",Arko,Kumaar,Saregama,0.0
bddcce27-c01c-5518-9900-32848839512a,Hai Tera Saath,2021,"Hindi, Non Film",Nitish Shukla,Nitish Shukla,Zee Music Company,0.0
7d5ac887-6413-5e7d-b73a-b2f8d6a9a692,Halo Re Halo,2021,"Hindi, Non Film",Aryan Deva,Ravi Chopra - I,Apni Dhun,0.0
1b3347af-3df9-5d20-ad9e-a7ddcaa2b0de,Haseen Dillruba,2021,"Hindi, Film",Amit Trivedi,"Varun Grover, Kshitij Patwardhan, Siddhant Mago",T-Series,3.0
1e60a333-ab0d-51af-8f38-e60d7501421d,Head Up,2021,"Hindi, Non Film",Muzik Amy,Pardhaan,Pardhaan,0.0
969e4e95-9b95-57a2-9423-b6d4bed10ac3,Heartfail,2021,"Hindi, Non Film",Sharib - Toshi,Manoj Yadav,Saregama,0.0
06cf3ad2-e73e-520c-a4b8-c0e5e61a1ebf,Hello Charlie,2021,"Hindi, Film","Tanishk Bagchi, Kanika Kapoor, Jasbir Jassi, Gourov Dasgupta, Rishi Rich, Kiranee, Don D Marley","Vayu, Kumaar, Shellee",Zee Music Company,0.0
65b2133a-8535-5cfb-8a40-3351dd0f3742,Helmet,2021,"Hindi, Film","Tanishk - Vayu, Shubham Shirule, Ana Rehman, Nirmaan, Tony Kakkar","Vayu, Shloke Lal, Nirmaan, Tony Kakkar",Zee Music Company,0.0
0c7e3293-765d-5661-bcdf-1d40d241d74e,Hindustani Way,2021,"Hindi, Non Film",A.R. Rahman,"Ananya Birla, A.R. Rahman, Nirmika Singh, Shishir A. Samant, Madi Yanofsky",Antimatter Media,0.0
a01f4c83-73ec-5ef4-a81b-309cc000e238,Holi Tere Naal,2021,"Hindi, Non Film","Prashant Mehta, Kammy",Prashant Mehta,Zee Music Company,0.0
e81e3dc2-6def-5581-982c-0ce6476a7e39,Hum Bhi Akele Tum Bhi Akele,2021,"Hindi, Film",Oni - Adil,"Bulleh Shah, Saurabh Negi, Pratyush Prakash",Zee Music Company,0.0
a4388875-2b63-5af6-b134-8d8e5f1b7ee7,Hum Do Hamare Do,2021,"Hindi, Film",Sachin - Jigar,Shellee,Zee Music Company,0.0
791ba15a-a5d0-56ca-ae1f-69f487bc21af,Humein Tumse Pyaar Kitna,2021,"Hindi, Non Film","Anshuman Sharma, R.D. Burman",Majrooh Sultanpuri,Saregama,0.0
80dff987-dc02-5284-8d6b-696434ce756d,Humko Toh Pyaar Hogaya,2021,"Hindi, Non Film",Jeet Ganguly,Rashmi Virag,Zee Music Company,0.0
0d4bec50-d6ab-596e-b747-c63295c3b12a,Hungama 2,2021,"Hindi, Film",Anu Malik,"Rani Malik, Sameer Anjaan",Eagle Music,0.0
5e63b628-02bc-5aaa-b65f-dcf0d0dc988d,Intezar,2021,"Hindi, Non Film","Shantanu, Sayantan Guha",Shantanu,Zee Music Company,0.0
4a482803-a9df-58b6-a35d-2807eacc28bb,Ishq Da Rog,2021,"Hindi, Non Film",Asad Khan,Raqueeb Alam,Zee Music Company,0.0
2e5b8e7e-200b-5aba-ba42-6232dddb8f81,Ishq Fakeeri,2021,"Hindi, Non Film",Ankit Tiwari,Shabbir Ahmed,Ankit Tiwari,0.0
8b9ac2ea-f2c4-5aab-824d-fc6944f5d6b3,Ishq Ka Maara Hoon Main,2021,"Hindi, Non Film",Sunil Bari,Sakaar Waatal,Onclick Music,0.0
18237b76-bccd-5e18-9eb8-561c20b68dc0,Ishq Mein,2021,"Hindi, Non Film",Meet Bros,Kumaar,T-Series,0.0
0b7499d1-9068-57d6-b45d-b4c4fc55e220,Ishq Tera Mera,2021,"Hindi, Non Film",Hriday Gattani,,Merchant Records,0.0
90178e36-27d7-584b-bacb-c9fbf6f29395,Itne Tum Zaroorii Ho,2021,"Hindi, Non Film",Deepp C,Naman Jain,Zee Music Company,0.0
d6e0e3ad-bd55-5a7a-8c7e-b6ff90f3cb68,Jaanein Bachayenge,2021,"Hindi, Non Film",Arijit Singh,Neelesh Misra,Oriyon Music,0.0
d5357940-9c84-5501-acd3-ef9696e1c41a,Jab Se Tu Mili Hai,2021,"Hindi, Non Film","Gagan - I, Luck E",Gagan - I,Zee Music Company,0.0
88f784be-b838-578f-83cc-76f1083f242d,Jabb Se Tumko Dekhaa,2021,"Hindi, Non Film",Himesh Reshammiya,Sameer Anjaan,Himesh Reshammiya Melodies,0.0
91365623-ac2b-56a5-a86e-953f426aa69d,Jamun,2021,"Hindi, Film",Deepak Arora - I,Numan Khoker,Eros Music,0.0
e40a49d0-07f4-5553-bab8-4739702ed4ee,Jhoota Lagda,2021,"Hindi, Non Film",Sanjeev - Ajay,Sanjeev Chaturvedi,Voila Digi,0.0
65edea5c-6e96-5f43-9ff3-5a489372330e,Juda Hue,2021,"Hindi, Non Film",Sonal Pradhaan,Sonal Pradhaan,Zee Music Company,0.0
c92c928f-5785-5860-9cd3-7195273c5352,Jugnu,2021,"Hindi, Non Film","Badshah, Hiten",Badshah,Universal,0.0
11842b21-7b4b-53d2-81d0-5ec47ce19ddc,Kaagaz,2021,"Hindi, Film","Pravesh Mallick, Rahul Jain, Ankur Ghosh","Aseem Ahmed Abbasi, Rashmi Virag, Kunaal Verma, Shweta Raaj",Salman Khan Films,0.0
83c2584c-79c2-5306-b766-bbef365929ab,Kabira,2021,"Hindi, Non Film",Raaj Aashoo,Traditional,T-Series,0.0
b0968b45-91be-564c-aefb-4d61699163c8,Kaise Hum Bataye,2021,"Hindi, Non Film",Jeet Gannguli,Rashmi Virag,Zee Music Company,0.0
38cbaf94-a0df-5327-ac81-cba53535f132,Karam,2021,"Hindi, Non Film",Muzik Amy,Pardhaan,Pardhaan,0.0
d5122ec6-66b3-54b7-94ba-935328289975,Khuda Hafiz,2021,"Hindi, Non Film",Sahir Ali Bagga,Fatima Najeeb,Saga Music,0.0
2b0483a4-c38e-596b-9a17-15a230eea88a,Khushi Jab Bhi Teri,2021,"Hindi, Non Film",Rochak Kohli,A.M. Turaz,T-Series,0.0
7e9d14ab-f4ae-5791-836e-eaac2a6b5425,Kill Chori,2021,"Hindi, Non Film",Sachin - Jigar,Vayu,Sony Music,0.0
b027aefc-67df-5e99-aa85-1327c0d3342e,Koi Jaane Na,2021,"Hindi, Film","Tanishk Bagchi, Amaal Mallik, Rochak Kohli, Amaal Malik, Laxmikant - Pyarelal, Vikram Nagi","Amitabh Bhattacharya, Kumaar, Manoj Muntashir, Javed Akhtar, R.P. Deewana",T-Series,3.0
4238be8b-7bd2-5d4d-9640-dd9b1c17e196,Koi Sehri Babu,2021,"Hindi, Non Film","Laxmikant - Pyarelal, Bombay Raja",Anand Bakshi,Saregama,0.0
bde83f1a-b273-5ef2-8576-8370c3dede95,Kya Hua Tera Vada,2021,"Hindi, Non Film","R.D. Burman, Rahul Jain",Majrooh Sultanpuri,Saregama,0.0
1d412ca5-1985-552c-a9a0-59de20510593,Kya Meri Sonam Gupta Bewafa Hai?,2021,"Hindi, Film","Avvy Sra, Rahul Mishra, Kalyanji - Anandji, Rochak Kohli, Payal Dev","Happy Raikoti, Manoj Muntashir, Kunaal Verma, Prakash Mehra",Saregama,0.0
793cfa77-4338-5f64-8b11-6a2ce09c841a,Laagi Tum Sang,2021,"Hindi, Non Film",Parivesh Singh,Manisha Singh Mullick,Zee Music Company,0.0
820bfac4-9083-5f89-927e-ac075b661055,Lagann Laagii,2021,"Hindi, Non Film",Himesh Reshammiya,Himesh Reshammiya,Himesh Reshammiya Melodies,0.0
39a4f5af-a1ea-51ba-a378-8594a65210fd,Lahore Confidential,2021,"Hindi, Film",Sameeruddin,Ritesh Jumnani,5 AM Audio,0.0
20d9a6fa-22fa-563c-9a36-0e384f33a6df,Lapataa,2021,"Hindi, Non Film",Chandan Saxena,Chandan Saxena,Zee Music Company,0.0
c203e0df-bfc9-5dc7-86e9-2ef5f7e6e8c5,Likhe Jo Khat Tujhe,2021,"Hindi, Non Film","Raj Barman, Shankar - Jaikishan",Neeraj,Saregama,0.0
f19ec016-a74b-502d-aabc-5f7f72bb72eb,Lockdown Main Mora Saiyaan,2021,"Hindi, Non Film",Sanket Sane,Kettan Singh,Zee Music Company,0.0
3b82015b-9af8-565a-9e24-1265f512fbe8,Maa Meri,2021,"Hindi, Non Film","Bidrohee Roy, Tia Kar",Tia Kar,Zee Music Company,0.0
643dd1ee-2d68-5c93-82bc-da81f3da504d,Maahiya,2021,"Hindi, Non Film",Udit Chettri,Deepesh Aaytee,Zee Music Company,0.0
cb916d36-6342-5555-a848-421bbc391ffc,Machaan,2021,"Hindi, Film",Nitesh Tiwari - III,Prem Sagar Singh,White Coconut Pictures,0.0
653e570e-d10c-5891-871d-a60a5c517a7a,Madam Chief Minister,2021,"Hindi, Film",Mangesh Dhakde,Dushyant,T-Series,0.0
aea04ee2-3420-5af3-84b2-ac52ddc660cb,Madhanya,2021,"Hindi, Non Film","Lijo George, DJ Chetas",Kumaar,Desi Music Factory,0.0
8639b26d-0255-508a-a260-a611c26afa95,Maheroo,2021,"Hindi, Non Film",Harish Sagane,Zeeshan Khan Azal,Zee Music Company,0.0
2f315e3c-12a5-567a-b1d3-17f9f2ec06c1,Mai Chahun,2021,"Hindi, Non Film",Abhishek Kumar - I,Abhishek Kumar - I,Zee Music Company,0.0
3afce4f7-221b-5184-9f9e-162179a35f0d,Main Bhi Barbaad,2021,"Hindi, Non Film",Gourov Dasgupta,Kunwar Juneja,Saregama,0.0
e65411e4-97bb-5c55-a689-2708dbde55c3,Main Dhoondta Raha,2021,"Hindi, Non Film","Pratham Aggarwal, Tenzing Lama",Pratham Aggarwal,Zee Music Company,0.0
5d91af6d-1445-5e9b-bdf2-edad5e3ca979,Main Marjaunga,2021,"Hindi, Non Film","Raees, Zain - Sam",Raees,Zee Music Company,0.0
7ef13dd5-681d-529b-9df4-1e80185c01a7,Main Mulayam,2021,"Hindi, Film","Sharib - Turaz, Sharib - Toshi, BoB Sn","Kalim Sheikh, Buddha Mukherjee",Zee Music Company,0.0
4480cd5c-10f1-580e-b00a-55f9efd298de,Main Tera Ho Gaya,2021,"Hindi, Non Film",Anmol Daniel,Pankaj Dixit,Warner Music,0.0
8843c43e-556f-5289-8dac-14f295d80f77,Majnu,2021,"Hindi, Non Film","The Rish, Mellow D","The Rish, Mellow D",Universal,0.0
922520db-35ff-513e-91fc-a5dd5d5ee0a3,Manmaniyan,2021,"Hindi, Non Film",Krsna Solo,Saaveri Verma,Voxxora Music,0.0
9eaf3f01-f53f-546d-b123-bd820a642445,Mann Bawara Hua,2021,"Hindi, Non Film",Altaaf Sayyed,Akhtar Nafe,Zee Music Company,0.0
2acfd53c-40af-5830-a172-76526d241dc3,Manwa Mora,2021,"Hindi, Non Film",Anupama Raag,Anupama Raag,Zee Music Company,0.0
447116fb-228e-59a6-b905-7ff9545d74d0,Marhaba,2021,"Hindi, Non Film",Nitesh Tiwari - I,S. Faheem Ahmed,Ultra,0.0
d8190b5a-f4a8-5e30-b6f3-e44120c797df,Mauka Hai,2021,"Hindi, Non Film",Rochak Kohli,Manoj Muntashir,T-Series,0.0
33a20f17-e03a-5c07-b837-2d0b02cfecb0,Mazaa,2021,"Hindi, Non Film","B Praak, Jaani",Jaani,Saregama,0.0
19b1870e-d74f-54a4-a98e-a43df7884e8e,Meenakshi Sundareshwar,2021,"Hindi, Film",Justin Prabhakaran,"Raj Shekhar, Bjorn Surrao, Folk Marley Anthony Daasan",Sony Music,4.0
096b9c44-e226-5620-bdee-be45776d0de5,Mehendi,2021,"Hindi, Non Film","Lijo George, DJ Chetas",Priya Saraiya,Dhvani Bhanushali,0.0
0add3d3c-f695-5916-8f50-d070a532151c,Mehendi Ka Ranngg,2021,"Hindi, Non Film",Himesh Reshammiya,Shabbir Ahmed,Himesh Reshammiya Melodies,0.0
3fdb93a1-2642-574f-ab80-61e0510af55c,Mera Fauji Calling,2021,"Hindi, Film","Harpriet Singh Vig, Sajjad Ali Chandwani, Vijay Verma","Pooja Saini, Traditional, A.M. Turaz, Rajesh Manthan, Shakeel Azmi",Zee Music Company,3.0
0acab48b-f19d-55ed-b4a7-d361e7852c0c,Meri Heeriye,2021,"Hindi, Non Film",Satish Tripathi,"Satish Tripathi, Harvinder Singh - I",Zee Music Company,0.0
d5b2a1d4-4c24-52c0-9be4-82f8210e2a1e,Meri Pukaar Suno,2021,"Hindi, Non Film",A.R. Rahman,Gulzar,Zee Music Company,0.0
f7a6f3a2-c9cd-5265-9aa5-7068e0b49b6a,Meri Zindagi Mein,2021,"Hindi, Non Film",Shamir Tandon,Sameer Anjaan,Tips,0.0
60b19b06-7d5d-58f2-9610-d58544ddfa0f,Mimi,2021,"Hindi, Film",A.R. Rahman,"Amitabh Bhattacharya, Julia Gartha",Sony Music,4.0
ca40ef78-8d3f-5987-9030-ef3941149e67,Mohabbat Hai,2021,"Hindi, Non Film",Jeet Gannguli,Kunaal Verma,Universal,0.0
e6bc0107-b5e2-5955-b14a-3159016f3d3b,Mulgi Dhating,2021,"Hindi, Non Film",Sachin - Jigar,Vayu,Zee Music Company,0.0
4b7bed2e-e412-5635-a6a1-8d51d06a51dc,Mumbai Saga,2021,"Hindi, Film","Tanishk Bagchi, Nusrat Fateh Ali Khan, Yo Yo Honey Singh, Payal Dev","Manoj Muntashir, Nusrat Fateh Ali Khan, Yo Yo Honey Singh, Hommie Dilliwala, Prashant Ingole",T-Series,0.0
df57e871-aa68-546e-b405-722504c4f02d,Naa Dooja Koi,2021,"Hindi, Non Film",Arko,Arko,Zee Music Company,0.0
3cf867c9-366b-59f2-aa13-e87952a723f1,Naache Sari Raat,2021,"Hindi, Non Film","Zahid Alam, DJ Apple",Zahid Alam,Zee Music Company,0.0
70c85d35-7590-5bfe-a39b-0f6c02303d32,Naagin Dance,2021,"Hindi, Non Film",Ullumanati,Ullumanati,Tips,0.0
41b40867-d4c2-5d78-9b71-ebf4bc8d8468,Nail Polish,2021,"Hindi, Film",Ronit Chaterji,Sudeep Naik,Zee Music Company,0.0
8df7cccc-d601-56d5-bb1e-cd4da9513a4f,Naina Morey,2021,"Hindi, Non Film","Traditional, Sabir Khan Jaipur Gharana, Bade Ghulam Ali Khan",Bade Ghulam Ali Khan,Zee Music Company,0.0
fcd1c27d-e5f3-57ef-8818-73706152d16d,Naina Tu Behna Tu,2021,"Hindi, Non Film",Jeet Ganguly,Manoj Yadav,Zee Music Company,0.0
ec8c0c61-c327-52a8-9c84-9961ff510299,Naino Ki Shararat,2021,"Hindi, Non Film","Nitesh Ramchandra, Salim Ashfee",Anufatma,T-Series,0.0
bc6a1852-7e28-5854-b09d-85a62bfcb025,O Bharat Maa,2021,"Hindi, Non Film",Sunil Devbanshi,Dheeraj Kumar - I,Ultra,0.0
5ac8b782-5d73-5473-88e8-19a6a698dbbf,O Dilbar Yaara,2021,"Hindi, Non Film",Harish Sagane,Meer,Nupur Audio,0.0
dd8e47fc-2687-5a61-ba2a-1d8e7185ff2c,O Saiyyonii,2021,"Hindi, Non Film",Himesh Reshammiya,Himesh Reshammiya,Himesh Reshammiya Melodies,0.0
11ed688b-0bbf-5d8d-83f6-1f433dcfa5ec,Ohh Yaara,2021,"Hindi, Non Film",Rashid Khan - II,Vishal Samrat,Zee Music Company,0.0
536e0074-cabe-566b-b920-670840ce0ba0,Oonche,2021,"Hindi, Non Film","Su Real, Dutty Deedz",Nasty Ninja,Zee Music Company,0.0
4867f1dc-0399-575f-ba40-f7c0ee082506,Oye Mamu!,2021,"Hindi, Film",Sandesh Shandilya,Swanand Kirkire,Zee Music Company,0.0
7917d249-9cf4-53c2-818e-06c26e483f52,Paani Paani,2021,"Hindi, Non Film",Badshah,Badshah,Saregama,0.0
593de3f8-035a-51db-8831-261283d9fe07,Pagglait,2021,"Hindi, Film",Arijit Singh,"Neelesh Misra, Raftaar",Oriyon Music,4.0
f1a325a5-1509-57f4-8ad3-9de0fbc926fa,Pardesi,2021,"Hindi, Non Film",Arko,Arko,Zee Music Company,0.0
1bb492c6-27b7-5e90-8815-dad98675ca03,Patangi,2021,"Hindi, Non Film",Rishi Singh,Alaukik Rahi,Zee Music Company,0.0
63b020ca-55b9-572d-aba0-466977cf708f,Peene Lage Ho,2021,"Hindi, Non Film",Rajat Nagpal,Kirat Gill,Desi Music Factory,0.0
73b74059-d399-5ffa-aad6-75190c40cec8,Pehla Nasha,2021,"Hindi, Non Film","Jatin - Lalit, DJ Harshit Shah",Majrooh Sultanpuri,Saregama,0.0
6fed7c0c-c6a5-5966-a5b1-a4ae1110adbc,Pehle Pyaar Ka Pehla Gham,2021,"Hindi, Non Film","Rajesh Roshan, Manan Bhardwaj","Javed Akhtar, Rashmi Virag",T-Series,0.0
d121550e-e677-5a58-a5e9-c4c351299816,Phir Se Us Mod Pe,2021,"Hindi, Non Film",Kumar Atul,Kumar Atul,Zee Music Company,0.0
f69e470a-a6e6-5c38-b53b-b9640b090403,Piya Ji,2021,"Hindi, Non Film",Prashant Satose,Saaveri Verma,Zee Music Company,0.0
c20e1b70-470e-5331-afff-f7723602d5ac,Piya Ji Ke Sanng,2021,"Hindi, Non Film",Himesh Reshammiya,Shabbir Ahmed,Himesh Reshammiya Melodies,0.0
e5fb20a9-8c2c-59e8-be0e-cc5d14e821a6,Promise,2021,"Hindi, Non Film",Ramji Gulati,"Moody, Akkhar",Zee Music Company,0.0
8548d52c-1774-5694-aeb9-a6a9b01f4452,Pushpa: The Rise - Part 1,2021,"Hindi, Film",Devi Sri Prasad,Raqueeb Alam,T-Series,0.0
c03a288d-f0a8-5e34-9d2c-2e69d1ac4b9a,Pyaar Ho Jayega,2021,"Hindi, Non Film",Vishal Mishra,"Vishal Mishra, Akshay Tripathi",Universal,0.0
c5b160c3-e3de-55cf-8990-6496521f92c6,Pyaar...Ek Tarfaa,2021,"Hindi, Non Film",Amaal Mallik,Manoj Muntashir,Sony Music,0.0
acbfede6-71a5-5c25-9309-9f5299af3231,Raastey,2021,"Hindi, Non Film",Mayur Suryawanshi,Mayur Suryawanshi,Zee Music Company,0.0
50152eb5-09fe-524b-8e9b-9a3ec6192714,Radha,2021,"Hindi, Non Film",Abhijit Vaghani,Kunaal Verma,T-Series,0.0
cd01ff5e-a610-5f55-bb08-9497d587fb1d,Radhe - Your Most Wanted Bhai,2021,"Hindi, Film","Devi Sri Prasad, Himesh Reshammiya, Sajid - Wajid","Shabbir Ahmed, Sajid Khan, Kunaal Verma",Zee Music Company,0.0
1e0047c2-b12e-5ab7-9651-1adc001c3ded,Rang Deeni,2021,"Hindi, Non Film","Aadesh Shrivastava, Hyacinth D'Souza",Nida Fazli,Times Music,0.0
faafc779-134b-561f-a8a1-abc3dc9b8502,Rashmi Rocket,2021,"Hindi, Film",Amit Trivedi,Kausar Munir,Zee Music Company,0.0
2a7dc150-f7e5-5876-9b29-1e957e72bffa,Rehne Lage Tum Dil Mein,2021,"Hindi, Non Film",Nayeem - Shabir,Arafat Mehmood,Zee Music Company,0.0
26482571-817f-576a-9dc7-bdc3f8bc1944,Rim Jhim,2021,"Hindi, Non Film",Ami Mishra,Kunaal Verma,T-Series,0.0
81179388-a2ce-5347-b104-db6bd745982b,Roohi,2021,"Hindi, Film","Sachin - Jigar, Emanuele Marascia, Alessandro Murru","Amitabh Bhattacharya, Emanuele Marascia, Alessandro Murru, I.P. Singh, Jigar Saraiya",Sony Music,0.0
94bc9f54-b8dd-509f-b261-68975ecb2aba,Roothe Kaahe Mose Piya,2021,"Hindi, Non Film",Sudeep Banerjee,Vikki Nagar,Zee Music Company,0.0
f3928256-5f42-5bdf-8d60-e99aca0d7e62,Saat Samundar Paar,2021,"Hindi, Non Film",Vivek Kar,Abhendra Kumar Upadhyay,Saregama,0.0
a7bab109-aa11-58a9-9dc1-0be8224d82fb,Saawariya,2021,"Hindi, Non Film",Hiten,Dilwala,Sony Music,0.0
6614f273-7471-5c1c-8e8c-9962ba7ba252,Saccha Wala Love,2021,"Hindi, Non Film",Payal Dev,Payal Dev,Apni Dhun,0.0
4bd52818-d04d-57bd-981e-2c8d6dc2f19c,Sach Keh Raha Hai,2021,"Hindi, Non Film","Harris Jayaraj, B Praak",Sameer,Saregama,0.0
80d72fef-d990-5801-a2f1-e505b40b11fb,Sach Manu Ya Fareb,2021,"Hindi, Non Film",Vipin Patwa,Anirudh Kaushal,Zee Music Company,0.0
43704071-af2f-59b7-93a0-22179be73aaf,Sahi Sahi,2021,"Hindi, Non Film",Aar Bee,M.S. Abid,Zee Music Company,0.0
988606ca-b4cd-564a-a3ae-f6786e20f882,Saina,2021,"Hindi, Film",Amaal Mallik,"Manoj Muntashir, Kunaal Verma",T-Series,0.0
8a0f6154-5c3c-59c5-9b1b-e343e116ee3a,Saiyaan,2021,"Hindi, Non Film",Bhavdeep Jaipurwale,Iqbal Qureshi,Zee Music Company,0.0
b3c57cc7-297e-574f-b1dc-f22fc5593f39,Saiyaan Ji,2021,"Hindi, Non Film",Yo Yo Honey Singh,"Yo Yo Honey Singh, Lil Golu, Hommie Dilliwala",T-Series,0.0
fef4e205-f5ee-5ec4-9980-79a64b80b159,Sakshi,2021,"Hindi, Film","Swaroop Khan, Asif Iqbal","Kunaal Verma, Jamil Ahmed",Zee Music Company,0.0
2533c5e7-f25f-50a0-8690-5a811d1b4241,Sanak,2021,"Hindi, Film","Nadeem - Shravan, Chirantan Bhatt, Jeet Gannguli","Sameer Anjaan, Manoj Yadav, Rashmi Virag",Zee Music Company,0.0
6a6fa96f-975e-5c44-878f-adb13782d91b,Sandeep Aur Pinky Faraar,2021,"Hindi, Film","Anu Malik, Narendra Chandra, Dibakar Banerjee, Kamlesh Haripuri","Anu Malik, Dibakar Banerjee, Pardhaan, Narendra Chandra, Sangeeta Chandra, Kamlesh Haripuri",YRF Music,0.0
8291717d-a80a-5255-9237-0d7be0bb22de,Sanseinn,2021,"Hindi, Non Film",Himesh Reshammiya,Himesh Reshammiya,Himesh Reshammiya Melodies,0.0
cbef71c4-1c21-57a5-a286-0069afe0b95a,Sardar Ka Grandson,2021,"Hindi, Film","Manak-E, Tanishk Bagchi, Milind Gaba","Tanishk Bagchi, Milind Gaba, Happy Raikoti, Manoj Muntashir",T-Series,0.0
4c1b562f-e1dc-555d-9632-195f93c6ca22,Sardar Udham,2021,"Hindi, Film",Shantanu Moitra,,Zee Music Company,0.0
ca03bf67-c18e-5f1a-a62e-8376cf934c40,Satrangi Piya,2021,"Hindi, Non Film","DJ Shilpi Sharma, Kunaal - Rangon",Kunaal Verma,Artist Originals,0.0
0a7379d4-d897-52ae-817b-efa803d9e1b5,Satyameva Jayate 2,2021,"Hindi, Film","Rochak Kohli, Nusrat Fateh Ali Khan, Tanishk Bagchi, Jass Manak, Sharry Nexus, Arko, Payal Dev, Anu Malik","Manoj Muntashir, Nasir Kazmi, Jass Manak, Tanishk Bagchi, Rashmi Virag, Indeevar",T-Series,0.0
0f4501ec-2973-5991-b624-6ff46e058662,Shaadisthan,2021,"Hindi, Film","Nakul Sharma, Sahil Bhatia, Swaroop Khan, Ajay Jayanthi","Sahil Bhatia, Nakul Sharma, Apurv Dogra, Amir Khusro, Ajay Jayanthi, Kunal Singh Chauhan",Zee Music Company,0.0
64793a18-3469-57a1-8d01-2a8dcfdfb2e4,Shanti,2021,"Hindi, Non Film","Milind Gaba, Music MG","Milind Gaba, Music MG",T-Series,0.0
954a3f01-833e-563b-ab4e-865539007517,Sherni,2021,"Hindi, Film","Utkarsh Dhotekar, Bandish Projekt","Raghav - I, Hussain Haidry",T-Series,3.0
57cd736f-354e-5a1f-a3e1-401ad37e48b6,Shershaah,2021,"Hindi, Film","Jasleen Royal, Javed - Mohsin, Vikram Montrose, B Praak, Tanishk Bagchi","Anvita Dutt, Rashmi Virag, Manoj Muntashir, Jaani, Tanishk Bagchi",Sony Music,4.0
8b42d6dd-3abd-51b6-887d-1c8e00ecc722,Shiddat,2021,"Hindi, Film","Manan Bhardwaj, Nusrat Fateh Ali Khan, Sachin - Jigar, Gourov Dasgupta","Manan Bhardwaj, Nusrat Fateh Ali Khan, Khwaja Parvez, Priya Saraiya, Kunwar Juneja, Traditional, Kausar Munir",T-Series,0.0
1e224265-ff98-5d75-bd6b-6fcbb45c6208,Shikve Hazaar,2021,"Hindi, Non Film",Asif Panjwani,Asif Panjwani,Zee Music Company,0.0
2302a19f-e868-5684-8427-3d02d90fdd8b,Silence... Can You Hear It?,2021,"Hindi, Film",Altaaf Sayyed,Atiya Sayyed,Zee Music Company,0.0
31c59a9a-035e-5517-915c-7b556f359fb8,Sirfira Dil,2021,"Hindi, Non Film","Ghanshyam Singh, Manish Bhanushali",Ghanshyam Singh,Zee Music Company,0.0
f55d9256-8809-52c0-b3e1-00e8257237ab,Skater Girl,2021,"Hindi, Film",Salim - Sulaiman,"Nishu Sharma, Dhiren Garg, Raja Kumari, Shraddha Pandit",Maisie Music,0.0
6a4f09af-4757-5efa-9a02-f61788d91e28,Slay,2021,"Hindi, Non Film","Yunan, Deep Kalsi","Raftaar, Yunan",Sony Music,0.0
3338fed6-49cf-5c13-a7f5-6008c67ad3fc,Slow Slow,2021,"Hindi, Non Film",Badshah,Mellow D,T-Series,0.0
a91d83eb-d410-521a-9dc1-9235eef77f3d,Solo Laila,2021,"Hindi, Non Film",Tanishk Bagchi,Vayu,T-Series,0.0
e2630a35-e4e4-5e07-af9a-69d04916ebb3,Songs Of Love,2021,"Hindi, Non Film",Amit Trivedi,"Ozil Dalal, Kausar Munir, Shellee, Siddhant Mishra, Sidhant Mago",AT Azaad,0.0
71de0da3-c032-59fc-911d-addf52576752,Soniye,2021,"Hindi, Non Film",Amjad Bagadwa,Anand Singh,Zee Music Company,0.0
9c27fd10-6ab9-562c-aff0-9aec1657ba90,Sonn Pann,2021,"Hindi, Non Film",Hyder Dar,Sunayana Kachroo,Zee Music Company,0.0
c81c6c27-d16e-542a-881a-e859409d9348,Sooryavanshi,2021,"Hindi, Film","Tanishk Bagchi, Pritam, Kaushik - Akash - Guddu, Pav Dharia, Viju Shah, Lijo George, DJ Chetas","Shabbir Ahmed, Nitin Raikwar, Rashmi Virag, Tanishk Bagchi, Pav Dharia, Manav Sangha, Don Jaan, Anand Bakshi",T-Series,0.0
f92a015d-6800-58cf-99d3-8b48ec245774,Soulmate,2021,"Hindi, Non Film",Akull,"Akull, Mellow D, Dhruv Yogi",Universal,0.0
464a1cf0-6075-563c-b923-389201046e25,Squad,2021,"Hindi, Film","Sonal Pradhaan, Amjad - Nadeem - Aamir","Sonal Pradhaan, Amjad - Nadeem",Zee Music Company,0.0
a65ebedf-8c4a-555d-beae-bf5a25e5db72,Sukoon,2021,"Hindi, Non Film",Prini Siddhant Madhav,Sameer Anjaan,Zee Music Company,0.0
58f7825a-94d2-569b-b6c4-08b731b25cfc,Sumeru,2021,"Hindi, Film",Sunjoy Bose,"Rishi Raj Bhatt, Vinay Joshi",Padma Siddhi Films,0.0
83392080-3403-58a4-b540-182c03727672,Sun Le Zara,2021,"Hindi, Non Film",Sonal Pradhaan,Sonal Pradhaan,Zee Music Company,0.0
e2ac1b46-ad51-5ca1-a71e-7f86dc789844,Switchh,2021,"Hindi, Film","Gourov - Roshin, Bappa Lahiri","Kumaar, Mustufa Raj, Shabbir Ahmed",Eros Music,0.0
6ef1c020-b5bd-5eed-b33d-20fdb6e20af2,Tadap,2021,"Hindi, Film",Pritam,"Irshad Kamil, Ashish Pandit",T-Series,0.0
20e16df0-c5a8-5c87-b473-b4b6ce9eedfc,Tanha Hai Dil,2021,"Hindi, Non Film",Praveen Bharadwaj,Praveen Bharadwaj,Zee Music Company,0.0
69612ca3-0755-5557-ad63-8e5db7ab1857,Tanha Hoon,2021,"Hindi, Non Film",Anmol Daniel,Pankaj Dixit,Indie Music Label,0.0
91fcbe50-2ad4-5a50-a887-41d851bab88c,Tank Cleaner,2021,"Hindi, Film","Kuldeep Toor, Vicky Bhoi, Gurbir Singh",TeAmo Ravi Singh,Red i Productions,0.0
356ac6b2-a90b-59cc-9231-e15a6b0dcdc5,Tera Deewana,2021,"Hindi, Non Film",Anand Swaroop Tripathi,Amit Mishra,Zee Music Company,0.0
441975aa-9d7d-5c84-9625-93b8a79acbc6,Tera Hoon Na,2021,"Hindi, Non Film",Tanishk Bagchi,Rashmi Virag,T-Series,0.0
f09b4be7-a00c-513b-b4d6-37face62e88a,Tera Intezar,2021,"Hindi, Non Film",Avinash Pathak,"Inderjeet Singh - I, Kameshvar Shukla",Red Ribbon Music,0.0
132c998c-3bc1-56e2-bce1-a9caab128b5f,Tera Naam,2021,"Hindi, Non Film",Manan Bhardwaj,Manan Bhardwaj,T-Series,0.0
5d64496c-d814-5bc6-ab17-0cc88adb6932,Tere Aansu,2021,"Hindi, Non Film",Bibhuti Gogoi,Love,Zee Music Company,0.0
17db732b-6ea2-582a-9798-4581c8fedccb,Tere Bagairr,2021,"Hindi, Non Film",Himesh Reshammiya,Sameer Anjaan,Himesh Reshammiya Melodies,0.0
4fc7d765-b8c1-5df7-9946-3eeca9ac3edf,Tere Bin,2021,"Hindi, Non Film",Nitesh Tiwari - I,"Nilesh Tiwari, Richa Kalra",Zee Music Company,0.0
9c03d151-11c5-5614-9832-da315b5fb82f,Tere Hi Hum,2021,"Hindi, Non Film",Prateek Kuhad,Prateek Kuhad,Elektra Records,0.0
282f4a75-62ba-5319-bbfa-fedf11a2526c,Tere Labh Pe,2021,"Hindi, Non Film",Shivang Mathur,Shayra Apoorva,Zee Music Company,0.0
6ce80e13-ab39-51fe-93e6-a043339b17f6,Teri Aankhein Badi Anmol,2021,"Hindi, Non Film",Chirantan Bhatt,Manoj Yadav,Zee Music Company,0.0
2d2b49ed-a6eb-5d7f-8836-a9e7cdf3b787,Teri Mehfil,2021,"Hindi, Non Film","Ahmed Hussain, Mohammed Hussain",Vijay Darda,Red Ribbon Music,0.0
942e6066-58d8-539a-9a8b-b4f17f989a52,Teri Yaad Aaye Yun,2021,"Hindi, Non Film",Siddharth Singh - I,Shobhana Thakur,Red Ribbon Music,0.0
26310e95-ff4a-5677-809d-5912903508fa,Teri Yaadon Se,2021,"Hindi, Non Film",Asif Panjwani,Nadeem Ahmad,Zee Music Company,0.0
6089c5f5-09f8-5de8-8f87-02fcdafa85e0,Thalaivii,2021,"Hindi, Film",G.V. Prakash Kumar,Irshad Kamil,T-Series,0.0
0e8faa72-5cd8-52cd-bdb7-d19e650ce7e4,The Big Bull,2021,"Hindi, Film","Gourov Dasgupta, Wily Frenzy, Mehul Vyas","Kunwar Juneja, CarryMinati, Anil Verma",Zee Music Company,0.0
3a6b019c-1fab-5df0-b3e3-6f8c05a15857,The Girl On The Train,2021,"Hindi, Film","Sunny Inder, Vipin Patwa",Kumaar,Zee Music Company,0.0
c18e3ec4-8493-5646-bc46-7d9e49a6b778,The Power,2021,"Hindi, Film",Salim - Sulaiman,Kumaar,Zee Music Company,0.0
b88b0e39-32fd-5a73-8b94-6fa21d1381f2,The Wife,2021,"Hindi, Film",Utkarsh Dhotekar,Amir Khusro,Zee Music Company,0.0
94b386f6-a19d-5d45-b1ba-a10f1e36af2b,Thoda Thoda Pyaar,2021,"Hindi, Non Film",Nilesh Ahuja,Kumaar,Zee Music Company,0.0
49f9330a-39bf-5318-84e5-6303ac687843,Time To Dance,2021,"Hindi, Film","Vishal Mishra, Gurinder Seagal, Rochak Kohli, Guru Randhawa, Vee, Vijay Verma","Kumaar, Kunaal Verma, Guru Randhawa, Geet Sagar, Rajesh Manthan, Neha Karode, Amrita Talukder",T-Series,0.0
dc4bdc0e-6cbe-536b-940b-9e26f44527ca,Tohfa,2021,"Hindi, Non Film",Vayu,Vayu,Sony Music,0.0
8b86eeca-a481-5c3a-82e3-a4826f657514,Toofaan,2021,"Hindi, Film","Shankar - Ehsaan - Loy, Samuel - Akanksha, Traditional, Daniel Lozinski, Dub Sharma","Javed Akhtar, Manoj Kumar Nath, D'Evil, Traditional",Zee Music Company,3.0
5323462a-06c2-5688-8305-7a18ed0e4429,Toota Taara,2021,"Hindi, Non Film",Sham Balkar,Kumaar,Zee Music Company,0.0
2f50b2c3-d74d-53c6-a33f-7d9adaf1279a,Tootay,2021,"Hindi, Non Film",Ankur Tewari,Ankur Tewari,Artist Originals,0.0
06450c7e-237a-58fc-aba7-c9803f2981cd,Tu Bhi Sataya Jayega,2021,"Hindi, Non Film",Vishal Mishra,"Vishal Mishra, Kaushal Kishore",Universal,0.0
e2909964-17c6-510e-ac8b-8a8aeb1b0e0b,Tu Laut Aa,2021,"Hindi, Non Film",Sujeet Anahata Thakur,Sujeet Anahata Thakur,Zee Music Company,0.0
85f44a34-acd2-5343-b418-3fd06ab6957f,Tu Mile Dil Khile,2021,"Hindi, Non Film","Raj Barman, M.M. Keeravani",Indeevar,Saregama,0.0
4d3ab7d8-4fa5-5912-98c5-202dc5e7601d,Tuesdays & Fridays,2021,"Hindi, Film",Tony Kakkar,"Tony Kakkar, Neha Kakkar, Kumaar",T-Series,0.0
f30b11c2-a5a8-5002-9ba8-879bfdb7a60c,Tujhe Bhoolna Toh Chaaha,2021,"Hindi, Non Film",Rochak Kohli,Manoj Muntashir,T-Series,0.0
a8106896-0d57-52fb-bbad-f8b74e033146,Tujhe Dekha,2021,"Hindi, Non Film",Nayan Shankar,Sehaj Singh,Zee Music Company,0.0
060d4b41-ebb1-5710-a7fc-991a4a3219c9,Tujhe Kho Diya,2021,"Hindi, Non Film",Sumit Saha,Gulshan Madan,Zee Music Company,0.0
50e9587a-5b54-5546-b7e8-15065085836e,Tujhse Juda Dil,2021,"Hindi, Non Film",Sadhu S. Tiwari,Sadhu S. Tiwari,Zee Music Company,0.0
445eeb9a-1744-5462-b430-5afd066dacac,Tum Bewafa Ho,2021,"Hindi, Non Film",Payal Dev,Kunaal Verma,DRJ Records,0.0
b91c0ccf-38b6-5aae-ae7e-8d8e00866f59,Tumpe Mar Jaaenge,2021,"Hindi, Non Film",Himesh Reshammiya,Himesh Reshammiya,Himesh Reshammiya Melodies,0.0
68d480e9-8b5b-5658-8812-b2e863fd74b8,Tumse Pyaar Hai,2021,"Hindi, Non Film",Vishal Mishra,"Vishal Mishra, Kaushal Kishore",Universal,0.0
7f70d205-1e8c-568e-be8b-5bc4610c163b,Velle,2021,"Hindi, Film","Rochak Kohli, Sohail Sen, Jasleen Royal, JAM8, Yug Bhusal","Vayu, Siddharth - Garima, Aditya Sharma - I, Bipin Das",Zee Music Company,0.0
929eb8a6-c3c3-53c9-81ea-94b230d7b249,Vilayati Sharaab,2021,"Hindi, Non Film","Lijo George, DJ Chetas",Kumaar,E Positive Entertainment,0.0
5522c4f8-5961-5176-b28d-07bba3e652e9,Woofer,2021,"Hindi, Non Film",B Happy,Sagar Arora,Zee Music Company,0.0
b6a306a5-1be5-5e97-9ecf-b6aa7ea07114,Yaad Na Aana,2021,"Hindi, Non Film",Yash Narvekar,Yash Narvekar,Sony Music,0.0
25240b0a-a7e8-5b61-9211-dc8b206d4fb2,Yaar Dua,2021,"Hindi, Non Film",Bad-Ash,Bad-Ash,One Music Originals,0.0
85fc0bd6-f701-553b-b3e6-a5756bb9d556,Yaara Seeli Seeli,2021,"Hindi, Non Film","Hridaynath Mangeshkar, Akshay Menon",Gulzar,Saregama,0.0
5713395f-c475-5643-8294-f80ca0a98dc7,Yaaron Rab Se Dua Karo,2021,"Hindi, Non Film",Meet Bros,Rashmi Virag,T-Series,0.0
5d4c5fa7-4523-5b5a-82c6-d0ea0a8e92de,Ye Kiski Yaad Mein Gum Ho,2021,"Hindi, Non Film","Ahmed Hussain, Mohammed Hussain",Alok Yadav,Red Ribbon Music,0.0
2b0e6796-7358-5ed9-935b-7fa269681dc9,Zaalima Coca Cola,2021,"Hindi, Non Film","Tanishq Bagchi, Taafu","Vayu, Khwaja Parvez",T-Series,0.0
b03c55a4-0f30-5fdf-ad6b-71d6edcc5e86,Zahir Kare,2021,"Hindi, Non Film",Nilesh Ahuja,Kumaar,Zee Music Company,0.0
51a60345-085c-5d67-ac87-5b678d367ce7,Zara Zara,2021,"Hindi, Non Film",Piyush Shankar,Abhendra Kumar Upadhyay,Zee Music Company,0.0
98006ee8-30ef-54dd-8999-afc4905c0359,36 Farmhouse,2022,"Hindi, Film",Subhash Ghai,Subhash Ghai,Zee Music Company,0.0
9de3eeeb-15d3-51b0-9dfd-3c081957e9ee,Aaram De,2022,"Hindi, Non Film",Ankit Tiwari,Sandeep Nath,Zee Music Company,0.0
66ffb2b5-318d-543f-8787-cdabdd03615d,All We Need Is Love,2022,"Hindi, Non Film",Sagar Dhote,"Aditya Kalway, Nikhil Chinchankar",Shaan,0.0
291edf2b-8215-5042-b9fa-2c45e15bbf64,Almost Pyaar with DJ Mohabbat,2022,"Hindi, Film",Amit Trivedi,Shellee,Zee Music Company,3.0
261aa384-1e57-55a6-9871-d3028c295962,An Action Hero,2022,"Hindi, Film","Parag Chhabra, Tanishk Bagchi, Amar Jalal, Faridkot","Vayu, D'Evil, Shah Rule, Indivar, Tanishk Bagchi, Amar Jalal, Balla Jalal",T-Series,3.0
5d358767-bff1-5580-9801-2b73b5ed1e6f,Anek,2022,"Hindi, Film",Anurag Saikia,"Shakeel Azmi, Jonathan Lemtur, Anubhav Sinha, Basharat Peer",T-Series,0.0
6eddd1bc-4753-59ef-86c2-9e847b8c47a4,Ardh,2022,"Hindi, Film",Palash Muchhal,"Palak Muchhal, Kunaal Verma, Palash Muchhal, Bulleh Shah, Parry G, Kuwar Virk",Zee Music Company,0.0
e3859498-92f4-500f-aef2-591bc5b2ad59,Atithi Bhooto Bhava,2022,"Hindi, Film",Prasad S.,"Mayur Puri, Shakeel Azmi, Priyanka R. Bala, Kunaal Verma, Tanveer Ghazi",Zee Music Company,4.0
a9165840-4c03-5ae6-968e-16d50e163cba,Atmaraksha,2022,"Hindi, Film",B. Manoj,Sudhakar Sharma,Odhali,0.0
7342e2db-9ecd-5ea9-b660-f15217d099b9,Attack,2022,"Hindi, Film",Shashwat Sachdev,"Kumaar, Girish Nakod, Bjorn Surrao, Tisoki, Traditional",Zee Music Company,0.0
0e2c7abd-35f4-5a01-987c-39dcadf02c3d,Awaara Ho,2022,"Hindi, Non Film",Shashwat Sachdev,Shashwat Sachdev,Universal,0.0
1abfd95d-9fba-5fc3-a4c3-26c0784c3a8f,Awaara Ho (Dream Pop),2022,"Hindi, Non Film",Shashwat Sachdev,Shashwat Sachdev,Universal,0.0
12af4c4f-86ed-588c-9ef6-5f3b35d2d054,Baarish Aayi Hai,2022,"Hindi, Non Film",Javed - Mohsin,Kunaal Verma,Universal,0.0
8dc532ca-22d3-55d8-95ca-a7683cadb99d,Baarish Mein Tum,2022,"Hindi, Non Film","Showkidd, Harsh Kargeti",Samay,T-Series,3.0
14f30d86-de7a-5cad-bd89-b8aa133c1dff,Baaton Baaton Main,2022,"Hindi, Non Film",Shashwat Sachdev,Shashwat Sachdev,Universal,2.0
4819c275-abba-584e-998a-04422949ff79,Babli Bouncer,2022,"Hindi, Film","Tanishk Bagchi, Karan Malhotra - I","Tanishk Bagchi, Shabbir Ahmed, Manaswi Mohata",Zee Music Company,0.0
cc0853aa-3647-5c22-aec7-2f5bae7d3e0e,Baby Boo,2022,"Hindi, Non Film",Jagiesh Vaswani,Jagiesh Vaswani,T-Series,0.0
dbabde13-1c2b-5be6-b84b-3ce000e22310,Bachchhan Paandey,2022,"Hindi, Film","Vikram Montrose, B Praak, Jaani, Amaal Mallik, Roy","Farhad Bhiwandiwala, Azeem Dayani, Vikram Montrose, Jaani, Kumaar",T-Series,0.0
f8636b84-0619-58ca-8adc-fffb11421ebc,Badhaai Do,2022,"Hindi, Film","Tanishk Bagchi, Amit Trivedi, Ankit Tiwari, Khamosh Shah","Vayu, Anvita Dutt, Anurag Bhomia, Azeem Shirazi, Varun Grover",Zee Music Company,0.0
c5e34f6d-d052-5977-8d65-40d02c65c51c,Baha Le Jaa,2022,"Hindi, Non Film",Arjun Kanungo,Kunaal Verma,Saregama,0.0
92081341-63a7-532e-989f-7a1874cd8aba,Balma,2022,"Hindi, Non Film",Bali - I,Bali - I,Warner Music,0.0
ebf1cfdf-7838-56d9-aaa5-92e1746050a6,Banjo,2022,"Hindi, Non Film","Quan, Fotty Seven",Fotty Seven,Universal,0.0
a3c097c6-1650-56b1-935d-d2416bb5677f,Bepanahi,2022,"Hindi, Non Film",Srikar Padhi,Sushama Prabhakar,Red Ribbon Music,0.0
a8316eb4-cf2a-5a6a-8368-7f2592e23897,Bhediya,2022,"Hindi, Film",Sachin - Jigar,Amitabh Bhattacharya,Zee Music Company,0.0
29cdaaa0-1332-5ab1-a840-1398fae4781f,Bhool Bhulaiyaa 2,2022,"Hindi, Film","Pritam, Tanishk Bagchi, Shubham Shirule","Sameer, Mandy Gill, Amitabh Bhattacharya, Yo Yo Honey Singh, Saaveri Verma",T-Series,3.0
d79acdd0-5962-5eb7-a9d9-5026bdaed0e2,Blurr,2022,"Hindi, Film","Aditya Pushkarna, Rishi Dutta, Shivangi Bhayana","Srushti Tawade, Akshay The One",Zee Music Company,0.0
fc5affad-8dc4-5df4-9515-a6faa5ce6433,Boli Tujhse,2022,"Hindi, Non Film",Amit Trivedi,Raj Shekhar,Universal,3.0
e67ca5e2-fb50-55b3-a752-23cc33448522,Brahmastra Part One: Shiva,2022,"Hindi, Film",Pritam,"Amitabh Bhattacharya, Prasun Gupta, SlowCheeta",Sony Music,4.2
c3008aac-0c54-5ee3-ad1f-430cc0c155f9,Chandni,2022,"Hindi, Non Film",Vishal Mishra,"Vishal Mishra, Kaushal Kishore",Universal,0.0
f73bd8db-116f-5591-943c-fd4dceb26720,Chup,2022,"Hindi, Film","Amit Trivedi, S.D. Burman, Sneha Khanwalkar","Swanand Kirkire, Sahir Ludhianvi",Saregama,3.0
1705ea1f-2156-53af-9d2e-3b7136e2fbb7,Code Name: Tiranga,2022,"Hindi, Film","Jaidev Kumar, Vipin Patwa",Kumaar,T-Series,0.0
6902a205-4303-5337-ad4f-0cc72aec3235,Cuttputlli,2022,"Hindi, Film","Tanishk Bagchi, Dr. Zeus, Omar Malik, Hamid Ali Naqeebi, Aditya Dev","Tanishk Bagchi, Omar Malik, Hamid Ali Naqeebi, Rashmi Virag",Zee Music Company,0.0
04cf2ebf-7bc6-5778-9a87-df8fe0af6f9f,Darlings,2022,"Hindi, Film","Vishal Bhardwaj, Mellow D","Gulzar, Mellow D",Zee Music Company,4.0
f370afdc-7991-58e8-84ec-a358d1f21b82,Dasvi,2022,"Hindi, Film",Sachin - Jigar,"Amitabh Bhattacharya, Ashish Pandit",Zee Music Company,0.0
d478e5ab-fac0-54e5-8a99-522eac26886f,Dayein Bayein,2022,"Hindi, Non Film","Muhfaad, Flamboy","Muhfaad, Flamboy",Universal,0.0
58ffce4c-6ec0-5e0b-af15-515e79ca51ad,Deh Shiva,2022,"Hindi, Non Film","Arijit Singh, MC Mawali, Kiraat Singh",Shloke Lal,Oriyon Music,0.0
d8a2c737-bb69-5a58-b620-4343b7068d49,Dehati Disco,2022,"Hindi, Film","Ganesh Acharya, Drums Shivamani",Pranav Vatsa,T-Series,0.0
b3633a8d-c558-5ff5-b352-9619af5e0387,Dhaakad,2022,"Hindi, Film","Shankar - Ehsaan - Loy, Dhruv Ghanekar, Badshah, Hiten","Amitabh Bhattacharya, Traditional, Ishitta Arun, Badshah",SRE Music,0.0
1097f411-aa8b-577c-a81a-0f8e3c3b8f0c,Dhokha: Round D Corner,2022,"Hindi, Film","Bappi Lahiri, Tanishk Bagchi, Gourov Dasgupta","Anjaan, Kumaar, Devshi Khanduri",T-Series,3.0
6ce19faf-79b1-511f-8f8d-6b7d2f774213,Dil Jisse Zinda Hain,2022,"Hindi, Non Film","Nusrat Fateh Ali Khan, Mubarak Ali Khan, Meet Bros","Zafar Ali Khan, Youngveer",T-Series,0.0
f83a95a5-7ac1-5ff1-9310-fefd2b6d9700,Dil Ka Kabootar,2022,"Hindi, Non Film","Shubham Shirule, Ana Rehman",Shloke Lal,Sony Music,0.0
7762fd39-8255-5d2d-8d93-58a720ad0aa2,Dil Pe Zakhm,2022,"Hindi, Non Film",Rochak Kohli,Manoj Muntashir,T-Series,0.0
1f436a30-dbd5-5245-9be5-2ee6d97fe8ec,Dobaaraa,2022,"Hindi, Film","Gaurav Chatterji, Shor Police",Hussain Haidry,Saregama,0.0
c2029848-c151-575e-9d28-655e6c6c455f,Doctor G,2022,"Hindi, Film","Sultan Sulemani, Amjad - Nadeem - Aamir, Amit Trivedi","Kumaar, Amjad - Nadeem, Raj Shekhar, Puneet Sharma",Zee Music Company,3.0
a1169b5f-b52a-5911-861e-72c9c1e2984c,Dooba,2022,"Hindi, Non Film",Exult Yowl,Void,Void,0.0
2f4dafcc-05b4-5335-a089-635f9c390bbc,Door Akhiyon Se,2022,"Hindi, Non Film",Rochak Kohli,"Gurpreet Saini, Gautam G. Sharma",Universal,3.0
35be02d7-af85-5f06-9e84-6315bc90dedc,Double XL,2022,"Hindi, Film","Sohail Sen, Kanishk Seth","Mudassar Aziz, Baba Bulleh Shah",T-Series,3.0
ce322c78-1ed1-5b2f-a7a4-7d106bbb4087,Drishyam 2,2022,"Hindi, Film",Devi Sri Prasad,Amitabh Bhattacharya,Panorama Music,3.0
1061f718-954d-5d25-8041-d5bbb21f26b4,Ek Tu Hi Toh Hai,2022,"Hindi, Non Film",Aman Pant,Kunaal Verma,Sony Music,0.0
b58a6edf-ee73-5fe8-ba3b-c505e0238aae,Ek Villain Returns,2022,"Hindi, Film","Ankit Tiwari, Kaushik - Guddu, Tanishk Bagchi","Manoj Muntashir, Kunaal Verma, Prince Dubey, Tanishk Bagchi",T-Series,0.0
ffe9fc6e-bff3-581c-a6ff-db51fc4cd7c7,Forensic,2022,"Hindi, Film","Amol - Abhishek, Shabbir Ahmed, Rachita Arora","Abhishek Talented, Shabbir Ahmed, Ravi Ra",SRE Music,0.0
b6d84042-9349-5e35-b5aa-6bca8802ff91,Freddy,2022,"Hindi, Film",Pritam,"Irshad Kamil, Shreya Phukan, Brianna Supriyo",Tips,3.0
01e2d3ee-f399-5cec-8043-d17d8e475fa3,Gaaye Ja,2022,"Hindi, Non Film",Sunny M.R.,Shloke Lal,Oriyon Music,3.0
ce616889-2091-5e76-97c5-2adc02f30202,Gagan Dhuan Dhuan,2022,"Hindi, Non Film",B. Prasanna,Preetika Dixit,BP Records,3.0
8ee75e37-9bfc-529a-aba4-9b2da140f566,Gangubai Kathiawadi,2022,"Hindi, Film",Sanjay Leela Bhansali,"Kumaar, Bhojak Ashok 'Anjam', A.M. Turaz",Saregama,3.0
3556cd32-e700-56d3-807c-8819568296d9,Gehraiyaan,2022,"Hindi, Film","OAFF, Savera, SickFlip, Skeletron","Kausar Munir, Ankur Tewari",Sony Music,4.0
82355486-bb27-5d70-b562-3700f664d153,Good Luck Jerry,2022,"Hindi, Film","Parag Chhabra, Aman Pant","Raj Shekhar, Soom T, Deepak Dobriyal, Akshay The One",Zee Music Company,3.0
6d0d6a34-762c-5210-8477-bea4d7217935,Goodbye,2022,"Hindi, Film",Amit Trivedi,"Swanand Kirkire, Vikas Bahl",Zee Music Company,3.0
5f933c1a-a559-5e59-9f2b-8f125eeb9e64,Govinda Naam Mera,2022,"Hindi, Film","Sachin - Jigar, Tanishk Bagchi, Jaani, B Praak, Meet Bros, Rochak Kohli, DJ Chetas, Kimera","Vayu, Tanishk Bagchi, Jaani, Kumaar, Gurpreet Saini",Sony Music,0.0
14a7f150-5c61-54a5-9693-73b639f41b08,Haemolymph,2022,"Hindi, Film",Mujtaba Aziz Naza,Nasir Faraaz,Zee Music Company,0.0
c9c9ecc9-3ae4-5eec-98b8-b5ff360cde6d,Heer,2022,"Hindi, Non Film","Arzad Naaz, Sayantan Guha",Arzad Naaz,Zee Music Company,0.0
d6455567-4201-50de-9250-04f995aee1fe,Heropanti 2,2022,"Hindi, Film","A.R. Rahman, Manjeet Ral, Laxmikant - Pyarelal","Mehboob Kotwal, Jyoti Nair, ThoughtsForNow, Raftaar",T-Series,3.0
bc3cce69-9976-5126-bd1c-01bfa1dfc837,Hit: The First Case,2022,"Hindi, Film","Mithoon, Manan Bhardwaj","Sayeed Quadri, Manan Bhardwaj",T-Series,3.0
5c547d1a-2f06-57a0-b7e3-d8eeaae6727c,Ho Gaya Hai Pyaar,2022,"Hindi, Non Film",Jeet Gannguli,Kunaal Verma,DRJ Records,0.0
bbe8a8fd-0b6e-5c5c-8594-cf0fb2c73806,Holi Ka Rang,2022,"Hindi, Non Film",Parthasakha Daskabi,Amrit Raj - I,Red Ribbon Music,0.0
20da8e01-fad3-5348-8d57-9de4e0ee84f6,Holi Kay Rang,2022,"Hindi, Non Film",Shivang Mathur,"Shayra Apoorva, Pawan Mishra - I",Zee Music Company,0.0
b90535aa-55de-5bdc-b96e-f7d9f3934502,Holi Song,2022,"Hindi, Non Film",Israr Ansari,Israr Ansari,Zee Music Company,0.0
780e5fdb-a684-594c-b46d-c1a0573ca75c,Holy Cow,2022,"Hindi, Film","Rev Shergill, Sukhwinder Singh","Rev Shergill, Sukhwinder Singh, Bulleh Shah",Zee Music Company,0.0
84c0a2c2-041c-537f-9d28-2ff5bb51c74c,Honey Ke Sang,2022,"Hindi, Non Film",JAM8,"Shloke Lal, Akshay The One",Sony Music,0.0
83cfcbc4-56ba-5ac0-ae7f-12e9ef482847,Hurdang,2022,"Hindi, Film","Amaal Mallik, R.D. Burman, Sachet - Parampara","Anand Bakshi, Rashmi Virag, Irshad Kamil",T-Series,3.0
24629eed-c81b-5417-9650-e7f5335f9827,India Lockdown,2022,"Hindi, Film",Rohit Kulkarni,"Sanjeev Kumar Pandey, Sridhar Rajagopalan, Imlliadrakee",Zee Music Company,0.0
7e345bf8-7628-58f4-bb79-0527db5ef38f,Industry,2022,"Hindi, Non Film","Arjun Kanungo, Yash Vaid, vaultboy, Arpit G.","Arjun Kanungo, King, Kunaal Verma, Yash Vaid, Garret Nash, Jeremiah Daly, Dhruv Yogi, I.P. Singh",One Mind Music,3.0
395c2976-3f2c-541e-99bc-edb02646c493,Intezaar,2022,"Hindi, Non Film","Lucky Ali, Mikey McCleary","Lucky Ali, I.P. Singh",Lucky Ali Entertainment,3.0
18684170-ee4c-5af1-98d3-d6e24a9fa2fa,Ishq Ka Rang,2022,"Hindi, Non Film",Prateek Gandhi,Ritika Chawla,Prateek Gandhi,0.0
a26b1b87-5891-5603-b68f-04a145825474,Ishq Pashmina,2022,"Hindi, Film","Shashwat Prakhar Bhardwaj, Arvind Pandey - II, Sham Balkar","Arvind Pandey - II, Sham Balkar",Zee Music Company,0.0
48c994fd-4b6f-5964-aaf0-c82a5f97052b,Isolated,2022,"Hindi, Non Film",Arnab Bashistha,"Hiranjit, Anshuman",ARN Records,0.0
abbfd214-5a1e-548c-a066-b3d60493ef98,Jaa Rahe Ho,2022,"Hindi, Non Film",Kunaal Verma,Kunaal Verma,Saregama,0.0
6bb8a1a9-25ba-5cd8-b4b1-7b95d038665e,Jaadugar,2022,"Hindi, Film",Nilotpal Bora,Hussain Haidry,Netflix,4.0
ea9c48f6-8c7c-5703-a48f-e9490168e801,Jadu Salona,2022,"Hindi, Non Film",Amit Trivedi,"Shellee, Puneet Sharma, Amitabh Bhattacharya",AT Azaad,0.0
a6ad5ce5-02f2-52f2-a65d-1ef2bbf9cdf2,Jahaan Chaar Yaar,2022,"Hindi, Film","Sanjeev Chaturvedi, Anand Raj Anand, Rashid Khan - II","Sanjeev Chaturvedi, Anand Raj Anand, Shakeel Azmi",Times Music,0.0
01777b1c-e2af-5b55-be51-d3ae95d4b8e5,Jalsa,2022,"Hindi, Film","Gaurav Chatterji, Salvage Audio Collective","Sandeep Gaur, Charan Singh Pathania",T-Series,4.0
467a616e-85a7-577c-9068-6ba1096513d8,Janhit Mein Jaari,2022,"Hindi, Film","Prini Siddhant Madhav, Amol - Abhishek, Sadhu S. Tiwari","Sameer Anjaan, Abhishek Talented, Kunwar Juneja, Raaj Shandilya, Niket Pandey, Sadhu S. Tiwari, Rohit Sharma",Hitz Music,0.0
2fa47469-9807-5755-b23e-578a238d7d0a,Jayeshbhai Jordaar,2022,"Hindi, Film","Vishal - Shekhar, Sanchit Balhara, Ankit Balhara","Kumaar, Vayu, Jaideep Sahni, Vishal Dadlani",YRF Music,3.0
0804647a-40ee-5c19-902d-fcd9620f8950,Jersey,2022,"Hindi, Film",Sachet - Parampara,"Shellee, Mellow D",Zee Music Company,0.0
599ba249-4dcc-57fd-9ef3-c8dcca87edb6,Jhirmir,2022,"Hindi, Non Film",Kutle Khan,Traditional,Gravity Sounds,3.0
7bfa2ce7-fbad-5e66-939b-ac4a2e108ea5,Jhund,2022,"Hindi, Film",Ajay - Atul,"Ajay - Atul, Amitabh Bhattacharya",T-Series,0.0
71b171d7-d476-5edb-84d8-8b9a44b38dc4,Jo Mujhe Deewana Kar De,2022,"Hindi, Non Film",Manan Bhardwaj,Manan Bhardwaj,T-Series,0.0
e936803f-67e0-5e9a-9b3b-a0dd0338f075,Jogi,2022,"Hindi, Film","Julius Packiam, Traditional, Raj Ranjodh, Sameer Uddin","Traditional, Raj Ranjodh, Shellee",Netflix,0.0
fb1fb6c7-83b2-57fb-a712-fd1bb802b3ac,Judaa Hoke Bhi,2022,"Hindi, Film","Amjad - Nadeem - Aamir, Chote Baba, Puneet Dixit, Harish Sagane","Shakeel Azmi, Puneet Dixit, Purvi Pathak, Shweta Bothra",Zee Music Company,3.0
76888bc6-9d6b-5b84-89c8-be7db1d5231f,Jugjugg Jeeyo,2022,"Hindi, Film","Tanishk Bagchi, Abrar Ul Haq, Vishal Shelke, Pozy, Diesby, Atul Sharma - I, Kanishk Seth, Kavita Seth","Tanishk Bagchi, Abrar Ul Haq, Dhruv Yogi, Ghulam Mohammad Khavar, Ginny Diwan, Diesby, Shamsher Sandhu, Traditional",T-Series,0.0
009278cb-fea3-5997-ab77-dab14d468f98,KGF Chapter 2,2022,"Hindi, Film",Ravi Basrur,"Shabbir Ahmed, Deepak V. Bharti",MRT Music,0.0
e73aac5a-7800-51c8-85cb-4dd58951d26e,Kabhi Kabhi,2022,"Hindi, Non Film",Anumita Nadesan,Siddhant Kaushal,Anumita Nadesan,0.0
b15f4af3-2d1b-5ab6-9ac6-6ffb5b23b259,Kahaani,2022,"Hindi, Non Film",Mikhail Kuschke,Tanmaya Bhatnagar,Day One,0.0
79f1e72c-8f78-5b57-a504-4521a29e3362,Kantara,2022,"Hindi, Film",B. Ajaneesh Loknath,"Akshay Punse, Shashiraj Kavoor",Hombale Films,3.0
81c62cda-69cc-534b-b66c-80ae064e92ee,Kashmakash,2022,"Hindi, Non Film",Swastika - Sagnik,Shloke Lal,Sony Music,0.0
3ffc9290-65a0-573b-aa96-59356e5e9fe6,Kaun Pravin Tambe?,2022,"Hindi, Film",Anurag Saikia,Shakeel Azmi,Sony Music,4.0
4a9be833-4371-571d-87ef-693302d4777f,Khuda Haafiz: Chapter 2 Agni Pariksha,2022,"Hindi, Film","Mithoon, Vishal Mishra, Shabbir Ahmed","Mithoon, Faruk Kabir, Manoj Muntashir, Shabbir Ahmed, Ayaz Kohli, Vishal Mishra, Kaushal Kishore",Zee Music Company,3.0
2ec4942c-2b8a-5d98-98b7-5d7a90251b09,Kuch Baatein,2022,"Hindi, Non Film",Payal Dev,Kunaal Verma,T-Series,0.0
6fe9683e-06e7-5c95-b0a1-3ed8e1d37cdb,Kya Kar Diya,2022,"Hindi, Non Film",Vishal Mishra,"Vishal Mishra, Kaushal Kishore",Universal,0.0
6640a9bd-675e-52dd-94c4-ef110fc03012,Kya Karein,2022,"Hindi, Non Film",Ankur Tewari,Ankur Tewari,Ananya Birla,4.5
c8cbe758-cfcf-5c73-a45e-58dba18e61d4,Kya Say,2022,"Hindi, Non Film","Badshah, Chamath Sangeeth",Badshah,Universal,0.0
dde3b943-7e16-5903-b23e-3693ef1add4e,Laage Re Nain,2022,"Hindi, Non Film","Traditional, Paras Nath",Traditional,Sufiscore,3.0
d8600be9-71bb-5b41-9b2b-444ae921fa4b,Laal Singh Chaddha,2022,"Hindi, Film",Pritam,Amitabh Bhattacharya,T-Series,4.0
c6fc5e52-1188-59b5-acba-f71c08117a34,Life Is Good,2022,"Hindi, Film",Abhishek Ray,"Nivedita Joshi, Manvendra",Anand Shukla Production,3.0
58729d2f-dc8f-5711-aef3-173ac1829992,Liger,2022,"Hindi, Film","Tanishk Bagchi, Jaani, Lijo George, DJ Chetas, Sunil Kashyap, Vikram Montrose, Mark K. Robin","Rashmi Virag, Jaani, Kunaal Verma, Mohsin Shaikh, Azeem Dayani, Farhad Bhiwandiwala, Vikram Montrose, Shekhar Astitwa, Tanishk Bagchi, Puri Jagannadh",Sony Music,3.0
3012d6aa-69a5-5692-a774-4596b650a307,Load Hai,2022,"Hindi, Non Film",Hiten,Raftaar,Sony Music,3.0
86fc27e6-a301-5116-85cd-4e571a71dee8,Log Kehte Hai,2022,"Hindi, Non Film","Sarthak Kalyani, Siddharth Chopra, Neeraj Shetty","Mushafi Ghulam Hamdani, Sarthak Kalyani",Muhafiz,0.0
27d20b84-de8b-5beb-b5c6-2db7415f03f2,Looop Lapeta,2022,"Hindi, Film","Rahul Pais, Nariman Khambata, Sidhant Mago, Mayank Mehra, Santanu Ghatak","Siddhant Kaushal, Sidhant Mago, Santanu Ghatak",Zee Music Company,0.0
3bf9bb27-6caa-547f-ae5e-093d247288b9,Lost,2022,"Hindi, Non Film",Dino James,Dino James,Universal,0.0
4b70640d-e3c6-5baf-9104-4ac4eb2bb8c2,Love Hostel,2022,"Hindi, Film","Jeet Gannguli, Clinton Cerejo, Shor Police","Manoj Yadav, Siddhant Kaushal",Zee Music Company,0.0
dc01cbfa-5013-5c6b-a3a5-b10d3d054a40,Maarrich,2022,"Hindi, Film","Vishal Mishra, Amaal Mallik","Vishal Mishra, Rashmi Virag, Kaushal Kishore",Tips,3.0
52f60948-6dc2-58ec-bfaa-24b0ea2d14da,Main Jee Raha,2022,"Hindi, Non Film",Ana Rehman,Shloke Lal,Sony Music,3.0
71cd766c-a668-5c55-b65c-9b7a4dcf3c86,Main Royaan,2022,"Hindi, Non Film",Rajat Nagpal,Rana Sotal,Zee Music Company,0.0
275f6def-d7e0-5e55-94aa-effdbcac7cc4,Maja Ma,2022,"Hindi, Film","Soumil - Siddharth, Gourov Dasgupta, Anurag Sharma - I, The Yellow Diary, Soumil Shringarpure, Traditional","Priya Saraiya, Kumaar, Anurag Sharma - I, Rajan Batra, Lil Sidley, Traditional",Amazon,3.0
d8966c77-5791-5e1a-b511-a5ace575505e,Major,2022,"Hindi, Film",Sricharan Pakala,"Poojan Kohli, Ritesh Rajwada, Yash Eshwari",Zee Music Company,0.0
30bb8a2b-806d-54e8-9c77-af0383acc546,Mann Basiya,2022,"Hindi, Non Film",Samira Koppikar,Sahib,Zee Music Company,0.0
0d9ca1cd-d4e7-5fdc-b525-be2687b43fac,Mast Nazron Se,2022,"Hindi, Non Film",Rochak Kohli,Manoj Muntashir,T-Series,0.0
3ed127fb-fff5-5afc-b0bd-b924a97b4161,Matto Ki Saikil,2022,"Hindi, Film","Pravesh Mallick, Hotilal Pandey & Party","Kundan Jha, Pravesh Mallick, Shakti Prakash",,0.0
531c76e1-4507-5412-b631-e46760d36462,Mere Desh Ki Dharti,2022,"Hindi, Film","Vikram Montrose, Kalyanji - Anandji","Azeem Shirazi, Gulshan Bawra",Sony Music,0.0
89921487-f5c5-5cdd-8a21-e879e050878b,Mere Sone Mahiya,2022,"Hindi, Non Film",Dharmendra Bhadauriya,Ajit Chauhan,Red Ribbon Music,0.0
c3259a61-8d4b-56b2-bcc4-14c494286e97,Middle Class Love,2022,"Hindi, Film","Himesh Reshammiya, Prasanna Suresh","Himesh Reshammiya, Shabbir Ahmed, Shakeel Azmi, Spitfire, Mayur Puri",Zee Music Company,3.0
ae1f95c9-5eb3-5c34-b2ac-5def17af389d,Mili,2022,"Hindi, Film",A.R. Rahman,Javed Akhtar,Zee Music Company,4.0
b2e6cd9f-0a88-5b38-9eae-0191b21fced5,Mimmi,2022,"Hindi, Non Film","Ritviz, Karan Kanchan","Anvita Bharti, Ritviz",Ritviz,0.0
93dd2551-f1f9-5bd2-b232-f8fcafbdd6c0,Mister Mummy,2022,"Hindi, Film","Rochak Kohli, Ghulam Ali, Sneha Khanwalkar","Kumaar, Hasrat Mohani",T-Series,3.0
025f3222-574f-5ad1-ac2a-ff0b51f7db61,Mohabbat Zindagi,2022,"Hindi, Non Film",Mikey McCleary,Ankur Tewari,Lucky Ali Entertainment,3.0
65949c5a-041c-54ea-96c8-81236c90c4a4,"Monica, O My Darling",2022,"Hindi, Film","Achint Thakkar, Mikey McCleary","Varun Grover, Achint Thakkar",Netflix,3.0
946e48dc-4d8f-52e9-961d-892c6dac9149,Mor,2022,"Hindi, Non Film",Phenom,"Ikka, Rashmeet Kaur",Kalamkaar,0.0
00c3066c-5701-5539-8989-7f0606d7fa54,Mud Mud Ke,2022,"Hindi, Non Film",Tony Kakkar,Tony Kakkar,Desi Music Factory,0.0
2078da8e-5107-53b9-88c1-71c578a0639c,Mujhko Kiya Barbaad,2022,"Hindi, Non Film",Vivek Kar,Kumaar,Zee Music Company,0.0
27ee1f5a-37eb-5680-8202-6904409e58d5,Mujhse Ek Baat,2022,"Hindi, Non Film","Sarthak Kalyani, Siddharth Chopra, Neeraj Shetty","Mushafi Ghulam Hamdani, Sarthak Kalyani",Muhafiz,0.0
91615051-e65f-5d87-ba92-343c50de210b,My Country My Music,2022,"Hindi, Non Film",Shankar Mahadevan,Tanishk Nabar,Warner Music,3.0
57606eed-607a-5c04-a5f2-172199352350,Naari,2022,"Hindi, Non Film",Abhijit Vaghani,Shloke Lal,Surneeti,0.0
fff6516c-cc69-55dc-8429-f78bda1e6506,Narazgi,2022,"Hindi, Non Film",Sonal Pradhaan,Sonal Pradhaan,Zee Music Company,0.0
4ce2121d-b0e0-58be-9405-ec330b8dae8d,Nazar Andaaz,2022,"Hindi, Film",Vishal Mishra,Raj Shekhar,T-Series,0.0
17127f9e-7fb0-5652-9752-4605efedee8d,Never Back Down,2022,"Hindi, Non Film",Raftaar,Raftaar,Kalamkaar,0.0
0b8118f5-2908-5637-8bf8-15b6f8147c44,Nikamma,2022,"Hindi, Film","Gourov Dasgupta, Amaal Mallik, Vipin Patwa, Javed - Mohsin, Himesh Reshammiya","Kumaar, Sabbir Khan, Danish Sabri, Sanjay Chhel",Zee Music Company,3.0
f73e95b4-abbb-58b2-9945-00bd899d4d03,Noor,2022,"Hindi, Non Film",Ram Sampath,"Munna Dhiman, Traditional",Omgrown Music,0.0
7824c308-c6dd-5d23-9568-a120c7d0dce8,Odd Couple,2022,"Hindi, Film",Jay Rajesh Arya,Prashant Johari,Praneet Verma,0.0
d161c2ec-d0b0-5cff-96ff-678f0c2dcfb1,Operation Romeo,2022,"Hindi, Film",M.M. Kreem,Manoj Muntashir,Saregama,0.0
2e9473b6-607d-5d24-8839-8ab73298115a,PS-1,2022,"Hindi, Film",A.R. Rahman,Mehboob,Tips,4.0
6ede8044-62e7-5dc3-9fdd-350b4d036888,Paas Aa,2022,"Hindi, Non Film",Aakash Ravikrishnan,Kunaal Verma,A to Zae,3.0
30c2fb71-267b-5604-b0ae-d5f4174e1097,Pathaan,2022,"Hindi, Film","Vishal - Sheykhar, Sanchit Balhara, Ankit Balhara","Kumaar, Kit Bee, Vishal Dadlani",YRF Music,4.0
7832cda6-2fd6-5de9-81f7-3f2fc2f2ab63,Patriot,2022,"Hindi, Non Film",Arijit Singh,Arijit Singh,Oriyon Music,0.0
3a881015-9d12-559e-9bf4-8ce8b7cc3f56,Pehli Baar Mile,2022,"Hindi, Non Film",Rochak Kohli,Gurpreet Saini,R Music,0.0
1e6b419a-8954-53d5-bcc5-b12aaafe916b,Phireya,2022,"Hindi, Non Film",Anish John,Saaveri Verma,Sony Music,0.0
25793163-b707-5bc0-a4ee-16652fb953d6,Phone Bhoot,2022,"Hindi, Film","Tanishk Bagchi, Roy, Mikey McCleary, Rochak Kohli","Tanishk Bagchi, Kumaar, Baba Sehgal",Zee Music Company,0.0
0897da54-91a7-5c6d-8fd4-3fac3c22b2f2,Plan A Plan B,2022,"Hindi, Film","Bann Chakraborty, Yug Bhusal","Ginny Diwan, Ravi Basnet, Ankur Tewari",Netflix,3.0
d3a8e26b-fd2c-55f3-8b18-c0b1778748fb,Poori Gal Baat,2022,"Hindi, Non Film",Prem - Hardeep,Ranbir Singh - I,Zee Music Company,0.0
867378d0-c4f8-5826-ad60-41f31e3b1d3b,Pyaar Hai,2022,"Hindi, Non Film",Payal Dev,Rashmi Virag,Apni Dhun,0.0
4ac3e825-d06a-57be-a763-af8b66ccf8ce,Qala,2022,"Hindi, Film","Amit Trivedi, Sagar Desai, Wajid Ali Shah, Traditional","Kausar Munir, Sant Kabir, Anvita Dutt, Wajid Ali Shah, Traditional, Varun Grover, Amitabh Bhattacharya, Swanand Kirkire",Netflix,4.5
a61744bd-96ea-503c-8477-9757d95c6174,RK/RKAY,2022,"Hindi, Film",Sagar Desai,Hussain Haidry,Music 24 Records,0.0
330e65ca-1bb5-52ed-a146-d988e38e9493,RRR,2022,"Hindi, Film",M.M. Kreem,"Riya Mukherjee, Varun Grover, K. Shiva Dutta",T-Series,3.0
7be00995-0207-5f1b-92b5-8284fb8ee4d6,Raah Dikha De,2022,"Hindi, Non Film","Shubham Shirule, Ana Rehman",Shloke Lal,Sony Music,3.0
68e32aab-3dfa-5633-b4ce-97fd8caa7634,Radhe Shyam,2022,"Hindi, Film","Mithoon, Amaal Malik, Manan Bhardwaj","Mithoon, Manoj Muntashir, Rashmi Virag, Kumaar, Manan Bhardwaj",T-Series,0.0
16171798-a7c8-54a0-aa2a-e0c37fa82dd4,Raksha Bandhan,2022,"Hindi, Film",Himesh Reshammiya,Irshad Kamil,Zee Music Company,0.0
6ca0eb79-a3aa-51a4-9518-f8c3b2db7d93,Ram Setu,2022,"Hindi, Film","Ajay - Atul, Vikram Montrose, Ved Sharma - I, Dr. Zeus","Irshad Kamil, Arivu, Shekhar Astitwa, Manoj Muntashir, Traditional",Zee Music Company,0.0
14357cb4-fbda-5017-9bb5-0943c5c3be9b,Rashtra Kavach Om,2022,"Hindi, Film","Arko, Chirantan Bhatt, Amjad - Nadeem, Enbee","A.M. Turaz, Manoj Yadav, Kumaar",Zee Music Company,3.0
c27b5170-7dee-5b0e-a3a6-a705ca2ef3a4,Rocket Gang,2022,"Hindi, Film","Amit Trivedi, Viveick Rajagopalan","Raftaar, Kshitij Patwardhan, Talha Siddiqui, MC Altaf, MC TodFod, 100 RBH, Maharya, Noxious D, MC Mawali",Zee Music Company,3.0
cd53c2b6-1e53-5295-8c21-b7fde8b5b3ae,Rocketry: The Nambi Effect,2022,"Hindi, Film","Sam C.S., Nate Cornell, Billy Dawson, Divakar Subramaniam, Traditional","Raj Shekhar, Anurag Mishra, Traditional",Tricolour Films,3.0
fb48b1e4-fccd-5069-a935-4bca17988b96,Rubaab,2022,"Hindi, Non Film",Bhaari Beatz,Kaam Bhaari,Art Nagar,3.0
c222d33d-6a91-53ff-a04a-6fd3faa71c3f,Runway 34,2022,"Hindi, Film","Jasleen Royal, Yashraj Mukhate","Aditya Sharma - I, Akshay Shinde",Ajay Devgn Ffilms,0.0
557034a4-8a07-5009-9f4f-8f8a2590c1ac,Saamna,2022,"Hindi, Non Film","Vayu, Stav Beger",Vayu,Sony Music,0.0
9731109f-652b-55fa-9c32-f9b8aba490f0,Saari Saari Raat,2022,"Hindi, Non Film",Karma,Karma,Kalamkaar,3.0
7f793b4f-8b59-544d-8f9f-13ddf8e33256,Salaam Venky,2022,"Hindi, Film",Mithoon,"Mithoon, Sandeep Shrivastava, Kausar Munir",Zee Music Company,3.0
a78ab2dd-45a3-571a-91dd-efb0232e7aa4,Samrat Prithviraj,2022,"Hindi, Film","Shankar - Ehsaan - Loy, Alap Desai, Traditional, Sanchit Balhara, Ankit Balhara","Varun Grover, Ashit Desai, Traditional",YRF Music,3.0
d952881c-3f79-5044-b548-872a2cb25189,Saqi Tere Haathon Se,2022,"Hindi, Non Film","Ahmed Hussain, Mohammed Hussain",Keshri Chand Chandel 'Akshat',Red Ribbon Music,0.0
7581c021-4966-50ad-a778-3bce6a9d9941,Saroj Ka Rishta,2022,"Hindi, Film","Sanjeev - Ajay, Rahul Jain, Raees, Zain - Sam, Vickky Agarwal","Sanjeev Chaturvedi, Kunaal Verma, Sonu Saggu, Pawan Kumar - V, Mukesh Singh, Dheeraj Pandey, Liaqat Jafri",Zee Music Company,3.0
03e46ac4-5294-51bb-b356-020cb6a4c522,Shabaash Mithu,2022,"Hindi, Film","Salvage Audio Collective, Charan, Amit Trivedi","Charan, Swanand Kirkire, Kausar Munir",T-Series,0.0
b37d0920-47b7-5390-9b40-bcad551a3f45,Shamshera,2022,"Hindi, Film",Mithoon,"Mithoon, Karan Malhotra, Traditional, Piyush Mishra",YRF Music,0.0
424ee7bb-49f7-5ad9-9229-b8573f49534b,Sharam Lihaaj,2022,"Hindi, Non Film",Sonal Pradhaan,Kumaar,Zee Music Company,0.0
d15d0d94-152c-5d02-b646-cf52872b3f4c,Sharmaji Namkeen,2022,"Hindi, Film",Sneha Khanwalkar,Gopal Datt,Zee Music Company,0.0
1d08f5d5-e114-5da3-a124-39a2b86de16e,Sherdil - The Pilibhit Saga,2022,"Hindi, Film","Shantanu Moitra, Chayan Chakraborty, Traditional, Rahgir, Neeraj Arya","Gulzar, Sant Kabir, Vinod Dubey, Rahgir, Traditional",T-Series,4.0
9f8c24aa-d820-55c2-9fa7-301726d29f93,Shut Up,2022,"Hindi, Non Film","Tanishk Bagchi, Jack Knight, Soundmanlos","KiDi, Bhrigu Parashar",T-Series,0.0
9e69acd9-7c0d-51d8-97ab-db6180b2b62d,Single Saiyaan,2022,"Hindi, Non Film",Payal Dev,,Universal,0.0
21a29d16-7d35-5e77-974f-5f1077d48384,Siya,2022,"Hindi, Film",Chinmayi Tripathi,Neelesh Misra,Drishyam Films,0.0
46d2c7f0-6d02-5197-acb0-d527784642de,Sun Maahi,2022,"Hindi, Non Film",Amaal Mallik,Kunaal Verma,Always Music Global,3.0
1611ad9f-0272-5f2e-bd2a-5f3319a038d3,Tabahi,2022,"Hindi, Non Film","Badshah, Hiten",Badshah,Universal,0.0
3427e60b-9f73-5458-9015-e0e48970eacc,Tadka,2022,"Hindi, Film","Anup Rubens, Vivek Kar","Puneet Sharma, Kumaar",Zee Music Company,0.0
e2e94e46-99c2-5809-9366-48bad1a2746d,Tara Vs Bilal,2022,"Hindi, Film",Manan Bhardwaj,Manan Bhardwaj,T-Series,0.0
16f5f64d-f4a9-5a9b-80a9-7cbceaf61d3d,Tera Saath Ho,2022,"Hindi, Non Film",Tanishk Bagchi,"Tanishk Bagchi, Shabbir Ahmed",T-Series,0.0
809bad43-3d64-5cac-88a4-45e9864dbc28,Tera Yun,2022,"Hindi, Non Film",Anupama Raag,Azeem Shirazi,Zee Music Company,0.0
ef95a2e2-9c67-5103-85b0-a7d024445b07,Teri Ada,2022,"Hindi, Non Film",Kaushik - Guddu,Kunaal Verma,Universal,0.0
1ca1fd73-7743-5c85-ad4a-c9f45ef02e5e,Thai Massage,2022,"Hindi, Film","Traditional, Joi Barua, Amit Trivedi","Sant Kabir Das, Irshad Kamil",T-Series,0.0
af243ba5-2689-5f54-a41f-3b9afa5bf14b,Thank God,2022,"Hindi, Film","Tanishk Bagchi, Chamath Sangeeth, Anand Raj Anand, Rochak Kohli","Rashmi Virag, Dulan ARX, Mellow D, Sameer, Manoj Muntashir",T-Series,3.0
8ce9b972-8abd-5ee6-8bd3-5ddd0ba504c6,The Kashmir Files,2022,"Hindi, Film",Swapnil Bandodkar,Faiz Ahmed Faiz,Zee Music Company,0.0
37bbdd24-3c9e-50b1-af5e-ee92619f6d32,The Live-In Song,2022,"Hindi, Non Film",Shamir Tandon,Javed Akhtar,Saregama,0.0
998cee9a-3892-5c71-8f98-64a064c4d59e,Toolsidas Junior,2022,"Hindi, Film",Daniel B. George,Swanand Kirkire,T-Series,3.0
2d2851cb-42f0-5bf2-a7cc-8a5f83d3e0f2,Tu Na Aaya,2022,"Hindi, Non Film",Rahi Sayed,Rahi Sayed,Big Bang Records,3.0
7ad6df4b-42a1-519e-a2a6-92567ed4c4d0,Tu Saamne Aaye,2022,"Hindi, Non Film",Rocky - Jubin,Rocky Khanna,T-Series,0.0
0014be27-f013-52b4-a59c-2840f3649667,Tujme Main Saans Loon,2022,"Hindi, Non Film",Sadhu S. Tiwari,Arafat Mehmood,Panorama Music,0.0
f160f8e2-a8aa-5414-bca4-efadc5ecc105,Tumhe Pyaar Karungga,2022,"Hindi, Non Film",Javed - Mohsin,Rashmi Virag,Universal,0.0
0b7581e7-50d3-5952-9869-c460f3dec229,Tumse Pyaar Karke,2022,"Hindi, Non Film",Payal Dev,Kunaal Verma,T-Series,0.0
7983c1f0-f0e5-5536-8650-aca72b53c718,Urne De,2022,"Hindi, Non Film",Tapas Dhar,Tapas Dhar,Hric Music,0.0
a33b8648-5c70-590f-83b6-a0e85a176c04,Uunchai,2022,"Hindi, Film",Amit Trivedi,Irshad Kamil,Zee Music Company,3.0
1db39783-a9db-5ceb-b11a-0b2fd5d154b9,Vadh,2022,"Hindi, Film","Mofusion, Lavi Sarkar",Naveen Kumar - III,T-Series,0.0
abe792c0-4a9a-5394-b932-d7768f8270ef,Vikram Vedha,2022,"Hindi, Film","Vishal - Sheykhar, Sam C.S.",Manoj Muntashir,T-Series,0.0
f202e5e6-5c9a-5fd8-b45d-28d5420aab70,Woh,2022,"Hindi, Non Film","Ikka, Dino James, Badshaah","Ikka, Dino James, Badshah",Universal,3.0
41ba1d61-b0c1-5d1e-b7de-577e49447002,Yaad,2022,"Hindi, Non Film",Mukund Suryawanshi,Saaveri Verma,Sony Music,0.0
fb60ae03-cd92-5115-9aee-16cdb4657d6d,Yaad Aati Nahin,2022,"Hindi, Non Film",Salim - Sulaiman,Shraddha Pandit,Merchant Records,0.0
3beaf878-df59-54fb-9b81-d701e0321a1a,Yaadein Wohi,2022,"Hindi, Non Film",Arijit Singh,Arijit Singh,Oriyon Music,3.0
e0dc28cd-d099-57be-82d7-69d075127005,Yai Re,2022,"Hindi, Non Film","A.R. Rahman, Yo Yo Honey Singh","Mehboob, Yo Yo Honey Singh",Tips,0.0
2f943552-32cc-577f-ba24-955064d5c3fc,12th Fail,2023,"Hindi, Film",Shantanu Moitra,"Swanand Kirkire, Raftaar",Saregama,4.0
8d4ff030-f74b-56a7-9541-1c6ff2a2b839,1920: Horrors Of The Heart,2023,"Hindi, Film",Puneet Dixit,Shweta Bothra,Zee Music Company,0.0
4d9970d3-8082-5dd4-8b34-5c2fc156fed1,4.10,2023,"Hindi, Non Film","Divine, Lal Chand Yamla Jatt","Divine, Lal Chand Yamla Jatt",Saregama,3.0
57785201-1a14-5638-81eb-2d69fec1f000,8 A.M. Metro,2023,"Hindi, Film",Mark K. Robin,"Manoj Juloori, Kausar Munir, Shahbaaz Khan - I, Gulzar",Sony Music,3.0
c60074ef-baee-5c0a-ad94-fe3ed4d98268,Aadha Dil,2023,"Hindi, Non Film",Shreyas Puranik,Kumaar,RKV Entertainment,0.0
5c0782fa-5654-5a23-9bde-4862787b1c8d,Aaj Kal,2023,"Hindi, Non Film",Anurag Saikia,Avinash Chouhan,Anurag Saikia Productions,3.0
b019353b-26fd-5c80-8e03-61f52908c144,Aaja Baija Tu,2023,"Hindi, Non Film",Salim - Sulaiman,"Shraddha Pandit, EPR Iyer",Merchant Records,3.0
315fd84e-4e08-5349-9452-2a2a68eec882,Aaja Nindiya,2023,"Hindi, Non Film",Ankur Tewari,Ankur Tewari,Tiger Baby Records,0.0
88337903-0ab2-57e7-a531-52b17e12e415,Aangan,2023,"Hindi, Non Film","Arjun Tikadar, Khwaab",Arjun Tikadar,Arjun Tikadar,0.0
557d177e-9fc0-5fa5-a3fc-3045b87c9777,Aankh Micholi,2023,"Hindi, Film",Sachin - Jigar,"Jigar Saraiya, Priya Saraiya, Vayu, I.P. Singh",Zee Music Company,0.0
b3cbd4eb-3f19-5cc3-9c92-eb2ac3f5cc95,Aarambh,2023,"Hindi, Non Film","Ricky Kej, Traditional, Abby V, John Lennon, Paul McCartney","Jyoti Venkataraman, Meera Bai, John Lennon, Paul McCartney",Sufiscore,0.0
bc76847f-b1a3-5b5d-bdf0-174151a0d14e,Aazam,2023,"Hindi, Film",Durga - Natraj,Nawab Arzoo,Zee Music Company,0.0
8bbec21c-fe78-53f6-b1e6-029a3e0a60da,Ab Rukna Mat,2023,"Hindi, Non Film",Papon,Manoj Chaudhry,Papon,0.0
dcb814d8-ea16-5abd-a175-965d3527f04a,Adipurush,2023,"Hindi, Film","Ajay - Atul, Sachet - Parampara",Manoj Muntashir Shukla,T-Series,4.0
475f13e4-0834-557a-b66e-624d5875b3e6,Afwaah,2023,"Hindi, Film",Shamir Tandon,Dr. Sagar,T-Series,0.0
25b3f320-edc3-50a1-95e0-d80500daa5c1,Aisi Teri Yaadein,2023,"Hindi, Non Film",Rocky - Jubin,Rocky Khanna,RadF Media,0.0
11884510-b130-5f3b-8276-40333638007c,Ajmer 92,2023,"Hindi, Film",Parthasakha Daskabi,Amrit - III,Zee Music Company,3.0
a5024587-757c-5cdb-8bc1-2122ed50bc62,Akelli,2023,"Hindi, Film","Gurshabad Singh, Hitesh Sonik, Mehul Vyas, Aman Pant","Gurshabad Singh, Raj Shekhar, Mukund Bhalerao, Manoj Tapadia",Zee Music Company,0.0
9488b1ac-aebf-5c7b-89c7-255f1e6dd380,Am I Next,2023,"Hindi, Film","Sukhamrit - Sachin, Rohil Bhatia, Aadil Altaf, Tuhin K. Biswas","Sukhamrit Soin, Aadil Altaf, Rahat Kazmi",Panorama Music,3.0
3a313e1b-80ca-56f8-b27a-763d51f8f45b,Angnaa,2023,"Hindi, Non Film",Rishabh Shah,Rishi Pathak,Rishabh Shah,0.0
97e06ca7-ee62-5241-aa39-e60a442b0a6d,Animal,2023,"Hindi, Film","JAM8, Pritam, Harshavardhan Rameshwar, Vishal Mishra, Manan Bhardwaj, Jaani, Traditional, Ashim Kemson, A.R. Rahman, Bhupinder Babbal, Gurinder Seagal, Shreyas Puranik","Manoj Muntashir Shukla, Raj Shekhar, Manan Bhardwaj, Jaani, Ashim Kemson, Traditional, Bhupinder Babbal, Gurinder Seagal, Siddharth - Garima",T-Series,3.0
51721081-e421-564c-b763-63167738c083,Antariksh,2023,"Hindi, Non Film",Anuv Jain,Anuv Jain,Anuv Jain,3.0
a94dc335-6c4f-5ab9-90c6-fa072931368a,Apurva,2023,"Hindi, Film",Vishal Mishra,"Vishal Mishra, Kaushal Kishore",Zee Music Company,0.0
9fa8619f-33f3-5b76-9210-aa5f3c292695,Aseq,2023,"Hindi, Film","Yug Bhusal, Veer Pandya","Himanshu Kohli, Veer Pandya, Shravan Mantri",Times Music,0.0
0a97a37c-af7c-5af9-a377-91404128bc1a,Baadal,2023,"Hindi, Non Film",Sanjith Hegde,Aditya Sharma - I,Warner Music,0.0
0bcdc2a1-6b3c-534a-84d6-c32b4e9c1947,Baagh Aayore,2023,"Hindi, Non Film","Amit Kilam, Rahul Ram, Nikhil Rao - I",Rahul Ram,Indian Ocean,0.0
117cb08a-8a93-5c1f-983f-a3f2c0ec54de,Baaki,2023,"Hindi, Non Film","Shalmali Kholgade, Rajan Batra",Rajan Batra,Shalmiaow Media,3.0
b0cd03f9-4670-530f-86f8-6012ace62408,Baat Kya Hai,2023,"Hindi, Non Film",Samira Koppikar,Shellee,Samira Koppikar,0.0
4ac675d1-9e53-5650-820a-c8d518a5a935,Bad Boy,2023,"Hindi, Film",Himesh Reshammiya,"Sonia Kapoor Reshammiya, Himesh Reshammiya, Kumaar, Shabbir Ahmed",Zee Music Company,3.0
bc5635d1-d4ae-544f-aa54-0a9689e02b99,Barkha,2023,"Hindi, Non Film",Arijit Singh,Irshad Kamil,Oriyon Music,4.0
59ebd19f-1982-55db-af13-4bfdac95e035,Bawaal,2023,"Hindi, Film","Mithoon, Akashdeep Sengupta, Tanishk Bagchi","Manoj Muntashir Shukla, Kausar Munir, Arafat Mehmood, Shloke Lal",T-Series,3.0
62081381-e9ea-530e-a9c0-150663b4d0ee,Bewajah,2023,"Hindi, Non Film","Somanshu, Harjaspreet Singh","Somanshu, Harjaspreet Singh, Murtuza Gadiwala",Day One,0.0
213700ea-b893-5889-b7fb-15e89aa9bf10,Bhagwan Bharose,2023,"Hindi, Film",Indian Ocean,Sanjeev Sharma,Rhythm Boyz Entertainment,0.0
0fef58db-53ae-5ed7-95e1-d8ad9f0c5e2b,Bheed,2023,"Hindi, Film","Anurag Saikia, Traditional","Dr. Sagar, Shakeel Azmi, Traditional",T-Series,3.0
b0721e31-7a75-5193-afcc-e4acba591bbc,Bhide,2023,"Hindi, Non Film",Arijit Singh,"Amitabh Bhattacharya, Divine",Oriyon Music,0.0
fb10711c-4378-586d-9b49-74ca39b5509c,Bholaa,2023,"Hindi, Film","Ravi Basrur, S.D. Burman","Irshad Kamil, Shailendra",T-Series,3.0
6c78778b-c390-5925-9e20-e547b215cb70,Bhula Du,2023,"Hindi, Non Film",Payal Dev,Sayeed Quadri,T-Series,0.0
cfdcb0fa-a64d-5ea5-9064-cbd9c8152724,Bikhra Dil,2023,"Hindi, Non Film",Siddhant Mishra,Siddhant Mishra,Siddhant Mishra,0.0
c8ebb7c8-0e15-5f70-9630-4ce3686fd8e4,Billo,2023,"Hindi, Non Film",Prashant Satose,Saaveri Verma,Vijay Bhola,3.0
f8eb7301-af76-5cea-94aa-d77e08618043,Blind,2023,"Hindi, Film",Shor Police,"Martin Guas, Shloke Lal, Clinton Cerejo, Bianca Gomes, Zain Boxwala, Shome Makhija, Ricardo Pereira",Panorama Music,3.5
228ec70e-7c5c-57ee-8dfb-38de25ca0546,Bloody Daddy,2023,"Hindi, Film","Anuj Garg, Julius Packiam, Badshah, Aditya Dev","Dinesh Pant, GD 47, Badshah, Harsimran Singh",Times Music,3.0
180c3bda-95fa-5fea-9b2a-bdc71c9cf4f0,Chatrapathi,2023,"Hindi, Film",Tanishk Bagchi,"Mayur Puri, Shabbir Ahmed",Times Music,0.0
44a1e144-a776-5538-9144-6aa66481683b,Chhatriwali,2023,"Hindi, Film","Rohan - Rohan, Akhil Sachdeva, Sumeet Bellary, Durgesh Rajbhatt","Tejas Prabha Vijay Deoskar, Akhil Sachdeva, Satya Khare, Saaveri Verma",Zee Music Company,3.0
ed220ec3-38e5-5240-994c-63bfe6165ed2,Chor,2023,"Hindi, Non Film",Justh,Justh,Justh,4.0
a8db09a9-0b18-5fe5-b6fb-874582c8be8f,Chor Nikal Ke Bhaga,2023,"Hindi, Film",Vishal Mishra,Vishal Mishra,Netflix,4.0
9dcc33b2-1d13-5c09-bac5-f92de42f1074,Cirkus,2023,"Hindi, Film","Lijo George, DJ Chetas, Devi Sri Prasad, Badshah, Hiten","Kumaar, Hari, Badshah",T-Series,3.0
1ea12a60-ec80-5c13-96ad-eb563b5e5bea,Coat,2023,"Hindi, Film","Joy - Anjan, Vardan Singh, Hriju Roy","Buddhaditya, Azeem Shirazi, Ravi Basnet",Gem Tunes,0.0
80fa39b9-b2fb-59a7-a582-5b8db581988d,Daayein Baayein,2023,"Hindi, Non Film",Goldie Sohel,Goldie Sohel,Saregama,0.0
2a179d94-643f-5b9f-bdef-6a40f9e1bc13,Darranchhoo,2023,"Hindi, Film","Amjad - Nadeem - Aamir, Vijay Verma","Alaukik Rahi, Rajesh Manthan",Zee Music Company,0.0
de8f01de-1c6a-5909-8e62-e72dfa5bd0be,Dashmi,2023,"Hindi, Film","Shabbir Ahmed, Mohammad Salamat, Anis Ali Sabri, Prasad Sashte","Shabbir Ahmed, Priyanka R. Bala",3S Movies,0.0
08c9133f-a0fe-5185-900a-bf1b640c2d44,Deewani,2023,"Hindi, Non Film",Sachet - Parampara,Kumaar,T-Series,0.0
1d51e1a9-96e9-5749-9f65-900aecc876e6,Dhak Dhak,2023,"Hindi, Film","Jasmine Sandlas, Rishi Dutta, Osho Jain, Mohan Kannan, Shruti Pathak, Anurag Saikia, Raghav - Arjun","Jasmine Sandlas, Kundan Vidyarthi, Baba Bulleh Shah, Osho Jain, Mohan Kannan, Gurpreet Saini, Avinash Chouhan, Damayanti 'Deepa', Naveen Kumar Patyal, Raghav - Arjun",Zee Music Company,0.0
c99c4927-b051-5fa8-8432-0976e0275b25,Dil Berozgar Hai,2023,"Hindi, Non Film",JSL Singh,Shekhar - IV,OSM Records,0.0
7a9e10d3-5df4-5912-86a4-d7a7873204a0,Dil Khanjar,2023,"Hindi, Non Film",Rashmeet Kaur,Sunayana Kachroo,TM Music,3.0
138f1a6d-9982-52af-afb0-17654e651396,Do Ajnabee,2023,"Hindi, Film",Deepak Gupta - I,Deepak Gupta - I,Red Ribbon Music,0.0
a7764549-fc21-5e9e-8371-52684a1adc51,Dono,2023,"Hindi, Film",Shankar - Ehsaan - Loy,Irshad Kamil,Zee Music Company,4.0
b0685a2a-f506-5f92-bfe5-b3d2e43231eb,Doob Jaayein,2023,"Hindi, Non Film","Shekhar Ravjiani, Kasyap",Priya Saraiya,Ggaruda Music,0.0
f68cae3e-b136-5389-8774-293dbffc8817,Dream Girl 2,2023,"Hindi, Film","Meet Bros, Tanishk Bagchi, Arko","Kumaar, Shaan Yadav, Jonita Gandhi, Rashmi Virag, Arko",Zee Music Company,0.0
7e29cf74-f808-572d-81b7-8a794ca4c19e,Dry Day,2023,"Hindi, Film","Javed - Mohsin, Protijyoti Ghosh","Danish Sabri, Saurabh Shukla",T-Series,0.0
eeb8345d-c5f8-5fa6-9981-29c2e2a890b7,Dunki,2023,"Hindi, Film","Pritam, Sheykhar Ravjiani","Swanand Kirkire, I.P. Singh, Javed Akhtar, Irshad Kamil, Varun Grover, Kumaar, Amitabh Bhattacharya, Traditional",T-Series,3.0
3e01f2c5-eeb9-56fa-9ae7-78f0ba9299ff,Dvand: The Internal Conflict,2023,"Hindi, Film",Rohit Sharma Golu,Faiz Khan,Vsquare Music,0.0
7c150d9d-f497-556a-a84f-53a7e26b2967,Faraaz,2023,"Hindi, Film",Sameer Rahat,"Alok Ranjan Srivastava, Sameer Rahat",T-Series,3.0
a5e6639e-9be0-5627-8bdd-8cc8239f5ef1,Farrey,2023,"Hindi, Film",Sachin - Jigar,"Jigar Saraiya, Mellow D, Abhishek Dubey, MC Stan",Zee Music Company,3.0
3ce33b7b-34d8-5d45-8ccf-e9b99ad10e07,Fly Fly Away,2023,"Hindi, Non Film","Shekhar Ravjiani, Shivam Sengupta, Anuj Danait","Shekhar Ravjiani, Shivam Sengupta, Anuj Danait",Ggaruda Music,0.0
8d3eb82b-5b52-5ef9-8da7-f74f8f79140c,Friday Night Plan,2023,"Hindi, Film","Dhruv Visvanath, Skrat, When Chai Met Toast","Siddhant Kaushal, Piyush Kapoor",Zee Music Company,3.0
5cf9f322-c7f0-5828-887e-64dd29a38de5,Fukrey 3,2023,"Hindi, Film","Tanishk Bagchi, Abhishek Nailwal, Sumeet Bellary","Shabbir Ahmed, Abhishek Nailwal, Mrighdeep Singh Lamba, Kumaar, Vipul Vig",Zee Music Company,3.0
92cf3022-daf8-502a-9248-a901a49acab0,Gadar 2,2023,"Hindi, Film","Mithoon, Uttam Singh, Monty Sharma","Anand Bakshi, Sayeed Quadri, Traditional, Kairvina",Zee Music Company,0.0
a6fc544d-5dd3-5108-bf95-167b5d063cf9,Galtiyan,2023,"Hindi, Non Film",Saurabh Kalsi,Sapan Saran,CBitss Digital,0.0
fac8628e-381e-5670-957e-f666e06fcca0,Ganapath,2023,"Hindi, Film","Vishal Mishra, White Noise Studios, Amit Trivedi, Dr. Zeus","Akshay Tripathi, Priya Saraiya, Swanand Kirkire, Priceless, Dr. Zeus, Roach Killa, Ikka",Zee Music Company,0.0
fa1fa07c-d973-5f4f-8dd4-4d6bf4fcb7d7,Gandhi Godse: Ek Yudh,2023,"Hindi, Film","A.R. Rahman, Traditional","Narsinh Mehta, Lakshmanacharya",Jjust Music,4.0
673b2f30-008b-5702-bfba-672e318cbe75,Gaslight,2023,"Hindi, Film",Gaurav Chatterji,,Tips,0.0
4a5e1fec-008e-57ce-88fc-998b4e31923d,Ghoome,2023,"Hindi, Non Film",Vismay Patel,Vismay Patel,Universal,3.0
fcb4ff9d-10a3-5ca8-970d-471bbbbf8994,Ghoomer,2023,"Hindi, Film",Amit Trivedi,"Swanand Kirkire, Kausar Munir",Zee Music Company,4.0
4a4129d2-ff62-55f0-973f-b0e8fb9dc6ec,Giddh,2023,"Hindi, Non Film",Thaikkudam Bridge,"Dhanya Suresh, Suriya Jogi",Merchant Records,3.0
f1c8c2f9-9c49-50fe-bcb6-96fde865e064,Gir Ke Uth Padenge,2023,"Hindi, Non Film",Hanita Bhambri,Hanita Bhambri,Hanita Bhambri,0.0
edee2060-bb66-5d9b-98b4-546a250b35ea,Goldfish,2023,"English, Film",Tapas Relia,Kausar Munir,Sufiscore,4.0
a43767dd-1f7c-5389-8db1-e699ba807f10,Gulmohar,2023,"Hindi, Film","Siddhartha Khosla, Alan Demoss, Talat Aziz, Maadhavan Bhattacharjee, Mukhtiyar Ali","Shellee, Hasan Kazmi",Zee Music Company,3.0
b80111b0-f9c2-5718-86da-2596648e6ed5,Gumraah,2023,"Hindi, Film","Vishal Mishra, Tanishk Bagchi, Mithoon, Abhijit Vaghani","Vishal Mishra, Rashmi Virag, Mithoon, Bhrigu Parashar",T-Series,3.0
13ff2517-c3c2-56d9-ac7b-12c840ed0806,Guthlee Laddoo,2023,"Hindi, Film",Rohan - Rohan,Rohan Gokhale,UV Music,0.0
35bd10c5-fd41-564c-8d55-58cb78f913cf,Haddi,2023,"Hindi, Film",Rohan - Rohan,"Rohan Gokhale, Saad Khan, Manoj Yadav",Zee Music Company,3.0
5e26666d-f811-593f-9721-139f24f61cec,Haldi Aur Doodh,2023,"Hindi, Non Film",Gaurav Pal,Gaurav Pal,Muhfaad,0.0
e27eb0e6-30a0-5469-b789-19ad82ebbfcc,Hosh Na Raha,2023,"Hindi, Non Film","Kasyap, The Rish",Yash Narvekar,Day One,0.0
35382f36-c505-5db0-93ca-56aa0810ca4b,Hukus Bukus,2023,"Hindi, Film",Puneet Dixit,Sanjay Masoomm,Shining Sun Studios,0.0
0641142f-eb84-55c6-a85e-6f2f5a1b25ac,Hum Mile The Jahan,2023,"Hindi, Non Film",Rajib - Mouna,Ravi Basnet,ii Music,3.0
4df084c0-c11e-5bb5-a2ee-eedee2ad43c8,Humko Tumse,2023,"Hindi, Non Film",Rocky - Jubin,Rocky Khanna,RadF Media,3.0
6dbb4353-829c-5656-9606-d7e850070975,Husn,2023,"Hindi, Non Film",Anuv Jain,Anuv Jain,Anuv Jain,0.0
84b7a089-82df-527b-bf74-5836d863ea1d,I Don't Give A,2023,"Hindi, Non Film",Goldie Sohel,"Kumaar, Burrah",Sony Music,0.0
091d2509-8aff-59d6-8b90-d35a05c4d616,I Love You,2023,"Hindi, Film","Shor Police, Gaurav Chatterji","Hussain Haidry, Ginny Diwan",Saregama,4.0
129ec993-372c-52c5-8f59-8e8901daf852,IB 71,2023,"Hindi, Film",Vikram Montrose,Abhinav Shekhar,T-Series,0.0
cbfbb4e0-0570-5832-a3ac-229f4ab113be,Ishq-E-Mareez,2023,"Hindi, Non Film",Shekhar Ravjiani,Rajat Arora,Ggaruda Music,0.0
64e22352-71f4-5d99-9a79-9431f14a963b,Ishq-E-Nadaan,2023,"Hindi, Film",Raja Narayan Deb,Gunjan Nanda,Panorama Music,3.0
845fb3c1-a9d2-55ba-99f1-bab6a34aa490,Jaane Jaan,2023,"Hindi, Film","Laxmikant - Pyarelal, Sachin - Jigar","Rajendra Krishan, Priya Saraiya",Saregama,0.0
a4453a1e-b017-5f3e-b3cd-41955027e91c,Jaanu Na,2023,"Hindi, Non Film",Kasyap,"Murtuza Gadiwala, Kasyap",Day One,3.0
ce569fc7-ff80-58ed-ace4-1da8779a4a30,Jawan,2023,"Hindi, Film",Anirudh Ravichander,"Irshad Kamil, Kumaar, Raja Kumari, Mohamed El Maghribi",T-Series,0.0
30c5fe87-2325-563c-84a2-8944fdf1dad7,Jhoome Re,2023,"Hindi, Non Film",Rusha & Blizza,Prateeksha Srivastava,Universal,3.0
73857644-2543-5343-8efb-54f5beb6e6f3,Jogira Sara Ra Ra,2023,"Hindi, Film","Meet Bros, Hitesh Modak, Tanishk Bagchi","Kumaar, Lavraj, Vayu",Zee Music Company,0.0
5827e963-16b0-535e-9965-90ef7b4d4260,Joram,2023,"Hindi, Film","Pratul Vishera, Mangesh Dhakde",Vinamra Pancharia,Zee Music Company,0.0
51091910-c824-5fdb-a8c0-cf50d471ee9c,Junooniyat,2023,"Hindi, Non Film",Salim - Sulaiman,Shraddha Pandit,Merchant Records,0.0
0f9a5c3b-130e-5aa0-bd4d-5b7dff00044a,Kaaga,2023,"Hindi, Non Film",Ram Sampath,Farhan Memon,Omgrown Music,0.0
fd2329a3-6e3d-5707-af44-608e29fa879a,Kacchey Limbu,2023,"Hindi, Film",Anshul Takkar,"Faiz Khan, Deepanshu Malik, Anshul Takkar",Times Music,0.0
31f2f81a-2da2-5c17-921d-030c8707a44a,Kadak Singh,2023,"Hindi, Film",Shantanu Moitra,Tanveer Ghazi,Zee Music Company,0.0
5e2a27f1-d026-5e2b-853b-401fa040d529,Kaisi Jadugari,2023,"Hindi, Non Film",Shashwat Sachdev,Shashwat Sachdev,Universal,3.0
e431befa-404b-5d53-aedf-e8f65af905fa,Kaisi Ye Dor,2023,"Hindi, Film",Puneet Avasthi,"Sanjay Mishra - I, Ratna Neelam Pandey, M.L. Avasthi",Zee Music Company,0.0
8ba11b3a-0784-5a55-9775-6fbc91a02106,Kam Toh Nahi,2023,"Hindi, Non Film",Payal Dev,Kunaal Verma,T-Series,0.0
c2ff4de6-0ec1-5a9c-92c0-e5828ad4e37c,Kanjoos Makhichoos,2023,"Hindi, Film","Rachita Arora, Shabbir Ahmed, Sachin - Jigar","Prakhar Vihaan, Shabbir Ahmed, Vayu, Priya Saraiya",SRE Music,0.0
47e1eefe-89de-5541-babf-01e5d8578968,Kasam Se,2023,"Hindi, Non Film",Amaal Mallik,Kunaal Verma,Always Music Global,3.0
136c1ae5-8089-548f-88bd-7f50f2c8d6e4,Kathal,2023,"Hindi, Film",Ram Sampath,Ashok Mishra,Zee Music Company,3.0
74643194-1393-53c9-b0f7-59d2d7eaf9f8,Keh Do Na,2023,"Hindi, Non Film",The Rish,The Rish,Universal,0.0
5c808c6d-36c7-53bc-b60d-18c70bf16f2b,Kehte Hain,2023,"Hindi, Non Film",Bawari Basanti,Bawari Basanti,Bawari Basanti,0.0
d455fea5-4414-561c-80de-e432870f3eb4,Khayaal Rakhna,2023,"Hindi, Non Film","Salim - Sulaiman, Shivansh Jindal",Shraddha Pandit,Merchant Records,0.0
f83cff05-c5a6-5353-a06c-1b6c44dd4c52,Khichdi 2: Mission Paanthukistan,2023,"Hindi, Film",Chirantan Bhatt,Manoj Yadav,Zee Music Company,0.0
90303346-1030-5537-b6bf-186a63bc735d,Kho Gaye Hum Kahan,2023,"Hindi, Film","OAFF, Savera, Sachin - Jigar, Achint, Ankur Tewari, Karan Kanchan, Rashmeet Kaur","Javed Akhtar, Ankur Tewari, Dhruv Yogi, Yashraj - II",Zee Music Company,4.0
a9007b9a-0d4b-5c1c-b6cb-b18b81b68367,Khufiya,2023,"Hindi, Film",Vishal Bhardwaj,"Gulzar, Vishal Bhardwaj, Sant Rahim, Sant Kabir",Netflix,3.0
96215469-e838-5660-b238-c60c480b5295,Khushboo,2023,"Hindi, Non Film",Atrangi Funkaar,Atrangi Funkaar,Atrangi Funkaar,0.0
12169342-7b77-5e31-9e90-69370a0816c5,Khwaab Tha Tu Mera,2023,"Hindi, Non Film","Sanjeev Chaturvedi, Sanjeev - Ajay",Sanjeev Chaturvedi,Voila Digi,0.0
5f19b401-f9e4-5b9a-bb21-f725d9c797a9,Khwab,2023,"Hindi, Non Film","Iqlipse Nova, Aditya A","Iqlipse Nova, Aditya A",Sony Music,0.0
37464173-c369-54d0-a3ed-e1d67b22588d,Kisi Ka Bhai Kisi Ki Jaan,2023,"Hindi, Film","Payal Dev, Sukhbir, Himesh Reshammiya, Amaal Mallik, Devi Sri Prasad, Sajid - II, Ravi Basrur","Shabbir Ahmed, Raftaar, Kumaar, Devi Sri Prasad, Sajid - II, Ravi Basrur, Kinnal Raj, Harini Ivaturi",Zee Music Company,0.0
07435302-d20c-504f-a03a-4fd5c34777f4,Kuch Toh Hai Baat,2023,"Hindi, Non Film",Murtuza Gadiwala,Murtuza Gadiwala,Murtuza Gadiwala,0.0
2fa6d8d7-a65f-5da3-aeb1-b12d0daf83f9,Kuttey,2023,"Hindi, Film",Vishal Bhardwaj,"Gulzar, Faiz Ahmed Faiz",T-Series,0.0
98726092-9f28-5063-94ce-ad015f2c62fb,Kya Karoon,2023,"Hindi, Non Film",Jaani,Jaani,Desi Melodies,0.0
80938b15-8efb-5da9-a72e-e8c8fc3d9c84,Labon Se Baat,2023,"Hindi, Non Film",Shekhar Ravjiani,"Priya Saraiya, Rishabh Sharma",Ggaruda Music,3.0
e332e886-f66e-5a7c-b122-21bac316ea30,Lafzon Mein Pyaar,2023,"Hindi, Film","Mehran Shah, Ranjeet Rajwada, Vicky Ani, Atif Ali, Anju Panta, Kabul Bukhari",Ashok Sawhny 'Sahil',,0.0
2da746b9-8287-5ad0-a589-8e2aed980398,Lakeerein,2023,"Hindi, Film",Vipin Patwa,Niharika Pandey,Zee Music Company,0.0
8a63e2bc-d7f6-5b52-a81d-a564e905bf5a,Let It Flow,2023,"Hindi, Non Film","Badshah, Hiten",Badshah,Universal,0.0
f7e277f5-57d2-5543-8643-fc2906cd44e6,Lo Aayi Barsaat,2023,"Hindi, Non Film",Darshan Raval,Youngveer,Warner Music,0.0
c4232b37-fb08-5407-84cc-69da4b193c43,Lost,2023,"Hindi, Film",Shantanu Moitra,"Swanand Kirkire, Tanveer Ghazi",Zee Music Company,4.0
f4a5bb6e-2beb-586e-8901-735d5b59a89b,Lust Stories 2,2023,"Hindi, Film","The Jamroom, Aman Pant, Rajesh Roshan, Raja Narayan Deb","Shellee, Indeevar",Netflix,3.5
5a25674d-69a2-5da3-b7f2-cb5704d35418,Maaf,2023,"Hindi, Non Film","Katoptris, The Rish","Katoptris, The Rish",Universal,3.0
75982ca9-ffb8-55d0-9feb-2198bdb78d02,Mandali,2023,"Hindi, Film",Rahul Mishra,Sandeep Nath,Zee Music Company,0.0
7f82accc-4519-5f46-926e-9501f333a069,Manmaani,2023,"Hindi, Non Film",Akasa,Akasa,Sony Music,0.0
6287a0e5-d7b9-5e4c-a757-d68643885550,Mann,2023,"Hindi, Non Film","Rajan Batra, Himonshu Parikh, Vaibhav Pani",Rajan Batra,Sony Music,3.0
7bbc238f-6a15-5edc-ae34-ff9c0c9cf3cf,Mast Mein Rehne Ka,2023,"Hindi, Film","Anurag Saikia, Kunal Anand Pandagle, Bhaari Beatz, Shailendra Barve","Vijay Maurya, Kunal Anand Pandagle, Bhaari Beatz, Lakshmi Karanth",T-Series,3.0
92a0c7fe-80b5-530c-8011-3cef5e870c9e,Mera Ishq,2023,"Hindi, Non Film","Sagar Bhatia, Gaurav Dev, Kartik Dev",Sagar Bhatia,Sony Music,3.0
1c1512d4-96a5-5d26-a9c3-ec0d984e75f1,Mere Sang,2023,"Hindi, Non Film",Prateek Kuhad,Prateek Kuhad,Elektra Records,0.0
c8cc6a31-3ff9-5873-b9aa-9421b9f8ff12,Meri Jaan,2023,"Hindi, Non Film","Mithoon, Abdul Rashid Hafiz","A.M. Turaz, Abdul Ahad Nazim",Merchant Records,0.0
8ecdfe6e-5a5f-5e51-84c2-58c87ca484f3,Minus 31: The Nagpur Files,2023,"Hindi, Film","Udayan Dharmadhikari, Hip Hop Bhaiya, Yash Sahai","Dee MC, Kaam Bhaari, Shayra Apoorva, Krantinaari, Udayan Dharmadhikari, Hip Hop Bhaiya",Zee Music Company,0.0
7523d548-dbf1-5f28-af0c-deaa9b5927d7,Mirza,2023,"Hindi, Non Film",Tanishk Bagchi,Tanishk Bagchi,T-Series,0.0
7995defa-9134-53aa-bb70-5f340ec8e6f5,Mission Majnu,2023,"Hindi, Film","Tanishk Bagchi, Rochak Kohli, Raghav Sachar, Arko","Shabbir Ahmed, Manoj Muntashir, Rohit Sharma, Tanishk Bagchi, A.M. Turaz",Zee Music Company,0.0
5d78e082-4aaa-5660-bc7d-2eb52ef849a3,Mission Raniganj,2023,"Hindi, Film","Prem - Hardeep, Arko, Vishal Mishra, Gaurav Chatterji","Satinder Sartaaj, Dr. Kumar Vishwas, Kaushal Kishore, Traditional",Pooja Entertainment,3.0
187680f2-86d5-5492-a5fc-f2061b2b1321,Mohabbat,2023,"Hindi, Non Film",Amaal Mallik,Vayu,T-Series,0.0
313f5152-5158-5d8c-8be1-f840c0cc520a,Mrs. Chatterjee Vs Norway,2023,"Hindi, Film",Amit Trivedi,Kausar Munir,Zee Music Company,3.0
4e5fbbdb-5855-5ded-97e0-3ddee974e24e,Mrs. Undercover,2023,"Hindi, Film","Amit Sawant, Ankit Shah, Abhinav Shekhar","Shloke Lal, Abhinav Shekhar",B4U Motion Pictures,0.0
6c79ba1e-730f-5262-b7aa-9c37ac37352e,Mujhe Mere Naam Se,2023,"Hindi, Non Film",Rajan Batra,Rajan Batra,Sony Music,0.0
e83ce809-cf77-59f6-a819-9f40a97b538d,Mujib: The Making of a Nation,2023,"Hindi, Film","Shantanu Moitra, Rabindranath Tagore","Atul Tiwari, Rabindranath Tagore",Panorama Music,3.0
bcfe17d2-c021-5edd-baf0-99fa66562917,Mulaqat,2023,"Hindi, Non Film",Prateek Kuhad,Prateek Kuhad,Elektra Entertainment,3.0
b13f9867-059d-5e4c-9b14-b89f20cb3710,Mumbaikar,2023,"Hindi, Film","Yug Bhusal, Ramdas V.S., J Ninan","Yug Bhusal, Himanshu Singh, J Ninan, Shweta Raaj",Times Music,3.0
39e7a81c-5084-59fe-84e3-ea5aae7b7712,Music School,2023,"Hindi, Film",Ilaiyaraaja,"Dr. Sagar, Raman Raghuvanshi, Shivani Tibrewala",Aditya Music,0.0
7935dbc3-9e49-5d89-b2f1-232f1f44dcdd,Mystery Of The Tattoo,2023,"Hindi, Film",Abhinav Shekhar,Abhinav Shekhar,Zee Music Company,0.0
dd5dd34f-d1c4-53aa-a3e8-55bf55a7df45,Naina Milayke,2023,"Hindi, Non Film",Sunny M.R.,"Shloke Lal, Harjot Kaur, Sunny M.R.",Hitz Music,0.0
f2b50a57-41aa-524d-8efe-9db08c88c4e4,Naya,2023,"Hindi, Non Film","Kamakshi Khanna, Sameer Rahat","Kamakshi Khanna, Sameer Rahat",Kamakshi Khanna,3.0
fe6b994d-0977-536f-8bcb-0c55b997efba,Naya Jahaan,2023,"Hindi, Non Film",Ashwin Adwani,Ashwin Adwani,Ashwin Adwani,3.0
0e97e64c-4f4e-568d-a05a-d99dc99a0fee,Nazar Na Lage,2023,"Hindi, Non Film",Payal Dev,Youngveer,Apni Dhun,0.0
46c8b2ef-1b83-5d0f-8896-4b1ac2863179,Neeyat,2023,"Hindi, Film",Mikey McCleary,"Kausar Munir, Mikey McCleary",T-Series,4.0
d900fdfb-e39e-54ea-82b5-7e42a64f62d1,Non Stop Dhamaal,2023,"Hindi, Film",Rahul Bhatt - I,Irshad Khan,Triyom Films,0.0
b3c7577b-3ea1-562f-bf07-e28adbfbe07f,O Piya,2023,"Hindi, Non Film",Prateek Kuhad,Prateek Kuhad,Elektra Entertainment,0.0
38b217bd-870e-5d90-a279-403aaa3e33d2,O Soneya,2023,"Hindi, Non Film",Rahul Jain,Amit Lakhani,Rahul Jain,0.0
f4fc843a-c363-570c-910c-e6ca66d2e071,OMG 2,2023,"Hindi, Film","Djstrings, Hansraj Raghuwanshi, Raahi, Vikram Montrose, Pranaay, Kashh, Sandesh Shandilya","Kabeer Shukla, Hansraj Raghuwanshi, Djstrings, Shekhar Astitwa, Ginny Diwan, Kashh, Sandesh Shandilya",Zee Music Company,3.0
9484e9c3-11ee-5572-af0a-d992038d535b,Operation Mayfair,2023,"Hindi, Film",Savvy,"Laxminarayan Payodhi, Anyaman Majumdar",T-Series,3.0
f13b758b-12ff-55fa-a009-5a7bd8c9acf2,Panch Kriti: Five Elements,2023,"Hindi, Film",Rajesh Soni,Rajesh Soni,Ubon Vision,0.0
1c510ed2-f1f4-59c5-ac74-4e09b8958bdb,Pinky Beauty Parlour,2023,"Hindi, Film","Arbind - Lyton, Chintu Saarthak Kalla","Arbind Kaushal, Akshay Singh, Prem Baniya",Divo TV,0.0
b6fa8109-2664-5fd3-a2ac-ef9ed1ebd181,Pippa,2023,"Hindi, Film",A.R. Rahman,"MC Heam, Shellee, Kazi Nazrul Islam",Zee Music Company,0.0
c6fbb128-8ad7-5e93-977a-b2dbc2805893,Piya Re,2023,"Hindi, Non Film",Darshan Raval,"Gurpreet Saini, Gautam G. Sharma",Warner Music,0.0
c1c46eb6-e0ed-51d7-8563-31035268285d,Pyaar Hai Toh Hai,2023,"Hindi, Film","Anique, Bobby - Imran","Dheeraj Kumar - I, Kunwar Juneja, Shekhar Astitwa",Ultra,3.0
de7a6f07-fca6-5ac0-89ac-126c12e670fc,Pyaar Mein Paagal,2023,"Hindi, Non Film","Uddipan Sharma, Nikhita Gandhi",Shloke Lal,Nikhita Gandhi,3.0
31d4295e-2f18-545f-b431-9a9e3ca07524,Pyar Ki Bahaar,2023,"Hindi, Non Film",Rashmeet Kaur,"Rashmeet Kaur, I.P. Singh, Munawar Faruqui",Kaura,0.0
6aacadf6-dcaf-5d47-b235-b631aeac24c0,Raat Baaki,2023,"Hindi, Non Film",Ronit Vinta,Ronit Vinta,Big Bang Records,0.0
ab825a65-9dd1-5500-89cc-91cf5fed6c7c,Reit Ka Ghar,2023,"Hindi, Non Film",Suzonn,Suzonn,Suzonn,3.0
6532763a-6e30-59da-a664-1256561d0756,Rihaa,2023,"Hindi, Non Film",Arijit Singh,"Shloke Lal, Arijit Singh",Oriyon Music,0.0
d16b71cd-2308-58b4-b9f2-805bcab4ae56,Rocky Aur Rani Kii Prem Kahaani,2023,"Hindi, Film","Pritam, Madan Mohan, R.D. Burman, Laxmikant - Pyarelal, S.D. Burman","Amitabh Bhattacharya, Raja Mehdi Ali Khan, Anand Bakshi, Majrooh Sultanpuri, Santosh Anand",Saregama,4.5
6eaa27d8-97ae-5f37-a287-a34f58afe2c8,Rooh Jaga Doon,2023,"Hindi, Non Film",Arijit Singh,"Shloke Lal, Arijit Singh",Oriyon Music,5.0
e3c1efde-1672-5579-bc30-e0e77a3786f5,Saara Jahaan,2023,"Hindi, Non Film",Manav,Manav,Akanksha Bhandari,3.0
ace00116-89e7-5fc2-9fdb-6268e650c51d,Saaya,2023,"Hindi, Non Film",Hriday Gattani,Hriday Gattani,Hriday Gattani,3.0
b49fadad-4eee-5794-953e-4eee13200445,Sab Moh Maaya Hai,2023,"Hindi, Film","Amol - Abhishek, Devendra Ahirwar","Abhishek Talented, Devendra Ahirwar",Hitz Music,4.0
ff70e313-408d-55ec-84b2-769ea52072ae,Sabr Aur Shukr,2023,"Hindi, Non Film",Shekhar Ravjiani,Rajat Arora,Ggaruda Music,0.0
0887f519-98f9-5fca-90cf-79c6f521d973,Safed,2023,"Hindi, Film","Monty Massey, Shashi Suman, Shail Hada, Jahaan Shah, Sandeep Singh, Rekha Bhardwaj, Jazim Sharma","Soham Majumdar, Mahima Bhardwaj, A.M. Turaz, Munna Dhiman, Mehboob, Mohan Jutley",Hitz Music,3.0
76c696a4-695a-5d4b-8f69-dc67bb84aa52,Sahiba,2023,"Hindi, Non Film",Aditya Rikhari,Aditya Rikhari,T-Series,3.0
19adcfdf-8fa4-5ca5-ae0a-952c37bde1e3,Sajini Shinde Ka Viral Video,2023,"Hindi, Film","Shruti Dhasmana, Aatman Nepali, Mellow D, Tanishk Bagchi, Swager Boy, SlowCheeta, Shwetang Shankar, Pratiksha Kale","Rimi Dhar, Mellow D, Swager Boy, Shloke Lal, SlowCheeta",Zee Music Company,0.0
f4cb2beb-2188-5b35-a23c-811800bcbd93,Sam Bahadur,2023,"Hindi, Film",Shankar - Ehsaan - Loy,Gulzar,Zee Music Company,0.0
ba3c016b-f6b6-5753-af85-5218065c4703,Samandar Sharaab,2023,"Hindi, Non Film",Harshit Shrivastava,Jay Tanna Sifar,Universal,0.0
8b757253-2c05-55a1-8012-7030252183a5,Sanam Aa Gaya,2023,"Hindi, Non Film",Payal Dev,Kunaal Verma,DRJ Records,0.0
a938dfc1-a087-5c05-88cd-b85c61515ee7,Satyaprem Ki Katha,2023,"Hindi, Film","Payal Dev, Manan Bhardwaj, Meet Bros, Ali Sethi, Rochak Kohli, Tanishk Bagchi","A.M. Turaz, Manan Bhardwaj, Kumaar, Star Boy LOC, Ali Sethi, Gurpreet Saini, Tanishk Bagchi, Vayu",T-Series,0.0
7afb7631-eaee-5d8c-80a0-99d1048907fd,Sayyah,2023,"Hindi, Non Film","Lucky Ali, Mikey McCleary","Lucky Ali, Munna Shaukat",Farmhouse Music & Bay Music House,0.0
0b21ab32-dbae-5cec-93e6-762f2a8045e6,Selfiee,2023,"Hindi, Film","Anu Malik, Tanishk Bagchi, Lijo George, DJ Chetas, The PropheC, Vikram Montrose, Yo Yo Honey Singh, Aditya Yadav","Maya Govind, Azeem Dayani, Shabbir Ahmed, The PropheC, Tanishk Bagchi, Abhinav Shekhar, Vikram Montrose, Yo Yo Honey Singh, Aditya Yadav, Kunaal Verma",PlayDMF,0.0
2d8f9e06-d862-5c44-bf91-454ce7614bc3,Sergeant,2023,"Hindi, Film","Aman Pant, Tushar Lall","Akhil Tiwari, Anupam Siddhant",Panorama Music,0.0
9fce8b1c-4f49-572f-acc8-97b0bca4791f,Shalimar,2023,"Hindi, Non Film",Bawari Basanti,Bawari Basanti,Bawari Basanti,3.0
1a2a77ce-d85b-5679-9869-42219310bb69,Shastry Virudh Shastry,2023,"Hindi, Film","Anupam Roy, Arindom, Anindya Chatterjee, Traditional, Prabuddha Banerjee, Rabindranath Tagore, Upali Chattopadhyay","Manoj Yadav, Swanand Kirkire, Mayur Puri, Ustad Aman Ali Khan, Traditional",Zee Music Company,3.0
95683a2d-fcbd-5b33-8784-a02a1cda9549,Shayad Woh Sune,2023,"Hindi, Non Film",King,"King, MC Heam",KingsClan Records,0.0
0da19a91-6053-543b-9c39-b6fdcfcbd235,Sheeshe Ka Dil,2023,"Hindi, Non Film","OAFF, Savera",Kausar Munir,Ananya Birla,0.0
df7639bc-5639-5f2b-a596-787c562e318b,Shehzada,2023,"Hindi, Film","Pritam, Abhijit Vaghani","Kumaar, I.P. Singh, Shloke Lal, Amitabh Bhattacharya, Ashish Pandit, Mayur Puri",T-Series,3.0
8c6a2853-c3eb-5537-b1da-5e7d345ed40c,Shiv Shastri Balboa,2023,"Hindi, Film","Alokananda Dasgupta, Utkarsh Dhotekar","Rajeshwari Dasgupta Ghose, Siddhesh Pornima Patole, Charan, Shera Sraa",Zee Music Company,4.0
f09caa4c-3edf-5282-a7d1-2d53c753df9d,Silli Silli,2023,"Hindi, Non Film",Rochak Kohli,Gurpreet Saini,Apni Dhun,0.0
afe24767-6280-561d-b173-44536254ecfd,Sir Madam Sarpanch,2023,"Hindi, Film",Sahil Kulkarni,Rohit Chandwaskar,,0.0
e64661dc-375c-5a13-b757-8a2148900395,Sirf Ek Bandaa Kaafi Hai,2023,"Hindi, Film","Roy, Sangeet Haldipur - Siddharth Haldipur","Sameer Anjaan, Enkore, Garima Obrah, Sangeet Haldipur",Hitz Music,0.0
3672f6a5-5e93-5de8-97e5-8fb6ef53cbd2,Sitaron Tum So Jao,2023,"Hindi, Non Film",Tony Kakkar,Tony Kakkar,Tony Kakkar,0.0
524fcf02-30ea-5d43-a13d-c42837dddd25,Songs of Trance 2,2023,"Hindi, Non Film",Amit Trivedi,"Kumaar, Geet Sagar, A.M. Turaz, Siddharth - Garima",AT Azaad,3.0
204f2cc1-7561-576d-865a-180fd8d470d5,Starfish,2023,"Hindi, Film","OAFF, Savera, Khaalif, Yo Yo Honey Singh, Manan Bhardwaj, Sachet - Parampara","Ankur Tewari, Yo Yo Honey Singh, Mellow D, Manan Bhardwaj, Medha Sahi, OAFF, Savera, Kumaar",T-Series,3.5
958cd975-6c19-58bf-ac0b-6135a213dbfe,Sukhee,2023,"Hindi, Film","Badshah, Hiten, Arko","Raj Dilwala, Rashmi Virag",T-Series,0.0
113ff39b-f7eb-5300-9401-0053b3c1173b,Suljhi Si Zindagi,2023,"Hindi, Non Film",Vasuda Sharma,Vasuda Sharma,Song Nest,0.0
fb5d6bcb-3026-5ae1-b140-00cfd9785230,Sushi Song,2023,"English, Non Film","When Chai Met Toast, Richard Wilkinson",When Chai Met Toast,Universal,4.0
36254101-55c5-5a15-97d5-f70586658486,Tanha,2023,"Hindi, Non Film",Harjas Harjaayi,Harjas Harjaayi,Sony Music,0.0
8875b809-1e66-529d-af40-aa86e41eb747,Tarla,2023,"Hindi, Film","Suhit Abhyankar, Rohan - Vinayak, Nilotpal Bora","Suhit Abhyankar, Shreyas Jain, Manoj Yadav, Hussain Haidry",Zee Music Company,4.0
bb0ad2a4-d0bc-5266-be39-d85a4b7fc686,Tejas,2023,"Hindi, Film",Shashwat Sachdev,Kumaar,Zee Music Company,3.0
7f6648bb-2dfd-5804-9d00-892579eda32d,Tere Ishq Mein Itna Pagal,2023,"Hindi, Non Film",Gourov Dasgupta,Sameer Anjaan,Weengs Melodies,0.0
0f99e164-d4b7-5979-95b4-e8ffedbc4559,Thank You For Coming,2023,"Hindi, Film","Qaran, Leslie Lewis, The Jamroom, Aman Pant, Hanita Bhambri, Vishal Mishra","Qaran, I.P. Singh, Siddhant Kaushal, Rajesh Johri, Hanita Bhambri, Kumaar, Farmaan",Saregama,0.0
f42963d6-2e79-5675-8b29-7954efe8a319,The Archies,2023,"Hindi, Film","Shankar - Ehsaan - Loy, Dot., Ankur Tewari & The Islanders","Javed Akhtar, Ankur Tewari, Zoya Akhtar, Dot.",Netflix,4.0
2ec92e3b-07c4-55a2-a073-41de0c3dba4b,The Great Indian Family,2023,"Hindi, Film",Pritam,Amitabh Bhattacharya,YRF Music,0.0
7098881b-b13f-539c-9781-689d7a1f8622,The Kerala Story,2023,"Hindi, Film","Bishakh Jyoti, Viresh Sreevalsa","Anant - II, Ozil Dalal, Viresh Sreevalsa",Sunshine Pictures,4.0
5582789f-032a-52ab-9485-6c829dd06a54,The Purvanchal Files,2023,"Hindi, Film",Somen Kutty Sarkar,"Neetu Pandey Kranti, Swagata, Sandeep Nath",Zee Music Company,0.0
abee9d7c-d875-50f8-bc9f-296473ef0061,The Rise Of Sudarshan Chakra,2023,"Hindi, Film",Satish Dehra,Sudhakar Sharma,Nandi Music,0.0
e3f2dd6b-f3d8-5a35-9439-6c869074afb3,The Seventh Ocean,2023,"Hindi, Non Film","Lalgudi Jayaraman, Agam",Lalgudi Jayaraman,Merchant Records,0.0
5a4e441f-72ec-5c15-a16d-1068ae1fdf45,The Vaccine War,2023,"Hindi, Film","Rohit Sharma, Vanraj Bhatia, Shreya Kaul, Swapnil Bandodkar","Vasant Dev, Traditional, Shreya Kaul",Zee Music Company,0.0
998095cb-bb86-5732-99a0-e91197babd4c,This Moment,2023,"Instrumental, Non Film","Zakir Hussain, Shankar Mahadevan, Selvaganesh Vinayakram, John McLaughlin, Traditional, U. Shrinivas",,Abstract Logix,0.0
7fded7a7-2f9c-55c4-a0d7-85a2dfdd6a66,Tiger 3,2023,"Hindi, Film","Pritam, Tanuj Tiku, Julius Packiam","Amitabh Bhattacharya, Irshad Kamil",YRF Music,3.0
4283311d-8c9f-563d-b995-98beed56d08b,Tiku Weds Sheru,2023,"Hindi, Film","Gaurav Chatterji, Sai Kabir","Sai Kabir, Shellee",Amazon,3.0
f8d3ea47-469c-5557-8787-6c98554fd950,Trial Period,2023,"Hindi, Film","Arko, Kaushik - Guddu, Traditional, Mago & Mayank, Shantanu Moitra","Arko, Traditional, Kaushik - Guddu, Sidhant Mago, Swanand Kirkire",Panorama Music,0.0
02bdcdc3-49bd-5c74-be2d-13a4c55cd616,Tu Aaja Na,2023,"Hindi, Non Film","Gaurav Dev, Kartik Dev, Kushagra Thakur","Vishal Pande, Gurnazar",Gurnazar Chattha,3.0
a9233f84-3e58-5e1a-9018-89a605296365,Tu Hai,2023,"Hindi, Non Film","Amit Kilam, Himanshu Joshi, Nikhil Rao - I, Rahul Ram, Asheem Chakravarty, George Brooks, Indian Ocean, Traditional","Varun Grover, Arjun Raina, Sant Kabir, Indian Ocean, Bulleh Shah",Indian Ocean,0.0
9fcc3d01-d78a-5d10-b26b-44eb84215f84,Tu Jhoothi Main Makkaar,2023,"Hindi, Film",Pritam,Amitabh Bhattacharya,T-Series,4.0
f5dac5b5-16dd-53cc-a6b0-faf13deddf58,Tu Jo Mila,2023,"Hindi, Non Film",Aman Sagar - I,"Aman Sagar - I, Cherish Banhotra",Rule By Joy,0.0
d0d1cd14-a2e8-53e9-a39a-d10c77255c6f,Tu Saath Hai,2023,"Hindi, Non Film",Raghav Meattle,Raghav Meattle,firstwav,0.0
5358be8d-dadc-50d0-a097-bbfb1d131ce5,Tum Kehte Ho,2023,"Hindi, Non Film",Saleel Kulkarni,Sunayana Kachroo,Sunidhi Chauhan,0.0
59f66ace-8fff-5dd6-994b-23aef1ad7855,Tumse Na Ho Payega,2023,"Hindi, Film","Abhishek Arora, Ananya Purkayastha","Kausar Munir, Puneet Sharma",Zee Music Company,3.0
1d52fbb5-af28-5318-a49c-5d12b663ad24,U-Turn,2023,"Hindi, Film","Jeet Ganguly, Arko, Sundeep Gosswami","Kumaar, Rashmi Virag, Sundeep Gosswami, Kanchhan Srivas",Zee Music Company,3.0
9d9ac608-d751-5019-afed-6745b345fdc8,UT69,2023,"Hindi, Film",Prince Mulla,Priyanka R. Bala,SVS Studios,3.0
c5af4c4d-20dc-5646-9b39-1d0ba87d3f01,Ud Ke Chali,2023,"Hindi, Non Film",Komorebi,Komorebi,Gravity Sounds,3.0
a1528cfe-bbbc-526f-ac18-03f1c1f5e2b2,Udta Udta,2023,"Hindi, Non Film",Rocky - Jubin,Rocky Khanna,RadF Media,3.0
664fab67-1edc-5662-97c5-db92bc5df412,Yaariyan 2,2023,"Hindi, Film","Manan Bhardwaj, Nusrat Fateh Ali Khan, Khaalif, Yo Yo Honey Singh, Rahim Shah","Manan Bhardwaj, Meera Bai, Khaalif, Yo Yo Honey Singh, Rahim Shah, Shamsul Hasan Shams",T-Series,0.0
60724e42-3185-5884-9bbf-ad5c2ced7dd7,Yaatris,2023,"Hindi, Film","Saurabh Kalsi, Bhuvan Ahuja, Rohit Sharma","Pradeep Sharma 'Khusro', Abhishek Kumar - II, Shellee",Zee Music Company,3.0
c89fa99b-69cd-5eb6-93c8-d87dfb2b15fa,Yeh Dil Kitni Baar Samjhayega,2023,"Hindi, Non Film",Vivek Kar,Kumaar,Zee Music Company,0.0
1641003d-a815-543f-bed4-0ead3f1400e1,Zara Hatke Zara Bachke,2023,"Hindi, Film",Sachin - Jigar,Amitabh Bhattacharya,Saregama,4.0
64b19135-efac-52a0-88a9-8521ed009443,Zinda Dili 2.0,2023,"Hindi, Non Film","Salim - Sulaiman, Anshuman Sharma",Niranjan Iyengar,Merchant Records,0.0
64175ee8-6a18-5661-8901-2e0a9f1f114b,Zwigato,2023,"Hindi, Film",Hitesh Sonik,"Devanshu, Geet",Zee Music Company,3.0
475585cf-86f2-5f59-8345-2c93161f0bfc,A Wedding Story,2024,"Hindi, Film",Rahi Sayed,Tripurari Kumar Sharma,CBS,3.0
44c8d9d3-14eb-5364-bd98-5170f9ade0a5,Aa Gale Lag Ja,2024,"Hindi, Non Film",Sid Paul,Anvita Dutt,Bethical Records,0.0
328256e6-0bac-5857-b279-22b4450a6b76,Aawara,2024,"Hindi, Non Film",,,Mass Appeal,0.0
b1a84e7c-6c65-5188-af60-84b79a46ee03,Aayushmati Geeta Matric Pass,2024,"Hindi, Film",Sanjivv Anand Jha,"Sanjivv Anand Jha, Vijay Narendra Shinde, Kabir Kevall",Zee Music Company,3.0
afb344f7-32e2-594c-b1a4-fb93f5e57a2b,Accident or Conspiracy: Godhra,2024,"Hindi, Film","V. Rakx, Yug Bhusal","Aman Pratap Singh, Sahas Pareek, M.K. Shivaaksh",Zee Music Company,3.0
de3bfd64-1e73-58bb-9c3f-44404e249a13,Ae Watan Mere Watan,2024,"Hindi, Film","Mukund Suryawanshi, Akashdeep Sengupta, Shashi Suman","Mukund Suryawanshi, Ravi Girri, Rohan Deshmukh, Darab Farooqui, Prashant Ingole",T-Series,0.0
04f571f1-9158-5cd9-931c-cf71f9e0384c,Akele Phir Kyun?,2024,"Hindi, Non Film","Savera, RUUH, JOH",Smriti Bhoker,Savera,0.0
433b8ce8-3de8-518b-bed9-636d69afccb9,Aliya Basu Gayab Hai,2024,"Hindi, Film",Mannan Munjal,Dr. Sagar,Rehab Pictures,0.0
0b41af3a-70ac-5182-8b41-1c9bcca75eef,All India Rank,2024,"Hindi, Film",Mayukh - Mainak,Varun Grover,Matchbox Shots,4.0
8ab958bc-084d-5501-aa35-dc5844e41639,Alpha Beta Gamma,2024,"Hindi, Film",Biplaab Dutta,"Raghvan Sampurna, Menka Sharma",Chotee Film Productions,0.0
6df75706-972c-563a-a552-3ec28ed4a2d3,Amar Prem Ki Prem Kahani,2024,"Hindi, Film","Prasad S., Traditional","Kunaal Verma, Priyanka R. Bala, Traditional, Sahil Sultanpuri",Times Music,0.0
57946098-0721-56ab-b4f5-6500cf090c25,Amar Singh Chamkila,2024,"Hindi, Film",A.R. Rahman,Irshad Kamil,Saregama,4.0
92ffe854-1059-511e-a58e-3df64845caf3,Ameena,2024,"Hindi, Film","Sujeet Sharma, Paresh A. Shah, Praveen Koli, Kshettri Raaz, Hitesh Patel - I","Lali Mishra, Vishwajeet - I, Praveen Koli, Dilip Sharma - I, Vakeel Qureshi",Red Ribbon,0.0
e38f4720-3b44-50c8-92c5-64f39ab45594,Appu,2024,"Hindi, Film","Roto Shah, Babu Shome, Rajkumar Sengupta",Aishwarya Kumaresh,Appu Series,0.0
dd8460c9-8464-5703-b30b-e5421bc24210,Article 370,2024,"Hindi, Film",Shashwat Sachdev,"Osho Jain, Sudhanshu Saria, Kumaar, Shashwat Sachdev",Saregama,3.0
c457dade-2ec2-5deb-acee-4bef18569247,Asar Tera Kaisa,2024,"Hindi, Non Film",Shekhar Ravjiani,Priya Saraiya,Ggaruda Music,3.0
67ce7d68-7200-571b-9ded-1a69f72aa9ea,Auron Mein Kahan Dum Tha,2024,"Hindi, Film",M.M. Kreem,Manoj Muntashir,Zee Music Company,0.0
9b0b1f4a-f9fd-5b84-8443-c18d75f7a1ac,Azaad,2024,"Hindi, Non Film",Utsavi Jha,Utsavi Jha,Utsavi Jha,0.0
2cd3a9d2-c1bf-58c9-a9cf-73d890e64ba3,Baat Itni Si,2024,"Hindi, Non Film",Shekhar Ravjiani,Priya Saraiya,Ggaruda Music,0.0
b4faeb46-e089-5b5b-bd1a-3b1a6859450d,Baavre Ho Gaye,2024,"Hindi, Non Film",Suzonn,Suzonn,Suzonn,0.0
423637a0-44ea-562d-a671-945b41113786,Bad Newz,2024,"Hindi, Film","Karan Aujla, Vishal Mishra, Abhijeet Srivastava, Rochak Kohli, Anu Malik, Lijo George - DJ Chetas, Prem - Hardeep","Karan Aujla, Vishal Mishra, Shayra Apoorva, Gurpreet Saini, Gautam G. Sharma, Javed Akhtar, Lijo George, Davvy Singh",Saregama,0.0
f0d5a4e4-115e-5844-8d6b-919b47611956,Bade Miyan Chote Miyan,2024,"Hindi, Film",Vishal Mishra,"Irshad Kamil, Vishal Mishra",Zee Music Company,0.0
a50307af-9613-5cc9-a7b1-83c3aa18079f,Bahaanay,2024,"Hindi, Non Film",Shashaa Tirupati,Shashaa Tirupati,Record Thirty-Nine,0.0
60b0ae38-30fc-5f54-bebd-8f73a8e0f7a5,Bajrang Aur Ali,2024,"Hindi, Film",Yug Bhusal,"Yug Bhusal, Rammi Indorewale",UtterUp,0.0
c1ea7f7b-ad27-531c-a5c8-03936a380311,Bandaa Singh Chaudhary,2024,"Hindi, Film","Rahul Jain, Anand Bhaskar","Jax53, Shaheen Iqbal, Kunaal Verma",Zee Music Company,0.0
c88c9d55-d60a-58a7-abb4-b31586a7e995,Bani Thani,2024,"Hindi, Non Film",Shekhar Ravjiani,Anvita Dutt,Ggaruda Music,0.0
edc48a55-0788-57be-8b78-a2f3a80b88e7,Bas Kaafi Hai,2024,"Hindi, Non Film",Shekhar Ravjiani,Manoj Yadav,Ggaruda Music,0.0
7deefa7e-0925-54d3-8836-cb7d7f2d6437,Bastar: The Naxal Story,2024,"Hindi, Film",Bishakh Jyoti,"Amarnath Jha, Gorakh Pandey, Anant - II",Sunshine Pictures,0.0
9e9a7a37-dd2d-5959-8d8e-7695d315c08d,Bechaini,2024,"Hindi, Non Film",OAFF,OAFF,OAFF,3.0
e92e043c-13ca-5f51-876e-acd3db4ccc58,Bengal 1947,2024,"Hindi, Film","Abhishek Ray, Priyabrata Panigrahi","Divyesh Mungra, Traditional",Zee Music Company,3.0
db0edbe6-5565-599d-8f9e-2f4550f37bf7,Bhaiyya Ji,2024,"Hindi, Film","Deepak Thakur - I, Manoj Tiwari, Tulika Upadhyay","Dr. Sagar, Tulika Upadhyay",Hitz Music,0.0
9e65b55f-f997-5873-bd0e-c47a83c1d4f3,Bhakshak,2024,"Hindi, Film","Anurag Saikia, Anuj Garg","Raj Shekhar, Anuj Garg",Zee Music Company,3.0
3cf59427-ccfd-52f3-aca4-59db2c0158b0,Bharam,2024,"Hindi, Non Film",Arjuna Harjai,"Arjuna Harjai, Surabhi Dashputra",Aart Sense Studios,0.0
cf6c204d-aed1-53c1-967f-4fcccb3fb852,Bhool Bhulaiyaa 3,2024,"Hindi, Film","Pritam, Tanishk Bagchi, Pitbull, DJ Chetas, Aditya Rikhari, Amaal Mallik, Sachet - Parampara","Sameer, Dhruv Yogi, Pitbull, Aditya Rikhari, Rashmi Virag, Som, Pratik Kundu, Sudeshna Das",T-Series,0.0
1516d1a2-28ae-5527-a09b-6dce9a54479a,Big Dawgs,2024,"English, Non Film",Hanumankind,Hanumankind,Universal,4.0
a23ca32c-84f8-5296-8c80-f5ba21b97d9e,Binny And Family,2024,"Hindi, Film","Vishal Mishra, Lalit Pandit","Kaushal Kishore, Alok Ranjan Jha, Ssanjay Tripaathy",T-Series,0.0
22879006-ab1b-5fee-9169-b045aac0d8a7,Blackout,2024,"Hindi, Film",Vishal Mishra,Vishal Mishra,Panorama Music,0.0
3ac5180d-97ea-5176-8679-2f4e878fc9d9,Bloody Ishq,2024,"Hindi, Film","Shamir Tandon, Prateek Walia","Priyanka R. Bala, Shweta Bothra, Prateek Walia",Disney+ Hotstar,0.0
d57baeed-2f19-53b4-8b45-413b77b45523,CTRL,2024,"Hindi, Film","Sneha Khanwalkar, Amit Trivedi, Yashraj Mukhate","Anvita Dutt, Puneet Sharma, Yashraj Mukhate",Zee Music Company,0.0
80c380be-b86a-5429-bdb6-c76b6c31b736,Chameli,2024,"Hindi, Non Film",Chinmayi Tripathi,Swanand Kirkire,"Swanand Kirkire, Chinmayi Tripathi, Joell",3.0
9938509b-1a39-5474-9021-860fcaf2cc4b,Chand Ka Takiya,2024,"Hindi, Non Film",Akansha Tripathi,Akansha Tripathi,StereoAux Entertainment,0.0
4500a7ec-ea1f-56c1-bd08-1e5533c3c84a,Chandu Champion,2024,"Hindi, Film",Pritam,"Amitabh Bhattacharya, I.P. Singh, Kausar Munir",T-Series,0.0
afe7baed-4fd7-53cb-94e5-6c21cb6de28c,Chhaila,2024,"Hindi, Non Film",Salim - Sulaiman,Shraddha Pandit,Merchant Records,4.0
a3bead71-9023-5ce0-bffc-0f7dbb2e0f05,Chhodunga Na,2024,"Hindi, Non Film",Arijit Singh,Kaushal Kishore,Oriyon Music,5.0
ea311eed-fc3d-506d-a043-468f73b264c3,Chhota Bheem And The Curse Of Damyaan,2024,"Hindi, Film",Raghav Sachar,Kunwar Juneja,Green Gold,0.0
5890281c-aaef-53ec-89a4-1d5727cfbc8c,Chinta Kis Baat Ki,2024,"Hindi, Non Film",Sachet - Parampara,Manoj Muntashir,T-Series,0.0
5357032b-16ce-509a-8417-d3d29f6c0d9f,Chunaree,2024,"Hindi, Non Film","Amit Trivedi, Alawn, Taylor Jones, Michael Mancuso, Naveen Patyal","Amit Trivedi, Alawn, Taylor Jones, Michael Mancuso, Naveen Patyal",Merchant Records,0.0
b3823cb9-3d42-506b-9081-768a1910620e,Chup Chup Chup,2024,"Hindi, Non Film",Mann,Mann,TGP Records,3.0
91f8e276-f0f3-597c-8390-d5a8160028ba,Crakk - Jeetegaa Toh Jiyegaa,2024,"Hindi, Film","Ali Zafar, Tanishk Bagchi, MC Square, Vikram Montrose, Mithoon","Ali Zafar, Gurpreet Saini, MC Square, Tanishk Bagchi, Shekhar Astitwa, Paradox, Manoj Muntashir, Abhinav Shekhar",T-Series,0.0
494309d0-650e-5134-ab15-52974acb2331,Crew,2024,"Hindi, Film","Raj Ranjodh, Vishal Mishra, Akshay, I.P. Singh, Bharg, Rohh, Laxmikant - Pyarelal, Ila Arun, Anand - Milind","Raj Ranjodh, Badshah, Raj Shekhar, I.P. Singh, Bharg, Rohh, Anand Bakshi, Juno, Srushti Tawade, Ila Arun, Sameer Anjaan",Tips,3.0
11c09f64-1a04-514f-a469-f23865bbb62d,Dange,2024,"Hindi, Film","Sanjith Hegde, Dhruv Visvanath, Gaurav Godkhindi","Kausar Munir, Vishwadeep Zeest, Siddhant Kaushal",T-Series,3.0
f76df57c-645f-5385-8d51-f8d2b24cca09,Darmiyaan,2024,"Hindi, Non Film",Jaan Nissar Lone,Tanveer Ghazi,AR Music Studios,0.0
6098ef83-077d-5d65-baf0-75f1e57f24bc,Dastaan,2024,"Hindi, Non Film",Vikas Tandon,Vikas Tandon,Six String Ventures,0.0
f2ee6d08-fdb1-5aa6-a219-f8a0f2c9e090,Dedh Bigha Zameen,2024,"Hindi, Film","Sohail Rana, Rochak Kohli, Arko, Anurag Saikia","Faiyyaz Hashmi, Manoj Muntashir, Arko, Rashmi Virag",T-Series,3.0
f988847f-6b9a-536e-9114-46778aad53e9,Dhinna Dhinna,2024,"Hindi, Non Film",Suhit Abhyankar,Suhit Abhyankar,Times Music,0.0
90cc50fb-0bcb-5b1a-a284-14e32eec5e49,Dhokebazi,2024,"Hindi, Non Film",Sachin - Jigar,Priya Saraiya,Zee Music Company,0.0
8f031283-2f9e-5c28-afae-29de87a7f021,Dhuun Mein,2024,"Hindi, Non Film",Saahel,Saahel,Saahel,0.0
a74dcac3-b863-5d24-976b-cc9219241b41,Dil Ki Baat,2024,"Hindi, Non Film",Prakash Sharma - I,Prakash Sharma - I,Fhigh Entertainment,0.0
81348a09-5f02-5b7c-b428-f8dcc23cdeed,Do Aur Do Pyaar,2024,"Hindi, Film","Lost Stories, The Local Train, Subhajit Mukherjee, Abhishek - Ananya, When Chai Met Toast","Kunaal Verma, Paras Thakur, The Local Train, Trina Mukherjee, Abhiruchi Chand, Azazul Haque, Ankur Tewari, Manoj Yadav",Panorama Music,3.0
69f9ee5d-12ad-5cd6-8c72-0eff0e10b4fa,Do Patti,2024,"Hindi, Film","Sachet - Parampara, Tanishk Bagchi","Kausar Munir, Mellow D",T-Series,3.0
d541852b-e9ab-5cbf-8c8a-87057feb5c52,Doob Rahe,2024,"Hindi, Non Film",Abhijeet Srivastava,Shayra Apoorva,Universal,3.0
e6c032bf-c5d8-538d-bb23-fcf08f021fe5,Doori,2024,"Hindi, Non Film",Nikhil and Rishabh,Nikhil Shetty,Nikhil and Rishabh,3.0
5612407c-d503-50b4-9820-7334a5e72f75,Dooriyan,2024,"Hindi, Non Film",KhoslaRaghu,KhoslaRaghu,KhoslaRaghu,0.0
69bb60e7-f321-5d1a-beb0-fe22c958875c,Dukaan,2024,"Hindi, Film",Shreyas Puranik,Siddharth - Garima,Music Garage,4.0
4a1cc6a7-45c1-5788-b0b6-3bf9c54f45ac,Ella,2024,"Hindi, Film","B. Ajaneesh Loknath, Swapnil Chavan, Ludvig Van Beethoven","Mandar Pathak, Tushar Shinde",Zee Music Company,3.0
9aa96093-4451-5b5a-8e96-210a86bdd1b6,Emergency,2024,"Hindi, Film","G.V. Prakash Kumar, Arko",Manoj Muntashir,Zee Music Company,0.0
e2ddb380-d183-56b4-bf3a-e57bf8f1c9cc,Faasla,2024,"Hindi, Non Film","Ravator, Chirag Soni, Madhur Sharma - I, Swapnil Tare, Harsh Singh Patiyal",Vishal Pande,Pearl Records,0.0
fce9f58b-4700-50fb-b9cd-b103603927e9,Fateh,2024,"Hindi, Film","Haroon - Gavin, Yo Yo Honey Singh, Vivek Hariharan, Shabbir Ahmed, Hans Zimmer, Loire Cotler","Mandeep Khurana, Leo Grewal, Paradox, Shabbir Ahmed, Ajay Pal Sharma",Zee Music Company,0.0
9d2c15c9-f842-5f73-b014-1b5850b0470e,Fighter,2024,"Hindi, Film",Vishal - Sheykhar,Kumaar,T-Series,4.0
8d871981-a3b3-54a0-aafc-f02766c3fd7b,Fizool,2024,"Hindi, Non Film",Siddhant Bhosle,"K.S. Abhishek, Siddhant Bhosle",Siddhant Bhosle,0.0
b533aadc-71ab-58a5-8075-42299b325a45,Furqat,2024,"Hindi, Non Film",Sameer Uddin,Juno,5 AM Audio,3.0
24ef7b05-12a9-54eb-8e15-a6c9f71644e5,Fursat,2024,"Hindi, Non Film",Ramil Ganjoo,Ramil Ganjoo,Robach Music Group,3.0
e047068f-440a-5a1a-8955-47fdbefbc640,Gauraiya Live,2024,"Hindi, Film","Sunjoy Bose, Seema Saini",Seema Saini,Zee Music Company,0.0
84b912e8-0fa2-5926-850b-13e8f8e35f69,Ghudchadi,2024,"Hindi, Film","Lijo George - DJ Chetas, Sukhbir, Tanishk Bagchi","Lijo George, Yash Narvekar, Sukhbir, Tanishk Bagchi, Kumaar",T-Series,0.0
182281a8-01ef-570b-b533-fd8328cd45b9,Ghuspaithiya,2024,"Hindi, Film","Akshay Menon, Saurabh Singh Sengar","Taranginee Menon, Parry G, Saaveri Verma, Shubhashish Upadhyay",Zee Music Company,0.0
76e79dd0-4942-508d-9294-789ff89f4d91,Good Morning Sunshine,2024,"Hindi, Film",M.M. Keeravani,Riya Mukherjee,Zee Music Company,0.0
b7766f78-5fef-576b-8473-ad2bcb57e6de,Gulaabo,2024,"Hindi, Non Film",Sanjith Hegde,"Shiny Das, Sanjith Hegde",Warner Music,0.0
481732b3-31a8-5d95-9efe-263e87dec824,Gulchharre,2024,"Hindi, Non Film",Ishaan Nigam,Ishaan Nigam,Ishaan Nigam,0.0
8c46a239-3adc-59af-9f08-bab3d1dc6ca3,Guzarne Do,2024,"Hindi, Non Film",Naresh Sharma - II,Kaushal Kishore,Hitz Music,3.0
412c9a5d-4caf-52f8-bc96-6e33cc0a8681,Hadh Se,2024,"Hindi, Non Film",Rahul Mishra,Prince Dubey,PlayDMF,0.0
bf55aa5d-69ec-5df9-ae04-c3cfe1cf3e74,Halki Halki Mousam Ki Hassi,2024,"Hindi, Non Film",Jaan Nissar Lone,Tanveer Ghazi,AR Music Studios,0.0
12adc4f8-351c-51af-8082-dc35746dddf1,Hamare Baarah,2024,"Hindi, Film","Annu Kapoor, Sandeep Batra","Traditional, Annu Kapoor, Ozil Dalal, Azeem Shirazi",Zee Music Company,0.0
2e7a84c4-89ba-50af-a863-8dd9c7726f55,House Of Lies,2024,"Hindi, Film","Girish Sharma, Ranjan Sharma - I",Girish Sharma,Zee Music Company,3.0
ca85be0a-5ef2-5d5b-a527-6fa84b6bc27c,Hum Aur Tum,2024,"Hindi, Non Film",Nikhil Kamath,Vimal Kashyap,Nikhil Kamath,0.0
efa20827-a543-51fd-9b7f-4ae63a42259f,Hum Dono,2024,"Hindi, Non Film",Prateeksha Srivastava,Prateeksha Srivastava,Times Music,0.0
ae77a2c6-b701-50e7-896e-eecf3419361e,Humdum,2024,"Hindi, Non Film",Aditya Rikhari,Aditya Rikhari,Universal,0.0
67f21cec-8eed-55c9-bdca-2ad8ab854bd5,Humrahi,2024,"Hindi, Non Film",Dikshant,"Dikshant, Yash Jadhav",Dikshant,3.0
49ffbb51-c7d1-5954-9a34-06ecb6a0e085,I Want To Talk,2024,"Hindi, Film",Taba Chake,Taba Chake,Times Music,3.0
fc68465d-2273-582d-ba17-f04033c3d81f,Ibadatein,2024,"Hindi, Non Film",Rito Riba,Siddhant Kaushal,PlayDMF,0.0
87929412-2408-5556-905d-8b7dd988d2de,Ishq Mehfooz (Waiting On You),2024,"Hindi, Non Film",Shekhar Ravjiani,Avinash Chouhan,Ggaruda Music,0.0
22e61a00-861f-588c-96d5-668f987224f2,Ishq Tumse Dobara Ho Gaya,2024,"Hindi, Non Film",Anupama Raag,Azeem Shirazi,Zee Music Company,0.0
04384467-3311-5f85-bd51-e331535534bc,Ishq Vishk Rebound,2024,"Hindi, Film","Rochak Kohli, Anu Malik, Badshah, Hiten, Anand - Milind","Gurpreet Saini, Sameer, Badshah, Gautam Govind Sharma, Kumaar",Tips,0.0
d2670c3a-baa1-5da6-a4ed-deabba077d07,Ittefaq,2024,"Hindi, Non Film","OAFF, Savera",Siddhant Chaturvedi,PlayDMF,3.0
63262e66-317e-5c14-97f9-7c068fabc865,Jaadugari,2024,"Hindi, Non Film",Siddhant Bhosle,Shayra Apoorva,Saregama,3.0
b6a597a7-ea40-5293-9849-764e0d7d161c,Jaagan Jaago,2024,"Hindi, Non Film",Hriday Gattani,Shivangi Tewari,Hriday Gattani,0.0
140108c1-f59a-5ae6-a4e0-0a11de50e958,Jaane Jaa,2024,"Hindi, Non Film","R.D. Burman, DJ Chetas",Anand Bakshi,Universal,0.0
629aef9a-aaf2-549b-a104-06ca5bd3d6e4,Jaane Kaise,2024,"Hindi, Non Film","Somanshu, Rutvxk","Somanshu, Yash Narvekar",Day One,0.0
95ddc266-491e-5065-8735-5b21a5aad2aa,Jahangir National University,2024,"Hindi, Film","Vijay Verma, Saaransh Maiden, Amjad - Nadeem - Aamir","Rajesh Manthan, Danish Rana, Deepak Sharma - IV, Vinay Sharma",Zee Music Company,0.0
8f16016a-1b2d-53cf-af8c-807d676e950c,Janaabe Jaaniya,2024,"Hindi, Non Film",Gulraj Singh,Manoj Yadav,Universal,3.0
1df65545-6e33-5287-9a01-4e462c5927db,Jigra,2024,"Hindi, Film","Achint Thakkar, R.D. Burman, Manpreet Singh - I","Varun Grover, Anand Bakshi, Achint Thakkar, Harmanjeet Singh",Saregama,3.0
5d3da3d4-8cae-58f6-998c-8a8f24e8f16b,Jiya Laage Na,2024,"Hindi, Non Film",Rochak Kohli,Gurpreet Saini,Universal,3.0
c97f9169-a8ad-5c40-98b5-e0712bcfb7d1,Jo Tera Hai Woh Mera Hai,2024,"Hindi, Film",Tushar Lall,"K.S. Abhishek, Anupam Siddhant",Times Music,0.0
a6298353-0f2a-5da3-8401-719f810b04c9,Jo Tum Mere Ho,2024,"Hindi, Non Film",Anuv Jain,Anuv Jain,Anuv Jain,0.0
84a3a680-166f-563d-990a-5942e3de584a,Kaagaz 2,2024,"Hindi, Film","Sharib - Toshi, Srijan Vinay Vaishnav","Rashmi Virag, Srijan Vinay Vaishnav, Aseem Ahmed Abbasi",Zee Music Company,0.0
7174dbae-89bf-508b-aeed-0aef760a46e8,Kaam Chalu Hai,2024,"Hindi, Film","Palaash Muchhal, Saurabh Singh Sengar","Palaash Muchhal, Palak Muchhal, Parry G",Zee Music Company,0.0
89f54320-df8c-50aa-a548-28ba359a13f6,Kaash,2024,"Hindi, Non Film",Sanjeeta Bhattacharya,Sanjeeta Bhattacharya,Times Music,0.0
91f66227-d8d0-58ec-affa-1a79d20206fe,Kahan Shuru Kahan Khatam,2024,"Hindi, Film","White Noise Collective, Sachin - Jigar, Shankar - Jaikishan, Akshay, I.P. Singh, Sunny M.R., S.D. Burman, Sandeep Shirodkar","Kausar Munir, Shailendra, I.P. Singh, Ashish Pandit, Majrooh Sultanpuri, Kumaar",Saregama,0.0
13582c3a-f3ac-55cc-acf4-411647066f03,Kahani,2024,"Hindi, Non Film",Taba Chake,"Taba Chake, Tamchi Marina Taba, Taba Koko",Taba Chake,0.0
ffe704d3-b35d-5bea-87b6-3972ecc019d9,Kahe Kahe,2024,"Hindi, Non Film",Rajan Batra,Rajan Batra,The Yellow Diary,0.0
2281f756-5bd6-52e6-aca3-22a81effdf89,Kahin Dur,2024,"Hindi, Non Film",Shourya Malhotra,Shourya Malhotra,Shourya Malhotra & Paras Khanna,0.0
a8c1652e-8e6f-539b-a6d3-103521420bc1,Kaise Kaise,2024,"Hindi, Non Film",Khwaab,"Utsavi Jha, Rahul Shah, Khwaab",firstwav,0.0
7caf7d0f-7eea-5c63-ab2b-ac4a59af4085,Kakuda,2024,"Hindi, Film",Gulraj Singh,Manoj Yadav,Zee Music Company,0.0
32c5487d-2c37-5fe0-9486-e374ecf7b11d,Karm,2024,"Hindi, Non Film","Pratik Shrivastava, Sayar Mitra, Sambit C",,43LA,0.0
ea0573cc-72ee-53af-836e-4aa1b5d846e5,Kartam Bhugtam,2024,"Hindi, Film",Shabbir Ahmed,Shabbir Ahmed,Zee Music Company,0.0
47c3c949-3401-5d43-88b5-a6310d917b33,Keh Do Na,2024,"Hindi, Non Film",Khayaal,Khayaal,Day One,0.0
d456cd64-ef52-5373-ab44-84b86bf16dbb,Khel Khel Mein,2024,"Hindi, Film","Guru Randhawa, Tanishk Bagchi, Saji Ali, B Praak, Rochak Kohli, Raj Ranjodh","Guru Randhawa, Kumaar, Khadim Hussain, Jaani, Raj Ranjodh",T-Series,0.0
9d8b1ff1-4b48-5447-a1c2-6f102c1c23b1,Kho Jaun,2024,"Hindi, Non Film",Adarsh Rao,"Adarsh Rao, Rishav Gandhar Lodh",Times Music,0.0
4c0bfc31-c2c2-5f5f-85b9-8588e3c90be0,Khoya,2024,"Hindi, Non Film",Tushar Joshi,Sadhu Tiwari,Tushar Joshi,0.0
740ece1e-cdc9-5023-8c44-7a7c2eabb04e,Khwaabon Ka Jhamela,2024,"Hindi, Film","Siddharth Basrur, Surya Ragunaathan, Subhi, Ed Geater","Surya Ragunaathan, Chandan Raina, Subhi",Jio Studios,0.0
5e21a0f1-7cb8-5a1f-b432-3793c3b221d2,Kill,2024,"Hindi, Film","Shashwat Sachdev, Haroon - Gavin, Vikram Montrose","Shashwat Sachdev, Siddhant Kaushal, Shekhar Astitwa",Sony Music,3.0
d71e664d-dd66-5ecb-9ab8-9abd97071183,Kinaare,2024,"Hindi, Non Film",Suzonn,Suzonn,Suzonn,0.0
54bc2b06-f369-58ad-9db0-7f73b92cd174,Kisko Tha Pata,2024,"Hindi, Film","Sadhu S. Tiwari, Prasanna Suresh","Rohit Sharma, Traditional",Zee Music Company,3.0
4a1b08e0-af04-5859-9716-f496aac8908f,Kooki,2024,"Hindi, Film","Tapan Jyoti Dutta, Pallab Talukdar, Sourav Mahanta","Dr. Sagar, Avinash Chouhan, Ibson Lal Baruah",Shopolo Digital,0.0
7855b866-905d-53b8-906d-4d73ffac3bf0,Kuch Khattaa Ho Jaay,2024,"Hindi, Film","Meet Bros, Guru Randhawa, Sachet - Parampara, Sadhu S. Tiwari, Nilesh Ahuja","Star Boy LOC, Guru Randhawa, Zahrah S. Khan, Kumaar, Niket Pandey",T-Series,0.0
dd59a9ab-b2ee-5fd3-b486-08faf634ca79,LSD 2: Love Sex Aur Dhokha 2,2024,"Hindi, Film","Tony Kakkar, Meet Bros, Meet Bros Anjjan, Sneha Khanwalkar, Dibakar Banerjee, Tanmay Bhattacharjee, Nirmit Shah","Tony Kakkar, Kumaar, Dibakar Banerjee, Vayu",Saregama,0.0
d0542819-cb3d-5c55-ac7d-f6690cf9b1d4,Laagi Re Lagan,2024,"Hindi, Non Film","Mame Khan, Pintu Mallick",Kamal Kishore Rajput,Mame Khan,0.0
fc182b90-1fe0-5adc-aa77-6f038f65e14c,Laapataa Ladies,2024,"Hindi, Film",Ram Sampath,"Divyanidhi Sharma, Swanand Kirkire, Prashant Pandey",T-Series,0.0
242bd3cb-dec7-5925-9745-0f5b87af584e,Ladki Tu Kamaal Ki,2024,"Hindi, Non Film",Palash Muchhal,Palash Muchhal,Voila Digi,0.0
a7032fd7-cf7c-556f-87f0-8e12b20bcf2a,Lafz,2024,"Hindi, Non Film",Shirish - I,Shirish - I,Day One,3.0
17cccd05-457e-52fe-abac-490e3493ebd2,Love Like That,2024,"Hindi, Non Film","Jonita Gandhi, Ali Sethi, Juan Ariza, Julia Gartha","Jonita Gandhi, Ali Sethi, Juan Ariza, Julia Gartha",Jonita Gandhi,0.0
1eaf753f-23d6-57cf-a433-c045f65ba61f,Love Nahin Toh Kya Hai,2024,"Hindi, Non Film",Salim - Sulaiman,Shraddha Pandit,Merchant Records,0.0
2ebde171-2b6e-5d32-b535-d8fc6e91ed4c,Love You Shankar,2024,"Hindi, Film",Vardan Singh,Anjaan Sagri,Saregama,0.0
948e11d5-f519-5e9c-ae6b-e9b00c221dfd,"Love, Sitara",2024,"Hindi, Film",Sangeet Haldipur - Siddharth Haldipur,"Garima Obrah, Joshua Newton, Rashmin Dighe",Zee Music Company,0.0
5c5e1eef-0e78-5ed7-9ba6-200527c077c2,Luv Ki Arrange Marriage,2024,"Hindi, Film","Prini Siddhant Madhav, Amol - Abhishek, Jaidev Kumar, Sadhu S. Tiwari, Meet Bros, Sandesh Shandilya","Arafat Mehmood, Abhishek Talented, Kumaar, Rohit Sharma, Shabbir Ahmed, Anil Pandey",Hitz Music,0.0
813b6435-f05c-5a48-9c55-f406c425b537,Madgaon Express,2024,"Hindi, Film","Ajay - Atul, Sharib - Toshi, Ankur Tewari, Kunal Kemmu, Sameer Uddin, Rabindranath Tagore, Sagar Desai","Kumaar, Ajay - Atul, Kalim Sheikh, Kunal Kemmu, D'Evil, Sameer Uddin, Abhishek Nailwal, Srushti Tawade, Rabindranath Tagore",Zee Music Company,0.0
35bad28b-aca1-5b47-8e58-d162aa1d5575,Maharaj,2024,"Hindi, Film","Sohail Sen, Traditional, Alap Desai, Sanchit Balhara, Ankit Balhara","Traditional, Kausar Munir, Sneha Desai",YRF Music,0.0
9a4d0a03-805d-5747-8078-ddfdb5f56081,Maidaan,2024,"Hindi, Film",A.R. Rahman,"Manoj Muntashir, MC Heam, Ramajogayya Sastry, Davinder Singh, SlowCheeta",Saregama,4.0
6083ae52-25df-55b2-9c77-19ff69ba250b,Main Atal Hoon,2024,"Hindi, Film","Payal Dev, Kailash Kher, Amitraj, Salim - Sulaiman","Manoj Muntashir, Kailash Kher, Atal Bihari Vajpayee",Hitz Music,3.0
9e6c41f4-6c4e-52ea-9b4e-c3f2738a53db,Main Ladega,2024,"Hindi, Film","Mukund Suryawanshi, Akshay Menon","Shloke Lal, Akshay Dhawan, Vaishnavi Thakur, Anweshaa",Saregama,3.0
dc10a276-c713-575a-9995-fe64ec1a6b4d,Majra,2024,"Hindi, Non Film",Akanksha Sethi,Akanksha Sethi,Akanksha Sethi,0.0
65d35a27-972f-50c4-b40f-672d65778239,Malhar,2024,"Hindi, Film","T. Satish Chakravarthy, Sarang Kulkarni, Maanaav Podaar","Pradeep Dhalaat, Vanita Gupta, Sarang Kulkarni, Maanaav Podaar, Vimal Kashyap",Leo Global Music,0.0
0d3c72f0-2ab7-50dc-87c7-350e8921258e,Manihar,2024,"Hindi, Film",Asif Chandwani,"Salim Begana, Harry Mallya",Zee Music Company,0.0
f92a161d-ac04-50e0-9031-a4fa4c5f5322,Mayanagari,2024,"Hindi, Non Film",Yugaant,"Sukhpreet Gill, Ashish Naskar, Siddharth Shenoy",Merchant Records,0.0
244110cb-0487-565f-b731-c958b2ad65de,Mehrbaan,2024,"Hindi, Non Film",Ritviz,"Ritviz, Hasan Raheem",Ritviz,0.0
0a0b8da7-1d15-5aea-a457-d9a677dbe286,Mera Hai Dil,2024,"Hindi, Non Film",Kailash Kher,Kailash Kher,Kailasa Records,0.0
c53cecce-4b7f-5d4b-a729-072b4f367a73,Merry Christmas,2024,"Hindi, Film",Pritam,Varun Grover,Tips,3.5
be03e830-7aad-5eab-b1eb-ce22cabd5a47,Morni,2024,"Hindi, Non Film","Raftaar, O.P. Nayyar",Raftaar,Saregama,0.0
7e03d003-76dc-50dc-a4f5-cc5002aef2a8,Mr. & Mrs. Mahi,2024,"Hindi, Film","Aadesh Shrivastava, Jaani, Tanishk Bagchi, Vishal Mishra, Hunny, Bunny - I, Achint, Yuva, Dhruv Dhalla","Sameer Anjaan, Jaani, Kausar Munir, Vishal Mishra, Azeem Dayani, Sagar - II, Arushi Kaushal, Devendra Kafir",Sony Music,0.0
bcd32e0b-216a-5e6f-95db-4e7fb927b2e2,Mulaqaatein,2024,"Hindi, Non Film","Showkidd, Abeer Chopra, Aden, Rohan Nagpal",Krish Khullar,UR Debut,0.0
f4a425d5-07ea-51cc-a66d-7b8bbdf6d495,Munjya,2024,"Hindi, Film","Sachin - Jigar, Skeletron",Amitabh Bhattacharya,Zee Music Company,0.0
d56ec685-ddeb-5f03-ac4a-511b37113143,Murder Mubarak,2024,"Hindi, Film",Sachin - Jigar,"Priya Saraiya, Yashraj - II",Zee Music Company,3.0
0c7b261c-ac93-561d-adde-0fdee9f2996c,Muskaan,2024,"Hindi, Non Film",Nikhil D'Souza,Pinky Poonawala,Nikhil D'Souza,3.0
ba85b149-42af-58d2-8d91-21354accf8b1,Naam,2024,"Hindi, Film","Sajid - Wajid, Himesh Reshammiya","Jalees Sherwani, Sameer",T-Series,0.0
fa5cd28a-cdfd-5235-9654-bb828e9aa3ad,Nadaaniyan,2024,"Hindi, Non Film",Akshath,Akshath,Universal,3.0
3f9dd00b-52eb-5050-ac55-f8826d38f461,Nasha Jurm Aur Gangsters,2024,"Hindi, Film","DJ Push, Amit Mitra, Rajbir Singh - I, AK Pablo, Thomas Chabalier","Rajkumar Patra, DJ Push, Sunny Saurav Ghosh, Akhilesh Pandey, AK Pablo",Patras Glam Entertainment,0.0
70a21a57-4676-5988-b696-17e2bd5d991b,Navras Katha Collage,2024,"Hindi, Film",Asif Chandwani,"Harmid Maliya, Priti Kshirsagar, Salim Begana",Zee,0.0
5c2363a8-ac45-5ad3-9855-7672999903f1,O Heeriye,2024,"Hindi, Non Film",Jeet Gannguli,Rashmi Virag,Zee Music Company,0.0
6e2c3596-f3b7-54b6-97be-842cc1d839bd,One Hai Re Bhai,2024,"Hindi, Non Film",Emiway Bantai,Emiway Bantai,Bantai Studio,0.0
ebebd4d6-cdd8-5a5f-92f4-23ad6cd46d7c,Operation Valentine,2024,"Hindi, Film","Mickey J. Meyer, Aadil Rizvi","Kumaar, Aadil Rizvi",Saregama,0.0
b0f11f5b-3649-523e-ad9b-89fb4f39b473,Pad Gaye Pange,2024,"Hindi, Film","Tarun Rishi, Dhawal Tandon","Varun Khokher, Alankrita Shrivastava, Bhupendra Singh 'Megh'",Zee Music Company,0.0
7b69585c-11ea-52ff-a83c-79bbeab4e9cc,Panghatwa,2024,"Hindi, Non Film",Shivang Mathur,Shayra Apoorva,Hitz Music,0.0
21aaba3e-aa41-5e69-8263-78789b212a28,Patna Shuklla,2024,"Hindi, Film",Samuel - Akanksha,Manoj Kumar Nath,Zee Music Company,3.0
6cae7b8d-e9e2-5088-b7b7-59472a940e24,Phir Aayi Hasseen Dillruba,2024,"Hindi, Film","Sachet - Parampara, Anurag Saikia","Raj Shekhar, Kumaar",T-Series,3.0
345b3623-f44e-5c6f-99f7-4d3c69dab819,Phir Mil Gaye,2024,"Hindi, Non Film",Aashiq Khan,Yash Narvekar,For The Record Music,0.0
5330e00d-0cda-586f-8ac2-2bc786ec3c29,Phooli,2024,"Hindi, Film",Avinash Dhyani,"Avinash Dhyani, Megha Dhyani, Vinay Joshi",Zee Music Company,0.0
0bfc5463-634a-5c5f-a1fd-448d5018a3d4,Piya - The Story,2024,"Hindi, Non Film",Viraal,Viraal,Voila Digi,0.0
295399ab-a961-55f0-9505-505132b464fd,Raat Kate,2024,"Hindi, Non Film",Sahana Naresh,"Sahana Naresh, Nirmit","Nirmit, Sahana Naresh",0.0
bf7f6ebf-282f-5ca5-b5ba-abfdd6908c84,Raat Khamosh,2024,"Hindi, Non Film",Shekhar Ravjiani,Anvita Dutt,Ggaruda Music,0.0
b5bfe000-23b1-5369-9ec7-3cfad2dd10d3,Rangrasiya,2024,"Hindi, Non Film",Hopun Saikia,Prem Nikaju,Lucifer Music,0.0
1e85592f-444c-510d-893c-f252cb267303,Ratiyaan,2024,"Hindi, Non Film",Sanjeeta Bhattacharya,Sanjeeta Bhattacharya,Sanjeeta Bhattacharya,3.0
43e7a9df-bbaa-5cc4-aadd-1ac00ae9ad81,Re Mann,2024,"Hindi, Non Film",Swanand Kirkire,Swanand Kirkire,Universal,0.0
22b1d9c1-d01b-5a82-85bc-1a31ab8b5ff1,Rootha Main,2024,"Hindi, Non Film",Siddhant Bansal,Siddhant Bansal,Siddhant Bansal,3.0
00c0457d-f7bf-504e-95be-a52d10dc17b4,Roz Roz,2024,"Hindi, Non Film",Ben Parag,Kakkey,Ben Parag,0.0
aa22285f-0740-5219-b79d-b639a262ee8b,Rula Diya,2024,"Hindi, Non Film",Zack Knight,"Guree, Zack Knight, Sunny - III",Revolve Records,0.0
f5e8c234-d405-57eb-838d-9a39136b58ec,Ruslaan,2024,"Hindi, Film","Rajat Nagpal, Vishal Mishra, Akashdeep Sengupta","Rana Sotal, Shabbir Ahmed, Bipin Das, Mellow D",Saregama,3.0
3bdc7d79-f471-5d44-8480-f87ee3de09e2,Saiyaan Bina,2024,"Hindi, Non Film",Nitin Shankar,Mahima Bhardwaj,Apni Dhun,0.0
f796df32-e7f0-5dcd-a118-6c03f3e29679,Sarfira,2024,"Hindi, Film","G.V. Prakash Kumar, Suhit Abhyankar, Tanishk Bagchi","Manoj Muntashir Shukla, Tanishk Bagchi, Shloke Lal",Times Music,0.0
c152495e-ca7f-59d4-8d96-02b24aa561f0,Sau Sau Sorriyan,2024,"Hindi, Non Film",Sushant - Shankar,Kumaar,Hitz Music,0.0
74b11170-43c2-5f84-ada4-87cc24278a61,Savi,2024,"Hindi, Film","Vishal Mishra, Piyush Shankar, Arkadeep Karmakar, Javed - Mohsin","Raj Shekhar, Rashmi Virag, Ritajaya Banerjee",T-Series,0.0
bcf92761-30f3-5971-90cc-358832507e02,Saza,2024,"Hindi, Non Film","Lisa Mishra, Charan, Soham Mukherjee, Karan Kanchan","Lisa Mishra, Charan, Shivam Srivastava",Warner Music,3.0
b37be54b-eb9d-5b25-8965-ec2235cf3945,Sector 36,2024,"Hindi, Film","Dhunkey, Kanishk Seth, Gourov Dasgupta, OAFF, Savera","Dhunkey, Yashwardhan Goswami, Farhan Memon, Sameer Rahat",Sony Music,0.0
572d0cdc-7923-5c5c-b271-9b19d72b6707,Senti Akhiyaan,2024,"Hindi, Non Film",Ram Sampath,Roshanaara Qureshi,Omgrown Music,3.0
bea80327-c3c5-503d-9ed4-0da88d458bac,Shaamil,2024,"Hindi, Non Film",Rahi Sayed,Rahi Sayed,Sony Music,3.0
3845fb05-e91b-5b99-8998-70d4fcdc4a54,Shaitaan,2024,"Hindi, Film",Amit Trivedi,Kumaar,Panorama Music,0.0
94adc55a-6380-5706-bcf9-36f484ca0a9e,Sharmajee Ki Beti,2024,"Hindi, Film",Abhishek - Ananya,Shellee,Applause Entertainment,0.0
1f6eac16-9068-5da1-88f6-181a9fae82d1,Shor Hai,2024,"Hindi, Non Film",Ashish Zachariah,"Raghav Meattle, Aditi Raj, Khwaab",Universal,0.0
cbd6d70f-e05c-544e-ad0b-a2dfb39da561,Sikandar Ka Muqaddar,2024,"Hindi, Film",Payal Dev,Manoj Muntashir,E Major,0.0
250b4ce7-712e-5035-8ed1-e34120b5fd9a,Silence 2: The Night Owl Bar Shootout,2024,"Hindi, Film",Altaaf Sayyed,Atiya Sayyed,,3.0
14a60b09-d5ea-5872-822b-9c33f650dabf,Singham Again,2024,"Hindi, Film","Thaman S, Ravi Basrur","Swanand Kirkire, Kumaar, Abhi Munde, Ravi Basrur",Saregama,0.0
caad1156-9807-5c4a-965b-bc65990c48b0,Srikanth,2024,"Hindi, Film","Tanishk Bagchi, Anand - Milind, Aditya Dev, Sachet - Parampara, Ved Sharma - I","Shloke Lal, Majrooh Sultanpuri, Yogesh Dubey, Kunaal Verma",T-Series,0.0
6e281ecb-cbbf-5b50-a7af-66d8d787af27,Stree 2,2024,"Hindi, Film",Sachin - Jigar,Amitabh Bhattacharya,Saregama,0.0
10700dc1-8772-5043-b683-fc0e4c67dbf6,Suno Na,2024,"Hindi, Non Film",Chamath Sangeeth,Murtuza Gadiwala,One Mind Music,0.0
e2017d0b-1445-5ce0-9e57-5e398f116ed0,Swatantrya Veer Savarkar,2024,"Hindi, Film","Anu Malik, Sambata, Vipin Patwa","Veer Savarkar, Ranjit Savarkar, Prashant Ingole, Sambata, Dr. Sagar",Zee Music Company,0.0
9060aa4b-f35d-58d5-b43a-d70a31ac728c,Taaley,2024,"Hindi, Non Film",Abhijeet Srivastava,Shayra Apoorva,Unbound Records,0.0
a13a3e19-a8ee-5656-9f64-83054a101249,Tauba Tera Jalwa,2024,"Hindi, Film",Vikram Montrose,"Kunwar Juneja, Azeem Shirazi",Zee Music Company,0.0
65bb8a1a-5cdb-5746-8027-5cc52fbd9678,Tera Hua,2024,"Hindi, Non Film",,,Mass Appeal,0.0
2b1c159d-8a02-55dd-95a5-c17dbeaa3c41,Tera Kya Hoga Lovely,2024,"Hindi, Film",Amit Trivedi,Irshad Kamil,Zee Music Company,0.0
d310a509-929a-585e-a059-45a0ad05de74,Teri Baaton Mein Aisa Uljha Jiya,2024,"Hindi, Film","Tanishk Bagchi, Raghav, Sachin - Jigar, Mitraz","Neeraj Rajawat, Naina Mathur, Tanishk Bagchi, Indraneel, Mitraz",T-Series,0.0
5e0f5fd4-b88d-5885-882a-76346ed007a1,The Buckingham Murders,2024,"Hindi, Film","Bally Sagoo, Vicky Marley, Karan Kulkarni, Payal Dev, Nadeem - Shravan","Devshi Khanduri, Shellee, Kunaal Verma, Sameer Anjaan",Tips,0.0
4b6e3968-10ab-5b82-8d6a-5750860b34aa,The Legacy Of Jineshwar,2024,"Hindi, Film","Vipin Patwa, Vivian Richard",Prashant Beybaar,Saregama,0.0
26568e35-543c-558c-afda-3a8b58553151,The Miranda Brothers,2024,"Hindi, Film","Amaal Mallik, R.D. Burman, Tanishk Bagchi, Zain Desai","Kumaar, Majrooh Sultanpuri, Tanishk Bagchi, Yasser Desai",T-Series,0.0
5d961c45-3afc-597d-9958-1b49dee00cbf,The Rabbit House,2024,"Hindi, Film","Padmanabh Gaikwad, Traditional, Mukul Sharma - II","Vijay Utekar, Traditional, Motiram Katwal, Mukul Sharma - II, Vaibhav Kulkarni, Navdeep Panchal Shubh",Geetai Productions,0.0
44832d44-9971-57af-9ba5-4bfe10fcebfb,The Sabarmati Report,2024,"Hindi, Film","Kartik Kush, Akhil Sachdeva, Anu Malik, Arko","Kartik Kush, Akhil Sachdeva, Inspectah G, Ceesur, Harsh Raju Palvia, Traditional, Ramashrit Joshi, Aikarth Purohit, Arko",Zee Music Company,3.0
8e348e99-db89-53d2-b41a-5c4d860e4143,The Signature,2024,"Hindi, Film",Rohit Sharma,Gajendra Ahire,Zee Music Company,3.0
ca99a32e-7152-567d-8311-3006485e20a4,Tikdam,2024,"Hindi, Film",Daniel B. George,Vivek Anchalia,Times Music,0.0
4115d263-2ead-50c1-9dfd-bc91e196916f,Tipppsy,2024,"Hindi, Film","Babli Haque, Meera Sarkar, Anjjan Bhattacharya","Kumaar, Nivedita Pohankar",Panorama Music,0.0
fc01d7ef-4373-5bee-bfa5-62a6e7d0d9c4,Title Kya Doon?,2024,"Hindi, Non Film","Vijay DK, MC Altaf","Vijay DK, MC Altaf",Vijay DK,0.0
24e407ea-d241-5a35-a326-c25c6eec83c0,Tu Hai Aafareen,2024,"Hindi, Non Film",Prateek Gandhi,,Universal,0.0
dcff98ab-0f26-5d8a-b170-1c2440fdc7e4,Tu Hai Kya,2024,"Hindi, Non Film",Akshath,Akshath,Universal,0.0
7b82bbdd-2058-5ef2-936b-7aa356a9dfe6,Tu Hi Wajah,2024,"Hindi, Non Film",Akshath,Akshath,Sony Music,0.0
067a4c2f-f920-5f99-9f85-b14fc31c3f43,Tu Kahe Toh,2024,"Hindi, Non Film","Sukriti Kakar, Prakriti Kakar, BeBhumika",Aakash Chopra - I,SuPra,0.0
709b5951-3f8a-58c1-a612-827734a368fd,Tu Meri Hai,2024,"Hindi, Non Film",Sachin - Jigar,Priya Saraiya,Sony Music,0.0
0bcf7f48-40d5-5bc8-91ac-f375c693e7d5,Tu Naazneen,2024,"Hindi, Non Film",Nakash Aziz,Nakash Aziz,Oriyon Music,0.0
b22c5726-46bd-57b7-9b8f-9464d8cc18e1,Tum Yaad Aaye,2024,"Hindi, Non Film",Anmol Daniel,Youngveer,Novice Records,3.0
bf796615-dc52-5000-8736-26165288941c,Ud Raha Hun Main,2024,"Hindi, Non Film",Shekhar Ravjiani,Rashmi Virag,Ggaruda Music,0.0
ac7d5056-e9c2-5e6c-a805-6a07810dac1f,Udd Chala (In Nature),2024,"Hindi, Non Film",Taba Chake,Taba Chake,Taba Chake,0.0
fb2402ea-12f4-533f-b947-e1410bc076ed,Ulajh,2024,"Hindi, Film",Shashwat Sachdev,"Kumaar, Jasmine Sandlas, Sudhanshu Saria",Sony Music,3.0
e2456c07-7a10-5a08-94ef-8800932389d9,Vanvaas,2024,"Hindi, Film","Mithoon, Monty Sharma","Sayeed Quadri, Sunil Sirvaiya",Zee Music Company,3.0
3f08f1ea-949a-502b-821a-f3df055a82ea,Vedaa,2024,"Hindi, Film","Amaal Mallik, Yuva, Raghav - Arjun, Manan Bhardwaj","Kunaal Verma, Arushi Kaushal, MC Square, Raghav - Arjun, Manan Bhardwaj",Zee Music Company,3.0
581d7095-d02d-55b3-8928-ee47fa71cc7a,Vicky Vidya Ka Woh Wala Video,2024,"Hindi, Film","Sachin - Jigar, Sandesh Shandilya, White Noise Collective, Anand - Milind, Nadeem - Shravan","Priya Saraiya, Som, Vayu, Irshad Kamil, Sameer",T-Series,3.0
6d7cd874-1485-53d4-a99e-83f2cdadd90e,Visfot,2024,"Hindi, Film",Amjad - Nadeem - Aamir,Amjad - Nadeem,T-Series,0.0
7af22e44-4d10-59e4-ac72-85f9c405f53d,Wild Wild Punjab,2024,"Hindi, Film","Guru Randhawa, Luv Ranjan, Bali - I, Saurabh - Vaibhav","Guru Randhawa, Happy Bains, Luv Ranjan, Bali - I, Harsh Tyagi, Saurabh - Vaibhav",T-Series,0.0
55893f8a-64c9-5f0a-bc73-09154bced8ae,Wo Kaun Hai,2024,"Hindi, Non Film",Rajib - Mouna,Sudhakar Sharma,Movement Creations,0.0
c059d031-1e0f-5357-9202-3e92ff34fa77,Woh Bhi Din The,2024,"Hindi, Film",Joi Barua,"Irshad Kamil, Joi Barua, Vishwadeep Zeest",Zee Music Company,3.0
a760cb28-3b6d-5f8a-a349-d892b286d60c,Yaqeen Na Tha,2024,"Hindi, Non Film",Mandeep Panghal,Youngveer,Novice Labels,0.0
6b5ed532-98fb-50d6-875a-bf53eb021aa7,Ye Zindagi,2024,"Hindi, Non Film",Jeet Gannguli,Chandrani Ganguli,Jeet Gannguli,0.0
a58ca1de-e426-5a06-8f49-d9ef820bbc8c,Yeh Dil Deewana,2024,"Hindi, Non Film","Nadeem - Shravan, Shamir Tandon, Pranshu Jha","Anand Bakshi, Deepak Adhikari, Anurag Dubey, Abhinav Nagar",Tips,0.0
131b2927-ae10-55e7-afb5-a45d3bd6bcd0,Yodha,2024,"Hindi, Film","Vishal Mishra, B Praak, Aditya Dev, Tanishk Bagchi, John Stewart","Kaushal Kishore, Vishal Mishra, Jaani, Kunaal Verma, Manoj Muntashir Shukla",T-Series,3.0
198d756a-8487-5f67-ac51-dd4c5c4f5438,Yudhra,2024,"Hindi, Film","Prem - Hardeep, Shankar - Ehsaan - Loy","Raj Ranjodh, Javed Akhtar",Zee Music Company,0.0
10c7d092-3b51-590e-bffc-89a777c45c4c,Zakhm Purana,2024,"Hindi, Non Film","Kavita Seth, Kanishk Seth",Jagdish Prakash,Universal,3.0
91aa32ce-9ee0-54f6-addb-f73d3540c23b,Zid,2024,"Hindi, Non Film",Bharatt - Saurabh,Nishant Singh - III,SuPra Bright Sound Entertainment,0.0
2109dfb4-6a6c-5fe3-8ab1-fdf1d71ddfd5,120 Bahadur,2025,"Hindi, Film","Amit Trivedi, Salim - Sulaiman, Amjad - Nadeem - Aamir",Javed Akhtar,Zee Music Company,3.0
e4245653-e245-56cb-b09a-e0536d13c35f,2020 Delhi,2025,"Hindi, Film",Saurabh Mehta,Devendra Maalviya,,0.0
641fd165-0c08-5a63-8c4b-420a1e3fa899,Aachari Baa,2025,"Hindi, Film",Prasad S.,"Priyanka R. Bala, Traditional",Panorama Music,3.0
afe94d3c-66f7-59d0-98ae-a055225b5709,Aankhon,2025,"Hindi, Non Film","OAFF, Savera",Ankur Tewari,Warner Music,3.0
8886b5d5-3ff7-5ca3-8930-7973402dc0cf,Aankhon Ki Gustaakhiyan,2025,"Hindi, Film",Vishal Mishra,"Vishal Mishra, Kaushal Kishore",Zee Music Company,0.0
0c45b836-9735-52d8-bc09-cd7ae49138bf,Aap Jaisa Koi,2025,"Hindi, Film","Rochak Kohli, Justin Prabhakaran","Gurpreet Saini, Raj Shekhar",Netflix,3.0
c1af4ba2-3cc0-52c7-84d4-acf68c6c913c,Aayiye Ram Ji,2025,"Hindi, Non Film","Jaani, B Praak",Jaani,Kripa Records,0.0
82ad1820-57eb-5a4b-bf2e-7481396df420,Adhoora,2025,"Hindi, Non Film",Prasad S.,Bimal Oberoi,Oriyon Music,0.0
e557b1e5-ac85-5dbf-a380-c54798390256,Ae Dil Tu,2025,"Hindi, Non Film",Amit Sharad Trivedi,Nadeem Ahmad,Red Ribbon Entertainment,3.0
1ceeb6f6-0718-570c-aa17-04b4bdc8ae19,Ajey: The Untold Story Of A Yogi,2025,"Hindi, Film",Meet Bros,"Kumaar, Jashar Singh, Sangita Singhh, Nadaan",Warner Music,0.0
0ef970a0-a6d2-5145-8ea4-a17ca138b4fd,All Good?,2025,"English, Non Film",Shalmali Kholgade,Shalmali Kholgade,Shalmali Kholgade,0.0
38fbedcc-ed68-599f-ab26-abb742dccc11,Andaaz 2,2025,"Hindi, Film","Nadeem Saifi, Suneel Darshan",Sameer,Shree Krishna International,0.0
959bed1d-aa86-5dc8-ae9d-73b99d9e7fb2,Aura Farming,2025,"Hindi, Non Film",Tanishk Bagchi,Zahrah S. Khan,T-Series,0.0
1b2bca9d-8d83-5841-aad2-2f39bad3a305,Azaad,2025,"Hindi, Film",Amit Trivedi,"Swanand Kirkire, Amitabh Bhattacharya",Zee Music Company,4.0
cf387493-9ec4-59cd-9d68-7e32f4d779c5,Baaghi 4,2025,"Hindi, Film","Agaazz, Josh Brar, Salamat Ali Matoi, Mani Moudgill, Badshah, Payal Dev, Aditya Dev, Tanishk Bagchi, Siddhaant Miishhraa, Suyyash - Siddharth, Gourov Dasgupta","Kumaar, Jagdeep Warring, Josh Brar, Mani Moudgill, Badshah, Danish Sabri, Paradox, Sameer Anjaan, Gopi Sidhu, Star Boy LOC, Farhan Memon",T-Series,3.0
836a6655-4216-5f2a-b61d-2e367c1afe51,Baaton,2025,"Hindi, Non Film",When Chai Met Toast,"When Chai Met Toast, Raghav Meattle",When Chai Met Toast,3.0
2a266257-e96f-54ed-b607-e4657b2197bb,Baby John,2025,"Hindi, Film",Thaman S,"Irshad Kamil, Raja Kumari, Adviteeya Vojjala, Ritesh G. Rao, Abhiruchi Chand",Zee Music Company,0.0
c2e5a8fa-120e-5390-9d46-fd2d4686bd0a,Badass Ravi Kumar,2025,"Hindi, Film","Sanjeev - Darshan, Himesh Reshammiya","Sameer Anjaan, Mayur Puri, Himesh Reshammiya, Kumaar, Shabbir Ahmed",Himesh Reshammiya Melodies,0.0
c520f7a4-4663-5047-b060-74a6b037b816,Baramulla,2025,"Hindi, Film","Shor Police, Traditional",Siddhant Kaushal,Zee Music Company,3.0
ccb1356d-4bc5-5c63-9458-5b8312acb208,Barkha,2025,"Hindi, Non Film",Arijit Singh,Irshad Kamil,Oriyon Music,0.0
5309f5de-b5ef-54fd-8897-e0751dcceaa2,Be Happy,2025,"Hindi, Film",Harsh Upadhyay,"Pranav Vatsa, Harsh Upadhyay, Sukriti Bhardwaj",T-Series,0.0
17c85f4c-56c7-58d8-84e6-b3beab976c0b,Bedard Mere Dil Ko,2025,"Hindi, Non Film",Kausar Jamot,Kausar Jamot,Happy Media Works,0.0
b8d436d4-6416-5d09-8ba6-8d5fb19ce7c2,Bhagwat Chapter One: Raakshas,2025,"Hindi, Film","Mangesh Dhakde, Raghav - Arjun","Shakeel Azmi, Deepak Ramola",Zee Music Company,0.0
8e67df36-ccc9-5089-aa60-2184b8937949,Bhool Chuk Maaf,2025,"Hindi, Film","Gifty, Tanishk Bagchi, Pritam","Irshad Kamil, Shaan Yadav, Armaan Sharma",Sony Music,3.0
e9ece23d-98ff-5e68-8d5e-b50209df1dda,Bhoomi 2025,2025,"Hindi, Non Film",Salim - Sulaiman,"Parth Tarpara, Shraddha Pandit",Merchant Records,3.0
93ef3cc3-1bfa-5bba-a68b-ceb452714460,Bobby Aur Rishi Ki Love Story,2025,"Hindi, Film","Ashish Chhabra, Sneha Khanwalkar, Shaan, Veer Pandya, Kaveri Kapur","Kahaanikar, Ankit Singh - II, I.P. Singh, Amitabh Verma, Sneha Khanwalkar, Kunal Kohli, Kunwar Juneja, Prasoon Joshi",Times Music,0.0
89447f6b-29b9-5039-a5bc-2e1a9467f480,Candy Crush Ban Jaungi,2025,"Hindi, Non Film",Abdullah Khan - I,"Danish Sabri, Mellow D, BIGLUV",Dimension Music,0.0
4dd1c216-c90e-574a-8016-6aac33ab6717,Channa,2025,"Hindi, Non Film",Ravator,"Ravator, Aditya Rikhari, Geetkarz",Universal,0.0
043c80ff-6040-53f8-af60-17d317529fdc,Chhaava,2025,"Hindi, Film",A.R. Rahman,"Irshad Kamil, Kshitij, MC Heam",Sony Music,0.0
1a7f2cec-18e4-5038-9f3a-8e0feadf31ac,Chidiya,2025,"Hindi, Film",Shailendra Barve,"Mehran Amrohi, Jitendra Joshi",Zee Music Company,0.0
e943b705-9c08-55a4-a079-a13a0f59a8d6,Controll,2025,"Hindi, Film",Bharat - Hitarth,Bharat Menaria,Pen,0.0
cbe7b993-3531-5527-9869-0ee472ee4efa,Costao,2025,"Hindi, Film","Ajay Jayanthi, Ketan Sodha","Ginny Diwan, MxRZI, Ajay Jayanthi, Niren Bhatt",Hitz Music,0.0
9ea653cc-23e1-54ad-81cc-4959e9b713ce,Crazxy,2025,"Hindi, Film","Harshavardhan Rameshwar, Manan Bhardwaj, Vishal Bhardwaj, Osho Jain, Laxmikant - Pyarelal, The Red Kettle","Ashim Kemson, Manan Bhardwaj, Gulzar, Osho Jain, Anand Bakshi, Vayu",T-Series,0.0
1171a9c0-a8ea-51e1-8abc-484972554181,De De Pyaar De 2,2025,"Hindi, Film","Payal Dev, Aditya Dev, Yo Yo Honey Singh, Aziz Nazan, Avvy Sra, Sagar Bhatia","Kumaar, Yo Yo Honey Singh, Naza Sholapuri, Jaani, Karan Aujla, Sagar Bhatia",T-Series,3.0
99d20129-c076-5f10-bde0-13ccd18c1790,Deva,2025,"Hindi, Film","Vishal Mishra, Jakes Bejoy","Raj Shekhar, Shreyas Sagvekar, Siddhant Kaushal",Zee Music Company,0.0
a9ede70b-5be3-5149-a851-6220d783a208,Dhadak 2,2025,"Hindi, Film","Javed - Mohsin, Rochak Kohli, Shreyas Puranik, Tanishk Bagchi","Rashmi Virag, Gurpreet Saini, Siddharth - Garima, Ozil Dalal",Zee Music Company,3.0
1a148f4b-2ba9-5758-95e6-667a336824c6,Dhadkan Ki Tarah,2025,"Hindi, Non Film",Rashid Khan - II,Faaiz Anwar,Zee Music Company,0.0
3b501502-966d-56fc-95bb-89112da830c9,Dhoom Dhaam,2025,"Hindi, Film",Shor Police,"Siddhant Kaushal, Ricardo Pereira, Shor Police",Panorama Music,0.0
9a6411a7-f423-5614-900a-9427570fdc87,Dhul Gaye,2025,"Hindi, Non Film",Arjuna Harjai,"Arjuna Harjai, Surabhi Dashputra",Oriyon Music,3.0
914e2c52-56c8-5abb-9bcf-eb4fdc1221ec,Dhurandhar,2025,"Hindi, Film","Shashwat Sachdev, Charanjit Ahuja, Roshan, Lal Chand Yamla Jatt, R.D. Burman, Raj Ranjodh, Bappi Lahiri","Hanumankind, Jasmine Sandlas, Babu Singh Maan, Irshad Kamil, Sahir Ludhianvi, Lal Chand Yamla Jatt, Reble, Majrooh Sultanpuri, Shashwat Sachdev, Raj Ranjodh, Simran Choudhary, Indivar",Saregama,0.0
3a0e83fb-9a23-5aa3-99f3-2a30903afa4b,Dil Dosti Aur Dogs,2025,"Hindi, Film","Ambresh Shroff, Prateek Nandan, Simran Hora","Ambresh Shroff, Prateek Nandan, Alok Ranjan Srivastava",Panorama Music,3.0
2080fac8-5f47-5a48-ae3f-b99ef4070acc,Dil Kaat Ke,2025,"Hindi, Non Film","Jaani, Bunny",Jaani,Desi Melodies,0.0
05a8a559-918c-5b7e-8141-2734c4b734d2,Dil Tod Diya Na,2025,"Hindi, Non Film",Surya Vishwakarma,Sumit Kohli,Shemaroo,3.0
be112016-7bab-5149-b09c-8b1639f8bb20,Dreamland,2025,"Hindi, Non Film",When Chai Met Toast,When Chai Met Toast,When Chai Met Toast,0.0
06b1e8dc-71ff-5382-b86d-8bfaebcf4701,Ek Aur Baar Kishore Kumar,2025,"Hindi, Non Film","R.D. Burman, Shamir Tandon","Javed Akhtar, Priyanka R. Bala, Anand Bakshi, Niket Pandey, Gulshan Bawra",Universal,0.0
784114d8-c960-5a66-8c38-a72c35a1717c,Ek Chatur Naar,2025,"Hindi, Film","Vayu, Sharan Rawat, Abhijeet Srivastava","Vayu, Shayra Apoorva",T-Series,0.0
fc4ebb69-26e9-5707-9495-f2ded70d8851,Ek Deewane Ki Deewaniyat,2025,"Hindi, Film","Kaushik - Guddu, Lijo George - DJ Chetas, Annkur R. Pathakk, Rahul Mishra, Kunaal Verma","Kunaal Verma, Sameer Anjaan, Sachin Urmtosh, Prince Dubey",PlayDMF,0.0
cf3fdad5-cdf6-5946-9349-062c62df6e75,Faraari,2025,"Hindi, Non Film","Tanishk Bagchi, Vayu","Tanishk Bagchi, Vayu",Jjust Music,0.0
656d73d2-ec98-5686-95b5-f7947c42d95e,Fitratein,2025,"Hindi, Non Film",Ronak Phukan,"Syed Amir Hussain, Soham Majumdar",Times Music,3.0
106370de-01ce-581b-824c-f59cc0a022c2,Ghich Pich,2025,"Hindi, Film","Rohit Sharma, Ritwik De",Shellee,Barsaati Films,3.0
ac67addf-4b26-5d91-b578-1ff7c02cdc29,Ground Zero,2025,"Hindi, Film","Tanishk Bagchi, Sunny Inder, Rohan - Rohan","Vayu, Rashmi Virag, Kumaar, Irshad Kamil",Zee Music Company,0.0
acffc98e-75df-5546-bee5-07516e438f08,Gustaakh Ishq,2025,"Hindi, Film",Vishal Bhardwaj,Gulzar,Zee Music Company,3.0
c83edfe1-09b4-52aa-af1c-1d85de05b576,Hain Kaha Ka Iraada,2025,"Hindi, Non Film","Nusrat Fateh Ali Khan, Tanishk Bagchi","Milad Raza Qadri, Manoj Muntashir Shukla",T-Series,0.0
a9f2f519-b645-5525-90f1-9d10032e9c55,Haq,2025,"Hindi, Film",Vishal Mishra,Kaushal Kishore,Times Music,4.5
54bec3fa-da66-50b6-97e1-5dd812f6bd6b,Harjaai,2025,"Hindi, Non Film",Jatin Pandit,Jatin Pandit,Jatin Pandit,3.0
3715f545-5f95-5dce-b8df-a75f6f46c051,Heer Express,2025,"Hindi, Film","Avvy Sra, Tanishk Bagchi, Jasbir Jassi, Jerry Singh, Sakaar Singh","Harman Jeet, Shloke Lal, Dhruv Yogi, Babu Singh Maan",Zee Music Company,0.0
75eef0ba-0955-5024-a4e8-92f7b345bf54,Hisaab Barabar,2025,"Hindi, Film",Aman Pant,"Ashwni Dhir, Akhil Tiwari, Barbie Rajput, Kabir",Zee Music Company,0.0
443ddeb9-b567-55f3-b73f-fe4f0b33e120,Holi Aayi Re - Coke Studio Bharat,2025,"Hindi, Non Film",Vishal Mishra,"Vishal Mishra, Kaushal Kishore",Universal,0.0
6c726ca0-e6f2-5918-ba89-663f5fa3ddbe,Homebound,2025,"Hindi, Film",Amit Trivedi,Varun Grover,Sony Music,0.0
cbb0c527-60c4-52b2-88d9-0bca74990709,Housefull 5,2025,"Hindi, Film","Yo Yo Honey Singh, White Noise Collective, Tanishk Bagchi, Kratex, Shankar - Ehsaan - Loy, Sajid - Wajid, Julius Packiam","Yo Yo Honey Singh, Alfaaz, Kumaar, Som, Kratex, Amitabh Bhattacharya, Sameer",T-Series,0.0
7bdc2775-6a36-5fce-bbee-b0ff6eeadb91,I Am Your Dad,2025,"Hindi, Non Film",Siddhaant Miishhraa,"Rishaab Chauhaan, Siddhaant Miishhraa, Agni Bhairav",Grabora Production,0.0
7db8acc2-0a49-5809-9b7e-a75bf52049ac,Inn Galiyon Mein,2025,"Hindi, Film","Amaal Mallik, Arvind Sagole, Saurabh Kalsi","Punarvasu, Vimal Kashyap, Saurabh Kalsi",Zee Music Company,0.0
8e43f784-bf13-5347-83f4-730caa0344e3,Inspector Zende,2025,"Hindi, Film",Sanket Sane,"Swanand Kirkire, Waking Grunt",Netflix Music,0.0
138ef33c-05b1-5834-aeca-c5fcebd97c60,Ishq Banjaara,2025,"Hindi, Non Film",Afzal Ali Khan,Shahabuddin Alvi,Lucky Gautam Entertainment,3.0
914f6167-ee89-5336-8059-f4938d5c367b,Ishq Farzi,2025,"Hindi, Non Film",Sanjeev Chaturvedi,Sanjeev Chaturvedi,Shemaroo,3.0
a4e50f8e-8ce0-5e96-a794-3fc2c2fef658,Ishq Mera,2025,"Hindi, Non Film",Akashdeep Sengupta,Mukund Suryawanshi,T-Series,3.0
ead16b1c-79d5-5196-9731-6e6740c8ff9c,Jaan Legi Mehbooba,2025,"Hindi, Non Film","Asif Chandwani, Aditya Dev",Salim Begana,Tips,0.0
4f6de5cf-f52e-5af7-bc94-637956a81a31,Jaat,2025,"Hindi, Film",Thaman S,"Adviteeya Vojjala, Sruthi Ranjani, Kalyanachakravarthy Tripuraneni, Amrit Maan, Kumaar",Zee Music Company,0.0
f47996ba-282f-5662-8175-c210822bc8e1,Jassi Weds Jassi,2025,"Hindi, Film","Rev Shergill, Akshay, I.P. Singh, Bhanu S. Tanwar","Rev Shergill, Harshh Vardhan Singh Deo, I.P. Singh, Prashant Beybaar",Zee Music Company,0.0
6ab7c45b-b0c9-5986-9b60-15d75a01817e,Jatadhara,2025,"Hindi, Film","Samira Koppikar, Raees, Zain - Sam, Rajeev Raj, Vivek Hariharan","Puneet Sharma, Kumaar, Rossh, Singh City, Traditional, Mandeep Khurana",Zee Music Company,0.0
eaa47f67-d509-503b-ab37-dbaf68d593a8,Jeena Zaroor Hai,2025,"Hindi, Non Film","Kirtiman Singh, Gunjan Massey",Kirtiman Singh,Javed Ali,0.0
4927165a-d5fe-598a-824f-2c91f6cc464e,Jewel Thief - The Heist Begins,2025,"Hindi, Film","OAFF, Savera, Sachin - Jigar, Soundtrek, Anis Ali Sabri","Kumaar, Soundtrek, Anis Ali Sabri",T-Series,3.0
5a7c95e1-3101-546e-90fe-ac94a9978050,Jitne Apne The,2025,"Hindi, Non Film",Rabbi Shergill,Rahat Indori,Odd One Out Records,0.0
13a5ee14-0330-50dd-b11a-f59e98040698,Jo Zindagi Tha Meri,2025,"Hindi, Non Film",Daboo Malik,Monish Raza,MWM Entertainment,0.0
31940fdb-77e7-5c64-b879-fa12af7d642d,Jolly LLB 3,2025,"Hindi, Film","Aman Pant, Vikram Montrose, Anurag Saikia","Pardhaan, Akhil Tiwari, Meggha Bali, Puneet Sharma",Panorama Music,0.0
1fa1029c-651f-572b-8509-2b2f47dbb297,Jugnuma (The Fable),2025,"Hindi, Film",Piyush Mishra,Piyush Mishra,Bhonpoo Records,3.0
87b7adb0-e52e-5e12-91f6-1093d60eaea0,Julmi Sawariya,2025,"Hindi, Non Film",Amit Trivedi,Kumaar,Saregama,3.0
ce4d0141-7a86-594e-ae7b-332dedb0c304,Kaalidhar Laapata,2025,"Hindi, Film",Amit Trivedi,Geet Sagar,Zee Music Company,3.0
ec9cab2e-94d7-5f79-a9df-672c55b96e10,Kabhi Tum,2025,"Hindi, Non Film",Rashid Khan - II,Ekhlas,DRJ Records,0.0
dd07dca3-4f37-51c6-862d-db652d9295ea,Kahani Meri,2025,"Hindi, Non Film",P V N S Rohit,"G. Ritesh Rao, Sonu Nigam",I Believe Music/Global Music Junction,0.0
24108320-66f3-5fb6-a288-f6dfc02a511e,Kapkapiii,2025,"Hindi, Film",Ajay Jayanthi,"Ginny Diwan, Saurabh Anand, Ajay Jayanthi, MxRZI",Zee Music Company,0.0
4256031a-7a7f-5ce2-87a1-3f995692afde,Kaushaljis vs Kaushal,2025,"Hindi, Film","Vikram Montrose, Ashish Chhabra","Shekhar Astitwa, Ankit Singh - II, Kahaanikar, Amir Khusro, Vikram Montrose, Abhinav Shekhar, Farhad Bhiwandiwala",Times Music,0.0
648531f6-606b-5f03-bc91-1bc4fb7643e1,Keh Do Na,2025,"Hindi, Non Film",Vibhas Arora,Shekhar - IV,OSM Records,3.0
9fc41369-42e2-5c1f-9b9b-866de3853db7,Kesari Chapter 2,2025,"Hindi, Film","Sangtar, Shashwat Sachdev, Kavita Seth, Kanishk Seth","Sukhwinder Amrit, Irshad Kamil, King",Zee Music Company,0.0
957de30f-3d83-560e-a38e-a1c0767e027b,Kesari Veer,2025,"Hindi, Film",Monty Sharma,"Srijan Vinay Vaishnav, Akshat Gupta, Monty Sharma, Sanchari Sengupta, Jhaverchand Meghani, Keshav Rathod",Panorama Music,0.0
2a448446-2679-52de-b8a8-7a8825d9b301,Koi Unko,2025,"Hindi, Non Film",Shantanu Dutta,Meggha Vikaas Bali,Times Music,0.0
4d38b23b-f640-5bf7-bdef-0dc755b57d46,Kokaina,2025,"Hindi, Non Film",Hiten,"Badshah, Simiran Kaur Dhadli",Saregama,0.0
93603478-e227-5070-a3ac-57073e4da726,Koyal,2025,"Hindi, Non Film",DigV,Alok Ranjan Srivastava,Universal,0.0
2258a605-e530-5010-805a-4a4325581863,Laage Na Tere Bina Piya,2025,"Hindi, Non Film",Ashok Bhadra,Panchhi Jalonvi,T-Series,3.0
fc7457f6-45e4-574c-b1b6-54eccc58863a,Love in Vietnam,2025,"Hindi, Film","Devv Sadaana, Amaal Mallik, Aamir Ali, Meet Bros Anjjan, Meet Bros","Kunaal Verma, Rashmi Virag, Rahat Shah Kazmi, Kumaar",DRJ Records,3.0
ae2d2238-1f58-5172-b11e-a5e6ca620514,Loveyapa,2025,"Hindi, Film","White Noise Collective, Tanishk Bagchi, Suyyash Rai, Siddharth Singh - I, Aman Pant","Som, Gurpreet Saini, Mellow D, Dhruv Yogi, Akshay The One, Barbie Rajput",Zee Music Company,0.0
27387ba1-4412-563b-83b5-dae70311c0eb,Maa,2025,"Hindi, Film","Harsh Asha Upadhyay, Sunny Shashi Inder, Rocky Mehr Bano Khanna","Pranav Sunita Vatsa, Kumaar Veena Rani, Manoj Prema Muntashir Shukla",T-Series,3.0
7d7ef961-efc9-53bf-8229-262e7dee0502,Maalik,2025,"Hindi, Film",Sachin - Jigar,"Amitabh Bhattacharya, MC Square",Tips,0.0
406852c7-5af3-509c-9808-a2a36e17c213,Mahavatar Narsimha,2025,"Hindi, Film",Sam C.S.,"Vyasdeva, Jayadeva Goswami, The Shloka, D. Mohan Kumar, Saurabh Mittal, Twinkle Mittal",Think Music,0.0
fb279bf0-4eb6-50a0-a1a7-f6f4b0d1006a,Mana Mat Karna,2025,"Hindi, Non Film",Rev Shergill,Rev Shergill,Rev Shergill,3.0
31bc71f6-2fe6-5a31-8d01-5894372784a8,Mannu Kya Karegga,2025,"Hindi, Film","Lalit Pandit, Nishant Ramteke, Gurmeet Singh - II","Lalit Pandit, Javed Akhtar, Sharad Mehra, Traditional, Alok Ranjan Jha, Kumaar",Interactive Pro,3.0
045fe6cf-3a3c-554b-8a85-8aa7284fd3e3,Marziyaan,2025,"Hindi, Non Film",Bibhuti Gogoi,Rohit Vyas,Times Music,0.0
5c47a0ac-23cf-57c4-8a4d-1f0b47873506,Mastiii 4,2025,"Hindi, Film","Meet Bros, Sanjeev - Darshan","Danish Sabri, Mellow D, Meet Bros, Sanjeev Chaturvedi",Zee Music Company,0.0
a7bb3f05-4ba8-5d81-a896-336498fd32dc,Match Fixing - The Nation At Stake,2025,"Hindi, Film","Rimi Dhar, Aman Fankaar","Rimi Dhar, Saaveri Verma, Aman Fankaar",Zee Music Company,0.0
3d870013-74cd-5813-bc0f-5f37df38fa09,Maybe,2025,"Hindi, Non Film","Armaan Malik, Ikka",Ikka,Universal,0.0
da5d354a-6a0f-58a0-9312-dfc6bec0cde0,Me No Pause Me Play,2025,"Hindi, Film","Shivang Mathur, Amritanshu Dutta, Santosh Puri","Shayra Apoorva, Santosh Puri",Audiolab Music,0.0
bca5b808-098d-57c6-b05a-1a8e1df48b63,Mere Husband Ki Biwi,2025,"Hindi, Film","Tanishk Bagchi, Vishal Mishra, Sohail Sen, Akshay, I.P. Singh, Bappi Lahiri","Mudassar Aziz, I.P. Singh, Badshah, Anjaan",Jjust Music,0.0
f756c70e-157e-55c5-965a-1d7750bad21d,Metro...In Dino,2025,"Hindi, Film",Pritam,"Qaisar-Ul-Jafri, Sandeep Shrivastava, Anurag Sharma - I, Momin Khan Momin, Neelesh Misra, Mayur Puri, Amitabh Bhattacharya, Ghalib",T-Series,0.0
1dc3a772-8679-57db-8210-91986c0f7066,Mission Grey House,2025,"Hindi, Film",Hriju Roy,"Amitabh Ranjan, Ravi Yadav - I",Rafat Film Entertainment,0.0
44c1cdb6-d4a5-58f7-8217-42e56df3aaa1,Moh Sa Laaga,2025,"Hindi, Non Film",Ishan Mitra,Nilayan Chatterjee,Asha Audio,3.0
6c4f684c-c1a4-59cc-ad61-5565c5af9780,Mrs.,2025,"Hindi, Film","Sagar Desai, Faizan Hussain","Neeraj Pandey, Arun Kumar - II, Pallavi Bhardwaj Hussain",Zee Music Company,3.0
c15c68b6-8d02-5c75-9364-58f718b27880,Murderbaad,2025,"Hindi, Film",Rickie,"Kuku Prabhas, Rabindranath Tagore",Saregama,3.0
8ff6f5be-29d8-592e-a2fa-b80725112dd2,Naach Meri Naagin,2025,"Hindi, Non Film","Tanishk Bagchi, Neelkamal Singh","Dhiraj Babuaan, Paradox",T-Series,0.0
979e8c0d-757f-59d8-985a-65c58083deb7,Nadaaniyan,2025,"Hindi, Film",Sachin - Jigar,Amitabh Bhattacharya,Sony Music,3.0
f596fc24-fcd3-5402-a7e8-3db26a6d99fd,Nayi Baat,2025,"Hindi, Non Film","I.P. Singh, Rajarshi Sanyal","I.P. Singh, Rajarshi Sanyal",T-Series,0.0
8ec079d2-0a8e-5fd5-9acc-1fb45969a824,Nazar,2025,"Hindi, Non Film",Shekhar Ravjiani,Kunaal Verma,Ggaruda Music,3.0
0a6d71cd-36fd-5a1d-a18f-45ee4f43416e,Nikita Roy,2025,"Hindi, Film","Abhinav Shekhar, Rameez Sohail","Abhinav Shekhar, Kaushik Vikas",Saregama,0.0
b500c295-0ea7-572f-aa17-8ecf05224506,Nishaanchi,2025,"Hindi, Film","Anurag Saikia, Manan Bhardwaj, Aaishvary Thackeray, Dhruv Ghanekar, Nishikar Chhibber","Shashwat Dwivedi, Manan Bhardwaj, Traditional, Dr. Sagar, Aaishvary Thackeray, Pyarelal Yadav, Varun Grover, Renu Chhibber",Zee Music Company,0.0
3cb9e7f9-96da-5647-84a3-deb2cfe706cc,Nishaanchi 2,2025,"Hindi, Film","Anurag Saikia, Manan Bhardwaj, Deepak Thakur - I, Parimal Shais, Kalmi, Aaishvary Thackeray","Shashwat Dwivedi, Dr. Sagar, Manan Bhardwaj, Raaj Babu, Deepak Thakur - I",Zee Music Company,0.0
50d9f5cb-4b74-59d4-8897-64c4502dacd2,O Kanha Re,2025,"Hindi, Non Film",Shreyas Puranik,Saaveri Verma,Shreya Ghoshal Official,0.0
5bf37f62-6ea5-562c-800e-de2bfbdb4bc4,Oye Bhootni Ke,2025,"Hindi, Film",Asif Chandwani,Nitin Raikwar,Hoopoe Media,0.0
75e0dfcd-5d56-5eb2-87f9-f79dcf4196d0,Param Sundari,2025,"Hindi, Film",Sachin - Jigar,Amitabh Bhattacharya,Maddock Music,0.0
de42480b-d310-599b-8c08-9e6fea6c490f,Phirse Milo,2025,"Hindi, Non Film",Shaan,Farhan Memon,Shaan Music,3.0
4c4b4b7f-c6d2-5478-8840-86241c976110,Phule,2025,"Hindi, Film",Rohan - Rohan,"Kausar Munir, Sarosh Asif",Zee Music Company,0.0
329631fd-fc19-587c-8a79-a0bd92111ae0,Pintu Ki Pappi,2025,"Hindi, Film","Dr. Nitz, Sonny KC, Shafaat Ali, Sonal Pradhan, Ankit Abhinav, Prasad S.","Raman Raghuvanshi, Kumar Nigranth, Sonal Pradhan, Shiv Hare, Dr. Nitz",T-Series,0.0
1dec014f-4bdc-569b-b624-778794a712d2,Pune Highway,2025,"Hindi, Film","Shor Police, Ronit Chaterji",Sudeep Naik,Zee Music Company,0.0
5d19f349-ff16-55da-9aac-afa5c935846e,Raagraanis,2025,"Hindi, Non Film",Prajakta Shukre,"Himani Kapoor, Madhavan Bhardwaj",Sufiscore,3.0
4fe22b33-8bfb-57b9-ae21-3c0a7cb0e0fd,Radha Ke Charan,2025,"Hindi, Non Film",Vishal Mishra,Manoj Muntashir,T-Series,3.0
12bf1591-81bc-56c3-9545-23e8d6e6a6a0,Raid 2,2025,"Hindi, Film","White Noise Collective, Sachet - Parampara, Rochak Kohli, Nusrat Fateh Ali Khan, Yo Yo Honey Singh","Jaani, Kausar Munir, Manoj Muntashir Shukla, Purnam Allahabadi, Yo Yo Honey Singh",T-Series,0.0
2c754909-7137-58b0-9f6c-8d15109e240d,Romeo S3,2025,"Hindi, Film","Dilip Sen - Sameer Sen, Harshit Saxena",Sameer Anjaan,Zee Music Company,0.0
34f3f285-416e-5a50-85a6-96eed5167437,Saasu Maa,2025,"Hindi, Non Film","Jaani, Bunny",Jaani,Desi Melodies,3.0
f7e6f8c1-f51b-5635-8f32-30419e3f8dcf,Sabr,2025,"Hindi, Non Film","Anirudh Varma, Suyash Gabriel, Madhur Chaudhary, Shrikant Biswakarma, Rohan Prasanna, Saptak Sharma, Soumitra Thakur, Prateek Narsimha, Rajan Sajan Mishra, The Anirudh Varma Collective, Divyam Sodhi, Kavya Singh - I, Aastha Mandle, Parijat Kirti, Varun Rajasekharan, Rohit Prasanna, Acharya Vishwanath Rao Ringe, Saptak Chatterjee, Bhupendra Krishna Chatterjee, Harikesanallur Muthiah Bhagavatar, Traditional, Pavithra Chari","Traditional, Rajan Sajan Mishra, Likhari, Sant Kabir Das, Acharya Vishwanath Rao Ringe, Bhupendra Krishna Chatterjee, Harikesanallur Muthiah Bhagavatar, Aastha Mandle, Amar Syali",The Anirudh Varma Collective,0.0
1cb36d0c-f3bd-57e4-a4ca-33cae1500469,Sadma,2025,"Hindi, Non Film",Jagjit Singh,Qateel Shifai,Saregama,0.0
1d89bc24-ae98-50bb-9579-42e5eef03052,Sahilon Ki Hawa,2025,"Hindi, Non Film",Manan Bhardwaj,Manan Bhardwaj,T-Series,3.0
75f467b5-1753-58e6-a359-5284c965f55d,Sant Tukaram,2025,"Hindi, Film","Nikhil Kamath, Veeral - Lavan, Ravi Tripathi","Aditya Om, Shiv Sagar Singh, Sant Tukaram",Zee Music Company,3.0
ead2f4f1-8e14-587e-8980-a43b5a1463bb,Sarzameen,2025,"Hindi, Film","Vishal Mishra, Vishal Khurana K, Khayyam","Jaani, Kausar Munir",Saregama,0.0
8d40585d-0f1f-56ff-8eb9-2b26d479770c,Seen,2025,"Hindi, Non Film","Tanishk Bagchi, Ghulam Ali","Tanishk Bagchi, Hasrat Mohani",T-Series,0.0
c8857d65-92c4-57e5-89c6-322ab26a2fa7,Shaila,2025,"Hindi, Film",Ashh K,"Sunil Sharma - I, Sonu Raipuria, Divesh Bhan",Riyom Films,0.0
339cb40d-a7ae-5dee-94fd-7614abf8e9a5,Sikandar,2025,"Hindi, Film","Pritam, JAM8","Sameer Anjaan, Danish Sabri, Mellow D, Som",Zee Music Company,0.0
c743c09d-cc64-56e7-adec-eaa9e1be31f6,Single Salma,2025,"Hindi, Film","Sohail Sen, Jassi Sidhu","Mudassar Aziz, Jassi Sidhu, Nachiket Samant",Zee Music Company,0.0
c69fd26b-84c7-5aeb-a4f3-f8e0a40b9f88,Sitaare Zameen Par,2025,"Hindi, Film",Shankar - Ehsaan - Loy,Amitabh Bhattacharya,Zee Music Company,3.0
e3aff1a9-ce38-5581-bfa6-be53bb5e1246,Sky Force,2025,"Hindi, Film","Tanishk Bagchi, C. Ramchandra","Manoj Muntashir, Irshad Kamil, Shloke Lal, Pradeep",Saregama,0.0
903eac70-ab12-5f1f-8b50-e47660d25ea5,Son Of Sardaar 2,2025,"Hindi, Film","Jaani, Harsh Upadhyay, Himesh Reshammiya, Tanishk Bagchi, Lijo George - DJ Chetas, Sunny Vik, Tejwant Kittu","Jaani, Shabbir Ahmed, Khara, Sukriti Bhardwaj, Armaan Sharma, Pranav Vatsa, Kumaar, Albel Brar",T-Series,3.0
80e0c4e9-07c3-55d4-b2e1-9a87d9fa76de,Songs of Paradise,2025,"Hindi, Film","Qaisar Qalandar, Abhay Rustum Sopori, Pandit Bhajan Sopori, Waheed Jeelani, Sheikh-Ul-Alam, Virender Mohan","Mirza Ghulam Hassan Beg Aarif, Maqbool Shah Kralawari, Mahmud Gami, Rasul Mir, Ghulam Nabi Gowhar, Samad Mir, Prithvi Nath Kaul Sayil",Excel,0.0
945d613e-c5ff-57d9-9c43-7583869a255e,Strongest Boy Alive,2025,"Hindi, Non Film",Savera,"Savera, Burrah",Savera,3.0
c953d2ac-484f-52cd-b483-9ec575976dfc,Sunny Sanskari Ki Tulsi Kumari,2025,"Hindi, Film","Ravi Pawar, Tanishk Bagchi, A.P.S., Sachet - Parampara, Guru Randhawa, Rony Ajnali, Gill Machhrai","Ajay Jhingran, Sonu Nigam, Tanishk Bagchi, Jairaj - I, Kausar Munir, Guru Randhawa, Gill Machhrai, Rony Ajnali, Manoj Muntashir, Azeem Dayani",Sony Music,0.0
ad15cd4c-e9c6-5ef2-b30e-cc25615d3d58,Suno Na,2025,"Hindi, Non Film",Sanjay Chitale,Puneet Gururani,Ajivasan Sounds,3.0
0aa1dacf-5bc2-5efb-b6d2-5faddc0b11a7,Superboys Of Malegaon,2025,"Hindi, Film",Sachin - Jigar,Javed Akhtar,Sony Music,0.0
fa2d9d90-00ae-5d27-a2d0-34a9795c03e7,Sweet Dreams,2025,"Hindi, Film","Mukund Suryawanshi, JAM8, Shubham Shirule, Dev Arijit, Akashdeep Sengupta","Anjali Khandelwal, Shloke Lal, Akshay The One",Worldwide Records,0.0
5716c619-1b78-5e81-b611-8326962e250c,Tanvi The Great,2025,"Hindi, Film",M.M. Keeravani,"Kausar Munir, Shannon K., Dirty Grim",Zee Music Company,3.0
78e64dff-25d5-5b72-ba40-4ca964e92888,Tareefan,2025,"Hindi, Non Film",Rochak Kohli,Gurpreet Saini,T-Series,0.0
8783b868-1fbd-5978-875a-8735775918f0,Tehran,2025,"Hindi, Film","Tanishk Bagchi, Dhruv Ghanekar","Irshad Kamil, Ishitta Arun",Zee Music Company,3.0
471b0e61-f020-511b-b888-037a33dc9af3,Tere Ishk Mein,2025,"Hindi, Film",A.R. Rahman,"Irshad Kamil, Dhanush",T-Series,0.0
425cdbad-6d0f-57c1-a6b7-32038834ff2a,Teri Palkon Pe Aansoo,2025,"Hindi, Non Film",Amjad - Nadeem - Aamir,Amjad - Nadeem,Zee Music Company,3.0
8b176b93-3513-59e6-a54c-579a0faa23d7,Thamma,2025,"Hindi, Film",Sachin - Jigar,Amitabh Bhattacharya,Universal,0.0
d8906c9e-5835-596d-95f9-12bc6500ad69,The Bengal Files,2025,"Hindi, Film","Dwijendralal Roy, Parvathy Baul, Traditional, Rohit Sharma","Dwijendralal Roy, Traditional",Zee Music Company,3.0
e9fe7989-5cd8-55b2-afc2-10ed3dd1b641,The Bhootnii,2025,"Hindi, Film","Shabbir Ahmed, Mukund Suryawanshi, JAM8, ICONYK, UpsideDown, Shashi - V, Amar Mohile","Shabbir Ahmed, Vaishnavi Thakur, Akshay The One, Sidhaant Sachdev, Siddharth Gauba, Aditya Ojha, Raunaq Singh",Zee Music Company,0.0
4c918a77-23f2-51a6-b697-58ed08674e32,The Diplomat,2025,"Hindi, Film","Anurag Saikia, A.R. Rahman, Manan Bhardwaj","Kausar Munir, Manoj Muntashir",T-Series,3.0
a01fa6ce-c053-5481-9b70-cce0be0a6882,The Mehta Boys,2025,"Hindi, Film","Horse Garden Productions, Raghav Meattle, Jishnu Guha, Shillong Chamber Choir, Ibarisha Lyngdoh, Keviseno Terhuja, Riewbankit Lyndem, Gulraj Singh","Raghav Meattle, Bhargav Purohit, Manoj Yadav",Amazon,3.0
965c697d-bbbc-537a-93a9-ff44c7a69655,The Networker,2025,"Hindi, Film","Rahul Bhatt - I, Kalki","Shahid Anjum, Vikas Kumar Vishwakarma, Dheerendra Gautam",Zee Music Company,0.0
7955091f-0017-50b5-b803-6f115b99dec6,The Storyteller,2025,"Hindi, Film",Hriju Roy,"Manjusree Roy Choudhury, Tanmoy Biswas",Panorama Music,0.0
b3d126a9-167a-5600-9935-6a57f0e4ac56,The Taj Story,2025,"Hindi, Film","Rahul Dev Nath, Rohit Sharma","Vikram Choudhary, Amal Donwaar",Zee Music Company,0.0
f1366ec3-8be2-5d5f-abfe-42f3a3742b77,Titar Bitar,2025,"Hindi, Non Film",Ronak Phukan,Soham Majumdar,Times Music,0.0
641e0fa4-98df-5786-9a0b-b1d57a457120,Tu Aaye Na,2025,"Hindi, Non Film",Jeet Gannguli,Tanveer Ghazi,Jeet Gannguli,0.0
83b71ddc-03a5-503a-ba47-96deabe41f46,Tu Dikhayi De,2025,"Hindi, Non Film",Anmol Daniel,Noor - V,Warner Music,3.0
293a1f70-c161-5e81-8617-145fb8dd1c06,Tu Mera Muqaddar,2025,"Hindi, Non Film",Firoz Ali,Raj Kumar - V,T-Series,3.0
17b43758-2873-5375-9ddc-200bba141aa3,Tu Meri Poori Kahani,2025,"Hindi, Film",Anu Malik,Shweta Bothra,Saregama,0.0
cb142785-7afd-59c5-aee9-0ebab1f67165,Tum Saath Ho Toh,2025,"Hindi, Non Film",Kunaal Verma,Kunaal Verma,Meri Tune,0.0
472a4d6f-9c21-5ec6-bc20-bdf9e27d4c80,Tum Se,2025,"Hindi, Non Film",Akshay Vairagi,Mahendra Dhirajlal Kamdar,Jukox Music,3.0
7c93bce0-f1c5-572e-9f39-9848871129d9,Tumko Meri Kasam,2025,"Hindi, Film",Prateek Walia,"Shweta Bothra, Vikram Bhatt",Zee Music Company,0.0
c1533c1d-c641-5b25-bcd6-270b6cbbd304,Udaipur Files,2025,"Hindi, Film","Raaj Aashoo, Revan Aartti Singh, Jitendra Hansraj Javda","Amit Jani, Bharat S. Shrinate",Big Ivo,3.0
2bc3eab8-5f02-5dfe-8e87-50a91a4e1f25,Ufff Yeh Siyapaa,2025,"Hindi, Film",A.R. Rahman,"Kumaar, Amitabh Bhattacharya, Iykki Berry",Luv Films,3.0
ad878762-445b-5198-b8e9-277b82f73b85,Unse Jaake Kehdo,2025,"Hindi, Film",Justh,Justh,Justh,3.0
c3143f72-4223-5d3e-a01a-76cf9e773517,Uska Pata,2025,"Hindi, Non Film",Garvit - Priyansh,Gunjan Saini,T-Series,0.0
9703c324-c2e7-57a6-a943-67b24d87fe5d,War 2,2025,"Hindi, Film","Pritam, Sanchit Balhara, Ankit Balhara","Amitabh Bhattacharya, Roll Rida, Tsumyoki, Brianna Supriyo, RANJ, Shreya Phukan",YRF Music,3.0
7f45a1ad-3840-5441-8fe2-627eef007fe9,Way You Move,2025,"Hindi, Non Film","Natania Lalwani, Miranda Glory, Shalmali Kholgade, David Burris","Shloke Lal, Natania Lalwani, Miranda Glory",Shalmiaow Media,0.0
5d1199ee-d8c0-5b4b-8d57-3a667a933868,Well Done C.A. Sahab!,2025,"Hindi, Film",Mukt,"Mukt, Raaj Kothari, Traditional",Figures and Frames,3.0
aa412d72-dcd9-518d-8dda-79ad4f5c549e,Woh,2025,"Hindi, Non Film",Khatth,Khatth,Sony Music,3.0
010a28b7-52cb-5e9b-a6ad-023787bb3a2a,Woh Bhi Sarhane Lage,2025,"Hindi, Non Film",Khayyam,Kaifi Azmi,Living Media,0.0
c388dd26-7da9-5261-8cd0-c41bb3592c23,Yaad Aati Hai,2025,"Hindi, Non Film",Ayaan Makwana,Niranjan Bhudhadhara,Zee Music Company,0.0
9376624f-a001-5e1e-b507-9164ec9c0773,Yolo Jeelo,2025,"Hindi, Non Film",Prathap Sounder,"Neetu Saini, Dhanush Rashinkar",T-Series,3.0
8691c1e3-4362-5165-8b0a-8c5b045b4a17,Yun Hi Kahin,2025,"Hindi, Non Film",Rajan Batra,Rajan Batra,The Yellow Diary,0.0
a033bbd7-6cc1-54da-85df-fda80757ec7f,Zindagi Thodi Thodi,2025,"Hindi, Non Film",Rishi Pathak,Rishi Pathak,Zee Music Company,3.0
