album_uuid,album_title,album_year,album_category,album_music_director,album_lyricist,album_label,album_rating
1005f786-5ad4-5ac0-8a81-2b2adda0aa97,Aaj Watan Ne Humen Pukara,1965,"Hindi, Film",Mohinder Kaur,Bismil Ludhianvi,H.M.V.,0
3dfbc255-cca4-5198-99fc-16f5da26cfe2,Aakash Deep,1965,"Hindi, Film",Chitragupt,Majrooh Sultanpuri,H.M.V.,3.0
2722fa98-3ef0-501c-986b-eb14005d8311,Aasman Mahal,1965,"Hindi, Film",J.P. Kaushik,"Ali Sardar Jafri, Majaz, Mirza Ghalib",H.M.V.,0
203512b9-e5d6-539b-ac86-6fbe5e93d0e0,Adhi Raat Ke Baad,1965,"Hindi, Film",Chitragupt,"Prem Dhawan, Anand Bakshi",H.M.V.,3.0
62a69692-5c38-5b5b-8d12-5f7d15d29de7,Adventures of Robin Hood And Bandits (The Adventures Of Robinhood),1965,"Hindi, Film",G.S. Kohli,"Anjaan, Yogesh Gaud",H.M.V.,3.5
06419ce6-1fc8-5753-a958-a361827a1c3b,Amar Jyoti,1965,"Hindi, Film",Vasant Desai,Bharat Vyas,H.M.V.,0
9dc20e69-52ad-5cd3-a531-c6a59160fe00,Arman Machal Rahe Hain,1965,"Hindi, Non Film",Jamal Sen,Hakeem Taqi Meer,H.M.V.,0
636b6982-9fb0-5fa2-a3cd-a2311cdc524a,Arzoo,1965,"Hindi, Film",Shankar - Jaikishan,Hasrat Jaipuri,H.M.V.,3.75
a267cb32-dbaa-531d-be28-f19187d01b6e,Azad Champion,1965,"Hindi, Film",Jugal Kishore,Upendra Trivedi,H.M.V.,0
cd539a99-2940-55e2-9d4a-39bbd44ba203,Baghi Hasina,1965,"Hindi, Film",P.D. Sharma,"Anjum Jaipuri, Shamim Jaipuri",H.M.V.,0
cddcae27-6d43-522e-bbc3-f3348b22bf8f,Bahu Beti,1965,"Hindi, Film",Ravi,Sahir Ludhianvi,H.M.V.,0
3a0dcc89-360b-5055-a08a-4b4769f3d46e,Bedaag,1965,"Hindi, Film",Roshan,"Shakeel Badayuni, Anand Bakshi",H.M.V.,3.67
c2899bc7-3772-538f-bbd3-75546db03953,Bekhabar,1965,"Hindi, Film",S. Mohinder,Raja Mehdi Ali Khan,H.M.V.,0
a7b48c11-a551-592a-ad50-dfb7a9f45653,Bharat Milap,1965,"Hindi, Film",Vasant Desai,Bharat Vyas,H.M.V.,0
9298a398-3a6b-5ad2-a4cf-844b5258320b,Bheegi Raat,1965,"Hindi, Film",Roshan,Majrooh Sultanpuri,H.M.V.,3.33
1c3add0b-a2bf-5e66-8903-ba69e0e72ac2,Bhool Na Jaana,1965,"Hindi, Film",Daan Singh,"Hariram Acharya, Indivar, Gulzar",H.M.V.,4.0
d9dd889b-e46c-5bbf-972e-426b263eb651,Bhoot Bungla,1965,"Hindi, Film",R.D. Burman,Hasrat Jaipuri,H.M.V.,4.25
4e6abcef-be47-5e7c-b2ec-0c0f60d98ce8,Black Arrow,1965,"Hindi, Film",Iqbal,Aziz Ghazi,H.M.V.,0
b971038e-0f36-5e5d-9e30-9783e706dc7f,Bombay Race Course,1965,"Hindi, Film",Madan Mohan,Rajendra Krishan,H.M.V.,2.5
280ce522-9fc2-50ae-aa95-33b7533aba77,Boxer,1965,"Hindi, Film",Laxmikant - Pyarelal,"Asad Bhopali, Anand Bakshi",H.M.V.,0
b0fb4fba-ee48-5782-95f2-6a9e7cee2627,Chand Aur Suraj,1965,"Hindi, Film",Salil Chowdhury,Shailendra,H.M.V.,4.67
8a09a326-fcd1-59c1-8b63-f6b752226554,Char Chakram,1965,"Hindi, Film",Suresh - Talwar,Anjaan,H.M.V.,0
4f746f36-55c4-5960-9d6d-c8fca5f5bdf2,Chhoti Chhoti Baten,1965,"Hindi, Film",Anil Biswas,Shailendra,H.M.V.,4.0
45f593c9-4159-5818-89c7-d53be686dae9,Chhupa Rustam,1965,"Hindi, Film",Bulo C. Rani,,,0
174307d2-7881-5c70-9f38-c54d99791b87,Chor Darwaza,1965,"Hindi, Film",Frank,Kafil Azar,H.M.V.,0
e7dc93fe-8372-5a82-bda4-f8eaccb03334,Daanveer Karna,1965,"Hindi, Film",K. Balakrishna,Prem Dhawan,H.M.V.,0
66426975-599d-5aab-b054-c3df4d09b65e,Do Dil,1965,"Hindi, Film",Hemant Kumar,Kaifi Azmi,H.M.V.,0
6e40e451-3278-52b7-a9d7-370e13e90fc5,Ek Saal Pahle,1965,"Hindi, Film",C. Arjun,"Jan Nisar Akhtar, Indeevar",H.M.V.,3.0
1e5b7ef3-56e8-5091-8286-c06408c1a05b,Ek Sapera Ek Lutera,1965,"Hindi, Film",Usha Khanna,Asad Bhopali,H.M.V.,3.0
812ad63c-eb46-54d5-8b99-aefafae0dea6,Faisla,1965,"Hindi, Film",Usha Khanna,"Asad Bhopali, Prem Warbartani",H.M.V.,0
cf89913f-f66b-55cd-9a43-6e2d2c609fb0,Faraar,1965,"Hindi, Film",Hemant Kumar,Kaifi Azmi,H.M.V.,3.75
b5a4d0a2-6991-50ef-b31c-f20ae78d911e,Fauladi Mukka,1965,"Hindi, Film",Iqbal,"Akhtar Romani, Saba Fazli, Tabish Kanpuri",H.M.V.,0
44ea46ab-eeb2-5ea8-8650-e78bd25f3026,Flying Circus,1965,"Hindi, Film",Robin Banerjee,Yogesh Gaud,H.M.V.,0
0f9642f5-187d-52a1-acd6-c0ab2b0a9621,Gopal Krishna,1965,"Hindi, Film",Datta Naik,Bharat Vyas,H.M.V.,0
925f99ae-d32a-567b-ab7d-6269a566450d,Guide,1965,"Hindi, Film","S.D. Burman, Traditional","Shailendra, Traditional",H.M.V.,4.54
3e65c3d0-3320-5052-a29b-3f76f97fc14d,Gumnaam,1965,"Hindi, Film",Shankar - Jaikishan,"Shailendra, Hasrat Jaipuri",H.M.V.,4.25
82eaa63c-3697-5a42-a341-1773b9589bfb,Ham Diwane,1965,"Hindi, Film",Anna Saheb,Anand Bakshi,H.M.V.,0
e2ef4512-8e61-5bc1-a583-05a752d49d11,Himalay Ki God Mein,1965,"Hindi, Film",Kalyanji - Anandji,"Anand Bakshi, Indeevar, Qamar Jalalabadi",H.M.V.,3.5
67f4e72e-ea1c-5acf-bcaf-eca038776557,Hum Sab Ustad Hain,1965,"Hindi, Film",Laxmikant - Pyarelal,Asad Bhopali,H.M.V.,3.67
cf1baa24-9b50-5951-85a6-001f73db46ce,Jab Jab Phool Khile,1965,"Hindi, Film",Kalyanji - Anandji,Anand Bakshi,H.M.V.,4.0
78b5255e-6d4a-50b9-bb83-ca1a0a4593ae,Jahan Sati Wahan Bhagwan,1965,"Hindi, Film",Lala - Assar - Sattar,"B.D. Mishra, Madhukar Rajasthani",H.M.V.,0
a761701a-c196-5e54-ab79-878fe323c7aa,Janam Janam Ke Sathi,1965,"Hindi, Film",Gyan Dutt,D.N. Madhok,H.M.V.,0
a7478a53-39f9-5b14-83ea-af35a01b1b5c,Janwar,1965,"Hindi, Film",Shankar - Jaikishan,"Shailendra, Hasrat Jaipuri, Faiz Ahmed Faiz",H.M.V.,4.0
bb19d749-e0ac-5852-a6f7-8d8a4ab0ec69,Johar Mehmood In Goa,1965,"Hindi, Film",Kalyanji - Anandji,"Farooq Qaiser, Qamar Jalalabadi, Akhtar Romani",H.M.V.,3.0
1b7995cf-2f21-5d65-be59-dd636b352d72,Kaajal,1965,"Hindi, Film",Ravi,Sahir Ludhianvi,H.M.V.,4.0
6f402985-eed1-508b-b595-db6f014dd4bd,Kash Khwabon Mein Hi Aa Jao,1965,"Hindi, Non Film",,,H.M.V.,0
0497a827-c8a2-5454-8673-767190300721,Khakaan,1965,"Hindi, Film",Datta Naik,Anand Bakshi,H.M.V.,0
d04ffda1-946b-5117-8c76-7cd1b63f189d,Khandan,1965,"Hindi, Film",Ravi,Rajendra Krishan,H.M.V.,3.67
c909f355-649e-5d07-9c0b-ad8e295e744d,Khooni Khazana (Dara The Bad Man),1965,"Hindi, Film",S. Kishan,"Khawar Zaman, A. Shamsheer",H.M.V.,0
01d3030d-7a05-5a5e-bf37-1ae1dd5f14b7,Lootera,1965,"Hindi, Film",Laxmikant - Pyarelal,"Anand Bakshi, Asad Bhopali",H.M.V.,3.67
0cae490b-5c49-5c5b-9bf9-ac1793fdb75b,Mahabharat,1965,"Hindi, Film",Chitragupt,Bharat Vyas,H.M.V.,0
e67bf825-4dc1-59bd-844a-b53a4c403b62,Maharaja Vikram,1965,"Hindi, Film",S.N. Tripathi,B.D. Mishra,H.M.V.,0
8cfba78f-13a9-5dab-afc1-38c9479c5b3f,Mahasati Ansuya,1965,"Hindi, Film",S.N. Tripathi,Bharat Vyas,H.M.V.,0
87844ec3-15c1-5d1f-be7b-92fd63a6d51c,Main Hoon Alladin,1965,"Hindi, Film","Usha Khanna, Nashad","Farooq Qaiser, Javed Anwar",H.M.V.,0
be9a374f-592c-52f0-8cea-7fe3cfebf3f2,Main Hoon Jadugar,1965,"Hindi, Film","Nashad, Premnath","Soz Haidari, Khawar Zaman, Sham Hindi, M.K. Javed, S.R. Saaz",H.M.V.,0
3efc2a3d-806d-5181-a50b-30636eb7938d,Mere Sanam,1965,"Hindi, Film",O.P. Nayyar,Majrooh Sultanpuri,H.M.V.,4.75
c5c17e5c-f870-5e63-b79f-93f3b3cf399b,Mohabbat Isko Kahete Hain,1965,"Hindi, Film",Khayyam,Majrooh Sultanpuri,H.M.V.,3.33
cfc4bd6d-b8dc-5e4d-95c6-ae27b5b121c1,Mujrim Kaun Khooni Kaun,1965,"Hindi, Film",Babul,"Naqsh Lyallpuri, Anjum Jaipuri, Akhtar Romani",H.M.V.,0
ec93208c-81b5-5d18-8277-1f888252b843,Nai Umar Ki Nai Fasal,1965,"Hindi, Film",Roshan,"Neeraj, Manmohan Tiwari",H.M.V.,3.67
c79de408-7127-5885-a366-248ec1cb730a,Namaste Ji,1965,"Hindi, Film",G.S. Kohli,"Anjaan, Anand Bakshi",H.M.V.,3.5
eaddc995-8325-58ce-abff-6a2e69eef645,Naya Kanoon,1965,"Hindi, Film",Madan Mohan,"Hasrat Jaipuri, Saraswati Kumar Deepak",H.M.V.,0
23da6f34-3af4-5935-b55f-556e7145d8f7,Neela Akash,1965,"Hindi, Film",Madan Mohan,Raja Mehdi Ali Khan,H.M.V.,0
3517ed19-7c5e-5cd1-a789-bed557602909,Nishan,1965,"Hindi, Film",Usha Khanna,Javed Anwar,H.M.V.,3.0
96ae4954-575d-5a11-915f-2244945af8ec,Noor Mahal,1965,"Hindi, Film",Jaani Babu Qawwal,"Saba Afghani, Aziz Ghazi, Noor Devasi",H.M.V.,4.33
0e53e7f4-f8e5-5903-923d-66ccba74e64c,Oonche Log,1965,"Hindi, Film",Chitragupt,Majrooh Sultanpuri,H.M.V.,4.4
618d7954-1b33-5326-8a8c-0698620fdf11,Panch Ratan,1965,"Hindi, Film",Sardar Malik,"Upendra, Anjaan",H.M.V.,0
878fe94a-7638-51aa-b753-89f34e6d2f19,Poochh Na Mujh Se Dil Ke Fasaane,1965,"Hindi, Non Film",Khayyam,Jan Nisar Akhtar,Saregama,0
9d5fc655-294f-5312-9f32-21744f2f01fd,Poonam Ki Raat,1965,"Hindi, Film",Salil Chowdhury,Shailendra,H.M.V.,3.0
639fa210-9c08-51a4-97c3-51be6d63c145,Purnima,1965,"Hindi, Film",Kalyanji - Anandji,"Bharat Vyas, Gulzar, Gulshan Bawra, Prakash Mehra",H.M.V.,4.0
d7cf17dc-73dd-5fad-b4b5-f17020a094c6,Raaka,1965,"Hindi, Film",Dattaram Wadkar,Asad Bhopali,H.M.V.,0
fdf70a37-1e78-5379-a124-3af575089055,Ramdoot Hanuman,1965,"Hindi, Film",D.M. Tagore,Bharat Vyas,H.M.V.,0
fa9adf99-efcd-511d-b107-80bf9d1eaef7,Rishte Naate,1965,"Hindi, Film",Madan Mohan,Hasrat Jaipuri,H.M.V.,3.0
9624553b-6bbb-537d-9bcd-a7a761a174f6,Rustom-E-Hind,1965,"Hindi, Film",Hansraj Behl,Qamar Jalalabadi,H.M.V.,0
7863dbc5-8ddb-5fad-a566-7f8fca272e27,Saat Samandar Paar,1965,"Hindi, Film",Chitragupt,Farooq Qaiser,H.M.V.,0
713742d3-4c80-5348-9b96-6d537b10a9cc,Saheli,1965,"Hindi, Film",Kalyanji - Anandji,"Indeevar, Shamim Jaipuri, K.L. Pardesi",H.M.V.,4.0
e105faee-eb3d-59d7-84de-89a3d77a50d2,Sangram,1965,"Hindi, Film",Lala - Assar - Sattar,"Aish Kanwal, Madhukar Rajasthani",H.M.V.,0
e9a10e5e-f2bc-5e16-9c92-795186aacf5c,Sant Tukaram,1965,"Hindi, Film",Vedpal,"Madhukar Rajasthani, Bharat Vyas",H.M.V.,0
4d1a7ddb-7feb-5afb-94e1-434f23976a2e,Saqi Ki Har Nigah Pe,1965,"Hindi, Non Film",Taj Ahmad Khan,Jigar Moradabadi,Saregama,0
e0e5a33d-cb0e-5dbe-b653-d7d114aebbe1,Sati Naari,1965,"Hindi, Film",Shivram,Neeraj,H.M.V.,3.0
2595c4e9-67ef-5fb6-a98f-e0c2b5cf9275,Shaheed,1965,"Hindi, Film",Prem Dhawan,"Prem Dhawan, Bismil Azimabadi",H.M.V.,3.5
5303f8a4-8301-55d0-adec-978c3d8696b2,Shahi Lutera,1965,"Hindi, Film",Bulo C. Rani,Gulshan Bawra,H.M.V.,0
5b659242-2120-5d19-b60c-b05932f37048,Shankar Sita Ansuya,1965,"Hindi, Film",Shivram,Kavi Pradeep,H.M.V.,0
cd331106-d300-5a80-bebc-d99a9d6178a9,Shauq Har Rang,1965,"Hindi, Non Film",Khayyam,Mirza Ghalib,Saregama,0
35dfce39-271e-5a9c-95cb-ccd73df54f54,Sher Dil,1965,"Hindi, Film",C. Ramchandra,Hasrat Jaipuri,H.M.V.,0
8d69aa88-181e-5ad0-931c-92dee706b98a,Shree Ram Bharat Milan,1965,"Hindi, Film",Shivram,Kavi Pradeep,H.M.V.,0
551228eb-578f-5ff8-9c09-b403dec9f67a,Shreeman Funtoosh,1965,"Hindi, Film",Laxmikant - Pyarelal,"Anand Bakshi, Asad Bhopali",H.M.V.,4.0
af3ea941-d4a0-5ffd-a1f3-8528d5d9412c,Sikandar-E-Azam,1965,"Hindi, Film",Hansraj Behl,Rajendra Krishan,H.M.V.,3.0
73c30ed4-1206-5677-bf24-15711eb265d4,Sindbad Alibaba Aladin,1965,"Hindi, Film",Ravi,S.H. Bihari,H.M.V.,0
37111db6-8a82-5ada-8d82-7ac166d566fe,Son Of Hatimtai,1965,"Hindi, Film",Bulo C. Rani,"Shadab, Prem Warbartani, M. Hassan, Jeet Jaipuri",H.M.V.,0
4c5f1dd8-6d14-56de-baf4-09acea2042f2,Talkhi-E-Mai Mein Zara,1965,"Hindi, Non Film",Taj Ahmad Khan,Mirza Ghalib,Saregama,0
955ec9ec-a593-50d2-a501-c84e48844872,Tarzan & Circus (Tarzan Aur Circus),1965,"Hindi, Film",Husnlal - Bhagatram,Madhukar Rajasthani,H.M.V.,0
2846b84e-53e1-57d9-938a-d7953227528e,Tarzan And King Kong,1965,"Hindi, Film",Robin Banerjee,"A. Shamsheer, Anjaan",H.M.V.,0
f914096b-649b-561c-b031-e88d35d0497c,Tarzan Comes To Delhi (Tarzan Dehli Mein),1965,"Hindi, Film",Dattaram,Anand Bakshi,H.M.V.,0
2c1a27cf-6604-533f-ac7c-6bac9a278fde,Teen Devian,1965,"Hindi, Film",S.D. Burman,Majrooh Sultanpuri,H.M.V.,0
cf415aaf-4205-595e-ab2c-b7f36fc3fa02,Teen Sardar,1965,"Hindi, Film",Hansraj Behl,Prem Warbartani,H.M.V.,0
a75047c2-5411-5379-b70f-e8c6741d3e81,Teesra Kaun,1965,"Hindi, Film",R.D. Burman,Anand Bakshi,H.M.V.,3.5
de778cf6-62f7-56b6-8044-062fb55175f6,Tu Hi Meri Zindagi,1965,"Hindi, Film",Rono Deb Mukherjee,"Neeraj, Raja Mehdi Ali Khan",H.M.V.,0
14076d33-9cf9-5b7e-b367-542f6cf56ce3,Waqt,1965,"Hindi, Film",Ravi,Sahir Ludhianvi,H.M.V.,3.33
51dc250e-06bf-5ee6-9657-0b8cb90369a9,Zikar Us Pariwash Ka,1965,"Hindi, Non Film",Khayyam,Mirza Ghalib,Saregama,0
1c2cdf92-e9d1-5862-81db-b4fe31213ee5,Zindagi Aur Maut,1965,"Hindi, Film",C. Ramchandra,Shakeel Badayuni,H.M.V.,3.0
5985e861-b547-5d46-b963-ba3c66588b86,Aakhri Khat,1966,"Hindi, Film",Khayyam,Kaifi Azmi,H.M.V.,3.0
e9417206-3587-58f0-9875-e2cbb023c744,Aasra,1966,"Hindi, Film",Laxmikant - Pyarelal,Anand Bakshi,H.M.V.,3.0
660ba8c6-5541-54bc-ad44-c68dfd64655d,Aaye Din Bahaar Ke,1966,"Hindi, Film",Laxmikant - Pyarelal,Anand Bakshi,H.M.V.,3.0
3dccc468-0f71-5e27-b1cd-7b6ea1ac7cb2,Afsana,1966,"Hindi, Film",Chitragupt,Majrooh Sultanpuri,H.M.V.,3.33
0d6954c2-1aaf-528f-b9f4-e461d2ec1566,Ajnabi,1966,"Hindi, Film","Dwarkesh, K. Datta","Hasrat Jaipuri, Dwarkesh",H.M.V.,0
6136c0b9-02c9-5998-852b-7365749bf8d9,Akalmand,1966,"Hindi, Film",O.P. Nayyar,"Aziz Kashmiri, P.L. Santoshi",H.M.V.,0
d6bc4be9-bf94-56f3-9bec-29cc7b51d768,Alibaba And 40 Thieves (Alibaba Aur Chalis Chor),1966,"Hindi, Film",Usha Khanna,"Prem Dhawan, Javed Anwar, Asad Bhopali",H.M.V.,0
377545ab-5e94-54a7-a1f0-a227f8035933,Amrapali,1966,"Hindi, Film",Shankar - Jaikishan,"Shailendra, Traditional, Hasrat Jaipuri",H.M.V.,4.33
91da9271-d3e9-51d9-9059-831f4f863d80,Anupama,1966,"Hindi, Film",Hemant Kumar,Kaifi Azmi,H.M.V.,4.2
a4154443-2d52-5dae-a905-f7f8df40bed6,Badal,1966,"Hindi, Film",Usha Khanna,"Asad Bhopali, Javed Anwar, Indeevar",H.M.V.,3.0
761ded84-5e70-5ada-81ea-ba4a1672e84f,Baharen Phir Bhi Aayengi,1966,"Hindi, Film",O.P. Nayyar,"Anjaan, Kaifi Azmi, Shewan Rizvi, Aziz Kashmiri, S.H. Bihari",H.M.V.,4.0
2fcdaab9-7c23-57b0-a842-7cec20f4b969,Biradari,1966,"Hindi, Film",Chitragupt,Prem Dhawan,H.M.V.,0
618ec461-92b1-5ed6-9577-fd64f1f7b8f8,Biwi Aur Makan,1966,"Hindi, Film",Hemant Kumar,Gulzar,H.M.V.,2.5
e2634b30-de4a-559c-965d-841191c5a3f3,Budtameez,1966,"Hindi, Film",Shankar - Jaikishan,"Hasrat Jaipuri, Shailendra",H.M.V.,3.5
30698fca-6cb1-54ec-9dab-983ae3bf4f7f,Chale Hain Sasural,1966,"Hindi, Film",C. Arjun,Qamar Jalalabadi,H.M.V.,0
cba9c829-7195-5653-ae4d-cb81076ad148,Chhota Bhai,1966,"Hindi, Film",Laxmikant - Pyarelal,Anand Bakshi,H.M.V.,3.0
27a8d1e9-5dc6-574b-927d-8be1b88a7074,Daadi Maa,1966,"Hindi, Film",Roshan,Majrooh Sultanpuri,H.M.V.,4.33
cf34937f-76e0-58b8-84df-bf76f0f4159a,Dada,1966,"Hindi, Film",Usha Khanna,Asad Bhopali,H.M.V.,0
ab216d0e-780a-57ef-ac5a-53baea81f36b,Dak Ghar,1966,"Hindi, Film",Madan Mohan,Kaifi Azmi,,0
99875be1-e26c-51c2-b1d9-48585b722e76,Daku Mangal Singh,1966,"Hindi, Film",Laxmikant - Pyarelal,Anand Bakshi,H.M.V.,0
553ed7cc-13ee-5508-b60d-3e5259797ea4,Devar,1966,"Hindi, Film",Roshan,Anand Bakshi,H.M.V.,4.33
0f274751-1be9-5a9b-9a24-a45b18f5603c,Dil Diya Dard Liya,1966,"Hindi, Film",Naushad,Shakeel Badayuni,H.M.V.,3.5
9df055d6-c728-51b3-9bb6-b32fa8cc94e6,Dil Ne Phir Yaad Kiya,1966,"Hindi, Film",Sonik - Omi,G.L. Rawal,H.M.V.,4.0
7a0a5cf3-0870-561f-8fcb-ad49cc4d5d6f,Dilawar,1966,"Hindi, Film",Datta Naik,Aziz Kashmiri,H.M.V.,0
fe8395d2-c348-5ca9-98a3-c738831d40f5,Dillagi,1966,"Hindi, Film",Laxmikant - Pyarelal,Majrooh Sultanpuri,H.M.V.,0
0c5af4a8-2ae7-582b-bfd1-488696ae4f82,Do Badan,1966,"Hindi, Film",Ravi,Shakeel Badayuni,H.M.V.,4.0
fdb22134-a979-5798-9bf3-3748a3c447f2,Do Dilon Ki Dastan,1966,"Hindi, Film",O.P. Nayyar,"Raja Mehdi Ali Khan, S.H. Bihari, Shewan Rizvi",H.M.V.,3.0
d79036c7-d242-531f-980f-ef3f4433b79b,Do Matwale,1966,"Hindi, Film",G.S. Kohli,Farooq Qaiser,H.M.V.,0
c213a387-8729-58dc-b377-2fa2bfb020cd,Dulhan Ek Raat Ki,1966,"Hindi, Film",Madan Mohan,"Raja Mehdi Ali Khan, Allama Iqbal, Neeraj",H.M.V.,4.0
868f39f1-6b80-5ba8-afaa-51d96506fe38,Duniya Hai Dilwalon Ki,1966,"Hindi, Film",Jimmy,"Munir Lakhnavi, Rahil Gorakhpuri, Anjum Jaipuri, Noor Devasi",H.M.V.,0
deffd777-d838-5206-acd2-354a01e76ffc,Dus Lakh,1966,"Hindi, Film",Ravi,"Prem Dhawan, Ravi",H.M.V.,3.0
bd80fcd4-322d-5ec2-80ae-6ec149770640,Gaban,1966,"Hindi, Film",Shankar - Jaikishan,"Shailendra, Hasrat Jaipuri",H.M.V.,3.33
5e221fe6-a82d-5d4e-b91c-b34839f91dca,Gogola,1966,"Hindi, Film",Roy - Frank,Balkavi Bairagi,H.M.V.,0
a0f7959c-c762-5de3-bf05-5750365e920e,Hum Kahan Ja Rahe Hain,1966,"Hindi, Film","Basant Prakash, Dalpat Bharati","Bharatiya, Qamar Jalalabadi",H.M.V.,0
97d9a782-44d0-5439-8b4e-69218db7484b,Husn Aur Ishq,1966,"Hindi, Film",Ganesh,"Noor Devasi, Asad Bhopali",H.M.V.,3.0
af13067c-735b-5199-a2fc-fde1a800c47e,Husn Ka Ghulam,1966,"Hindi, Film",Robin Banerjee,"Anjaan, Yogesh Gaud",H.M.V.,0
45f1f721-5450-5f49-8a9c-e2704ef495e4,Insaaf,1966,"Hindi, Film",Usha Khanna,"Akhtar Romani, Asad Bhopali",H.M.V.,2.5
23f8e9a4-aa01-56bc-b314-6d7d88f4b928,Jadoo,1966,"Hindi, Film",Bulo C. Rani,"Prem Warbartani, Tabish Kanpuri, Shadab, Naresh Pal",H.M.V.,0
25b0aec0-5ae1-54ad-a4b7-ba0f97b3fd2c,Jawan Mard,1966,"Hindi, Film",Datta Naik,Anand Bakshi,H.M.V.,0
e15d4379-5aba-561a-beee-d2d4ad028fac,Johar In Kashmir,1966,"Hindi, Film",Kalyanji - Anandji,Indeevar,H.M.V.,3.0
cd7abf82-f4a7-50a3-bba9-936438d61ef7,Khoon Ka Khoon,1966,"Hindi, Film",Usha Khanna,S.H. Bihari,H.M.V.,0
238f1b03-2d3a-59ec-9244-81d2a5d9ab74,Kunwari,1966,"Hindi, Film",S.N. Tripathi,"Shailendra, B.D. Mishra",H.M.V.,0
56e90c8e-e322-5be7-9778-5ca67856f7f7,La Bela,1966,"Hindi, Film",C. Ramchandra,Anand Bakshi,H.M.V.,0
3122a95d-ce1b-5c2f-9402-62af33d190a4,Laadla,1966,"Hindi, Film",Laxmikant - Pyarelal,Rajendra Krishan,H.M.V.,3.5
fbfe0ce2-67ea-5b8f-8cf6-35bb0fdaa5a8,Ladka Ladki,1966,"Hindi, Film",Madan Mohan,Rajendra Krishan,H.M.V.,0
d1f27357-ecd3-5a5c-adde-2a719e27a3aa,Ladki Sahyadri Ki,1966,"Hindi, Film",Vasant Desai,Bharat Vyas,H.M.V.,0
ab97c933-54be-5c78-a900-1e102396dd4b,Lal Bangla,1966,"Hindi, Film",Usha Khanna,"Gulshan Bawra, Indeevar, Vinod Sharma",H.M.V.,3.0
fdffde2e-3d93-5ecf-b28f-25fef3a0b927,Love And Murder,1966,"Hindi, Film",O.P. Nayyar,"Shewan Rizvi, S.H. Bihari, Aziz Kashmiri",H.M.V.,3.0
5e37b518-af8b-571b-b4f4-26c56cc51f0d,Love In Tokyo,1966,"Hindi, Film",Shankar - Jaikishan,"Hasrat Jaipuri, Shailendra",H.M.V.,3.67
e078d2ef-4393-5b61-9afa-ce4994365757,Main Wohi Hoon,1966,"Hindi, Film",Usha Khanna,Asad Bhopali,H.M.V.,3.5
8b538388-9cb9-595a-bfe5-a6d89971c998,Mamta,1966,"Hindi, Film",Roshan,Majrooh Sultanpuri,H.M.V.,3.33
78edbbce-ec40-52ec-b730-ae31e7825771,Mera Saaya,1966,"Hindi, Film",Madan Mohan,Raja Mehdi Ali Khan,H.M.V.,3.67
83d985be-7d5a-5075-a3f0-2fe0e35e47c7,Mere Lal,1966,"Hindi, Film",Laxmikant - Pyarelal,Majrooh Sultanpuri,H.M.V.,3.0
de34b178-8004-51a5-94b4-497f2b0c934b,Mohabbat Zindagi Hai,1966,"Hindi, Film",O.P. Nayyar,S.H. Bihari,H.M.V.,3.0
34fa0298-f068-5144-9834-a33d0eb71642,Mujrim Kaun,1966,"Hindi, Film",Samik Mani,"Sahir Parvez, Shakir Kotwi, Pal Jaykumar",H.M.V.,0
579a9a3d-eacc-5902-be46-51a262e54147,Naag Mandir,1966,"Hindi, Film",Laxmikant - Pyarelal,"Asad Bhopali, Shiv Kumar Saroj, Bharat Vyas",H.M.V.,3.0
d2e9720d-e144-54a4-9cdd-6809a3dd86c0,Nagin Aur Sapera,1966,"Hindi, Film",Harbans,Satyapal Sharma,H.M.V.,0
bee2e821-294b-5545-bf5f-446f923ac909,Naujavan,1966,"Hindi, Film",G.S. Kohli,"Naqsh Lyallpuri, Anjaan",H.M.V.,0
e3f9a7fe-ac97-5b60-93d2-8753cd0e0c7b,Neend Hamari Khwab Tumhare,1966,"Hindi, Film",Madan Mohan,Rajendra Krishan,H.M.V.,3.0
93dffb27-5502-504f-9cdc-59a6e355f2ef,Netaji Subhaschandra Bose,1966,"Hindi, Film",Salil Chowdhury,Kavi Pradeep,H.M.V.,0
13cdb137-97dd-5aad-ae04-73591668d0aa,Pahle Paisa Phir Bhagwan,1966,"Hindi, Film",Usha Khanna,"Asad Bhopali, Anjum Jaipuri",H.M.V.,0
e7e59666-ebdc-568e-a0de-9e5d63d35ae6,Pati Patni,1966,"Hindi, Film",R.D. Burman,Anand Bakshi,H.M.V.,4.5
22c0e882-8eb4-58bf-8dcc-c098e49bd9a3,Phool Aur Patthar,1966,"Hindi, Film",Ravi,Shakeel Badayuni,H.M.V.,4.0
cb364897-99b3-5f51-acf2-c476ddea9e87,Picnic,1966,"Hindi, Film",S. Mohinder,Majrooh Sultanpuri,H.M.V.,0
8f2e8cbe-7cfe-578d-879e-6f5a4c93aa31,Pinjre Ke Panchhi,1966,"Hindi, Film",Salil Chowdhury,"Gulzar, Shailendra",H.M.V.,3.5
7e19d455-31de-5287-80ab-d471277cd99d,Preet Na Jane Reet,1966,"Hindi, Film",Kalyanji - Anandji,"Indeevar, Qamar Jalalabadi, Anand Bakshi, Gulshan Bawra",H.M.V.,3.33
0d8b8a4d-ca71-58a9-9c7e-b2a3d50e02a4,Professor & Jadugar (Professor Aur Jadugar),1966,"Hindi, Film",Sardar Singh,"Anjaan, K. Malik",H.M.V.,0
67b6e4ae-ca41-5e8d-a2b4-7c1795a7a193,Pyar Bana Afsana,1966,"Hindi, Film",Iqbal Qureshi,Aziz Qaisi,H.M.V.,0
b0f6b9b3-8f34-5332-ac16-5b14b4cd1311,Pyar Kiye Jaa,1966,"Hindi, Film",Laxmikant - Pyarelal,Rajendra Krishan,H.M.V.,3.0
ca3d915a-f382-56a7-8835-203c02f94f05,Pyar Mohabbat,1966,"Hindi, Film",Shankar - Jaikishan,"Shailendra, Hasrat Jaipuri",H.M.V.,3.0
f395c5cd-e2d4-5aaf-b4ec-8f4bc156d2d6,Rustam Kaun?,1966,"Hindi, Film",Robin Banerjee,"Yogesh Gaud, Anjaan",H.M.V.,0
f958e504-6f3f-510e-8959-7793c5394172,Saaz Aur Awaz,1966,"Hindi, Film",Naushad,Khumar Barabankvi,H.M.V.,3.5
64b0458e-6612-5364-9341-60cab631cd5d,Sagaai,1966,"Hindi, Film",Ravi,Rajendra Krishan,H.M.V.,2.5
505f27de-1ff6-507b-9a70-f04aa05fc339,Sannata,1966,"Hindi, Film",Hemant Kumar,Gulzar,H.M.V.,3.67
c0838e13-413a-5466-af44-194c71df256a,Sarhadi Lutera,1966,"Hindi, Film",Iqbal Qureshi,M.A. Taj,H.M.V.,0
fd77884b-4061-53ab-824a-b61c07a25512,Sawan Ki Ghata,1966,"Hindi, Film",O.P. Nayyar,S.H. Bihari,H.M.V.,0
af92f4e5-bfa3-5d81-9aa0-cbe0a0fc2b23,Shankar Khan,1966,"Hindi, Film",S.N. Tripathi,"B.D. Mishra, Bashar Nawaz",H.M.V.,0
12edb05e-06d4-5bc2-a46a-12995d009fb2,Sher Afgan,1966,"Hindi, Film",Husnlal - Bhagatram,Hasrat Jaipuri,H.M.V.,0
5ed3220a-e444-509c-98b0-59aa1b4fd500,Shera Daku,1966,"Hindi, Film",Ganesh,"Asad Bhopali, Noor Devasi",H.M.V.,3.0
b7c2487f-72fd-53d2-9311-be80e3b01641,Smuggler,1966,"Hindi, Film",Ganesh,"Zafar Muradabadi, Indeevar, Asad Bhopali",H.M.V.,0
1d958c78-1c8c-5467-826c-8e4d502f4a14,So Saal Baad,1966,"Hindi, Film",Laxmikant - Pyarelal,Anand Bakshi,H.M.V.,3.5
09fbc1bf-005a-5378-aaee-4bb97a33b098,Spy In Goa,1966,"Hindi, Film",Robin Banerjee,Yogesh Gaud,H.M.V.,0
13c27017-ec9a-57ab-9f24-2343c97f9e5a,Street Singer,1966,"Hindi, Film",Suraj - I,Hasrat Jaipuri,H.M.V.,0
261cc82c-9077-56fd-a3e3-a8101ed04668,Sunehra Jaal,1966,"Hindi, Film",Hansraj Behl,Qamar Jalalabadi,H.M.V.,0
ec9c510f-5bb1-553a-9b66-c3fa6c26cb2f,Sunehre Kadam,1966,"Hindi, Film","Bulo C. Rani, S. Mohinder","Mahendra Pran, Nyay Sharma, Gopal Singh Nepali, Anand Bakshi",H.M.V.,0
827a69bd-5302-5f42-b06a-e4ed884fedf1,Suraj,1966,"Hindi, Film",Shankar - Jaikishan,"Hasrat Jaipuri, Shailendra",H.M.V.,4.0
86d72b07-db5b-50eb-90f9-e0b273eb7970,Sushila,1966,"Hindi, Film",C. Arjun,Jan Nisar Akhtar,H.M.V.,0
df569ef8-46f4-50c3-a11e-dfa8cbe35e0f,Tarzan Aur Hercules,1966,"Hindi, Film",Momin,"Aziz Ghazi, Naki Azmi",H.M.V.,0
6bda41d5-1fd8-5320-8cba-7d7629b422c8,Tarzan Aur Jadui Chirag (Tarzan And The Wonderful Lamp),1966,"Hindi, Film",Shafi - Shaukat,Aziz Ghazi,H.M.V.,0
8b686a8b-8d63-5667-8a72-5987a1a8e7d6,Tarzan Ki Mehbooba,1966,"Hindi, Film",Suresh Kumar,"Anjaan, Yogesh",H.M.V.,0
2fd4d892-7bd0-52f1-8c6f-bfa75491c651,Tasveer,1966,"Hindi, Film",C. Ramchandra,"D.N. Madhok, Prem Dhawan",H.M.V.,0
272017a6-5f66-5288-9ade-c2e6bbea8a79,Teesri Kasam,1966,"Hindi, Film",Shankar - Jaikishan,"Shailendra, Hasrat Jaipuri, Traditional",H.M.V.,4.67
532cfd96-4f8c-590c-b9c8-0eaf5d1b9fdb,Teesri Manzil,1966,"Hindi, Film",R.D. Burman,Majrooh Sultanpuri,H.M.V.,3.0
2687ff84-3e3c-55cb-a7a5-6d3e726bf86d,Thakur Jernail Singh,1966,"Hindi, Film",Ganesh,"Farooq Qaiser, Asad Bhopali, Indeevar",H.M.V.,3.0
411cb07f-9801-5364-aa23-8d09d7d09b83,Toofan Men Pyar Kahan,1966,"Hindi, Film",Chitragupt,Prem Dhawan,H.M.V.,0
fb3093a3-1992-5bb3-a5c9-b2e77d908708,Uski Kahani,1966,"Hindi, Film",Kanu Roy,Kaifi Azmi,H.M.V.,4.0
e25667c1-0cc5-55e9-9fa0-e698b5aecfd0,Veer Bajrang,1966,"Hindi, Film",Shivram,Kavi Pradeep,H.M.V.,0
b55443e8-a2d3-5c1c-80b4-298a168d1b95,Vidyarthi,1966,"Hindi, Film",Babu Singh - II,Madhukar Bihari,H.M.V.,0
c3d182c8-fb3f-5dbd-b925-b4116c8470eb,Ye Kadam Nahin Rukenge,1966,"Hindi, Film",Madan Jain - I,S.P. Kalla,H.M.V.,0
23b97d26-d5c4-5dd1-ba92-0c0022e5cff6,Yeh Raat Phir Na Aaygi,1966,"Hindi, Film",O.P. Nayyar,"S.H. Bihari, Aziz Kashmiri",H.M.V.,3.0
bf8070e9-fbc6-5ad8-a9db-c09a7a29107b,Yeh Zindagi Kitni Haseen Hai,1966,"Hindi, Film",Ravi,Rajendra Krishan,H.M.V.,2.5
d415c285-489a-5fa6-ba7d-e9373f875e33,Zimbo Finds A Son (Zimbo Ka Beta),1966,"Hindi, Film",Sapan - Jagmohan,Naqsh Lyallpuri,H.M.V.,0
e1d9ca4d-e50d-50e1-a951-54bf7eab96cf,Aag,1967,"Hindi, Film",Usha Khanna,Asad Bhopali,H.M.V.,0
a7d817cd-3c11-5590-a2db-0e04b12bd0dc,Aamne Saamne,1967,"Hindi, Film",Kalyanji - Anandji,Anand Bakshi,H.M.V.,4.0
95c311ce-5334-5882-8584-48f7740968e9,Aayega Aanewala,1967,"Hindi, Film",Sapan - Jagmohan,Naqsh Lyallpuri,H.M.V.,0
d5391bf8-1327-52ba-9130-0764b3e4f1e3,Albela Mastana,1967,"Hindi, Film",Datta Naik,Prem Dhawan,H.M.V.,0
92580fa1-ec1f-5182-9490-336f4b350c05,Aman,1967,"Hindi, Film",Shankar - Jaikishan,"Shailendra, Hasrat Jaipuri, Prem Dhawan",H.M.V.,0
41654340-9b54-55ac-82db-c5934f93d4e7,An Evening In Paris (Paris Ki Ek Shaam),1967,"Hindi, Film",Shankar - Jaikishan,"Hasrat Jaipuri, Shailendra",H.M.V.,4.12
7fdea98b-96dd-5b7c-9291-b09ea99a948e,Anita,1967,"Hindi, Film",Laxmikant - Pyarelal,"Arzoo Lakhnavi, Anand Bakshi, Raja Mehdi Ali Khan",H.M.V.,3.5
c9bc1ba1-931f-5141-872a-01936dfff34a,Arabian Nights (Panic In Baghdad),1967,"Hindi, Film",Lala - Sattar,"Aish Kanwal, Madhukar Rajasthani, Akhtar Romani",H.M.V.,0
2f3dd906-aaaf-5f67-91cb-30dccb4ce2f4,Around The World,1967,"Hindi, Film",Shankar - Jaikishan,"Shailendra, Hasrat Jaipuri",H.M.V.,3.5
bfb4105f-bbfd-57cc-8e10-bab69206dfea,Aurat,1967,"Hindi, Film",Ravi,Shakeel Badayuni,H.M.V.,3.0
7cce75b3-9c4b-547b-818b-bf5317ff7378,Awara Ladki,1967,"Hindi, Film",Dhaniram,"Rajanikant, Kaif Irfani",H.M.V.,0
62eea4ff-6471-5ca1-90d1-af578ca16a55,Badrinath Yatra,1967,"Hindi, Film",Shivram,Madan,H.M.V.,0
a8660f02-25ce-5e75-8f54-025baa9c81d5,Baharon Ke Sapne,1967,"Hindi, Film",R.D. Burman,Majrooh Sultanpuri,H.M.V.,0
6e383152-7c10-5e2f-a87f-19ecd5c07294,Bahu Begum,1967,"Hindi, Film",Roshan,Sahir Ludhianvi,H.M.V.,3.67
674b6104-c8cb-51b5-af06-67b8781c7a9c,Bambai Raat Ki Bahon Mein,1967,"Hindi, Film",J.P. Kaushik,"Hasan Kamal, Jalal Agha",H.M.V.,0
f0ad066d-0e2b-58df-8984-d92ee13caaee,Beete Dinon Ki Yaad,1967,"Hindi, Non Film",Naushad,Shakeel Badayuni,Navras Records,0
5fc88d01-d4c5-5695-86b0-1fe0eb3648cf,Bhakt Prahlad,1967,"Hindi, Film",Rajeshwar Rao - Rajagopal Krishnan,Pyarelal Santoshi,H.M.V.,0
1551e10e-5ff3-50da-807b-31cc8da2f573,Boond Jo Ban Gayee Moti,1967,"Hindi, Film",Satish Bhatia,Bharat Vyas,H.M.V.,3.5
624b3a8c-b705-5049-aab4-ed94e3361f22,C.I.D. 909,1967,"Hindi, Film",O.P. Nayyar,"Shewan Rizvi, Aziz Kashmiri, S.H. Bihari, Verma Malik",H.M.V.,3.0
f71a982d-217f-557d-814c-3ff1ae0bf02c,Chand Hoga Zamin Ki Baat Karo,1967,"Hindi, Non Film",,Gulzar,Saregama,0
6da2477b-5624-58b8-b1e8-eca2c6315ec0,Chandan Ka Palna,1967,"Hindi, Film","R.D. Burman, Bindadin Maharaj","Anand Bakshi, Bindadin Maharaj",H.M.V.,3.0
e9401264-2d7a-57a6-88fc-2c7ee094c28a,Chandrama Ki Chandani Se Naram,1967,"Hindi, Non Film",Satish Bhutani,Ramnath Avasthi,Saregama,0
c4d1b1e8-d72c-5a8d-9418-a40540168f28,Chhaila Babu,1967,"Hindi, Film","Laxmikant - Pyarelal, Jani Babu Qawwal","Hasrat Jaipuri, Asad Bhopali, Taj Bhopali",H.M.V.,0
5b91976d-db2a-5477-a62f-ae68d7a4c091,Chhoti Si Mulaqat,1967,"Hindi, Film",Shankar - Jaikishan,"Hasrat Jaipuri, Shailendra",H.M.V.,3.67
bc986775-c061-52f2-aab0-5bc0a81494d2,Dil Ne Pukara,1967,"Hindi, Film",Kalyanji - Anandji,"Indeevar, Prem Warbartani, Qamar Jalalabadi",H.M.V.,4.0
141cfed8-41b8-52f8-ba58-2329b7e1cf74,Dilruba,1967,"Hindi, Film",Usha Khanna,"S.H. Bihari, Asad Bhopali, Javed Anwar",H.M.V.,0
816699b3-d64c-5339-838d-aaf43d6edfc7,Diwana,1967,"Hindi, Film",Shankar - Jaikishan,"Hasrat Jaipuri, Shailendra",H.M.V.,3.0
94263c57-8238-5d8c-9eed-954900031496,Duniya Nachegi,1967,"Hindi, Film",Laxmikant - Pyarelal,"Raja Mehdi Ali Khan, Majrooh Sultanpuri, Yogesh",,0
67fb9783-d7af-544e-8034-572164508500,Ek Raat,1967,"Hindi, Film",Usha Khanna,"Yogesh Gaud, Anjaan, Jalal Malihabadi",H.M.V.,3.0
335f6f13-9012-5cee-937e-034d63a4a4c6,Farz,1967,"Hindi, Film",Laxmikant - Pyarelal,Anand Bakshi,H.M.V.,3.5
de9b318c-7112-5dd0-940a-38ebb647fe30,Ghar Ka Chirag,1967,"Hindi, Film",Madan Mohan,Kaifi Azmi,H.M.V.,0
d78b53b4-a853-548e-985a-7def5f33e288,Gunahon Ka Devta,1967,"Hindi, Film",Shankar - Jaikishan,"Shailendra, Hasrat Jaipuri",H.M.V.,3.5
46c516fe-8c3b-590a-81a6-fb05fcd5229b,Gunehgar,1967,"Hindi, Film",Vedpal Verma,"Naqsh Lyallpuri, Akhtar Romani",H.M.V.,2.5
541db03a-061e-5074-98c3-5889fc004853,Hairan Hoon Ae Sanam,1967,"Hindi, Non Film",Murli Manohar Swarup,,Saregama,0
65606cc2-2820-52fb-ac5a-4d0a51dd88d8,Hamare Gham Se Mat Khelo,1967,"Hindi, Film",Jaidev,"Shirish, Asrar, Nyay Sharma",H.M.V.,0
eb583390-edf7-5037-ac56-35ae01d92489,Hamraaz,1967,"Hindi, Film",Ravi,Sahir Ludhianvi,H.M.V.,3.5
72e1ee3b-2248-52ac-a1bc-82903cd9ff72,Hare Kanch Ki Chooriyan,1967,"Hindi, Film",Shankar - Jaikishan,"Hasrat Jaipuri, Shailendra",H.M.V.,3.67
b2937021-416d-587e-8d22-1884227d19ea,Hum Do Daaku,1967,"Hindi, Film",Kishore Kumar,Shailendra,H.M.V.,0
e6c5d74c-195a-58f6-ad5a-a391a2d16596,Humse Achhi Toh Farishton Ki Basar Kya Hogi,1967,"Hindi, Non Film",Deepak Chatterjee,Gulzar,Saregama,3.0
7d3e8e2d-1ca6-53fa-a69f-ef45e01be844,Jaal,1967,"Hindi, Film",Laxmikant - Pyarelal,"Raja Mehdi Ali Khan, Anand Bakshi",H.M.V.,3.5
0b7fc4c6-25db-5f99-96cb-a6ffd1b2361c,Jab Yaad Kisi Ki Aati Hai,1967,"Hindi, Film",Madan Mohan,Raja Mehdi Ali Khan,H.M.V.,3.0
6424b99c-7a19-57a4-9039-9b72d9f248fa,Jewel Thief,1967,"Hindi, Film",S.D. Burman,"Majrooh Sultanpuri, Shailendra",H.M.V.,4.6
2bb65e88-ed27-587f-a1e7-fa769e2e303f,Johar In Bombay (Aaj Ka Aladin),1967,"Hindi, Film",Usha Khanna,"Asad Bhopali, Qamar Jalalabadi",H.M.V.,0
6ff28d8c-f72c-5fb6-ba7c-8c9b895f2806,Lamboo In Hong Kong,1967,"Hindi, Film",C. Arjun,Qamar Jalalabadi,H.M.V.,0
650aba17-2d2c-5779-a6d1-8731e66caf61,Latt Saheb,1967,"Hindi, Film",Shankar - Jaikishan,"Shailendra, Hasrat Jaipuri",H.M.V.,4.0
ed363fc0-ba2f-550a-a307-6519690291bf,Lav Kush,1967,"Hindi, Film",S.N. Tripathi,"Saraswati Kumar Deepak, Ramesh Pandey",H.M.V.,0
75108c5b-d52e-5cc9-8d2d-ccb0c0b96774,Maikhana,1967,"Hindi, Film",Bhushan,Kedar Sharma,H.M.V.,3.0
09e7fc00-6cbf-5453-8279-d464d5b6e3d9,Majhli Didi,1967,"Hindi, Film",Hemant Kumar,Neeraj,H.M.V.,0
ff80892c-9b64-5356-a2dd-6d82c0606a90,Mehrban,1967,"Hindi, Film",Ravi,Rajendra Krishan,H.M.V.,0
25861bf6-940d-5703-9d5f-1a3302304a52,Mera Bhai Mera Dushmun,1967,"Hindi, Film",Khayyam,"Kaifi Azmi, Majrooh Sultanpuri",H.M.V.,0
5ba53d8c-c281-5e25-be3a-816f2c2d12b9,Mera Dost,1967,"Hindi, Film",Laxmikant - Pyarelal,Anand Bakshi,H.M.V.,3.33
5904110c-3a1d-59cf-9178-d679a8063c18,Mera Munna,1967,"Hindi, Film",Kalyanji - Anandji,"Qamar Jalalabadi, Indeevar",H.M.V.,0
1a8846ed-3061-553a-b15e-c045966618e0,Mera Naam Johar,1967,"Hindi, Film",Usha Khanna,"Qamar Jalalabadi, Asad Bhopali",H.M.V.,0
954433f3-90d0-50ba-a746-c50a24601283,Milan,1967,"Hindi, Film",Laxmikant - Pyarelal,Anand Bakshi,H.M.V.,3.67
b0180ff2-7d4b-533c-bfdb-20e0f40d964a,Milan Ki Raat,1967,"Hindi, Film",Laxmikant - Pyarelal,Anand Bakshi,H.M.V.,0
d56942c0-642c-55f8-af0b-c97b9bbf9791,Mohabbat Aur Jung,1967,"Hindi, Film",Iqbal Qureshi,Taj Bhopali,H.M.V.,0
1295ab85-fde1-5d60-8f20-93ef2033b184,Nache Re Mayur,1967,"Hindi, Non Film",Anil Biswas,Narendra Sharma,,0
6cae4880-6661-574c-ac17-d60ee96a783b,Nai Roshni,1967,"Hindi, Film",Ravi,Rajendra Krishan,H.M.V.,3.0
0dffa9db-3175-549b-a714-1f219455e4e5,Naino Se Baat Karen Nain Bin Bole,1967,"Hindi, Non Film",,Narendra Sharma,Saregama,0
1c062813-9cbc-5770-aba2-65bbf2380a5b,Nasihat,1967,"Hindi, Film",O.P. Nayyar,"Aziz Kashmiri, S.H. Bihari",H.M.V.,3.0
d915da18-0c7f-5a57-9c90-f2e7e99a885b,Naunihal,1967,"Hindi, Film",Madan Mohan,Kaifi Azmi,H.M.V.,2.5
04a8bd5a-9edd-5434-bc82-3dee5110b329,Nawab Sirajuddaullah,1967,"Hindi, Film",Madan Mohan,Raja Mehdi Ali Khan,H.M.V.,0
46153603-e9a4-5d9d-bf7b-ae36a57e380f,Night In London,1967,"Hindi, Film",Laxmikant - Pyarelal,Anand Bakshi,H.M.V.,2.5
7045abe3-0901-5c3f-8e29-a0de2759bec4,Noor Jehan,1967,"Hindi, Film",Roshan,Shakeel Badayuni,H.M.V.,4.0
49e2ecbe-4ee3-5a6d-8df5-065a33ff013d,Palki,1967,"Hindi, Film",Naushad,Shakeel Badayuni,H.M.V.,3.33
8ed57081-8081-5d94-bf6f-8222980d681b,Parivar,1967,"Hindi, Film",Kalyanji - Anandji,Gulshan Bawra,H.M.V.,3.75
43ef964f-e101-5d54-8cad-e3d1ad17185b,Patthar Ke Sanam,1967,"Hindi, Film",Laxmikant - Pyarelal,Majrooh Sultanpuri,H.M.V.,3.5
750a0345-4040-5258-aabc-f5b38fec57b7,Poonam Ka Chand,1967,"Hindi, Film",Neenu Majumdar,"Saraswati Kumar Deepak, Amar Chaturvedi",H.M.V.,0
84264e71-e766-5c3f-af18-e5ed2519a929,Pyar Ki Baazi,1967,"Hindi, Film",Jimmy,"Akhtar Romani, Gauhar Kanpuri, Indeevar",H.M.V.,0
3967e821-c085-5852-a85b-ba32010c33a0,Raat Andheri Thi,1967,"Hindi, Film",Usha Khanna,"Akhtar Romani, M.K. Javed",H.M.V.,0
98dce3c7-d723-5e8d-b5b4-fbfd7de4f295,Raat Aur Din,1967,"Hindi, Film",Shankar - Jaikishan,"Shailendra, Kamlesh Varma, Hasrat Jaipuri",H.M.V.,4.0
f16db815-732a-5a1c-8e41-c6724c4aa318,Raaz,1967,"Hindi, Film",Kalyanji - Anandji,"Qamar Jalalabadi, Shamim Jaipuri, Gulshan Bawra, Noor Devasi, Raja Mehdi Ali Khan, Akhtar Romani",H.M.V.,4.5
025b93de-b6fc-559a-a047-8274fd71f7fc,Ram Aur Shyam,1967,"Hindi, Film",Naushad,Shakeel Badayuni,H.M.V.,3.67
b614379d-75d3-58d7-9fd9-d6d66682e0ec,Ram Rajya,1967,"Hindi, Film",Vasant Desai,Bharat Vyas,H.M.V.,3.0
837e1cc6-18b1-517c-bee2-e6620795dfbb,Sangdil,1967,"Hindi, Film",G.S. Kohli,"Naqsh Lyallpuri, Anjaan",H.M.V.,0
b7829d06-6d40-5442-ad3e-6f7354bef77c,Sardar,1967,"Hindi, Film",Usha Khanna,Asad Bhopali,H.M.V.,0
c251d484-0054-5b50-b05b-7aa734cb17d1,Shagird,1967,"Hindi, Film",Laxmikant - Pyarelal,Majrooh Sultanpuri,H.M.V.,3.67
3d5b7dbe-a9c0-5a2f-8657-eb9ed613c4a1,Shamsheer,1967,"Hindi, Film",Lala - Sattar,"Asad Bhopali, Madhukar Rajasthani, Aish Kanwal, Bharat Vyas",H.M.V.,0
7f2c86b6-eebf-5c8d-aa38-13b53b49cb11,Sub Ka Ustad,1967,"Hindi, Film",Ganesh,Asad Bhopali,H.M.V.,0
37a8b340-c88a-5ab2-b813-a1a0f185a152,Taqdeer,1967,"Hindi, Film",Laxmikant - Pyarelal,Anand Bakshi,H.M.V.,3.75
b4ce8cb2-9e27-52db-88b1-004adb02a50c,Trip To Moon (Chand Par Chadhai),1967,"Hindi, Film",Usha Khanna,"S.H. Bihari, Asad Bhopali, Imam",H.M.V.,0
57601a4e-d787-5ce2-a119-e81fa424fdcd,Upkar,1967,"Hindi, Film",Kalyanji - Anandji,"Prem Dhawan, Qamar Jalalabadi, Indeevar, Gulshan Bawra",H.M.V.,4.0
c28a0d06-6c17-57c0-8821-be87f4c9acbd,Wahan Ke Log,1967,"Hindi, Film",C. Ramchandra,Shakeel Badayuni,H.M.V.,0
fd8d63c1-0459-5fdc-afc3-66bfaa4a2f69,Woh Koi Aur Hoga,1967,"Hindi, Film",Usha Khanna,Asad Bhopali,H.M.V.,0
89a4e8e1-ca95-58b8-b85e-29db44fc77b9,Wohee Ladki,1967,"Hindi, Film",V. Balsara,Prahlad Sharma,H.M.V.,0
33a477f1-0789-5f8f-a4d7-fb668f1c03a0,Aabroo,1968,"Hindi, Film",Sonik - Omi,G.L. Rawal,H.M.V.,0
af47589f-d918-54b7-b7ca-a087f83823b3,Aadmi,1968,"Hindi, Film",Naushad,Shakeel Badayuni,H.M.V.,3.0
87b1901b-e34e-5b09-ac69-bb2a068814b0,Aaj Bhi Unki Mohabbat Ka Tassavur Hai Wohi,1968,"Hindi, Non Film",Vipin Mehra,Jan Nisar Akhtar,Saregama,0
e7fdac0d-b770-5052-ab4c-19984089bac9,Aanchal Ke Phool,1968,"Hindi, Film",Ved Sethi,Naqsh Lyallpuri,H.M.V.,0
ceb8675f-e52e-5dd8-8b4a-b9db0fe9bdff,Aashirwad,1968,"Hindi, Film",Vasant Desai,"Gulzar, Harindranath Chattopadhyay",H.M.V.,3.0
7955d04e-f51e-5a03-ae20-20453ec27724,Abhilasha,1968,"Hindi, Film",R.D. Burman,Majrooh Sultanpuri,H.M.V.,4.0
3e509710-e828-54bc-82ea-ff261e6cd1c4,Aisi Pagal Na Ho Mohabbat Mein,1968,"Hindi, Non Film",Vipin Mehra,Jan Nisar Akhtar,Saregama,0
73690227-5104-555c-9101-9802f3b5b4bf,Anjam,1968,"Hindi, Film",Ganesh,"Akhtar Romani, Qamar Jalalabadi, Zafar Rahi",H.M.V.,0
a2336b83-7965-557b-93fe-46b2d004afd0,Ankhen,1968,"Hindi, Film",Ravi,Sahir Ludhianvi,H.M.V.,3.5
2cec5456-bae0-51dd-bb25-89bc608f55c3,Anokhi Raat,1968,"Hindi, Film",Roshan,"Indeevar, Kaifi Azmi",H.M.V.,4.5
d2811278-35dd-5b5c-8bba-829ed50dee03,Aulad,1968,"Hindi, Film",Chitragupt,Majrooh Sultanpuri,H.M.V.,3.67
05c0efff-7a9e-548e-8475-d87eeb1128a7,Baazi,1968,"Hindi, Film",Kalyanji - Anandji,Shakeel Badayuni,H.M.V.,2.5
4398e7cc-3387-5ff6-b4cf-7d75e1980e77,Baharon Ki Manzil,1968,"Hindi, Film",Laxmikant - Pyarelal,Majrooh Sultanpuri,H.M.V.,3.5
dbd39d19-034c-577b-ae3a-33556a2e4f2d,Balram Shrikrishna,1968,"Hindi, Film",C. Ramchandra,Kavi Pradeep,H.M.V.,0
bbcab80b-e73f-5ece-8dc7-c7564d358055,Brahmachari,1968,"Hindi, Film",Shankar - Jaikishan,"Hasrat Jaipuri, Shailendra, Rajendra Krishan",H.M.V.,4.5
551c40e4-d1dd-5e31-a727-a901dede7620,Dil Aur Mohabbat,1968,"Hindi, Film",O.P. Nayyar,"Verma Malik, Aziz Kashmiri, Shewan Rizvi, S.H. Bihari",H.M.V.,3.0
9444ba96-ac94-5ede-ad54-2314de233ae7,Diler Shehzada,1968,"Hindi, Film",Dwarkesh,D. Bharati,H.M.V.,0
cd7d0d9e-a7ea-58de-845e-196b01d466c9,Do Dooni Chaar,1968,"Hindi, Film",Hemant Kumar,Gulzar,H.M.V.,0
804b9bbc-a7f5-5943-8197-c6dbfe194dd6,Do Kaliyan,1968,"Hindi, Film",Ravi,Sahir Ludhianvi,H.M.V.,4.0
f5f1872b-d9f1-59a3-b715-bd1cc06cbdd0,Duniya,1968,"Hindi, Film",Shankar - Jaikishan,"Hasrat Jaipuri, S.H. Bihari, Neeraj",H.M.V.,3.0
5f9e8212-65e2-5222-b7ea-61bd938bc2c2,Ek Kali Muskayee,1968,"Hindi, Film",Madan Mohan,Rajendra Krishan,H.M.V.,3.0
4f460ceb-ce1a-5ef4-9ed8-178487ad5919,Ek Phool Ek Bhool,1968,"Hindi, Film",Usha Khanna,Indeevar,H.M.V.,2.5
6453de26-3341-57b9-a10f-6d19bace94e6,Ek Surat Do Dil,1968,"Hindi, Film",Bijan Pal,"Ramji Singh, W.C. Malik",H.M.V.,0
4ce4b665-5476-579c-b88f-771ed7643057,Fareb,1968,"Hindi, Film",Usha Khanna,"Asad Bhopali, Javed Anwar",H.M.V.,0
2e4b43e8-177b-5a0d-84d8-3a71836927cc,Farishta,1968,"Hindi, Film",Dattaram,Asad Bhopali,H.M.V.,0
5c05f754-5096-524f-8f7d-86123f56bc92,Gauri,1968,"Hindi, Film",Ravi,Rajendra Krishan,H.M.V.,0
87da9f83-f1db-5edf-8444-3f8c103b21e5,Golden Eyes (Secret Agent 077),1968,"Hindi, Film",Baldev Nath,Shewan Rizvi,H.M.V.,0
6431643f-a98f-5996-9985-c0a85b8a7f51,Har Har Gange,1968,"Hindi, Film",S.N. Tripathi,Kavi Pradeep,H.M.V.,0
927541cd-f02f-55da-a27d-a60132064e4c,Hasina Maan Jaayegi,1968,"Hindi, Film",Kalyanji - Anandji,"Akhtar Romani, Qamar Jalalabadi, Prakash Mehra",H.M.V.,3.33
266e8e2c-fded-5d7f-bca9-8378e5a2f847,Haye Mera Dil,1968,"Hindi, Film",Usha Khanna,"Anand Bakshi, S.H. Bihari, P.L. Santoshi",H.M.V.,0
81a65fe5-d25d-55f9-942c-4395f7e02981,Hum Tujhse Kis Hawas Ki,1968,"Hindi, Non Film",Murli Manohar Swarup,Khwaja Mir Dard,Saregama,0
c02d628c-bb37-59c3-b13a-f8b8a7cbeb67,Humsaya,1968,"Hindi, Film",O.P. Nayyar,"S.H. Bihari, Hasrat Jaipuri, Shewan Rizvi",H.M.V.,4.75
95ce2abb-3914-56df-b505-91becb829a06,Izzat,1968,"Hindi, Film",Laxmikant - Pyarelal,Sahir Ludhianvi,H.M.V.,3.5
01736e89-5e2d-5cf9-ab27-689df6556e30,Jaan Bachi Lakhon Paaye,1968,"Hindi, Film",Ajay - Vishwanath,Anjaan,H.M.V.,0
38d30377-ab0a-5ef0-a67f-7ad858732b76,Jahan Bhi Dekha Unhen,1968,"Hindi, Non Film",Murli Manohar Swarup,Ishrat Jahan Begum,Saregama,0
87a5e4c0-dde1-5728-80cc-f60a434afd58,Jhuk Gaya Aasman,1968,"Hindi, Film",Shankar - Jaikishan,"Hasrat Jaipuri, S.H. Bihari, Shailendra",H.M.V.,4.0
5626ec9f-5495-578c-9698-14af680637c7,Juari,1968,"Hindi, Film",Kalyanji - Anandji,Anand Bakshi,H.M.V.,0
1133f0da-938f-5b0a-a30c-9cffe25b3733,Jung Aur Aman,1968,"Hindi, Film",G.S. Kohli,"Anjaan, Hasrat Jaipuri, Prem Dhawan",H.M.V.,0
4548cb0d-09d3-5549-8bb3-358575dea363,Jyot Jale,1968,"Hindi, Film",Basant Prakash,Govind Moonis,H.M.V.,0
5db06213-8c48-59f3-b599-c47bd5297fbc,Kahin Aur Chal,1968,"Hindi, Film",Shankar - Jaikishan,"Hasrat Jaipuri, Shailendra",H.M.V.,3.0
1d823e75-cb1c-559a-9dc8-2f8a2a729029,Kahin Din Kahin Raat,1968,"Hindi, Film",O.P. Nayyar,"S.H. Bihari, Aziz Kashmiri",H.M.V.,3.33
b6f0b37f-7b46-5fc0-aaa4-b257c8eb257e,Kanyadaan,1968,"Hindi, Film",Shankar - Jaikishan,"Neeraj, Hasrat Jaipuri",H.M.V.,4.5
bee7343f-a7a8-5ecd-b370-5e1fda49c9d1,Khilari,1968,"Hindi, Film",Lala - Sattar,Farooq Qaiser,H.M.V.,0
939f576c-22c2-504f-b66e-8d5de22da09b,Khizan Ke Daur Mein Aise Bhi,1968,"Hindi, Non Film",Murli Manohar Swarup,Raaz Allahabadi,Saregama,0
cd1d1818-1454-559e-96e6-20db06bcab30,Khizan Mein Jab Bhi,1968,"Hindi, Non Film",Murli Manohar Swarup,Jigar Moradabadi,Saregama,0
4a7f33aa-6f1b-5f55-be71-6cfb901e0571,Kismat,1968,"Hindi, Film",O.P. Nayyar,"S.H. Bihari, Noor Devasi",H.M.V.,3.5
b4926321-7f15-5b54-afdf-61c16ac2f608,Lady Killer,1968,"Hindi, Film",Ajit Merchant,Indeevar,H.M.V.,0
fb91cb61-88f7-50ad-9257-df687058c031,Lutera Aur Jadugar,1968,"Hindi, Film",Suresh Kumar,"Yogesh, Naseem Zaidi, Anjaan",H.M.V.,0
8fe3775d-eb5c-56aa-b38c-d58e64061e0c,Maa,1968,"Hindi, Film",Chitragupta,Majrooh Sultanpuri,H.M.V.,0
07031390-8941-5203-9697-06f1d04acf59,Main Kab Se Jaag Raha Hoon,1968,"Hindi, Non Film",Murli Manohar Swarup,Shamim Jaipuri,Saregama,0
7ada50d3-2276-5a0c-b01d-5529902a5719,Man Ka Meet,1968,"Hindi, Film",Ravi,Rajendra Krishan,H.M.V.,0
633e819d-154d-54cc-871a-7fede66a4af2,Mata Mahakali,1968,"Hindi, Film",Avinash Vyas,Bharat Vyas,,0
80fed10e-a956-5c68-a4df-0c73db71051e,Mere Hamdam Mere Dost,1968,"Hindi, Film",Laxmikant - Pyarelal,Majrooh Sultanpuri,H.M.V.,4.0
da1becc5-35ef-57d0-917a-fc81377183ee,Mere Huzoor,1968,"Hindi, Film",Shankar - Jaikishan,Hasrat Jaipuri,H.M.V.,4.0
3ee6ef99-94c2-511c-bb59-8984936130fc,Mere Mehboob Mere Dost,1968,"Hindi, Non Film",Murli Manohar Swarup,Shauqat Pardesi,Saregama,0
559caf72-a674-5d22-b461-ca9be8f95fa4,Mitti Ka Dev,1968,"Hindi, Film",Salil Chowdhury,"Gulzar, Yogesh, Prem Dhawan",,0
9daefed0-9150-59f5-9660-a18d4b68426b,Nadir Shah,1968,"Hindi, Film",S.N. Tripathi,"Majrooh Sultanpuri, Amir Khusro",H.M.V.,0
5e256cf6-3835-5a84-9b3f-cd9fac04ffe5,Neel Kamal,1968,"Hindi, Film",Ravi,Sahir Ludhianvi,H.M.V.,3.67
6849dc53-fdd3-5d28-9cd4-6634050a316b,Padosan,1968,"Hindi, Film",R.D. Burman,Rajinder Krishan,H.M.V.,4.83
0ce2010d-deb9-5853-95ed-d0052b0365be,Payal Ki Jhankar,1968,"Hindi, Film",C. Ramchandra,"Rajendra Krishan, Qamar Jalalabadi",H.M.V.,0
f019ac4b-0f01-5e77-96fd-c0a9b31e4e15,Phir Bahar Aayee,1968,"Hindi, Film",Kamal Rajasthani,"Naqsh Lyallpuri, Momin Mohiuddin",H.M.V.,0
ddd5d23e-0087-50f2-8371-dcb434f7ed12,Pyas (Apna Ghar Apni Kahani),1968,"Hindi, Film",N. Dutta,Qamar Jalalabadi,H.M.V.,0
8d0d2b24-5cfa-546f-aeec-38697110f178,Raaste Aur Manzil,1968,"Hindi, Film",Ram Kadam,Ibrahim Faiz,H.M.V.,0
4fd6e911-c6d5-5c52-aee1-b54b1253caac,Raja Aur Runk,1968,"Hindi, Film",Laxmikant - Pyarelal,Anand Bakshi,H.M.V.,3.0
8f45a2c6-c835-5562-9b95-dc8b478aadb1,Rani Chandravati,1968,"Hindi, Film",S.N. Tripathi,B.D. Mishra,H.M.V.,0
12d5a1ec-759d-5d8e-a2ee-b02ee0450111,Roop Rupaiya,1968,"Hindi, Film",Usha Khanna,Pyarelal Santoshi,H.M.V.,0
17bea303-69be-5f13-8ca0-b18e06000a6e,Saathi,1968,"Hindi, Film",Naushad,Majrooh Sultanpuri,H.M.V.,3.67
452c4df2-3b57-52ba-be8f-fbe2719493fb,Sadhu Aur Shaitaan,1968,"Hindi, Film",Laxmikant - Pyarelal,Rajendra Krishan,H.M.V.,3.33
61f3b9dc-fcc3-5de7-ad22-170d8a1b4748,Sapnon Ka Saudagar,1968,"Hindi, Film",Shankar - Jaikishan,"S.H. Bihari, Hasrat Jaipuri, Shailendra",H.M.V.,3.0
257e981a-5c51-5a99-a22f-5194ea777822,Saraswatichandra,1968,"Hindi, Film",Kalyanji - Anandji,Indeevar,H.M.V.,4.67
0834cc45-624d-55c6-9259-425e27c02380,Shikar,1968,"Hindi, Film",Shankar - Jaikishan,Hasrat Jaipuri,H.M.V.,4.33
898ef39b-fd2d-5496-b976-2e4e1c2be174,Shrimanji,1968,"Hindi, Film",O.P. Nayyar,"Aziz Kashmiri, S.H. Bihari",H.M.V.,3.0
86403d25-23b8-584d-b1dc-02c4817f0fa8,Spy In Rome,1968,"Hindi, Film",Laxmikant - Pyarelal,Anand Bakshi,H.M.V.,0
55af62a0-ed37-5049-9571-98a5f15516b5,Suhaag Raat,1968,"Hindi, Film",Kalyanji - Anandji,"Indeevar, Akhtar Romani, Qamar Jalalabadi",H.M.V.,3.33
44be0cf4-be2a-564a-aee7-f01312555356,Sunghursh,1968,"Hindi, Film",Naushad,Shakeel Badayuni,H.M.V.,3.0
f62c85a3-c6f5-511c-8118-2cb666740260,Tarzan In Fairyland (Tarzan Paristan Mein),1968,"Hindi, Film","Jimmy, Premnath","Shewan Rizvi, Aziz Kashmiri",H.M.V.,0
2fcce8a8-8843-5f6c-acc1-a58f39f7dc59,Tatar Ki Hasina,1968,"Hindi, Film",S. Kishan,"Aslam Ilahabadi, M. Yusuf",H.M.V.,0
59b513b1-2e1e-5725-aea5-35b41d1338ea,Teen Bahuraniyan,1968,"Hindi, Film",Kalyanji - Anandji,Anand Bakshi,H.M.V.,0
453bf2e3-4cb3-5fd9-b34b-8c6dd148e874,Teri Talaash Mein,1968,"Hindi, Film",Sapan - Jagmohan,"Naqsh Lyallpuri, Prem Warbartani",H.M.V.,2.5
d5482f8a-5be3-521c-b16e-e340a38a7bc3,Tum Aaj Hanste Ho Hans Lo,1968,"Hindi, Non Film",Murli Manohar Swarup,Shauqat Pardesi,Saregama,3.0
60ba5fbe-e478-57fa-a5e6-6a9e41bc9785,Tune Raat Ganwaai Soy Ke,1968,"Hindi, Non Film",Murli Manohar Swarup,Kabir,H.M.V.,0
74eb273d-d4d2-5c28-9969-9b982ef83f92,Vaasna,1968,"Hindi, Film",Chitragupt,Sahir Ludhianvi,H.M.V.,3.5
82d88531-8d9d-51a5-a314-e9fb35063472,Watan Se Door,1968,"Hindi, Film",Lala - Sattar,Farooq Qaiser,H.M.V.,0
092e6ff2-254a-549b-ae55-529107239f6a,Zara Si Baat Pe Har  Rasm Tod Aaya Tha,1968,"Hindi, Non Film",Khayyam,Jan Nisar Akhtar,Saregama,0
4e8ee8fd-ec8a-55de-bdde-4e86fc20cedf,Aadmi Aur Insaan,1969,"Hindi, Film",Ravi,Sahir Ludhianvi,H.M.V.,3.67
fc2b1b36-09b5-5ef0-b4b8-13c3a576fe39,Anjaana,1969,"Hindi, Film",Laxmikant - Pyarelal,Anand Bakshi,H.M.V.,3.33
9fff57ce-f3f5-5d79-8d88-2c3d1b0c2b3e,Anjan Hai Koyee,1969,"Hindi, Film",Usha Khanna,"Sardar Bikaneri, Asad Bhopali, Manohar Khanna",H.M.V.,3.0
aab95c9c-a1a8-5ab7-b8ac-7e472141bfda,Anmol Moti,1969,"Hindi, Film",Ravi,Rajendra Krishan,H.M.V.,0
6ee0c3f4-edd3-5e5e-ac84-8a9a2329bce0,Ansoo Ban Gaye Phool,1969,"Hindi, Film",Laxmikant - Pyarelal,"Taj Bhopali, Govind Moonis",H.M.V.,0
8b0eab79-42e7-51b9-9104-1279ae6b5db2,Apna Khoon Apna Dushman,1969,"Hindi, Film",Lala - Sattar,Farooq Qaiser,H.M.V.,0
234287c5-c795-5863-98d6-df2e7c347a65,Aradhana,1969,"Hindi, Film",S.D. Burman,Anand Bakshi,H.M.V.,4.8
c33e473e-1fa2-56c1-b363-1a8cf227c8ba,Aya Sawan Jhoom Ke,1969,"Hindi, Film",Laxmikant - Pyarelal,Anand Bakshi,H.M.V.,3.5
afa5fb1c-68f3-538f-9976-eadb35316983,Badi Didi,1969,"Hindi, Film",Ravi,Rajendra Krishan,H.M.V.,0
ee158b70-0e0d-5fc7-88f3-382d20c861ae,Badmaash,1969,"Hindi, Film",Avinash Vyas,Anjaan,H.M.V.,0
6c1812a2-f9e8-5969-89d4-d04dac368c39,Balak,1969,"Hindi, Film",Dattaram Wadkar,Bharat Vyas,H.M.V.,0
d1e7f3e4-6056-59db-a782-7a6b517f290c,Bandhan,1969,"Hindi, Film",Kalyanji - Anandji,"Anjaan, Indeevar",H.M.V.,2.67
1c4b36d8-8142-56f3-83e5-1b99dba17666,Bandish,1969,"Hindi, Film",Usha Khanna,Akmal Hyderabadi,H.M.V.,3.0
b84a2a24-868e-583e-89c3-d7893fd27f06,Bank Robbery,1969,"Hindi, Film",Chitragupt,Prem Dhawan,H.M.V.,2.0
d133d585-413d-5e6f-ab7d-0c5d8e1edc58,Beqasoor,1969,"Hindi, Film",Dattaram Wadkar,Farooq Qaiser,H.M.V.,0
a437bb73-ea93-5b93-b4e9-27109ebe6125,Beti,1969,"Hindi, Film",Sonik - Omi,Shakeel Badayuni,H.M.V.,0
aef703bb-e3d7-5a6f-b36d-26e8167cfe0e,Bhai Bahen,1969,"Hindi, Film",Shankar - Jaikishan,"S.H. Bihari, Hasrat Jaipuri, Rajendra Krishan, Narendra Sharma",H.M.V.,3.0
02098d74-fff0-5ae4-9a51-f8fb6a3dd9a9,Chaalbaaz,1969,"Hindi, Film",Lala - Sattar,Farooq Qaiser,H.M.V.,0
d012f3ed-8b22-57bf-85ba-8bf3bef270c2,Chanda Aur Bijli,1969,"Hindi, Film",Shankar - Jaikishan,"Indeevar, Hasrat Jaipuri, Neeraj",H.M.V.,3.67
29b15df4-b571-5af0-a00e-12e09ee2c272,Chautha Palna,1969,"Hindi, Film",S.N. Tripathi,Balkavi Bairagi,H.M.V.,0
d6a8ec0c-df0c-5779-b9a6-15fa23f5ec7f,Chirag,1969,"Hindi, Film",Madan Mohan,Majrooh Sultanpuri,H.M.V.,4.5
b987fa60-4fc8-54fd-be5c-34d161a9f4a9,Dharti Kahe Pukar Ke,1969,"Hindi, Film",Laxmikant - Pyarelal,Majrooh Sultanpuri,H.M.V.,3.0
250e7823-ca11-5b18-a28e-388a99bb2a07,Do Bhai,1969,"Hindi, Film",Laxmikant - Pyarelal,Anand Bakshi,H.M.V.,0
941f2a2c-4564-560b-b2bf-7bc9409731c0,Do Raaste,1969,"Hindi, Film",Laxmikant - Pyarelal,Anand Bakshi,H.M.V.,4.5
e7bc25e5-d2e7-536d-bcae-621799171304,Doli,1969,"Hindi, Film",Ravi,Rajendra Krishan,H.M.V.,3.5
7e1608c5-561e-5f16-842e-46a4ae0f83d6,Ek Masoom,1969,"Hindi, Film",Datta Naik,Farid Tonki,H.M.V.,0
6d5976e8-cd26-5002-bf52-09eb01d49611,Ek Phool Do Mali,1969,"Hindi, Film",Ravi,"Ravi, Prem Dhawan",H.M.V.,3.67
0da58945-fa73-5403-8e31-9f70f3719be5,Ek Shriman Ek Shrimati,1969,"Hindi, Film",Kalyanji - Anandji,Rajendra Krishan,H.M.V.,3.0
f6281e09-7af8-5d1a-802b-02f8690066d9,Gunda,1969,"Hindi, Film",G.S. Kohli,"Anjaan, Dev Kohli, Shadab",H.M.V.,0
4457627e-9678-5767-83ed-49249e813e67,Gustakhi Maaf,1969,"Hindi, Film",Sapan - Jagmohan,Naqsh Lyallpuri,H.M.V.,0
022c525e-e287-5d23-9b7c-d4dde9624725,Haye Mehman Kahan Ye Gham-E-Jaana Hoga,1969,"Hindi, Non Film",Murli Manohar Swarup,Daagh Dehlvi,Saregama,0
f382ab16-3c10-5ff0-a3a6-5e4ad508a6f3,Hum Ek Hain,1969,"Hindi, Film",Usha Khanna,"Indeevar, Asad Bhopali, Anand Bakshi",H.M.V.,0
c3ed7636-29ab-502b-b9c7-10247f1d528e,Insaaf Ka Mandir,1969,"Hindi, Film",Sapan - Jagmohan,"Naqsh Lyallpuri, Anwar Sasarami",H.M.V.,0
eaf29182-a622-5ae4-91d3-7742599465d5,Intaquam,1969,"Hindi, Film",Laxmikant - Pyarelal,Rajendra Krishan,H.M.V.,3.0
2f342bde-105f-5c53-9ca9-f321ceaca73e,Jaal Saaz,1969,"Hindi, Film",G.S. Kohli,"Farooq Qaiser, Naqsh Lyallpuri, Anjaan",H.M.V.,0
8465f94d-4308-5e85-b7b4-9935a5348503,Jahan Pyar Miley,1969,"Hindi, Film",Shankar - Jaikishan,"Hasrat Jaipuri, Farooq Qaiser",H.M.V.,3.0
0592e0f6-60a0-55b8-b074-fc893ff48877,Jeene Ki Raah,1969,"Hindi, Film",Laxmikant - Pyarelal,Anand Bakshi,H.M.V.,4.0
7bce0cf9-530c-5e0c-b8ca-5a72a22fb50d,Jigri Dost,1969,"Hindi, Film",Laxmikant - Pyarelal,Anand Bakshi,H.M.V.,3.0
4981ca8e-a048-54da-bfe0-f3d12856a979,Jiyo Aur Jeene Do,1969,"Hindi, Film",Jaidev,"Hasrat Jaipuri, Naqsh Lyallpuri",H.M.V.,0
763485d4-f251-542d-abd2-a8d5f2890bd2,Josh-E-Giriya Se Yeh Aankhein,1969,"Hindi, Non Film",Murli Manohar Swarup,"Mirza Ghalib, Daagh Dehlvi",Saregama,0
60ecd9b3-51de-57ef-8357-630200df334d,Jyoti,1969,"Hindi, Film",S.D. Burman,Anand Bakshi,H.M.V.,4.4
94e2d0dd-5277-5d40-aacd-328b8fb22124,Khamoshi,1969,"Hindi, Film",Hemant Kumar,Gulzar,H.M.V.,4.8
634fb5b4-e705-5846-a1cb-200c5442957e,Madhavi,1969,"Hindi, Film",Laxmikant - Pyarelal,Anand Bakshi,H.M.V.,0
cffa58c2-e3ec-55ef-aaf9-76c13079659b,Mahal,1969,"Hindi, Film",Kalyanji - Anandji,Anand Bakshi,H.M.V.,4.5
d52f88e0-fa1f-5b98-bde8-61dc0337977c,Mahua,1969,"Hindi, Film",Sonik - Omi,Qamar Jalalabadi,H.M.V.,0
f6f154f8-4867-5866-9bac-d2a4bb8eb397,Meri Bhabhi,1969,"Hindi, Film",Laxmikant - Pyarelal,Majrooh Sultanpuri,H.M.V.,3.33
cd0d66b3-7239-5efe-ae72-8619f7ad9450,Meri Bhi Ek Mumtaz Thi,1969,"Hindi, Non Film",,Madhukar Rajasthani,Saregama,0
9491fa49-7d5a-5192-a16e-f84269740b3c,Mr. Murder,1969,"Hindi, Film",Sonik - Omi,"Shakeel Badayuni, Qamar Jalalabadi",H.M.V.,0
dd1baa9a-ebd6-5983-9e16-3a35225c382a,Mujhe Seene Se Laga Lo,1969,"Hindi, Film",Hansraj Behl,"Mahendra Dehlvi, Qamar Jalalabadi, Prem Dhawan",H.M.V.,0
0bb3c485-f420-5b6b-a0c2-6ca919de657c,Nai Zindagi,1969,"Hindi, Film",Chitragupt,Prem Dhawan,H.M.V.,0
9ce5c0bc-1a17-590b-8b33-02bced952e17,Nannha Farishta,1969,"Hindi, Film",Kalyanji - Anandji,Sahir Ludhianvi,H.M.V.,3.5
2c682c99-acda-59b2-bc21-abdef2b4dce6,Nateeja,1969,"Hindi, Film",Usha Khanna,"Asad Bhopali, Saleem Sagar",H.M.V.,0
655378e2-e720-5d73-a9de-b1a2d88202f6,Pagla Kahin Ka,1969,"Hindi, Film",Shankar - Jaikishan,"S.H. Bihari, Hasrat Jaipuri",H.M.V.,3.0
28de78df-f743-57cb-87bc-f703a8e9d187,Paisa Ya Pyar,1969,"Hindi, Film",Ravi,Sahir Ludhianvi,H.M.V.,0
c5661ed6-797e-5d5b-b81b-4d4a6a453238,Patthar Ka Khwab,1969,"Hindi, Film",N. Dutta,"Pal Premi, Qamar Jalalabadi",H.M.V.,0
8191edae-cfe1-500f-98ef-39756d3d8e2f,Prarthana,1969,"Hindi, Film",Hridaynath Mangeshkar,"Meera Bai, Majrooh Sultanpuri",H.M.V.,3.5
e49b8446-3d93-5d4d-b122-02685a596276,Prem Pujari,1969,"Hindi, Film",S.D. Burman,Neeraj,H.M.V.,4.56
7b44acf6-d123-5f0f-a3aa-290520b3d111,Prince,1969,"Hindi, Film",Shankar - Jaikishan,"Farooq Qaiser, Hasrat Jaipuri",H.M.V.,3.0
ef28fb19-bb58-5787-887a-3287ff3a605d,Pujarin,1969,"Hindi, Film",Narayan Dutt,Madan,H.M.V.,0
7c9da543-3ed1-5787-8cda-ae389e6f00d7,Pyaar,1969,"Hindi, Film",V. Balsara,Prahlad Sharma,H.M.V.,0
f016ba0d-38e7-5724-a04f-3b6acfc5dc2a,Pyar Hi Pyar,1969,"Hindi, Film",Shankar - Jaikishan,"Rajendra Krishan, Hasrat Jaipuri",H.M.V.,4.33
b5ebbd3a-fc40-5c6e-8f74-4f4372d37223,Pyar Ka Mausam,1969,"Hindi, Film",R.D. Burman,Majrooh Sultanpuri,H.M.V.,3.67
77132453-416d-5ef6-912c-53bbd2742e3a,Pyar Ka Sapna,1969,"Hindi, Film",Chitragupt,Rajendra Krishan,H.M.V.,3.0
4929f36d-2949-5b87-93c3-fc16b5836ca9,Pyasi Sham,1969,"Hindi, Film",Laxmikant - Pyarelal,Majrooh Sultanpuri,H.M.V.,3.67
70e8cb0a-83c9-5e05-8ae7-4d2c55519ad4,Raat Ke Andhere Main,1969,"Hindi, Film",Prem Dhawan,Prem Dhawan,H.M.V.,3.33
91fdcfae-d452-53ac-bf7a-c7055d2d4a37,Rahgir,1969,"Hindi, Film",Hemant Kumar,Gulzar,H.M.V.,2.5
53d58e95-256f-59e0-a94d-14d70826071f,Raja Saab,1969,"Hindi, Film",Kalyanji - Anandji,Anand Bakshi,H.M.V.,2.5
56ee8fd6-6ef7-5bf9-bb03-834bcbc10c3c,Road To Sikkim,1969,"Hindi, Film",Vijay Singhji,"Indeevar, Hasrat Jaipuri, Vijay Singhji, Jalal Malihabadi",H.M.V.,0
2994b97d-68cc-5dcd-9bcf-c724caf28056,Saat Hindustani,1969,"Hindi, Film",J.P. Kaushik,Kaifi Azmi,H.M.V.,0
075efadb-9417-53c8-a81a-cb25eac17c25,Sachaai,1969,"Hindi, Film",Shankar - Jaikishan,Rajendra Krishan,H.M.V.,2.5
742d2e3c-5637-5e49-b79d-30f4f79fad3e,Sajan,1969,"Hindi, Film",Laxmikant - Pyarelal,Anand Bakshi,H.M.V.,3.5
33c6a577-44b4-5af3-a837-c9ab32d9ffae,Sakhi Lootera,1969,"Hindi, Film",B.N. Bali,Aziz Ghazi,H.M.V.,0
08355344-dbe7-5bcd-bf39-b115495787de,Samay Bada Balwan,1969,"Hindi, Film",Usha Khanna,D.N. Madhok,H.M.V.,0
c381e53f-2899-5f91-81f8-d12cbd1d13d9,Sambandh,1969,"Hindi, Film",O.P. Nayyar,Kavi Pradeep,H.M.V.,4.0
3891d0ee-1fd7-5b11-bb62-27e696e3e471,Sapna,1969,"Hindi, Film",Jaidev,V.N. Mangal,H.M.V.,0
d9025c14-06fb-5f4c-8bc3-28e5af3a0656,Sati Sulochana,1969,"Hindi, Film",S.N. Tripathi,"Bharat Vyas, B.D. Mishra",H.M.V.,0
acb21d37-8609-54d6-8538-6eafac9e0f1c,Satyakam,1969,"Hindi, Film",Laxmikant - Pyarelal,Kaifi Azmi,H.M.V.,3.67
821ce432-6091-57da-935d-fb165695a20a,Shart,1969,"Hindi, Film",Laxmikant - Pyarelal,Anand Bakshi,H.M.V.,3.0
ba27cb16-d3ad-52d7-a2a4-91a6d28cda31,Shatranj,1969,"Hindi, Film",Shankar - Jaikishan,"Hasrat Jaipuri, Kiran Kalyani, S.H. Bihari, Indeevar",H.M.V.,3.0
93bd55da-c5b0-50de-b0e4-16f45566ef57,Simla Road,1969,"Hindi, Film",Usha Khanna,Asad Bhopali,H.M.V.,0
c9d531b2-aa93-5232-97f9-abbbf88393f2,Soldier (Thakur Diler Singh),1969,"Hindi, Film",Sonik - Omi,Aziz Kashmiri,H.M.V.,0
b87dce50-4734-5a7d-9b12-7e25b0c23c29,Talash,1969,"Hindi, Film",S.D. Burman,Majrooh Sultanpuri,H.M.V.,3.0
3611510a-a2ec-53ca-9df4-8f41f06a9373,Tamanna,1969,"Hindi, Film",Kalyanji - Anandji,Anand Bakshi,H.M.V.,0
d6b377c9-b054-5d31-a884-44f5e3947c38,The Killers (Hum Sab Qatil Hain),1969,"Hindi, Film",O.P. Nayyar,"Aziz Kashmiri, S.H. Bihari",H.M.V.,0
e994ba92-dddb-59c0-88ac-ac443ec518b3,Toofan,1969,"Hindi, Film",Daan Singh,Akhtar Romani,H.M.V.,3.0
89a6acf1-6a8a-5cf1-b731-8fdbec075506,Tumse Achha Kaun Hai,1969,"Hindi, Film",Shankar - Jaikishan,"Rajendra Krishan, Hasrat Jaipuri",H.M.V.,3.0
c1456158-5a68-513c-8ffb-3f61c7cba88e,Ustad 420,1969,"Hindi, Film",Datta Naik,"Asad Bhopali, Aziz Kashmiri",H.M.V.,0
180b94d2-fffc-5e03-9f7c-fbf880d44cfa,Vishwas,1969,"Hindi, Film",Kalyanji - Anandji,Gulshan Bawra,H.M.V.,3.0
6b07ace3-9406-5bf0-b89c-24e212f9a1b6,Wapas,1969,"Hindi, Film",Laxmikant - Pyarelal,Majrooh Sultanpuri,H.M.V.,3.5
343c1ca6-58d6-5822-8862-48535adc524e,Waris,1969,"Hindi, Film",R.D. Burman,Rajendra Krishan,H.M.V.,3.33
ba77008c-219a-5bc5-8648-251a375a8895,Yakeen,1969,"Hindi, Film",Shankar - Jaikishan,Hasrat Jaipuri,H.M.V.,3.0
30c0e9ed-d396-52cd-90c4-3fe7298baba6,Aae Mere Laadlo,1970,"Hindi, Non Film",,,Sony Music,0
d1e38d17-70dc-59f0-829d-b1ee5c45c075,Aag Aur Daag,1970,"Hindi, Film",Datta Naik,"S.H. Bihari, Noor Devasi",H.M.V.,3.5
2d37fa0f-3c71-554f-b07a-ba77747b2342,Aan Milo Sajna,1970,"Hindi, Film",Laxmikant - Pyarelal,Anand Bakshi,H.M.V.,3.75
2549e326-6127-5850-86d0-91f6ed6f09da,Aansoo Aur Muskan,1970,"Hindi, Film",Kalyanji - Anandji,"Qamar Jalalabadi, Indeevar",H.M.V.,0
9cef961a-184f-59d9-9c1b-0387d7976310,Abhinetri,1970,"Hindi, Film",Laxmikant - Pyarelal,Majrooh Sultanpuri,H.M.V.,3.75
e6fb30c7-4acc-5e1f-9c1f-26d2264a3b48,Amaanat,1970,"Hindi, Film",Ravi,Sahir Ludhianvi,H.M.V.,3.0
f6ee2a95-1d59-5f1f-bd7c-b11fa6eb6221,Anand,1970,"Hindi, Film",Salil Chowdhury,"Yogesh Gaud, Gulzar",H.M.V.,4.71
2097c33f-d51c-5f8a-95e8-1d35b736fe2c,Bachpan,1970,"Hindi, Film",Laxmikant - Pyarelal,Anand Bakshi,Polydor,0
decf71ba-f497-5afc-9eb5-a2eca1d4c0ab,Bapu Ka Sapna,1970,"Hindi, Film",Ratandeep - Hemraj,Tajdar Taj,H.M.V.,0
73097d47-cb5d-509b-a329-196ab720e04d,Begunah,1970,"Hindi, Film",Usha Khanna,"Manohar Khanna, Asad Bhopali",H.M.V.,0
5266a725-f396-5c6a-9666-248172de6538,Bhagwan Parshuram,1970,"Hindi, Film",Jaikumar,Madan,H.M.V.,0
e563aa3f-26a3-5dfe-bd3e-81ff36974856,Bhai Bhai,1970,"Hindi, Film",Shankar - Jaikishan,"S.H. Bihari, Hasrat Jaipuri",H.M.V.,3.33
784cc415-ae25-5cd1-a5eb-9f246dfc3b76,Bombay Talkie,1970,"English, Film",Shankar - Jaikishan,"Hasrat Jaipuri, Usha Iyer",H.M.V.,3.0
ab2d41d8-1652-5211-bd9b-50882948a272,Chaahe Tu Ya Chaahe,1970,"Hindi, Non Film",,,,0
5b534e96-7baa-5751-abc7-f7b1a8a4668c,Chetna,1970,"Hindi, Film",Sapan - Jagmohan,Naqsh Lyallpuri,H.M.V.,4.0
a2ae6778-6adf-5175-be9b-7221c189cb11,Chhota Parivar,1970,"Hindi, Film",Hari Bhai,Naqi Azmi,H.M.V.,0
6dd33279-2c8a-50a1-8891-43e949ed65bc,Choron Ka Chor,1970,"Hindi, Film",Dattaram,Farooq Qaiser,H.M.V.,0
ec4737b1-8b52-557e-98a3-40cbeaf4369b,Dagabaz,1970,"Hindi, Film",Dilip Rai,"B.D. Mishra, Kaifi Azmi",H.M.V.,3.0
ea8100d9-6008-5af3-8116-8611dc998eb2,Darpan,1970,"Hindi, Film",Laxmikant - Pyarelal,Anand Bakshi,H.M.V.,3.0
89ad899e-6d48-5e22-8a81-622d5efe8b52,Dastak,1970,"Hindi, Film",Madan Mohan,Majrooh Sultanpuri,H.M.V.,4.57
eae73b4c-b2ae-5bad-9354-f7a0ed963eb6,Deedar,1970,"Hindi, Film",Usha Khanna,Verma Malik,H.M.V.,3.0
19076ed1-f406-5aeb-879f-e7f7c11b2eb8,Devi,1970,"Hindi, Film",Laxmikant - Pyarelal,Anand Bakshi,H.M.V.,3.0
93090e93-399b-5df8-8e8f-03443e2f8fe6,Dharti,1970,"Hindi, Film",Shankar - Jaikishan,"Rajendra Krishan, Hasrat Jaipuri",H.M.V.,3.5
d2056990-5957-5258-969b-9f30d0c9d4fa,Ehsan,1970,"Hindi, Film",R.D. Burman,Majrooh Sultanpuri,H.M.V.,3.33
d27e088b-b8fb-5b91-85bb-3025e047cd00,Ek Nannhi Munni Ladki Thi,1970,"Hindi, Film",Ganesh,Asad Bhopali,H.M.V.,0
fc1ab561-27ef-59d3-afe5-77c09c147fc8,Ganwaar,1970,"Hindi, Film",Naushad,Rajendra Krishan,H.M.V.,3.0
470d99a5-a537-5860-a901-3db6c03fe662,Geet,1970,"Hindi, Film",Kalyanji - Anandji,"Prem Dhawan, Hasrat Jaipuri, Anand Bakshi",H.M.V.,3.67
cb793fc9-d7ad-5b6e-b08d-ad3cbf4ef722,Ghar Ghar Ki Kahani,1970,"Hindi, Film",Kalyanji - Anandji,"Qamar Jalalabadi, Hasrat Jaipuri, Rajendra Krishan",H.M.V.,3.67
774901b7-5e67-5e6e-98ed-d07f30b3d833,Gopi,1970,"Hindi, Film",Kalyanji - Anandji,Rajendra Krishan,H.M.V.,0
63169c64-29e4-5399-a1a4-0fcb298da6c8,Gunah Aur Kanoon,1970,"Hindi, Film",Sapan - Jagmohan,"Naqsh Lyallpuri, Anwar Sahasrami",H.M.V.,0
064903fa-ea79-593c-8bef-cb5d6a0a032a,Gunahon Ke Raste,1970,"Hindi, Film",Jagdish Khanna,Naqsh Lyallpuri,H.M.V.,0
dbb3d45e-da45-58ba-924d-332d44910e30,Hamara Adhikar,1970,"Hindi, Film",Chitragupt,Kaifi Azmi,H.M.V.,0
db1dea83-71f6-5099-ac9b-a0e497e490cf,Harishchandra Taramati,1970,"Hindi, Film",Hridaynath Mangeshkar,Virendra Mishra,H.M.V.,3.0
4aef54a2-7549-566a-91ce-b43efcbcd974,Haveli,1970,"Hindi, Film",Sapan - Jagmohan,"Naqsh Lyallpuri, Naseem Saharanpuri",H.M.V.,0
6d9a13f6-51ab-5787-94eb-88d3cd8c8cd5,Heer Raanjha,1970,"Hindi, Film",Madan Mohan,Kaifi Azmi,H.M.V.,3.67
2d99e42f-15b6-51cd-81c4-eb3c1e63fa8f,Himmat,1970,"Hindi, Film",Laxmikant - Pyarelal,Anand Bakshi,H.M.V.,3.5
46e00b51-99cd-5f59-a4f9-d7d4784be9e6,Holi Aaee Re,1970,"Hindi, Film",Kalyanji - Anandji,"Indeevar, Qamar Jalalabadi",H.M.V.,0
dada5b6e-a792-541f-ae6c-8facd0d0fcc2,Humjoli,1970,"Hindi, Film",Laxmikant - Pyarelal,Anand Bakshi,H.M.V.,3.0
a72b041c-fe68-5d04-b15a-1d5cc0c8fac5,Insaan Aur Shaitan,1970,"Hindi, Film",Usha Khanna,"Indeevar, Asad Bhopali",H.M.V.,0
43f8c141-a02f-5eab-bc20-8e9dcab243bb,Inspector,1970,"Hindi, Film",N. Dutta,S.H. Bihari,H.M.V.,0
4f50a81d-3821-5a1a-a83f-0e19fe644cea,Ishq Par Zor Nahin,1970,"Hindi, Film",S.D. Burman,Anand Bakshi,H.M.V.,3.0
cdefade0-284c-5ab6-bf22-db47782bffb2,Jawab,1970,"Hindi, Film",Laxmikant - Pyarelal,Rajendra Krishan,H.M.V.,3.0
ea005603-811a-546a-ace8-16c76502a323,Jeevan Mrityu,1970,"Hindi, Film",Laxmikant - Pyarelal,Anand Bakshi,H.M.V.,4.0
1117b59b-44b2-5adc-91ba-bf6776309ac6,Johny Mera Naam,1970,"Hindi, Film",Kalyanji - Anandji,"Indeevar, Rajendra Krishan",Polydor,0
120b8a82-bbc2-5803-83ab-4192280bc2ac,Jwala,1970,"Hindi, Film",Shankar - Jaikishan,"Rajendra Krishan, Shailendra",H.M.V.,3.0
d55a1d76-880c-520a-9237-246b2ec1227b,Kab? Kyoon? Aur Kahan?,1970,"Hindi, Film",Kalyanji - Anandji,"Anjaan, Indeevar",H.M.V.,2.5
a7243a1d-8048-5b3c-a62d-02d2debe5087,Kati Patang,1970,"Hindi, Film",R.D. Burman,Anand Bakshi,H.M.V.,4.0
c59adcbb-a6a8-5c63-b006-f3f8c79028dd,Kaun Ho Tum,1970,"Hindi, Film",Usha Khanna,"Asad Bhopali, Raja Mehdi Ali Khan, Jan Nisar Akhtar",H.M.V.,0
f767ae51-9700-58f7-80a6-31db88d86f10,Khilona,1970,"Hindi, Film",Laxmikant - Pyarelal,Anand Bakshi,H.M.V.,3.67
927cd513-b6b4-5f72-a74e-ff2c2b975e25,Khooni Darinda (Suraj Dhalne Ke Baad),1970,"Hindi, Film",Ratandeep,M. Sarvar,H.M.V.,0
7eba9a0e-9ec5-50ea-87b2-dfc7e3a5f286,Khooni Saya,1970,"Hindi, Film",Kamalkant,"Aziz Jamali, Ashok - II",H.M.V.,0
79dc809b-66d2-5518-854f-28029c4d95d2,Koi Ghulam Nahin,1970,"Hindi, Film",S.N. Tripathi,Saraswati Kumar Deepak,H.M.V.,0
5dcf0fd5-ae16-53eb-b31a-fb753f7b29f0,Maa Aur Mamta,1970,"Hindi, Film",Laxmikant - Pyarelal,"Anand Bakshi, Sarshar Sailani",H.M.V.,0
67db7c32-e9b4-56d1-a5d0-3f1ef93c2393,Maa Ka Aanchal,1970,"Hindi, Film",Madan Mohan,Kaifi Azmi,H.M.V.,0
38a70a0b-127e-53d4-98b2-ac83735f48c0,Mahraja,1970,"Hindi, Film",Madan Mohan,"Hasrat Jaipuri, Kaifi Azmi, Indeevar, Akhtar Romani",H.M.V.,0
9b676bcd-3913-5d56-a4e1-baca6db8830d,Maine Jab Se Tujhe Aye Jaan-E-Ghazal,1970,"Hindi, Non Film",Taj Ahmad Khan,Saba Afghani,Saregama,0
5d5a5837-de03-5a1b-91fb-4cf7bf728bd3,Man Ki Aankhen,1970,"Hindi, Film",Laxmikant - Pyarelal,Sahir Ludhianvi,H.M.V.,4.0
39ffff2b-6191-5422-8466-2ba49aad9d71,Mangu Dada,1970,"Hindi, Film",C. Arjun,"S.H. Bihari, Indeevar, Jan Nisar Akhtar",H.M.V.,2.5
2a8566fc-47c7-5597-8220-b7b6f6582cb5,Mastana,1970,"Hindi, Film",Laxmikant - Pyarelal,Anand Bakshi,H.M.V.,3.67
83ee09a4-26a3-5dcf-815f-666dde952aa4,Mera Naam Joker,1970,"Hindi, Film","Shankar - Jaikishan, Harry Parr-Davies","Neeraj, Shailendra, Hasrat Jaipuri, Shaily Shailendra, Prem Dhawan, Phil Park",H.M.V.,4.0
d7be4cc6-faf4-55eb-8738-2764d5cd08b0,Mere Geeton Ka Singaar,1970,"Hindi, Non Film",Khayyam,,,0
370a19e5-dd63-5e33-90e6-c742208c71ad,Mere Humsafar,1970,"Hindi, Film",Kalyanji - Anandji,Anand Bakshi,H.M.V.,3.0
697178e4-18ee-5278-b235-c290ad902002,Meri Mohabbat Kabool Kar Lo,1970,"Hindi, Non Film",Khayyam,Khawar Zaman,Saregama,0
20c84c77-68d5-511a-b819-d145adcd4f08,Moojrim,1970,"Hindi, Film",Sonik - Omi,"Hasrat Jaipuri, Verma Malik",Polydor,0
af1e4534-affb-5d0f-bb95-9fbbebf89184,Muddat Huyi Hai,1970,"Hindi, Non Film",Khayyam,Mirza Ghalib,Saregama,0
ce0c6eba-d19c-5996-8e90-2815a727f5f6,Murder On Highway,1970,"Hindi, Film",C. Arjun,"Asad Bhopali, Jan Nisar Akhtar",H.M.V.,0
8c81cf3f-6b74-53e1-b2ac-7dc1db2e188e,My Love (Mera Pyar),1970,"Hindi, Film",Daan Singh,Anand Bakshi,H.M.V.,0
9a834893-ee6f-5d18-8dcb-b74666a8a060,Naya Raasta,1970,"Hindi, Film",Datta Naik,Sahir Ludhianvi,H.M.V.,3.67
30c273d6-8d67-5b19-9f7c-0e1afd3509e0,Night In Calcutta,1970,"Hindi, Film",Usha Khanna,Asad Bhopali,H.M.V.,2.5
505a5991-04ef-54de-953f-93abef9eb255,O Meri Champe Ki Dali,1970,"Hindi, Non Film",,,,0
fb4c1d02-2673-531c-90ee-f5d5182ae0ee,Oos Raat Ke Baad,1970,"Hindi, Film",Hemant Kumar,"Gulzar, Gauhar Kanpuri",H.M.V.,3.0
71147ff2-8693-51b0-9060-86a6a4ac44d8,Pardesi,1970,"Hindi, Film",Chitragupt,Majrooh Sultanpuri,H.M.V.,0
a3f100d8-2bab-564e-bf35-df9ad605b212,Patanga,1970,"Hindi, Film",Shankar - Jaikishan,"Neeraj, Hasrat Jaipuri, Indeevar",H.M.V.,3.0
9dc58a18-284f-5874-99b1-8b9e30886e14,Pavitra Papi,1970,"Hindi, Film",Prem Dhawan,Prem Dhawan,H.M.V.,4.5
b0eb0a3b-176a-517f-a01d-7e18314bfde3,Pehchan,1970,"Hindi, Film",Shankar - Jaikishan,"Indeevar, Neeraj, Verma Malik, Hasrat Jaipuri",H.M.V.,3.67
c1e02e20-0681-53b7-86c1-3710e9abda50,Priya,1970,"Hindi, Film",Kalyanji - Anandji,"Indeevar, Qamar Jalalabadi",H.M.V.,0
33cf8a7e-481e-521a-9b49-f5ebc0dfb9f3,Purab Aur Pachhim,1970,"Hindi, Film",Kalyanji - Anandji,"Indeevar, Traditional, Santosh Anand, Prem Dhawan",H.M.V.,0
991ec030-1a20-5bcb-ac18-0d790adb2ad1,Puraskar (C.I.D. Agent),1970,"Hindi, Film",R.D. Burman,S.H. Bihari,H.M.V.,3.5
8acb8e67-a83a-586a-aae0-3d1328cdc300,Pushpanjali,1970,"Hindi, Film",Laxmikant - Pyarelal,Anand Bakshi,H.M.V.,0
4486f3ca-3a68-52d0-8004-8aa3e5d1ac1d,Qad O Gesoo,1970,"Hindi, Non Film",Taj Ahmad Khan,Mirza Ghalib,Saregama,0
5f23e8fa-d508-5948-8693-3bf4ddb1aacd,Raton Ka Raja,1970,"Hindi, Film",R.D. Burman,"Majrooh Sultanpuri, Rajesh Nahata",H.M.V.,3.67
c578010a-af58-551b-9684-cfe8d041d597,Rootha Na Karo,1970,"Hindi, Film",C. Ramchandra,Hasrat Jaipuri,H.M.V.,2.5
eb6d9876-8369-5022-a0e6-df1abe9c2de9,Saas Bhi Kabhi Bahu Thi,1970,"Hindi, Film",R.D. Burman,Rajendra Krishan,H.M.V.,0
09b8519e-5489-59ae-ac6d-1979eb2d6d32,Saat Phere,1970,"Hindi, Film",Sudhir Sain,"Kaifi Azmi, Sudhir Sain",H.M.V.,0
f493c44a-1966-5443-9db1-4b61fed14d6e,Sachaa Jhutha,1970,"Hindi, Film",Kalyanji - Anandji,"Indeevar, Gulshan Bawra, Qamar Jalalabadi",Polydor,0
341edfe1-03ce-5dab-bd39-610e0dfa9efd,Safar,1970,"Hindi, Film",Kalyanji - Anandji,Indeevar,H.M.V.,4.71
45a359a4-bcc0-5255-98f3-d6b5709b754d,Samaj Ko Badal Dalo,1970,"Hindi, Film",Ravi,Sahir Ludhianvi,H.M.V.,0
d21b7a81-55ea-5a10-881c-720c8c071d9b,Sampoorna Teerthyatra,1970,"Hindi, Film",Shivram,Madan,H.M.V.,0
f55d6638-14d9-5b20-8005-e53d73651d79,Sasta Khoon Mehenga Pyar,1970,"Hindi, Film",Usha Khanna,Asad Bhopali,H.M.V.,0
a3ed0641-17a4-54f7-850e-010d0bc68a2a,Sau Saal Beet Gaye,1970,"Hindi, Film",Usha Khanna,Indeevar,H.M.V.,0
bbb69b30-8e94-578d-8cd2-91fdb184e305,Sawan Bhadon,1970,"Hindi, Film",Sonik - Omi,Verma Malik,H.M.V.,3.5
197d9eec-f31a-51f2-be90-9d5e1e0fab8c,Sharafat,1970,"Hindi, Film",Laxmikant - Pyarelal,Anand Bakshi,H.M.V.,3.0
552cb114-d6ec-5197-980f-75e41e39bee7,Shri Krishna Leela,1970,"Hindi, Film",S.N. Tripathi,Bharat Vyas,H.M.V.,0
2bbc8f41-7ec3-55ad-9f88-05d3192a22ec,Suhana Safar,1970,"Hindi, Film",Laxmikant - Pyarelal,Anand Bakshi,H.M.V.,3.0
a0f50858-6e41-5b53-92a2-5244922f8ca2,Suhani Raat Dhal Chuki,1970,"Hindi, Non Film",,,,0
f447d084-d367-5752-9f55-ac73021d2fd7,Takht Aur Talwar,1970,"Hindi, Film",Avinash Vyas,"Shamim Jaipuri, Madan",H.M.V.,0
ca34a050-a151-575e-888c-d522d5969e5b,Tarzan 303,1970,"Hindi, Film",Harish Dhawan,Prem Dhawan,H.M.V.,0
9bdc4b12-0fde-506b-906d-8eee2c99d4d8,Teri To Chand Sitaron Mein,1970,"Hindi, Non Film",Iqbal,Muzaffar Shahjahanpuri,H.M.V.,0
2a5a6ff7-2838-526e-b6bc-0cdc3d96d291,The Criminals (Hum Sub Chor Hain),1970,"Hindi, Film",Usha Khanna,"Indeevar, Asad Bhopali, Jan Nisar Akhtar",H.M.V.,0
6bd48d68-1344-5c50-8ac2-83661b8dddbc,The Train,1970,"Hindi, Film",R.D. Burman,Anand Bakshi,Polydor,4.67
500ac4fb-c22c-5c76-b83d-cee96a63b1b3,Truck Driver,1970,"Hindi, Film",Sonik - Omi,"Jan Nisar Akhtar, Naqsh Lyallpuri, Amar Chaturvedi, Indeevar, Verma Malik",H.M.V.,0
3febe9e8-7d9e-595d-97c2-62a8e9b2cf5c,Tum Haseen Main Jawan,1970,"Hindi, Film",Shankar - Jaikishan,"Hasrat Jaipuri, Indeevar, Rajendra Krishan",H.M.V.,3.0
e77be7e7-b866-50bd-9830-bd85eb48cf15,Umang,1970,"Hindi, Film",Shankar - Jaikishan,"S.H. Bihari, Neeraj, Hasrat Jaipuri, Anjaan",H.M.V.,2.5
f99b8615-6830-5e0a-b84f-67c3b72f979b,Veer Abhimanyu,1970,"Hindi, Film",Prem Dhawan,Prem Dhawan,H.M.V.,0
d9b54bc9-e33c-53d2-a50a-ec85422396bd,Veer Amarsingh Rathod,1970,"Hindi, Film",Prem Dhawan,Prem Dhawan,H.M.V.,0
bd4deb41-0d7e-503b-9aa6-12e2f082a084,Veer Ghatotkach,1970,"Hindi, Film",Dilip Rai,B.D. Mishra,Polydor,0
b0e05c7c-2865-5180-b417-7e0f6186c782,Yaadgar,1970,"Hindi, Film",Kalyanji - Anandji,"Indeevar, Verma Malik",H.M.V.,3.25
82393af7-5fc3-508b-9785-356050479982,Ziarat Gahe Hind (Zeenat),1970,"Hindi, Film",Mustafa Yusuf,Abdur Rab Chaush,H.M.V.,0
0f335c80-afad-55b6-9d66-2ad6c23689fc,Aap Aye Bahaar Ayee,1971,"Hindi, Film",Laxmikant - Pyarelal,Anand Bakshi,H.M.V.,3.0
7c08c138-61c5-563b-819b-d612e3d40c74,Adhikar,1971,"Hindi, Film",R.D. Burman,Ramesh Pant,H.M.V.,3.5
0e317dca-2bda-5dfe-8f92-756722520510,Aisa Bhi Hota Hai,1971,"Hindi, Film",O.P. Nayyar,"S.H. Bihari, Faruk Kaiser",H.M.V.,0
3a9911bd-d441-57e6-afdf-61c90cbeccb7,Albela,1971,"Hindi, Film",Shankar - Jaikishan,Hasrat Jaipuri,H.M.V.,0
3b4d93c9-3604-5a0f-853c-15852a88a93c,Amar Prem,1971,"Hindi, Film",R.D. Burman,Anand Bakshi,H.M.V.,4.76
5f7e448f-9363-5b90-9343-dcc319b2826f,Andaz,1971,"Hindi, Film",Shankar - Jaikishan,Hasrat Jaipuri,H.M.V.,4.6
38c1ae7c-1573-58e9-8098-bba49ecafce9,Anubhav,1971,"Hindi, Film",Kanu Roy,"Kapil Kumar, Gulzar",H.M.V.,3.5
895572d1-4d58-5445-8ede-f478641215cd,Badnam Basti,1971,"Hindi, Film","Vijay Raghav Rao, Traditional","Harivansh Rai Bachchan, Virendra Mishra, Traditional",H.M.V.,0
d34f4987-f7ca-5ad4-9b11-ff75825e2c48,Badnam Farishte,1971,"Hindi, Film",Datta Naik,Asad Bhopali,Polydor,0
56bd6235-cee3-549a-82e2-d4954aa1d2a6,Bahke Kadam,1971,"Hindi, Film",Usha Khanna,Dharmesh Dutt,H.M.V.,0
2137bd80-96a8-516c-addc-4665c079fe1f,Balidan,1971,"Hindi, Film",Shankar - Jaikishan,Verma Malik,Polydor,3.0
b276f89f-7f64-5122-a9a6-bc2311b9e1a1,Banphool,1971,"Hindi, Film",Laxmikant - Pyarelal,Anand Bakshi,H.M.V.,3.0
bf9e181a-2f6a-5e7f-b977-6d594539b2ba,Behroopia,1971,"Hindi, Film",Usha Khanna,"Anjaan, Asad Bhopali",H.M.V.,0
ed5432f6-6550-5125-a5a1-45e8661bb853,Bigdi Baat Bana De Raam,1971,"Hindi, Non Film",Ravindra Jain,Ravindra Jain,Saregama,0
99c7ff0b-4f47-5eee-9a70-f8c98c66be2a,Bikhre Moti,1971,"Hindi, Film",Laxmikant - Pyarelal,Majrooh Sultanpuri,H.M.V.,3.0
32bf1df3-62f6-50c2-8969-aed62d000646,Brahma Vishnu Mahesh,1971,"Hindi, Film",S.N. Tripathi,"B.D. Mishra, Indeevar",H.M.V.,0
43503e86-95cf-5475-9345-c63d3d5d33df,Buddha Mil Gaya,1971,"Hindi, Film",R.D. Burman,Majrooh Sultanpuri,H.M.V.,4.75
9aba3f8a-4ba2-56c6-951f-456841b6f2c0,Caravan,1971,"Hindi, Film",R.D. Burman,Majrooh Sultanpuri,H.M.V.,3.67
d17e0e43-7e18-5c70-be69-8d888c0ec667,Chahat,1971,"Hindi, Film",Laxmikant - Pyarelal,Anand Bakshi,H.M.V.,0
712c37a1-35ee-50d6-8dec-1e7c7ed130fb,Chandan,1971,"Hindi, Film",Sonik - Omi,Omkar Verma,Polydor,0
c63032e2-590b-59bd-b594-5e9e1fe8d092,Chhoti Bahu,1971,"Hindi, Film",Kalyanji - Anandji,"Indeevar, Uddhav Kumar, Kaifi Azmi",H.M.V.,3.0
025429b9-5b1f-5f97-a3bb-ab5a0ba77867,Chingari,1971,"Hindi, Film",Ravi,Sahir Ludhianvi,H.M.V.,3.0
a56924bd-c29c-5403-9262-a1afa1452055,Do Boond Pani,1971,"Hindi, Film",Jaidev,"Balkavi Bairagi, Kaifi Azmi, M.R. Mukul",H.M.V.,3.0
8e8ee70f-ea56-5f2a-aaf4-24af65d0b827,Do Raha,1971,"Hindi, Film",Sapan - Jagmohan,Indeevar,H.M.V.,3.75
4fba8b1e-dd44-53f0-8486-869ab66c5e2b,Doctor X,1971,"Hindi, Film",Sonik - Omi,"Indeevar, Omkar Verma",H.M.V.,3.0
1e83472a-7f49-5a52-a077-6375248b2b07,Door Ka Rahi,1971,"Hindi, Film",Kishore Kumar,"Irshad, Shailendra, Kishore Kumar",H.M.V.,3.5
c5d4cf0a-a6d2-5df9-972c-957ea21195e2,Dost Aur Dushman,1971,"Hindi, Film",Rajkamal,Asad Bhopali,Polydor,3.33
506a809b-0795-58db-aafa-4ec8b9b7dea8,Duniya Kya Jane,1971,"Hindi, Film",Shankar - Jaikishan,Rajendra Krishan,H.M.V.,3.67
e700aea3-5e88-5e1f-a696-a83851f9e72e,Dushmun,1971,"Hindi, Film",Laxmikant - Pyarelal,Anand Bakshi,H.M.V.,3.67
b7815e0e-2988-54ef-b2c9-4e425502753a,Ek Bechara,1971,"Hindi, Film",Laxmikant - Pyarelal,Anand Bakshi,H.M.V.,0
7910d62d-85b4-5438-841b-eabb999b8ff9,Ek Din Aadhi Raat,1971,"Hindi, Film",Dattaram Wadkar,"Asad Bhopali, Noor Devasi, Farooq Qaiser",H.M.V.,0
2cb1ce30-d08b-5ac5-99af-41a181afc1d0,Ek Haseena Do Diwane,1971,"Hindi, Film",Kalyanji - Anandji,"Anjaan, Kafil Azar, Namwar, Qamar Jalalabadi, Prakash Mehra",H.M.V.,3.33
7e34eaee-c9e5-5f72-b65c-a8749ca27744,Ek Khilari Bawan Pattey,1971,"Hindi, Film",Sonik - Omi,Hasrat Jaipuri,H.M.V.,0
22522a03-e959-57f6-a3e2-de7975887346,Ek Nari Ek Brahmachari,1971,"Hindi, Film",Shankar - Jaikishan,"Anjaan, Neeraj, Kiran Kalyani, Hasrat Jaipuri",H.M.V.,0
755ef092-83f5-59ef-8c3b-47fb8c01d29f,Ek Paheli,1971,"Hindi, Film",Usha Khanna,Asad Bhopali,H.M.V.,0
6fcde5e4-4acd-53eb-8d8e-8ff848f61893,Ek Thi Reeta,1971,"Hindi, Film",Jaidev,"Vikal Saketi, Prem Jalandhari, Sarshar Sailani, Naqsh Lyallpuri, Anjaan",H.M.V.,0
ba4ed1fc-5f3d-5b50-ba04-235e1057559b,Elaan,1971,"Hindi, Film",Shankar - Jaikishan,"Farooq Qaiser, Indeevar, Verma Malik, Hasrat Jaipuri",H.M.V.,4.0
35fef0d2-f5d6-50c3-b8f9-2710c4b1db28,Gambler,1971,"Hindi, Film",S.D. Burman,Neeraj,Polydor,0
60f2464e-d93b-5f10-b32f-b40c8ca9c65c,Ganga Tera Pani Amrit,1971,"Hindi, Film",Ravi,Sahir Ludhianvi,H.M.V.,3.5
e5a89364-f631-50d2-a774-3b08d9a33595,Gehra Raaz,1971,"Hindi, Film","Raj Ravinder, Salil Chowdhury","Akhtar Romani, Asad Bhopali",H.M.V.,0
6eb82459-8539-5802-aaed-43846cb245dc,Guddi,1971,"Hindi, Film",Vasant Desai,Gulzar,H.M.V.,4.71
99e96775-a26f-5bea-8e5a-6b32f3d673d9,Haathi Mere Saathi,1971,"Hindi, Film",Laxmikant - Pyarelal,Anand Bakshi,H.M.V.,3.5
a946f172-6ab0-5943-aef7-edc8db0c1592,Hare Rama Hare Krishna,1971,"Hindi, Film",R.D. Burman,Anand Bakshi,H.M.V.,4.29
daf992cf-2ce0-5f72-b8a9-2d2d19b983cc,Haseenon Ka Devta,1971,"Hindi, Film",Laxmikant - Pyarelal,Anand Bakshi,H.M.V.,3.0
263ebd97-3448-554e-b7ad-06d3711b8045,Hulchul,1971,"Hindi, Film",R.D. Burman,,,0
cd177dc7-407e-5b32-95bc-10ab58cb2e09,Hum Tum Aur Woh,1971,"Hindi, Film",Kalyanji - Anandji,Verma Malik,H.M.V.,0
6d12c430-a419-5978-91a7-8d9c48005ce7,Hungama,1971,"Hindi, Film",R.D. Burman,Anjaan,H.M.V.,4.0
161962a0-c60e-568f-aa30-85bf3a520ad2,Irada,1971,"Hindi, Film","Vithal - Mumtaz, Mohammed Shafi",Kafil Azar,H.M.V.,0
ab48277f-be97-57b7-8e62-b6aa4dcfee39,Jai Jawan Jai Kisan,1971,"Hindi, Film",A.A. Raj,Qamar Saeed,H.M.V.,0
518c8866-6c96-5084-a8e0-e01b38beca43,Jal Bin Machhli Nritya Bin Bijli,1971,"Hindi, Film",Laxmikant - Pyarelal,Majrooh Sultanpuri,H.M.V.,0
7dc8f848-cbba-5047-99f5-ea3a39079739,Jane Anjane,1971,"Hindi, Film",Shankar - Jaikishan,"S.H. Bihari, Hasrat Jaipuri, Gulshan Bawra",H.M.V.,3.0
2bd7454d-63cd-5a21-b098-198d8c477262,Jawan Muhabat,1971,"Hindi, Film",Shankar - Jaikishan,"Hasrat Jaipuri, Rajendra Krishan, Shailendra",H.M.V.,4.0
a7adac89-4fbd-5ff1-a910-1b7e0e76fc9b,Johar Mehmood In Hong Kong,1971,"Hindi, Film",Kalyanji - Anandji,"Qamar Jalalabadi, Indeevar",Polydor,3.5
1e2671a0-1b06-58c0-9ae1-57f472a5cd1d,Joi Bangla Desh,1971,"Hindi, Film",Kalyanji - Anandji,"Qamar Jalalabadi, Indeevar, Farooq Qaiser",H.M.V.,0
8c1f2e52-21cf-5705-9a90-6535abe4e00b,Kabhi Dhoop Kabhi Chaaon,1971,"Hindi, Film",Chitragupt,"Prem Dhawan, Kavi Pradeep",H.M.V.,4.0
a7861f51-b4e0-5f1e-b5c4-062af7636299,Kahin Aar Kahin Paar,1971,"Hindi, Film",Ganesh,"S.H. Bihari, Asad Bhopali, Jan Nisar Akhtar",H.M.V.,0
d6ef9e14-dbc8-5aae-b0d1-346e78cf0afe,Kal Aaj Aur Kal,1971,"Hindi, Film",Shankar - Jaikishan,"Neeraj, Hasrat Jaipuri, Shaily Shailendra",H.M.V.,3.5
58bc9810-9fa2-5f01-b77f-9d31514f2038,Kangan,1971,"Hindi, Film",Kalyanji - Anandji,"Anjaan, Indeevar, Verma Malik",H.M.V.,3.67
a9db3be9-0b51-5678-9eea-49f136701555,Kathputli,1971,"Hindi, Film",Kalyanji - Anandji,"Shadab, Indeevar, Verma Malik",H.M.V.,3.0
b5a96bb7-24ec-50c7-8125-683e1b0b5b5c,Khoj,1971,"Hindi, Film",Usha Khanna,"Mahendra Dehlvi, Asad Bhopali",H.M.V.,0
91e884f6-f4a9-5793-96c6-ab8f3906823a,Ladki Pasand Hai,1971,"Hindi, Film",Sonik - Omi,G.L. Rawal,H.M.V.,3.0
844dcf87-8f7a-5879-a30b-ad0c3597a117,Lagan,1971,"Hindi, Film",Laxmikant - Pyarelal,Anand Bakshi,H.M.V.,0
1b60c83b-e615-5a97-bdab-0f36959e03d2,Lakhon Me Ek,1971,"Hindi, Film",R.D. Burman,Anand Bakshi,H.M.V.,4.33
8e56d3c3-f8b1-5495-82b5-ce03239cf5a9,Lal Patthar,1971,"Hindi, Film","Shankar - Jaikishan, Traditional","Hasrat Jaipuri, Dev Kohli, Neeraj, Traditional",H.M.V.,0
65dbe203-582d-5554-8d43-200999dbc6f8,Main Sundar Hoon,1971,"Hindi, Film",Shankar - Jaikishan,Anand Bakshi,H.M.V.,3.33
230e8f50-b4fb-5b52-ba2c-8cdb2151fed1,Man Mandir,1971,"Hindi, Film",Laxmikant - Pyarelal,Rajendra Krishan,H.M.V.,3.5
9656bbc9-d01b-5ef5-afb8-49e332bc470a,Man Tera Tan Mera,1971,"Hindi, Film",Sapan - Jagmohan,Naqsh Lyallpuri,Polydor,0
91a880df-d846-56fb-ad24-fdd84137d065,Maryada,1971,"Hindi, Film",Kalyanji - Anandji,Anand Bakshi,H.M.V.,0
0cd6d7b9-4d1f-507e-b372-02daef9ef4cf,Mata Vaishno Devi,1971,"Hindi, Film",Dilip Rai,B.D. Mishra,H.M.V.,0
a829a549-f37b-542a-a2c0-d46bf59081fb,Mehboob Ki Mehndi,1971,"Hindi, Film",Laxmikant - Pyarelal,Anand Bakshi,H.M.V.,4.0
20ea2164-3472-5fe4-98eb-afd2ba23e063,Mehmaan,1971,"Hindi, Film",Ravi,Sahir Ludhianvi,H.M.V.,3.0
7462674a-fc1d-5e5d-8bb9-c2fb06eb7d76,Mela,1971,"Hindi, Film",R.D. Burman,Majrooh Sultanpuri,H.M.V.,3.0
294c1063-23a7-5865-bbf7-69d330273a15,Memsaab,1971,"Hindi, Film",Sonik - Omi,Verma Malik,H.M.V.,0
c737f1c8-092e-508a-8d23-af8bdb653a8c,Mera Gaon Mera Desh,1971,"Hindi, Film",Laxmikant - Pyarelal,Anand Bakshi,Polydor,0
f45e053c-861a-5756-8d28-66b7087f3f7c,Mere Apne,1971,"Hindi, Film",Salil Chowdhury,Gulzar,H.M.V.,3.5
4e1ca472-9b7a-500b-bed5-fc8a85e846e7,Murder In Circus,1971,"Hindi, Film",Usha Khanna,Hasrat Jaipuri,H.M.V.,0
56d43197-6300-582d-a0c7-028846c879a3,Naag Pooja,1971,"Hindi, Film",Usha Khanna,"Irshad, Bharat Vyas",H.M.V.,0
76c2b467-76ec-51db-967d-1bf93c136dfb,Nadaan,1971,"Hindi, Film",Shankar - Jaikishan,Hasrat Jaipuri,H.M.V.,0
fd8287c7-92b7-539e-8139-87048cff0e85,Naya Zamana,1971,"Hindi, Film",S.D. Burman,Anand Bakshi,H.M.V.,3.0
1ff6b23b-5947-5092-a92e-cfea37b5a5dc,Necklace Thief,1971,"Hindi, Film","Suman - Jagdish, Usha Khanna",Madhukar Rajasthani,H.M.V.,0
73492ba9-309e-557b-9379-67f222c4c9fd,Padosi,1971,"Hindi, Film",Ravi,"Asad Bhopali, Pravasi, Ravi",H.M.V.,0
15ee7b81-023f-54c6-b440-c9d1c61dbe05,Paras,1971,"Hindi, Film",Kalyanji - Anandji,"Verma Malik, Indeevar, Qamar Jalalabadi",H.M.V.,3.5
5cffecc9-502d-53cf-9dc7-0c2c14b08a10,Paraya Dhan,1971,"Hindi, Film",R.D. Burman,Anand Bakshi,H.M.V.,3.75
d37a5bad-52ca-5acb-8b15-3144fd2bcef8,Parde Ke Peechhey,1971,"Hindi, Film",Shankar - Jaikishan,Rajendra Krishan,H.M.V.,3.5
df61dc97-ed1f-5d8b-8f9a-4e6ac030ba42,Parwana,1971,"Hindi, Film",Madan Mohan,Kaifi Azmi,H.M.V.,3.0
a9d7d27f-3b57-5022-8b28-73d986633a7e,Phir Bhi,1971,"Hindi, Film",Raghunath Seth,"Narendra Sharma, Harivansh Rai Bachchan",H.M.V.,3.67
6970d12e-a6be-54c3-9960-404265a66ca2,Piya Ka Ghar,1971,"Hindi, Film",Laxmikant - Pyarelal,Anand Bakshi,H.M.V.,4.5
d8c6e38e-f540-54d6-8997-0904cdcdede9,Prabhu Ka Naam Japo Man Mere,1971,"Hindi, Non Film",Ravindra Jain,Ravindra Jain,H.M.V.,0
2a514383-59a4-55b1-a24b-d3ccf5e4834e,Preet Ki Dori,1971,"Hindi, Film",Kalyanji - Anandji,Indeevar,H.M.V.,0
c5d344e1-5c93-5a3e-b401-a9310a3c13a8,Preetam,1971,"Hindi, Film",Shankar - Jaikishan,"Hasrat Jaipuri, Rajendra Krishan",H.M.V.,3.33
43cd7039-3f8d-5ee8-9ba3-b27976e18d48,Prem Ki Ganga,1971,"Hindi, Film",Chitragupt,"Prahlad Sharma, Dilip Dholakia",Polydor,0
35fb59d4-3799-5c0f-b785-440f5e80feb9,Pukar,1971,"Hindi, Film",Ejaz - Ashok,Gauhar Rajapuri,H.M.V.,0
44765239-54be-5ac2-9fbc-6ff2a101305c,Purani Pehchan,1971,"Hindi, Film",Bhushan,Naqsh Lyallpuri,H.M.V.,0
739efb22-6f14-5497-a9cb-65c9a60a1278,Pyar Ki Kahani,1971,"Hindi, Film",R.D. Burman,Anand Bakshi,H.M.V.,3.33
8e0dc0f5-2aab-5c45-b359-846672497d44,Rahon Mein Pada Patthar Hoon,1971,"Hindi, Film",Kamal Rajasthani,"Akmal Hyderabadi, Arun Shikwa",H.M.V.,0
e8828208-ea06-5ac7-ab43-9236fe607fbc,Rakhwala,1971,"Hindi, Film",Kalyanji - Anandji,"Rajinder Krishan, Indivar, Hasrat Jaipuri",H.M.V.,3.5
cb4499ea-8b5a-5c52-b6ab-ea49fcfee63b,Ramu Ustad,1971,"Hindi, Film",Raj Ratan,Jan Nisar Akhtar,H.M.V.,0
6ef70712-711d-50b1-8ac9-0e158fde81c5,Reshma Aur Shera,1971,"Hindi, Film",Jaidev,"Uddhav Kumar, Neeraj, Balkavi Bairagi, Rajinder Krishan",H.M.V.,4.33
f1d59795-2740-5567-a41c-ba85f11a54b4,Saat Sawal (Hatimtai),1971,"Hindi, Film",Lala - Sattar,"Farooq Qaiser, Asad Bhopali",H.M.V.,0
c32a7033-c20d-5095-b1c1-cba8aa039c21,Saaz Aur Sanam,1971,"Hindi, Film",Chitragupt,Kaifi Azmi,H.M.V.,0
aee2b0d4-8690-5b7d-8a17-8135d14ed37f,Sampoorna Devi Darshan,1971,"Hindi, Film",S.N. Tripathi,B.D. Mishra,H.M.V.,0
e8c9aa96-424e-5a1f-b85a-82743f939f6b,Sanjog,1971,"Hindi, Film",R.D. Burman,Anand Bakshi,H.M.V.,3.5
ff533d80-e61c-5967-b850-dd5c7b4f3e1b,Sansar,1971,"Hindi, Film",Chitragupt,Sahir Ludhianvi,H.M.V.,0
b8016b60-a71e-5955-b479-086fb8d118ba,Seema,1971,"Hindi, Film",Shankar - Jaikishan,"Verma Malik, Gulzar, Indeevar",H.M.V.,4.0
9859e6cd-2be8-591b-a003-567a65dd89f4,Shan-E-Khuda,1971,"Hindi, Film",Iqbal Qureshi,"Kaifi Azmi, S.H. Bihari, A.H. Rizvi",H.M.V.,0
949f3bce-00ad-59cc-b4eb-41697cea4743,Shararat,1971,"Hindi, Film",Ganesh,"Hasrat Jaipuri, Indivar",H.M.V.,3.0
f5b678c5-5288-57a3-9a35-871a73e348b2,Sharmilee,1971,"Hindi, Film",S.D. Burman,Neeraj,H.M.V.,4.6
b426d891-7d18-5f52-8ae7-c454b9fa32d7,Sher-E-Watan,1971,"Hindi, Film",Usha Khanna,Asad Bhopali,H.M.V.,0
4a810d65-6871-5c35-bcf6-4add4498e0f1,Shree Krishna Arjun Yuddh,1971,"Hindi, Film",Nandu - Pyare,Pandit Madhur,H.M.V.,3.0
194842db-0634-50a3-a865-5cd3b1ab512c,Subah Kahin Sham Kahin,1971,"Hindi, Film",Himangshu Biswas,R.S. Preetam,H.M.V.,0
cb7ce7a4-f3aa-5d7e-9e65-c755a2485ff1,Sweetheart,1971,"Hindi, Film",Kalyanji - Anandji,Anand Bakshi,H.M.V.,0
3c6ba0ef-5b0b-5150-802f-e48b05e3cdb5,Tere Mere Sapne,1971,"Hindi, Film",S.D. Burman,Neeraj,Polydor,4.5
1a4e0e84-a376-55ba-8602-cff4d2d16fe6,Tulsi Vivah,1971,"Hindi, Film",C. Ramchandra,Kavi Pradeep,H.M.V.,0
ff8fa494-279b-51d9-ba99-85511b79fe47,Umeed,1971,"Hindi, Film",Ravi,"Shakeel Badayuni, Ravi",H.M.V.,3.5
d9eeb39d-cf11-5fbd-b386-2112757fa0d9,Upaasna,1971,"Hindi, Film",Kalyanji - Anandji,"Rajendra Krishan, Indeevar",H.M.V.,3.0
4b477585-e492-579e-8ea6-40c58ca9430e,Uphaar,1971,"Hindi, Film",Laxmikant - Pyarelal,Anand Bakshi,H.M.V.,0
8bfcb492-49d2-5b9b-a95d-f6eaff23b7d6,Ustad Pedro,1971,"Hindi, Film",C. Arjun,Asad Bhopali,H.M.V.,0
c5eb9673-c7a6-5c9e-9cac-51a94936ee0d,Veer Chatrasal,1971,"Hindi, Film",S.N. Tripathi,"Balkavi Bairagi, Mahakavi Bhushan, Neeraj",H.M.V.,0
db9c82d7-abde-564f-a2e0-7771547a8ba9,Woh Din Yaad Karo,1971,"Hindi, Film",Laxmikant - Pyarelal,Anand Bakshi,H.M.V.,4.0
e2386143-2aa8-52f9-8966-6742442c5232,Yaar Mera,1971,"Hindi, Film",Shankar - Jaikishan,"Neeraj, Hasrat Jaipuri, S.H. Bihari",H.M.V.,3.0
48d2b7ba-9bc6-5b3e-b843-f8f3c4320798,Aan Baan,1972,"Hindi, Film",Shankar - Jaikishan,"Hasrat Jaipuri, Gulshan Bawra",H.M.V.,2.5
9126ca2b-ed47-5515-a03c-f3ca074e94d3,Aankh Micholi,1972,"Hindi, Film",Shankar - Jaikishan,Rajendra Krishan,H.M.V.,0
5fbe101a-0f49-51be-96e6-5df1518f64de,Aankhon Aankhon Mein,1972,"Hindi, Film",Shankar - Jaikishan,"Hasrat Jaipuri, Verma Malik",H.M.V.,3.67
a4685894-375b-5da7-a204-a96b893616ee,Aansoo,1972,"Hindi, Film",Roshanlal Khatri,"Aish Kanwal, Qamar Kashmiri",H.M.V.,0
279e8b45-e1c4-5f94-b538-48a90c978667,Aas,1972,"Hindi, Film",Shankar - Shambhu,"Siraj Agazi, Arshi Hyderabadi, Asif Allahabadi",H.M.V.,0
e4acca14-e39d-5858-b02a-a644dcd32b4b,Achha Bura,1972,"Hindi, Film",Rajkamal,"Asad Bhopali, Balkavi Bairagi",H.M.V.,0
c4c05c23-e5bd-5200-a500-81109a8bf48d,Ang Se Ang Lagale,1972,"Hindi, Film",Pradeep Roychowdhury,Naqsh Lyallpuri,H.M.V.,0
d99f5eb7-f163-5590-a8f2-ebeff5b51348,Annadata,1972,"Hindi, Film",Salil Chowdhury,Yogesh,H.M.V.,4.5
267d5408-53e6-590d-9fd0-479f87f660f0,Anokha Daan,1972,"Hindi, Film",Salil Chowdhury,"Yogesh, Gulzar",H.M.V.,3.67
3d85a24e-2a7f-528d-baba-3e7eb03469fc,Anokha Milan,1972,"Hindi, Film",Salil Chowdhury,"Yogesh, Salil Chowdhury",H.M.V.,0
790d80d3-a666-5b45-ae63-1725e1725fb9,Anokhee Pehchan,1972,"Hindi, Film",Kalyanji - Anandji,Anand Bakshi,H.M.V.,3.0
40f5cdc8-7932-5236-b33b-533bfd38c4b8,Anuraag,1972,"Hindi, Film",S.D. Burman,Anand Bakshi,H.M.V.,3.5
3afa214c-069c-5440-b96f-44f35541b97d,Apna Desh,1972,"Hindi, Film",R.D. Burman,Anand Bakshi,H.M.V.,4.0
0753a34e-6937-5844-9f91-06af92408a05,Apradh,1972,"Hindi, Film",Kalyanji - Anandji,"Indeevar, Hasrat Jaipuri",H.M.V.,3.33
a058ea92-d9b6-5566-907b-7480c8ee35f2,Ashaar Mere Yun Toh Zamane Ke,1972,"Hindi, Non Film",Khayyam,Jan Nisar Akhtar,Saregama,0
f0a5206b-2186-5e9f-9b10-d60c7890b4c1,Baankelal,1972,"Hindi, Film",Pardesi,Pandit Madhur,Polydor,0
4418d7b0-b0c3-533c-b686-17d7973f770a,Baazigar,1972,"Hindi, Film",Sapan - Jagmohan,Naqsh Lyallpuri,H.M.V.,0
157118aa-f472-5f1d-9cd1-e24ae671a658,Babul Ki Galiyan,1972,"Hindi, Film",Ravi,Rajendra Krishan,H.M.V.,3.5
c2142ac0-0a95-5c08-a650-55cfb5776e3c,Baharo Phool Barsao,1972,"Hindi, Film",Rajan - Pal,Qamar Jalalabadi,H.M.V.,0
7bddecc1-dfbe-531d-b0f7-cbea477c497d,Bandgi,1972,"Hindi, Film",Shankar - Jaikishan,Rajendra Krishan,H.M.V.,0
201df329-872a-54c4-b779-a7644e21ef59,Bansi Birju,1972,"Hindi, Film",Vijay Raghav Rao,Yogesh Gaud,H.M.V.,0
62e42e95-caa9-57fe-8400-5bfb8cbf100f,Barkha Bahar,1972,"Hindi, Film",Laxmikant - Pyarelal,Majrooh Sultanpuri,H.M.V.,0
e71a2f6e-9cd7-5613-aced-15bc6cd13f4c,Bawarchi,1972,"Hindi, Film",Madan Mohan,"Kaifi Azmi, Gulzar, Harindranath Chattopadhyay",H.M.V.,4.25
fd0eeb52-3c0a-529a-9613-de92d6ca59ce,Be-Imaan,1972,"Hindi, Film",Shankar - Jaikishan,Verma Malik,H.M.V.,3.67
126427af-3959-5673-b8d9-977c0f6694bf,Bees Saal Pahele,1972,"Hindi, Film",Hemant Kumar,S.H. Bihari,H.M.V.,0
17286bfd-5d53-5041-bd86-656ecb142df7,Bhaavna,1972,"Hindi, Film",Jaidev,Naqsh Lyallpuri,H.M.V.,0
d063c2df-a350-5f85-80cb-806e1c5e7964,Bhai Ho To Aisa,1972,"Hindi, Film",Sonik - Omi,Sahir Ludhianvi,Polydor,3.0
46b1aecf-8430-59d7-9c27-7682b2dcc3c2,Bharat Ke Shaheed,1972,"Hindi, Film",Prem Dhawan,"Prem Dhawan, Madan",H.M.V.,0
928398b6-ffcb-512f-8c4c-d4cc126d81ce,Bombay To Goa,1972,"Hindi, Film","R.D. Burman, Various artists","Rajinder Krishan, Usha Iyer, Various artists",H.M.V.,3.33
d5eb36f8-749e-55ea-8870-cdd45e68acac,Buniyaad,1972,"Hindi, Film",Laxmikant - Pyarelal,Anand Bakshi,H.M.V.,3.5
5ea69e0a-f454-5863-bc15-10e08564a047,Chhote Sarkaar,1972,"Hindi, Film",Shankar - Jaikishan,Rajendra Krishan,H.M.V.,2.5
2128de33-215b-5bc9-b974-b3a56ed6979f,Darar,1972,"Hindi, Film",Sudhir Phadke,"Kulwant Jani, Mahendra Dehlvi",H.M.V.,0
5fc35777-f039-5287-9f15-c239ff6856af,Dastaan,1972,"Hindi, Film",Laxmikant - Pyarelal,Sahir Ludhianvi,H.M.V.,3.0
fca35396-2806-5f4b-b96a-13533aa0f5fa,Desh Ke Naam,1972,"Hindi, Film",Vijay Sudhakar,Kumar Shailendra,H.M.V.,0
6e331049-836a-5200-b57c-40d5c2bbec7c,Dharkan,1972,"Hindi, Film",Ravi,"Ravi, Prem Dhawan, Ali Jalili",H.M.V.,3.5
b7e5e763-6a79-576b-b258-5e96e2b297ef,Dil Daulat Duniya,1972,"Hindi, Film",Shankar - Jaikishan,"Verma Malik, Hasrat Jaipuri, Neeraj, Shaily Shailendra",H.M.V.,0
f07211e1-754a-5c52-b8df-49a168428ebc,Dil Ka Raaja,1972,"Hindi, Film",R.D. Burman,Majrooh Sultanpuri,H.M.V.,2.5
a4f09262-728f-5456-a9b3-14ceb754681e,Do Bachche Dus Haath,1972,"Hindi, Film",Sonik - Omi,Verma Malik,H.M.V.,0
a4980f5f-b038-5033-b238-ab63fd76d6d8,Do Chor,1972,"Hindi, Film",R.D. Burman,Majrooh Sultanpuri,H.M.V.,4.0
a775dff3-4c9b-5e32-9c40-dd5540ca0381,Do Gaz Zameen Ke Neeche,1972,"Hindi, Film",Sapan - Jagmohan,Naqsh Lyallpuri,H.M.V.,0
d171413f-e495-51fc-b58c-6bac26b74718,Do Phool,1972,"Hindi, Film",R.D. Burman,Majrooh Sultanpuri,H.M.V.,3.0
097dc769-a9a2-583d-a0e9-17bd1c6c67b3,Do Yaar,1972,"Hindi, Film",Sonik - Omi,"Omkar Verma, Verma Malik, Masoom Saharanpuri",Polydor,0
a59c490f-cfba-55ab-a1b2-15a775a6b50c,Ek Bar Mooskura Do,1972,"Hindi, Film",O.P. Nayyar,"S.H. Bihari, Shewan Rizvi, Indeevar",Polydor,3.5
1859ecc0-dfa8-5398-9baf-5587ec28bf7d,Ek Nazar,1972,"Hindi, Film",Laxmikant - Pyarelal,Majrooh Sultanpuri,Polydor,4.0
731417f5-40cc-5ebf-9bc8-47483e7752b3,Gaon Hamara Shaher Tumhara,1972,"Hindi, Film",Laxmikant - Pyarelal,Rajendra Krishan,H.M.V.,3.0
9dc25819-e0c6-5e65-8398-cec30bea88d4,Garam Masala,1972,"Hindi, Film",R.D. Burman,Majrooh Sultanpuri,H.M.V.,0
e4bf70f6-24cc-5b12-b8d0-934fb28fa990,Gomti Ke Kinare,1972,"Hindi, Film",R.D. Burman,Majrooh Sultanpuri,H.M.V.,4.0
ec903b12-e0d0-51a8-8f72-e4b296b07392,Gora Aur Kala,1972,"Hindi, Film",Laxmikant - Pyarelal,Anand Bakshi,H.M.V.,3.0
11b66e95-3ed2-524a-8e1e-146dd7d31720,Guru Aur Chela,1972,"Hindi, Film",C. Arjun,"Saleem Sagar, Verma Malik, Dev Kohli, Asad Bhopali",H.M.V.,0
31c00319-34e0-5951-b541-2deac55861a9,Haar Jeet,1972,"Hindi, Film",Laxmikant - Pyarelal,Anand Bakshi,H.M.V.,0
993f0057-91ba-5f14-9b42-42e2ce593c9a,Har Ek Husn Tera Aaina Lage,1972,"Hindi, Non Film",Khayyam,Jan Nisar Akhtar,Saregama,0
6b4b7a0e-2250-50aa-ac71-c88ba709b774,Hari Darshan,1972,"Hindi, Film",Kalyanji - Anandji,Kavi Pradeep,H.M.V.,3.0
9bda090b-4902-542d-86c8-49a80efc98e5,Hindustan Ki Kasam,1972,"Hindi, Film",Madan Mohan,Kaifi Azmi,H.M.V.,3.67
87f50b73-17be-5573-8e85-9b62d771b55f,Hum Se Bhaaga Na Karo Door,1972,"Hindi, Non Film",Khayyam,,Saregama,0
158aaeea-4aac-52e3-a11e-d5f44b81a0b5,Intezar,1972,"Hindi, Film",Chitragupt,Verma Malik,H.M.V.,2.5
c9ce0004-576c-53f7-823c-98bdc72e05c2,Jaanwar Aur Insaan,1972,"Hindi, Film",Kalyanji - Anandji,"Gulshan Bawra, Indeevar",H.M.V.,3.0
4c85c3c3-d33b-58c2-949e-fe815265b6dc,Jai Jwala (Puja Aur Payal),1972,"Hindi, Film",Kamalkant,"Noor Devasi, Naqsh Lyallpuri",H.M.V.,2.5
59843cf2-96fd-5608-bf77-5f396cb51865,Jangal Mein Mangal,1972,"Hindi, Film",Shankar - Jaikishan,"Hasrat Jaipuri, Neeraj",H.M.V.,0
f61dc1fa-0303-5c6d-b4b7-4f6b8512c37a,Jawani Diwani,1972,"Hindi, Film",R.D. Burman,Anand Bakshi,Polydor,4.0
fea4a212-63cc-5761-a814-a12261db31f2,Jeet,1972,"Hindi, Film",Laxmikant - Pyarelal,Anand Bakshi,H.M.V.,3.0
ebeff1b9-ab5c-562f-9f10-e6105312c848,Jeevan Rekha,1972,"Hindi, Film","Jagdish J., Suman Raj","Dev Kohli, Anjaan, Kafil Azar",H.M.V.,0
6f457876-77ff-5645-b58e-52724c15fa6b,Jeewan Sukh,1972,"Hindi, Film",Sapan - Jagmohan,"Jan Nisar Akhtar, Naqsh Lyallpuri, Ved Kumar 'Saroj'",H.M.V.,0
dc443286-9a03-594f-acbf-21fd84d57c33,Johny Uska Naam,1972,"Hindi, Film",Sapan - Jagmohan,Naqsh Lyallpuri,H.M.V.,0
b9b70396-0194-5653-a87f-f4d38c8f2042,Joroo Ka Ghulam,1972,"Hindi, Film",Kalyanji - Anandji,Anand Bakshi,H.M.V.,3.33
a22c0262-c48c-54a4-855e-d6fdd0a587d2,Kaamna,1972,"Hindi, Film",Usha Khanna,Naqsh Lyallpuri,H.M.V.,0
2e7d612e-5841-5ae0-8326-6f961ec5653e,Kaanch Aur Heera,1972,"Hindi, Film",Ravindra Jain,Ravindra Jain,H.M.V.,3.0
ebeac996-1854-58ac-a1aa-96ee59074959,Kaun Sachha Kaun Jhoota,1972,"Hindi, Film",Satyam,Keval,H.M.V.,0
cb915d7b-aa94-5f13-9532-f7fb2ea442b0,Kirchen,1972,"Hindi, Film",Sunita - Anuradha,Anwar Nadeem,H.M.V.,0
bb71885b-c56d-57c5-ab76-6f9f28acc096,Koshish,1972,"Hindi, Film",Madan Mohan,Gulzar,H.M.V.,0
129e89aa-a59d-5d49-bcf3-d01d975fe126,Kundan,1972,"Hindi, Film",Ganesh,Majrooh Sultanpuri,H.M.V.,3.5
0b55b61e-e330-5066-b5d3-7dab42294c0f,Lalkar,1972,"Hindi, Film",Kalyanji - Anandji,"Indeevar, Hasrat Jaipuri, Mahendra Dehlvi, Kulwant Jani",Polydor,3.0
180e8c10-b1db-5ea3-806d-8c49eb717aa9,Loafer,1972,"Hindi, Film",Laxmikant - Pyarelal,Anand Bakshi,H.M.V.,3.0
6bfe145b-c59b-5085-8e67-e1eded1fee26,Maa Bahen Aur Biwee,1972,"Hindi, Film",Sharda,"Qamar Jalalabadi, Vedpal Varma",H.M.V.,3.33
3ce4e946-aa0d-54bc-bb37-bf412503694a,Maalik,1972,"Hindi, Film",Kalyanji - Anandji,Rajendra Krishan,H.M.V.,0
2135b99b-db9f-5920-b5d9-1bfd5d4b937d,Maanavata,1972,"Hindi, Film",Kalyanji - Anandji,"Indeevar, Gulshan Bawra",Polydor,3.5
ebfe501c-3f42-513b-94b1-93f19409837e,Maha Shivratri,1972,"Hindi, Film",Shri Nath Tripathi,B.D. Mishra,H.M.V.,0
cccc0f59-f701-5464-902f-0bd6bf1287fb,Man Jaiye,1972,"Hindi, Film",Jaidev,Naqsh Lyallpuri,H.M.V.,3.5
392c75da-f950-51aa-bbe4-1a96b8bdf08f,Mangetar,1972,"Hindi, Film",Sudhir Sain,Kaifi Azmi,H.M.V.,0
cf6775dc-b7be-5775-8f76-2b9288a060aa,Maya Darpan,1972,"Hindi, Film",Bhaskar Chandavarkar,,,0
72cc760b-220f-5927-b415-a048be405cc4,Mehmil,1972,"Hindi, Film",Sonik - Omi,"Kafil Azar, Qamar Jalalabadi",H.M.V.,0
58d2150c-a41f-507a-96c7-3aa72d0654bd,Mere Bhaiya,1972,"Hindi, Film",Salil Chowdhury,"Yogesh, Som Thakur",H.M.V.,3.0
6a81bd09-c24e-5db5-b05c-3d8e291e42dc,Mere Jeevan Saathi,1972,"Hindi, Film",R.D. Burman,Majrooh Sultanpuri,H.M.V.,4.5
c4900ad0-1d11-5f8c-adf5-a6ecde9af556,Milap,1972,"Hindi, Film",Brij Bhushan,Naqsh Lyallpuri,H.M.V.,4.0
9445ff1b-c502-5847-8f4f-e5d5148e8b7c,Miss Chalbaaz,1972,"Hindi, Film",Rajan - Nagendra,Raj Joshi,H.M.V.,0
dedb1fa1-ae68-5564-93a4-3f9b1f054390,Mome Ki Gudiya,1972,"Hindi, Film",Laxmikant - Pyarelal,Anand Bakshi,H.M.V.,3.0
e3e4a7a9-9ed0-55a9-bc31-8142de82bd04,Munimji,1972,"Hindi, Film",Usha Khanna,"Amanullah Khan 'Aman', Hasrat Jaipuri, Neeraj",H.M.V.,3.0
78aeeb80-de15-57fc-81e3-d27f1ecf3ab9,Naag Panchami,1972,"Hindi, Film",Ravi,Indeevar,H.M.V.,0
b2aa03e4-b1d9-5d91-8308-67f5dc54eba0,Nagina,1972,"Hindi, Film",Shankar - Jaikishan,"Hasrat Jaipuri, P.L. Santoshi",H.M.V.,0
360010fb-dfa2-5830-ad13-b5caca48daaf,Narad Leela,1972,"Hindi, Film",Narayan Dutt,Madan,H.M.V.,0
33c4e1a1-7566-5bbc-b2d3-370aa7a49ead,Paise Ki Gudiya (Ghunghat Aur Ghunghroo),1972,"Hindi, Film",Laxmikant - Pyarelal,Verma Malik,H.M.V.,3.33
82a8ea4a-caf9-5fc2-8eef-e7ea3f156307,Pakeezah,1972,"Hindi, Film","Naushad, Ghulam Mohammed","Traditional, Kaif Bhopali, Kaifi Azmi, Majrooh Sultanpuri, Kamal Amrohi",H.M.V.,3.0
5483410e-6602-5ae0-ab22-59b72e71a63b,Parchhaiyan,1972,"Hindi, Film",R.D. Burman,Majrooh Sultanpuri,Polydor,3.0
d8b2a616-b2d6-52c2-9a22-43127e47ac31,Parichay,1972,"Hindi, Film",R.D. Burman,Gulzar,H.M.V.,4.5
2ddbaa79-a8e6-5999-8980-9f6ac532e9e0,Parivartan,1972,"Hindi, Film","M.K. Pujari, Chand Pardesi","Nawal, Neeraj",H.M.V.,0
547f0383-a804-523e-85cc-787c8832f3f0,Pasand Apni Apni,1972,"Hindi, Film",Vishnu Khanna,"Amar - I, Shiv Kumar Saroj",Polydor,0
a02f34d4-c948-563b-ab00-a01f10a433e2,Pattharon Ka Shaher,1972,"Hindi, Film",Usha Khanna,Irshad,H.M.V.,3.5
29dedcfa-d7a5-5e1f-a1b3-33a0101f022a,Prabhu Main Aap Hi Aap Bhulaya,1972,"Hindi, Non Film",Ravindra Jain,Ravindra Jain,Saregama,0
85ff0f15-9aee-50c2-bc15-505e34afc949,Putlibai,1972,"Hindi, Film",Jaikumar Paarte,"Anjaan, Zafar Gorakhpuri",H.M.V.,3.0
9e4bc829-2122-5792-ae98-169e9cc0420c,Pyar Diwana,1972,"Hindi, Film",Lala - Sattar,Asad Bhopali,H.M.V.,0
f263587f-8489-518c-b678-b06665fc799e,Pyar Ki Boond,1972,"Hindi, Film",Sardar - Lakshmi,Kapil Kumar,H.M.V.,0
d89579e6-2392-5361-987f-e6e397c323ef,Raampur Ka Lakshman,1972,"Hindi, Film",R.D. Burman,Majrooh Sultanpuri,H.M.V.,3.67
f53f6f42-e874-5373-b974-13d961b5fe54,Raaste Kaa Patthar,1972,"Hindi, Film",Laxmikant - Pyarelal,Anand Bakshi,Polydor,3.67
90507fa0-a245-5305-97b4-4a0569322fc0,Raja Jani,1972,"Hindi, Film",Laxmikant - Pyarelal,Anand Bakshi,H.M.V.,3.67
d0950494-052e-5819-8e47-5e1f7e7610b6,Raja Rani,1972,"Hindi, Film",R.D. Burman,Anand Bakshi,H.M.V.,3.5
6cacbb70-6e75-5aa4-9586-3e1cce47ef8e,Rakhi Aur Hathkadi,1972,"Hindi, Film",R.D. Burman,Majrooh Sultanpuri,H.M.V.,4.0
b123551c-448b-546b-85a2-a7309782d99a,Rani Mera Nam,1972,"Hindi, Film",R.D. Burman,Majrooh Sultanpuri,H.M.V.,0
0cdb05ac-d307-59d5-8ac3-a54b65237563,Ratna Daku,1972,"Hindi, Film",Satyam,B.R. Tripathi,H.M.V.,0
97986cc5-a4da-55a4-9d61-51c1cca11724,Return Of Johny,1972,"Hindi, Film",N. Datta,S.R. Saaz,H.M.V.,2.5
1b26a5d0-9a74-5e4c-84fd-2df5aab83aa5,Rivaaj,1972,"Hindi, Film",Shankar - Jaikishan,"Kaifi Azmi, Anjaan, Neeraj, Indivar, Hasrat Jaipuri, S.H. Bihari",H.M.V.,0
b46aecf4-0099-5348-85eb-5dc6ea709465,Roop Tera Mastana,1972,"Hindi, Film",Laxmikant - Pyarelal,"Asad Bhopali, Anand Bakshi, Verma Malik",H.M.V.,2.5
af39a75f-954d-5662-9667-5fcab16c7f5f,Rut Rangeeli Ayee,1972,"Hindi, Film",Ratandeep - Hemraj,"Tajdar Taj, Hasrat Jaipuri",H.M.V.,0
0037970d-f15b-51e5-8751-f0d434f08daa,Sa Re Ga Ma Pa (Jawani Mastani),1972,"Hindi, Film",Ganesh,Majrooh Sultanpuri,H.M.V.,0
3eb93eaf-801b-5b30-92d8-52e5a3ad5a60,Sabse Bada Sukh,1972,"Hindi, Film",Salil Chowdhury,Yogesh Gaud,H.M.V.,3.5
e51d3a1d-3f9b-5748-83fc-7b05aedb6933,Samaanta,1972,"Hindi, Film",Nitin - Mangesh,"Omkar Verma, Qamar Jalalabadi",H.M.V.,0
568c5f63-f83a-53f5-be42-bd042a82e4c1,Samadhi,1972,"Hindi, Film",R.D. Burman,Majrooh Sultanpuri,H.M.V.,4.25
21b7e069-9e07-58bf-b0ed-289026c38ca0,Sant Tulsidas,1972,"Hindi, Film","Ram Kadam, Brijmohan Vyas","B.D. Mishra, Brijmohan Vyas",H.M.V.,0
63fe9ebf-9bdd-5468-86fe-02f69944ae0e,Savera,1972,"Hindi, Film",R.D. Burman,Majrooh Sultanpuri,Polydor,2.5
60ed3efc-14f8-5c92-b6f1-4f2e60fe8d29,Sazaa,1972,"Hindi, Film",Sonik - Omi,Verma Malik,H.M.V.,0
17888c48-4fc3-589f-8f06-8174fdea15a5,Seeta Aur Geeta,1972,"Hindi, Film",R.D. Burman,Anand Bakshi,H.M.V.,3.5
167d9ec6-207a-5475-aa14-23779c5e817e,Shaadi Ke Baad,1972,"Hindi, Film",Laxmikant - Pyarelal,Anand Bakshi,H.M.V.,0
bc6bdd37-ec0e-58d2-88da-70397aff269a,Shaher Se Door,1972,"Hindi, Film",Sonik - Omi,Verma Malik,H.M.V.,2.5
042d4ea5-3c0b-5c02-80a8-b00ee219a090,Shair-E-Kashmir Mahjoor,1972,"Hindi, Film",Prem Dhawan,"Kaifi Azmi, Prem Dhawan",H.M.V.,0
26aaa526-74a4-5c97-a97f-2a65635b45a3,Shehzada,1972,"Hindi, Film",R.D. Burman,Rajendra Krishan,H.M.V.,3.33
c9fdcb1e-5083-5e10-ba3a-de59fcc497bf,Shor,1972,"Hindi, Film",Laxmikant - Pyarelal,"Santosh Anand, Inderjeet Singh Tulsi, Verma Malik",H.M.V.,4.5
255a1d60-8db7-54b2-b8a2-761fbdec7124,Society,1972,"Hindi, Film",Narayan Naidu,Anjaan,H.M.V.,0
6b6a0f30-ecc9-58cc-a8b5-ede9376445bb,Sub Ka Saathi,1972,"Hindi, Film",Kalyanji - Anandji,Rajendra Krishan,H.M.V.,3.33
a9ac1f4f-6c8b-5758-92ad-7fd5dfebd72a,Subah-O-Sham,1972,"Hindi, Film",Laxmikant - Pyarelal,Anand Bakshi,H.M.V.,3.0
5579b4d8-824c-5d88-ab6d-ed96e928a35a,Sultana Daku,1972,"Hindi, Film",Madan Mohan,Kaifi Azmi,H.M.V.,0
33c1508d-349d-5506-a25d-7f9233ed85af,Tangewala,1972,"Hindi, Film",Naushad,Majrooh Sultanpuri,H.M.V.,2.5
1b5122c0-ef50-5ce7-a1d7-c6c278ef9431,Tanhaai,1972,"Hindi, Film",Usha Khanna,"Aman - II, Asad Bhopali",H.M.V.,0
940fdc62-52c5-5ded-9c8b-06d5a92fe368,Taxi Driver,1972,"Hindi, Film",O.P. Nayyar,"Ahmed Wasi, Farooq Qaiser",H.M.V.,2.5
c2225f5c-9114-56b7-90d8-b00b09275bc8,Ustad Mera Naam,1972,"Hindi, Film",Satyam,Prem Dhawan,H.M.V.,0
4e835e98-fd40-580b-9370-c7dd482a936e,Vatan Ki Khatir,1972,"Hindi, Film",Kartick Kumar - Basant Kumar,Shakeel Ahmed,H.M.V.,0
639d1d32-110f-5789-9a81-a8cc8a9be57e,Victoria No. 203,1972,"Hindi, Film",Kalyanji - Anandji,"Verma Malik, Indeevar",H.M.V.,4.0
1958e590-955b-5dba-ad4d-a02be4d18f1c,Wafaa,1972,"Hindi, Film",Laxmikant - Pyarelal,Rajendra Krishan,H.M.V.,0
47f5b555-f6d4-5849-9336-4065faf5581e,Ye Gulistan Hamara,1972,"Hindi, Film",S.D. Burman,"Anand Bakshi, Dr. Iqbal",H.M.V.,2.5
a7c68b88-ff18-53c2-b17b-b6cf62e9743a,Zameen Aasman,1972,"Hindi, Film",Kishore Kumar,"Indeevar, Anand Bakshi",H.M.V.,0
1aa98ddf-9884-5970-bb56-14aeba706150,Zindagi Zindagi,1972,"Hindi, Film",S.D. Burman,Anand Bakshi,H.M.V.,3.33
ad828e17-c685-57d5-bab5-478a4af22b0b,5 Dushman,1973,"Hindi, Film",R.D. Burman,Majrooh Sultanpuri,H.M.V.,4.0
30b1619b-5219-541b-98c3-eab1f38a59a3,5 Rifles,1973,"Hindi, Film","Kalyanji - Anandji, Aziz Nazan","Rajendra Krishan, Nazan Sholapuri, Indeevar",H.M.V.,2.5
7cda6ce1-ee48-5369-baa6-2f02e0f57640,Aa Gale Lag Jaa,1973,"Hindi, Film",R.D. Burman,Sahir Ludhianvi,Polydor,3.5
5b9cfca6-b58c-590b-a4fc-88341b65010b,Aaj Ki Dhara (Aaj Ki Radha),1973,"Hindi, Film",Sapan - Jagmohan,"Naqsh Lyallpuri, Indeevar",H.M.V.,0
8c46a220-9372-5b99-a447-91ebbfefdcac,Aaj Ki Taaza Khabar,1973,"Hindi, Film",Shankar - Jaikishan,Hasrat Jaipuri,H.M.V.,0
b3f1a120-e42a-52d4-9c87-2200ac111381,Aangan,1973,"Hindi, Film",Sonik - Omi,"Indeevar, Omkar Verma",H.M.V.,0
5293451f-7a9d-5b1b-ba8c-89a7ba4476b9,Aap Ki Kasam,1973,"Hindi, Film",R.D. Burman,Anand Bakshi,H.M.V.,4.0
44eeb5d0-612b-554f-ad3b-b4c4fd48c312,Aarop,1973,"Hindi, Film",Bhupen Hazarika,Maya Govind,H.M.V.,3.67
caf83e93-9725-5bb5-836c-71adc7f3d736,Aavishkar,1973,"Hindi, Film",Kanu Roy,"Wajid Ali Shah, Kapil Kumar, Gyandev Agnihotri",H.M.V.,4.0
71bb19c0-3089-5ae0-9270-7edc996ca566,Abhimaan,1973,"Hindi, Film",S.D. Burman,Majrooh Sultanpuri,H.M.V.,4.7
82f26522-d0db-5c1a-9551-352cd419f278,Agni-Rekha,1973,"Hindi, Film",Kalyanji - Anandji,Pradeep,H.M.V.,0
8c14939f-3efb-576b-838a-a9273700d986,Alam Ara,1973,"Hindi, Film",Iqbal Qureshi,"Hasrat Jaipuri, Kaifi Azmi",H.M.V.,0
e1828f92-03de-550c-9df3-38b4c03b7f8d,Alingan,1973,"Hindi, Film","Jaidev, Sapan - Jagmohan","Jan Nisar Akhtar, Naqsh Lyallpuri",H.M.V.,3.5
9d1abea4-1cec-5cde-9027-1cac1941c6bd,Anamika,1973,"Hindi, Film",R.D. Burman,Majrooh Sultanpuri,H.M.V.,4.7
8e135221-4242-55bd-a07d-fd51a9948abf,Angaaray,1973,"Hindi, Film",Chitragupt,Anand Bakshi,H.M.V.,0
b63a488c-40ec-52e4-ac46-77cdd11770cb,Anhonee,1973,"Hindi, Film",Laxmikant - Pyarelal,Verma Malik,H.M.V.,2.5
8a6625ec-0f8b-5a6e-a2b7-297d55a3b2de,Anokhi Ada,1973,"Hindi, Film",Laxmikant - Pyarelal,Majrooh Sultanpuri,H.M.V.,0
fc7f3f83-c1d0-57f4-98bc-86a4b28b69f9,Archana,1973,"Hindi, Film",Shankar - Jaikishan,"Hasrat Jaipuri, Indeevar, Neeraj",Polydor,4.5
2f0e949d-a253-557b-b607-9629cb0f796f,Azadi Pachchees Baras Ki,1973,"Hindi, Film",Jaidev,Balkavi Bairagi,H.M.V.,0
f6471258-a9fc-5416-a259-6667db8590b3,Baal Mahabharat,1973,"Hindi, Film",S.N. Tripathi,"B.D. Mishra, Kavi Pradeep",H.M.V.,0
ff91c465-c514-5fe3-abd7-3b255aa29272,Bada Kabutar,1973,"Hindi, Film",R.D. Burman,Yogesh,H.M.V.,3.33
253f7cf9-ea80-589d-8913-51abb7aedb6e,Badle Ki Aag,1973,"Hindi, Film",S. Kishen,"S.N. Sharma, Mohan Kumar - III",H.M.V.,0
4dae5c2a-49cb-5caf-a4b0-caad930ceeae,Banarasi Babu,1973,"Hindi, Film",Kalyanji - Anandji,Rajendra Krishan,Polydor,3.67
204a76fa-0657-57e6-b21d-707c3c8ca343,Bandhe Hath,1973,"Hindi, Film",R.D. Burman,Majrooh Sultanpuri,H.M.V.,4.33
b2c5afe7-2290-5e3d-96c8-81be4134d5f1,Basti Aur Bazaar,1973,"Hindi, Film",J.P. Kaushik,Siraj Agazi,H.M.V.,0
decdc4c5-9d38-5a5f-b27a-16de7837c460,Bindiya Aur Bandook,1973,"Hindi, Film",Sonik - Omi,Gulshan Bawra,Polydor,0
2fd29eef-7a90-57a3-96df-4d16d7404f27,Black Mail,1973,"Hindi, Film",Kalyanji - Anandji,Rajendra Krishan,Polydor,3.33
4f9c02d5-4e43-5a68-9dcb-18dbce4940ef,Bobby,1973,"Hindi, Film",Laxmikant - Pyarelal,"Anand Bakshi, Inderjeet Singh Tulsi, Vithalbhai Patel",H.M.V.,4.0
82af20fe-372f-5181-a2b3-e950ab1ff54c,Call Girl,1973,"Hindi, Film",Sapan - Jagmohan,Naqsh Lyallpuri,H.M.V.,4.0
3539abd4-c5c8-507b-a60b-11c6c5cdca7d,Chalaak,1973,"Hindi, Film",Ganesh,Hasrat Jaipuri,H.M.V.,0
262c2560-af9c-5a6a-a74a-0b32b1043e33,Charitra,1973,"Hindi, Film",Bappi Lahiri,Tulsidas,H.M.V.,0
50a61999-cf05-53f4-b9ed-46a1b2cffe50,Chhalia,1973,"Hindi, Film",R.D. Burman,Rajendra Krishan,H.M.V.,3.67
14e424ed-dd15-5ad0-b83f-96db152ece42,Chhupa Rustam,1973,"Hindi, Film",S.D. Burman,"Vijay Anand, Neeraj",H.M.V.,2.5
f381fe5d-5bb8-5811-9208-d2a8d36eb1c6,Chimni Ka Dhuan (Prayashchit),1973,"Hindi, Film",Robin Chatterjee,R.S. Preetam,H.M.V.,0
9746545c-bcc7-552f-ad45-46e5991c56c8,Chor Machaye Shor,1973,"Hindi, Film",Ravindra Jain,"Ravindra Jain, Inderjeet Singh Tulsi",H.M.V.,3.6
0c73fc93-7541-5949-8602-56015464baa2,Chori Chori,1973,"Hindi, Film",Shankar - Jaikishan,Gulshan Bawra,H.M.V.,0
09e195a2-e2df-5d91-855d-472ada32fda9,Chowkidar,1973,"Hindi, Film",Madan Mohan,Rajendra Krishan,H.M.V.,2.5
93a151d8-e657-5da1-bde9-e829aeb627f4,Daag,1973,"Hindi, Film",Laxmikant - Pyarelal,Sahir Ludhianvi,H.M.V.,3.5
a0036d2e-774b-52e7-b0e2-7b1bcfbac944,Daaman Aur Aag,1973,"Hindi, Film",Shankar - Jaikishan,Hasrat Jaipuri,H.M.V.,0
f7dcf600-8081-5ce5-84ba-9c60bd7746fc,Dastaan-E-Kashmir,1973,"Hindi, Film",Rakesh Raj,N.D. Kazi,H.M.V.,0
f05cae0e-b7db-507e-930f-26561c16e328,Dhamkee,1973,"Hindi, Film",Ganesh,"Asad Bhopali, Verma Malik",H.M.V.,3.5
c95d080d-5b1f-529a-95cf-6a09491b88e5,Dharma,1973,"Hindi, Film",Sonik - Omi,Verma Malik,H.M.V.,3.0
cfabacf0-7bbd-5368-8ada-5d20922b1a2e,Dhund,1973,"Hindi, Film",Ravi,"Sahir Ludhianvi, Ravi",H.M.V.,4.33
91897592-d109-5687-94fd-577e7d40306d,Dil Ki Rahen,1973,"Hindi, Film",Madan Mohan,Naqsh Lyallpuri,H.M.V.,4.6
49f2593b-66fd-5d1d-96d1-54114b5ded7d,Do Number Ke Ameer,1973,"Hindi, Film",Sapan - Jagmohan,Indeevar,H.M.V.,0
a31c39e2-abbb-5616-86f1-ca4850dd8b4c,Doosri Sita,1973,"Hindi, Film",R.D. Burman,Gulzar,H.M.V.,4.0
34f1c12b-a95a-5695-8809-27d1d573979d,Double Cross,1973,"Hindi, Film",R.D. Burman,Majrooh Sultanpuri,H.M.V.,0
02e318c0-7640-56ac-ae7d-cb7e7a189a71,Dur Naheen Manzil,1973,"Hindi, Film","Shankar - Jaikishan, Roshan","Anjaan, Indeevar",H.M.V.,0
6e265bd5-768f-517c-b104-3bfccb957e40,Ek Kunwari Ek Kunwara,1973,"Hindi, Film",Kalyanji - Anandji,"Prakash Mehra, Majrooh Sultanpuri",H.M.V.,0
bdbd3a38-8775-5915-ba5a-cb5cf953c1c7,Ek Mutthi Aasmaan,1973,"Hindi, Film",Madan Mohan,Indeevar,H.M.V.,3.67
40e23f59-2672-5d2b-a0d0-310f62abb4f4,Ek Nao Do Kinare,1973,"Hindi, Film",Brij Bhushan,Naqsh Lyallpuri,Polydor,3.5
d57f5117-2b6c-5d82-aeec-45653322935c,Ek Nari Do Roop,1973,"Hindi, Film",Ganesh,"Asad Bhopali, Naqsh Lyallpuri",H.M.V.,0
d944a513-67dd-59bb-a6ee-ce0ec7a59f9a,Free Love (Azad Mohabbat),1973,"Hindi, Film",Laxmikant - Pyarelal,Asad Bhopali,H.M.V.,3.0
394fc12a-7a82-50f8-a2e8-a6afede40ad6,Gaai Aur Gori,1973,"Hindi, Film",Laxmikant - Pyarelal,Anand Bakshi,H.M.V.,0
ffb0e501-68ac-5062-b84e-c983ac666157,Gaddaar,1973,"Hindi, Film",Laxmikant - Pyarelal,Anand Bakshi,Polydor,0
6c6e4c55-c08a-588a-a51a-853219a2b6fe,Gehri Chaal,1973,"Hindi, Film",Laxmikant - Pyarelal,Rajendra Krishan,H.M.V.,2.5
fc263079-96bc-55ab-ad3d-55dd43fde927,Gharibi Hatao,1973,"Hindi, Film",Sharda,"R.K. Middha, Qamar Jalalabadi, Kafil Azar",H.M.V.,0
25e59b96-cb37-5b6f-93f3-d9081d4d3978,Ghulam Begum Badshah,1973,"Hindi, Film",Kalyanji - Anandji,Rajendra Krishan,H.M.V.,3.0
e4b7a28a-9fb7-5aee-a158-ddc310f1c876,Grahan,1973,"Hindi, Film",Vasant Desai,"Traditional, Vasant Desai",H.M.V.,0
5a4c8a52-96d4-54e2-bd78-dd4e1997a6fb,Hamari Kahani,1973,"Hindi, Film",C. Arjun,"Asad Bhopali, Jan Nisar Akhtar",H.M.V.,0
a82e9a10-59a4-5285-99a4-fb8047071814,Hanste Zakhm,1973,"Hindi, Film",Madan Mohan,Kaifi Azmi,H.M.V.,4.75
cbc48d00-50ec-5c1e-ad9f-dc38d672c859,Hathi Ke Daant,1973,"Hindi, Film",Ravindra Jain,Kapil Kumar,H.M.V.,0
d1282e3e-c40e-5a5b-b1c5-6f470270ebe4,Heera,1973,"Hindi, Film",Kalyanji - Anandji,"Anjaan, Indeevar",Polydor,3.67
20e86413-c5ce-597d-86bc-598c4049942d,Heera Panna,1973,"Hindi, Film",R.D. Burman,Anand Bakshi,H.M.V.,3.0
8de9ba8c-9d6b-52ff-bc1c-4f19cfd2bda5,Hifazat,1973,"Hindi, Film",R.D. Burman,Majrooh Sultanpuri,H.M.V.,0
19e0e4bc-5cd0-5ab9-9ab6-d884a11a3455,Honeymoon,1973,"Hindi, Film",Usha Khanna,Yogesh,H.M.V.,3.67
0de3decd-e14c-5c35-b5ec-cd63b4c88e47,Hum Junglee Hain,1973,"Hindi, Film",Vedpal Varma,Vedpal Varma,H.M.V.,0
abf22fbb-3d3d-5596-9fb4-b39f1565a483,Jaise Ko Taisa,1973,"Hindi, Film",R.D. Burman,Anand Bakshi,H.M.V.,3.33
66565753-30d4-5cd2-bc7b-39901bf13430,Jalte Badan,1973,"Hindi, Film",Laxmikant - Pyarelal,Maya Govind,H.M.V.,0
1344f9cd-e7c0-5287-aeb4-9448ff105ad5,Jasoos Ladki,1973,"Hindi, Film",Satyam,Prem Dhawan,H.M.V.,0
1d15b595-69e0-55c4-8a1e-1ebb405aa6be,Jheel Ke Us Paar,1973,"Hindi, Film",R.D. Burman,Anand Bakshi,H.M.V.,3.0
77664e11-09d0-5dcd-bed5-978e6d9675d3,Jhoom Utha Akash,1973,"Hindi, Film",Kanti Kiran,"Siraj Agazi, Aatish Jalali",H.M.V.,0
306a0b06-813a-5e07-a531-1c1577e08eb8,Jinke Hriday Shri Ram Base,1973,"Hindi, Non Film",Murli Manohar Swarup,Saraswati Kumar Deepak,Saregama,4.0
7809b715-9d3d-583e-a149-b16d93a7da1f,Joshila,1973,"Hindi, Film",R.D. Burman,Sahir Ludhianvi,Polydor,4.75
cb106385-9750-5e58-8ac5-65227b311d06,Jugnu,1973,"Hindi, Film",S.D. Burman,Anand Bakshi,H.M.V.,0
4e1df2e4-01f2-5f5a-899c-08fe47bec754,Jwar Bhata,1973,"Hindi, Film",Laxmikant - Pyarelal,Rajendra Krishan,H.M.V.,3.33
0e22c36c-55b1-5ca3-847b-ac145b3cd0ba,Kahani Kismat Ki,1973,"Hindi, Film",Kalyanji - Anandji,Rajendra Krishan,H.M.V.,3.67
cf885f7a-7691-59b8-acad-c2d5b14c0799,Kashmakash,1973,"Hindi, Film",Kalyanji - Anandji,"Indeevar, Maya Govind, Verma Malik",H.M.V.,3.0
032be988-311b-590b-8f2f-3f5bcab45e78,Keemat,1973,"Hindi, Film",Laxmikant - Pyarelal,Anand Bakshi,H.M.V.,0
8055cf0b-a186-5775-b3ad-9db7d3548269,Khoon Khoon,1973,"Hindi, Film",Vijay Singh,"Gajendra - II, Dev Kohli, Hasrat Jaipuri",H.M.V.,0
fbc5ba04-2e4a-5992-b7a0-95dfe5b10764,Khote Sikkay,1973,"Hindi, Film",R.D. Burman,Majrooh Sultanpuri,H.M.V.,0
62f63354-3fd3-50b6-8c82-bced08173ac9,Kora Aanchal,1973,"Hindi, Film",Roshanlal Khatri,"Shadab, Somesh Joshi, Paras Budhwani, Gauhar Kanpuri",H.M.V.,0
4eec7870-4647-5154-97ea-409d233941a9,Kuchhe Dhaage,1973,"Hindi, Film",Laxmikant - Pyarelal,Anand Bakshi,H.M.V.,0
1d2f8cf2-29a7-5865-9e6a-c8f29824bc52,Kunwara Badan,1973,"Hindi, Film",Ghanshyam - I,Rajendra Krishan,H.M.V.,3.5
04c9a627-5bce-591a-b9a2-e16834b44266,Madhosh,1973,"Hindi, Film",R.D. Burman,Majrooh Sultanpuri,H.M.V.,3.33
1ac8c737-fc7e-53ce-ac15-87080727b09f,Madhushala,1973,"Hindi, Non Film",Jaidev,Harivansh Rai Bachchan,H.M.V.,0
b727e2a6-d5b7-519c-86b2-1084e72d31f8,Mahasati Savitri,1973,"Hindi, Film",Avinash Vyas,Kavi Pradeep,H.M.V.,0
ed3af11e-bc32-5976-852c-ad74d101a83e,Manchali,1973,"Hindi, Film",Laxmikant - Pyarelal,Anand Bakshi,H.M.V.,3.5
014632ba-6cd3-5215-9418-ca8d4a145d02,Mera Desh Mera Dharm,1973,"Hindi, Film",Prem Dhawan,Prem Dhawan,H.M.V.,0
f6c4b631-8db4-53a6-95e8-fac3f19b859f,Mera Shikar,1973,"Hindi, Film",Sajjad Hussain,Shakeel Nomani,,0
b34e7ad5-ec16-5869-a805-eaa8acf56c37,Mera Vachan Geeta Ki Qasam,1973,"Hindi, Film",Shankar - Jaikishan,Hasrat Jaipuri,H.M.V.,0
9893b607-8636-59c0-b2cb-6c6d286285c7,Mere Gharib Nawaz,1973,"Hindi, Film",Kamal Rajasthani,Mehboob Sarwar,H.M.V.,0
645f1bcc-5f41-572c-90a5-cfdb4ec23737,Mr. Romeo,1973,"Hindi, Film",R.D. Burman,Anand Bakshi,H.M.V.,0
b530cd0e-4128-589c-9e1c-a59e3d34c0ff,My Friend,1973,"Hindi, Film",Naushad,Hasrat Jaipuri,H.M.V.,0
d4c8230f-88ca-5be7-9ebb-2bdb21e07812,Naag Mere Saathi,1973,"Hindi, Film",S.N. Tripathi,Bharat Vyas,H.M.V.,0
8086b17c-8548-5dcc-b767-3cf3aa254a82,Nafrat,1973,"Hindi, Film",R.D. Burman,Majrooh Sultanpuri,Polydor,0
9f16d31d-3510-5216-af75-831e70a23f65,Nai Duniya Naye Log,1973,"Hindi, Film",Sapan - Jagmohan,Naqsh Lyallpuri,H.M.V.,0
fd72af1e-7755-541a-86dc-098c8b7b4717,Naina,1973,"Hindi, Film",Shankar - Jaikishan,"Hasrat Jaipuri, Kaifi Azmi, Indeevar",H.M.V.,3.0
c468263b-ed4b-501f-8faa-4d46069072fa,Namak Haraam,1973,"Hindi, Film",R.D. Burman,Anand Bakshi,H.M.V.,4.6
369491be-c79c-5f2e-80eb-57a67d25704b,Nannha Shikari,1973,"Hindi, Film",Bappi Lahiri,"Yogesh Gaud, S.H. Bihari, Gauhar Kanpuri",Polydor,3.0
5c113a22-fd5c-5601-b4ab-10525d443e42,Naya Nasha,1973,"Hindi, Film",Sapan Chakraborty,Anand Bakshi,H.M.V.,0
d7dd03a6-789d-5054-98cb-b43f6be7fec3,Nirdosh,1973,"Hindi, Film",Laxmikant - Pyarelal,Asad Bhopali,H.M.V.,0
5d1db378-07d5-5978-af65-1887b889291b,Paisa Aur Zindagi,1973,"Hindi, Film",Prem Kumar - II,"Masoom Saharanpuri, M. Shammi",H.M.V.,0
f7be684d-7e76-5014-92ac-626ce55fa21e,Phagun,1973,"Hindi, Film","S.D. Burman, Traditional, Meera Bai","Traditional, Meera Bai, Majrooh Sultanpuri",H.M.V.,3.33
cb0ccf15-d3ee-56b6-a975-174873561641,Phir Aaya Toofan,1973,"Hindi, Film",Robin Banerjee,Abhilash,H.M.V.,0
c43cd85c-1051-5763-88bd-a55be28644e0,Pinjra,1973,"Hindi, Film",Ram Kadam,Bharat Vyas,H.M.V.,3.0
da2e3ba1-c35b-5453-8218-38956d38d81e,Prabhat,1973,"Hindi, Film",Madan Mohan,Naqsh Lyallpuri,H.M.V.,0
4308880b-bb8f-546b-8c01-73dd0c809b67,Pran Jaye Par Vachan Na Jaye,1973,"Hindi, Film",O.P. Nayyar,"Ahmed Wasi, S.H. Bihari",H.M.V.,3.0
6a53d65a-fedc-5fb0-b41d-7216368564d8,Prem Parbat,1973,"Hindi, Film",Jaidev,"Padma Sachdev, Jan Nisar Akhtar",H.M.V.,3.5
129488e9-d506-5e32-bc2a-e74cdf0dda39,Pyar Ka Rishta,1973,"Hindi, Film",Shankar - Jaikishan,"Indeevar, Shakeel Badayuni",H.M.V.,0
53f92d39-576e-5446-8807-e535e76b5bc0,Pyase Dil,1973,"Hindi, Film",Khayyam,Jan Nisar Akhtar,H.M.V.,3.0
9b5c071d-456a-5b8f-8fa7-19fe2698f651,Pyasi Nadi,1973,"Hindi, Film",Ratandeep - Hemraj,"Gulshan Bawra, Tajdar Taj, Mahendra Dehlvi",H.M.V.,0
c3876c5f-6028-57ee-a0da-40b287aea30e,Raja Kaka,1973,"Hindi, Film",Kalyanji - Anandji,Anjaan,Polydor,0
579cc72e-a456-5228-919b-c04ffaac371b,Rajkumar Sooraj,1973,"Hindi, Film",Iqbal Qureshi,"Saba Fazli, Prem Bhatani",H.M.V.,0
8d2d2c09-917c-5050-ab97-e694454ac85e,Rani Aur Jaani,1973,"Hindi, Film",Satyam,"Hasrat Jaipuri, P.L. Santoshi",H.M.V.,0
ffb065be-aa8f-524f-835a-1622eb8c2a57,Rickshawala,1973,"Hindi, Film",R.D. Burman,Anand Bakshi,H.M.V.,3.33
7ebe8e33-ae77-54fd-a66f-6da34bf8fc5b,Rocky Mera Naam (Tere Milne Ke Baad),1973,"Hindi, Film",Sapan - Jagmohan,Naqsh Lyallpuri,H.M.V.,0
094b2628-3d3e-5738-8f4f-b91d48cc70c6,Sabak,1973,"Hindi, Film",Usha Khanna,"Hasrat Jaipuri, Saawan Kumar Tak",H.M.V.,0
71d536cc-559c-5f65-9b57-8f4fb8e32ef6,Samjhauta,1973,"Hindi, Film",Kalyanji - Anandji,"Indeevar, Verma Malik",H.M.V.,3.0
69ba8270-6af7-5549-8f4a-3fe3114b054c,Saudagar,1973,"Hindi, Film",Ravindra Jain,Ravindra Jain,H.M.V.,0
7f3722a0-7101-591a-989d-42ad0a8dc9ab,Shareef Budmaash,1973,"Hindi, Film",R.D. Burman,Anand Bakshi,H.M.V.,3.5
6d1a7fec-fc7d-52e5-a20f-2705323c9a36,Shatranj Ke Mohre,1973,"Hindi, Film",Ravindra Jain,"Ravindra Jain, Nida Fazli, Neeraj",H.M.V.,0
9259e545-56da-5581-b43f-67d937f5c82a,Shree Krishna Bhakti,1973,"Hindi, Film",Kamalkant,Pujari,H.M.V.,0
5f1fd74d-2729-5720-b686-9487afc28f40,Sitaram Radheshyam,1973,"Hindi, Film",Narayan Dutt,Madan,H.M.V.,0
99ea7b0b-0078-5944-9dfe-a3b20b1f4910,Sonal,1973,"Hindi, Film",Manna Dey,Yogesh,H.M.V.,3.5
ea3b5e61-9c77-5d32-9c5f-beea6e113cc5,Sone Ke Haath,1973,"Hindi, Film",Ravi,Rajendra Krishan,H.M.V.,0
371af1f9-a604-519f-be1e-6613939e85bb,Suraj Aur Chanda,1973,"Hindi, Film",Laxmikant - Pyarelal,Anand Bakshi,Polydor,4.0
e19b784b-3750-5934-982a-69fe2b556de9,Sweekar,1973,"Hindi, Film",Laxmikant - Pyarelal,Anand Bakshi,H.M.V.,0
65feac68-dc93-56f0-a964-b80ba09134ce,Teen Chor (Maalik Tere Bande Hum),1973,"Hindi, Film",Sonik - Omi,Rajendra Krishan,H.M.V.,0
88ed822b-50c9-5422-ba1b-c848395e87c0,The Revenger,1973,"Hindi, Film",Surinder Kohli,V.N. Mangal,H.M.V.,0
73b8d204-ac8c-5676-aa39-4643cbe6dbcf,Vishnu Puran,1973,"Hindi, Film",Shri Nath Tripathi,"B.D. Mishra, Adi Shankaracharya",H.M.V.,0
29194338-7b40-5f4a-accd-fb81543890a7,Wohi Raat Wohi Awaz,1973,"Hindi, Film",Sonik - Omi,Hasrat Jaipuri,H.M.V.,0
df6b566b-5ea2-5956-aa33-1daa73b30002,Yaadon Ki Baaraat,1973,"Hindi, Film",R.D. Burman,Majrooh Sultanpuri,H.M.V.,4.75
3140854e-c548-5d0d-8813-408ca4b3315b,Yasmeen,1973,"Hindi, Film",Basu - Manohari,Yogesh,H.M.V.,0
25951b52-bb05-5fdc-97d0-b65580decb70,Yauwan,1973,"Hindi, Film",Sonik - Omi,Omkar Verma,H.M.V.,0
f07a78c7-de99-56f5-9ec2-984b13dc46aa,Zanjeer,1973,"Hindi, Film",Kalyanji - Anandji,Gulshan Bawra,H.M.V.,3.75
57e9d7b7-5305-5e76-ad33-dbe0a807d8fc,36 Ghante,1974,"Hindi, Film",Sapan Chakraborty,Sahir Ludhianvi,H.M.V.,0
c5a09a3c-480f-5fc7-865c-ed29c97e59de,Aag Aur Toofan,1974,"Hindi, Film",N. Dutta,"Anand Bakshi, Anjaan",H.M.V.,3.0
92d08bc8-8cba-5267-8374-25b609132832,Aaina,1974,"Hindi, Film",Naushad,Jan Nisar Akhtar,H.M.V.,3.5
d4b6255b-1c4d-5bfe-8648-f45b23de4db7,Aashiana (Ek Mausam Chhota Saa),1974,"Hindi, Film",Hari - Arjun,Neeraj,H.M.V.,0
0337bfcc-dfe9-5c95-a676-64cee522a41e,Ajanabee,1974,"Hindi, Film",R.D. Burman,Anand Bakshi,H.M.V.,4.5
35acc4e6-d621-504d-9a9b-bc4b55b56d00,Albeli,1974,"Hindi, Film",Kalyanji - Anandji,"Jan Nisar Akhtar, Gulshan Bawra, Maya Govind, Prabha Thakur",H.M.V.,3.0
d5a5a2b9-d249-529b-ad7b-82d44754b9be,Amir Garib,1974,"Hindi, Film",Laxmikant - Pyarelal,Anand Bakshi,H.M.V.,4.0
b107a048-c6d3-54ed-8768-b84b2665d366,Andhera,1974,"Hindi, Film",Sonik - Omi,Gulshan Bawra,H.M.V.,0
9c3c84c9-0a31-5d62-a2e9-9b8b867f05e8,Anjaan Raahen,1974,"Hindi, Film",Kalyanji - Anandji,Indeevar,H.M.V.,3.5
9cdd31a4-0474-502f-872e-5216d8cac22f,Apradhi,1974,"Hindi, Film",Usha Khanna,Hasrat Jaipuri,H.M.V.,0
574370e9-4742-58ee-b8e3-4ef1368068ab,Badhti Ka Naam Dadhi,1974,"Hindi, Film",Kishore Kumar,"Kishore Kumar, Irshad",H.M.V.,0
c1c5d273-89be-525c-b526-1a14f5ce7a42,Badi Maa,1974,"Hindi, Film",Mohammed Shafi,"Satyendra Athaiya, Indeevar",,0
aa36af10-cb2f-5da0-bd13-c30cea7e30c8,Badla,1974,"Hindi, Film",Laxmikant - Pyarelal,Anand Bakshi,H.M.V.,0
27d99829-96d5-57e8-a1d2-df6a923ad8cd,Balak Dhruva,1974,"Hindi, Film",Govind - Naresh,Madan,H.M.V.,0
9865174e-cdd7-5e8e-b5d0-1bc3b838d2cd,Bazar Band Karo,1974,"Hindi, Film",Bappi Lahiri,"Kulwant Jani, Naqsh Lyallpuri",H.M.V.,0
309702b1-3aa7-56e1-842f-95c79b2f6fc5,Benaam,1974,"Hindi, Film",R.D. Burman,Majrooh Sultanpuri,H.M.V.,3.0
3e9adcae-4564-5cfc-89ef-c818a6220b88,Bidaai,1974,"Hindi, Film",Laxmikant - Pyarelal,Anand Bakshi,H.M.V.,3.0
7d0c8f71-9820-5ecc-8a94-13ea2fabd38e,Chala Vahi Des & Meera Bhajans,1974,"Hindi, Non Film",Hridaynath Mangeshkar,Meera Bai,Saregama,4.0
8ccc2f17-378e-5b05-98dd-dd5eee30ac6b,Charitraheen,1974,"Hindi, Film",R.D. Burman,Anand Bakshi,H.M.V.,3.5
ce4d9159-1285-5f66-98a3-d33defcf890a,Chattan Singh,1974,"Hindi, Film",Kalyanji - Anandji,Verma Malik,H.M.V.,0
8c44484b-8c8c-5c19-9fdd-794d675152c0,Dak Bangla,1974,"Hindi, Film",Shyam Sagar,Anjaan,H.M.V.,0
6d02f1bf-ed85-59dd-980a-47396a0defb3,Dastan-E-Laila Majnu,1974,"Hindi, Film",Iqbal Qureshi,Jan Nisar Akhtar,H.M.V.,2.5
b039e955-3a01-59fb-8666-b2749c3a93b0,Dawat,1974,"Hindi, Film",Bipin - Babul,Naqsh Lyallpuri,H.M.V.,4.0
9ee44d2f-40f4-56bc-9d77-08e5fecca033,Dhuen Ki Lakeer,1974,"Hindi, Film",Shyamji Ghanshyamji,"Sajan Dehlvi, Khalish Dehlvi, Rameshwar Tyagi",H.M.V.,0
a16bcaae-622a-590e-af4e-8b02bff12dca,Dil Diwana,1974,"Hindi, Film",R.D. Burman,Anand Bakshi,Polydor,3.0
27b5b52e-ead8-5078-8eea-7aa11b996946,Do Aankhen,1974,"Hindi, Film",Hansraj Behl,Verma Malik,H.M.V.,3.0
5d7598d4-7c12-5438-8e94-6e7fec6c584a,Do Chattane,1974,"Hindi, Film",Sonik - Omi,M.G. Hashmat,Polydor,0
5f1c31c3-00a5-5898-a9da-015da1d7a4f1,Do Haath Sao Bandooken,1974,"Hindi, Film",Satyam,Shashi,H.M.V.,3.0
67a96a90-69fd-5673-82eb-d06e1fa3ff8e,Do Shikari,1974,"Hindi, Film",Chitragupt,"Jan Nisar Akhtar, Ashk Jullandri, Rahi Masoom Reza",Polydor,0
0f2e1d34-fa66-5269-810a-b95502ea9537,Dost,1974,"Hindi, Film",Laxmikant - Pyarelal,Anand Bakshi,H.M.V.,4.0
f12e8671-4adc-5bd2-a290-a5f9608eaa2e,Dukh Sukh,1974,"Hindi, Film",Vithal - Mumtaz,Javed Qadri,H.M.V.,0
c146e40e-2078-5b03-b40a-6346d586dbaa,Dulhan,1974,"Hindi, Film",Laxmikant - Pyarelal,Anand Bakshi,Polydor,4.0
6bdee9a7-c81d-59d9-867d-3231f50e8353,Duniya Ka Mela,1974,"Hindi, Film",Laxmikant - Pyarelal,Anand Bakshi,H.M.V.,3.0
d90349dd-84fb-5a43-9038-7af2323c8b06,Ek Anek Aur Ekta,1974,"Hindi, Non Film",Vasant Desai,Vinay Chandra Maudgalya,,4.0
ec69347c-d425-5272-9c3d-cc4f7e73bd71,Ek Ladki Badnaam Si,1974,"Hindi, Film",Bappi Lahiri,Kulwant Jani,H.M.V.,0
54a7a084-3604-5815-829c-c519a9b2571c,Ek Mahal Ho Sapno Ka,1974,"Hindi, Film",Ravi,Sahir Ludhianvi,H.M.V.,0
149302e2-35b4-5a6e-883d-d959a48344b9,Faslah,1974,"Hindi, Film",Jaidev,Kaifi Azmi,H.M.V.,4.0
97eab9da-9418-5d1f-993a-5bbeec78249c,Gaal Gulabi Nain Sharabi,1974,"Hindi, Film",Shyamji Ghanshyamji,"Kulwant Jani, Rameshwar Tyagi",H.M.V.,3.0
f2d5cea5-ceeb-57ad-8850-7737c42f3a10,Ganga,1974,"Hindi, Film",Datta Naik,"S.H. Bihari, Shad Fidayi, A. Khaliq",Polydor,0
b4021df1-3c01-52ac-89ba-b4a01943b0ea,Geeta Mera Naam,1974,"Hindi, Film",Laxmikant - Pyarelal,Rajendra Krishan,Polydor,3.0
3bcd927d-119b-5151-b942-2b7e61f15314,Ghatna,1974,"Hindi, Film",Ravi,Ravi,H.M.V.,3.0
cdd8899a-0283-58b1-bc27-ffee90c283e1,Goonj,1974,"Hindi, Film",R.D. Burman,Majrooh Sultanpuri,H.M.V.,3.5
805fa2c6-37fc-510c-8649-fa02622ef333,Haath Ki Safai,1974,"Hindi, Film",Kalyanji - Anandji,Gulshan Bawra,H.M.V.,4.75
96195179-c29b-5889-8522-c1a66c3e53b0,Hamrahi,1974,"Hindi, Film",Kalyanji - Anandji,"Jan Nisar Akhtar, Shakila Banu Bhopali, Hasrat Jaipuri, Kulwant Jani",H.M.V.,0
26710dcd-e73e-5f61-a974-4361e793b07f,Hanuman Vijay,1974,"Hindi, Film",Ajay - Vishwanath,"Madan, B.D. Mishra",H.M.V.,0
714d813b-c1fd-5c46-ac9d-d316ac9043fb,Har Har Mahadev,1974,"Hindi, Film",Kalyanji - Anandji,Kavi Pradeep,H.M.V.,0
1381ade6-0b19-57da-84dc-8721ec2bd543,Hare Krishna,1974,"Hindi, Film",S.N. Tripathi,B.D. Mishra,H.M.V.,0
1a750498-b68a-55b4-88cc-dea0942a6e92,Hawas,1974,"Hindi, Film",Usha Khanna,Saawan Kumar Tak,H.M.V.,3.33
e19fb1e4-0ecc-5357-b9bc-1e4ab1812b19,Himmatwali,1974,"Hindi, Film",S. Hanumantha Rao,B.D. Mishra,H.M.V.,0
f4d6afc0-fbe4-545b-b1ca-296df64cbef6,Humshakal,1974,"Hindi, Film",R.D. Burman,Anand Bakshi,H.M.V.,4.0
10f8f542-c916-5271-b56c-723dfe971c0b,Imaan,1974,"Hindi, Film",R.D. Burman,Anand Bakshi,H.M.V.,3.0
6fafe68f-ce3f-5472-be08-adac5a5befff,Imtihan,1974,"Hindi, Film",Laxmikant - Pyarelal,Majrooh Sultanpuri,H.M.V.,4.75
fc7dc5ca-f7a9-5b9e-86e6-d115de4bbc98,Insaaniyat,1974,"Hindi, Film",Shankar - Jaikishan,"Indeevar, Hasrat Jaipuri",H.M.V.,0
c0bb0950-567f-5845-bfe5-6522f4a1579f,International Crook (Kaala Bazar),1974,"Hindi, Film",Shankar - Jaikishan,Aziz Kashmiri,Polydor,0
47ae00a4-8f53-5127-92b0-fd190c8e4639,Ishk Ishk Ishk,1974,"Hindi, Film",R.D. Burman,Anand Bakshi,H.M.V.,0
60592036-ee38-54c5-951b-3939d46f3f6e,Jab Andheraa Hota Hai,1974,"Hindi, Film",Sapan Chakraborty,Gulshan Bawra,Polydor,0
c8360f42-ad90-54d3-9426-b0fda18d820d,Jai Radhe Krishna,1974,"Hindi, Film",Vasant Desai,Yogesh Gaud,H.M.V.,0
19720f77-3043-5a15-83af-4c008c46432e,Jeevan Sangram,1974,"Hindi, Film",Kalyanji - Anandji,"Indeevar, Gulzar, M.G. Hashmat",H.M.V.,0
26e7c561-7189-5bbd-aa97-6c5f71114b99,Jogi Aur Jawaani,1974,"Hindi, Film",V. Balsara,"Avkaash Aananda, Poddar Ramawtar Arun, Naresh Chandra Verma",H.M.V.,0
b9926b29-729c-5139-a2d0-5a9af4ae63c9,Jurm Aur Sazaa,1974,"Hindi, Film",Laxmikant - Pyarelal,"Ram Bhardwaj, Asad Bhopali, Shakeel Badayuni",Polydor,0
22265a50-38f1-58cf-8b63-f321d67f2ae1,Kasauti,1974,"Hindi, Film",Kalyanji - Anandji,"Anand Bakshi, Indeevar, Verma Malik",H.M.V.,4.0
97062ee7-151d-590a-9ce9-61b2e0b59b69,Khoon Ki Kimat,1974,"Hindi, Film",Sonik - Omi,Verma Malik,H.M.V.,0
cea156b6-92b7-5f3a-a29a-0f87df10d894,Kisaan Aur Bhagwan,1974,"Hindi, Film",Prem Dhawan,Kavi Pradeep,H.M.V.,0
a11bd9a5-1da9-58d9-b644-606f698f02dc,Kora Badan,1974,"Hindi, Film",Vedpal Varma,"Babu Singh Maan, Kashmir Kadar, Mahendra Dehlvi",H.M.V.,0
4b875671-1d36-5b42-9d16-d426b8e1ce9a,Kora Kagaz,1974,"Hindi, Film",Kalyanji - Anandji,M.G. Hashmat,H.M.V.,4.8
9884f3b4-a808-5847-a2a1-8fa8d151e116,Kshitij,1974,"Hindi, Film",Sharda,"Balkavi Bairagi, Mahakavi Kalidas",H.M.V.,0
ba6e6689-fbc5-5bef-a6c3-9081d4dbe135,Kunwara Baap,1974,"Hindi, Film",Rajesh Roshan,Majrooh Sultanpuri,H.M.V.,3.67
864ba4bc-0fb8-5dac-b198-962ffeffbe6f,Lav Kush,1974,"Hindi, Film",Ghantasala - J.V. Raghavulu,Bharat Vyas,H.M.V.,0
cccb7d33-7c5e-5601-a115-6e08b0310730,Love In Bombay,1974,"Hindi, Film",Shankar - Jaikishan,"Kishore Kumar, Anand Dutta, Majrooh Sultanpuri",H.M.V.,2.5
37e949ae-d0a9-5f30-90ca-0a68fa51c05c,Majboor,1974,"Hindi, Film",Laxmikant - Pyarelal,Anand Bakshi,H.M.V.,3.33
33953f53-532a-5a8f-ad9c-5c78491f3734,Manoranjan,1974,"Hindi, Film",R.D. Burman,Anand Bakshi,H.M.V.,3.5
986f2c0f-54a7-5100-9685-0c0495d8dd61,Manzilein Aur Bhi Hain,1974,"Hindi, Film",Bhupinder Soni,Yogesh Gaud,H.M.V.,3.0
350fc055-85be-5f38-ab4b-6f4c7e53e689,Mayurpankhi Sapne,1974,"Hindi, Non Film",Shyam Sagar,"Anjaan, Yogesh",H.M.V.,0
1dbd03eb-45ac-53e0-930e-d84256dc2a25,Naatak,1974,"Hindi, Film",Laxmikant - Pyarelal,Anand Bakshi,H.M.V.,3.0
b8e69347-e643-50ee-8cf6-1ff410a9ecce,Naya Din Nai Raat,1974,"Hindi, Film",Laxmikant - Pyarelal,Rajendra Krishan,H.M.V.,3.0
062dffac-401d-54ca-868e-daa8aa04dfdb,Neelma,1974,"Hindi, Film",Shankar - Jaikishan,"Majrooh Sultanpuri, Anjum Jaipuri",H.M.V.,0
e437140a-8307-5df3-b2df-44449826210a,Nirmaan,1974,"Hindi, Film",Laxmikant - Pyarelal,Majrooh Sultanpuri,H.M.V.,0
ae7274ff-e838-51ee-a8da-ce40d0990a8e,Paanch Dost,1974,"Hindi, Film",Satyam,Gaurav Mehta,H.M.V.,0
e77e0795-f4f1-55c3-9f62-4648340ae14f,Paap Aur Punya,1974,"Hindi, Film",Kalyanji - Anandji,"Indeevar, Vishweshwar Sharma",H.M.V.,0
8fbfdd96-a060-5bf9-ad3c-43f291940751,Parinay,1974,"Hindi, Film",Jaidev,"Ramanand Sharma - I, Jan Nisar Akhtar, Naqsh Lyallpuri",H.M.V.,4.2
4913e4e2-c8c5-5c39-9068-58b69ef678dc,Patthar Aur Payal,1974,"Hindi, Film",Kalyanji - Anandji,"Verma Malik, Gulshan Bawra, Indeevar",H.M.V.,0
b208bc85-3809-500c-a2e9-e12b0b9a625e,Phir Kab Milogi,1974,"Hindi, Film",R.D. Burman,Majrooh Sultanpuri,H.M.V.,3.33
664b6e7e-8acc-5a22-87bb-7b7575703ce6,Pocket Maar,1974,"Hindi, Film",Laxmikant - Pyarelal,Anand Bakshi,Polydor,4.0
ae12922a-2ed2-52f7-911d-9fdd7d5c640a,Prem Kahani,1974,"Hindi, Film",Laxmikant - Pyarelal,Anand Bakshi,H.M.V.,3.5
da3d5e88-ef55-56ce-a2da-080b2f82dab0,Prem Nagar,1974,"Hindi, Film",S.D. Burman,"Anand Bakshi, Fani Badayuni",H.M.V.,4.25
41bbce32-ef95-520a-b352-5835e6fe5772,Prem Shastra,1974,"Hindi, Film",Laxmikant - Pyarelal,Anand Bakshi,Polydor,3.33
212fb1e6-1b62-5569-bd45-d35d285f59be,Pugli,1974,"Hindi, Film",Laxmikant - Pyarelal,Anand Bakshi,H.M.V.,0
913d2c4a-643e-5195-9e1b-493862ef5eab,Rafoo Chakkar,1974,"Hindi, Film",Kalyanji - Anandji,Gulshan Bawra,H.M.V.,0
98052b3e-22b3-5f4f-b41f-a412d53cc37d,Rajnigandha,1974,"Hindi, Film",Salil Chowdhury,Yogesh,H.M.V.,4.83
e306c551-306a-51db-be6b-3abc3dcbb593,Resham Ki Dori,1974,"Hindi, Film",Shankar - Jaikishan,"Indeevar, Neeraj, Hasrat Jaipuri",H.M.V.,0
966a24e1-6739-5559-a928-9f14ec713e9e,Romeo In Sikkim,1974,"Hindi, Film",Vishwanath - I,"Sanam Gorakhpuri, Mahendra Mishra, Shaily Shailendra",H.M.V.,0
f4823f5d-2c74-5c7f-aed6-1ddea79cd667,Roti,1974,"Hindi, Film",Laxmikant - Pyarelal,Anand Bakshi,Polydor,4.0
2acce64a-1b78-551f-8180-95c378d3a7ba,Roti Kapada Aur Makaan,1974,"Hindi, Film",Laxmikant - Pyarelal,"Santosh Anand, Verma Malik",H.M.V.,4.0
036bb241-ee3e-59b0-b892-f67516109168,Sagina,1974,"Hindi, Film",S.D. Burman,Majrooh Sultanpuri,H.M.V.,0
ad469083-4328-5c4b-876f-6675bd84c9c0,Sankalp,1974,"Hindi, Film",Khayyam,Kaifi Azmi,H.M.V.,0
42a07b6f-d33e-5725-a838-0a82fa31a75a,Sapne Suhane,1974,"Hindi, Film",Shyamji Ghanshyamji,Hasrat Jaipuri,H.M.V.,0
ba30c586-47ae-5068-b61a-48b15b17a325,Sauda,1974,"Hindi, Film",Laxmikant - Pyarelal,Inderjeet Singh Tulsi,H.M.V.,4.0
7ec2eeb9-3808-5151-8a1f-9257bf23ebae,Shaandaar,1974,"Hindi, Film",Laxmikant - Pyarelal,Rajendra Krishan,H.M.V.,3.0
c815e51a-713b-5743-85a7-50b99d591ebe,Shaitaan,1974,"Hindi, Film",R.D. Burman,Majrooh Sultanpuri,H.M.V.,3.0
5a18772a-cff5-5a0e-82f0-f41c06b6e70c,Shikwah,1974,"Hindi, Film",Chitragupt,Hasrat Jaipuri,,0
6b5ef095-71e7-53d7-9cd1-7849d836712d,Shub Din,1974,"Hindi, Film",Kalyanji - Anandji,Verma Malik,H.M.V.,0
52fd2263-6048-5890-ba6d-55b5dfb2c656,The Cheat (Farebi),1974,"Hindi, Film",Laxmikant - Pyarelal,Verma Malik,H.M.V.,0
5561b082-e068-594f-bc4a-84f0b7623b56,Thokar,1974,"Hindi, Film",Shyamji Ghanshyamji,"Sajan Dehlvi, Kulwant Jani",H.M.V.,4.0
5444d247-614a-5ca0-966a-3804e646989f,Trimurti,1974,"Hindi, Film",R.D. Burman,Gulshan Bawra,H.M.V.,0
a9df62f6-b2d7-5963-9f15-54f565d79c26,Tyaag,1974,"Hindi, Film",S.D. Burman,Anand Bakshi,Polydor,0
3fc38c90-4cf0-5e8a-beb6-4010e95540c2,Ujala Hi Ujala,1974,"Hindi, Film",R.D. Burman,Majrooh Sultanpuri,Polydor,0
423a14d5-bb4b-5c1e-9555-cad268fecfbb,Umar Faaruqe Aazam Ki Jahan,1974,"Hindi, Non Film",Iqbal,Bashar Dehlvi,,0
1777f48e-b5cc-5cba-8787-1810b408889b,Umar Qaid,1974,"Hindi, Film",Sonik - Omi,Gulshan Bawra,H.M.V.,0
37cf5818-fca8-5045-8191-fed646eface6,Us Paar,1974,"Hindi, Film",S.D. Burman,Yogesh Gaud,H.M.V.,2.5
9467bb6f-7ee7-58a8-8d5f-14eb129b5ab8,Vachan,1974,"Hindi, Film",Shankar - Jaikishan,"Hasrat Jaipuri, Shaily Shailendra, Kiran Kalyani",H.M.V.,3.67
17c4f79d-f2c9-5ece-aa34-5d4351845dc7,Vada Tera Vada,1974,"Hindi, Film",Laxmikant - Pyarelal,Anand Bakshi,H.M.V.,3.5
5fd045c5-0322-5816-877b-8dc5811d1459,Vardaan,1974,"Hindi, Film",Kalyanji - Anandji,Verma Malik,Polydor,3.67
94a5d731-dfb4-54f1-952c-e0bc513930ee,Woh Main Nahin,1974,"Hindi, Film",Sonik - Omi,Verma Malik,Polydor,0
d990df6c-369c-5566-8780-219d57b1cd90,Zameer,1974,"Hindi, Film",Sapan Chakraborty,"Sahir Ludhianvi, Raj Kavi Tulsi",H.M.V.,3.8
8875cdcd-f047-5926-a3a4-56799dc64f63,Zehreela Insaan,1974,"Hindi, Film",R.D. Burman,Majrooh Sultanpuri,H.M.V.,3.75
