song_uuid,album_uuid,track_number,song_title,song_singers,song_rating,youtube_url,music_yt_url_1,music_yt_url_2,music_yt_url_3,youtubeurlid,musicurlid1,musicurlid2,musicurlid3
a045fea9-1a1d-5524-ab61-2a28364b23b6,13f57eeb-c505-5e48-97ed-87946d7bd4de,1,Naa Bole Naa Bole Naa Bole Re,Lata Mangeshkar,4.75,https://www.youtube.com/watch?v=bMd_Ab7U8VU,https://music.youtube.com/watch?v=FGkDe6cau_Y,https://music.youtube.com/watch?v=lNKYsK8eGf0,https://music.youtube.com/watch?v=qUiOJ-WU8K0,bMd_Ab7U8VU,FGkDe6cau_Y,lNKYsK8eGf0,qUiOJ-WU8K0
c8262136-f546-5b1d-bbff-6f36b2ac9dac,13f57eeb-c505-5e48-97ed-87946d7bd4de,5,Kitna Hasin Hai Mausam,"Lata Mangeshkar, C. Ramchandra",4.67,https://www.youtube.com/watch?v=rrzcIwGwvik,https://music.youtube.com/watch?v=6vnEoT9Q_3U,https://music.youtube.com/watch?v=q9OvvL8K_Tc,https://music.youtube.com/watch?v=jBF4nPm_DOI,rrzcIwGwvik,6vnEoT9Q_3U,q9OvvL8K_Tc,jBF4nPm_DOI
452d5b81-8670-5080-85b9-1b0501665cb2,3c0b202f-14ee-548b-bf80-c1349d40814d,6,Piya Piya Piya Mera Jiya Pukare,"Asha Bhosle, Kishore Kumar",4.5,https://www.youtube.com/watch?v=5kiZPy8Ghb8,https://music.youtube.com/watch?v=JpYfxqsKVYk,https://music.youtube.com/watch?v=OSlIUUwSGqw,https://music.youtube.com/watch?v=04jHZC61zW0,5kiZPy8Ghb8,JpYfxqsKVYk,OSlIUUwSGqw,04jHZC61zW0
6d570813-414f-50c6-8ae0-671573c999ea,741220a0-36c3-5ace-8131-d0fd8bec6e3c,7,Tasveer Banaata Hoon Tasveer Nahin Banti,Talat Mahmood,4.5,https://www.youtube.com/watch?v=eOnw5V1SPVs,https://music.youtube.com/watch?v=zXuuWgw0KxA,https://music.youtube.com/watch?v=LpUenkGr1KU,https://music.youtube.com/watch?v=NNW34zmeUU0,eOnw5V1SPVs,zXuuWgw0KxA,LpUenkGr1KU,NNW34zmeUU0
1c071dfc-5646-5729-b76f-77d982df2bd1,0232c1b2-da2b-5bce-bc91-7d8ff55aff7a,1,Teri Duniya Mein Jeene Se,Hemant Kumar,4.8,https://www.youtube.com/watch?v=8rJhomw8HPg,https://music.youtube.com/watch?v=KDRwYThiIis,https://music.youtube.com/watch?v=B1covEDNwTQ,https://music.youtube.com/watch?v=7RJXz3y2WQU,8rJhomw8HPg,KDRwYThiIis,B1covEDNwTQ,7RJXz3y2WQU
e8604c2a-aad7-5e13-a561-25ac9af2e155,0232c1b2-da2b-5bce-bc91-7d8ff55aff7a,3,Chup Hai Dharti Chup Hain Chand Sitare,Hemant Kumar,4.4,https://www.youtube.com/watch?v=msMWpxTS194,https://music.youtube.com/watch?v=F3MKlocJgyg,https://music.youtube.com/watch?v=kPXgbJBvnDU,https://music.youtube.com/watch?v=tQxEu-LYbZE,msMWpxTS194,F3MKlocJgyg,kPXgbJBvnDU,tQxEu-LYbZE
82cb8ae0-ff11-54d4-9499-d568b75ee629,0232c1b2-da2b-5bce-bc91-7d8ff55aff7a,4,Phaili Hui Hain Sapnon Ki Baahen,Lata Mangeshkar,4.33,https://www.youtube.com/watch?v=CrwaKcyjyNY,https://music.youtube.com/watch?v=W13FnVTPaDo,https://music.youtube.com/watch?v=Lxf-n4eMkHw,https://music.youtube.com/watch?v=LZYtg9MEZi8,CrwaKcyjyNY,W13FnVTPaDo,Lxf-n4eMkHw,LZYtg9MEZi8
fe7027ab-3efb-593f-b39e-6b57e8034150,65e2d835-be50-5c93-88d3-4be3788553bb,6,Nain So Nain Naahi Milao,"Hemant Kumar, Lata Mangeshkar",4.67,https://www.youtube.com/watch?v=L6kNKzN3zPo,https://music.youtube.com/watch?v=LAN1tq6T1O4,https://music.youtube.com/watch?v=NJxYX5Tq3LI,https://music.youtube.com/watch?v=1BlH-okPYsw,L6kNKzN3zPo,LAN1tq6T1O4,NJxYX5Tq3LI,1BlH-okPYsw
c78f6ff6-a39e-5e86-8ac7-a3713eb9980b,65e2d835-be50-5c93-88d3-4be3788553bb,9,Mere Ae Dil Bata Pyar Tune Kiya,Lata Mangeshkar,4.33,https://www.youtube.com/watch?v=rJ-uQkCgJeA,https://music.youtube.com/watch?v=LoPiwqR7HT4,https://music.youtube.com/watch?v=rFREpNWSlaw,https://music.youtube.com/watch?v=KIqzFJd_CCs,rJ-uQkCgJeA,LoPiwqR7HT4,rFREpNWSlaw,KIqzFJd_CCs
89a58686-0cc9-51c2-a1b4-909391e8ec38,5a26376e-ac29-513a-a7f7-1bff3ebd7731,4,Subah Ka Intezaar Kaun Kare,Lata Mangeshkar,4.33,https://www.youtube.com/watch?v=_CXfT5HOYMY,https://music.youtube.com/watch?v=HLDEoxcRcCw,https://music.youtube.com/watch?v=H37PoYeSi4c,https://music.youtube.com/watch?v=dhi4Kn_YEnE,_CXfT5HOYMY,HLDEoxcRcCw,H37PoYeSi4c,dhi4Kn_YEnE
a459dc73-1f44-5268-8669-ba730200a704,b1aed759-10f8-5f9d-836b-239e65f3580e,1,Ae Ji Dil Par Hua Aisa Jadoo,Mohammed Rafi,5.0,https://www.youtube.com/watch?v=EGDCtWNyIZQ,https://music.youtube.com/watch?v=ukzRnbRhI6U,https://music.youtube.com/watch?v=EGDCtWNyIZQ,https://music.youtube.com/watch?v=TLBIkfPg8H8,EGDCtWNyIZQ,ukzRnbRhI6U,EGDCtWNyIZQ,TLBIkfPg8H8
86240e84-2a1a-5fb4-8bf6-242cae53e1a6,b1aed759-10f8-5f9d-836b-239e65f3580e,2,Thandi Hawa Kaali Ghata Aa Hi Gayi Jhoom Ke,Geeta Dutt,5.0,https://www.youtube.com/watch?v=z91UKyXA9Mc,https://music.youtube.com/watch?v=y32hUB9X940,https://music.youtube.com/watch?v=yj7fF3PZWX8,https://music.youtube.com/watch?v=PvXhWRwAwMg,z91UKyXA9Mc,y32hUB9X940,yj7fF3PZWX8,PvXhWRwAwMg
8072d100-b37c-5916-88c3-4e93f2e4ae4a,b1aed759-10f8-5f9d-836b-239e65f3580e,3,Jaane Kahan Mera Jigar Gaya Ji,"Geeta Dutt, Mohammed Rafi",5.0,https://www.youtube.com/watch?v=GDaKhhssr2g,https://music.youtube.com/watch?v=shDZohUn9HQ,https://music.youtube.com/watch?v=24DniPhZGwQ,https://music.youtube.com/watch?v=pC5Eyfl8WuA,GDaKhhssr2g,shDZohUn9HQ,24DniPhZGwQ,pC5Eyfl8WuA
1422db08-d1f8-5cad-933a-3e8508035f70,b1aed759-10f8-5f9d-836b-239e65f3580e,6,Chal Diye Banda Nawaz,"Geeta Dutt, Mohammed Rafi",4.4,https://www.youtube.com/watch?v=j2z0NNFPBkk,https://music.youtube.com/watch?v=8ibRHvAh3rc,https://music.youtube.com/watch?v=-8ejLaPVljk,https://music.youtube.com/watch?v=oEzpEt5hDJE,j2z0NNFPBkk,8ibRHvAh3rc,-8ejLaPVljk,oEzpEt5hDJE
6dc7122a-b615-5049-9b16-87bb4f490d0d,b1aed759-10f8-5f9d-836b-239e65f3580e,7,Udhar Tum Hasin Ho Idhar Dil Jawan Hai,"Geeta Dutt, Mohammed Rafi",5.0,https://www.youtube.com/watch?v=oWi_LZ97cTE,https://music.youtube.com/watch?v=23jTOnCw_WY,https://music.youtube.com/watch?v=1_GQO65AGvQ,https://music.youtube.com/watch?v=-DihGgaozvw,oWi_LZ97cTE,23jTOnCw_WY,1_GQO65AGvQ,-DihGgaozvw
1f6d5536-0d0e-5153-8a86-b32a0bffd08b,d4d64d0e-6a1c-5fea-add6-236144dcd0fd,1,Jeevan Ke Safar Mein Raahi (Male),Kishore Kumar,4.7,http://www.youtube.com/watch?v=_9kjx2ngbRc,https://music.youtube.com/watch?v=QUtqKaZPGao,https://music.youtube.com/watch?v=mDWeGe51lhc,https://music.youtube.com/watch?v=T62du3kDyEE,_9kjx2ngbRc,QUtqKaZPGao,mDWeGe51lhc,T62du3kDyEE
a0dede0c-3fae-5816-81b8-e13ef0cc1c9b,a4483919-0412-531e-8a27-188f02f1ebf0,9,Pyar Ki Yeh Talkhiyan Jo Na Sah Sakoon,Lata Mangeshkar,4.4,https://www.youtube.com/watch?v=YCWetgOVqiM,https://music.youtube.com/watch?v=AN02gow-HdQ,https://music.youtube.com/watch?v=KKFS5Ze34wU,https://music.youtube.com/watch?v=YCWetgOVqiM,YCWetgOVqiM,AN02gow-HdQ,KKFS5Ze34wU,YCWetgOVqiM
a56c1671-1a34-5721-ac4b-61a934c68a44,a0208dd7-4bc4-583f-b436-6f7840ef0865,3,Tu Pyar Ka Saagar Hai - I,Manna Dey,4.8,https://www.youtube.com/watch?v=XJGU_QduotA,https://music.youtube.com/watch?v=OMexlBIxXmU,https://music.youtube.com/watch?v=q7y7kMAlG3o,https://music.youtube.com/watch?v=hbHUz29sVnw,XJGU_QduotA,OMexlBIxXmU,q7y7kMAlG3o,hbHUz29sVnw
2e24130e-f0ce-5950-8185-54f94a70f262,5511badb-40f1-530d-937b-d7d9c3eb4487,1,Mera Joota Hai Japani,Mukesh,4.43,https://www.youtube.com/watch?v=C2nZfZXPSrY,https://music.youtube.com/watch?v=Wgmfz0A4wpA,https://music.youtube.com/watch?v=fy7P_Uu3alA,https://music.youtube.com/watch?v=iVx7za1WEgw,C2nZfZXPSrY,Wgmfz0A4wpA,fy7P_Uu3alA,iVx7za1WEgw
f9b9e5ce-98a2-59de-ac19-1dfe7edbee20,5511badb-40f1-530d-937b-d7d9c3eb4487,4,Pyar Hua Iqrar Hua,"Manna Dey, Lata Mangeshkar",4.83,https://www.youtube.com/watch?v=Rt35wSnWIUw,https://music.youtube.com/watch?v=xkl1QwNEuYs,https://music.youtube.com/watch?v=Ortl_xn0lYk,https://music.youtube.com/watch?v=zakNRpLby24,Rt35wSnWIUw,xkl1QwNEuYs,Ortl_xn0lYk,zakNRpLby24
88540ff2-ea9f-5b38-aa92-ec7107dd54d8,5511badb-40f1-530d-937b-d7d9c3eb4487,6,Mud Mud Ke Na Dekh Mud Mud Ke,"Asha Bhosle, Manna Dey",4.33,https://www.youtube.com/watch?v=TtJNT03beXk,https://music.youtube.com/watch?v=HTUv9fXLc58,https://music.youtube.com/watch?v=uP0SSBOaWDU,https://music.youtube.com/watch?v=m8QSR4pnPqc,TtJNT03beXk,HTUv9fXLc58,uP0SSBOaWDU,m8QSR4pnPqc
1098ae6e-65ea-54aa-8e25-898fc0df0bd3,5511badb-40f1-530d-937b-d7d9c3eb4487,8,Ramaiya Vastavaiya Ramaiya Vastavaiya,"Lata Mangeshkar, Mohammed Rafi, Mukesh",4.38,https://www.youtube.com/watch?v=JVlBVcKbIqA,https://music.youtube.com/watch?v=kV68R2Z3sf8,https://music.youtube.com/watch?v=er25OtFmu2A,https://music.youtube.com/watch?v=DvFYplCzqPk,JVlBVcKbIqA,kV68R2Z3sf8,er25OtFmu2A,DvFYplCzqPk
97cdc0f7-9595-5330-9724-5ab928845d65,ce060b56-afd0-5f72-aae0-256a8a913ffa,9,Tere Dwar Khada Bhagwan,Kavi Pradeep,4.33,http://www.youtube.com/watch?v=FqajbDR8W8k,https://music.youtube.com/watch?v=gbm7ssO0N_g,https://music.youtube.com/watch?v=spKuUDoxpgE,https://music.youtube.com/watch?v=z1qLhVmTbk8,FqajbDR8W8k,gbm7ssO0N_g,spKuUDoxpgE,z1qLhVmTbk8
79cc4a89-c254-5e99-9e87-0cf36399b043,6bd2c5c2-ff99-53ec-ad07-c7d18c210c60,7,Mujhpe Ilzaam-E-Bewafai Hai,Lata Mangeshkar,4.33,https://www.youtube.com/watch?v=tq0eDu5lkb8,https://music.youtube.com/watch?v=lSt8WOJMIu8,https://music.youtube.com/watch?v=tq0eDu5lkb8,https://music.youtube.com/watch?v=w7meF0aVNUs,tq0eDu5lkb8,lSt8WOJMIu8,tq0eDu5lkb8,w7meF0aVNUs
85333b91-491e-560d-8afd-9757af3ee5a8,94ee5dd2-f98a-52b0-adc0-480c1a85dc17,3,Kise Yaad Rakhoon Kise Bhool Jaaoon,Mukesh,4.5,https://www.youtube.com/watch?v=f_r4TiEHdRw,https://music.youtube.com/watch?v=f_r4TiEHdRw,https://music.youtube.com/watch?v=ixIDISrrXpQ,https://music.youtube.com/watch?v=Zh4M_MGmnmY,f_r4TiEHdRw,f_r4TiEHdRw,ixIDISrrXpQ,Zh4M_MGmnmY
ec8bae64-2333-5eb4-bf48-eaa00e2ab798,3d67d2d6-6a17-5d0b-85da-b874f07afe36,3,Sur Naa Saje Kya Gaaoon Main,Manna Dey,4.67,https://www.youtube.com/watch?v=0jGUBOCmB_I,https://music.youtube.com/watch?v=0jGUBOCmB_I,https://music.youtube.com/watch?v=1Mqdi_bFV0g,https://music.youtube.com/watch?v=ZjUK1-qgZNQ,0jGUBOCmB_I,0jGUBOCmB_I,1Mqdi_bFV0g,ZjUK1-qgZNQ
76df72ea-ba7e-57d9-bb18-81bb0535b869,3d67d2d6-6a17-5d0b-85da-b874f07afe36,8,Ketaki Gulab Juhi Champak Ban Phoole,"Manna Dey, Bhimsen Joshi",4.33,https://www.youtube.com/watch?v=wJJ9Ji8qZyA,https://music.youtube.com/watch?v=wJJ9Ji8qZyA,https://music.youtube.com/watch?v=larpWTAPtpY,https://music.youtube.com/watch?v=Z_BnTMD2vDM,wJJ9Ji8qZyA,wJJ9Ji8qZyA,larpWTAPtpY,Z_BnTMD2vDM
c0cbb0e7-2546-52e1-885e-2105a015d764,3d67d2d6-6a17-5d0b-85da-b874f07afe36,9,Ja Ja Re Ja Baalamwa,Lata Mangeshkar,4.5,https://www.youtube.com/watch?v=yNibKdhdIIY,https://music.youtube.com/watch?v=yNibKdhdIIY,https://music.youtube.com/watch?v=DuhtHyxuV8s,https://music.youtube.com/watch?v=X9dGaNBrHyc,yNibKdhdIIY,yNibKdhdIIY,DuhtHyxuV8s,X9dGaNBrHyc
ee619b2a-f0af-5c5d-add3-f67f375e2fb2,9621db86-0e0f-5b53-9190-256529559836,3,Ae Dil Mujhe Bata De,Geeta Dutt,4.75,https://www.youtube.com/watch?v=X1CL6nMxiXc,https://music.youtube.com/watch?v=VnuJ3adwhVo,https://music.youtube.com/watch?v=hKcaNydkNMg,https://music.youtube.com/watch?v=ev3CjeYM-R0,X1CL6nMxiXc,VnuJ3adwhVo,hKcaNydkNMg,ev3CjeYM-R0
988bd051-f17c-5989-bc82-23601c110434,7a5275f8-11cb-5df4-881f-89ff299e56d0,1,Boojh Mera Kya Naam Re,Shamshad Begum,4.5,https://www.youtube.com/watch?v=7GlT2SQ6IQA,https://music.youtube.com/watch?v=og3OS9uSduQ,https://music.youtube.com/watch?v=zmm4vol9d6E,https://music.youtube.com/watch?v=shFt7sGaujc,7GlT2SQ6IQA,og3OS9uSduQ,zmm4vol9d6E,shFt7sGaujc
79e47ead-f20a-58f9-8b7a-9038e16c5fa4,7a5275f8-11cb-5df4-881f-89ff299e56d0,2,Yeh Hai Bombay Meri Jaan (Ae Dil Hai Mushkil Jeena Yahan),"Mohammed Rafi, Geeta Dutt",5.0,https://www.youtube.com/watch?v=OShZhbjDA98,https://music.youtube.com/watch?v=2UJby3n3uB4,https://music.youtube.com/watch?v=HlAOZrst6fQ,https://music.youtube.com/watch?v=sG8ViPpoYzM,OShZhbjDA98,2UJby3n3uB4,HlAOZrst6fQ,sG8ViPpoYzM
e0a1d03e-c9f7-55b3-a898-8fed5ad78e75,7a5275f8-11cb-5df4-881f-89ff299e56d0,3,O Le Ke Pehla Pehla Pyar - I,"Shamshad Begum, Mohammed Rafi",4.5,https://www.youtube.com/watch?v=ICtD8TPVUPQ,https://music.youtube.com/watch?v=qTiwqpBZmtk,https://music.youtube.com/watch?v=gvL3q9o7s0E,https://music.youtube.com/watch?v=78NL8OxFxho,ICtD8TPVUPQ,qTiwqpBZmtk,gvL3q9o7s0E,78NL8OxFxho
af67eccf-8853-5902-917f-8ea31a375e40,7a5275f8-11cb-5df4-881f-89ff299e56d0,4,Aankhon Hi Aankhon Mein Ishara Ho Gaya,"Mohammed Rafi, Geeta Dutt",5.0,https://www.youtube.com/watch?v=jv4eQQoOS74,https://music.youtube.com/watch?v=4u7ctSLUzQs,https://music.youtube.com/watch?v=iPHIN7RqS-Y,https://music.youtube.com/watch?v=J9ANgzH9Pwc,jv4eQQoOS74,4u7ctSLUzQs,iPHIN7RqS-Y,J9ANgzH9Pwc
74e68422-79a0-528d-9bb5-db764168935c,7a5275f8-11cb-5df4-881f-89ff299e56d0,5,Jaata Kahan Hai Diwane,Geeta Dutt,4.5,https://www.youtube.com/watch?v=_enoPblukPo,https://music.youtube.com/watch?v=1_pkqDuyZBs,https://music.youtube.com/watch?v=skpwlb3LYGE,https://music.youtube.com/watch?v=F_EeZO80cVo,_enoPblukPo,1_pkqDuyZBs,skpwlb3LYGE,F_EeZO80cVo
25546880-92f9-5658-a5b3-8400ba343c8b,7a5275f8-11cb-5df4-881f-89ff299e56d0,7,Kahin Pe Nigahen Kahin Pe Nishana,Shamshad Begum,4.5,http://www.youtube.com/watch?v=PoHnHnB4_js,https://music.youtube.com/watch?v=08wxVCRHkkE,https://music.youtube.com/watch?v=PoHnHnB4_js,https://music.youtube.com/watch?v=Kl0PzEKjYgk,PoHnHnB4_js,08wxVCRHkkE,PoHnHnB4_js,Kl0PzEKjYgk
0d8bbc35-d0b0-57f2-8f80-fa401695a9df,393a6885-da24-5732-b6a6-ef13148d113b,3,Panchhi Banoon Udti Phiroon,"Lata Mangeshkar, Manna Dey",4.5,https://www.youtube.com/watch?v=1ZZya7ptG-U,https://music.youtube.com/watch?v=tWSVT-dD3WM,https://music.youtube.com/watch?v=14opx3FVWCM,https://music.youtube.com/watch?v=UzrETxa--LI,1ZZya7ptG-U,tWSVT-dD3WM,14opx3FVWCM,UzrETxa--LI
9f673182-7380-588c-a07c-89a58212c234,393a6885-da24-5732-b6a6-ef13148d113b,4,Yeh Raat Bheegi Bheegi,"Lata Mangeshkar, Manna Dey",4.9,https://www.youtube.com/watch?v=h85EgLkIYl0,https://music.youtube.com/watch?v=ZzJjm25YCnM,https://music.youtube.com/watch?v=-wGDnGMfmf8,https://music.youtube.com/watch?v=CkdJPrDocGA,h85EgLkIYl0,ZzJjm25YCnM,-wGDnGMfmf8,CkdJPrDocGA
d4da5d53-cfcb-5e80-bf37-c0a76b79ef70,393a6885-da24-5732-b6a6-ef13148d113b,7,Aaja Sanam Madhur Chandni Mein Hum,"Lata Mangeshkar, Manna Dey",4.8,https://www.youtube.com/watch?v=9s0eGmSBktY,https://music.youtube.com/watch?v=lIp-yNyghDI,https://music.youtube.com/watch?v=kFTwURMqwSs,https://music.youtube.com/watch?v=1woHHtY0DLg,9s0eGmSBktY,lIp-yNyghDI,kFTwURMqwSs,1woHHtY0DLg
e69bcfc2-642b-50b1-bd48-fe4e9ddebca3,393a6885-da24-5732-b6a6-ef13148d113b,8,Rasik Balma Haay Dil Kyon Lagaya Tose,Lata Mangeshkar,4.75,https://www.youtube.com/watch?v=LzPpv_kehAA,https://music.youtube.com/watch?v=MNaUIvw-aVg,https://music.youtube.com/watch?v=vtWFA8eTvJ0,https://music.youtube.com/watch?v=WlIWMXqQ79Q,LzPpv_kehAA,MNaUIvw-aVg,vtWFA8eTvJ0,WlIWMXqQ79Q
c278e053-3d69-5128-82a0-0b09f326a19e,22b37c26-a5f5-5773-b7fe-ec47936dd0ce,1,Ae Meri Topi Palat Ke Aa,Kishore Kumar,4.33,https://www.youtube.com/watch?v=FuuYt9OZFxM,https://music.youtube.com/watch?v=5Hak3VM75hg,https://music.youtube.com/watch?v=_CA3hvuWSOI,https://music.youtube.com/watch?v=oVE8zvQPINM,FuuYt9OZFxM,5Hak3VM75hg,_CA3hvuWSOI,oVE8zvQPINM
2baa5d87-b396-5aeb-a0c1-e6f1432dc531,22b37c26-a5f5-5773-b7fe-ec47936dd0ce,2,Dukhi Man Mere Sun Mera Kehna,Kishore Kumar,4.75,https://www.youtube.com/watch?v=NbSKgX52mKw,https://music.youtube.com/watch?v=slkSJL_f10g,https://music.youtube.com/watch?v=j_5J-KXny-c,https://music.youtube.com/watch?v=ePIA1A76WY0,NbSKgX52mKw,slkSJL_f10g,j_5J-KXny-c,ePIA1A76WY0
3911d844-b711-5092-be25-1c0d6a71bd54,22b37c26-a5f5-5773-b7fe-ec47936dd0ce,5,Woh Dekhen Toh Unki Inayat,"Asha Bhosle, Kishore Kumar",4.5,https://www.youtube.com/watch?v=4_PkM0xwF08,https://music.youtube.com/watch?v=FiH0YYYost4,https://music.youtube.com/watch?v=UEbxNBA7Q2o,,4_PkM0xwF08,FiH0YYYost4,UEbxNBA7Q2o,
6f509671-1a44-5716-881f-26661bf654f2,5a059c4f-4caf-59ad-92d1-4e619ebd5f7e,4,Jaago Mohan Pyaare,Lata Mangeshkar,4.67,https://www.youtube.com/watch?v=RfujgHkrBGU,https://music.youtube.com/watch?v=0pd-OsZCQFw,https://music.youtube.com/watch?v=lF55PGL6c6Q,,RfujgHkrBGU,0pd-OsZCQFw,lF55PGL6c6Q,
2d0ba79e-c1d0-57cc-9c1c-bc9aaac5bd2e,3726b438-e4e3-5b08-bf6f-7c5aa6ea608f,5,Ae Raat Tere Sathi Hain Chand Aur Taare,Asha Bhosle,4.33,https://www.youtube.com/watch?v=wOOr-cqm1mA,https://music.youtube.com/watch?v=ZuGdUEd7Fk0,,,wOOr-cqm1mA,ZuGdUEd7Fk0,,
3bdeea68-2283-526c-955f-a138bc8bf430,441356fd-6ccf-51bd-bbfc-49ecef6f641a,6,Meri Neendon Mein Tum,"Shamshad Begum, Kishore Kumar",4.75,https://www.youtube.com/watch?v=mF-3pSi2n9o,https://music.youtube.com/watch?v=KWoEK2J8Dso,https://music.youtube.com/watch?v=LJvcB5wWDvU,https://music.youtube.com/watch?v=forktznUJJA,mF-3pSi2n9o,KWoEK2J8Dso,LJvcB5wWDvU,forktznUJJA
5d1dae7d-baaf-56fb-966a-26805fd0962f,1b737102-eddd-5611-9998-b380d278e125,1,Ja Tose Nahin Boloon Kanhaiya,"Lata Mangeshkar, Manna Dey",4.5,http://www.youtube.com/watch?v=7nyJFCFXLFk,https://music.youtube.com/watch?v=mG4RwVIqSCY,https://music.youtube.com/watch?v=K7gKrX6bsHQ,https://music.youtube.com/watch?v=uqVKV6nPHqg,7nyJFCFXLFk,mG4RwVIqSCY,K7gKrX6bsHQ,uqVKV6nPHqg
6fc21d5b-b772-5d18-bfe0-53744a1bd26a,29a3a43c-504f-5722-ab62-4bf6f86e1c8d,2,Ja Re Chandra Aur Kahin Ja Re,Lata Mangeshkar,4.33,https://www.youtube.com/watch?v=0nJb0EfhxrQ,https://music.youtube.com/watch?v=0nJb0EfhxrQ,https://music.youtube.com/watch?v=CTNsg-mz8Ys,https://music.youtube.com/watch?v=ejMcXjDolIo,0nJb0EfhxrQ,0nJb0EfhxrQ,CTNsg-mz8Ys,ejMcXjDolIo
6638e852-2492-5625-9844-4b2042186ae9,94536a3e-7e0c-5f38-a53b-7a22e9d1f900,5,Eena Meena Deeka (Female),Asha Bhosle,4.6,https://www.youtube.com/watch?v=Y2XXeon6Vo4,https://music.youtube.com/watch?v=1EZtlwxvrKQ,https://music.youtube.com/watch?v=rY0Li5QtELQ,https://music.youtube.com/watch?v=CVClYZ5x-6g,Y2XXeon6Vo4,1EZtlwxvrKQ,rY0Li5QtELQ,CVClYZ5x-6g
a6790b9c-3031-5a1e-b1a3-6c3ed71a4b34,94536a3e-7e0c-5f38-a53b-7a22e9d1f900,6,Eena Meena Deeka (Male),Kishore Kumar,4.75,https://www.youtube.com/watch?v=Se1EZCE_zLo,https://music.youtube.com/watch?v=FVB8o3ISyaM,https://music.youtube.com/watch?v=rY0Li5QtELQ,https://music.youtube.com/watch?v=2xKB_Th0Vzg,Se1EZCE_zLo,FVB8o3ISyaM,rY0Li5QtELQ,2xKB_Th0Vzg
46d4e850-ff89-5f95-b487-b58d461c4a71,5d7acce0-bae0-569e-ba5f-cb120eecbbce,1,Maalik Tere Jahan Mein,Sudha Malhotra,4.33,https://www.youtube.com/watch?v=eTDLJXKLDZw,https://music.youtube.com/watch?v=eexgMPqu89k,https://music.youtube.com/watch?v=2qOfZsEXDf8,https://music.youtube.com/watch?v=6Wu5lakdJQ8,eTDLJXKLDZw,eexgMPqu89k,2qOfZsEXDf8,6Wu5lakdJQ8
42fd4a6d-d2b2-566e-86a5-3569b9f889f7,b4e6f2a0-0189-57c2-a12f-442fcc633dc4,1,Chal Ud Ja Re Panchhi - I,Mohammed Rafi,4.5,https://www.youtube.com/watch?v=1acRdIRjPTA,https://music.youtube.com/watch?v=ONxUATDzS3A,https://music.youtube.com/watch?v=lscS_eej2JE,https://music.youtube.com/watch?v=iVlwti6iVGE,1acRdIRjPTA,ONxUATDzS3A,lscS_eej2JE,iVlwti6iVGE
a4c6ba59-26a3-52bd-be72-4954d58e71d9,33e207b7-b168-50e9-82ad-1602e83e5255,7,Chhup Gaya Koi Re Door Se Pukar Ke,Lata Mangeshkar,4.5,http://www.youtube.com/watch?v=xlX12YK3M8I,https://music.youtube.com/watch?v=yGmPL_IVuAk,https://music.youtube.com/watch?v=3aFWgH6oyWY,https://music.youtube.com/watch?v=oKdzi1YxgcI,xlX12YK3M8I,yGmPL_IVuAk,3aFWgH6oyWY,oKdzi1YxgcI
d62ebf5e-3007-5700-80f6-a9b413438682,1e31420d-7fb7-52c1-b18f-a51fcf0cd3ad,2,Kaun Aaya Mere Man Ke Dware,Manna Dey,4.8,https://www.youtube.com/watch?v=3w33Weqynfo,https://music.youtube.com/watch?v=mMD2V-3WYk4,https://music.youtube.com/watch?v=JGdwt1Z2y-0,https://music.youtube.com/watch?v=hl3aTWMHz7I,3w33Weqynfo,mMD2V-3WYk4,JGdwt1Z2y-0,hl3aTWMHz7I
1970f25d-4fc6-5aab-b9e6-6545924c6235,1e31420d-7fb7-52c1-b18f-a51fcf0cd3ad,4,Hum Panchhi Mastane,"Lata Mangeshkar, Geeta Dutt, Seeta Agarwal",4.33,https://www.youtube.com/watch?v=HtlaxvKvkvg,https://music.youtube.com/watch?v=AVBMrh6_rvU,https://music.youtube.com/watch?v=vlE1oL9jRys,https://music.youtube.com/watch?v=LmsNLIbu4HM,HtlaxvKvkvg,AVBMrh6_rvU,vlE1oL9jRys,LmsNLIbu4HM
a70d5b51-40cb-572f-9c5d-39be0a77a2b9,1e31420d-7fb7-52c1-b18f-a51fcf0cd3ad,6,Humse Aaya Na Gaya Tumse Bulaya Na Gaya,Talat Mahmood,4.4,https://www.youtube.com/watch?v=3keJVnjwlFo,https://music.youtube.com/watch?v=6k3bhfkjLI4,https://music.youtube.com/watch?v=Ms4Zk51Ajvc,https://music.youtube.com/watch?v=COJ4fmh13m4,3keJVnjwlFo,6k3bhfkjLI4,Ms4Zk51Ajvc,COJ4fmh13m4
5fb66a90-56af-5186-bdee-7ce3c7e42e5c,1e31420d-7fb7-52c1-b18f-a51fcf0cd3ad,7,Meri Veena Tum Bin Roye,Lata Mangeshkar,4.33,https://www.youtube.com/watch?v=7SIWWFCA7xc,https://music.youtube.com/watch?v=3OE7-MgKCdg,https://music.youtube.com/watch?v=7SIWWFCA7xc,https://music.youtube.com/watch?v=wE17lrJiZ-0,7SIWWFCA7xc,3OE7-MgKCdg,7SIWWFCA7xc,wE17lrJiZ-0
85215706-4bf4-5d2c-8904-49f98e213fa7,b80f55fc-398c-519f-ae97-b5c3f5f6aade,1,Ae Malik Tere Bande Hum  (Male),V. Shantaram,4.33,https://www.youtube.com/watch?v=HXw51e82784,https://music.youtube.com/watch?v=WxsvWFSZVh0,https://music.youtube.com/watch?v=uAkolVl7j9Y,https://music.youtube.com/watch?v=YmYFRNXrPdk,HXw51e82784,WxsvWFSZVh0,uAkolVl7j9Y,YmYFRNXrPdk
c7ce9b45-bd25-5e17-b177-411e9c75db5d,b80f55fc-398c-519f-ae97-b5c3f5f6aade,6,Ae Malik Tere Bande Hum (Female),Lata Mangeshkar,4.5,https://www.youtube.com/watch?v=RL378uiSy-Y,https://music.youtube.com/watch?v=2rToSXz0KHc,https://music.youtube.com/watch?v=f3pelbm0fhE,https://music.youtube.com/watch?v=uAkolVl7j9Y,RL378uiSy-Y,2rToSXz0KHc,f3pelbm0fhE,uAkolVl7j9Y
4c792a67-e9a0-5bdf-9b6d-9dd5e342060a,ed3c6473-465a-5ad4-bd85-c522d2dbec6b,8,Do Ghadi Woh Jo Paas Aa Baithe,"Mohammed Rafi, Lata Mangeshkar",4.33,https://www.youtube.com/watch?v=pl9H5bRMZ2E,https://music.youtube.com/watch?v=tsggHZ_A0ns,https://music.youtube.com/watch?v=uoVX_QHexZQ,https://music.youtube.com/watch?v=b2Q8B2jLvVM,pl9H5bRMZ2E,tsggHZ_A0ns,uoVX_QHexZQ,b2Q8B2jLvVM
371b9118-8127-503d-92c0-cb4762420b64,a3bad2cc-b988-5c08-adcf-8e7a97bf4394,7,Zara Saamne Toh Aa O Chhaliye,"Lata Mangeshkar, Mohammed Rafi",4.33,https://www.youtube.com/watch?v=nasvsYpo2H0,https://music.youtube.com/watch?v=mZAx5SNOgXk,https://music.youtube.com/watch?v=nbwJ4gN1rLs,https://music.youtube.com/watch?v=ykaOxr0J6Dc,nasvsYpo2H0,mZAx5SNOgXk,nbwJ4gN1rLs,ykaOxr0J6Dc
7707b2cc-ced6-5319-a698-cf93b6e0df50,5dc999d7-6f2f-5813-9fdc-4ab5fb449c25,3,Kitna Hasin Hai Jahan Jadoo Bhara Hai Sama,Asha Bhosle,4.33,https://www.youtube.com/watch?v=48J5ByBex08,https://music.youtube.com/watch?v=48J5ByBex08,https://music.youtube.com/watch?v=-vMGsFktx-Q,https://music.youtube.com/watch?v=aYjvBj75v4Q,48J5ByBex08,48J5ByBex08,-vMGsFktx-Q,aYjvBj75v4Q
bf5f3882-5a49-569c-8fb3-76676afc177a,d7224419-17dd-5cdf-80ed-1c598c1ffbe9,8,Pinjre Ke Panchhi Re Tera Dard Na Jane Koy,Kavi Pradeep,5.0,https://www.youtube.com/watch?v=G4ogBHtZhJY,https://music.youtube.com/watch?v=G4ogBHtZhJY,https://music.youtube.com/watch?v=Fc0IrT8nQwQ,,G4ogBHtZhJY,G4ogBHtZhJY,Fc0IrT8nQwQ,
1582dfaf-3587-57b9-98cb-16eb5836077a,a4b2f47e-7b59-5b26-9ad0-e2cb736fb05f,1,Hum Hain Raahi Pyar Ke,Kishore Kumar,4.92,https://www.youtube.com/watch?v=CpGGMvcYh3A,https://music.youtube.com/watch?v=eHRlFQB0S8M,https://music.youtube.com/watch?v=CpGGMvcYh3A,https://music.youtube.com/watch?v=bDTKe2MwZG8,CpGGMvcYh3A,eHRlFQB0S8M,CpGGMvcYh3A,bDTKe2MwZG8
92b6ae2e-8884-5af3-98c0-39c7870e5757,a4b2f47e-7b59-5b26-9ad0-e2cb736fb05f,3,Aankhon Mein Kya Ji,"Kishore Kumar, Asha Bhosle",5.0,https://www.youtube.com/watch?v=B3DZPwsSOr0,https://music.youtube.com/watch?v=pJVZfSBy2KM,https://music.youtube.com/watch?v=-wAP0QXKe70,https://music.youtube.com/watch?v=f5DG-I71hB8,B3DZPwsSOr0,pJVZfSBy2KM,-wAP0QXKe70,f5DG-I71hB8
25678d63-20c0-5f74-85ee-b49285c1b2bb,a4b2f47e-7b59-5b26-9ad0-e2cb736fb05f,4,Aaja Panchhi Akela Hai,"Mohammed Rafi, Asha Bhosle",4.75,https://www.youtube.com/watch?v=jR8kHh0jjis,https://music.youtube.com/watch?v=J3-qDvLluy0,https://music.youtube.com/watch?v=uab6HhEB1Cw,https://music.youtube.com/watch?v=XlQp1qbW0sc,jR8kHh0jjis,J3-qDvLluy0,uab6HhEB1Cw,XlQp1qbW0sc
a5397ab1-e62f-5c3b-9f23-d6212361887a,a4b2f47e-7b59-5b26-9ad0-e2cb736fb05f,6,Dhalki Jaye Chundariya Hamari,Asha Bhosle,4.5,https://www.youtube.com/watch?v=zV9cFF8v9Gs,https://music.youtube.com/watch?v=UJFTug1ZUnk,https://music.youtube.com/watch?v=CWrHE-0UavA,https://music.youtube.com/watch?v=R_OWMJps9xs,zV9cFF8v9Gs,UJFTug1ZUnk,CWrHE-0UavA,R_OWMJps9xs
07e8894f-d61f-5235-81d5-2818cbc47599,47cfed95-c91d-57e7-88f3-0f9b7a78979a,6,Maang Ke Saath Tumhara,"Mohammed Rafi, Asha Bhosle",4.5,https://www.youtube.com/watch?v=SlvqNGf_DxM,https://music.youtube.com/watch?v=Cz5RBqLeC-M,https://music.youtube.com/watch?v=8qjuMyuTr4s,https://music.youtube.com/watch?v=16XQitqWty4,SlvqNGf_DxM,Cz5RBqLeC-M,8qjuMyuTr4s,16XQitqWty4
66a1be89-d87e-5362-aacc-a3f871f2e7d0,7fe08ef1-5fcb-518f-bea8-17e5d7739418,1,Maana Janaab Ne Pukara Nahin,Kishore Kumar,5.0,http://www.youtube.com/watch?v=kT3WKSb1q_Q,https://music.youtube.com/watch?v=1ZCwrh7UKcI,https://music.youtube.com/watch?v=bCHYqa-9G6k,https://music.youtube.com/watch?v=JNduCJxr9tc,kT3WKSb1q_Q,1ZCwrh7UKcI,bCHYqa-9G6k,JNduCJxr9tc
dec0ab81-c423-5926-a3e1-3eb7fc40b56c,7fe08ef1-5fcb-518f-bea8-17e5d7739418,3,Chhod Do Aanchal Zamana Kya Kahega,"Kishore Kumar, Asha Bhosle",5.0,http://www.youtube.com/watch?v=SuMgYRG3vPU,https://music.youtube.com/watch?v=oXDuppoIrYA,https://music.youtube.com/watch?v=QUyFoyHT8s8,https://music.youtube.com/watch?v=gD6xh4z1a2s,SuMgYRG3vPU,oXDuppoIrYA,QUyFoyHT8s8,gD6xh4z1a2s
d84388f9-16e2-53f4-87b6-8dbab504a890,7fe08ef1-5fcb-518f-bea8-17e5d7739418,4,O Nigahen Mastana ,"Kishore Kumar, Asha Bhosle",4.75,http://www.youtube.com/watch?v=xv1Bu7nSmmY,https://music.youtube.com/watch?v=hAM5ZlF2jX0,,,xv1Bu7nSmmY,hAM5ZlF2jX0,,
204d1811-b1ed-5418-94cc-c776f20affe4,7fe08ef1-5fcb-518f-bea8-17e5d7739418,5,Haye Haye Haye Yeh Nigahein,Kishore Kumar,4.67,http://www.youtube.com/watch?v=3EoQ0XqOp3s,https://music.youtube.com/watch?v=RYPV-_9b5uU,https://music.youtube.com/watch?v=3EoQ0XqOp3s,https://music.youtube.com/watch?v=JbVYIbNJqCU,3EoQ0XqOp3s,RYPV-_9b5uU,3EoQ0XqOp3s,JbVYIbNJqCU
9606af14-314f-536a-b63c-d6e2aafe5ff6,7fe08ef1-5fcb-518f-bea8-17e5d7739418,6,Chand Phir Nikla Magar Tum Na Aaye,Lata Mangeshkar,5.0,http://www.youtube.com/watch?v=ii8D7gNn318,https://music.youtube.com/watch?v=i21C1LY7HzA,https://music.youtube.com/watch?v=Nj7oDk4ldFU,https://music.youtube.com/watch?v=3pKjgedjdOQ,ii8D7gNn318,i21C1LY7HzA,Nj7oDk4ldFU,3pKjgedjdOQ
0ac473db-5742-5f6a-b108-e1559ca4de07,c954d4ed-11d2-52d3-bd38-75da19169f96,1,Jane Kya Tune Kahi Jane Kya Maine Suni,Geeta Dutt,5.0,http://www.youtube.com/watch?v=mLGCAGHNTJU,https://music.youtube.com/watch?v=UVx0srwVb3U,https://music.youtube.com/watch?v=CI6bML9UZNM,https://music.youtube.com/watch?v=Udj9tRkj7y8,mLGCAGHNTJU,UVx0srwVb3U,CI6bML9UZNM,Udj9tRkj7y8
708baf4f-6492-5a6d-96d5-79ac3acb2b83,c954d4ed-11d2-52d3-bd38-75da19169f96,2,Sar Jo Tera Chakraye,Mohammed Rafi,4.5,http://www.youtube.com/watch?v=rJiohcg-gKo,https://music.youtube.com/watch?v=9eXFwBLM5x8,https://music.youtube.com/watch?v=rJiohcg-gKo,https://music.youtube.com/watch?v=Ha_2mtLLK4A,rJiohcg-gKo,9eXFwBLM5x8,rJiohcg-gKo,Ha_2mtLLK4A
577cc484-6451-566a-91ea-c53ad54e71b9,c954d4ed-11d2-52d3-bd38-75da19169f96,3,Hum Aap Ki Aankhon Mein Is Dil Ko Basa Den To,"Mohammed Rafi, Geeta Dutt",4.83,http://www.youtube.com/watch?v=vBTcsTd2kF0,https://music.youtube.com/watch?v=nzBrdIZ8ur8,https://music.youtube.com/watch?v=UAlfzC1AEJM,https://music.youtube.com/watch?v=suwo7X1Ok_o,vBTcsTd2kF0,nzBrdIZ8ur8,UAlfzC1AEJM,suwo7X1Ok_o
b841a0a1-4e3a-5828-9ba8-8476b60b009e,c954d4ed-11d2-52d3-bd38-75da19169f96,4,Jane Woh Kaise Log The Jinke Pyar Ko Pyar Mila,Hemant Kumar,4.56,http://www.youtube.com/watch?v=EhDCAmXKBBs,https://music.youtube.com/watch?v=HsroKFDGr_0,https://music.youtube.com/watch?v=EhDCAmXKBBs,https://music.youtube.com/watch?v=6MoZcTcERB8,EhDCAmXKBBs,HsroKFDGr_0,EhDCAmXKBBs,6MoZcTcERB8
127f5373-c92b-5bf4-9bbf-ec8aade6cabf,c954d4ed-11d2-52d3-bd38-75da19169f96,5,Aaj Sajan Mohe Ang Laga Lo,Geeta Dutt,4.33,https://www.youtube.com/watch?v=7BD9SvJXrkw,https://music.youtube.com/watch?v=488z4VTdBjs,https://music.youtube.com/watch?v=AXItyNV06PU,https://music.youtube.com/watch?v=TlLeM7wZeSs,7BD9SvJXrkw,488z4VTdBjs,AXItyNV06PU,TlLeM7wZeSs
cc5e9809-cea3-5117-ae27-98275b5246d3,c954d4ed-11d2-52d3-bd38-75da19169f96,6,Jinhen Naaz Hai Hind Par Wo Kahan Hain,Mohammed Rafi,4.8,http://www.youtube.com/watch?v=3ta4BmumQKc,https://music.youtube.com/watch?v=S5qnXQFmrxg,https://music.youtube.com/watch?v=DQW6D6yoehU,https://music.youtube.com/watch?v=j9PPyNMGJUw,3ta4BmumQKc,S5qnXQFmrxg,DQW6D6yoehU,j9PPyNMGJUw
28209ee2-73bd-55bd-a44c-1f21eaddbafb,c954d4ed-11d2-52d3-bd38-75da19169f96,7,Yeh Duniya Agar Mil Bhi Jaye To Kya Hai,Mohammed Rafi,4.94,http://www.youtube.com/watch?v=7Z6Lr0JYAro,https://music.youtube.com/watch?v=PiQyK1xpvIs,https://music.youtube.com/watch?v=WHXyvPH6cmw,https://music.youtube.com/watch?v=o0cmUYcNAAE,7Z6Lr0JYAro,PiQyK1xpvIs,WHXyvPH6cmw,o0cmUYcNAAE
9f53977f-29d6-5df7-a48e-e6a8553193a8,c954d4ed-11d2-52d3-bd38-75da19169f96,10,Tang Aa Chuke Hain Kashmakash-E-Zindagi Se Hum,Mohammed Rafi,4.33,http://www.youtube.com/watch?v=_wGlInTcjW4,https://music.youtube.com/watch?v=-Og6sHkmBxE,https://music.youtube.com/watch?v=Yu0D75Rc-zQ,https://music.youtube.com/watch?v=n0UFvi0bGj0,_wGlInTcjW4,-Og6sHkmBxE,Yu0D75Rc-zQ,n0UFvi0bGj0
112a3677-7c89-539f-ac12-b1d51f50b23e,193a0257-7378-5f76-90bc-1c3d5833b498,6,Chain Nahin Aaye Kahan Dil Jaaye,Lata Mangeshkar,4.4,https://www.youtube.com/watch?v=II5KhGtOov8,https://music.youtube.com/watch?v=8gyGlUwvtSw,https://music.youtube.com/watch?v=jXs_0SWtW6Y,https://music.youtube.com/watch?v=Y5v28jz__aI,II5KhGtOov8,8gyGlUwvtSw,jXs_0SWtW6Y,Y5v28jz__aI
0ed6e56d-99a1-54a3-b85b-eff47b84791b,97ba1456-d1f2-5119-aa98-83039a0950e9,2,O Chand Jahaan Woh Jaayen,"Lata Mangeshkar, Asha Bhosle",4.33,https://www.youtube.com/watch?v=uXmKpud3Abw,https://music.youtube.com/watch?v=WlA6nvmW1Vg,https://music.youtube.com/watch?v=k2Cdu2Tq18k,https://music.youtube.com/watch?v=TYxifE-oYC8,uXmKpud3Abw,WlA6nvmW1Vg,k2Cdu2Tq18k,TYxifE-oYC8
abc6aad4-befc-5c22-8475-430e3d66a707,2a9bf13a-b83d-5a9e-a12e-1b5735fc4ae1,1,Jawaniyan Yeh Mast Mast Bin Piye,Mohammed Rafi,4.5,https://www.youtube.com/watch?v=eWvUeEfSDd0,https://music.youtube.com/watch?v=YzFwz3-37Us,https://music.youtube.com/watch?v=6IcwY_KQVsg,https://music.youtube.com/watch?v=C8Vu3uAExiI,eWvUeEfSDd0,YzFwz3-37Us,6IcwY_KQVsg,C8Vu3uAExiI
8f2ad3b1-3da4-5e31-9a35-7eefb09c770f,2a9bf13a-b83d-5a9e-a12e-1b5735fc4ae1,2,Tumsa Nahin Dekha,Mohammed Rafi,4.75,https://www.youtube.com/watch?v=XuWZvyFTg2Y,https://music.youtube.com/watch?v=Cd1eCRyOIFs,https://music.youtube.com/watch?v=XzbGMM3HC0U,https://music.youtube.com/watch?v=epP8owgj1II,XuWZvyFTg2Y,Cd1eCRyOIFs,XzbGMM3HC0U,epP8owgj1II
cd6a5fd4-0721-5e62-88af-e8d242e680c9,2a9bf13a-b83d-5a9e-a12e-1b5735fc4ae1,5,Dekho Kasam Se Kehte Hain,"Mohammed Rafi, Asha Bhosle",4.67,http://www.youtube.com/watch?v=vBpIDOSp8hg,https://music.youtube.com/watch?v=kNsgpbvdYt8,https://music.youtube.com/watch?v=vBpIDOSp8hg,https://music.youtube.com/watch?v=l8OBdVkMT4g,vBpIDOSp8hg,kNsgpbvdYt8,vBpIDOSp8hg,l8OBdVkMT4g
489d5935-0cd8-57a2-adfc-a7f5a8113de7,9457d6a2-31f2-585d-9f15-f3dd4e8d3752,4,Tum Jo Hue Mere Humsafar,"Mohammed Rafi, Geeta Dutt",4.83,https://www.youtube.com/watch?v=46gfs7reBCQ,https://music.youtube.com/watch?v=glGeLwt2hwI,https://music.youtube.com/watch?v=MeueLZUmQ6A,https://music.youtube.com/watch?v=1owHPuotf7w,46gfs7reBCQ,glGeLwt2hwI,MeueLZUmQ6A,1owHPuotf7w
0c7e5187-8df6-54c7-aa56-55eefcca2647,cb38a111-47e8-59ff-95fd-ccae526a0a52,4,Haye Unki Woh Nigahen Dil Dekhe Jinki Raahen,Asha Bhosle,4.33,http://www.youtube.com/watch?v=I66cqXXrNbM,https://music.youtube.com/watch?v=KoFp8unfMqM,https://music.youtube.com/watch?v=LmbjtGCi70M,,I66cqXXrNbM,KoFp8unfMqM,LmbjtGCi70M,
9a2046ee-41ab-54a8-a08a-64f4d8610b77,0bfd4fb2-d7c3-5061-8022-264c3c1b8e65,3,Zamin Se Hamen Aasman Par,"Mohammed Rafi, Asha Bhosle",4.75,https://www.youtube.com/watch?v=9zHbMQWRJTg,https://music.youtube.com/watch?v=0elFD7YxxnU,https://music.youtube.com/watch?v=VA-vFcyJqgc,https://music.youtube.com/watch?v=XqfhoqqIcaQ,9zHbMQWRJTg,0elFD7YxxnU,VA-vFcyJqgc,XqfhoqqIcaQ
71445938-7b73-5ae8-bac3-cf41467242ef,0bfd4fb2-d7c3-5061-8022-264c3c1b8e65,5,Yun Hasraton Ke Dagh Mohabbat Mein Dho Liye,Lata Mangeshkar,4.8,https://www.youtube.com/watch?v=i0XYKC2YQ9w,https://music.youtube.com/watch?v=eUY1uKlGO6E,https://music.youtube.com/watch?v=4LOUUI7J-JY,https://music.youtube.com/watch?v=JP2vWqb0TMA,i0XYKC2YQ9w,eUY1uKlGO6E,4LOUUI7J-JY,JP2vWqb0TMA
d0ea05cc-05ea-5b01-a8ca-0735e8bf123f,0bfd4fb2-d7c3-5061-8022-264c3c1b8e65,7,Unko Yeh Shikayat Hai Ki Hum Kuch Nahin Kahte,Lata Mangeshkar,4.75,https://www.youtube.com/watch?v=g78X1OMFcb0,https://music.youtube.com/watch?v=d1pw7_Ua1Fs,https://music.youtube.com/watch?v=60WXPWBK55w,https://music.youtube.com/watch?v=OQrmfr6_YAM,g78X1OMFcb0,d1pw7_Ua1Fs,60WXPWBK55w,OQrmfr6_YAM
b517a07a-db54-5cdf-bbc2-578546d6e367,ee27afdc-397c-5325-babc-88fe47a3965d,6,Saari Saari Raat Teri Yaad Sataaye,Lata Mangeshkar,4.33,https://www.youtube.com/watch?v=yWgPx_Br5Hg,https://music.youtube.com/watch?v=FaEOBkMkyuk,https://music.youtube.com/watch?v=PNNSZXqposk,https://music.youtube.com/watch?v=ukAkGpboCTI,yWgPx_Br5Hg,FaEOBkMkyuk,PNNSZXqposk,ukAkGpboCTI
17eb8644-3300-5073-9434-fe973beba061,58353995-d333-513b-8e4e-79bf2bd88fdb,2,Ek Ladki Bheegi Bhaagi Si,Kishore Kumar,4.8,https://www.youtube.com/watch?v=mxYNdy-0CEs,https://music.youtube.com/watch?v=kBKA3g8WTuE,https://music.youtube.com/watch?v=DoDlXaPKWY4,https://music.youtube.com/watch?v=cu-UwiKB4KM,mxYNdy-0CEs,kBKA3g8WTuE,DoDlXaPKWY4,cu-UwiKB4KM
08fa61b3-dd1d-566a-81d5-472c6a300ccb,58353995-d333-513b-8e4e-79bf2bd88fdb,3,Main Sitaron Ka Tarana (Paanch Rupaiya Barah Aana),"Kishore Kumar, Asha Bhosle",4.5,https://www.youtube.com/watch?v=Ob56hsABMts,https://music.youtube.com/watch?v=cYBjIhtqVAo,https://music.youtube.com/watch?v=XPhZ2yXxJTc,https://music.youtube.com/watch?v=LmOuv8156sg,Ob56hsABMts,cYBjIhtqVAo,XPhZ2yXxJTc,LmOuv8156sg
a866347f-27b5-55ba-bc24-805d538c2ebb,58353995-d333-513b-8e4e-79bf2bd88fdb,4,Hum The Woh Thi Aur Sama Rangeen Samajh Gaye Na,Kishore Kumar,4.67,https://www.youtube.com/watch?v=k7S79fOgikc,https://music.youtube.com/watch?v=4ivELflXTxs,,,k7S79fOgikc,4ivELflXTxs,,
a3e53e52-082e-5fee-ae12-6234e5c44344,58353995-d333-513b-8e4e-79bf2bd88fdb,6,Haal Kaisa Hai Janab Ka,"Asha Bhosle, Kishore Kumar",5.0,https://www.youtube.com/watch?v=bFPDaDoruTY,https://music.youtube.com/watch?v=KbYp97TXdBc,https://music.youtube.com/watch?v=TEO1Pvwdl3Y,https://music.youtube.com/watch?v=I5y7bGZVSOE,bFPDaDoruTY,KbYp97TXdBc,TEO1Pvwdl3Y,I5y7bGZVSOE
6c54dd03-4274-5189-94a0-d3705878f557,c218829a-587d-549e-b716-579cd3cdd388,8,Yeh Raaten Yeh Mausam Nadi Ka Kinara,"Kishore Kumar, Asha Bhosle",4.75,https://www.youtube.com/watch?v=r3CWmNpoHfU,https://music.youtube.com/watch?v=xus5LtPJC-0,https://music.youtube.com/watch?v=BQJVOJUPJ30,https://music.youtube.com/watch?v=UQn_G22w8PA,r3CWmNpoHfU,xus5LtPJC-0,BQJVOJUPJ30,UQn_G22w8PA
b249ce75-0ee7-5f57-a80c-04aa982ea931,a90120e9-7d9d-5f8e-95ec-9a483b90af16,1,Mera Naam Chin Chin Chu,Geeta Dutt,4.67,https://www.youtube.com/watch?v=jZwYAz20kvg,https://music.youtube.com/watch?v=uZFDt8S9rxo,https://music.youtube.com/watch?v=1a36P2xldQg,https://music.youtube.com/watch?v=wr-TjICX4K4,jZwYAz20kvg,uZFDt8S9rxo,1a36P2xldQg,wr-TjICX4K4
fbb3bfeb-c8e4-5f20-9632-6a024cce4f1e,a90120e9-7d9d-5f8e-95ec-9a483b90af16,2,Aaiye Meharban,Asha Bhosle,4.67,https://www.youtube.com/watch?v=uiJCFEooM5U,https://music.youtube.com/watch?v=qaAhBIY3wsQ,https://music.youtube.com/watch?v=MaqRHOlN9sk,,uiJCFEooM5U,qaAhBIY3wsQ,MaqRHOlN9sk,
00bd85bd-841a-5938-b81c-35f5c93ee8e9,32c51d33-b321-5e4e-b18f-cf17b93eb106,8,Hum Pyar Mein Jalnewalon Ko,Lata Mangeshkar,4.5,https://www.youtube.com/watch?v=h4QYNzsLeTQ,https://music.youtube.com/watch?v=nsHzRPpN70w,https://music.youtube.com/watch?v=dR54zQWLBKQ,https://music.youtube.com/watch?v=zp0aiW8vo9I,h4QYNzsLeTQ,nsHzRPpN70w,dR54zQWLBKQ,zp0aiW8vo9I
fd9b189f-6751-57f1-877c-6706629c70ce,bb07f83d-932a-54c6-ae38-65fbb8cdc569,2,Hum Bekhudi Mein Tumko Pukare Chale Gaye,Mohammed Rafi,4.67,https://www.youtube.com/watch?v=R0QR83kmM-Q,https://music.youtube.com/watch?v=e1Afd9UsLl4,https://music.youtube.com/watch?v=UWDj6wI3XGM,https://music.youtube.com/watch?v=DZssTzfamNE,R0QR83kmM-Q,e1Afd9UsLl4,UWDj6wI3XGM,DZssTzfamNE
b9ac2d4d-79c3-59e5-a467-b81f11092afc,bb07f83d-932a-54c6-ae38-65fbb8cdc569,5,Achha Ji Main Haari Chalo Maan Jao Na,"Asha Bhosle, Mohammed Rafi",4.75,https://www.youtube.com/watch?v=KS4s8-OLJ9A,https://music.youtube.com/watch?v=tXJt73woao4,https://music.youtube.com/watch?v=ZN_XrB_St-8,https://music.youtube.com/watch?v=Duxu1AqD_vI,KS4s8-OLJ9A,tXJt73woao4,ZN_XrB_St-8,Duxu1AqD_vI
c4e847e4-4f46-5f9c-a2da-612bb3696499,fb0003f1-bbc9-5a71-bd2e-72313258f972,1,Suhana Safar Aur Yeh Mausam Hasin,Mukesh,4.75,https://www.youtube.com/watch?v=nSVFBRWslCo,https://music.youtube.com/watch?v=Txd0KWKKYdY,https://music.youtube.com/watch?v=EQM0R4CXgBQ,,nSVFBRWslCo,Txd0KWKKYdY,EQM0R4CXgBQ,
ca44609c-c3a2-5456-b08b-4778e0311f0a,fb0003f1-bbc9-5a71-bd2e-72313258f972,2,Aaja Re Pardesi,Lata Mangeshkar,4.75,https://www.youtube.com/watch?v=AlfhLsEgW2Y,https://music.youtube.com/watch?v=utA0VWGtigE,https://music.youtube.com/watch?v=xw5NMKNhuSA,https://music.youtube.com/watch?v=Z2TUavWaY48,AlfhLsEgW2Y,utA0VWGtigE,xw5NMKNhuSA,Z2TUavWaY48
1ffbcac2-0be4-5e3a-ab78-d338aadfd075,fb0003f1-bbc9-5a71-bd2e-72313258f972,6,Ghadi Ghadi Mora Dil Dhadke,Lata Mangeshkar,4.67,https://www.youtube.com/watch?v=hYGI2LeZzkI,https://music.youtube.com/watch?v=VlQkGM3yHS0,https://music.youtube.com/watch?v=C9oizHXVEVc,https://music.youtube.com/watch?v=8Hm2VS5rO8A,hYGI2LeZzkI,VlQkGM3yHS0,C9oizHXVEVc,8Hm2VS5rO8A
291ae4b8-77e9-5b0c-95a7-ea6e287a4364,fb0003f1-bbc9-5a71-bd2e-72313258f972,7,Dil Tadap Tadap Ke Kah Raha Hai,"Mukesh, Lata Mangeshkar",4.67,https://www.youtube.com/watch?v=8ORF2S12iNk,https://music.youtube.com/watch?v=ymXQAXvZUGA,https://music.youtube.com/watch?v=PLzV2T1_j7o,https://music.youtube.com/watch?v=sijn1e_ipcw,8ORF2S12iNk,ymXQAXvZUGA,PLzV2T1_j7o,sijn1e_ipcw
c088b66a-b19c-580d-9ecc-80e396e612b2,fb0003f1-bbc9-5a71-bd2e-72313258f972,10,Toote Huye Khwabon Ne,Mohammed Rafi,4.5,https://www.youtube.com/watch?v=MK6mGbul8rg,https://music.youtube.com/watch?v=zw-XIas0nVE,https://music.youtube.com/watch?v=TEQitO44FJU,https://music.youtube.com/watch?v=nPDWJ8NbQBw,MK6mGbul8rg,zw-XIas0nVE,TEQitO44FJU,nPDWJ8NbQBw
e2795cfd-544d-53d0-be60-4671366ac0ae,ef78af37-c787-556e-bea2-b7ddfb790d70,7,Haye Jiya Roye Roye,Lata Mangeshkar,4.33,https://www.youtube.com/watch?v=Ylzs5Yqy5fs,https://music.youtube.com/watch?v=Ylzs5Yqy5fs,https://music.youtube.com/watch?v=W1GQAwj_VQo,https://music.youtube.com/watch?v=4j_H_Hf8O1g,Ylzs5Yqy5fs,Ylzs5Yqy5fs,W1GQAwj_VQo,4j_H_Hf8O1g
ac0fa549-e1fb-58c2-a63a-a49729a5890f,f432a4e5-ecc7-5917-8548-2711ef64f4b9,4,Masti Bhara Hai Sama,"Lata Mangeshkar, Manna Dey",4.6,https://www.youtube.com/watch?v=StB3f4u2yEI,https://music.youtube.com/watch?v=hdpdn0iziQY,https://music.youtube.com/watch?v=bmRnYCc5UP0,,StB3f4u2yEI,hdpdn0iziQY,bmRnYCc5UP0,
493e7630-5824-5aff-991d-654102dd0c8a,f432a4e5-ecc7-5917-8548-2711ef64f4b9,7,Aansoo Bhari Hai Yeh Jeevan Ki Raahen,Mukesh,4.75,https://www.youtube.com/watch?v=WCiqwH-VQkU,https://music.youtube.com/watch?v=ixFea4SJ_zY,https://music.youtube.com/watch?v=XY2YcxST9lg,https://music.youtube.com/watch?v=EUVsSz_D5xY,WCiqwH-VQkU,ixFea4SJ_zY,XY2YcxST9lg,EUVsSz_D5xY
4a23f993-b5a4-515c-8390-2991b08cab76,42e1dda2-05f9-52e0-8612-08fcfa5eaff3,3,Chhun Chhun Ghunghroo Bole,Asha Bhosle,4.5,https://www.youtube.com/watch?v=w5ERJ4bkdTM,https://music.youtube.com/watch?v=t3_v5uhjzwY,https://music.youtube.com/watch?v=IdE0K5vIsk4,https://music.youtube.com/watch?v=xJCMmKiF-xE,w5ERJ4bkdTM,t3_v5uhjzwY,IdE0K5vIsk4,xJCMmKiF-xE
7edc37ce-31b2-5a7e-aff4-7d1dffa7afa7,42e1dda2-05f9-52e0-8612-08fcfa5eaff3,4,Main Soya Ankhiyan Meeche,"Asha Bhosle, Mohammed Rafi",4.33,https://www.youtube.com/watch?v=iBMJ0Z-plRU,https://music.youtube.com/watch?v=_9bEEmQ8jUU,https://music.youtube.com/watch?v=_9bEEmQ8jUU,https://music.youtube.com/watch?v=1JsDbiY7qqk,iBMJ0Z-plRU,_9bEEmQ8jUU,_9bEEmQ8jUU,1JsDbiY7qqk
54854437-0e71-5268-88a7-c7eedfc2d566,42e1dda2-05f9-52e0-8612-08fcfa5eaff3,6,Ik Pardesi Mera Dil Le Gaya,"Asha Bhosle, Mohammed Rafi",4.33,https://www.youtube.com/watch?v=2lWGSMlmm6E,https://music.youtube.com/watch?v=F2s07I8srOo,https://music.youtube.com/watch?v=D44Ug2KTi2U,https://music.youtube.com/watch?v=AW7bHauskG8,2lWGSMlmm6E,F2s07I8srOo,D44Ug2KTi2U,AW7bHauskG8
1de5a71c-10fb-55d9-b5d3-91e195417897,ead7b68c-3a26-526d-844a-8fba28a9c84d,1,Woh Subah Kabhi Toh Aayegi (Duet),"Mukesh, Asha Bhosle",4.75,https://www.youtube.com/watch?v=wiSDgIa-zLo,https://music.youtube.com/watch?v=ovW01iue82A,https://music.youtube.com/watch?v=1gYnqYxrOjk,https://music.youtube.com/watch?v=F5DlwZZuNQY,wiSDgIa-zLo,ovW01iue82A,1gYnqYxrOjk,F5DlwZZuNQY
cf709dc8-c8eb-560c-9913-6e43ce0b03f4,ead7b68c-3a26-526d-844a-8fba28a9c84d,2,Cheen-O-Arab Hamara Hindustan Hamara,Mukesh,4.4,https://www.youtube.com/watch?v=GHnKVOezOR4,https://music.youtube.com/watch?v=tYFpioyOsOM,https://music.youtube.com/watch?v=KNCCVsEDJ7A,https://music.youtube.com/watch?v=e49MDbuBF6A,GHnKVOezOR4,tYFpioyOsOM,KNCCVsEDJ7A,e49MDbuBF6A
2e0bb59e-9fbe-5ab2-8540-ec6044d22369,87c2279d-03ca-5d9f-878f-4e014c6cf513,4,O Neend Na Mujhko Aaye,"Hemant Kumar, Lata Mangeshkar",4.33,http://www.youtube.com/watch?v=RG3i3InLEUo,https://music.youtube.com/watch?v=hMYotLrJCPU,https://music.youtube.com/watch?v=BbzhLxSUTxw,https://music.youtube.com/watch?v=2Dc3uVa_P70,RG3i3InLEUo,hMYotLrJCPU,BbzhLxSUTxw,2Dc3uVa_P70
aa5d376f-c213-549c-bf01-c38f7bd45210,ed9c5dac-0e03-526c-807d-abe87ef5d503,9,Chhota Sa Baalma,Asha Bhosle,4.33,https://www.youtube.com/watch?v=DlpJZs0YuK8,https://music.youtube.com/watch?v=U14M3UB26ZI,https://music.youtube.com/watch?v=TZl0iaFkipY,https://music.youtube.com/watch?v=U14M3UB26ZI,DlpJZs0YuK8,U14M3UB26ZI,TZl0iaFkipY,U14M3UB26ZI
14434486-23d2-551d-aa82-cf0c94368006,2bc0e56e-03a8-5759-9102-afb3be51285e,2,Hai Apna Dil Toh Aawara (Happy),Hemant Kumar,5.0,https://www.youtube.com/watch?v=07dfqQ0cvl8,https://music.youtube.com/watch?v=VQZY7S0zUR8,https://music.youtube.com/watch?v=Kpjo3Cxc_90,https://music.youtube.com/watch?v=IpKw-rgzD24,07dfqQ0cvl8,VQZY7S0zUR8,Kpjo3Cxc_90,IpKw-rgzD24
ee8d3ad7-1774-595e-ad3b-12597a762d02,0fd38685-0e03-567a-8e0e-a2739999483d,3,Pyar Par Bas Toh Nahi Hai (Duet),"Asha Bhosle, Talat Mahmood",4.67,http://www.youtube.com/watch?v=dYchgFUtmgo,https://music.youtube.com/watch?v=8Dd4d8dpIVk,https://music.youtube.com/watch?v=t6hlDeM1YfE,https://music.youtube.com/watch?v=m39xhcVFGPA,dYchgFUtmgo,8Dd4d8dpIVk,t6hlDeM1YfE,m39xhcVFGPA
4cc212f0-df89-5773-a8bd-d848a7ea9ce9,0fd38685-0e03-567a-8e0e-a2739999483d,8,Raat Bhar Ka Hai Mehman Andhera,"Asha Bhosle, Mohammed Rafi",4.5,http://www.youtube.com/watch?v=NufQfRt0uCQ,https://music.youtube.com/watch?v=iSltuA820uw,https://music.youtube.com/watch?v=RQCGX5nw-4Y,https://music.youtube.com/watch?v=xwmY7hIAX_Q,NufQfRt0uCQ,iSltuA820uw,RQCGX5nw-4Y,xwmY7hIAX_Q
193d6f5c-a9b3-5df2-8ec9-e7e780ae7166,c486df7f-a8f0-5059-9e95-b3131f4eb799,4,Yeh Mera Deewanapan Hai,Mukesh,4.67,https://www.youtube.com/watch?v=jBxDcoFVdVQ,https://music.youtube.com/watch?v=bVrh07enaIo,https://music.youtube.com/watch?v=Uua3IJ4Yh9w,https://music.youtube.com/watch?v=pgD8kiYqC7k,jBxDcoFVdVQ,bVrh07enaIo,Uua3IJ4Yh9w,pgD8kiYqC7k
ab2c8cab-b139-5761-8a08-9b34453acc03,71504eb4-d276-577f-9e81-39e1a93712c1,1,Kisi Ki Muskurahaton Pe Ho Nisar (Jeena Isi Ka Naam Hai),Mukesh,4.91,http://www.youtube.com/watch?v=69pPYkGiEAQ,https://music.youtube.com/watch?v=pNQTYCXTD-E,https://music.youtube.com/watch?v=g2OhyJVxveU,https://music.youtube.com/watch?v=Nj70q9bAmc4,69pPYkGiEAQ,pNQTYCXTD-E,g2OhyJVxveU,Nj70q9bAmc4
9d04e2e7-86c4-572c-ad23-1c796c57dd98,71504eb4-d276-577f-9e81-39e1a93712c1,2,Woh Chand Khila Woh Taare Hanse,"Lata Mangeshkar, Mukesh",4.67,http://www.youtube.com/watch?v=OvtU5FYxK-c,https://music.youtube.com/watch?v=qiYuvDZXIhk,https://music.youtube.com/watch?v=corZ3-BUjck,https://music.youtube.com/watch?v=XblHmb4nmwc,OvtU5FYxK-c,qiYuvDZXIhk,corZ3-BUjck,XblHmb4nmwc
e434c3b8-f9a6-5f6d-83ee-41f1ff7099b1,71504eb4-d276-577f-9e81-39e1a93712c1,3,Tera Jaana,Lata Mangeshkar,4.75,http://www.youtube.com/watch?v=URfoTtyxOdU,https://music.youtube.com/watch?v=y6QEZECV9Ug,https://music.youtube.com/watch?v=CAQT_RlSAMo,https://music.youtube.com/watch?v=4ApGsxh580Y,URfoTtyxOdU,y6QEZECV9Ug,CAQT_RlSAMo,4ApGsxh580Y
a43d455c-7182-5f18-abfd-286fc69473b4,71504eb4-d276-577f-9e81-39e1a93712c1,4,Dil Ki Nazar Se,"Mukesh, Lata Mangeshkar",4.83,https://www.youtube.com/watch?v=rC73RFJUfr8,https://music.youtube.com/watch?v=W4bdhclMgK0,https://music.youtube.com/watch?v=E0o0D2CDOm8,https://music.youtube.com/watch?v=0mNtXRHG8SY,rC73RFJUfr8,W4bdhclMgK0,E0o0D2CDOm8,0mNtXRHG8SY
2f8ce5ee-bd4a-5760-a2d8-6e037d12be0e,ff2c851c-cbad-5405-8c8c-5ecbec335697,6,Main Tumhi Se Poochhti Hoon (Female),Lata Mangeshkar,4.67,https://www.youtube.com/watch?v=XDHYzhswp74,https://music.youtube.com/watch?v=Lo5W-kX5aHg,https://music.youtube.com/watch?v=XDHYzhswp74,https://music.youtube.com/watch?v=Q1lDsEpLwDI,XDHYzhswp74,Lo5W-kX5aHg,XDHYzhswp74,Q1lDsEpLwDI
90a86aef-2a4b-58cd-b503-0dd663828bac,12f7f609-5f70-5ba3-9bfa-9646be82302e,1,Preetam Daras Dikhao,"Lata Mangeshkar, Manna Dey",4.33,https://www.youtube.com/watch?v=mnI-jXpsNlc,https://music.youtube.com/watch?v=oX7DUhIMvRg,https://music.youtube.com/watch?v=bnOQFXcGxTQ,https://music.youtube.com/watch?v=rKLmp953jTM,mnI-jXpsNlc,oX7DUhIMvRg,bnOQFXcGxTQ,rKLmp953jTM
92e1ee4a-a872-52f4-bf3a-54044cf1a14f,2f9241b8-a864-53d8-a9c3-afad51dbbf4b,8,Jaoon Kahan Bataa Ae Dil,Mukesh,5.0,http://www.youtube.com/watch?v=R15OyGa6Q50,https://music.youtube.com/watch?v=NS2-8JxD0cI,https://music.youtube.com/watch?v=YiUvZE3fGWo,https://music.youtube.com/watch?v=WeNAVN_Beas,R15OyGa6Q50,NS2-8JxD0cI,YiUvZE3fGWo,WeNAVN_Beas
daed2689-45c6-586b-9220-93a902453df9,3ea0a870-567d-5257-84a2-039e12fe5f45,5,Tum Mujhe Bhool Bhi Jao To,"Sudha Malhotra, Mukesh",4.75,https://www.youtube.com/watch?v=42EMUa7KC4k,https://music.youtube.com/watch?v=ynsYAJv_xHs,https://music.youtube.com/watch?v=L7N0U304DOE,https://music.youtube.com/watch?v=ljV9eYKqpmE,42EMUa7KC4k,ynsYAJv_xHs,L7N0U304DOE,ljV9eYKqpmE
51ece0ed-d097-5e1f-b5e8-0ddfefde8c95,2e9353e6-51d3-50f8-b54c-45076c8423f7,6,Hum Aur Tum Aur Ye Sama Kya Nasha Nasha Sa Hai,Mohammed Rafi,4.33,https://www.youtube.com/watch?v=ZuqjSF5Gxus,https://music.youtube.com/watch?v=tw8ejqel1mo,https://music.youtube.com/watch?v=qHC1maIOEK4,https://music.youtube.com/watch?v=OqVVa4UFjGA,ZuqjSF5Gxus,tw8ejqel1mo,qHC1maIOEK4,OqVVa4UFjGA
9a958f74-576d-56df-8d3b-620fccda665b,2e9353e6-51d3-50f8-b54c-45076c8423f7,10,Bade Hain Dil Ke Kaale,"Mohammed Rafi, Asha Bhosle",4.67,https://www.youtube.com/watch?v=vXO9FpruVXk,https://music.youtube.com/watch?v=g7mwYRjQbwU,https://music.youtube.com/watch?v=8QWDR96Rk9Y,https://music.youtube.com/watch?v=WwLHQmaldiI,vXO9FpruVXk,g7mwYRjQbwU,8QWDR96Rk9Y,WwLHQmaldiI
4b717495-308d-5170-9591-11e18384f69a,9b2e1a21-77a7-59c0-9232-114601b3a525,1,Tere Sur Aur Mere Geet,Lata Mangeshkar,4.5,https://www.youtube.com/watch?v=e7UQcFwamxE,https://music.youtube.com/watch?v=sHlRFe0nDAU,https://music.youtube.com/watch?v=NutnvFvgc6Y,https://music.youtube.com/watch?v=TiW-wm7jY58,e7UQcFwamxE,sHlRFe0nDAU,NutnvFvgc6Y,TiW-wm7jY58
e0e810b5-e5dc-5424-953e-3ef5760418f9,8704055d-766f-5e31-aa0b-c23481a2ec5a,1,Dekhi Zamane Ki Yaari Bichhde Sabhi Baari Baari,Mohammed Rafi,5.0,https://www.youtube.com/watch?v=MijXDNR9YmA,https://music.youtube.com/watch?v=WmBVqrhoR1w,https://music.youtube.com/watch?v=bel9oKzrR2I,https://music.youtube.com/watch?v=s3LFjzxFKbw,MijXDNR9YmA,WmBVqrhoR1w,bel9oKzrR2I,s3LFjzxFKbw
c289a156-8f26-58ef-b7d0-adb519a6d745,8704055d-766f-5e31-aa0b-c23481a2ec5a,3,Waqt Ne Kiya Kya Hasin Sitam,Geeta Dutt,4.86,http://www.youtube.com/watch?v=MZ3S4-bm70s,https://music.youtube.com/watch?v=chuyRh6RNMo,https://music.youtube.com/watch?v=ADRt0dkt9Bo,https://music.youtube.com/watch?v=ow77t0Ul2fQ,MZ3S4-bm70s,chuyRh6RNMo,ADRt0dkt9Bo,ow77t0Ul2fQ
20513611-49f4-5942-b815-f6cc82bc0135,8704055d-766f-5e31-aa0b-c23481a2ec5a,7,Ud Ja Ud Ja Pyase Bhanwre,Mohammed Rafi,4.33,https://www.youtube.com/watch?v=zGgZOc0KIrw,https://music.youtube.com/watch?v=KwKsIE2HvjI,https://music.youtube.com/watch?v=zGgZOc0KIrw,https://music.youtube.com/watch?v=GOwXl8z9wW8,zGgZOc0KIrw,KwKsIE2HvjI,zGgZOc0KIrw,GOwXl8z9wW8
121316df-a170-59a1-a728-ce8a3dda1423,a61b5294-c521-5b90-bc8d-9dd99644bc4c,8,Mujhe Tumse Kuchh Bhi Na Chahiye Mujhe Mere Haal Pe Chhod Do,Mukesh,4.67,https://www.youtube.com/watch?v=4RaoB9usogQ,https://music.youtube.com/watch?v=4RaoB9usogQ,https://music.youtube.com/watch?v=LTtwl6ClS1Q,https://music.youtube.com/watch?v=li1Q_lfWQA8,4RaoB9usogQ,4RaoB9usogQ,LTtwl6ClS1Q,li1Q_lfWQA8
6787118c-36c1-568c-990e-8a39e61fc83a,0e7f8d6e-1a90-5882-a209-1fb2efe467c0,5,Dheere Dheere Chal Chaand Gagan Mein,"Lata Mangeshkar, Mohammed Rafi",4.5,https://www.youtube.com/watch?v=kMBD0AeYTL8,https://music.youtube.com/watch?v=gqR1yUxZr6M,https://music.youtube.com/watch?v=sIuqg5WbdSA,https://music.youtube.com/watch?v=06LjEH37jmM,kMBD0AeYTL8,gqR1yUxZr6M,sIuqg5WbdSA,06LjEH37jmM
151d64cf-639a-5cdd-aaf0-354058dc1b70,105649eb-449c-542b-ae86-8072325953f1,10,Aa Dil Se Dil Mila Le,Asha Bhosle,5.0,https://www.youtube.com/watch?v=FVWFCUY3i_g,https://music.youtube.com/watch?v=cgusVHuU638,https://music.youtube.com/watch?v=m27B5KYlZ5o,https://music.youtube.com/watch?v=FVWFCUY3i_g,FVWFCUY3i_g,cgusVHuU638,m27B5KYlZ5o,FVWFCUY3i_g
c171f7e2-0c2f-5545-9d83-f47f10c50f29,105649eb-449c-542b-ae86-8072325953f1,11,Aadha Hai Chandrama Raat Aadhi,"Asha Bhosle, Mahendra Kapoor",4.5,https://www.youtube.com/watch?v=7k2OeRXNNf8,https://music.youtube.com/watch?v=mf3KK5J1-ZA,https://music.youtube.com/watch?v=e6BqsNQR6AQ,,7k2OeRXNNf8,mf3KK5J1-ZA,e6BqsNQR6AQ,
7a9241c5-d0ef-5687-ae27-07aec872e389,881f6667-3453-5182-9c41-5600fb4fda68,6,Laut Ke Aa (Aa Laut Ke Aaja Mere Meet) - Male,Mukesh,4.5,https://www.youtube.com/watch?v=hyIVG9SM46Y,https://music.youtube.com/watch?v=DAGa_z8rPp8,https://music.youtube.com/watch?v=M5345pKhPe4,,hyIVG9SM46Y,DAGa_z8rPp8,M5345pKhPe4,
9219c920-7677-58db-8b27-0fff39af2d1b,7dae3f42-7e82-545d-ab1a-16b6b9f29f40,6,Tumhen Yaad Hoga Kabhi Hum Mile The,"Lata Mangeshkar, Hemant Kumar",4.5,https://www.youtube.com/watch?v=CT37gZ3LyKU,https://music.youtube.com/watch?v=CT37gZ3LyKU,https://music.youtube.com/watch?v=cUFudhg2o6c,https://music.youtube.com/watch?v=uLNVAACUDjg,CT37gZ3LyKU,CT37gZ3LyKU,cUFudhg2o6c,uLNVAACUDjg
c91901fd-ed1b-5714-95fe-1d4f7d588ac5,24f8a816-6778-5c34-a7f8-f87291b4a0c1,1,Hum Matwale Naujawan Manzilon Ke Ujale,Kishore Kumar,4.5,http://www.youtube.com/watch?v=ENC2bbnk-0w,https://music.youtube.com/watch?v=x2dTFIf7nFE,https://music.youtube.com/watch?v=E_gs0cN2i2E,https://music.youtube.com/watch?v=ZtrTDY7_zSg,ENC2bbnk-0w,x2dTFIf7nFE,E_gs0cN2i2E,ZtrTDY7_zSg
18e481bb-969b-51d5-a85c-f87c5c5c31dc,f74bfbb3-310c-56d4-ab47-0c97dc4694bb,1,Nanhi Kali Sone Chali Hawa Dheere Aana,Geeta Dutt,4.33,https://www.youtube.com/watch?v=MGUGnPoNHM0,https://music.youtube.com/watch?v=DedogYRkw5E,https://music.youtube.com/watch?v=4JdoD7LSf58,https://music.youtube.com/watch?v=5En3TilcOjU,MGUGnPoNHM0,DedogYRkw5E,4JdoD7LSf58,5En3TilcOjU
2b2536c8-0df2-5070-9935-21d4ceaf0b6f,f74bfbb3-310c-56d4-ab47-0c97dc4694bb,3,Tum Jiyo Hazaron Saal,Asha Bhosle,4.67,https://www.youtube.com/watch?v=2krvkcn_tF8,https://music.youtube.com/watch?v=oGYRrA66iB0,https://music.youtube.com/watch?v=wa1NfgBuYTo,https://music.youtube.com/watch?v=floRWzqYDWs,2krvkcn_tF8,oGYRrA66iB0,wa1NfgBuYTo,floRWzqYDWs
7c20a10d-8b38-5ce7-bfca-33191f113c56,f74bfbb3-310c-56d4-ab47-0c97dc4694bb,4,Kaali Ghata Chhaye Mora Jiya Tarsaye,Asha Bhosle,4.5,https://www.youtube.com/watch?v=yZMyPcef_ws,https://music.youtube.com/watch?v=nbJgftAQqzA,https://music.youtube.com/watch?v=1NwiNkYH-PI,https://music.youtube.com/watch?v=1LLF48v7Jes,yZMyPcef_ws,nbJgftAQqzA,1NwiNkYH-PI,1LLF48v7Jes
125742a2-9ea8-5a91-93aa-7e6052b23d8c,f74bfbb3-310c-56d4-ab47-0c97dc4694bb,5,Sun Mere Bandhu Re Sun Mere Mitwa,S.D. Burman,4.5,https://www.youtube.com/watch?v=g9eppdrcyHI,https://music.youtube.com/watch?v=FgesjQV5TfM,https://music.youtube.com/watch?v=g9eppdrcyHI,https://music.youtube.com/watch?v=CvfnQbdBpR8,g9eppdrcyHI,FgesjQV5TfM,g9eppdrcyHI,CvfnQbdBpR8
79cb5228-2a02-557c-a998-e7a1b5a5c92c,f74bfbb3-310c-56d4-ab47-0c97dc4694bb,6,Jalte Hain Jiske Liye,Talat Mahmood,5.0,https://www.youtube.com/watch?v=jsaKIKHmz3M,https://music.youtube.com/watch?v=cjyOOsX-jIo,https://music.youtube.com/watch?v=LP4AzUt1iWc,https://music.youtube.com/watch?v=0BN0TGX4HqM,jsaKIKHmz3M,cjyOOsX-jIo,LP4AzUt1iWc,0BN0TGX4HqM
8c3d799b-18b3-5a80-908a-29289f0bc9c6,89079b3f-1da4-5176-ac1b-b8643db137b8,4,Haay Re Woh Din Kyun Na Aaye,Lata Mangeshkar,4.67,https://www.youtube.com/watch?v=zgmgnNqjov8,https://music.youtube.com/watch?v=ywXJNFQo06g,https://music.youtube.com/watch?v=v57QxIkF3nI,https://music.youtube.com/watch?v=Ref9LfiJU6g,zgmgnNqjov8,ywXJNFQo06g,v57QxIkF3nI,Ref9LfiJU6g
34cd59cd-94bb-553d-ac80-eba32d996bef,31364ab0-2477-50ba-869a-f2a6eeeb2dbf,4,Berahem Aasman Meri Manzil Bata De Kahan (Part I),Talat Mahmood,4.33,https://www.youtube.com/watch?v=EsX8HGqQzU4,https://music.youtube.com/watch?v=EsX8HGqQzU4,https://music.youtube.com/watch?v=zv5kb_Tp9QI,https://music.youtube.com/watch?v=KXLQOBH3MqY,EsX8HGqQzU4,EsX8HGqQzU4,zv5kb_Tp9QI,KXLQOBH3MqY
5101292e-99f4-5513-a6c2-5fa623f1fdaf,eb3b0eed-325a-51a3-a886-cb43559ff64b,1,Garjat Barsat Saawan Aayo Re,"Suman Kalyanpur, Kamal Barot",4.4,https://www.youtube.com/watch?v=7TnuhH3Ij-I,https://music.youtube.com/watch?v=7TnuhH3Ij-I,https://music.youtube.com/watch?v=H8Pq8Ickt28,https://music.youtube.com/watch?v=r2LAdBwgCe4,7TnuhH3Ij-I,7TnuhH3Ij-I,H8Pq8Ickt28,r2LAdBwgCe4
1f58be77-6335-5fd4-814b-1400b2efc882,eb3b0eed-325a-51a3-a886-cb43559ff64b,2,Zindagi Bhar Nahin Bhoolegi Woh Barsaat Ki Raat (Male),Mohammed Rafi,4.5,https://www.youtube.com/watch?v=SwasEdyZv-A,https://music.youtube.com/watch?v=yFvzWRblT3U,https://music.youtube.com/watch?v=OM_PENyjSHw,https://music.youtube.com/watch?v=hjft_AaVmik,SwasEdyZv-A,yFvzWRblT3U,OM_PENyjSHw,hjft_AaVmik
8947033b-01a8-592b-9ec0-ac3b8564ecb4,eb3b0eed-325a-51a3-a886-cb43559ff64b,6,Zindagi Bhar Nahin Bhoolegi Woh Barsaat Ki Raat (Duet),"Lata Mangeshkar, Mohammed Rafi",4.67,https://www.youtube.com/watch?v=xO1luzq_z68,https://music.youtube.com/watch?v=yFvzWRblT3U,https://music.youtube.com/watch?v=OM_PENyjSHw,https://music.youtube.com/watch?v=hjft_AaVmik,xO1luzq_z68,yFvzWRblT3U,OM_PENyjSHw,hjft_AaVmik
63f548ed-2d66-5583-a783-2973d2c5bfb4,eb3b0eed-325a-51a3-a886-cb43559ff64b,10,Na To Karvan Ki Talash Hai,"Manna Dey, Asha Bhosle, Sudha Malhotra, S.D. Batish",4.8,https://www.youtube.com/watch?v=VUIFvEnWa-o,https://music.youtube.com/watch?v=66Gul7oNVhA,https://music.youtube.com/watch?v=RBGDn2FdZfc,,VUIFvEnWa-o,66Gul7oNVhA,RBGDn2FdZfc,
15f3b1f4-ca5e-59e3-bb47-8dcd94b24053,eb3b0eed-325a-51a3-a886-cb43559ff64b,11,Yeh Hai Ishq Ishq (Part I),"Mohammed Rafi, Manna Dey, S.D. Batish, Sudha Malhotra",4.6,https://www.youtube.com/watch?v=tm-ivJY_OO4,https://music.youtube.com/watch?v=tm-ivJY_OO4,https://music.youtube.com/watch?v=fKy4BjfoXJA,https://music.youtube.com/watch?v=QaDSX8GP4Qs,tm-ivJY_OO4,tm-ivJY_OO4,fKy4BjfoXJA,QaDSX8GP4Qs
63090b8f-e057-573d-a605-c58f7ed3e257,f1a9eba2-30b4-599d-9aa1-1eac0ae434ee,5,Chaudhvin Ka Chand Ho,Mohammed Rafi,4.83,https://www.youtube.com/watch?v=7gnFnRaKNsQ,https://music.youtube.com/watch?v=6TjnOu7zhEI,https://music.youtube.com/watch?v=wRbBORKhGYg,https://music.youtube.com/watch?v=xFEBOFZnIdE,7gnFnRaKNsQ,6TjnOu7zhEI,wRbBORKhGYg,xFEBOFZnIdE
e2500b73-90a5-5701-baf2-2f4871bbe935,740668aa-4747-5da5-9dab-8026086f3815,2,Lehron Pe Lehar Ulfat Hai Jawan (Male),Hemant Kumar,4.67,https://www.youtube.com/watch?v=LETMfz7X6Mo,https://music.youtube.com/watch?v=LETMfz7X6Mo,https://music.youtube.com/watch?v=a0XwsjDvDrQ,,LETMfz7X6Mo,LETMfz7X6Mo,a0XwsjDvDrQ,
25afdecb-1e52-57f3-a835-1151034ba098,3b9b50d3-ce79-5ff1-b979-7cc48bda0ce5,6,Mere Toote Hue Dil Se,Mukesh,4.5,https://www.youtube.com/watch?v=lvG2Pp68rNY,https://music.youtube.com/watch?v=uaSn5YSsDXw,https://music.youtube.com/watch?v=mTlrPwpTREo,https://music.youtube.com/watch?v=lvG2Pp68rNY,lvG2Pp68rNY,uaSn5YSsDXw,mTlrPwpTREo,lvG2Pp68rNY
52323b24-66a1-5138-956a-770034779db2,36866759-54ad-5659-9f96-9216daa31a1d,2,Ajeeb Daastan Hai Yeh,Lata Mangeshkar,4.86,https://www.youtube.com/watch?v=m0olBMYEaT4,https://music.youtube.com/watch?v=9UZ0-Z1Q7EU,https://music.youtube.com/watch?v=4nTk3cUAQgU,https://music.youtube.com/watch?v=_-gwBB_UCoo,m0olBMYEaT4,9UZ0-Z1Q7EU,4nTk3cUAQgU,_-gwBB_UCoo
84f71997-f0a5-5591-9219-849ee5fb9ff4,5064db6a-f16a-5f3c-b15f-098b5a012822,7,Mujhko Is Raat Ki Tanhai Mein (Male),Mukesh,4.6,https://www.youtube.com/watch?v=9xl2Cv3vpMs,https://music.youtube.com/watch?v=GbJ4ex5DFUM,https://music.youtube.com/watch?v=9xl2Cv3vpMs,https://music.youtube.com/watch?v=xfjS2hET-ek,9xl2Cv3vpMs,GbJ4ex5DFUM,9xl2Cv3vpMs,xfjS2hET-ek
703ec0f5-0a30-587a-be4b-5a7b5caeea61,5064db6a-f16a-5f3c-b15f-098b5a012822,9,Mujhko Is Raat Ki Tanhai Mein (Female),Lata Mangeshkar,4.33,https://www.youtube.com/watch?v=xfjS2hET-ek,https://music.youtube.com/watch?v=xfjS2hET-ek,https://music.youtube.com/watch?v=Vr7jx-iyjEM,https://music.youtube.com/watch?v=r2a6xvrCcfg,xfjS2hET-ek,xfjS2hET-ek,Vr7jx-iyjEM,r2a6xvrCcfg
f23610bc-60cd-54d0-a540-70043ce105dc,d4aa38d6-33b1-5593-aff4-5cabdc00c52c,5,Aaj Mujhe Kuchh Kehna Hai,"Kishore Kumar, Sudha Malhotra",4.5,https://www.youtube.com/watch?v=WJL8CYgKELw,https://music.youtube.com/watch?v=WJL8CYgKELw,https://music.youtube.com/watch?v=-2_XGkl3KSA,https://music.youtube.com/watch?v=VjRZ1cadVIg,WJL8CYgKELw,WJL8CYgKELw,-2_XGkl3KSA,VjRZ1cadVIg
88d3a69d-0bd4-5d7e-8bf2-8b023e334cb0,98148d96-725d-540a-9729-a1d7b4d6190e,3,Jis Desh Mein Ganga Behti Hai (Hothon Pe Sachchai Rahti Hai),Mukesh,4.5,https://www.youtube.com/watch?v=lL79NdvMcSY,https://music.youtube.com/watch?v=_AzK4Risrzc,https://music.youtube.com/watch?v=lL79NdvMcSY,,lL79NdvMcSY,_AzK4Risrzc,lL79NdvMcSY,
29465d1f-1db6-5922-82c8-61c32561d155,98148d96-725d-540a-9729-a1d7b4d6190e,9,O Basanti Pavan Paagal,Lata Mangeshkar,4.67,https://www.youtube.com/watch?v=t6D7hD-qmbI,https://music.youtube.com/watch?v=g8lC-GCOssc,https://music.youtube.com/watch?v=YhPhrhWivzA,https://music.youtube.com/watch?v=Bx4jXYMoL4U,t6D7hD-qmbI,g8lC-GCOssc,YhPhrhWivzA,Bx4jXYMoL4U
6f11f37e-14f1-53e7-bd44-72ce225b0641,98148d96-725d-540a-9729-a1d7b4d6190e,10,Jis Desh Mein Ganga Behti Hai - 1,Mukesh,4.33,https://www.youtube.com/watch?v=UQzYUywW45o,https://music.youtube.com/watch?v=z_l9WChDM1k,https://music.youtube.com/watch?v=_AzK4Risrzc,,UQzYUywW45o,z_l9WChDM1k,_AzK4Risrzc,
5b4f7044-2531-585d-9b9d-810b5c81c437,98148d96-725d-540a-9729-a1d7b4d6190e,11,Aa Ab Laut Chalen,"Lata Mangeshkar, Mukesh",4.5,https://www.youtube.com/watch?v=ryWsVskIE3Y,https://music.youtube.com/watch?v=-axgKQ-IM1s,https://music.youtube.com/watch?v=5W_MUqV0srI,,ryWsVskIE3Y,-axgKQ-IM1s,5W_MUqV0srI,
373d5ff5-9fa3-55d7-98b8-306a6e092dc2,00d633b3-ec3e-51db-800f-51b672509df5,2,Naa Main Dhan Chahoon,"Geeta Dutt, Sudha Malhotra",4.33,https://www.youtube.com/watch?v=gYbljv_GM6c,https://music.youtube.com/watch?v=TqJi-C7gjbs,https://music.youtube.com/watch?v=slH9Cko2v30,https://music.youtube.com/watch?v=UNPlSvrZwFQ,gYbljv_GM6c,TqJi-C7gjbs,slH9Cko2v30,UNPlSvrZwFQ
0db1f7ad-566a-5c5e-8027-5d2f67b6edeb,00d633b3-ec3e-51db-800f-51b672509df5,5,Khoya Khoya Chaand Khula Aasman,Mohammed Rafi,5.0,https://www.youtube.com/watch?v=EsENO8IjmoY,https://music.youtube.com/watch?v=wynQT0ZNF74,https://music.youtube.com/watch?v=Luh1HXCzML0,,EsENO8IjmoY,wynQT0ZNF74,Luh1HXCzML0,
304c7fe9-3f1a-50d6-9386-9ba3109f5f95,6c142aac-d598-509f-9db2-567e62dba7cd,7,Tu Hai Mera Prem Devta,"Mohammed Rafi, Manna Dey",4.5,https://www.youtube.com/watch?v=HwHLjV7xZoc,https://music.youtube.com/watch?v=nH9fS2RiGYA,https://music.youtube.com/watch?v=rjchAQP4EbU,https://music.youtube.com/watch?v=20AA4WoeXHA,HwHLjV7xZoc,nH9fS2RiGYA,rjchAQP4EbU,20AA4WoeXHA
f4ecf4b1-f994-57fb-9c65-ae87805bf5c2,64a0863e-afae-581b-86bd-d19d866d1ce1,2,Madhuban Mein Radhika Nache Re,Mohammed Rafi,4.67,https://www.youtube.com/watch?v=zjw_hBkkyZc,https://music.youtube.com/watch?v=uAeSpSBQQBM,https://music.youtube.com/watch?v=5DfwDvX5gYo,https://music.youtube.com/watch?v=qYwAguSCd5k,zjw_hBkkyZc,uAeSpSBQQBM,5DfwDvX5gYo,qYwAguSCd5k
79357d85-0640-5606-8cdc-01e15731b7e6,64a0863e-afae-581b-86bd-d19d866d1ce1,3,Do Sitaron Ka Zamin Par Hai Milan Hai Aaj Ki Raat,"Lata Mangeshkar, Mohammed Rafi",4.67,https://www.youtube.com/watch?v=liFXgM99bhM,https://music.youtube.com/watch?v=2j2WP677t4E,https://music.youtube.com/watch?v=thw71pK-tAA,,liFXgM99bhM,2j2WP677t4E,thw71pK-tAA,
bd6106ef-a316-5b34-9a33-ffbedc5148cf,7fa1f772-41e3-5bcc-a9c3-64197de3217e,3,Poochho Na Hamen Hum Unke Liye,Asha Bhosle,4.5,https://www.youtube.com/watch?v=OJVKSkOXsXE,https://music.youtube.com/watch?v=OJVKSkOXsXE,https://music.youtube.com/watch?v=w7j8JFECjcY,https://music.youtube.com/watch?v=sntXTKQiTPI,OJVKSkOXsXE,OJVKSkOXsXE,w7j8JFECjcY,sntXTKQiTPI
c435badc-ad82-5874-8da6-04c2244723e2,6c5cb04f-e85d-57cb-90f2-4eb20dce5f85,1,Shubh Din Aayo Raj Dulara,Bade Ghulam Ali Khan,4.5,https://www.youtube.com/watch?v=pJ_sPvFpoWA,https://music.youtube.com/watch?v=pJ_sPvFpoWA,https://music.youtube.com/watch?v=u2cKMGbokKI,https://music.youtube.com/watch?v=8UpT9799e1Y,pJ_sPvFpoWA,pJ_sPvFpoWA,u2cKMGbokKI,8UpT9799e1Y
4d41dc8a-6476-5493-b542-6c15e5787a0a,6c5cb04f-e85d-57cb-90f2-4eb20dce5f85,8,Pyar Kiya To Darna Kya,Lata Mangeshkar,4.75,https://www.youtube.com/watch?v=IkyxGIH152Q,https://music.youtube.com/watch?v=_XM8CH5Vb9I,https://music.youtube.com/watch?v=HVSU0GUJMOM,https://music.youtube.com/watch?v=5Xif0evTuVk,IkyxGIH152Q,_XM8CH5Vb9I,HVSU0GUJMOM,5Xif0evTuVk
0a5f0a4a-68e3-5e52-9060-f2951d129b8e,6c5cb04f-e85d-57cb-90f2-4eb20dce5f85,9,Bekas Pe Karam Kijiye,Lata Mangeshkar,4.5,https://www.youtube.com/watch?v=lmpQD_elLn4,https://music.youtube.com/watch?v=lc9cezeG05s,https://music.youtube.com/watch?v=-K9rMJgpOeY,https://music.youtube.com/watch?v=B3X411sSUSo,lmpQD_elLn4,lc9cezeG05s,-K9rMJgpOeY,B3X411sSUSo
4ee8aaa1-6077-5209-bbd4-e9df347b0517,3359da91-d60c-50d9-9553-7808f323c557,1,Mila Hai Kisi Ka Jhumka,Lata Mangeshkar,4.5,https://www.youtube.com/watch?v=V4lir4gcLt8,https://music.youtube.com/watch?v=oyCxkprlxUQ,https://music.youtube.com/watch?v=h8oc_k4NV1Y,,V4lir4gcLt8,oyCxkprlxUQ,h8oc_k4NV1Y,
606bf9e1-a9a7-5e38-9f6e-9c2ac394ebf1,3359da91-d60c-50d9-9553-7808f323c557,3,O Sajna Barkha Bahaar Aayi,Lata Mangeshkar,5.0,https://www.youtube.com/watch?v=wwjtKZBYFRo,https://music.youtube.com/watch?v=agldEo689fc,https://music.youtube.com/watch?v=ygCF_zOXqLw,https://music.youtube.com/watch?v=SYEzJfSZm2w,wwjtKZBYFRo,agldEo689fc,ygCF_zOXqLw,SYEzJfSZm2w
11c636fc-7c38-569f-8b05-c56ef6391c14,3359da91-d60c-50d9-9553-7808f323c557,4,Mere Man Ke Diye Yun Hi,Lata Mangeshkar,4.6,http://www.youtube.com/watch?v=tkVxXZVx7l8,https://music.youtube.com/watch?v=tkVxXZVx7l8,https://music.youtube.com/watch?v=uX1PdjO8Ukc,https://music.youtube.com/watch?v=0QRTG2_c1Jg,tkVxXZVx7l8,tkVxXZVx7l8,uX1PdjO8Ukc,0QRTG2_c1Jg
f1e0a30c-30c4-5ec7-a0b3-4287b47c83c0,e11ea5da-dbb6-539f-9708-0ecf9f934817,9,Saaranga Teri Yaad Mein - II,Mukesh,4.33,https://www.youtube.com/watch?v=dNkxgoAFzCk,https://music.youtube.com/watch?v=Eal1adsPux4,https://music.youtube.com/watch?v=IQSGfiPnjXU,,dNkxgoAFzCk,Eal1adsPux4,IQSGfiPnjXU,
5355a1f4-909a-5bdb-9efa-ba8c704f23f1,3ca4266a-50f8-5dc4-beee-d6e591a97289,3,Aaha Rim Jhim Ke Ye Pyare Pyare,"Lata Mangeshkar, Talat Mahmood",4.5,https://www.youtube.com/watch?v=rmYMk1YOJWM,https://music.youtube.com/watch?v=ckV5n3uF5FM,https://music.youtube.com/watch?v=LQ0uiS_eNns,https://music.youtube.com/watch?v=gYY7UW3HVhk,rmYMk1YOJWM,ckV5n3uF5FM,LQ0uiS_eNns,gYY7UW3HVhk
fad50da9-076c-524b-bf73-46f6e9f39dc7,1e25d51f-360f-591c-8ec4-1605319c89b0,2,Jyoti Kalash Chhalke,Lata Mangeshkar,4.67,https://www.youtube.com/watch?v=ajb-SgmNevg,https://music.youtube.com/watch?v=xxfte0uRcVI,https://music.youtube.com/watch?v=VgeePWRp-WM,https://music.youtube.com/watch?v=BH5RDNLjMYw,ajb-SgmNevg,xxfte0uRcVI,VgeePWRp-WM,BH5RDNLjMYw
70fbfca6-a38e-536a-ab0f-d7b5a7de8b12,793c665e-1099-5295-bc5f-b02b3fae3ec9,4,Itna Na Mujhse Tu Pyar Badha (Male),Talat Mahmood,4.6,http://www.youtube.com/watch?v=0OblBifWzUs,https://music.youtube.com/watch?v=ETbFRFB3krE,https://music.youtube.com/watch?v=pYnZy7Zv8gU,https://music.youtube.com/watch?v=HnWbDI0_GZE,0OblBifWzUs,ETbFRFB3krE,pYnZy7Zv8gU,HnWbDI0_GZE
57127667-03ca-5997-96a5-d89a8e6cbd49,793c665e-1099-5295-bc5f-b02b3fae3ec9,5,Itna Na Mujhse Tu Pyar Badha (Duet),"Lata Mangeshkar, Talat Mahmood",4.67,https://www.youtube.com/watch?v=ClAXd0itpsA,https://music.youtube.com/watch?v=pYnZy7Zv8gU,https://music.youtube.com/watch?v=U4DzHdOX9gI,,ClAXd0itpsA,pYnZy7Zv8gU,U4DzHdOX9gI,
c0207b4f-e6c6-501d-9c7e-2e717e735da7,f28f10dd-1886-58aa-b3b4-3909e6ef85f6,1,Ghar Aaja Ghir Aaye Badra Saanwariya,Lata Mangeshkar,4.5,http://www.youtube.com/watch?v=GAUXqsaLYd0,https://music.youtube.com/watch?v=cxo5SgaeTpc,https://music.youtube.com/watch?v=ZJ7cbONHVrM,https://music.youtube.com/watch?v=8rajA_KwvhM,GAUXqsaLYd0,cxo5SgaeTpc,ZJ7cbONHVrM,8rajA_KwvhM
3bd27fad-7557-5f26-ae9a-4d89a26964b2,8a0fe06a-91c3-5862-9b58-7fff41f50310,3,Husnwale Tera Jawab Nahin,Mohammed Rafi,4.33,http://www.youtube.com/watch?v=1Pn81ApIsfs,https://music.youtube.com/watch?v=yrqcS3Z4l6g,https://music.youtube.com/watch?v=1Pn81ApIsfs,https://music.youtube.com/watch?v=pEdoGj4mrfk,1Pn81ApIsfs,yrqcS3Z4l6g,1Pn81ApIsfs,pEdoGj4mrfk
f2bc0dd0-408c-5a85-9bf9-6ceef270d299,a54794e2-b81f-5de4-b2d3-2cf24fba79ed,1,Kabhi Tanhaiyon Mein Yun Hamari Yaad Aayegi,Mubarak Begum,4.33,https://www.youtube.com/watch?v=8q7edeXI9kc,https://music.youtube.com/watch?v=VCYRcwzurec,https://music.youtube.com/watch?v=iAdkoyCKFb8,https://music.youtube.com/watch?v=8ayWUCnyqis,8q7edeXI9kc,VCYRcwzurec,iAdkoyCKFb8,8ayWUCnyqis
1fd68518-7869-5902-a5d3-0abb757ffcc5,36630422-b38c-5344-9341-5b8f62e49abb,1,Allah Tero Naam Ishwar Tero Naam,Lata Mangeshkar,4.71,https://www.youtube.com/watch?v=CXuWxfmtmN4,https://music.youtube.com/watch?v=hS1wq8ZYsKI,https://music.youtube.com/watch?v=CXuWxfmtmN4,https://music.youtube.com/watch?v=5DOk2Ia6NZs,CXuWxfmtmN4,hS1wq8ZYsKI,CXuWxfmtmN4,5DOk2Ia6NZs
e093d017-7b2f-537d-82a8-f3461e02033c,36630422-b38c-5344-9341-5b8f62e49abb,2,Abhi Naa Jao Chhod Kar,"Asha Bhosle, Mohammed Rafi",4.92,https://www.youtube.com/watch?v=yKF9e5WFzIc,https://music.youtube.com/watch?v=YHd3rYyP9Yk,https://music.youtube.com/watch?v=oDfK3RfSlKk,https://music.youtube.com/watch?v=91NfetSKaCo,yKF9e5WFzIc,YHd3rYyP9Yk,oDfK3RfSlKk,91NfetSKaCo
4345b444-6c10-58ff-902e-f168a319d51d,36630422-b38c-5344-9341-5b8f62e49abb,3,Jahan Mein Aisa Kaun Hai (Dukh Aur Sukh Ke Raaste),Asha Bhosle,4.67,https://www.youtube.com/watch?v=2FmbIzlh7FM,https://music.youtube.com/watch?v=9Y0y8jI_-8w,https://music.youtube.com/watch?v=oLQIvcD57pM,https://music.youtube.com/watch?v=W7k-ggkI-PQ,2FmbIzlh7FM,9Y0y8jI_-8w,oLQIvcD57pM,W7k-ggkI-PQ
96f74848-9ed7-5a8a-bc80-3b5e4347efcd,36630422-b38c-5344-9341-5b8f62e49abb,4,Main Zindagi Ka Saath Nibhata Chala Gaya,Mohammed Rafi,4.75,https://www.youtube.com/watch?v=vljFJm8lLYU,https://music.youtube.com/watch?v=LMAlMnDyW84,https://music.youtube.com/watch?v=QCGh8s3mShQ,https://music.youtube.com/watch?v=ZwDvIZA-H9A,vljFJm8lLYU,LMAlMnDyW84,QCGh8s3mShQ,ZwDvIZA-H9A
b5700362-7458-58c8-b9e7-392e711c6a1f,36630422-b38c-5344-9341-5b8f62e49abb,5,Kabhi Khud Pe Kabhi Haalaat Pe Rona Aaya,Mohammed Rafi,4.9,https://www.youtube.com/watch?v=9bzkFvxYt7Y,https://music.youtube.com/watch?v=by_876Mu1lQ,https://music.youtube.com/watch?v=ysKmgl2Zyrc,https://music.youtube.com/watch?v=ZgXVbZck3oo,9bzkFvxYt7Y,by_876Mu1lQ,ysKmgl2Zyrc,ZgXVbZck3oo
57405276-7f77-52f0-8989-361d21595a72,36630422-b38c-5344-9341-5b8f62e49abb,6,Prabhu Tero Naam,Lata Mangeshkar,4.33,https://www.youtube.com/watch?v=F8jiA051fE4,https://music.youtube.com/watch?v=zYcIhmrqBJI,https://music.youtube.com/watch?v=92l48zbMBOw,https://music.youtube.com/watch?v=F8jiA051fE4,F8jiA051fE4,zYcIhmrqBJI,92l48zbMBOw,F8jiA051fE4
1aa21dcb-f896-5b15-bcf8-796077270eba,f7ff7729-955a-5783-9a30-b9fe4dcf6898,5,Dil Ne Kuchh Aise Pukara,Lata Mangeshkar,4.5,http://www.youtube.com/watch?v=WeloINngsJ0,https://music.youtube.com/watch?v=pdIOBekW70A,https://music.youtube.com/watch?v=TlEXdinc7Vc,https://music.youtube.com/watch?v=-jG9q_53-Ac,WeloINngsJ0,pdIOBekW70A,TlEXdinc7Vc,-jG9q_53-Ac
8d818478-b4ff-59c8-9612-623c89411871,7be9a1fb-3c18-5ade-8f27-3b6975abb0bd,1,Main Hoon Jhum Jhum Jhum Jhum Jhumroo,Kishore Kumar,4.33,https://www.youtube.com/watch?v=U40ueG4yKiY,https://music.youtube.com/watch?v=-OnYETPz6iU,https://music.youtube.com/watch?v=iR9B3GAUWfM,https://music.youtube.com/watch?v=RJ8jY5Qwwn0,U40ueG4yKiY,-OnYETPz6iU,iR9B3GAUWfM,RJ8jY5Qwwn0
cb9963cc-257c-55b6-9ee0-f3ae52333148,7be9a1fb-3c18-5ade-8f27-3b6975abb0bd,7,Koi Humdam Na Raha Koi Sahara Naa Raha,Kishore Kumar,4.67,https://www.youtube.com/watch?v=oCSqcW8Gt4o,https://music.youtube.com/watch?v=WcDtDHjt_cc,https://music.youtube.com/watch?v=4dAAnIV0P94,https://music.youtube.com/watch?v=sH1eJKgRKpI,oCSqcW8Gt4o,WcDtDHjt_cc,4dAAnIV0P94,sH1eJKgRKpI
9cac6698-24d9-5525-8087-505407c07c1e,7be9a1fb-3c18-5ade-8f27-3b6975abb0bd,8,Thandi Hawa Yeh Chandni Suhani,Kishore Kumar,4.5,https://www.youtube.com/watch?v=72cyicbXYmE,https://music.youtube.com/watch?v=vAsgLUo2Jsw,https://music.youtube.com/watch?v=HxsUKLRkVQg,https://music.youtube.com/watch?v=O7Imv6rK5qY,72cyicbXYmE,vAsgLUo2Jsw,HxsUKLRkVQg,O7Imv6rK5qY
28654091-0bc3-547f-81d6-e9dbadfe8dfd,8b3c1b11-7391-5786-9c99-047ea60c8ee6,1,Ehsaan Tera Hoga Mujh Par (Female),Lata Mangeshkar,4.4,https://www.youtube.com/watch?v=ugX4mBcivxs,https://music.youtube.com/watch?v=6LaxJzOc7Q4,https://music.youtube.com/watch?v=_UNYuJSau4Q,https://music.youtube.com/watch?v=90Dix3U7p08,ugX4mBcivxs,6LaxJzOc7Q4,_UNYuJSau4Q,90Dix3U7p08
993ed424-0c15-59b9-b123-8d9dcdacc568,8b3c1b11-7391-5786-9c99-047ea60c8ee6,5,Ehsaan Tera Hoga Mujh Par (Male),Mohammed Rafi,4.5,https://www.youtube.com/watch?v=ZUcoeFO5cbw,https://music.youtube.com/watch?v=hGAS7RY7uhU,https://music.youtube.com/watch?v=_UNYuJSau4Q,https://music.youtube.com/watch?v=1obTLZq-UT0,ZUcoeFO5cbw,hGAS7RY7uhU,_UNYuJSau4Q,1obTLZq-UT0
b4778a06-313f-51a3-8f5b-9bcbbce1869d,9a0595d8-85e4-521c-aea4-7f731ee4bd39,1,Tasveer Teri Dil Mein,"Lata Mangeshkar, Mohammed Rafi",4.75,https://www.youtube.com/watch?v=tKM58M7nwk0,https://music.youtube.com/watch?v=U0qDnrJ43xY,https://music.youtube.com/watch?v=NGhOE6YFlTc,https://music.youtube.com/watch?v=G1Gq5aFfUWI,tKM58M7nwk0,U0qDnrJ43xY,NGhOE6YFlTc,G1Gq5aFfUWI
0f3e46c2-7487-5444-80ec-2bb21697a560,9a0595d8-85e4-521c-aea4-7f731ee4bd39,2,Ja Re Ja Re Ud Ja Re Panchhi,Lata Mangeshkar,4.8,https://www.youtube.com/watch?v=RtsgWRX4Txo,https://music.youtube.com/watch?v=mQY0Zzt0M8k,https://music.youtube.com/watch?v=5jnJSLCWlQE,,RtsgWRX4Txo,mQY0Zzt0M8k,5jnJSLCWlQE,
ea4046f8-997c-590a-8ffb-7af170e744e1,9a0595d8-85e4-521c-aea4-7f731ee4bd39,7,Koi Sone Ke Dilwala,Mohammed Rafi,4.33,https://www.youtube.com/watch?v=GtSBDLuW2yA,https://music.youtube.com/watch?v=Gh18nfZZBW8,https://music.youtube.com/watch?v=2s2dSd_RJIE,https://music.youtube.com/watch?v=R-Weazo7OKU,GtSBDLuW2yA,Gh18nfZZBW8,2s2dSd_RJIE,R-Weazo7OKU
b464c287-ad3c-569f-bdc7-68f318689040,917b2bfb-8443-5c76-ba83-1b62feaafa08,3,Yeh Mausam Rangeen Sama,"Suman Kalyanpur, Mukesh",4.33,http://www.youtube.com/watch?v=YXj-zYCe5QA,https://music.youtube.com/watch?v=V_nqe8YN_aA,https://music.youtube.com/watch?v=EOd81d-Ejs8,https://music.youtube.com/watch?v=Rm8vztwdxsk,YXj-zYCe5QA,V_nqe8YN_aA,EOd81d-Ejs8,Rm8vztwdxsk
5cda7f40-f609-5d59-8b79-21afdfdce50b,52d8da1b-27ee-508a-a856-e8b085ac6cba,7,Dhalti Jaaye Raat,"Asha Bhosle, Mohammed Rafi",4.5,https://www.youtube.com/watch?v=bRtX2ehqlqs,https://music.youtube.com/watch?v=UCS-lUQC-XQ,https://music.youtube.com/watch?v=mktpsweSEqw,https://music.youtube.com/watch?v=PF7Wj5GPU70,bRtX2ehqlqs,UCS-lUQC-XQ,mktpsweSEqw,PF7Wj5GPU70
2cd64f04-77dd-5989-a869-8da0b85030e3,23ebe797-96d7-5ded-9c16-e84cb42d9861,2,Tum To Dil Ke Taar Chhed Kar (Male),Talat Mahmood,4.33,https://www.youtube.com/watch?v=91TY3A8c4cI,https://music.youtube.com/watch?v=vJwUXabllnY,https://music.youtube.com/watch?v=hDVb7i9MLNo,https://music.youtube.com/watch?v=-OvKM8EGclQ,91TY3A8c4cI,vJwUXabllnY,hDVb7i9MLNo,-OvKM8EGclQ
e487bb54-510f-592d-a143-756681a3195d,23ebe797-96d7-5ded-9c16-e84cb42d9861,5,Tum To Dil Ke Taar Chhed Kar (Female),Lata Mangeshkar,4.33,https://www.youtube.com/watch?v=pOHfVQataUM,https://music.youtube.com/watch?v=pOHfVQataUM,https://music.youtube.com/watch?v=sNGzqwDQy1w,https://music.youtube.com/watch?v=hDVb7i9MLNo,pOHfVQataUM,pOHfVQataUM,sNGzqwDQy1w,hDVb7i9MLNo
02086446-37ba-5646-accd-94f623336962,3a66f74b-b55e-5040-9482-17fdecb633b4,1,Bhooli Hui Yaadon Mujhe Itna Na Sataao,Mukesh,4.5,https://www.youtube.com/watch?v=XnUJZI1Pow8,https://music.youtube.com/watch?v=hj83EqfFNgM,https://music.youtube.com/watch?v=UbIhMvTZ-9g,https://music.youtube.com/watch?v=DP5V9PSD84w,XnUJZI1Pow8,hj83EqfFNgM,UbIhMvTZ-9g,DP5V9PSD84w
79cf185e-c51b-5638-acfc-c256ff6d9632,3a66f74b-b55e-5040-9482-17fdecb633b4,2,Woh Bhooli Daastan Lo Phir Yaad Aa Gayi,Lata Mangeshkar,4.8,https://www.youtube.com/watch?v=d6n8kekViOk,https://music.youtube.com/watch?v=jV-JIhygXjU,https://music.youtube.com/watch?v=LEsHUyrq0es,https://music.youtube.com/watch?v=bA3mWuNhDVE,d6n8kekViOk,jV-JIhygXjU,LEsHUyrq0es,bA3mWuNhDVE
66edf79f-0a78-5257-8a91-f198a6654e95,0205507b-f0a6-56bf-b715-223b7ea001fe,2,Jeet Hi Lenge Baazi Hum Tum,"Lata Mangeshkar, Mohammed Rafi",4.75,https://www.youtube.com/watch?v=ENogPU877b4,https://music.youtube.com/watch?v=MoGfefYRfXQ,https://music.youtube.com/watch?v=DAXGiEqtGu8,https://music.youtube.com/watch?v=CfssinEglbE,ENogPU877b4,MoGfefYRfXQ,DAXGiEqtGu8,CfssinEglbE
29eee9ee-e7c0-5b22-8582-2aff697597f1,0205507b-f0a6-56bf-b715-223b7ea001fe,8,Jaane Kya Dhoondhti Rahti Hain,Mohammed Rafi,4.4,https://www.youtube.com/watch?v=VWW6lsU9pcE,https://music.youtube.com/watch?v=UqNb9FoQyzI,https://music.youtube.com/watch?v=i7kgXT2YyZw,,VWW6lsU9pcE,UqNb9FoQyzI,i7kgXT2YyZw,
f83398c6-bef2-5cc3-a3ef-483f6607d2b3,5fcecf82-64cf-587c-b3ec-f2a37e2ac783,5,Na Jaane Kahaan Tum The,"Suman Kalyanpur, Manna Dey",4.5,https://www.youtube.com/watch?v=uuxSq6N7OW8,https://music.youtube.com/watch?v=TY4-rfWvizI,https://music.youtube.com/watch?v=wU1pdUUhmkg,https://music.youtube.com/watch?v=OedlZacYFb0,uuxSq6N7OW8,TY4-rfWvizI,wU1pdUUhmkg,OedlZacYFb0
287cb2c4-02ac-5e9f-b15b-a35677e6fd43,9d0d47c3-778c-5792-b367-c6c3a1c53e3c,3,Aapne Yaad Dilaya To Mujhe Yaad Aaya,"Lata Mangeshkar, Mohammed Rafi",4.6,http://www.youtube.com/watch?v=eIYFPfiftXw,https://music.youtube.com/watch?v=G0LnAj2C6Bo,https://music.youtube.com/watch?v=ClIuOHxYMw0,https://music.youtube.com/watch?v=TVyrSzHSYm0,eIYFPfiftXw,G0LnAj2C6Bo,ClIuOHxYMw0,TVyrSzHSYm0
01847672-d6ae-5f84-98e7-c609d8da2be4,29482fc9-082a-59e9-8e54-c97b70f81976,1,Aap Ki Nazron Ne Samjha,Lata Mangeshkar,4.89,https://www.youtube.com/watch?v=Wv-VlQMD0VY,https://music.youtube.com/watch?v=r2yk5WkkOlk,https://music.youtube.com/watch?v=L39LUVvWnU0,https://music.youtube.com/watch?v=Wv-VlQMD0VY,Wv-VlQMD0VY,r2yk5WkkOlk,L39LUVvWnU0,Wv-VlQMD0VY
0d6c3f48-2184-5999-9b00-2ace175c915b,29482fc9-082a-59e9-8e54-c97b70f81976,2,Hai Isi Mein Pyar Ki Aabroo,Lata Mangeshkar,4.75,https://www.youtube.com/watch?v=AlgzFrPoXlA,https://music.youtube.com/watch?v=JpHelTGYGzs,https://music.youtube.com/watch?v=AlgzFrPoXlA,https://music.youtube.com/watch?v=9sZcztBvxBE,AlgzFrPoXlA,JpHelTGYGzs,AlgzFrPoXlA,9sZcztBvxBE
45f8a532-368d-579b-b374-ae3beb0eecc4,29482fc9-082a-59e9-8e54-c97b70f81976,4,Jiya Le Gayo Ji Mora Sanwariya,Lata Mangeshkar,4.5,https://www.youtube.com/watch?v=sXqZz8M34xg,https://music.youtube.com/watch?v=sXqZz8M34xg,https://music.youtube.com/watch?v=Ty8Js132VZo,https://music.youtube.com/watch?v=pnVPxL6Ba-s,sXqZz8M34xg,sXqZz8M34xg,Ty8Js132VZo,pnVPxL6Ba-s
4f0e8a24-808e-516d-92e9-fe90f3cb3d39,876fe4c0-9035-59df-a0c2-44de034540a5,1,Akela Hoon Main Is Duniya Mein,Mohammed Rafi,4.33,https://www.youtube.com/watch?v=5lZLjgxMxLg,https://music.youtube.com/watch?v=WbTP2ip5vEY,https://music.youtube.com/watch?v=ozjxf6WHDpo,https://music.youtube.com/watch?v=3wjZTdONxqc,5lZLjgxMxLg,WbTP2ip5vEY,ozjxf6WHDpo,3wjZTdONxqc
3dbd543e-0565-5ffa-9843-0b94c549c2af,876fe4c0-9035-59df-a0c2-44de034540a5,2,Na Tum Hamen Jaano (Male),"Hemant Kumar, Suman Kalyanpur",4.8,https://www.youtube.com/watch?v=AuF-N8V3JXg,https://music.youtube.com/watch?v=yB--o8FQggE,https://music.youtube.com/watch?v=bsAswMEVKQ8,,AuF-N8V3JXg,yB--o8FQggE,bsAswMEVKQ8,
6f4d672f-6b95-5e79-b30a-c3fb38c7e3fd,876fe4c0-9035-59df-a0c2-44de034540a5,5,Na Tum Hamen Jaano (Female),Suman Kalyanpur,4.67,https://www.youtube.com/watch?v=bsAswMEVKQ8,https://music.youtube.com/watch?v=4l1v9XZDIvQ,https://music.youtube.com/watch?v=bsAswMEVKQ8,https://music.youtube.com/watch?v=yB--o8FQggE,bsAswMEVKQ8,4l1v9XZDIvQ,bsAswMEVKQ8,yB--o8FQggE
4662a0af-e505-5628-bb73-a0534a0eb3ae,fdb6bda6-02a1-5010-b4c2-746ece5ca44c,2,Kahin Deep Jale Kahin Dil,Lata Mangeshkar,4.75,https://www.youtube.com/watch?v=kKnyg_ZkFlY,https://music.youtube.com/watch?v=cfuE6_pJhqo,https://music.youtube.com/watch?v=WHgnUHtS1hU,https://music.youtube.com/watch?v=EdFsb35rulc,kKnyg_ZkFlY,cfuE6_pJhqo,WHgnUHtS1hU,EdFsb35rulc
56f4b318-8233-5f02-8cf8-df3e03cd181f,fdb6bda6-02a1-5010-b4c2-746ece5ca44c,4,Beqarar Karke Humein Yun Na Jaiye,Hemant Kumar,4.8,https://www.youtube.com/watch?v=n9BXZ80xt-k,https://music.youtube.com/watch?v=CRpJGltYhew,https://music.youtube.com/watch?v=WgP_2Bw4qlI,https://music.youtube.com/watch?v=v-YnO4ZED6c,n9BXZ80xt-k,CRpJGltYhew,WgP_2Bw4qlI,v-YnO4ZED6c
9a0db24a-6776-54cd-bbc7-b76cd4868277,43537f0f-c204-506a-8471-9e053d4a32ad,1,Baar Baar Dekho Hazar Baar Dekho,Mohammed Rafi,4.67,https://www.youtube.com/watch?v=Bw13doEUod4,https://music.youtube.com/watch?v=xFWq3QWKDMs,https://music.youtube.com/watch?v=l-LthjvYVk8,https://music.youtube.com/watch?v=ijD4LAg5QBc,Bw13doEUod4,xFWq3QWKDMs,l-LthjvYVk8,ijD4LAg5QBc
bcc489ac-48ec-5289-98f0-7199549281b7,746d5973-c545-5be8-85b3-a2eece75ad3a,2,Bahut Shukriya Badi Meharbani,"Asha Bhosle, Mohammed Rafi",4.5,https://www.youtube.com/watch?v=n2aSBlqu8sk,https://music.youtube.com/watch?v=_k5QdAqpJ1s,https://music.youtube.com/watch?v=eqgZ4zg6Ofk,https://music.youtube.com/watch?v=ygL6de0YVYg,n2aSBlqu8sk,_k5QdAqpJ1s,eqgZ4zg6Ofk,ygL6de0YVYg
c39f3b07-9ba8-5e50-b2ed-acf3227fd20e,746d5973-c545-5be8-85b3-a2eece75ad3a,3,Mujhe Dekh Kar Aap Ka Muskurana,Mohammed Rafi,4.75,https://www.youtube.com/watch?v=OHeZYbbD3tE,https://music.youtube.com/watch?v=fNt2PHTIOYw,https://music.youtube.com/watch?v=MLgvTcs_tt8,https://music.youtube.com/watch?v=Y7lzLDK-Gps,OHeZYbbD3tE,fNt2PHTIOYw,MLgvTcs_tt8,Y7lzLDK-Gps
e9bbf1de-51ec-5f60-a62a-cdf000ee6f88,746d5973-c545-5be8-85b3-a2eece75ad3a,10,Main Pyar Ka Raahi Hoon,"Asha Bhosle, Mohammed Rafi",5.0,https://www.youtube.com/watch?v=WtP8VL136uI,https://music.youtube.com/watch?v=uHe02Kfi_ks,https://music.youtube.com/watch?v=WtP8VL136uI,https://music.youtube.com/watch?v=r-ePM6XRr7w,WtP8VL136uI,uHe02Kfi_ks,WtP8VL136uI,r-ePM6XRr7w
0ae8d51a-bee2-5fbf-b085-f0d622629c15,e293a567-9abc-5fb0-ade1-a8da914ed156,6,Dil Ki Tamanna Thi Masti Mein (Male),Mohammed Rafi,4.33,https://www.youtube.com/watch?v=YmY9aaAmXEQ,https://music.youtube.com/watch?v=KyIzslcPwx0,https://music.youtube.com/watch?v=AzfxstVInwU,https://music.youtube.com/watch?v=QdrwjJAq3FM,YmY9aaAmXEQ,KyIzslcPwx0,AzfxstVInwU,QdrwjJAq3FM
d8bb5416-0456-50d9-bd34-c8230aea40d2,76689e01-c33c-5775-a017-240b74d12b52,3,Aake Seedhi Lagi Dil Pe Jaise Katariya,Kishore Kumar,4.5,https://www.youtube.com/watch?v=ZJwOzpW3k7g,https://music.youtube.com/watch?v=4MJKMzetqUg,https://music.youtube.com/watch?v=DbuZZUHkeBI,https://music.youtube.com/watch?v=XGhMrUlyChI,ZJwOzpW3k7g,4MJKMzetqUg,DbuZZUHkeBI,XGhMrUlyChI
a5bb384f-7c44-59cf-8a8e-07e8ea4f0b9a,76689e01-c33c-5775-a017-240b74d12b52,6,Chand Raat Tum Ho Saath,"Lata Mangeshkar, Kishore Kumar",4.5,http://www.youtube.com/watch?v=zFO9QvDV3JI,https://music.youtube.com/watch?v=pwOiubK5H4g,,,zFO9QvDV3JI,pwOiubK5H4g,,
ba218bde-f2a3-5369-86ce-2dcd70e6999c,2be102dd-13e7-57ae-87a3-d41a0e1d6233,3,Kho Gaya Hai Mera Pyar,Mahendra Kapoor,4.33,https://www.youtube.com/watch?v=MDWjClHx4hY,https://music.youtube.com/watch?v=_qcIYom_x-U,https://music.youtube.com/watch?v=3CgIqyGD8XA,,MDWjClHx4hY,_qcIYom_x-U,3CgIqyGD8XA,
2ad47e3f-b431-5fc8-9061-d7b2444d8103,2be102dd-13e7-57ae-87a3-d41a0e1d6233,5,Teri Yaad Dil Se Bhulane Chala Hoon,Mukesh,4.67,https://www.youtube.com/watch?v=BtqJbZIBIVw,https://music.youtube.com/watch?v=3XW6Dv-FWxA,https://music.youtube.com/watch?v=-8kSVDwPk80,https://music.youtube.com/watch?v=ZIjVr-Y5W2Y,BtqJbZIBIVw,3XW6Dv-FWxA,-8kSVDwPk80,ZIjVr-Y5W2Y
94ef3688-1c61-5709-a82e-39ac32b2c7e9,882b068e-a6f3-586c-8e77-adddc62c206a,6,Honolulu,Asha Bhosle,4.33,https://www.youtube.com/watch?v=tgl74O9kIZg,https://music.youtube.com/watch?v=tgl74O9kIZg,https://music.youtube.com/watch?v=_7HAHBVfcxY,https://music.youtube.com/watch?v=FkG2m2PlOLQ,tgl74O9kIZg,tgl74O9kIZg,_7HAHBVfcxY,FkG2m2PlOLQ
45de400f-e519-5ddc-a572-fcf35fd6cb38,857116bc-2dcb-50f1-bf79-411ce8c5ab3d,2,Chand Jane Kahan Kho Gaya,"Lata Mangeshkar, Mohammed Rafi",4.5,http://www.youtube.com/watch?v=O9QfWt_Agvc,https://music.youtube.com/watch?v=sCELhWeZB2c,https://music.youtube.com/watch?v=H1xW6Un59VQ,https://music.youtube.com/watch?v=a2mnxk5u5WY,O9QfWt_Agvc,sCELhWeZB2c,H1xW6Un59VQ,a2mnxk5u5WY
e2d80f88-3997-5c91-8d4d-e49e1e3b8d80,fc9280be-e537-5a97-b786-0006cf1df9ab,4,Zaroorat Hai Zaroorat Hai,Kishore Kumar,4.33,http://www.youtube.com/watch?v=1zmb_8F4HuE,https://music.youtube.com/watch?v=2x2TOyG_Jb4,https://music.youtube.com/watch?v=j-aM6dkKFJQ,https://music.youtube.com/watch?v=xxp6PwyTaMg,1zmb_8F4HuE,2x2TOyG_Jb4,j-aM6dkKFJQ,xxp6PwyTaMg
e6e28c2b-f241-509d-a026-96fd56215a14,fc9280be-e537-5a97-b786-0006cf1df9ab,5,Main Toh Tum Sang Nain Mila Ke Haar Gayi Sajna,Lata Mangeshkar,4.5,http://www.youtube.com/watch?v=eYhH4PK1WbA,https://music.youtube.com/watch?v=5P6j-YEA1CA,https://music.youtube.com/watch?v=1UpAZ0Ikzo0,,eYhH4PK1WbA,5P6j-YEA1CA,1UpAZ0Ikzo0,
8a500b05-2480-5968-9536-dab2db745b05,287b8066-680a-58b8-b096-43db9950b70a,1,Aye Gulbadan,Mohammed Rafi,4.33,https://www.youtube.com/watch?v=jroIBI4mH5g,https://music.youtube.com/watch?v=5rvlYjjgoFg,https://music.youtube.com/watch?v=jroIBI4mH5g,https://music.youtube.com/watch?v=XFndN3_0CkQ,jroIBI4mH5g,5rvlYjjgoFg,jroIBI4mH5g,XFndN3_0CkQ
d85a70ed-a818-5748-82c9-4b7173e7be7c,287b8066-680a-58b8-b096-43db9950b70a,4,Main Chali Main Chali,"Lata Mangeshkar, Mohammed Rafi",4.5,https://www.youtube.com/watch?v=xomPMEUi7aE,https://music.youtube.com/watch?v=EQSfKZ2JI8A,https://music.youtube.com/watch?v=EbRP5K5ffaI,https://music.youtube.com/watch?v=WPf-CWW0Z7k,xomPMEUi7aE,EQSfKZ2JI8A,EbRP5K5ffaI,WPf-CWW0Z7k
5ee66a78-6974-57c0-bb24-bd1eb74143d3,287b8066-680a-58b8-b096-43db9950b70a,6,Awaz De Ke Humen Tum Bulao,"Lata Mangeshkar, Mohammed Rafi",4.67,https://www.youtube.com/watch?v=nOTxejJPvHY,https://music.youtube.com/watch?v=SMuvkuPkUn8,https://music.youtube.com/watch?v=pX9l83bANgQ,https://music.youtube.com/watch?v=jDFF9IBB_Ow,nOTxejJPvHY,SMuvkuPkUn8,pX9l83bANgQ,jDFF9IBB_Ow
20f1f895-b8b2-51a1-83d6-66650d43684a,b12b7ad5-626d-5f4f-8474-0f1926aa590a,5,Chhoti Si Yeh Duniya Pehchane Raaste Hain (Male),Kishore Kumar,4.5,http://www.youtube.com/watch?v=6AwXJT8mL8Y,https://music.youtube.com/watch?v=ApyHxBoyvCU,https://music.youtube.com/watch?v=4ctWJTAOAdM,https://music.youtube.com/watch?v=AFlzD56J5Oc,6AwXJT8mL8Y,ApyHxBoyvCU,4ctWJTAOAdM,AFlzD56J5Oc
77145748-0bc8-5cab-8240-d8443db73041,fef8d978-8516-5a5c-aaff-aa1017ce95a4,2,Bhanwara Bada Naadaan Hai,Asha Bhosle,4.67,http://www.youtube.com/watch?v=DHyRikMZXqw,https://music.youtube.com/watch?v=uFigUNGkNBo,https://music.youtube.com/watch?v=9tolO_VXMuI,https://music.youtube.com/watch?v=o0ta7Q23hfs,DHyRikMZXqw,uFigUNGkNBo,9tolO_VXMuI,o0ta7Q23hfs
2dff0a70-b480-5dde-afb6-69f6974c04e4,fef8d978-8516-5a5c-aaff-aa1017ce95a4,3,Meri Baat Rahi Mere Man Mein,Asha Bhosle,4.67,http://www.youtube.com/watch?v=yH90122MXws,https://music.youtube.com/watch?v=nriUeCqCOmk,https://music.youtube.com/watch?v=pkVD-xcfXd4,https://music.youtube.com/watch?v=FijllT6FqOI,yH90122MXws,nriUeCqCOmk,pkVD-xcfXd4,FijllT6FqOI
19087a87-9177-5ae5-9662-55facac25e96,fef8d978-8516-5a5c-aaff-aa1017ce95a4,4,Saqiya Aaj Mujhe Neend Nahin Aayegi,Asha Bhosle,4.33,http://www.youtube.com/watch?v=RIRVQ4vJrY4,https://music.youtube.com/watch?v=fu_C-VAV7Kk,https://music.youtube.com/watch?v=rvaYjVU2DT4,https://music.youtube.com/watch?v=3dD8Z6DlW_M,RIRVQ4vJrY4,fu_C-VAV7Kk,rvaYjVU2DT4,3dD8Z6DlW_M
d24ab738-ce2c-54f9-b2bc-c388ce0fecd6,fef8d978-8516-5a5c-aaff-aa1017ce95a4,5,Chale Aao Chale Aao,Geeta Dutt,4.33,http://www.youtube.com/watch?v=7pqVaX6-n1M,https://music.youtube.com/watch?v=0ygugMc9s7E,https://music.youtube.com/watch?v=qAS4TokIiq8,https://music.youtube.com/watch?v=7pqVaX6-n1M,7pqVaX6-n1M,0ygugMc9s7E,qAS4TokIiq8,7pqVaX6-n1M
6e51689b-985c-5db0-b752-dfc23d995051,d0949c25-eaef-54b7-af51-27e5efb9d51b,4,Ja Main Tose Naahi Boloon,Lata Mangeshkar,4.5,https://www.youtube.com/watch?v=Be2WtEUCCyo,https://music.youtube.com/watch?v=WTcXSp2KvNs,https://music.youtube.com/watch?v=qFV0PBAuXz0,https://music.youtube.com/watch?v=K7gKrX6bsHQ,Be2WtEUCCyo,WTcXSp2KvNs,qFV0PBAuXz0,K7gKrX6bsHQ
a6d5c9a5-0c69-51b0-8bed-63ac23993fb4,38ec08bd-b6bc-5384-b9b8-406ded6a0b0d,2,Bahut Diya Dene Wale Ne Tujhko,Mukesh,4.67,https://www.youtube.com/watch?v=lF2QHMw61gs,https://music.youtube.com/watch?v=NmwlVQSDm4g,https://music.youtube.com/watch?v=y-cSeV61XBo,https://music.youtube.com/watch?v=zMblWdFfoho,lF2QHMw61gs,NmwlVQSDm4g,y-cSeV61XBo,zMblWdFfoho
0f7f1e55-c994-5566-91b0-cb1801f5a5d3,0edc0eff-73de-5fae-9730-f575c9e132f6,7,Umr Hui Tumse Mile,"Lata Mangeshkar, Hemant Kumar",4.33,https://www.youtube.com/watch?v=PIUtQ30EaAw,https://music.youtube.com/watch?v=ezOuyJdw0dA,https://music.youtube.com/watch?v=VC9UYUhvdKg,https://music.youtube.com/watch?v=kv58nO1mohw,PIUtQ30EaAw,ezOuyJdw0dA,VC9UYUhvdKg,kv58nO1mohw
7f37bfc9-0f1d-5e83-9d11-7536328dd1f9,dee127f0-7b98-5c16-8868-9561491a37e7,4,Mora Gora Ang Laile,Lata Mangeshkar,5.0,https://www.youtube.com/watch?v=77dP8x5rKAc,https://music.youtube.com/watch?v=hI1N35PGLiE,https://music.youtube.com/watch?v=MALZbc6034g,https://music.youtube.com/watch?v=8xRt86xmPU0,77dP8x5rKAc,hI1N35PGLiE,MALZbc6034g,8xRt86xmPU0
47ff92e3-5ee1-54ac-97da-363a38ff7a98,dee127f0-7b98-5c16-8868-9561491a37e7,6,O Janewale Ho Sake To Laut Ke Aana,Mukesh,4.5,https://www.youtube.com/watch?v=YSdjKg6CEaU,https://music.youtube.com/watch?v=pmRVFAV_9fg,https://music.youtube.com/watch?v=YSdjKg6CEaU,https://music.youtube.com/watch?v=t0h7yAtno6A,YSdjKg6CEaU,pmRVFAV_9fg,YSdjKg6CEaU,t0h7yAtno6A
9c0a8311-1066-5909-ac25-49595e024890,dee127f0-7b98-5c16-8868-9561491a37e7,7,Mere Saajan Hain Us Paar (O Re Majhi),S.D. Burman,4.5,https://www.youtube.com/watch?v=Q99vM5N-CZM,https://music.youtube.com/watch?v=c8iRjVLH6xI,https://music.youtube.com/watch?v=Q99vM5N-CZM,https://music.youtube.com/watch?v=l4ixTXAntGY,Q99vM5N-CZM,c8iRjVLH6xI,Q99vM5N-CZM,l4ixTXAntGY
ebb41a0b-54d5-5d3d-a732-9cfec3662cce,91816de1-b95b-5960-90ff-8919b1c29d52,2,Yaad Na Jaaye Beete Dinon Ki,Mohammed Rafi,4.33,https://www.youtube.com/watch?v=sxrw-OCRdgU,https://music.youtube.com/watch?v=pOkY5VEJ8aA,https://music.youtube.com/watch?v=pf0BIrQFVjU,https://music.youtube.com/watch?v=EzbXcIvspkE,sxrw-OCRdgU,pOkY5VEJ8aA,pf0BIrQFVjU,EzbXcIvspkE
0391a894-e364-5b64-aec3-8ab018a86a58,91816de1-b95b-5960-90ff-8919b1c29d52,5,Hum Tere Pyar Mein Saara Aalam Kho Baithe,Lata Mangeshkar,4.33,https://www.youtube.com/watch?v=vuVn1r0DpeE,https://music.youtube.com/watch?v=vuVn1r0DpeE,https://music.youtube.com/watch?v=xdZiUuwZeOI,,vuVn1r0DpeE,vuVn1r0DpeE,xdZiUuwZeOI,
405101dc-3e33-5a85-9a7f-a49e201b0628,91816de1-b95b-5960-90ff-8919b1c29d52,6,Ruk Ja Raat Thahar Ja Re Chanda,Lata Mangeshkar,4.4,http://www.youtube.com/watch?v=i3Euu6uw1Bw,https://music.youtube.com/watch?v=ZxjaB39sp6I,https://music.youtube.com/watch?v=u1uBsddARzE,https://music.youtube.com/watch?v=BTnFq3JWlyQ,i3Euu6uw1Bw,ZxjaB39sp6I,u1uBsddARzE,BTnFq3JWlyQ
b614f8e3-f844-5889-b51c-a7b3a8b676cf,b2605f55-e244-5652-a9c7-1e7647500530,5,Laaga Chunari Mein Daag Chhupaoon Kaise,Manna Dey,4.71,https://www.youtube.com/watch?v=GEfhyZC0jAY,https://music.youtube.com/watch?v=2GcITYzRp_A,https://music.youtube.com/watch?v=h6lBftmTUp0,https://music.youtube.com/watch?v=BolP20-jJto,GEfhyZC0jAY,2GcITYzRp_A,h6lBftmTUp0,BolP20-jJto
187ff3a2-fe54-59c1-bd62-6cb39b203025,b2605f55-e244-5652-a9c7-1e7647500530,9,Tum Agar Mujhko Na Chaho To,Mukesh,4.4,https://www.youtube.com/watch?v=_f4q-rQLjz8,https://music.youtube.com/watch?v=VssLXlhsVt4,https://music.youtube.com/watch?v=RdK-EaVMrXY,https://music.youtube.com/watch?v=_f4q-rQLjz8,_f4q-rQLjz8,VssLXlhsVt4,RdK-EaVMrXY,_f4q-rQLjz8
6709e2ae-39be-5bd0-ba76-4760393f4613,b2605f55-e244-5652-a9c7-1e7647500530,10,Nigahen Milane Ko Jee Chahta Hai,Asha Bhosle,5.0,https://www.youtube.com/watch?v=4Ig6N3t0LK8,https://music.youtube.com/watch?v=iGrfqMnX5O4,https://music.youtube.com/watch?v=BoDl_Ns6eA0,https://music.youtube.com/watch?v=OfRURnB4EMA,4Ig6N3t0LK8,iGrfqMnX5O4,BoDl_Ns6eA0,OfRURnB4EMA
580b4e65-d3e7-5c44-a170-de255e2ed155,418a1745-8348-57fb-9f3c-6e4ae2a8cfb0,5,Door Ke O Chanda Aa Meri Baahon Mein Aa,Lata Mangeshkar,4.33,https://www.youtube.com/watch?v=OiwY9snYOJQ,https://music.youtube.com/watch?v=OiwY9snYOJQ,https://music.youtube.com/watch?v=v2PQEkDFLQA,https://music.youtube.com/watch?v=K766PD-J6yQ,OiwY9snYOJQ,OiwY9snYOJQ,v2PQEkDFLQA,K766PD-J6yQ
2f40b4e2-9a66-564a-bd08-a2445f524378,1874f2fe-8bb1-578e-9962-68cdd5fde477,4,Yeh Hawa Yeh Fiza Hai Udaas Jaise Mera Dil Aa Bhi Ja,Mahendra Kapoor,4.33,https://www.youtube.com/watch?v=6-_y0E20kn0,https://music.youtube.com/watch?v=6-_y0E20kn0,https://music.youtube.com/watch?v=n6KUDu4MCxk,,6-_y0E20kn0,6-_y0E20kn0,n6KUDu4MCxk,
3fc2943a-b10c-5926-8c5a-92de7adab643,1874f2fe-8bb1-578e-9962-68cdd5fde477,6,Chalo Ek Baar Phir Se Ajnabi Ban Jaayein Hum Dono,Mahendra Kapoor,4.5,https://www.youtube.com/watch?v=GxdKkMeLuUA,https://music.youtube.com/watch?v=5UgKJMXVCYc,https://music.youtube.com/watch?v=0BNJsiOv3hA,https://music.youtube.com/watch?v=3ADKYBCej8s,GxdKkMeLuUA,5UgKJMXVCYc,0BNJsiOv3hA,3ADKYBCej8s
f502ae01-5704-5d87-b369-097ff87dc0cf,24ff76a3-35b2-57e8-8a39-03eb1852ee15,3,Mujhko Apne Gale Laga Lo Ae Mere Hamrahi,"Mubarak Begum, Mohammed Rafi",4.5,https://www.youtube.com/watch?v=0Y8wylRjxRQ,https://music.youtube.com/watch?v=RdpB3j9qbq8,https://music.youtube.com/watch?v=dhkaWXX8a5k,https://music.youtube.com/watch?v=mNuGHO97JaI,0Y8wylRjxRQ,RdpB3j9qbq8,dhkaWXX8a5k,mNuGHO97JaI
933f11d9-e215-5f3e-8de7-3487734d7b0a,449b408d-86cf-5a6d-8bd6-a946f0f1c55f,4,Poochho Na Kaise Maine Rain Bitai - 1,Manna Dey,4.69,https://www.youtube.com/watch?v=0vh8_1ruoRo,https://music.youtube.com/watch?v=RVrWERU4B7k,https://music.youtube.com/watch?v=oLWa49qhUGs,https://music.youtube.com/watch?v=0vh8_1ruoRo,0vh8_1ruoRo,RVrWERU4B7k,oLWa49qhUGs,0vh8_1ruoRo
a44d53f6-7017-5975-b2b6-8cac36cb5f0e,2163d682-524f-5b7f-8a19-5122d4566938,5,Woh Jab Yaad Aaye,"Lata Mangeshkar, Mohammed Rafi",4.6,http://www.youtube.com/watch?v=lJti8tOpG0o,https://music.youtube.com/watch?v=9p1_qmZldvc,https://music.youtube.com/watch?v=d8GTxkXV5fM,https://music.youtube.com/watch?v=gW2jgJRRzTs,lJti8tOpG0o,9p1_qmZldvc,d8GTxkXV5fM,gW2jgJRRzTs
d7b89cb6-c7f5-52be-8ab9-03f93a2b0b0c,8597e70b-f880-5771-8bf0-d33eaa7d3f27,1,Phir Wohi Dil Laya Hoon (Banda Parvar Thaam Lo Jigar),Mohammed Rafi,4.67,https://www.youtube.com/watch?v=P7Z-pnrPDnY,https://music.youtube.com/watch?v=8hqcmvg5k7Q,,,P7Z-pnrPDnY,8hqcmvg5k7Q,,
0aaad13a-6180-5108-b636-a8aa76404508,8597e70b-f880-5771-8bf0-d33eaa7d3f27,3,Aanchal Mein Saja Lena Kaliyan,Mohammed Rafi,4.5,https://www.youtube.com/watch?v=zUAwJUsYBBY,https://music.youtube.com/watch?v=Cit77TV81eU,https://music.youtube.com/watch?v=zUAwJUsYBBY,,zUAwJUsYBBY,Cit77TV81eU,zUAwJUsYBBY,
fe10a481-5715-5b57-bfd9-0145261e044b,8597e70b-f880-5771-8bf0-d33eaa7d3f27,6,Lakhon Hain Nigahon Mein,Mohammed Rafi,4.67,https://www.youtube.com/watch?v=75O740Cbhm0,https://music.youtube.com/watch?v=kOBRCCfprA8,https://music.youtube.com/watch?v=75O740Cbhm0,https://music.youtube.com/watch?v=VulU-Y_2dN4,75O740Cbhm0,kOBRCCfprA8,75O740Cbhm0,VulU-Y_2dN4
629c77fc-e84f-5fc7-b6ed-029ea4902f52,df118c22-025f-5b25-b7ed-35a8df4d20cf,2,Chand Aahen Bharega,Mukesh,4.33,https://www.youtube.com/watch?v=mxFFPxWiyIo,https://music.youtube.com/watch?v=mxFFPxWiyIo,https://music.youtube.com/watch?v=JW5Or3DEecU,,mxFFPxWiyIo,mxFFPxWiyIo,JW5Or3DEecU,
cac9dc81-c36e-594a-bd9a-e9424620eefb,eb6bbc13-3ff3-5a26-b293-ac23ecdf2c24,1,Yeh Kaisi Ajab Daastan Ho Gayi Hai,Suraiya,4.56,https://www.youtube.com/watch?v=j85uH5ffEWM,https://music.youtube.com/watch?v=UVSamJjY8QI,https://music.youtube.com/watch?v=j85uH5ffEWM,https://music.youtube.com/watch?v=97otjre1psI,j85uH5ffEWM,UVSamJjY8QI,j85uH5ffEWM,97otjre1psI
0cf70eaf-56c4-51a8-90d6-7f1cc2d71a5b,70b2b746-e486-5f17-b1c4-c1194ae14e77,5,Pankh Hote To Ud Aati Re,Lata Mangeshkar,4.5,https://www.youtube.com/watch?v=qPLBEp17eoc,https://music.youtube.com/watch?v=qPLBEp17eoc,https://music.youtube.com/watch?v=zfSo_j96NJM,https://music.youtube.com/watch?v=gO-N8uy4d9g,qPLBEp17eoc,qPLBEp17eoc,zfSo_j96NJM,gO-N8uy4d9g
87d61c28-7fa2-5e6c-9ba0-365fde338255,70b2b746-e486-5f17-b1c4-c1194ae14e77,7,Tum To Pyar Ho Sajna,"Lata Mangeshkar, Mohammed Rafi",4.5,https://www.youtube.com/watch?v=8jCti1H2eEY,https://music.youtube.com/watch?v=6qNDpc-oSEg,https://music.youtube.com/watch?v=o0gaiTltKBo,https://music.youtube.com/watch?v=2IypDeoIDnY,8jCti1H2eEY,6qNDpc-oSEg,o0gaiTltKBo,2IypDeoIDnY
850d02cb-76d7-58eb-ab7c-b3cd81a491f1,70b2b746-e486-5f17-b1c4-c1194ae14e77,8,Taqdeer Ka Fasana (Male),Mohammed Rafi,4.33,https://www.youtube.com/watch?v=QeEWGjqXy1c,https://music.youtube.com/watch?v=Bts_hSNsP4s,https://music.youtube.com/watch?v=_mfJ7YK0d1c,https://music.youtube.com/watch?v=hcZaFMbAb4Y,QeEWGjqXy1c,Bts_hSNsP4s,_mfJ7YK0d1c,hcZaFMbAb4Y
c9ad4cfb-f63f-5cb8-8eba-1fa7857cfd06,f20686c2-129b-5f74-a719-625c7095f61c,1,Jo Wada Kiya Woh Nibhana Padega - I,"Lata Mangeshkar, Mohammed Rafi",4.93,https://www.youtube.com/watch?v=u-ioONenaAQ,https://music.youtube.com/watch?v=A2IMY2gMgDA,https://music.youtube.com/watch?v=NaJlJ7CrWQY,https://music.youtube.com/watch?v=u-ioONenaAQ,u-ioONenaAQ,A2IMY2gMgDA,NaJlJ7CrWQY,u-ioONenaAQ
2ca3c8da-6980-5139-b8aa-4593165f6734,f20686c2-129b-5f74-a719-625c7095f61c,2,Jo Baat Tujh Mein Hai Teri Tasveer Mein Nahin,Mohammed Rafi,4.43,https://www.youtube.com/watch?v=UEF6E6Cd8As,https://music.youtube.com/watch?v=9vcpg58IZRw,https://music.youtube.com/watch?v=uBT3j07NXk8,https://music.youtube.com/watch?v=Kr0uxN8ZdfY,UEF6E6Cd8As,9vcpg58IZRw,uBT3j07NXk8,Kr0uxN8ZdfY
406104c4-ee02-5bb0-b5ca-9a0a07e654c9,f20686c2-129b-5f74-a719-625c7095f61c,5,Jurm-E-Ulfat Pe Hamen Log Saza Dete Hain,Lata Mangeshkar,4.5,https://www.youtube.com/watch?v=1SrWY5bXTeE,https://music.youtube.com/watch?v=vsb1q9Qx0QI,https://music.youtube.com/watch?v=OTugg8HAtEc,https://music.youtube.com/watch?v=r8JEYU2VjZY,1SrWY5bXTeE,vsb1q9Qx0QI,OTugg8HAtEc,r8JEYU2VjZY
0e754fdb-d0c7-55b1-be4e-3a14b3fd7e73,f20686c2-129b-5f74-a719-625c7095f61c,6,Paon Chhoo Lene Do Phoolon Ko,"Lata Mangeshkar, Mohammed Rafi",4.6,https://www.youtube.com/watch?v=xFNfWpzwQ8k,https://music.youtube.com/watch?v=DRcPv99NzYg,https://music.youtube.com/watch?v=X2kSVvZwWyc,https://music.youtube.com/watch?v=shhLS01ELHo,xFNfWpzwQ8k,DRcPv99NzYg,X2kSVvZwWyc,shhLS01ELHo
94b00fd1-014c-56b9-a69e-7f464a128c13,f21ad0c9-3901-51df-93dd-dd2fcc79bbae,6,Dekho Rootha Naa Karo,"Lata Mangeshkar, Mohammed Rafi",4.4,https://www.youtube.com/watch?v=1DnNZD36gMQ,https://music.youtube.com/watch?v=Kr2CE66O0eE,https://music.youtube.com/watch?v=gaZk48ORegU,https://music.youtube.com/watch?v=StUdTFMb7B4,1DnNZD36gMQ,Kr2CE66O0eE,gaZk48ORegU,StUdTFMb7B4
09e36d3b-9ab5-5ba2-9957-a161033b16a9,f21ad0c9-3901-51df-93dd-dd2fcc79bbae,7,Dil Ka Bhanwar Kare Pukar,Mohammed Rafi,4.67,https://www.youtube.com/watch?v=z-c9rL5ZZXs,https://music.youtube.com/watch?v=85LeoSAR-e8,https://music.youtube.com/watch?v=dekQT5J3JqU,https://music.youtube.com/watch?v=1mSCenmEWTI,z-c9rL5ZZXs,85LeoSAR-e8,dekQT5J3JqU,1mSCenmEWTI
f19a5589-1436-5744-95cd-8ab1cb6112a9,fc94ce7b-edef-57bc-8423-bdf9ec02923d,1,Sansaar Se Bhaage Phirte Ho,Lata Mangeshkar,4.33,http://www.youtube.com/watch?v=7bDwOaa61bQ,https://music.youtube.com/watch?v=yB32buWipHw,https://music.youtube.com/watch?v=4UOg7GWgEdk,https://music.youtube.com/watch?v=17kq4TkpeUE,7bDwOaa61bQ,yB32buWipHw,4UOg7GWgEdk,17kq4TkpeUE
ea119ca4-c02d-52d4-8407-a125a5d8aded,fc94ce7b-edef-57bc-8423-bdf9ec02923d,2,Kaahe Tarsaaye Jiyara,"Asha Bhosle, Usha Mangeshkar",4.4,https://www.youtube.com/watch?v=tQC6Prnwm2c,https://music.youtube.com/watch?v=tQC6Prnwm2c,https://music.youtube.com/watch?v=ze9vK3TTmnc,https://music.youtube.com/watch?v=iiziBoTKVvU,tQC6Prnwm2c,tQC6Prnwm2c,ze9vK3TTmnc,iiziBoTKVvU
3df39791-9eae-56c1-8494-19f9e0321095,fc94ce7b-edef-57bc-8423-bdf9ec02923d,3,Man Re Tu Kaahe Na Dheer Dhare,Mohammed Rafi,4.75,https://www.youtube.com/watch?v=Acordc7r_SM,https://music.youtube.com/watch?v=3ditSvNfUkc,https://music.youtube.com/watch?v=Acordc7r_SM,https://music.youtube.com/watch?v=ES5yOtqQGks,Acordc7r_SM,3ditSvNfUkc,Acordc7r_SM,ES5yOtqQGks
d798a84b-994b-51c2-8fe7-8750f6c8f304,13f3d4e2-7713-542e-80ee-0995b6e4324c,1,Aa Chal Ke Tujhe Main Le Ke Chaloon,Kishore Kumar,4.75,https://www.youtube.com/watch?v=Tf5rQ8t5ngU,https://music.youtube.com/watch?v=8MwHRkFnHcE,https://music.youtube.com/watch?v=zImRafApHxs,https://music.youtube.com/watch?v=Zrd4x9qcLME,Tf5rQ8t5ngU,8MwHRkFnHcE,zImRafApHxs,Zrd4x9qcLME
d0c9fe91-b28b-58a9-8793-b55cf8b14477,13f3d4e2-7713-542e-80ee-0995b6e4324c,5,Koi Lauta De Mere Beete Hue Din,Kishore Kumar,4.4,https://www.youtube.com/watch?v=ex0W1O9S41c,https://music.youtube.com/watch?v=it9kXbUCAIo,https://music.youtube.com/watch?v=eUbGZ-5T5Ac,https://music.youtube.com/watch?v=NhRBt0vu-HU,ex0W1O9S41c,it9kXbUCAIo,eUbGZ-5T5Ac,NhRBt0vu-HU
c920d515-c1c3-5b73-8acd-7f292ad491df,13f3d4e2-7713-542e-80ee-0995b6e4324c,6,Raahi Tu Mat Ruk Jaana (Door Gagan Ki Chhaon Mein),Hemant Kumar,4.4,https://www.youtube.com/watch?v=7nr6ZKshH-Y,https://music.youtube.com/watch?v=kQVuNDXoJ9k,https://music.youtube.com/watch?v=-IXJcUP_LJQ,https://music.youtube.com/watch?v=iZdEb29_TU4,7nr6ZKshH-Y,kQVuNDXoJ9k,-IXJcUP_LJQ,iZdEb29_TU4
bb541a02-eece-51fc-a998-db8244bb55e9,0269c426-a587-5e8b-903d-e32dc2553110,2,Chahoonga Main Tujhe Sanjh Savere,Mohammed Rafi,4.6,http://www.youtube.com/watch?v=C1CLFK9T028,https://music.youtube.com/watch?v=-FBnDXgIyA4,https://music.youtube.com/watch?v=5WIndyfT6ZQ,https://music.youtube.com/watch?v=qnqwYQSqOIM,C1CLFK9T028,-FBnDXgIyA4,5WIndyfT6ZQ,qnqwYQSqOIM
39202682-3714-5298-a39e-26d79c5953a8,0269c426-a587-5e8b-903d-e32dc2553110,5,Jaanewalo Zara Mud Ke Dekho Mujhe,Mohammed Rafi,4.5,http://www.youtube.com/watch?v=tjB61sfhojo,https://music.youtube.com/watch?v=w45kXEjQKcE,https://music.youtube.com/watch?v=5q4PKpmy4_o,https://music.youtube.com/watch?v=jZFADMPm97A,tjB61sfhojo,w45kXEjQKcE,5q4PKpmy4_o,jZFADMPm97A
56e2f48c-6f8c-505a-bfa6-7f54cad538d5,2a89ec5d-bd1a-58d6-9279-e67d8fcec93e,6,Jo Pyar Tune Mujhko Diya Tha,Mukesh,4.33,https://www.youtube.com/watch?v=d2GlSgjfn5Q,https://music.youtube.com/watch?v=X52L_UjRFEE,https://music.youtube.com/watch?v=sNDmom_r4Gw,https://music.youtube.com/watch?v=tP_tt8Ko7zQ,d2GlSgjfn5Q,X52L_UjRFEE,sNDmom_r4Gw,tP_tt8Ko7zQ
ecaa9535-e1a4-5919-9876-f571846f03f7,de51ff4d-2191-576c-8b3e-350cf40c407f,5,Chhedo Na Meri Zulfen,"Lata Mangeshkar, Kishore Kumar",4.33,https://www.youtube.com/watch?v=fni5hAG3EtA,https://music.youtube.com/watch?v=ww6BSqgvqHw,https://music.youtube.com/watch?v=PNqHtbeBuq4,https://music.youtube.com/watch?v=BiQnVePwcu0,fni5hAG3EtA,ww6BSqgvqHw,PNqHtbeBuq4,BiQnVePwcu0
5d7bc584-ea43-564b-9655-3ee44eda658e,fe789f59-9f12-51cf-b272-9392256a7773,1,Rang Aur Noor Ki Baraat Kise Pesh Karoon,Mohammed Rafi,4.5,https://www.youtube.com/watch?v=1lXHDG8lmiI,https://music.youtube.com/watch?v=ZO0qLQRxlQs,https://music.youtube.com/watch?v=4MBzPfIYRU8,https://music.youtube.com/watch?v=FHxzxECnj84,1lXHDG8lmiI,ZO0qLQRxlQs,4MBzPfIYRU8,FHxzxECnj84
f304e305-3b57-5886-8e11-7e70b3c15482,efd86833-6499-54b8-8b83-e4569ab2800e,3,Zara Si Aahat Hoti Hai (Kahin Yeh Woh To Nahin),Lata Mangeshkar,4.57,https://www.youtube.com/watch?v=nfzqObzkzVg,https://music.youtube.com/watch?v=7-CCYBATVpI,https://music.youtube.com/watch?v=nfzqObzkzVg,https://music.youtube.com/watch?v=Hu8KqUGY7GI,nfzqObzkzVg,7-CCYBATVpI,nfzqObzkzVg,Hu8KqUGY7GI
9f45816a-ecf2-5206-8d3b-854da2f8bf35,efd86833-6499-54b8-8b83-e4569ab2800e,5,Hoke Majboor Mujhe Usne Bhulaya Hoga,"Bhupinder Singh, Mohammed Rafi, Talat Mahmood, Manna Dey",4.43,https://www.youtube.com/watch?v=2AHJBQ2T_Wk,https://music.youtube.com/watch?v=dSfa_qlJrL8,https://music.youtube.com/watch?v=2AHJBQ2T_Wk,https://music.youtube.com/watch?v=Kd4JhJ_ssic,2AHJBQ2T_Wk,dSfa_qlJrL8,2AHJBQ2T_Wk,Kd4JhJ_ssic
35a200b7-435f-5f06-a1a5-1d78df24c070,efd86833-6499-54b8-8b83-e4569ab2800e,6,Kar Chale Hum Fida Jaan-O-Tan Sathiyo Ab Tumhare Hawale Watan Sathiyo,Mohammed Rafi,4.5,https://www.youtube.com/watch?v=wxIFAFV9Za8,https://music.youtube.com/watch?v=QnJyY9xIa9c,https://music.youtube.com/watch?v=dQO6XowcrHU,https://music.youtube.com/watch?v=UdBtNtlM8Qw,wxIFAFV9Za8,QnJyY9xIa9c,dQO6XowcrHU,UdBtNtlM8Qw
777fbebb-41f7-52f9-9dca-0a2edfe192e3,e5f23c6d-69d6-54fe-b889-547841af6742,2,Main Teri Nazar Ka Suroor Hoon,Talat Mahmood,4.6,https://www.youtube.com/watch?v=FczvXbvw9Vc,https://music.youtube.com/watch?v=4HqKHy11Hds,https://music.youtube.com/watch?v=FczvXbvw9Vc,https://music.youtube.com/watch?v=-_UZ_oObH2o,FczvXbvw9Vc,4HqKHy11Hds,FczvXbvw9Vc,-_UZ_oObH2o
bf3ddd0a-2ce7-50f4-bc51-d0e06e5791f0,e5f23c6d-69d6-54fe-b889-547841af6742,4,Phir Wohi Sham Wohi Gham Wohi Tanhai Hai,Talat Mahmood,4.5,https://www.youtube.com/watch?v=aYHxWmLTtpg,https://music.youtube.com/watch?v=wV7JnWb6gac,https://music.youtube.com/watch?v=LUnx-zw6LPU,https://music.youtube.com/watch?v=XRIYbRc4ERE,aYHxWmLTtpg,wV7JnWb6gac,LUnx-zw6LPU,XRIYbRc4ERE
6539e50a-79e2-5d21-8c9f-99d2c7f4a9e7,63a49dea-419e-5d12-bdce-af110e7310bb,1,Taarif Karoon Kya Uski (Ye Chand Sa Roshan Chehra),Mohammed Rafi,4.6,https://www.youtube.com/watch?v=VueN49P7JyU,https://music.youtube.com/watch?v=YYeG_cW0Om0,https://music.youtube.com/watch?v=u1FP8sV2hPo,https://music.youtube.com/watch?v=JVrsDRiGYbs,VueN49P7JyU,YYeG_cW0Om0,u1FP8sV2hPo,JVrsDRiGYbs
9e62a9a8-ff12-5781-8404-b8f78959061d,63a49dea-419e-5d12-bdce-af110e7310bb,2,Hai Duniya Usi Ki Zamana Usi Ka,Mohammed Rafi,4.67,https://www.youtube.com/watch?v=WO_aMRsEIIY,https://music.youtube.com/watch?v=pQTRfYyrGmQ,https://music.youtube.com/watch?v=LkzijaDC-Os,https://music.youtube.com/watch?v=EUsj883ytC0,WO_aMRsEIIY,pQTRfYyrGmQ,LkzijaDC-Os,EUsj883ytC0
c2971535-2dc4-54c1-9d76-dbea1b638849,63a49dea-419e-5d12-bdce-af110e7310bb,5,Balma Khuli Hawa Mein,Asha Bhosle,4.75,https://www.youtube.com/watch?v=onVWG2kDRQ4,https://music.youtube.com/watch?v=onVWG2kDRQ4,https://music.youtube.com/watch?v=D_Njm-_bAAA,,onVWG2kDRQ4,onVWG2kDRQ4,D_Njm-_bAAA,
756a5f07-ec3e-5ffa-9720-3feb9884d3f3,63a49dea-419e-5d12-bdce-af110e7310bb,6,Diwana Hua Baadal,"Asha Bhosle, Mohammed Rafi",4.75,https://www.youtube.com/watch?v=O0I61W2pMss,https://music.youtube.com/watch?v=oeFYjfnS56U,https://music.youtube.com/watch?v=EkiWV4tZkeg,,O0I61W2pMss,oeFYjfnS56U,EkiWV4tZkeg,
cbfae6eb-e96f-53b0-bc8f-ca5f1c92ab38,63a49dea-419e-5d12-bdce-af110e7310bb,7,Isharon Isharon Mein Dil Lene Wale,"Asha Bhosle, Mohammed Rafi",4.5,https://www.youtube.com/watch?v=zNsNuCitZys,https://music.youtube.com/watch?v=muZQ11iEzPg,https://music.youtube.com/watch?v=27ZAOT6g_dE,,zNsNuCitZys,muZQ11iEzPg,27ZAOT6g_dE,
46c25a86-4038-5466-89ba-2378995138bd,63a49dea-419e-5d12-bdce-af110e7310bb,9,Kahin Na Kahin Dil Lagana Padega,Mohammed Rafi,4.5,https://www.youtube.com/watch?v=7iMSypHQVbY,https://music.youtube.com/watch?v=6xHzT1Ligcc,https://music.youtube.com/watch?v=PO24d9NJHOU,https://music.youtube.com/watch?v=CN7MUjIbL_Q,7iMSypHQVbY,6xHzT1Ligcc,PO24d9NJHOU,CN7MUjIbL_Q
a74bbd63-4449-5239-a6d6-7c28895f6828,d8132542-9cfd-5475-8591-22fbb80d8f21,3,Yeh Nayan Dare Dare,Hemant Kumar,4.75,https://www.youtube.com/watch?v=BCDU8nHryaE,https://music.youtube.com/watch?v=eZnHtNWNQL8,https://music.youtube.com/watch?v=2gMhbWeo30o,https://music.youtube.com/watch?v=eSxnVAqFXZ4,BCDU8nHryaE,eZnHtNWNQL8,2gMhbWeo30o,eSxnVAqFXZ4
5b9ede96-e363-5c18-ae9e-29bea9703660,841d2da1-6ca9-5f39-bb1f-b94442576048,1,Tere Husn Ki Kya Tareef Karoon,"Lata Mangeshkar, Mohammed Rafi",4.5,https://www.youtube.com/watch?v=hE0GJkY_R7c,https://music.youtube.com/watch?v=9Si2xsPWktc,https://music.youtube.com/watch?v=l9gbU0Qd3bI,https://music.youtube.com/watch?v=3621OJC0p4E,hE0GJkY_R7c,9Si2xsPWktc,l9gbU0Qd3bI,3621OJC0p4E
ee1fa4ca-8bfa-585b-bdce-e6b7aa4326cb,841d2da1-6ca9-5f39-bb1f-b94442576048,2,Ek Shahenshah Ne Banwa Ke Hasin Taj Mahal,"Lata Mangeshkar, Mohammed Rafi",4.33,https://www.youtube.com/watch?v=6MRIUSZw2ck,https://music.youtube.com/watch?v=I140g9E0cvk,https://music.youtube.com/watch?v=o_gPmSYejTE,https://music.youtube.com/watch?v=IamkXhPuFPY,6MRIUSZw2ck,I140g9E0cvk,o_gPmSYejTE,IamkXhPuFPY
20647cfc-29bd-549f-a3fd-947b28c4b403,6a364a40-a558-549b-bf89-997cf429e6c0,1,Mere Mehboob Qayamat Hogi - 1,Kishore Kumar,4.67,http://www.youtube.com/watch?v=Rfd4116vZ18,https://music.youtube.com/watch?v=x2TeJYkWbjg,https://music.youtube.com/watch?v=odrhc32fiLo,,Rfd4116vZ18,x2TeJYkWbjg,odrhc32fiLo,
9832ef71-5e59-5f74-8bca-0379d19991c5,806f6a8e-8ac1-578b-acfe-10e3e0f80f4f,5,Is Rang Badalti Duniya Mein,Mohammed Rafi,4.33,https://www.youtube.com/watch?v=TMbHY5S7WUs,https://music.youtube.com/watch?v=aHpEOmEIj5w,https://music.youtube.com/watch?v=ici6JMY4eyA,https://music.youtube.com/watch?v=TMbHY5S7WUs,TMbHY5S7WUs,aHpEOmEIj5w,ici6JMY4eyA,TMbHY5S7WUs
5417ae6e-9478-5612-80e9-4e8826824f35,0d9270d9-3e2e-5ea3-9d80-1a3eb7c8efbd,2,Main Tumhari Ragini Tum Geet Ho,Lata Mangeshkar,4.5,http://www.youtube.com/watch?v=F2I_mjwCUzQ,https://music.youtube.com/watch?v=F2I_mjwCUzQ,https://music.youtube.com/watch?v=L3T1JBeBdbE,https://music.youtube.com/watch?v=CcX34mRicrs,F2I_mjwCUzQ,F2I_mjwCUzQ,L3T1JBeBdbE,CcX34mRicrs
14ece9f5-7fb8-58fa-994b-df8ec408504d,296ae021-2df3-5cc4-9161-2e6aab15c516,7,Dost Dost Naa Raha Pyar Pyar Naa Raha,Mukesh,4.5,https://www.youtube.com/watch?v=QukYmySLq_o,https://music.youtube.com/watch?v=F2TAUqfb4hY,https://music.youtube.com/watch?v=KZCo8XPJe7Y,https://music.youtube.com/watch?v=92qjo_iBWwU,QukYmySLq_o,F2TAUqfb4hY,KZCo8XPJe7Y,92qjo_iBWwU
142ab478-9a50-5932-b787-6422ed89fd0c,296ae021-2df3-5cc4-9161-2e6aab15c516,8,O Mere Sanam,"Lata Mangeshkar, Mukesh",4.33,https://www.youtube.com/watch?v=E5-0lz64HvU,https://music.youtube.com/watch?v=7qhlsYUZUeg,https://music.youtube.com/watch?v=E5-0lz64HvU,https://music.youtube.com/watch?v=AzY_cLTIDNg,E5-0lz64HvU,7qhlsYUZUeg,E5-0lz64HvU,AzY_cLTIDNg
636fabd7-6428-5d17-9d85-4f230f629c40,88fb2b8b-9d8d-59d7-ba0d-020c91115f59,8,Main To Chhail Chhabeeli Naar (Darpan Dekhoon Roop Niharoon),Lata Mangeshkar,4.5,https://www.youtube.com/watch?v=PiNAGzVN5uA,https://music.youtube.com/watch?v=PiNAGzVN5uA,https://music.youtube.com/watch?v=G0nCj1yN9-o,,PiNAGzVN5uA,PiNAGzVN5uA,G0nCj1yN9-o,
bf31bb84-b328-5dd9-bae8-ae2997cf74a4,75f09ee4-09f6-5578-b083-4aee212dc8f4,1,Parbaton Ke Pedon Par Shaam Ka Basera,"Suman Kalyanpur, Mohammed Rafi",4.5,https://www.youtube.com/watch?v=OMvCgHPKugU,https://music.youtube.com/watch?v=oj47vwoMJZQ,https://music.youtube.com/watch?v=EFzH1eWQPZc,https://music.youtube.com/watch?v=u6anMLCoZks,OMvCgHPKugU,oj47vwoMJZQ,EFzH1eWQPZc,u6anMLCoZks
5bf41b5c-ba4b-57d9-a2db-db3e41c61f05,75f09ee4-09f6-5578-b083-4aee212dc8f4,4,Tum Apna Ranj-O-Gham Apni Pareshani Mukhe De Do,Jagjeet Kaur,4.57,https://www.youtube.com/watch?v=smVd3lcLc_k,https://music.youtube.com/watch?v=ajeJVzrg7oY,https://music.youtube.com/watch?v=A8Yr1OOeOT8,https://music.youtube.com/watch?v=PmXOtVurWqg,smVd3lcLc_k,ajeJVzrg7oY,A8Yr1OOeOT8,PmXOtVurWqg
a7e7a0ff-832f-5249-a210-a0c9300e6297,516a695d-0b84-5287-943c-be357a5da96f,1,Naina Barse Rim Jhim Rim Jhim,Lata Mangeshkar,4.8,https://www.youtube.com/watch?v=MWUugzwoVFo,https://music.youtube.com/watch?v=lnZDyHcb9Gc,https://music.youtube.com/watch?v=gkemjqC43G0,https://music.youtube.com/watch?v=DOK-V8u7F9A,MWUugzwoVFo,lnZDyHcb9Gc,gkemjqC43G0,DOK-V8u7F9A
b946cf5d-a2b2-54ef-a92e-a392dedcf3cf,516a695d-0b84-5287-943c-be357a5da96f,2,Jo Hamne Dastan Apni Sunai Aap Kyun Roye,Lata Mangeshkar,4.67,https://www.youtube.com/watch?v=4ow0062sG1Y,https://music.youtube.com/watch?v=etgUhXkrpx4,https://music.youtube.com/watch?v=RQ3cqrpIxgY,https://music.youtube.com/watch?v=vdYxotP0RZQ,4ow0062sG1Y,etgUhXkrpx4,RQ3cqrpIxgY,vdYxotP0RZQ
594aaef7-911b-58a4-a410-06f65b7440a8,516a695d-0b84-5287-943c-be357a5da96f,4,Shokh Nazar Ki Bijliyan,Asha Bhosle,4.71,https://www.youtube.com/watch?v=9mf-zKUQsrk,https://music.youtube.com/watch?v=--tlnm3TjJE,https://music.youtube.com/watch?v=McgLhupzMS4,https://music.youtube.com/watch?v=E1J5CQjOMmI,9mf-zKUQsrk,--tlnm3TjJE,McgLhupzMS4,E1J5CQjOMmI
88cebc6d-263a-58fd-921d-457d57703680,516a695d-0b84-5287-943c-be357a5da96f,5,Lag Jaa Gale Ke Phir,Lata Mangeshkar,4.92,https://www.youtube.com/watch?v=TFr6G5zveS8,https://music.youtube.com/watch?v=gI7hyn18Xn8,https://music.youtube.com/watch?v=aS_NfWJzPN8,,TFr6G5zveS8,gI7hyn18Xn8,aS_NfWJzPN8,
