song_uuid,album_uuid,track_number,song_title,song_singers,song_rating,youtube_url
87e98ff8-89cb-5c36-83f9-e04684caa653,884b26ab-ff2b-5ff4-b0f9-6d7c2125324c,5,Phul Rahi Belariyan Dole,Master Vasant,0,https://www.youtube.com/watch?v=j6JXHW7uq4g
70531a47-fbcc-5214-9785-0cd3951292cd,07182ee9-438a-5ced-a528-841a7303acbe,11,Deejo Darshan Mujhe Bansi Ke Bajane Wale,Indubala,0,https://www.youtube.com/watch?v=8emUcswK9To
a41ebde5-8898-5f90-bf58-8900fad3e14d,07182ee9-438a-5ced-a528-841a7303acbe,12,Hai Kya Kya Jalwa Bhara Hua Ghanshyam Tumhari Aankhon Mein,Indubala,0,https://www.youtube.com/watch?v=Txx-_nZqZEo
f12ebc18-fe0f-501f-a8b0-de501d6ce49c,420c2ca5-2da5-5de3-b5e5-d3711dfcdbf6,3,Kaise Dekhoon Kaise Madhuri,Vinayakrao Patwardhan,0,https://www.youtube.com/watch?v=c4JidkT-2Ck
ed1f1fff-bebf-5a00-8da8-c29be1239548,420c2ca5-2da5-5de3-b5e5-d3711dfcdbf6,5,Sarita Sugandh Shobhe Vasant,Vinayakrao Patwardhan,0,https://www.youtube.com/watch?v=ekRjdX4IucE
5a4c11a7-ae46-5ad7-831a-781a1dd69ef7,420c2ca5-2da5-5de3-b5e5-d3711dfcdbf6,9,Paramukh Bani Tu Kamala Mohe Kaahe Sharmaye,Vinayakrao Patwardhan,0,https://www.youtube.com/watch?v=kmoFH_TQVY0
57fc6ccc-93eb-5bc0-b738-917c23a56dda,420c2ca5-2da5-5de3-b5e5-d3711dfcdbf6,16,Ahankar Karke Hamesha,Vinayakrao Patwardhan,0,https://www.youtube.com/watch?v=nf9_2SlJw_I
320e6dbc-29ab-5856-bdc3-2f5cea382315,531a4fe7-377f-50ec-aa82-3247a211df95,11,Chhod Aakash Ko Sitare Zamin Par Aaye,Govindrao Tembe,3.0,https://www.youtube.com/watch?v=24e6v3saiN8
16c4afa7-f6a6-5521-838b-0d851302e28e,63c911d4-27b6-5d1a-b668-766b59c55300,9,Chori Kahin Khule Naa Naseem-E-Bahaar Ki,Mukhtar Begum,0,https://www.youtube.com/watch?v=BXQzO849aog
87b042a2-26cd-5681-a584-30711683aa28,c77dc47a-ccaf-58ec-8311-c1c370f64a29,5,Dil Kabhi Kahin Naa Diya Naa Liya,Zohra Jaan,0,https://www.youtube.com/watch?v=rxAHJL-wpiU
8ccada83-f532-5289-8328-1ebf4322991c,c77dc47a-ccaf-58ec-8311-c1c370f64a29,10,Aisi Wafa Karna Haan Dekhna,"Aslam - I, Zohra Jaan",0,https://www.youtube.com/watch?v=HN86BJQ_8m0
e317db25-2e85-58e1-b7d8-7e5c8821d63d,d51b929c-a47f-504b-8eab-b95929ef6ccb,1,Now The Moon Her Light Has Shed,Devika Rani,0,https://www.youtube.com/watch?v=GggVX_OMpZk
2242250f-be51-55e2-8bd1-17ca1c84c494,d51b929c-a47f-504b-8eab-b95929ef6ccb,2,Tu Le Chal Le Chal Re Saiyan More Re,Devika Rani,0,https://www.youtube.com/watch?v=L-jg7VC4aIg
04edaf37-6bfb-55ae-a1c2-802145c8e7c4,d51b929c-a47f-504b-8eab-b95929ef6ccb,4,Sab Kuchh Bhoole Jhoola Jhoole,Devika Rani,0,https://www.youtube.com/watch?v=_Af7IXmZ2GE
ada94c26-4c24-566d-824d-20486237d7e5,65e6ef8d-d176-5fe2-94f7-16336deb1ceb,1,Gaafil Bande Kuchh Soch Zara Duniya Ghadi Bhar Ka Thikana Hai,Master Mohammed,0,https://www.youtube.com/watch?v=DDmUPhGNGSM
635ec848-235b-56e6-b64c-4e114ce4f8c8,65e6ef8d-d176-5fe2-94f7-16336deb1ceb,2,Subah Se Maine Ye Baithe Baithe,Kamla,0,https://www.youtube.com/watch?v=p4CAyaWBqQU
af0ea278-5f29-5e85-ade9-4deeb1f2fd69,65e6ef8d-d176-5fe2-94f7-16336deb1ceb,3,Hairat Mein Mubtila Hoon Main Tasveere Gham Bana Hoon Main,Firoz Dastoor,0,https://www.youtube.com/watch?v=JDUK9hIAPDc
34b3ecaf-8d97-58f6-adca-b65b0264b9ae,65e6ef8d-d176-5fe2-94f7-16336deb1ceb,4,Dheer Dharna Jab Aafat Aaye,Master Mohammed,0,https://www.youtube.com/watch?v=wkHHmBK8XVc
aece5513-dba7-5793-ae31-e783c652edf0,65e6ef8d-d176-5fe2-94f7-16336deb1ceb,5,Balma Ke Kaaran Bani Hoon Joganiya,Kamla,0,https://www.youtube.com/watch?v=s3ePPwJP_sk
2a748257-060a-5719-a57f-261a797881b5,65e6ef8d-d176-5fe2-94f7-16336deb1ceb,6,Ye Hi Hai Dekh Manzil Wo Tilasmi Kaarkhane Ki,Master Mohammed,0,https://www.youtube.com/watch?v=qPODni4wt04
c4d3a67b-1dbd-5d95-9aed-b5af33486662,65e6ef8d-d176-5fe2-94f7-16336deb1ceb,7,Tori Hardam Parwar Aas,Firoz Dastoor,0,https://www.youtube.com/watch?v=yP9Hvl0F7So
743e0894-4c4f-5c24-9ccb-7218a5ff9e3a,65e6ef8d-d176-5fe2-94f7-16336deb1ceb,8,Mashhoor The Jahan Mein Jo Izz-O-Shaan Wale,Firoz Dastoor,0,https://www.youtube.com/watch?v=HuEUrIzF9j4
4c49754c-a02d-5ca5-be09-d103881c1339,65e6ef8d-d176-5fe2-94f7-16336deb1ceb,9,Rab Ki Sab Hai Maya,Master Mohammed,0,https://www.youtube.com/watch?v=--0PWzn1d6g
a66b3bfa-9af4-5666-b2ea-05e2ad413c1e,65e6ef8d-d176-5fe2-94f7-16336deb1ceb,10,Hai Gul Afshaan Watan Jaan Dil Sitaan Apna,Firoz Dastoor,0,https://www.youtube.com/watch?v=NMxYsGAnkhM
c0568024-429b-534d-8c95-aefea7b7df3a,65e6ef8d-d176-5fe2-94f7-16336deb1ceb,11,Ab Nahin Dhaarat Dheer,Firoz Dastoor,0,https://www.youtube.com/watch?v=32Tx4TGpuoM
e30d7b69-f500-5ba4-91a8-8276d6a05083,65e6ef8d-d176-5fe2-94f7-16336deb1ceb,12,Khaaliq Tori Najariya,Firoz Dastoor,0,https://www.youtube.com/watch?v=oHp_OCc59OI
5416e3c9-7675-5908-854f-216789e56398,65e6ef8d-d176-5fe2-94f7-16336deb1ceb,13,Jaavo Sidhaaro Fatah Paavo,Firoz Dastoor,0,https://www.youtube.com/watch?v=v-axjyH1IeE
71967973-b97a-5dcc-af45-d76a6edaa76f,facc9fff-ab8a-5e50-a8c9-ded9279512b0,13,Koi Kisi Ka Nahin Jahan Mein,Gohar,0,https://www.youtube.com/watch?v=t-8JeV_HNHg
0c96aee6-268a-5243-a883-bd1f42329773,facc9fff-ab8a-5e50-a8c9-ded9279512b0,14,Mat Karo Kisi Ko Pyar Sab Matlab Ke Hain Yaar,Gohar,0,https://www.youtube.com/watch?v=MDTbJLIlq5U
2badac34-3de6-5e60-9041-946d3d694f40,77803905-2974-5bcd-aef9-ec79c9246ab8,2,Kaahe Kahoon Kaase Sharam Ki Hai Baat,,0,https://www.youtube.com/watch?v=JFQw6uLEGH0
3da2234b-8601-507b-856c-80cd78dba9a6,8a2d9301-022d-5c82-a1ab-2d366a0f33d6,4,Kya Kaaran Hai Ab Rone Ka Kaali Raat Hui Ujiyali,K.C. Dey,0,https://www.youtube.com/watch?v=Jzo_np81txE
cd4d83fd-05b1-54a0-b4d3-3f88f85a34f2,8a2d9301-022d-5c82-a1ab-2d366a0f33d6,11,Bhajoon Main To Bhaav Se Shri Girdhari,Kundan Lal Saigal,4.0,https://www.youtube.com/watch?v=Qg2Vit-DhBI
32153681-54e5-5f93-b6c3-691242f0ed6b,8a2d9301-022d-5c82-a1ab-2d366a0f33d6,17,Jaavo Jaavo Aye Mere Saadho Raho Guru Ke Sang,K.C. Dey,0,https://www.youtube.com/watch?v=yLYDV0I4epY
fa9ac7f3-e484-54bb-9ec2-fd88f6750bd5,8a2d9301-022d-5c82-a1ab-2d366a0f33d6,18,Din Neeke Beete Jaat Hain,Kundan Lal Saigal,3.0,https://www.youtube.com/watch?v=-cd1rnEWCAA
7b8ae972-7596-5fcf-b179-a39308cf21e8,8a2d9301-022d-5c82-a1ab-2d366a0f33d6,19,Avsar Beeto Jaat Prani,Kundan Lal Saigal,4.0,https://www.youtube.com/watch?v=EjZZAo9shUk
61a1c34e-3cc4-51cd-ac3d-e2f6cd85498c,8a2d9301-022d-5c82-a1ab-2d366a0f33d6,20,Radhe Rani De Daaro Naa Bansari Mori Re,Kundan Lal Saigal,4.0,https://www.youtube.com/watch?v=--yA9c1E7Z8
ff0feaf3-ab95-53c8-bfea-89969ef621f5,1cae8c64-9e7e-5d22-a1d1-da7fec03e4e6,3,Nis Din Soch Rahat Man More,K. Bhagwat,0,https://www.youtube.com/watch?v=m3VI6x_Xkjo
264764a8-1f02-59a2-82ea-f9b31f33e804,1cae8c64-9e7e-5d22-a1d1-da7fec03e4e6,4,Saranagun Sharm Se Ho Feel Maha Matwala,K. Bhagwat,0,https://www.youtube.com/watch?v=qtXeP0sG_Ck
50d55632-9f2f-52e4-a6ef-b55c94ccfb1b,1cae8c64-9e7e-5d22-a1d1-da7fec03e4e6,6,Ab Naa Dulao Jamuna Ke Teer Pe,Leela,0,https://www.youtube.com/watch?v=JABBek7oQFg
31837a86-d7c6-523d-a5df-9092f96375c4,1cae8c64-9e7e-5d22-a1d1-da7fec03e4e6,9,Koi Doojo Naahi Hari Bin,"Leela, Prabhavati",0,https://www.youtube.com/watch?v=CkItNyYfOTc
058a0aab-5666-53e3-b189-9ba9e3511853,d736a114-89a7-55a4-96ac-d328f0887ae6,7,Bangali Babu Rah Ja To Bada Maza Hoye,Zohrabai,0,https://www.youtube.com/watch?v=Io7iKeNe_i4
9c08000f-99d0-56d1-9fad-2d93070a5f75,968ad13a-5ffa-5ad4-9ddd-c12152198fc4,8,Raja Ke Chaman Se Laai Maalti Ki Mala,Gohar Karnataki,0,https://www.youtube.com/watch?v=6pwFwJXI9-g
7bc29463-01f7-5dd4-831c-597085053fb1,708954c4-4de7-5f9d-90b1-e4deba17f680,4,Nuktanchin Hai Ghame Dil Usko Sunaye Na Bane,Kundan Lal Saigal,4.0,https://www.youtube.com/watch?v=OSZMKvqeY70
1bb88c96-d651-54e3-a2db-9b82700e432a,708954c4-4de7-5f9d-90b1-e4deba17f680,12,Ab Shaad Hai Dil Aabaad Hai Dil,Rattan Bai,0,https://www.youtube.com/watch?v=VK4AR2CfSq4
ba9e8589-7ab5-5801-a80e-364c84b06b11,708954c4-4de7-5f9d-90b1-e4deba17f680,17,Lag Gayi Chot Karejwa Mein Haay Rama,Kundan Lal Saigal,3.0,https://www.youtube.com/watch?v=LCWk0b-VSzY
a1a933a8-0446-5f7b-adba-e800ee4c50b6,708954c4-4de7-5f9d-90b1-e4deba17f680,18,Lakh Sahi Ab Pi Ki Batiyan,Kundan Lal Saigal,0,https://www.youtube.com/watch?v=Sa-i9K2wXDw
5dd33c03-68e4-57a0-a189-4de72d125159,708954c4-4de7-5f9d-90b1-e4deba17f680,19,Yeh Tasarruf Allah Allah Tere Maikhane Mein Hai,Kundan Lal Saigal,4.0,https://www.youtube.com/watch?v=swh41zcf_nA
3878f14a-0471-5da3-b7d4-d4f7674713df,9ea7d1a1-c2bf-5e92-b664-6256c2cb69fe,11,Banwari Ban Mein Baaje Baansuri,Shanta Kumari,0,https://www.youtube.com/watch?v=KVPaGnouAug
422c7cc3-354b-5352-b6e1-c253e12e6aa2,9ea7d1a1-c2bf-5e92-b664-6256c2cb69fe,15,Mehul Gaaje Madhav Naache,Shanta Kumari,0,https://www.youtube.com/watch?v=irp3RPn4Zlg
30cee473-7165-52e9-9a6d-37bdaa2d7b86,d5c6a70b-4521-5d67-9e36-d43777054b2b,3,Tere Pehlu Mein Jo Hoon Aaye Qaza Kuchh Bhi Nahin,,0,https://www.youtube.com/watch?v=ThWgAIy_I-o
9a0bc123-1774-536e-9ec7-fe298cb8ce10,d5c6a70b-4521-5d67-9e36-d43777054b2b,5,Laagi Tore Nainwa Ke Baan,,0,https://www.youtube.com/watch?v=svvogxrKoCo
10e78a00-b920-5084-8228-9d28e70780d4,d5c6a70b-4521-5d67-9e36-d43777054b2b,6,Kyun Neechi Nazar Aaj Hai (Sakhti Mein Yeh Faulad Ka),,0,https://www.youtube.com/watch?v=9QSQggKRRMw
63a3d201-4ec9-5635-9503-b69724e26826,d5c6a70b-4521-5d67-9e36-d43777054b2b,10,Nahin Baaki Hain Paise Paandaan Mein Raha Apna Na Koi Jahaan Mein,,0,https://www.youtube.com/watch?v=yAjoclk5u1A
ed33d03d-9e25-5edc-af9c-96eaee13dd7b,0a240945-1e46-5995-885d-1dc9a7d3033a,1,Aarat Ko Dukh Haro,Various artists,0,https://www.youtube.com/watch?v=LemPtuMk7c4
a6600b13-75ab-567c-96a0-13565e9bea3c,0a240945-1e46-5995-885d-1dc9a7d3033a,2,Raat Aayi Hai Naya Rang Jamane Ke Liye,Shanta Apte,0,https://www.youtube.com/watch?v=EXkfpp2z_xw
81774d4d-026c-59d5-b1bf-96ac8e866ae5,0a240945-1e46-5995-885d-1dc9a7d3033a,3,Abla Hai Buri Bala,,0,https://www.youtube.com/watch?v=Yejy-xgCyyw
da23eec8-79fd-5c51-9c6d-bf18e8d40e31,0a240945-1e46-5995-885d-1dc9a7d3033a,4,Jayati Jai Ambike Daya Dhaam,Various artists,0,https://www.youtube.com/watch?v=QANIKBI-6Wg
76d242e0-d837-560c-9f86-5a81a794fbf8,0a240945-1e46-5995-885d-1dc9a7d3033a,5,Sakhi Ri Shyam Bado Dhithiyaro,Vasant Desai,0,https://www.youtube.com/watch?v=XxKNJhglSOM
f2f07759-82dd-595c-aa95-ee13fad2ab7a,0a240945-1e46-5995-885d-1dc9a7d3033a,6,Dekho Dekho Sakhiyan Kaisi Chhai Baadari,Shanta Apte,0,https://www.youtube.com/watch?v=Ea1rHN_wErk
656fe1c9-7d27-56c3-bb43-df60de00272e,0a240945-1e46-5995-885d-1dc9a7d3033a,7,Taaro Mori Bipda Ab Sahi Naa Jaat Muniraj,Shanta Apte,0,https://www.youtube.com/watch?v=C7_k5xWaf5Y
2299500c-dcaa-5526-b387-ec8049796c90,0a240945-1e46-5995-885d-1dc9a7d3033a,8,Soi Nrup Yash Bhaagi Jaanana,Suresh Babu - I,3.0,https://www.youtube.com/watch?v=nNB6dk9pDdM
e5772938-6e7b-51c3-bce3-e3470b9bce84,0a240945-1e46-5995-885d-1dc9a7d3033a,9,Banwa Ki Chhabi Sakhi,Nalini Tarkhud,0,https://www.youtube.com/watch?v=xGOTkAfxnaY
5cdbd46f-39ee-597e-a3f2-a6c100e8f373,0a240945-1e46-5995-885d-1dc9a7d3033a,10,Aarzoo-E-Dil Ayan Karne Ke Bhi Qabil Nahin,,3.0,https://www.youtube.com/watch?v=k1o93awcIyA
741d241e-21fa-585f-b521-27ea7dd07252,0a240945-1e46-5995-885d-1dc9a7d3033a,11,Jiya Mora Naa Bisaare Waahi Ko Sanjh Sanwaare,,0,https://www.youtube.com/watch?v=sOZZDqAkVZk
5901beb9-0fc5-5f5b-96bc-1241739c8830,0a240945-1e46-5995-885d-1dc9a7d3033a,12,Kamsini Mein Dil Pe Gham Ka Waar Kyon,Shanta Apte,0,https://www.youtube.com/watch?v=YPAonBRv7wQ
b336822f-f0c3-5e3c-991d-7f26df002796,0a240945-1e46-5995-885d-1dc9a7d3033a,13,Vipda Ki Raat,Shanta Apte,0,https://www.youtube.com/watch?v=WQVR7q0fSYM
d8d64ef3-7377-50d1-9eb4-4253b3169295,a43a1eb8-04f3-59ef-9a7e-06bba0163b96,3,Bichhude Ri Ghaali Peehar Chaali Sa Aali Ja,Maruti Pahalwan,0,https://www.youtube.com/watch?v=nSc4cljGWB0
46d8bda0-0baf-59bb-86bb-a2c2c57d3aad,21cc1470-5f1f-577d-9f15-a41e899c6467,8,Hey Prabho Teri Nirali Shaan Hai,M. Babalal,0,https://www.youtube.com/watch?v=WE_sOZGgCe8
f2e569cf-9a39-5d8a-bac2-84dd9c103e47,21cc1470-5f1f-577d-9f15-a41e899c6467,11,Manharwa Mora Pyara Sukh De Gayo,Ratnaprabha,0,https://www.youtube.com/watch?v=0Rrj_Nc1_qE
e1f9def3-d69b-5771-8c1b-c5fbb98ff197,21cc1470-5f1f-577d-9f15-a41e899c6467,12,Prabhu Ji Aapka Gun Gaane Wale Aur Hote Hain,M. Babalal,0,https://www.youtube.com/watch?v=W7u3yWCXrac
bfb00e09-39ac-522e-8edb-34d1e5965dc7,21cc1470-5f1f-577d-9f15-a41e899c6467,14,Prabhu Laaj Bhakton Ki Raakhe Sada,Ratnaprabha,0,https://www.youtube.com/watch?v=_6ZyAMMcBeQ
26d77052-38fd-55b5-a231-c1d694fafc49,c8205c58-057b-51e9-b6d0-78f4ae90c8b1,1,Prem Nagar Mein Banaoongi Ghar Main,"Uma Shashi, Kundan Lal Saigal",4.0,https://www.youtube.com/watch?v=9PQrOkQrtUg
74a9d45a-8099-52d0-afe6-638524b21555,c8205c58-057b-51e9-b6d0-78f4ae90c8b1,2,Basant Ritu Aai Aali Phool Khile Daali Daali,Uma Shashi,0,https://www.youtube.com/watch?v=HFpHs7aHqfo
fdc80c06-2678-5871-991a-02d458a105f4,c8205c58-057b-51e9-b6d0-78f4ae90c8b1,3,Maroongi Maroongi Sakhi Nishchay Maroongi,"Uma Shashi, Pahadi Sanyal",0,https://www.youtube.com/watch?v=Zb-Pbu7pQw0
112f0890-b66e-5a17-868b-29b246ca0472,c8205c58-057b-51e9-b6d0-78f4ae90c8b1,4,Tarpat Beete Din Rain,Kundan Lal Saigal,0,https://www.youtube.com/watch?v=STZ1kC7lscE
7e6f00ce-538a-5929-b662-8a978e098cc3,c8205c58-057b-51e9-b6d0-78f4ae90c8b1,5,Ae Ri Sakhi Poochh Na Prem Kahani,Uma Shashi,0,https://www.youtube.com/watch?v=T3MKCC7V2F0
f51cbfa1-9138-5f66-b8c3-aaaf0132b43b,c8205c58-057b-51e9-b6d0-78f4ae90c8b1,6,Dekhat Waako Hi Roop Prem Ka Pujari,Kundan Lal Saigal,0,https://www.youtube.com/watch?v=o2CIsI6dCY4
6b43b6f2-0e81-5c83-92c9-6fa81dd24e85,c8205c58-057b-51e9-b6d0-78f4ae90c8b1,7,Chhai Vasant Aayi Vasant Karke Solah Shringar,Pahadi Sanyal,0,https://www.youtube.com/watch?v=1aZE7FHXwFU
7df2d48d-56ff-514f-8277-c8bc0fc4a8c1,c8205c58-057b-51e9-b6d0-78f4ae90c8b1,8,Tore Prakash Se Naash Ho Sakal Ahankar,Pahadi Sanyal,0,https://www.youtube.com/watch?v=JUqKbjNB3Ec
610f25a4-ae0b-57ea-bc97-64198b05ce56,c8205c58-057b-51e9-b6d0-78f4ae90c8b1,9,Prem Ki Ho Jai Jai,"Kundan Lal Saigal, Uma Shashi, Pahadi Sanyal",3.0,https://www.youtube.com/watch?v=vWONnwgUoMk
21345dbb-f08e-5b2e-b5ac-d7b38fa79c0c,44346c86-8bd5-59ac-a61c-b411a73404b8,1,Na Ranj Kar Badnaseeb Bharat,,0,https://www.youtube.com/watch?v=BCPp1pGDe7c
0eafe293-7ca5-5db9-a865-5da3d0c2b01b,44346c86-8bd5-59ac-a61c-b411a73404b8,14,Bhagwan Karega Madad Teri,K.C. Dey,0,https://www.youtube.com/watch?v=AsD6Z1ilg7E
20c949dd-ad93-5d88-b9c7-63a502e203f8,eeac520d-5ad7-5937-b061-c2231d26d896,6,Preet Kaise Karoon Pardesi Piya,"Shirin Bano, Raja Pandit",0,https://www.youtube.com/watch?v=AG9evSbGFwk
1822dfe0-98f9-5d00-88a6-e012b43a28d2,adbd9c5d-478c-500f-8b90-b4b9419408e5,4,Sab Kaliyan Khilin Aaj,Gohar Karnataki,0,https://www.youtube.com/watch?v=4vHG8s9YGnw
82aaf13b-dd94-5f1d-8be3-3bc7bc596aa8,3024ab6a-af56-5031-8307-5f3162971216,10,Sukh Swamini Tu Adhidevata,G.N. Joshi,0,https://www.youtube.com/watch?v=QHmLMlgQaOQ
2b8f1607-7378-5254-be81-c5da78dc7652,3024ab6a-af56-5031-8307-5f3162971216,14,Preeti Mein Man Aaj Biharta,G.N. Joshi,0,https://www.youtube.com/watch?v=CywN4QXzkcw
5b7195f5-6b77-50df-a558-543801d7ab9c,dd4bebbf-491b-5dc4-a2ff-910cdac15f09,3,Mushkil Kusha Hai Naam Tera To Mushkil Mein Kaam Aana,Akbar Khan Peshawari,0,https://www.youtube.com/watch?v=WXv_u9s_K74
11a42724-49d0-51da-895d-60d06d87b11d,dd4bebbf-491b-5dc4-a2ff-910cdac15f09,5,Kitaab-E-Dard Mein Likha Mere Gham Ka Fasana Hai,Akbar Khan Peshawari,0,https://www.youtube.com/watch?v=NYpHL9YVMwQ
aa23703e-8e91-5df5-acb0-a724eb89c2ff,a606f3d6-ac2d-58d3-ae78-018373ff012b,10,Raja Jani Naa Maaro Nainanwa Ke Teer Re,,0,https://www.youtube.com/watch?v=HKmQ8wacAPI
4f0855c0-4caf-5e7c-aa4f-a8ac0b5b2a77,6c8961e2-1a1f-5076-ab44-feb8d367936e,1,Ghoonghat Ke Pat Khol Toko Peev Milenge,Vijay Kumar - VI,0,https://www.youtube.com/watch?v=rXa7j6jikwo
8c45d4e9-9c96-535b-bcfe-a8b94ab04e79,3cc2715f-c417-5fb1-8b01-999d87f21941,5,Kaaga Re Jaaiyo Piya Ki Galiyan Mein,Rajkumari Dubey,0,https://www.youtube.com/watch?v=gQXus4jr1fo
5341c722-bcc1-5a28-84d1-4fa5e794a1e1,3cc2715f-c417-5fb1-8b01-999d87f21941,7,Baaton Baaton Mein Dile Zaar Liye Jaate Ho,Rajkumari Dubey,0,https://www.youtube.com/watch?v=_CClz_G5ekI
12b03b8f-3315-500a-b285-63639e0951b0,3cc2715f-c417-5fb1-8b01-999d87f21941,10,Kiski Aamad Ka Youn Intezar Hai,"Lallubhai Naik, Rajkumari Dubey",0,https://www.youtube.com/watch?v=68I06_axT8Q
3f469dce-4038-520d-93df-c5c452625166,9a95a83f-2a6e-5178-9a7b-de674362a999,1,Naseeba Mera Chamka Jo Sabak Loon Tumse Jaane Ka,"Husn Bano, Puri",0,https://www.youtube.com/watch?v=zk_kGlQ7dns
5be5a520-8364-5070-8940-1b5fbfa9bc78,9a95a83f-2a6e-5178-9a7b-de674362a999,7,Alaman Yazdaan Kahre Aasman,Master Mohammed,0,https://www.youtube.com/watch?v=sgbitch8e0w
0dc62112-be91-5ff9-972a-dc0534cb930a,9a95a83f-2a6e-5178-9a7b-de674362a999,8,Humko Hai Jaan Se Pyara,Sardar Mansoor,0,https://www.youtube.com/watch?v=K1hAhuZpRRg
c79955d0-b799-5d21-b681-33f3ebbe7bb2,3d2fe4a4-a451-5e0c-a9a0-b73a4c04b746,1,Baalam Aay Baso More Man Mein,Kundan Lal Saigal,5.0,https://www.youtube.com/watch?v=h0N1tL7kdL4
4341d45e-0527-5959-9de9-2710ff10bbb1,3d2fe4a4-a451-5e0c-a9a0-b73a4c04b746,2,Mat Bhool Musafir Tujhe Jaana Hi Padega,K.C. Dey,0,https://www.youtube.com/watch?v=LrkqJ3NOspM
47ed2458-910f-5cd3-a698-72bbfe70eb50,3d2fe4a4-a451-5e0c-a9a0-b73a4c04b746,3,Na Aaya Man Ka Meet Umariya Beet Gayi Saari,K.C. Dey,0,https://www.youtube.com/watch?v=YKjWQUEvfEc
b7fffe99-dc44-5ec6-b37c-f3f5f7a2a583,3d2fe4a4-a451-5e0c-a9a0-b73a4c04b746,4,Roshan Hai Tere Dum Se Duniya Ka Pareekhana,Pahadi Sanyal,0,https://www.youtube.com/watch?v=R9c5XUMUI40
d35f2cda-bf01-51db-8ecf-c62a1ae49b25,3d2fe4a4-a451-5e0c-a9a0-b73a4c04b746,5,Chhute Aseer To Badla Hua Zamana Tha,Pahari Sanyal,3.0,https://www.youtube.com/watch?v=aEBRv6X86Z4
2f0002c1-838f-5996-942b-e65c2b560a8a,3d2fe4a4-a451-5e0c-a9a0-b73a4c04b746,6,Dukh Ke Din Ab Beetat Naahi,Kundan Lal Saigal,0,https://www.youtube.com/watch?v=EY9EAkF68Tg
dbba0d8d-37d5-5f4d-bf52-b42a3f80b971,3d2fe4a4-a451-5e0c-a9a0-b73a4c04b746,7,Naahi Aaye Ghanshyam Ghir Aayi Badri,Rajkumari,0,https://www.youtube.com/watch?v=6Kfu3PDBeJ0
363fefbb-6aa9-5efe-878f-40f35ac0fcd4,3d2fe4a4-a451-5e0c-a9a0-b73a4c04b746,8,Naa Pi Ki Nagariya Aaye Hai,Pahari Sanyal,0,https://www.youtube.com/watch?v=iYwwKrJofFM
ac1aa13f-879e-5769-b5ba-2a225d6e2d18,3d2fe4a4-a451-5e0c-a9a0-b73a4c04b746,9,Teri Maut Khadi Ho Sarhane Idhar,K.C. Dey,0,https://www.youtube.com/watch?v=goG48Moxgck
3c25a73f-cc29-5c46-ad46-ff90f1009241,b7f1fd61-c650-5db9-96d2-b63f68abaebd,1,Baba Man Ki Aankhen Khol,K.C. Dey,4.0,https://www.youtube.com/watch?v=Aaqs_reriGs
6aeef76e-8771-544e-be9b-72fe26ddb95e,b7f1fd61-c650-5db9-96d2-b63f68abaebd,2,Teri Gathri Mein Laaga Chor Musafir Jaag Zara,K.C. Dey,4.0,https://www.youtube.com/watch?v=D1C_p90iS_M
688f8112-b9fa-518e-a2d8-d9fe4f4d4d46,b7f1fd61-c650-5db9-96d2-b63f68abaebd,3,Main Khush Hona Chahoon Khush Ho Na Sakoon,"Parul Ghosh, Suprava Sarkar, Harimati, K.C. Dey",0,https://www.youtube.com/watch?v=agpOlBgKMNc
b1bb8eca-9de4-5ce8-a94d-239ac4e2d029,b7f1fd61-c650-5db9-96d2-b63f68abaebd,4,Aaj Mero Ghar Mohan Aayo,"K.C. Dey, Parul Ghosh, Suprava Sarkar, Harimati",0,https://www.youtube.com/watch?v=oFPEzh4RSQ0
501f19ec-5d28-58b8-aa96-dc3326c08dfa,b7f1fd61-c650-5db9-96d2-b63f68abaebd,5,Prem Kahani Sakhi Sunat Suhaye,Uma Shashi,0,https://www.youtube.com/watch?v=sdpzfwiiI50
35549c65-9aa6-544b-b987-859ea32161ce,b7f1fd61-c650-5db9-96d2-b63f68abaebd,6,Prem Ki Naiya Chali Jal Mein Mori,"Uma Shashi, Pahari Sanyal",0,https://www.youtube.com/watch?v=K9Tgkycy73Y
8105364c-bc3d-5c95-b2ad-27d5d006a7d9,b7f1fd61-c650-5db9-96d2-b63f68abaebd,7,Moorakh Man Hovat Kyon Hairaan,Pahari Sanyal,0,https://www.youtube.com/watch?v=6md7xiKOZvY
d0aa4091-d26a-5fb6-aa1b-e0015d1613f1,b7f1fd61-c650-5db9-96d2-b63f68abaebd,8,Prem Apoorab Maya Jagat Mein,Uma Shashi,3.0,https://www.youtube.com/watch?v=5qc-nZjD2S4
52a04795-9bb7-59d4-88d6-00ddb2feb2c3,b7f1fd61-c650-5db9-96d2-b63f68abaebd,9,Jeevan Ka Sukh Aaj Prabhu Mohe,K.L. Saigal,4.0,https://www.youtube.com/watch?v=DdUiH7x0Wbk
e1b029b7-a793-5609-a6fc-e9ed00fe997a,b7f1fd61-c650-5db9-96d2-b63f68abaebd,10,Andhe Ki Lathi Tu Hi Hai (Dil Ke Phaphole Jal Uthe),K.L. Saigal,3.0,https://www.youtube.com/watch?v=PgcPMtEokGQ
1c3b7637-b0a8-56cd-a510-876a90c191f5,f9904513-ed31-5973-9bad-50a885c0d6b6,13,Nandalala Gopala Muraliwala Re,Kamla Jhariya,0,https://www.youtube.com/watch?v=JLLo7o8aHFs
ea71d22e-301f-585a-bfee-43c322f30532,fea392bd-9cc6-5563-b6cb-f2482dd46dbc,8,Kyon Na Looten Maze Vasleyaar Ke,Rajkumari Dubey,0,https://www.youtube.com/watch?v=_-CCeTLg0hQ
92aec759-a9d1-5e6a-a20b-0ab2f4ea87fa,e0a09f9d-0fd6-5d78-9604-2c50f0633b20,9,Mori Pyari Pyari Gaiya Aur Doodh Ki Dilwaiya,Sabita Devi,0,https://www.youtube.com/watch?v=bdhWB0lAkHY
d1997a1b-0c48-5db1-bad2-8c8fc3af6be4,0e8446fb-0798-5bee-bb75-8e07e0471fd5,2,Ghananana Garji Bhandav Ki Megh Dhaara,Master Mohammed,0,https://www.youtube.com/watch?v=4gwceGovrjo
4c41cb2c-b94f-58f7-8157-e87c30b48ab5,c97f65ec-2d7c-595c-9bbe-72ce9e6ed9d3,5,Yaad Mein Teri Jahaan Ko Bhoolta Jaata Hoon Main,Mukhtar Begum,0,https://www.youtube.com/watch?v=U4M3F4RXVMw
f87a827b-726e-519f-b755-312698e00a46,c97f65ec-2d7c-595c-9bbe-72ce9e6ed9d3,6,Koyaliya Mat Kar Pukar,Begum Akhtar,0,https://www.youtube.com/watch?v=d6OyC8oIIws
4bda0fa3-d16b-5908-82e8-b54440c81964,04780db6-2fbd-5898-b747-42e9ee45c421,5,Phir Laut Chalo Kudrat Ki Aur,"Maruti Pahalwan, Durga Khote",0,https://www.youtube.com/watch?v=LZ2U6T4trys
526cc518-a917-5580-8cd7-4bc69fd8814a,04780db6-2fbd-5898-b747-42e9ee45c421,7,Rote Kyon Ho,Maruti Pahalwan,0,https://www.youtube.com/watch?v=oy4UmShqzl4
bd3036c4-86b6-522a-9c6b-c87ff9cf6254,e0e677d0-dda4-57db-a959-bf683eed03c7,2,Koi Preet Ki Reet Bata Do Hamen,"Kundan Lal Saigal, Pahadi Sanyal, Miss Malina",0,https://www.youtube.com/watch?v=foEFgUBryHE
d359d944-b89d-51e9-8af4-7c891328d9ec,e0e677d0-dda4-57db-a959-bf683eed03c7,6,Hairat-E-Nazaara Aakhir Ban Gayi Ranaiyan,Kundan Lal Saigal,0,https://www.youtube.com/watch?v=1HHiApKzlik
4e406891-a281-5c04-a047-a4b09b68696f,e0e677d0-dda4-57db-a959-bf683eed03c7,7,Dil Se Teri Nigah Jigar Tak Utar Gayi,Kundan Lal Saigal,3.0,https://www.youtube.com/watch?v=YucPAXA_uoI
6ebdb06e-b7ce-5034-9e76-bdf2ec24af61,e0e677d0-dda4-57db-a959-bf683eed03c7,8,Ab Kaise Chhupaoon Main Dil Ki Baat,,0,https://www.youtube.com/watch?v=CNnT874Rg8o
c6ffb463-af07-5e93-a213-f5a2693a9aa9,e0e677d0-dda4-57db-a959-bf683eed03c7,10,Ye Kooch Ke Waqt Kaisi Aawaz,Pahadi Sanyal,0,https://www.youtube.com/watch?v=l89epDwWWW4
adbabe4b-e3ed-597a-8907-f77285538538,266affe3-6535-5dc7-a1d7-bf2a5b169bf6,7,Jigar Soziyan Hain,Noorjehan - I,0,https://www.youtube.com/watch?v=PfzrkYtT4ZA
9aadb559-c076-5c5c-b825-dd4f6f43ea11,266affe3-6535-5dc7-a1d7-bf2a5b169bf6,12,Chali Pi Ke Nagar,Noorjehan - I,0,https://www.youtube.com/watch?v=XQQmf_0gvn8
b885504b-58aa-5e64-8268-729439756024,22d9b15a-507e-5390-920c-d3e20f0bd167,2,Kudrat Hai Rab Ki Nyari,Rajkumari Dubey,0,https://www.youtube.com/watch?v=22hG1_HSA3Y
21bcc8c5-39c9-553d-81ba-a7b8e9671658,22d9b15a-507e-5390-920c-d3e20f0bd167,13,Tum Ranjo Alam Se Door Raho,Rajkumari Dubey,0,https://www.youtube.com/watch?v=MHwkiOzwwPk
fd757864-e760-5fa6-be93-1922da97f1c6,0ea56aa4-b765-5d0b-8bd4-a92f60ef3dc6,4,Khuda Ke Zikra Se Gaaafil Na Ho Khuda Ke Liye,Master Mohammed,0,https://www.youtube.com/watch?v=_WOO4uFTFZ4
c8a97599-163e-5398-86b5-554a5a5d1c27,0ea56aa4-b765-5d0b-8bd4-a92f60ef3dc6,5,Dil Mein Ghar Kar Gayi Ae Jaan Muhabbat teri,,0,https://www.youtube.com/watch?v=drzQSO61ZRc
2dc8e8bb-a1c2-52c1-890d-7e7020fa3c60,0ea56aa4-b765-5d0b-8bd4-a92f60ef3dc6,10,Jahan Mein Insaan Na Bhoole Haraan Apni Halat Ko,Master Mohammed,0,https://www.youtube.com/watch?v=Pv9BZx2xMQI
e055939f-caaf-5392-992a-6605aa1b2563,0ea56aa4-b765-5d0b-8bd4-a92f60ef3dc6,12,Khush Raho Ae Tum Allah Wale,Master Mohammed,0,https://www.youtube.com/watch?v=HkMckNgRPGs
55cc6e1f-b3a9-5611-9128-d8ffc9423f6e,c8129dd0-15fb-59fc-89ae-a01c44ada53b,4,Na Chhedo Mohe Ro Doongi Piyarwa,"Shirin Bano, Raja Pandit",0,https://www.youtube.com/watch?v=Tceyp7K9Jns
b50b58d4-2286-5d2c-8c30-c08ca672aeab,1364113d-9490-5b09-8643-7061b5da1b40,11,Chalao Na Teere Nazar Jate Jate,Master Nabi Solapurkar,0,https://www.youtube.com/watch?v=5_l1DNUTdvI
e0461853-8e9c-59e8-94af-a66c3a41f41b,088f24cc-6961-596f-8136-ac7b71fe8481,1,Tum Bin Naiya Mori Kaun Tarave,Umrazia Begum,0,https://www.youtube.com/watch?v=XSS0N_8Wo5g
5699432f-99b9-5cbe-b0e6-8d2e10987dd4,088f24cc-6961-596f-8136-ac7b71fe8481,2,Pati Dhyan Se Hi Pat Shwasan Ki,Umrazia Begum,0,https://www.youtube.com/watch?v=H2CCwNlhilg
27182698-8a48-5d18-9e6c-33735d4dd99f,1ab68e51-e07a-555a-a617-480ea52efa21,1,Hari Base Sakal Sansara,,0,https://www.youtube.com/watch?v=qsz78lIHLq4
698a0b7e-ac73-5a0e-9a68-e8ac9bbcde7c,1ab68e51-e07a-555a-a617-480ea52efa21,2,Dheere Baho Nadiya Dheere Baho,Kusum Kumari,0,https://www.youtube.com/watch?v=t_LLN3554PQ
e930d4ae-bcc4-5958-b97c-5ffe6f1677cc,1ab68e51-e07a-555a-a617-480ea52efa21,3,Khet Ki Mooli Bagh Ko Aam,"Devika Rani, Ashok Kumar",0,https://www.youtube.com/watch?v=zuhIxtmBqGA
be3a47e7-560c-5bc9-9c2d-6fe27428caf6,1ab68e51-e07a-555a-a617-480ea52efa21,4,Main Ban Ki Chidiya Ban Ke Ban Ban Boloon Re,"Devika Rani, Ashok Kumar",3.0,https://www.youtube.com/watch?v=ABth5XKNoyE
fb54b47a-c13d-5d81-9a1b-478d791efd38,1ab68e51-e07a-555a-a617-480ea52efa21,5,Kit Gaye Ho Khevanhar Naiya Doobti,Saraswati Devi,0,https://www.youtube.com/watch?v=hHyAQEv05Ag
ff9d8260-af60-5282-8714-db5102fbfceb,1ab68e51-e07a-555a-a617-480ea52efa21,6,Udi Hawa Mein Jaati Hai,Devika Rani,0,https://www.youtube.com/watch?v=nZqldV9rrpk
36b2dd03-71d5-595c-9b95-82fea3dff263,1ab68e51-e07a-555a-a617-480ea52efa21,7,Kise Karta Moorakh Pyar,Ashok Kumar,0,https://www.youtube.com/watch?v=rYwv6jUjbow
38a061df-25b3-5498-95ce-331092d7befa,1ab68e51-e07a-555a-a617-480ea52efa21,8,Peer Peer Kya Karta Re,Ashok Kumar,0,https://www.youtube.com/watch?v=lxAc2_kkMCc
74cbdec0-2ba9-53b3-b2b5-1f17794dc772,1ab68e51-e07a-555a-a617-480ea52efa21,9,Choodi Main Laaya Anmol Re,"Mumtaz Ali, Sunita Devi",3.0,https://www.youtube.com/watch?v=iHXWz3sj_Gg
c5c641ee-bf93-5720-92eb-f39e6f49466a,05350ea0-6d7a-58f6-8b9b-d403b8735b7d,1,Karte Rahna Masmaar Duniya Zulmojafa Ki,"Durga Khote, Various artists",0,https://www.youtube.com/watch?v=p6KWTYFdQCw
e94886f2-a0fb-554a-a2ad-e0881a1927fa,05350ea0-6d7a-58f6-8b9b-d403b8735b7d,2,Jeet Jyot Tej Damak Raha Hai,Durga Khote,0,https://www.youtube.com/watch?v=ybuy5q4nGUk
4388584b-c772-5c2a-8881-b4a8cde4ea86,05350ea0-6d7a-58f6-8b9b-d403b8735b7d,3,Suno Suno Ban Ke Prani,Shanta Apte,0,https://www.youtube.com/watch?v=M1NPLn3HJqc
3dfc6215-2eb9-5d93-8a53-3288b24d4d85,05350ea0-6d7a-58f6-8b9b-d403b8735b7d,4,Ye Jogan Khojan Nikri Hai,Vaasanti,0,https://www.youtube.com/watch?v=c7o7dp6sx2M
e98c0dde-6cf1-5f04-bb9b-844c635c9a08,05350ea0-6d7a-58f6-8b9b-d403b8735b7d,5,Aaj Hamen Ban Behad Bhaata,"Shanta Apte, B. Nandrekar",0,https://www.youtube.com/watch?v=VMQ0kOJTDZo
134bf94b-2e31-5bd7-9bcb-b63eff1a1f75,05350ea0-6d7a-58f6-8b9b-d403b8735b7d,6,Ab Maine Jana Hai Haay Prem Kya Hai,Shanta Apte,0,https://www.youtube.com/watch?v=jUJ-FD4Bt6U
958d197f-0910-50c0-acfe-438341b3187b,05350ea0-6d7a-58f6-8b9b-d403b8735b7d,7,Bhool Ja Bhool Ja Bhulaoon Kaise Bhoolna Muhaal,Vasant Desai,0,https://www.youtube.com/watch?v=piKBeFlujuA
5641a70d-1663-5df7-a4d1-399cd2890351,05350ea0-6d7a-58f6-8b9b-d403b8735b7d,8,Ankhiyan Ke Tum Taare Pyare Chhod Moy Mat Ja Re,Vaasanti,0,https://www.youtube.com/watch?v=lefWaPcnLiQ
df972159-63ff-5572-8f01-84ffbccda4d5,05350ea0-6d7a-58f6-8b9b-d403b8735b7d,9,Kaaraj Ki Jyot Sada Hi Jare,Vasant Desai,0,https://www.youtube.com/watch?v=5P4h-snouJ8
9c861851-c81e-566c-8f85-bc43431dcf95,2f33548c-b89b-55d9-9bee-585dfb0a8e6b,6,Jagat Sab Prem Par Balihaar,"Aashiq Hussain, Pokhraj Banu",0,https://www.youtube.com/watch?v=JzvJqyfKHH0
53fb3c51-1beb-53ee-9318-8ea86bfb042d,2f33548c-b89b-55d9-9bee-585dfb0a8e6b,9,Sada Hai Prem Ki Jai Jai Kaar,"Aashiq Hussain, Pokhraj Banu",0,https://www.youtube.com/watch?v=__kdBWUdo20
601eff58-3e41-51d5-ac62-c45cd1460c97,2d18eb12-859e-5d2b-b817-bc202be08a54,4,Main Kab Tak Karoon Intazaare Madeena,Kalim,0,https://www.youtube.com/watch?v=Kaol8L6KQ7I
474f4ee9-3003-5f7e-94b9-2103f3f5c3d1,7322fbca-63cb-5ded-9d27-44f24a7a9f74,1,Sona Lene Piya Gaye Soona Kar Gaye Desh,,0,https://www.youtube.com/watch?v=V5UYxn_IuHU
2a46ea19-d7b8-5574-8196-8634f98308e0,3ba0a11c-7a6d-5c00-9567-194123ebef29,1,Matwali Mohini Maya,Indira Badkar,0,https://www.youtube.com/watch?v=F6Ik5ECxv4A
b5129e80-0f83-5729-9dc6-d0a74b3a26ad,3ba0a11c-7a6d-5c00-9567-194123ebef29,3,Rakhiya Bandhao Bhaiya,Ratnaprabha,0,https://www.youtube.com/watch?v=6TxuL0uw2OQ
cda7a658-ca75-5e7d-944d-d8f02a68c46a,3ba0a11c-7a6d-5c00-9567-194123ebef29,6,Koyalya Kyon Bole Kunjan Mein Dole (Hans Naach Naach Sajni),Ratnaprabha,0,https://www.youtube.com/watch?v=Eno3ytIDCdA
bcd63706-22a7-50a5-abc5-909ae635ae4c,3ba0a11c-7a6d-5c00-9567-194123ebef29,7,Goonjat Kyon Bhanwra Rasiya,Ratnaprabha,0,https://www.youtube.com/watch?v=rKLi-KPZoyI
7ba49678-6d84-5efc-a89b-135f6f8c2737,3ba0a11c-7a6d-5c00-9567-194123ebef29,8,Andhiyari Rajni Hai,Indira Wadkar,0,https://www.youtube.com/watch?v=9RxlSNPsXfU
832d9570-a549-5ec6-adf7-b9e455abcbca,cfdeee15-40e8-50f3-b3e5-a39727b68345,5,Yaad Na Kar Dil-E-Hazin Bhooli Hui Kahaniyan,Surendra,0,https://www.youtube.com/watch?v=RYUt3e_jGJ8
05d153b7-8a95-5dfd-93fe-46a68d97f570,6ecd5331-d52d-5a2d-84b1-1ee72e7132c3,11,Prem Ki Masti Aur Jagat Mein (Paan Ka Dhandha Hi Achha Tha),Motilal,0,https://www.youtube.com/watch?v=rmD1sWp66xk
20f560f1-8bf2-5b64-9853-435f2a3be6f8,016a7bd7-fdf2-52eb-ba58-d68a79bc70d5,1,Duniya Ki Karni Bharni Hai,Master Mohammed,0,https://www.youtube.com/watch?v=yUwthKEp1cA
e74f6de6-e666-50ff-8c1d-9b76314b7fec,016a7bd7-fdf2-52eb-ba58-d68a79bc70d5,4,Prem Mandir Mein Man Moorakh,"Husn Banu, Harishchandra Rao",0,https://www.youtube.com/watch?v=rlKdCVzLxgk
26a16102-c11b-5633-ba3b-d6ff46471ba0,f1d75105-9853-53f3-b0b1-ce4e7ed28fbb,7,Amar Hai Prem Ki Shakti,Gohar Karnataki,0,https://www.youtube.com/watch?v=r7AsqHr42mc
1469ca0c-e8b5-5c3d-9de2-4411d348f6f9,f1d75105-9853-53f3-b0b1-ce4e7ed28fbb,8,Hey Ambika Jagdamb Durge Darshan Deeje Maat Hai,Gohar Karnataki,0,https://www.youtube.com/watch?v=AAWxNE6NCcQ
5f74a5ea-25c5-5170-8e28-de0350c381dc,cd9ad45e-6542-5a5f-88a6-042f03b6daa2,1,Hum Watan Ke Watan Hamara,Master Mohammed,0,https://www.youtube.com/watch?v=aQAlbnJXnNc
fcbb75f6-ff57-5292-b612-36a679d9aafa,cd9ad45e-6542-5a5f-88a6-042f03b6daa2,2,Rajanva Ab Dharo Tum Dheer,Master Mohammed,0,https://www.youtube.com/watch?v=yjiHvXyEpKs
39787532-8bae-532a-9fec-aa6ab4d8b5c0,cd9ad45e-6542-5a5f-88a6-042f03b6daa2,4,Koi Nahin Hai Gair Baba,Pyaru Qawwal,0,https://www.youtube.com/watch?v=a5xNXaBzLO8
4c14706c-d10a-5706-944b-0f91d293322c,cd9ad45e-6542-5a5f-88a6-042f03b6daa2,6,Bura Kisko Maanoon Bhala Kisko Maanoon,Pyaru Qawwal,0,https://www.youtube.com/watch?v=n3vQosjEXDI
2c8bac5e-45e3-5790-bc9d-6131b6af2746,14b8acdc-08d2-5ca4-8ca0-e4e2b6e4eec7,1,Yeh Pyari Pyari Paati Maloom Hai Kiski Paati,Devika Rani,0,https://www.youtube.com/watch?v=e1oaRBq3pPw
be6822da-03d8-55f4-9d77-29b4ea868b7f,14b8acdc-08d2-5ca4-8ca0-e4e2b6e4eec7,2,Duniya Kahti Mujhko Paagal Main Kahti Duniya Ko Paagal,Saraswati Devi,0,https://www.youtube.com/watch?v=vBQ2DN-ckfs
6c42b7de-b145-559b-9aeb-553a3976769b,14b8acdc-08d2-5ca4-8ca0-e4e2b6e4eec7,3,Gaon Ki Maati Maat Hamari,Saraswati Devi,0,https://www.youtube.com/watch?v=YYQtNun2zjI
380ad6e6-fa56-5f2d-b4f0-29629ef180f4,14b8acdc-08d2-5ca4-8ca0-e4e2b6e4eec7,4,Jai Jai Janani Janmabhoomi (Gayi Raat Aaya Prabhat Hum Nidra Se Jaage),Ashok Kumar,0,https://www.youtube.com/watch?v=bFYkY5K3RYU
67631a11-ba60-5620-a8a4-ff98477d66e1,14b8acdc-08d2-5ca4-8ca0-e4e2b6e4eec7,5,Seva Ke Hum Vratdhaari Seva Se Nahin Hatenge,Ashok Kumar,0,https://www.youtube.com/watch?v=9fFrOj5OEUc
54495385-77ce-5a53-bde0-3db94e2b679c,14b8acdc-08d2-5ca4-8ca0-e4e2b6e4eec7,6,Maata Ne Hai Janm Diya Jeene Ke Liye,Devika Rani,0,https://www.youtube.com/watch?v=wkups__Eue8
9d5227f5-e27f-5d35-90f1-36059c1f3d2d,14b8acdc-08d2-5ca4-8ca0-e4e2b6e4eec7,7,Maine Ek Mala Goondhi Hai,Devika Rani,0,https://www.youtube.com/watch?v=qBOnmRdndTc
4026d115-e8b9-51b0-875b-f7b0bae2968b,14b8acdc-08d2-5ca4-8ca0-e4e2b6e4eec7,8,Mere Dil Ki Duniya Ujad Gayi,Ashok Kumar,0,https://www.youtube.com/watch?v=dhTl0wJEP8I
a78ea9b8-8db4-5e22-8cf3-11863526a704,14b8acdc-08d2-5ca4-8ca0-e4e2b6e4eec7,9,Aao Mohaniya Sajaniya (Tum Jo Roothe Ho Maza Aayega Manane Ka),"Mumtaz Ali, Sunita Devi",0,https://www.youtube.com/watch?v=ep-Fr6LZQxw
c1acd4ec-efaa-5f29-9f16-cc7167224a4a,14b8acdc-08d2-5ca4-8ca0-e4e2b6e4eec7,10,Jai Jai Pyari Janmabhoomi Mata,Saraswati Devi,3.0,https://www.youtube.com/watch?v=V-cNc49ZdUs
e67d8b48-9945-511b-8b13-b017326b1600,c9293a10-55b3-5dbb-be5a-85b6449106af,1,Mohe Prem Ke Jhoole Jhula De Koi,Sabita Devi,0,https://www.youtube.com/watch?v=clYdZ9QkTA8
cd4a265e-e331-580f-a19d-d34f992a42bf,c9293a10-55b3-5dbb-be5a-85b6449106af,4,Param Prem Paribrahma Jagat Mein,Motilal,0,https://www.youtube.com/watch?v=KUpU50nWSAs
28c0247f-1dd5-5b7b-ba21-f34696bbb1c6,c9293a10-55b3-5dbb-be5a-85b6449106af,5,Mero Dil Chheen Liyo Re Kamli Wale Saanwaliya,Sabita Devi,0,https://www.youtube.com/watch?v=tv1X833dUvc
7050b9bc-fc19-5dfa-8a50-44816c82894a,c6ec52ea-ff8f-527b-a2c1-9855a6a22250,9,Koi Humdam Na Raha Koi Sahara Na Raha,Ashok Kumar,3.0,https://www.youtube.com/watch?v=tZTtYfieivM
0280aa50-b0b8-580d-932c-4955b45d5ca7,010a2b2c-f3e2-50e8-99e5-4fcba8d399e8,4,Baanke Saiyan Ne Baiyan Marod Daali,Khursheed,0,https://www.youtube.com/watch?v=n1LrtUtoV2s
d694a9c2-3499-54ed-83c8-540a5451da62,a3647e3e-65fa-519f-b93d-8d0b46a18aa6,5,Nis Din Shyam Shyam Japti,Sabita Devi,0,https://www.youtube.com/watch?v=HFUFt7P5VSU
6b27fc49-1596-555d-a3e0-3f6f4605bbe6,4fe615e4-9814-5fa2-97f8-6dcfaf524e82,3,Man Ki Batiyan Kaase Boloon,Kamla Jhariya,0,https://www.youtube.com/watch?v=P3PXZDBGJHA
c2888b2d-dc20-55c0-863c-4b4974330fb1,4fe615e4-9814-5fa2-97f8-6dcfaf524e82,4,Rah Rah Uthti Tees Hriday Mein,Kamla Jhariya,0,https://www.youtube.com/watch?v=dt_FAsYtlz4
5c07bc05-0f23-578e-b2cb-ce2e36756952,c35b629d-8ba7-531d-a85d-40b11506a6bb,1,Tumhi Ne Mujhko Prem Sikhaya,"Surendra, Bibbo",0,https://www.youtube.com/watch?v=EwiBq_WTncc
3b68cc3a-6c55-5444-b010-070026ae6dfa,c35b629d-8ba7-531d-a85d-40b11506a6bb,2,Khizan Ne Aa Ke Chaman Ko Ujaad Dena Hai,"Surendra, Bibbo",0,https://www.youtube.com/watch?v=Pyq87dPasAc
27a6dabb-3768-5148-88f1-078a3c038bd0,d2bf4d1c-6ca3-5265-9c04-4124d1e87db0,1,Sundar Naari Preetam Pyari,Pankaj Mullick,0,https://www.youtube.com/watch?v=lpAfLEwoi8k
38d09eb1-6b81-52c6-b1a2-0e632a0c06a3,d2bf4d1c-6ca3-5265-9c04-4124d1e87db0,6,Saari Duniya Gorakhdhanda,Harimati,0,https://www.youtube.com/watch?v=RrXpbkmGtk8
515e8bf6-87e7-51fa-aadb-dc06071981d9,d2bf4d1c-6ca3-5265-9c04-4124d1e87db0,8,Aaye Sajni Shubh Din Aaye,Harimati,0,https://www.youtube.com/watch?v=K2_NK_NCs7k
36f0ae3e-d978-50c3-8c41-f9b18d25d9f7,8a5aba16-21bb-597e-976d-0e1887d1188e,1,Gaayeja Gaayeja Beqarar Dil (Kya Hai Tujhe Hua Yeh),Pahari Sanyal,0,https://www.youtube.com/watch?v=J5xnk1p28n0
a2336e0f-bea6-59ed-9774-8427a673f173,8a5aba16-21bb-597e-976d-0e1887d1188e,3,Aaj Sakhi Aayi Milan Ki Raat,Harimati,0,https://www.youtube.com/watch?v=GlK9Rcp1iFA
133ce1ad-163d-5caa-955d-8fe820fab7fb,2e7d5e41-4e0f-5a84-8d70-46ba77f150d5,1,Jagat Mein Prem Hi Prem Bhara Hai,K.L. Saigal,4.0,https://www.youtube.com/watch?v=pGvdDXdi_gA
502a9ca2-3840-5d40-8f73-4ea7644b8d47,2e7d5e41-4e0f-5a84-8d70-46ba77f150d5,2,Jo Naukri Dila Den B.A. Banane Wale,"K.L. Saigal, Pahari Sanyal",0,https://www.youtube.com/watch?v=Iw3MCgQeo2I
21255fd3-469b-5ecf-91db-c6ea2e598047,2e7d5e41-4e0f-5a84-8d70-46ba77f150d5,9,O Dilruba Kahan Tak Zulm-O-Sitam Sahenge,"K.L. Saigal, Pahadi Sanyal",0,https://www.youtube.com/watch?v=DnYmIVPc2jA
21326b1c-805e-5441-b8d7-00e3e1b32c8f,ba86bdc6-91e3-5d25-9c96-66c855b39ce2,1,Karega Har Ek Qadr Jaani (Sharm Kehti Hai Jo Parde Mein),Bashir Qawwal,0,https://www.youtube.com/watch?v=BiB6TZHiYjs
99b56d76-04c6-57e6-9619-1b97753b9348,ba86bdc6-91e3-5d25-9c96-66c855b39ce2,2,Favourite My Ghoda Khela,Meenu The Mystic,0,https://www.youtube.com/watch?v=SREjFOQvSXo
a5caebbf-5f4b-5eff-a30b-2c4f3ba4f57c,ba86bdc6-91e3-5d25-9c96-66c855b39ce2,3,Raah-E-Maikhana Bata Dena Mujhe Koi,Bashir Qawwal,0,https://www.youtube.com/watch?v=ExMqpenZ1H4
f93b1ebe-de41-58d6-909d-aa218f058ee1,ba86bdc6-91e3-5d25-9c96-66c855b39ce2,4,Gaao Gaao Ae Mere Sadhu,Meenu The Mystic,0,https://www.youtube.com/watch?v=zMRO4Oo6tuU
7267c40a-9d67-5719-aba8-72c4e22b6379,c434a878-8703-5950-a834-8835aee49643,4,Kaljug Hai Jab Se Aaya,Akhtari Bai,0,https://www.youtube.com/watch?v=J2QNwPtWyzw
01efc585-f585-568f-a8d0-7142a486f4dc,c434a878-8703-5950-a834-8835aee49643,11,Ab To Main Basaoongi Balamwa Ki Chhaavni,Begum Akhtar,0,https://www.youtube.com/watch?v=U_ucqUuyL8o
ea905f60-f09d-50b1-84d2-4945b0a8a637,65ea8965-79cd-50b4-bb40-36117d372bd2,8,Aseere Ranjo Gham Hone Ka Ulfat Nam Rakha Hai,Akbar Khan Peshawari,0,https://www.youtube.com/watch?v=nnYJEplIw6w
55a050ed-0653-5cb0-af23-f24e17c27e48,83751221-d7b6-5653-97c8-1a98557d5800,3,Na To Vastra Mein Na To Dhan Mein Hai,Mukhtar Begum,0,https://www.youtube.com/watch?v=giawpLxokjA
79ba0a4f-789f-5f84-b994-bd970a999aef,83751221-d7b6-5653-97c8-1a98557d5800,5,Mardon Ka Kabhi Vishwas Na Kar,Mukhtar Begum,0,https://www.youtube.com/watch?v=uB9NMXvjemI
f7035539-d492-5fc0-ae21-10e37c018a76,0d2b5163-c7df-57de-975d-0eb9492cbbd0,1,Piye Ja Aur Piye Ja,Kundan Lal Saigal,0,https://www.youtube.com/watch?v=01tVrUVXFz4
4cfdb8e9-cd2e-5687-9de6-b35501a7d15c,0d2b5163-c7df-57de-975d-0eb9492cbbd0,3,Kis Kaaran Bhar Aaye Aansoo Pyari Ke Nainan Mein,Vidyanath Seth,4.0,https://www.youtube.com/watch?v=9bAHfVp5XYs
d920a653-fcda-5cba-8a02-74b1057affe7,0d2b5163-c7df-57de-975d-0eb9492cbbd0,4,Jo Beet Chuki So Beet Chuki,Kundan Lal Saigal,3.0,https://www.youtube.com/watch?v=UgzhMEl7M2s
46c6d7ff-74a0-54e1-8183-02ef214ba070,51185aa5-cc3d-597b-93a3-6c4a6b28004d,1,Aate Hain Shrimansingh Senapati Jo Jag Jaane Hain,Various artists,0,https://www.youtube.com/watch?v=LGC7QQVELr4
c5cdf272-41ac-573f-be4a-1254f0b457f8,51185aa5-cc3d-597b-93a3-6c4a6b28004d,2,Aayi Sakhi Kya Bahaar Hai,Shanta Apte,0,https://www.youtube.com/watch?v=jYupDTKNubU
17411373-69b5-56e5-a022-cdf41394fc3f,51185aa5-cc3d-597b-93a3-6c4a6b28004d,4,Teri Saari Shekhi Dekhi,"Buwa Saheb, Master Chhotu",0,https://www.youtube.com/watch?v=0KJuJ_E5sRo
77e5cc0a-12e9-59d1-9287-5a38a2d605ad,51185aa5-cc3d-597b-93a3-6c4a6b28004d,7,Ghadiyan Aayin Sukhdai,Shanta Apte,0,https://www.youtube.com/watch?v=IK41Ox1yWuY
527a1032-16fa-5995-8c0e-577d0a82c1bc,51185aa5-cc3d-597b-93a3-6c4a6b28004d,8,Bhara Umang Se Khila Tha Chaman Mein Ik Phool,Shanta Apte,0,https://www.youtube.com/watch?v=OIzxzWBDDV8
95f9ae0d-2e59-5257-87a6-95f340deb923,51185aa5-cc3d-597b-93a3-6c4a6b28004d,9,Ab Pyare Pyare Aavenge Anand Din,Shanta Apte,0,https://www.youtube.com/watch?v=YEFcghulLks
b3d45829-9ea7-5b53-be53-f9c72fe3482d,51185aa5-cc3d-597b-93a3-6c4a6b28004d,10,Hey Shiv Prabho Vinay Suno,Shanta Apte,0,https://www.youtube.com/watch?v=RHIF6lIm5EU
8cccc5bd-b40c-5db8-a429-a4daeed546f8,51185aa5-cc3d-597b-93a3-6c4a6b28004d,11,Aa Raha Rasanhaya,Nalini Tarkhud,0,https://www.youtube.com/watch?v=E-KnLbSUwEI
6f349476-1670-555d-9475-f458b6ab517a,cfd09360-5e26-5f03-a52b-ab2aa0158046,2,Suna Do Prem Ki Meethi Taan,Noorjehan - I,0,https://www.youtube.com/watch?v=n8Ib1n7fqJo
7ca936d7-d94a-5185-8d4d-a915a24691d8,cfd09360-5e26-5f03-a52b-ab2aa0158046,5,Nahin Chain Piya Bin Aaye,Snehlata - I,0,https://www.youtube.com/watch?v=X_ApF-SOOxQ
c001a445-920e-55f2-8a6f-47867616ca53,cfd09360-5e26-5f03-a52b-ab2aa0158046,9,Man Ki Sooni Nagariya Basa De,Radharani,0,https://www.youtube.com/watch?v=eUFitXWjnv0
fc1254b4-f7b3-58eb-af62-fea87805507b,cfd09360-5e26-5f03-a52b-ab2aa0158046,10,Hamen Jalaati Gaati Gaati,Shyam Sundar - I,0,https://www.youtube.com/watch?v=vNnpTkO-vXs
78e5c781-dbd9-594f-91b2-7a5b5af60a26,cfd09360-5e26-5f03-a52b-ab2aa0158046,11,Mat Hona Behosh Kabhi,Noorjehan - I,0,https://www.youtube.com/watch?v=HfF61Ijnmf0
5f8951ee-81e0-5783-b0bf-cb09eb35053d,cfd09360-5e26-5f03-a52b-ab2aa0158046,14,Bure Hain Hum To Bura Hi Samjho,D.P. Bhargav,0,https://www.youtube.com/watch?v=ie9v5bgb7nU
2dd5e194-c5b2-5144-a2e5-0a7d8dd54629,4be99590-ab9a-5386-a303-c245c7e0d4dc,6,Bina Taake Na Maaro More Raja,Khursheed,0,https://www.youtube.com/watch?v=RcstMHtOdwM
a088e2a1-98b3-5643-879c-d6855545fd5b,501dda87-0ee1-5341-9fe7-2d67e2b8ab5b,1,Sambhal Kar Rakh Kadam,Rajkumari,0,https://www.youtube.com/watch?v=bklk8McfWtU
eacb1598-afa7-5115-8db0-e0b9780b4391,501dda87-0ee1-5341-9fe7-2d67e2b8ab5b,4,Hey Dhanya Tu Bharat Naari,Rajkumari,0,https://www.youtube.com/watch?v=9tLdTBljmSg
b38ac864-305b-5cc3-9fba-8b03c22014b4,78585dd8-7ff7-558b-b668-4ee0c3f4f5f5,2,Chhaka Chhak Chhak Chali Ja Rahi,Akbar Khan Peshawari,0,https://www.youtube.com/watch?v=EuWTcw_iik8
3d606ef0-3dc9-5de8-9259-c9bf118fce5f,78585dd8-7ff7-558b-b668-4ee0c3f4f5f5,18,Us Har Ko Man Bhool Na Jaana,Menka - I,0,https://www.youtube.com/watch?v=gDBBwdzLB3g
bfce5cca-a5c5-5220-8059-020a52561966,78585dd8-7ff7-558b-b668-4ee0c3f4f5f5,20,Sukh Anand Aur Prem Ki Khatir,Vinay Goswami,0,https://www.youtube.com/watch?v=8PYOm37NXE4
65127fa9-ee76-5940-a63c-2b7d2f71353d,7a4bb5d1-1058-53ac-b801-f0dbd87898eb,2,Aseer-E-Gham Ka Bhala Phir Kahan Thikana Tha,Kamala Jharia,0,https://www.youtube.com/watch?v=S8olZvX3ukE
3ca1d377-3b65-5b8c-90f1-8687bab6b4ea,e180d680-cd27-5a8c-8380-a4a7be7cbbc7,1,Ras Bhare Nain Tore Baalam,Surendra,0,https://www.youtube.com/watch?v=Yo1VLCbkDnQ
b9de5b81-e567-556f-8c06-5486b10c8ed2,e180d680-cd27-5a8c-8380-a4a7be7cbbc7,2,Tulsi Maat Pyari Tum,Rajkumari,0,https://www.youtube.com/watch?v=vitB4D3ZZJE
672f99d3-7b97-5014-8efe-aa4020c39733,e180d680-cd27-5a8c-8380-a4a7be7cbbc7,4,Kanhaiya Bansi Wala Re,Rajkumari,0,https://www.youtube.com/watch?v=Z5oYBaD_XPA
71f831aa-5267-5323-a65a-b04b51c5a6fe,e180d680-cd27-5a8c-8380-a4a7be7cbbc7,6,Jhootha Hai Sansar Khel Tamasha,Surendra,0,https://www.youtube.com/watch?v=rPPb8dm2POc
d8fc3260-31c0-5d45-b8c7-00fcac4dea7e,e180d680-cd27-5a8c-8380-a4a7be7cbbc7,7,Kisne Hai Yeh Reet Banai,Surendra,0,https://www.youtube.com/watch?v=EwC7Osr-8nY
a159260b-0bc0-5c36-8528-639ad13907d5,121e76ce-8450-5f09-a18a-8733141f25f2,1,Ek Thi Toti Ek Tha Tota (Ma Ek Kahani To Sunao),"Uma Shashi, Shabbir Ali - I",0,https://www.youtube.com/watch?v=-FPUJlZbd_I
bd2ada85-d389-5e3e-8ff4-158ec83548a7,121e76ce-8450-5f09-a18a-8733141f25f2,3,Sakhi Ja Sakhi Mathura Nagri Ja,Harimati,0,https://www.youtube.com/watch?v=BfWZe_S_lYE
0419a9bb-3db1-5472-90c2-0108b5c65882,121e76ce-8450-5f09-a18a-8733141f25f2,4,Kahani Dukh Bhari Kisko Sunayen,Dhumi Khan,0,https://www.youtube.com/watch?v=1DqhlumUu9c
fe5f27cb-bf1d-5e06-ba22-814b9f1480b6,121e76ce-8450-5f09-a18a-8733141f25f2,9,Sarkar Ye Ghulam Geedad Khan Kehlata Hai,Various artists,0,https://www.youtube.com/watch?v=ZkvhUUDz7Ag
37e38721-75f7-5b23-88cb-c6db2c17a1a9,121e76ce-8450-5f09-a18a-8733141f25f2,11,Jo Un Guzri Hui Ghadiyon Ko Ab Main Yaad Karta Hoon,Kalyani,0,https://www.youtube.com/watch?v=xALeE7IOGi8
6b8c9e54-dd24-5aea-b0da-805a649a37a5,121e76ce-8450-5f09-a18a-8733141f25f2,13,Tora Naahi Kanhaiya Sun Ri Yashoda Maiya,Harimati,0,https://www.youtube.com/watch?v=xUAtNwBrP6I
82dee6e6-32b7-5065-adb9-7339cfbbf96a,121e76ce-8450-5f09-a18a-8733141f25f2,14,Paayal Baaje Chhanan Chhanan (Chheen Li Haay Chheen Li Mujhse),Kalyani,0,https://www.youtube.com/watch?v=bd4Se80lv5o
b2143076-72c1-5566-8046-d3efc9c98137,83788e7d-012d-59ec-bf64-949bf389c0b2,1,Taat Bichhure Hriday Ke,Jenabai Pawar,0,https://www.youtube.com/watch?v=tghXujSv63o
1c571568-8326-5a77-be79-7f42f8b14f93,83788e7d-012d-59ec-bf64-949bf389c0b2,2,Aazaar-E-Mohabbat Ke Afsane Ko Kya Kahiye,Ahmed Dilawar,0,https://www.youtube.com/watch?v=2CQGKE79nfw
49097b03-d3e8-5f89-8b3d-9756a117eda4,83788e7d-012d-59ec-bf64-949bf389c0b2,3,Preet Ki Saachi Hai Reet Yahi To Pyare,Jenabai Pawar,0,https://www.youtube.com/watch?v=VwJp5zu5iQo
bb34d83d-6f67-5eb3-9dc3-30f6b92011a7,83788e7d-012d-59ec-bf64-949bf389c0b2,6,Pyala Hai Pyale Ka Bachcha,Master Dhulia,0,https://www.youtube.com/watch?v=Ws5Y9xM6reY
edd6cbd2-fb75-5202-af69-6cb32419d1fe,83788e7d-012d-59ec-bf64-949bf389c0b2,8,Aan Phanse Ab Ban Mein Bhaiya,Master Dhulia,0,https://www.youtube.com/watch?v=A_e1E1rB9Tk
2d9f62a1-7e2d-5986-97e2-1bee2b300d2d,cd14ecbb-e69a-52f3-a7db-8e878de3615b,3,Tera Hai Sansar Saara,Motilal,0,https://www.youtube.com/watch?v=O3HeoPABD7k
31b399b4-a6ac-5e7d-a766-c5c4082898a2,cd14ecbb-e69a-52f3-a7db-8e878de3615b,5,Asha Kabhi Na Jaye,Ramchandra Marathe,0,https://www.youtube.com/watch?v=_o5vV8hm0Nk
fe966355-b1b8-5d78-a0c5-f6c363a2dea0,cd14ecbb-e69a-52f3-a7db-8e878de3615b,8,Kyun Chale Gaye Us Paar,Rajkumari,0,https://www.youtube.com/watch?v=KdAfvC2ltok
2da532cb-d825-53d5-b944-2c9149cbddf3,cd14ecbb-e69a-52f3-a7db-8e878de3615b,10,Jagat Mein Dhoom Hai Teri,Ramchandra Marathe,0,https://www.youtube.com/watch?v=R-_EhtxD2SQ
be9ad871-42db-5f81-bcb0-6d6dc6fc2e58,880bf789-eb92-5377-acd4-3cd8d6879f6c,1,Lo Suno Mere Dard Bhare Naale (Kya Sunaoon Majra-E-Dard-E-Dil),Bashir Qawwal,0,https://www.youtube.com/watch?v=znrx7048XtM
ce7f7287-af2e-53f9-bc2c-f4ab0db91f52,880bf789-eb92-5377-acd4-3cd8d6879f6c,3,Sooni Sooni Sejariya Piya Bina,"Shirin - I, Rajkumari",0,https://www.youtube.com/watch?v=V0EApojA8uY
f6845a33-65ee-5f2e-b295-695274eea3ab,880bf789-eb92-5377-acd4-3cd8d6879f6c,4,Mori Naiya Dagmag Dole,Bashir Qawwal,0,https://www.youtube.com/watch?v=DDfPPnYfKFM
be7ecf24-d019-57be-828c-dd810e376d00,880bf789-eb92-5377-acd4-3cd8d6879f6c,5,Tumhin Ne Mujhko Maar Khilaya,Lallubhai Naik,0,https://www.youtube.com/watch?v=BfI66s9KXyI
f220fe0f-1594-533d-b90b-429c97c21045,880bf789-eb92-5377-acd4-3cd8d6879f6c,6,Meri Jaan Maan Lo Ab Yun Khafa Hona Na Sharmana,"Lallubhai Naik, Ismail, Shirin - I",0,https://www.youtube.com/watch?v=43o2e6fFThs
077e2d14-d709-5e0c-9e0e-fd2b82329b34,880bf789-eb92-5377-acd4-3cd8d6879f6c,8,Hai Prem Mein Pyar Hi Pyar Bhara,"Jayant, Rajkumari",0,https://www.youtube.com/watch?v=00YImaxkSxU
3498f206-c921-58bf-8c8f-befeb39fc6d3,3f0c87e5-2ec9-5844-893b-141b4951bbee,10,Tum Bhi Kitne Rangeele,Ratan Bai,0,https://www.youtube.com/watch?v=t23peeQ0Z18
a8d2f320-62e9-5fba-9dbe-cc4a25078990,582285fa-0c3d-5180-bee9-a5a899ea2b3c,1,Le Lo Le Lo Le Lo Koi Gajra Le Lo,Ratnaprabha,0,https://www.youtube.com/watch?v=bIXcOnhjLtU
d11b483e-411f-5ac9-81f2-60e43514068f,582285fa-0c3d-5180-bee9-a5a899ea2b3c,2,Pyare Mohan Aao Nainon Ki Jamuna Mein Nahao,Indira Wadkar,0,https://www.youtube.com/watch?v=Lz9DynEA5pY
94ca882f-b217-5c8f-b3fe-5806d8310bd7,582285fa-0c3d-5180-bee9-a5a899ea2b3c,5,Ek Jeev Pe Lakh Museebat Kya Jeeve Sansari,Indira Wadkar,0,https://www.youtube.com/watch?v=ox35fDGwBiw
4bb5a5f0-c640-5c9a-93fe-e83417666e8a,582285fa-0c3d-5180-bee9-a5a899ea2b3c,6,Sookh Gaya Maali Bina (Hain Phool Kagaz Ke Yahan Khushboo Kahan Rang Roop Mein),Ratnaprabha,0,https://www.youtube.com/watch?v=9K3ndI8iHzk
35ccf3fe-1d4d-5a19-9ee5-6bfb04b18a1e,582285fa-0c3d-5180-bee9-a5a899ea2b3c,7,Jhoomat Ritupati Aaye,Ratnaprabha,0,https://www.youtube.com/watch?v=eE-AhIPpoeI
f980f12b-6e9d-5875-bc99-92d2201123ce,73812997-8de2-5051-afe5-b5b326d3f91d,1,Is Paap Ki Duniya Se Ab Aur Kahin Le Chal,Amir Karnataki,0,https://www.youtube.com/watch?v=-K7VzIY-MBo
44209c78-959a-566c-a695-08f9b373ef1e,a4a6243e-e133-5637-bc19-f41929d17272,1,Ek Tha Raja Ek Thi Rani Donon Par Chhai Thi Jawani,Shanta Apte,0,https://www.youtube.com/watch?v=4HIkeP4L9G0
a4a40100-45fb-5f07-a7cb-50d5cb55a6c1,a4a6243e-e133-5637-bc19-f41929d17272,2,Samjha Kya Hai Duniyadana,Shanta Apte,3.0,https://www.youtube.com/watch?v=r8F6Q-yn1Ec
09bfb986-1b52-588c-b067-f4a750592829,a4a6243e-e133-5637-bc19-f41929d17272,6,Jai Ambe Gauri Maiya,Shanta Apte,0,https://www.youtube.com/watch?v=TXf8lCJGf2U
f251c46c-e662-5186-9fc0-e780ec47920d,a4a6243e-e133-5637-bc19-f41929d17272,7,Man Saaf Tera Hai Ya Nahin Poochh Le Ji Se,Parshuram,0,https://www.youtube.com/watch?v=kzEdsYg0WL4
51b6aa00-a113-54d4-b9b7-f1d70466a1cf,a4a6243e-e133-5637-bc19-f41929d17272,8,Saawan Jhoola Jhool Ke Nikla,"Vaasanti, Shanta Apte",0,https://www.youtube.com/watch?v=CSVQdOPpPvE
e5445d59-ae7e-51e8-b542-5c88d7395640,a4a6243e-e133-5637-bc19-f41929d17272,9,Psalm Of Life (In The World's Broadfield Of Battle),Shanta Apte,0,https://www.youtube.com/watch?v=VbHmcym_tmY
7f6e1067-1a1f-502f-bf8b-7bb2a906d901,7b420185-f3f5-5a7e-9b98-04f33bd9ddc1,3,Chale Kyon Mori Naiya Kinare Kinare (Ummeeden Ahl-E-Kashti Nakhuda Ke Hai Ishare Par),Bashir Qawwal,0,https://www.youtube.com/watch?v=kIHKG4fEYH4
bf6c29f4-7a66-5f82-bc60-cc5c66160440,7b420185-f3f5-5a7e-9b98-04f33bd9ddc1,7,Jab Se Laage More Naina Parat Naahi Mohe Kahna,Rajkumari,0,https://www.youtube.com/watch?v=xQS5kXJu5nc
af22b01f-31c3-524f-b753-0503c1cc5742,7b420185-f3f5-5a7e-9b98-04f33bd9ddc1,8,Bharat Hai Sukh Chain Hamara,Bashir Qawwal,0,https://www.youtube.com/watch?v=KSKbuL_kopM
0e0e2cc7-f9d6-537a-ab16-d45764545051,7b420185-f3f5-5a7e-9b98-04f33bd9ddc1,10,Kabhi Tumko Hamse Bhi Pyar Tha,"Rajkumari, Lallubhai Naik, M. Esmail",0,https://www.youtube.com/watch?v=mu5RtXBdF4U
4fe9ff12-df28-5f46-823f-48edfc7ffdf5,04df1f51-8b13-519e-93b8-735393f9da12,2,Ek Hai Ek Mein Duniya Saari,Master Mohammed,0,https://www.youtube.com/watch?v=BbvcI6gz04c
18268e4a-9c3c-5466-b6a2-eda3d0c64cee,04df1f51-8b13-519e-93b8-735393f9da12,3,Ye Duniya Prem Ki Basti Hai,Sardar Mansoor,0,https://www.youtube.com/watch?v=G4Y7GiG2b3s
df4ff08e-0af4-50d7-a57d-83065a8aa1db,04df1f51-8b13-519e-93b8-735393f9da12,4,Premi Jag Mein Har Har Ghat Mein,Husn Bano,0,https://www.youtube.com/watch?v=AqjTQWTPNEY
15b155d6-3159-51e3-8c67-3ddc480e25e7,04df1f51-8b13-519e-93b8-735393f9da12,5,Tum Jo Roothe To Dushman Zamana Hua (Usne Kaha Tu Kaun Hai),Ahmed Dilawar,0,https://www.youtube.com/watch?v=gWy9dsU9TVA
208a0f10-608c-58d8-8a96-e9fd029a78fc,40df2517-d753-57b3-b49e-4fc65d38d4ac,1,Prem Dor Mein Baandh Hamen Kit Chale Gaye Girdhari,"Mumtaz Ali, Sunita Devi",0,https://www.youtube.com/watch?v=3pg7QPZB5vE
47c0284b-3c30-5599-8f86-ae18a03c3631,40df2517-d753-57b3-b49e-4fc65d38d4ac,2,Nagari Laage Sooni Sooni,Devika Rani,0,https://www.youtube.com/watch?v=5jo17yLTJd0
87235671-e9e5-52b4-94be-555898bb68c5,40df2517-d753-57b3-b49e-4fc65d38d4ac,3,Kit Jaoge Kanhaiya Man Ke Basaiya,Devika Rani,0,https://www.youtube.com/watch?v=5HdI839b2P4
acf95ed8-78bb-5869-9e28-a844fdad2345,40df2517-d753-57b3-b49e-4fc65d38d4ac,4,Matwale Nainon Wali Ghunghrale Baalon Wali,"Devika Rani, Ashok Kumar",0,https://www.youtube.com/watch?v=wZVONJj6i74
8ac1e368-3945-5dc5-8ffd-593288ee9729,40df2517-d753-57b3-b49e-4fc65d38d4ac,5,Piy Aavan Kahi Gaye Ni Aaye,"Sunita Devi, Mumtaz Ali",0,https://www.youtube.com/watch?v=sFMhmkDqkUE
b9b6f00d-7f3b-5f89-8c2b-0267c314fdc2,40df2517-d753-57b3-b49e-4fc65d38d4ac,6,Bharne De Mohe Neer,"Devika Rani, Ashok Kumar",0,https://www.youtube.com/watch?v=lQTT31L_RMY
1438b642-c4e4-5e24-986d-e47e3ae7c94b,4935b0d4-b293-5959-9001-ae28151079b9,2,Agar Deni Thi Humko Hoor-O-Jannat To Yahan Dete,Surendra,0,https://www.youtube.com/watch?v=lSGXyspQE0s
0e4515d5-1614-5d52-838c-5c2a8c2aff5d,4935b0d4-b293-5959-9001-ae28151079b9,4,Baanke Bihari Bhool Na Jana,"Motilal, Maya Banerjee",0,https://www.youtube.com/watch?v=0FW0Zc0I3K4
5adbbd83-b33d-5af5-8783-ec2867e5d231,4935b0d4-b293-5959-9001-ae28151079b9,5,Jinke Charanon Mein Rehte Hain Taare,Surendra,0,https://www.youtube.com/watch?v=kJ_XV-FQcFs
d9d44f61-8f4c-55da-ab47-cc17b2356f2d,4935b0d4-b293-5959-9001-ae28151079b9,7,Nadi Kinare Baith Ke Aao,"Motilal, Maya Banerjee",0,https://www.youtube.com/watch?v=Sr1L8OX-Tig
885b4055-c5dd-50bb-a221-6f291743311b,4935b0d4-b293-5959-9001-ae28151079b9,8,Pujari More Mandir Mein Aavo,"Surendra, Bibbo",0,https://www.youtube.com/watch?v=8RvC5bCSODg
0eab366b-20ea-564a-9934-15a52895319d,40e6a157-70e5-5aca-b655-be5dce1ef35e,1,Hori Aayi Re Kanha Braj Ke Basiya,Saraswati Devi,0,https://www.youtube.com/watch?v=k-lIWGtcOmg
2ac48432-7bae-5c54-9d2c-6f77cfb3287b,40e6a157-70e5-5aca-b655-be5dce1ef35e,2,Ek Chandi Ka Hai Mandar,"Devika Rani, Mumtaz Ali",0,https://www.youtube.com/watch?v=09TNL1VXbQM
2ec42871-0354-5d2a-a949-763c8df43645,40e6a157-70e5-5aca-b655-be5dce1ef35e,3,Mujhe Pahchante Ho Haan Mujhe Tum Jaante Ho,"Devika Rani, Mumtaz Ali",0,https://www.youtube.com/watch?v=VPLnZKxJJMA
a87d5798-76ad-5a7e-9ddc-98af4bc13f9f,40e6a157-70e5-5aca-b655-be5dce1ef35e,7,Tum Meri Tum Mere Saajan,"Devika Rani, Balwant Singh",0,https://www.youtube.com/watch?v=bHtO4vuetRY
f1b8c5a0-0f48-5120-8649-acee211dea4f,40e6a157-70e5-5aca-b655-be5dce1ef35e,9,Bane Chandni Ka Palna Jhoole Chanda Sa Lalna,Devika Rani,0,https://www.youtube.com/watch?v=0q4XZEpxg6k
19455a10-dd8e-59d1-bca9-d16aaf6a2bcd,40e6a157-70e5-5aca-b655-be5dce1ef35e,10,Mero Lalna Jhoole Paalna,Saraswati Devi,0,https://www.youtube.com/watch?v=T9m--rqs5e4
953d6268-1df5-585f-a6bf-ce74816c35e2,966a9b47-61a1-5c5b-acfd-65fe43aca458,2,Meethi Boli Phir Boli Koyaliya,Harimati,0,https://www.youtube.com/watch?v=682RcdIh6gc
fb4d9ee4-4b50-5711-ae56-ab5d8cb00366,966a9b47-61a1-5c5b-acfd-65fe43aca458,3,Yeh Suna Hai Maine Jadu Hai,Fida Hussain,0,https://www.youtube.com/watch?v=NPD4PE6Obrc
04f3522c-c013-56c7-8078-166069ad97a2,966a9b47-61a1-5c5b-acfd-65fe43aca458,4,Saqi Idhar Bhi Jaam,Manik Mala,0,https://www.youtube.com/watch?v=clV7tx4-8-M
11ce65f1-d0f4-5d72-95c0-d0d889fe27f8,966a9b47-61a1-5c5b-acfd-65fe43aca458,5,Khoti Duniya Badi Rangeeli,Fida Hussain,0,https://www.youtube.com/watch?v=rRESNc_xC3Q
59673d69-c179-57e5-b8bb-6365f5bbabba,966a9b47-61a1-5c5b-acfd-65fe43aca458,10,Kehti Hai Insaniyat Jitne Hain Insan Ek Hain,"Fida Hussain, Harimati",0,https://www.youtube.com/watch?v=GvzmZmT0AjM
fc9f7df3-8564-5d8c-8726-0170cf1332c9,4f4ca09e-b31e-58aa-8d70-96295da60034,2,Aa Ri Sakhi Ri Main Tohe Preet Sikha Doon,Maya Banerjee,0,https://www.youtube.com/watch?v=NE-7QAoX80I
4d82744b-5dbf-5313-84dd-16f6d266fca0,4f4ca09e-b31e-58aa-8d70-96295da60034,3,Aaye Hain Ghar Maharaj Main Jaoon Phoolon Ke Haar Banaoon,"Maya Banerjee, Surendra",0,https://www.youtube.com/watch?v=-vfJrLaJioo
4e4e85e5-143c-5c3a-9b5f-998acd1c560d,4f4ca09e-b31e-58aa-8d70-96295da60034,4,Kyon Rovat Hai Nit Moorakh Man,Surendra,0,https://www.youtube.com/watch?v=UCp293o7K_g
ed3e92dd-2d5a-5aa2-94b5-d19975429167,4f4ca09e-b31e-58aa-8d70-96295da60034,5,Prem Ka Pushp Khila Ghar Mere,"Surendra, Bibbo",0,https://www.youtube.com/watch?v=wi3uiRRF5KU
55de2ea1-e17a-5d46-aedf-0607c14a4f3b,9d126d0e-5e32-5366-a145-dc3ff24e1cc0,1,Pila Raha Hai To Kuchh Lutf-E-May Badha Ke Pila,Akbar Khan Peshawari,0,https://www.youtube.com/watch?v=Hru-ho1RKWQ
470a00b8-5c49-581b-98a5-43dadff043ae,274dc466-02df-54cb-9c19-87d2348ceace,1,Hindustani Hindustani Rahne De Yeh Nadani,"Lallubhai Naik, Rajkumari",0,https://www.youtube.com/watch?v=LouUIGlb9QQ
547ae88d-4719-5be2-b8ee-d4c3ad961bfe,59118568-6209-5d09-b702-2c25d9843793,7,Chot Maar Lyo Ghunghatwa Ki Ot Jeniya,Aashiq Hussain,0,https://www.youtube.com/watch?v=AdAntvqDsio
51cc5fa2-3397-54e2-ba0a-c9daeeb731dd,f182c613-3495-5d39-a111-195882eaf44b,1,Saanwariya Man Bhaaya Re,Kanan Devi,0,https://www.youtube.com/watch?v=b3U4Cy07KCg
c015a294-f70a-5269-96f4-27f690c62a8e,f182c613-3495-5d39-a111-195882eaf44b,2,Na Jane Kya Hai Dil Ka Raag (Kya Yun Hi Hoti Hai Ulfat),Kanan Devi,0,https://www.youtube.com/watch?v=bhmBOg5WqRk
c804dc7b-8d8d-5480-8ef8-fe2844af8a3d,f182c613-3495-5d39-a111-195882eaf44b,3,Ajab Zindagi Hai,Various artists,0,https://www.youtube.com/watch?v=DQU6fhM8qgY
0cae1539-2f04-5759-9cec-a70474befaf8,f182c613-3495-5d39-a111-195882eaf44b,4,Hum Bekason Ka Poochhne Wala Koi Nahin,Kalyani,0,https://www.youtube.com/watch?v=22dxNnZ-DuI
452179d4-59b7-5407-abd4-912c6184c68f,f182c613-3495-5d39-a111-195882eaf44b,5,Wohi Samjhega Mere Zakhm-E-Dil Ko,Menaka,0,https://www.youtube.com/watch?v=ungA7TwQBWs
bfdaa35e-369f-5902-ba9e-3ce8b7bcd67f,f182c613-3495-5d39-a111-195882eaf44b,6,Woh Chup Bhi Rah Ke Gham-E-Dil Chhupa Nahin Sakta,Menaka,0,https://www.youtube.com/watch?v=b8Sa_4MqDcc
e230d85b-ec4f-5f78-807e-cc34f1c34ba8,f182c613-3495-5d39-a111-195882eaf44b,7,Kaisa Ujda Chaman Khushi Ka,Kanan Devi,0,https://www.youtube.com/watch?v=2tbdP_O_65U
0459fe81-c827-5766-94e6-c0f7703e6507,f182c613-3495-5d39-a111-195882eaf44b,8,Koi Ummeed Bar Nahin Aati,"P.C. Barua, Menaka",0,https://www.youtube.com/watch?v=HdEHwMeKX2c
eb20bb4a-9b6d-5c38-95bb-0e1e0ed03047,f182c613-3495-5d39-a111-195882eaf44b,9,Hai Gila Jiska Wahi Ummeed Bar Aa Jayegi,Menaka,0,https://www.youtube.com/watch?v=jtr3EQS_v-Y
1634c44c-1f6d-56f5-a6c3-9d9f0aaeddfc,f182c613-3495-5d39-a111-195882eaf44b,10,Man Ko Mere Moh Liya Teri Ada Ne,Menaka,0,https://www.youtube.com/watch?v=ormjMdoNtkw
bdc7ffc7-60f3-51d7-bbb6-c69e7bf83050,f182c613-3495-5d39-a111-195882eaf44b,11,Mohe Kalpaye Gayo,Various artists,0,https://www.youtube.com/watch?v=K8SRNgt4cXo
4930002e-5f8f-5b93-85ad-aa736d03d51f,f182c613-3495-5d39-a111-195882eaf44b,12,Sharabi Soch Na Kar Matwale Dukhbhare Dukhwale,"Pankaj Mullick, Kalyani",0,https://www.youtube.com/watch?v=gAlgt5-nuKY
acf0211b-3b3c-561a-bb7f-12d7997d6da8,f182c613-3495-5d39-a111-195882eaf44b,13,Kaun Desh Hai Jaana Babu,Pankaj Mullick,0,https://www.youtube.com/watch?v=LyWjcdVUGd4
644248c1-81b8-5309-b704-10b69437c252,f182c613-3495-5d39-a111-195882eaf44b,14,Bhool Kare Pachhtaye Kaahe,Dhumi Khan,0,https://www.youtube.com/watch?v=zPc3pNSP4_c
c7436f4c-dd08-5a0b-b249-5cbb02d5b7ed,6705b85e-0177-5c15-920c-e213c27df972,1,Bhala Kyun Ban Ki Chidiya Si Main Ped Ped Ghoomti,"Madhav Kale, Noorjehan - I",0,https://www.youtube.com/watch?v=pN3uznFKOmY
69e55ffb-e745-5266-a7b0-d126b67c43d4,6705b85e-0177-5c15-920c-e213c27df972,2,Ped Ki Daali Pe Koyaliya Bole Kaali,"Rajkumari, Madhav Kale",0,https://www.youtube.com/watch?v=qZOZHitRF9E
d13deb66-59ec-59e8-9b45-74bc720d3c30,98dd38f3-16b4-5330-9668-2a6c78851df3,1,Nayi Naveli Chali Akeli Maalaniyan Albeli,"Sunita Devi, Mumtaz Ali",0,https://www.youtube.com/watch?v=GheV2w--QnM
fac1ac33-2bd9-56c8-b81b-914d4816a149,98dd38f3-16b4-5330-9668-2a6c78851df3,2,Ankhiyan Jhapi Mori Bisar Gayi Sudh,Saraswati Devi,0,https://www.youtube.com/watch?v=_155HFIMT5E
8a7d7fd9-b199-5e49-a4e4-f739196ba8f1,98dd38f3-16b4-5330-9668-2a6c78851df3,3,Nadi Kinare Khadi Sochti Kya,"Saraswati Devi, Ashok Kumar, Maya Devi",0,https://www.youtube.com/watch?v=Zk-G8IRwhfI
e13ceeb0-6814-5aa4-83bb-ceec952b4442,98dd38f3-16b4-5330-9668-2a6c78851df3,4,Tumhare Kaaran Bhai Viragan Sajan Mohan Aavo,"Vimala Devi, Ashok Kumar",0,https://www.youtube.com/watch?v=hlinjE5-RP8
313bb2be-e8ba-5380-9f0d-26833df0834e,98dd38f3-16b4-5330-9668-2a6c78851df3,6,Kya Aankhon Ki Laali Botal Ki Pari Be Aab Hui,"Sunita Devi, Mumtaz Ali",0,https://www.youtube.com/watch?v=wCvq7DFqclQ
0f6daf89-f863-588f-825d-5e4a5d767c2d,98dd38f3-16b4-5330-9668-2a6c78851df3,8,Tha Man Mein Ek Sansar Basa Ashaon Ka,Ashok Kumar,0,https://www.youtube.com/watch?v=xTI4PDSnrbg
4d300355-abdb-5446-b61f-44b8793574f5,98dd38f3-16b4-5330-9668-2a6c78851df3,9,Ankhiyan Jhapi Mori,"Saraswati Devi, Ashok Kumar",0,https://www.youtube.com/watch?v=-iSdDsrnGOI
292ef5e0-cba2-5ed6-975a-ad9955967802,2f20e3cd-5f63-54da-9807-82ea437955b4,5,Aayi Badariya Barsan Ko,Umrazia Begum,0,https://www.youtube.com/watch?v=CgevgSCE29s
f14e546c-cd3d-5fdf-bd53-645a98682698,2f20e3cd-5f63-54da-9807-82ea437955b4,8,Haay Ri Koyaliya Tu Kyon Bole Koo Koo,Umrazia Begum,0,https://www.youtube.com/watch?v=XD85kh34xOs
2aa710bc-5560-5544-a3b6-c2c81bfebd61,cbc08c51-8e5f-5a08-bc61-cd3724e5ec7b,3,Raja Ji Ke Baga Mein Doy Phool Khila Albela,"Vinayak, Sardar Bai",0,https://www.youtube.com/watch?v=52O0-MH4rv4
02af1101-ccb0-56a3-bb54-1447de3615aa,cbc08c51-8e5f-5a08-bc61-cd3724e5ec7b,7,Saajan Sun Sapne Ki Baat,"Vinayak, Rajkumari",0,https://www.youtube.com/watch?v=rMqHxJwezYA
26271d4f-2d28-537a-b945-7f06fbd623b5,4775b463-7e50-501e-9c6a-1a3b8bdec954,10,Surya Wahi Chandra Wahi Wahi Jag Hai,Ashok Kumar,0,https://www.youtube.com/watch?v=fIz2IOzAxlQ
f132ecbe-e13e-5ae9-bf0b-4c3782664efe,4775b463-7e50-501e-9c6a-1a3b8bdec954,11,Utho Utho Begi Utho Sajanwa Pyare Sakha,Devika Rani,0,https://www.youtube.com/watch?v=BpfHe4kVJUE
6f71dd15-0e8f-5d04-9e93-11b82e7cec6f,d163e102-278a-5b52-ba2b-90e8f9009019,1,Ek Raje Ka Beta Lekar Udne Wala Ghoda,Kundan Lal Saigal,0,https://www.youtube.com/watch?v=ef3XAOxU8rY
3f9477a2-5248-517b-bede-143ec5896151,d163e102-278a-5b52-ba2b-90e8f9009019,2,Rahegi Naa Badariya Chhai,Kundan Lal Saigal,0,https://www.youtube.com/watch?v=8n1h_Gunfrw
27de46f2-761c-5e3b-94ef-01d6856aaec2,d163e102-278a-5b52-ba2b-90e8f9009019,3,Ek Bangla Bane Nyara,Kundan Lal Saigal,5.0,https://www.youtube.com/watch?v=3N7Lk85PEQ8
f54ed183-08e5-5b6c-b49c-53e044093f7f,d163e102-278a-5b52-ba2b-90e8f9009019,4,Naa Koi Prem Ka Rog Lagaye,Kundan Lal Saigal,4.0,https://www.youtube.com/watch?v=kj_1E5xlwww
2d20f38b-99b7-5134-bd5a-736288075a5b,d163e102-278a-5b52-ba2b-90e8f9009019,5,Prem Ka Hai Is Jag Mein Panth Nirala,"Kundan Lal Saigal, Pahadi Saanyal",4.0,https://www.youtube.com/watch?v=9Ag2_mhDYU0
91e859ad-e000-5193-8ea8-bec4e0d68796,d163e102-278a-5b52-ba2b-90e8f9009019,7,Chandramukhi Ki Shaadi Mein Gagan Ne Deep Jalaye,Various artists,0,https://www.youtube.com/watch?v=WZuLh5pMFjo
f4a1aa44-969a-5a7e-84f4-f628cc2c7cd9,dfdc7718-27c8-53f4-9fc9-d0491ee45faf,1,Khuda Rakhe Aabad Jeevan Tumhara,Ahmed Dilawar,0,https://www.youtube.com/watch?v=dHZlBus6efc
1c5b3ee6-842b-54f9-be0b-09fbc12d4305,dfdc7718-27c8-53f4-9fc9-d0491ee45faf,2,Bhooli Hui Yaad Aayi Kahani Haye Mohabbat Haye Jawani,Ahmed Dilawar,0,https://www.youtube.com/watch?v=roHcRNsXVuQ
050900a9-ddd9-5f52-a8b3-c8f8161efa1a,dfdc7718-27c8-53f4-9fc9-d0491ee45faf,3,Prem Karat Ban Mein Jalat Tan Mein,Gulshan - II,0,https://www.youtube.com/watch?v=pkXSXyuX7RA
2a72ffe3-4dba-592a-b4be-041454bfc943,7b0e91a9-b700-5f96-85be-20a3ee789470,3,Koi Aa Kar Ye Samjhaye,Kalyani,0,https://www.youtube.com/watch?v=il9beXUjVNQ
40043802-2e51-5b19-aa4d-e7307197e5e1,7b0e91a9-b700-5f96-85be-20a3ee789470,5,Jaisi Karni Waisi Bharni,"Kantilal, Shahjehan - I",0,https://www.youtube.com/watch?v=-w99WrcW6Pg
1c28ccac-9efe-54e7-b0ec-3cfe4b11618c,7b0e91a9-b700-5f96-85be-20a3ee789470,7,Rani Aao Sunaoon Man Nagri Ki Tumko Ek Kahani,"Kantilal, Kalyani, E. Bilmoria",0,https://www.youtube.com/watch?v=hZfbIikUdFU
c9bb0ac7-d011-5aef-963c-a01c6d7c2489,7b0e91a9-b700-5f96-85be-20a3ee789470,9,Man Ki Baat Hai Sab Man Mein,"Ghori, Khatoon",0,https://www.youtube.com/watch?v=6e8T4nHo9ho
6384235e-4357-5ec2-82a6-1789ef2e93fd,8323c9c9-ceca-52bd-b30f-b4f2f81e5cfc,1,Madhu Ritu Aayi Phagan Ki Sakhi,Pahadi Sanyal,0,https://www.youtube.com/watch?v=U2-VzPJSyrA
7977e93b-c7f6-5500-b4dd-77a13e4040b9,8323c9c9-ceca-52bd-b30f-b4f2f81e5cfc,2,Darshan Huye Tihare Saajan Jaage Bhaag Hamare,Pahadi Sanyal,0,https://www.youtube.com/watch?v=AKtua8cm94w
a00a3d3d-dd6e-5509-942f-67f9bdd11b45,8323c9c9-ceca-52bd-b30f-b4f2f81e5cfc,3,Dekhatu Hain Ab Baat Piya Ki,"Kanan Devi, K.C. Dey",0,https://www.youtube.com/watch?v=cSHVbuZsMg4
6b5db52a-ec7b-5b0b-9ba2-9b066a50861d,8323c9c9-ceca-52bd-b30f-b4f2f81e5cfc,4,Gokul Se Gaye Girdhari,K.C. Dey,0,https://www.youtube.com/watch?v=_Asvo3e1fSE
cd42d354-3f3c-5aa8-b231-abdff1d51f10,8323c9c9-ceca-52bd-b30f-b4f2f81e5cfc,5,Hamri Nagariya Mein Aaye Baso Banwari,Kanan Devi,0,https://www.youtube.com/watch?v=sWOAQ8fgbEY
b32c39bc-12ba-5dd7-a26c-b90d2e750e67,8323c9c9-ceca-52bd-b30f-b4f2f81e5cfc,6,Ek Baans Ki Thi Patli Si Nali (Ek Din Radha Ne),Pahadi Sanyal,0,https://www.youtube.com/watch?v=D-VcHB0nFAc
4d9ca142-25af-54c1-b743-e257119076ed,8323c9c9-ceca-52bd-b30f-b4f2f81e5cfc,7,More Angana Mein Aaye Aali,Kanan Devi,4.0,https://www.youtube.com/watch?v=MmPiztejYRE
0295deda-14b7-5b83-a877-dcfa9c57588a,8323c9c9-ceca-52bd-b30f-b4f2f81e5cfc,8,Ambwa Ki Daali Daali Jhoom Rahi Hai Aali,"Kanan Devi, Dhumi Khan",4.0,https://www.youtube.com/watch?v=ey3yPlPy1BE
850306a8-6e67-5c36-8f7e-db67bad2c794,8323c9c9-ceca-52bd-b30f-b4f2f81e5cfc,9,Dole Hriday Ki Naiya Pag Dharat Darat Hai Khevaiya,Kanan Devi,4.0,https://www.youtube.com/watch?v=UMZQBrkW7D4
ca334aae-7124-5a28-99cd-c14e614fba3b,8323c9c9-ceca-52bd-b30f-b4f2f81e5cfc,10,Panghat Pe Kanhaiya Aata Hai (Hari Charan Mein Saphal Hot Sab Puja),K.C. Dey,0,https://www.youtube.com/watch?v=zkdfUkcbm2I
aae2165c-68e0-5e51-912a-6709eca39028,8323c9c9-ceca-52bd-b30f-b4f2f81e5cfc,11,Tan Ka Kar Le Band Kivada,K.C. Dey,0,https://www.youtube.com/watch?v=ePKBS5qJcCM
78319a1a-cc91-5dff-ab95-7d4e997e8d27,8323c9c9-ceca-52bd-b30f-b4f2f81e5cfc,12,Piya Milan Ko Jaat Hoon Saj Dhaj Sees Gundhaay,"K.C. Dey, Pahadi Sanyal, Kanan Devi",0,https://www.youtube.com/watch?v=LakCZtSBqSM
ad23e6be-e12d-5f32-a09c-af94456a126a,8323c9c9-ceca-52bd-b30f-b4f2f81e5cfc,13,Kaahe Der Karat Sajni Saajan Ko Nagariya Jana Hai,K.C. Dey,0,https://www.youtube.com/watch?v=ySlTRwH7A9c
770b3ab1-e709-526c-924a-11ea06644bfc,de07d19d-0b42-544e-b568-6ad5603b60bf,4,Mangal Jungle Mein Rahta Hai,Shanta Apte,0,https://www.youtube.com/watch?v=WaCLR41dL6Q
de3bdd0d-49cf-5617-bd7e-de0e7a100b94,de07d19d-0b42-544e-b568-6ad5603b60bf,5,Har Gali Mein Hain Bageeche,Shanta Apte,0,https://www.youtube.com/watch?v=UL4ohocWoSU
ec463790-3ff5-56e7-94d5-a625b05dd3fa,69ea99d4-5194-5f70-a0e7-62cd57ab3e4a,4,Sunaoon Kisko Man Ki Baat,Sarla Devi,0,https://www.youtube.com/watch?v=YF7NhNY1Ma8
966a043f-360e-56ce-8629-ba9a5338c112,69ea99d4-5194-5f70-a0e7-62cd57ab3e4a,5,Hamri Sudh Budh Kyon Bisrai,Sarla Devi,0,https://www.youtube.com/watch?v=X9A7quIa3Xs
29375ac5-8b16-5f64-b5fc-75ee556ec188,bec8d098-3003-5fea-bb95-24659bd64ba2,4,Sundar Hoon Sakhi Pag Pag Par Main,Bibbo,0,https://www.youtube.com/watch?v=Idvp_ElJSnE
9dff54d5-4b87-5f6c-a7bc-fcd879ff5a94,bec8d098-3003-5fea-bb95-24659bd64ba2,6,Mat Neer Baha Chup Ho Ja,Bibbo,0,https://www.youtube.com/watch?v=Kkl5tn9PHXY
b345ae20-7a41-5dfc-b62b-aa70b4003453,a0612d56-bc38-5d40-9665-4e90582f1e0d,3,Nainan Ke Aansuvan Se Birhan Aag Bujha Le Man Ki,Molina,0,https://www.youtube.com/watch?v=0Y_koKAfDDQ
842a0252-e6b9-5923-b65c-3974666e0a9d,a0612d56-bc38-5d40-9665-4e90582f1e0d,4,Kaun Hai Kiska Meet Moorakh,Akbar Khan Peshawari,0,https://www.youtube.com/watch?v=NugfpamZ7dA
23c2edc3-c473-5a18-bb41-24c788c06639,a0612d56-bc38-5d40-9665-4e90582f1e0d,5,Ik Nek Tabiyat Raja Tha,Molina,0,https://www.youtube.com/watch?v=3MzPmpJIPEI
cca639b8-f8e8-5776-82bb-80f74686e79b,a0612d56-bc38-5d40-9665-4e90582f1e0d,7,Tumse Maangne Mein Laaj Aaye,Kamala Jharia,0,https://www.youtube.com/watch?v=YGXr474xlG8
771ecaa0-fe18-51d6-b02e-784162690458,a0612d56-bc38-5d40-9665-4e90582f1e0d,10,Jal Bin Kaise Bujhegi Pyas,Vijay Kumar - VI,0,https://www.youtube.com/watch?v=sSpoAHs6EcM
1c87f4fc-361f-5b4b-a697-0b49a9f618e2,a0612d56-bc38-5d40-9665-4e90582f1e0d,11,Jigar Ke Ghav Ko Upar Ka Marham Kab Mitatha Hai,Kamala Jharia,0,https://www.youtube.com/watch?v=bcINzghEYgc
97030d43-a642-5afe-9aa0-fa12d3252d68,5659015c-0bb2-57e5-8d20-d9aff990be0a,2,Is Jeevan Ki Phulwari Mein Sada Magan Rehna,Pahari Sanyal,0,https://www.youtube.com/watch?v=nMlyP3EpH64
cfe473cf-cdef-5439-b5d5-d6095a6886ac,5659015c-0bb2-57e5-8d20-d9aff990be0a,3,Aish Walon Se Gareebon Ki Musibat Na Kaho,"Pankaj Mullick, Pratap Mukherjee, Pahari Sanyal",0,https://www.youtube.com/watch?v=YfPgAPw-kYw
8b51208f-e5c0-584d-bc53-42fe81a23b12,5659015c-0bb2-57e5-8d20-d9aff990be0a,4,Nirash Musafir Gaaye Ja,Pahari Sanyal,0,https://www.youtube.com/watch?v=Ro4Y5ZT-Ci0
76ade88c-93fb-5eb0-b667-138c16f7b0dc,b1532150-df45-563a-8fe0-7ac491e319c4,6,Prem Pujari Prem Pujaran,Prof. Ramanand,0,https://www.youtube.com/watch?v=KOtNp_U67JM
54c47894-1986-5cf9-a564-52bd2b8423d8,b1532150-df45-563a-8fe0-7ac491e319c4,8,Sawal Marne Jeene Ka Sawal,Prof. Ramanand,0,https://www.youtube.com/watch?v=uEPLMqGs5gU
ef81761e-3212-56c6-970b-4c49f55c4c5a,b1532150-df45-563a-8fe0-7ac491e319c4,10,Devdasi Haar Gaya Is Jeevan Se,Prof. Ramanand,0,https://www.youtube.com/watch?v=6elcYWSSydc
4013b115-06c3-5e20-ab9e-3ce77ef1d921,b1532150-df45-563a-8fe0-7ac491e319c4,11,Siddhraj Jaago Aaj,Prof. Ramanand,0,https://www.youtube.com/watch?v=ZvTYMMpQzIg
595e4c84-ff51-5447-b560-390d68810912,264297c7-9c27-5820-8373-e369548c234c,1,Basa Le Apne Man Mein Preet,Ashraf Khan,0,https://www.youtube.com/watch?v=NbIfdACF2FI
13e20553-9ad9-50a9-a315-5b74c18e6b49,264297c7-9c27-5820-8373-e369548c234c,7,Ro Ro Nain Gawaoon Sajanwa Aan Milo,Ashraf Khan,0,https://www.youtube.com/watch?v=igWB-k6_iVs
34e59275-7831-5e04-80c1-c190a4f8591e,f1a0434c-d74b-5beb-ac75-68bc1e64d4a7,5,Haay Tera Dil Le Ke Phir Aankhon Ka Churana,,0,https://www.youtube.com/watch?v=ImE-EjQtISs
b97477da-47aa-5692-8878-1daf78d6ea33,e9134d05-d602-588c-973d-93bb84924561,1,Man Moorakh Kyun Deewana Hai,Saroj Borkar,0,https://www.youtube.com/watch?v=FTpPc3WYv4Q
487793e7-1836-5053-b72e-758604398815,e9134d05-d602-588c-973d-93bb84924561,2,Nahin Dekh Behtar Sataana Kisi Ka,S.N. Tripathi,0,https://www.youtube.com/watch?v=RE-xfuQb31w
b8947ffa-7bd2-567b-bd99-1c47331da8ca,e9134d05-d602-588c-973d-93bb84924561,3,Aaj To Anand Bhaye,Renuka Devi,0,https://www.youtube.com/watch?v=bbuDqdTCTVg
ae98b9ac-cc0b-5f28-baae-ff54fedc270f,e9134d05-d602-588c-973d-93bb84924561,4,Nanhi Nanhi Boondiyaan Mehra Barse,Renuka Devi,0,https://www.youtube.com/watch?v=40TXpNmXlfY
2e949ac1-f978-5ec4-9656-941b83bbb648,e9134d05-d602-588c-973d-93bb84924561,5,Jhuki Aayi Re Badariya Sawan Ki,Renuka Devi,0,https://www.youtube.com/watch?v=FgIMY8FxcGQ
d24057a5-26d6-57fd-aafe-ad360e7aef33,e9134d05-d602-588c-973d-93bb84924561,6,Ban Titli Ban Titli Main Phool Phool Par Jaati,Meera,0,https://www.youtube.com/watch?v=kSLfKPrAt3A
dfe80731-694b-54da-b035-0a33b0f1869f,e9134d05-d602-588c-973d-93bb84924561,7,Phool Sajan Tum Mero Man Bhanwra,Renuka Devi,0,https://www.youtube.com/watch?v=p3Ow1CA1xpI
d49822dc-23ef-5901-acac-547928f57898,e9134d05-d602-588c-973d-93bb84924561,8,Phool Bagiya Mori Aana,Meera,0,https://www.youtube.com/watch?v=BPIk9HntQig
ac4a6dd6-afff-5985-9369-908c5b148f93,e9134d05-d602-588c-973d-93bb84924561,9,Matwali Koyaliya Bole Ku Ku Ku Ku,Meera,0,https://www.youtube.com/watch?v=oZJSmJFJLBc
431213dd-36b2-533e-8026-774e8b37094e,e9134d05-d602-588c-973d-93bb84924561,10,Ghar Aaye Saajan Laut Aaye,Renuka Devi,0,https://www.youtube.com/watch?v=HYporEbmBV0
a0713254-a097-5701-a7cb-08e74a64f17d,db9b34bd-d625-5af9-8559-c0bae07e541d,1,Hai Billi Ek Hamari Kaari Si Pyari Pyari,"Ishwar Lal, Sunita Devi",0,https://www.youtube.com/watch?v=PVUDofHBsOw
a045790e-8ccf-5642-9516-18c87151e4ee,db9b34bd-d625-5af9-8559-c0bae07e541d,2,More Aangan Mein More Aangan Mein,"Sunita Devi, Itar Bhurli",0,https://www.youtube.com/watch?v=Maj2Ev8Zle4
64dddc88-f8fd-5a86-9082-d733e07dfeca,db9b34bd-d625-5af9-8559-c0bae07e541d,4,Ya Ilahi Mit Na Jaye Dard-E-Dil,"Kantilal, Sunita Devi",0,https://www.youtube.com/watch?v=tl59OzyQg0s
03a7427c-a429-51dd-97f3-d517748c1147,db9b34bd-d625-5af9-8559-c0bae07e541d,5,Pa Li Maine Pa Li Yeh Gaadi Pon Pon Wali,"Kalyani, Kantilal",0,https://www.youtube.com/watch?v=DLELoMEbnlY
e65777f1-d6d1-574c-863e-139b94a3eebd,db9b34bd-d625-5af9-8559-c0bae07e541d,11,Aaj Mile Ban Mein Banwari,Ila Devi,0,https://www.youtube.com/watch?v=pEL6YN_jcuU
c87af301-d884-55a4-a589-25a12ff29b49,37f62a5c-5dce-5c44-97aa-a695b63d8f8b,2,Raat Din Dariya Mein Gote Lagana,,0,https://www.youtube.com/watch?v=WyUT8a4RuGg
b46edf21-5ed5-54f3-a6be-b5d2808767e7,37f62a5c-5dce-5c44-97aa-a695b63d8f8b,5,Jamuna Beech Kheloon Khel,Meenakshi,0,https://www.youtube.com/watch?v=83m0sF2u93c
e1073e68-87e5-5f99-895a-e3e5c53c6d81,37f62a5c-5dce-5c44-97aa-a695b63d8f8b,7,Sarangi Rasiya Mila Dena,"Meenakshi, Vinayak",0,https://www.youtube.com/watch?v=y-wHSYp4_t0
b14ce589-861a-58f2-8f5a-2fef03744e57,37f62a5c-5dce-5c44-97aa-a695b63d8f8b,8,Roop Ka Mela Laga,,0,https://www.youtube.com/watch?v=ZmCJRZ3YF1A
78503279-d825-5cf7-a73d-30102e907fe0,f680e795-794b-5173-9778-3262d108f3ad,1,Prem Dagariya Maha Agam Hai,Rajkumari,0,https://www.youtube.com/watch?v=GgzmsCewvVU
8c6a4cc4-f53c-5396-adb2-65baf05217f2,f680e795-794b-5173-9778-3262d108f3ad,6,Sukh Chain Ke Din Sab Beet Gaye,Rajkumari,0,https://www.youtube.com/watch?v=SWqYvGN_Mn4
0d722bfb-184e-507a-8d20-aeac92398d0f,229548ed-7456-58b1-8288-8b8d7620f67f,3,Aakhir Woh Din Aaya Aaj,Pankaj Mullick,0,https://www.youtube.com/watch?v=HIq_JTB9MfM
b01bc0a3-2d83-51ee-be1b-c7e29dedab16,229548ed-7456-58b1-8288-8b8d7620f67f,4,Duniya Rang Rangeeli Baba,"Pankaj Mullick, Uma Shashi, K.L. Saigal",5.0,https://www.youtube.com/watch?v=U-Ne5sFSv10
8532d95c-c495-5550-9871-eb7e608299a0,229548ed-7456-58b1-8288-8b8d7620f67f,5,Main Man Ki Baat Bataoon,"Uma Shashi, K.L. Saigal",4.0,https://www.youtube.com/watch?v=tAHCJkaJWm8
f2e9a19a-e399-5acb-bd54-f48e2b9f2904,229548ed-7456-58b1-8288-8b8d7620f67f,6,Kisne Yeh Sab Khel Rachaaya,K.L. Saigal,0,https://www.youtube.com/watch?v=LpgQm6UXEAo
df510d65-2d24-5884-ac39-88e9c395baeb,229548ed-7456-58b1-8288-8b8d7620f67f,8,Jaag Sajaniya Navyug Aaya Badal Gayi Sab Baat Purani,Uma Shashi,0,https://www.youtube.com/watch?v=4lOsFWNr888
3f47d039-da84-5893-9a91-61ccaf33d5e8,229548ed-7456-58b1-8288-8b8d7620f67f,9,Ab Main Kaah Karoon Kit Jaaoon,K.L. Saigal,0,https://www.youtube.com/watch?v=7scpGACYwm0
e4f3eb35-430f-54fe-8068-6df0dab60b1f,4c523bfe-526e-5c02-85a1-219b4368005c,1,Yauvan Mein Ritu Basant Aayi,Lalita Pawar,0,https://www.youtube.com/watch?v=O9ehsKO-bfc
fbd6bd99-0922-55a2-82f3-3107910a477b,4c523bfe-526e-5c02-85a1-219b4368005c,3,Sakhi Prem Sudha Bharne Aayi,Lalita Pawar,0,https://www.youtube.com/watch?v=RuvO_08-uiQ
1e3e70ad-7d73-529b-812c-776da4e53817,e987eb0c-2f47-5cfd-a70d-94eb69bd2ede,1,Mata Gau Hamari Pranon Se Tu Hai Pyari,"Shanta Hublikar, Various artists",0,https://www.youtube.com/watch?v=CgeEABIAaV8
61f9380e-8671-5c5c-a085-77032c778dee,e987eb0c-2f47-5cfd-a70d-94eb69bd2ede,2,Gujariya De Dadhidaan Bhar Bhar,Shanta Apte,0,https://www.youtube.com/watch?v=PJhh3TeBcBc
28b82dea-f597-54af-93eb-b72e37ea9008,e987eb0c-2f47-5cfd-a70d-94eb69bd2ede,3,Sar Sar Sarvat Pay Ki Dhaara,Shanta Apte,0,https://www.youtube.com/watch?v=VEE1MCbfavM
74440bba-c66e-55ed-976e-bf714ce2586f,e987eb0c-2f47-5cfd-a70d-94eb69bd2ede,4,Bachpan Ka Yaad Aaya Bhoola Hua Zamana,Shanta Apte,0,https://www.youtube.com/watch?v=K0TJnKyFCew
f379e8bd-a3cf-545e-bfbd-bdaa280478c9,e987eb0c-2f47-5cfd-a70d-94eb69bd2ede,5,Banwari Hai Aaya Gend Khelne Aaya,Parashram,0,https://www.youtube.com/watch?v=9T50xUBLLQ4
97331af2-a30e-59fb-be80-c9b2a5dcea6b,e987eb0c-2f47-5cfd-a70d-94eb69bd2ede,6,Nirdhan Ka Tu Hai Dhan Braj Ki Tu Hariyali,Ram Marathe,0,https://www.youtube.com/watch?v=OCxfe1R3-EQ
d457f236-072d-5332-9c8b-173003b1ab9c,e987eb0c-2f47-5cfd-a70d-94eb69bd2ede,7,Kanha Sabko Mohe Mangal Roop Tumhara,Shanta Apte,0,https://www.youtube.com/watch?v=MXyNrXvsQuA
bfd01d9f-6f2a-55b8-820b-6d396095bfb5,e987eb0c-2f47-5cfd-a70d-94eb69bd2ede,8,Graas Ye Preeti Ka Mod Se Kha Le,Shanta Apte,0,https://www.youtube.com/watch?v=d_Qq78Aa20U
5f677d6b-3509-5a85-a05d-57ef1cf10d3f,e987eb0c-2f47-5cfd-a70d-94eb69bd2ede,10,Gokul Ke Veer Japo Krishna Naam Ki Mala,Parashram,0,https://www.youtube.com/watch?v=X0o0m6K6JJE
59b8ea18-9242-5aa3-af03-8497c6110d9d,e987eb0c-2f47-5cfd-a70d-94eb69bd2ede,11,Ratnon Jaisi Gauven Shaan Sohti Ye Meri,Parashram,0,https://www.youtube.com/watch?v=MSO-xX9EZs8
fda4fb1c-afbe-5db3-845b-83da2771d8a2,e987eb0c-2f47-5cfd-a70d-94eb69bd2ede,12,Naachat Jhoomat Jayen Gokul Ko Gop Saare,"Shanta Apte, Ram Marathe, Parashram",0,https://www.youtube.com/watch?v=pfuHbqCX0fg
855e3617-6632-511f-9ee0-e59c23c3fd7f,e987eb0c-2f47-5cfd-a70d-94eb69bd2ede,13,Tu Meri Maiya Main Laal Tera,Ram Marathe,0,https://www.youtube.com/watch?v=HnGGjkta0Qw
b0935260-6600-5abf-b093-61e3e4a2f921,e987eb0c-2f47-5cfd-a70d-94eb69bd2ede,14,Modamayi Ye Kapila Gaay Sajaoon,Shanta Apte,0,https://www.youtube.com/watch?v=wjRM5kEWji0
1da04249-4941-5069-acee-8a5148c35bac,791f3bea-1dd3-5f8d-ac51-61d3fcf41d6f,9,Woh Din Gaye Hamare,"Kalyani, Rajkumari",0,https://www.youtube.com/watch?v=jlwU06hw9FU
a1ce867d-6c6a-5a03-a03e-37fcfe4b2db4,791f3bea-1dd3-5f8d-ac51-61d3fcf41d6f,12,Tum Ho Raja Mere Man Ke,Rajkumari (Calcutta),0,https://www.youtube.com/watch?v=gOfGWwguD98
5470669b-2e80-5b37-8c49-d6a196db0a3c,53708530-5bbb-5e3f-b8c8-02548eed4356,1,Woh Dil Ki Jisko Khuda Par Na Aitbaar Aaye,Surendra,0,https://www.youtube.com/watch?v=1lEUaiBD4sY
2e15d00a-ab79-577a-873c-cbf0932e9f15,53708530-5bbb-5e3f-b8c8-02548eed4356,2,Ek Chhota Sa Mandir Banayenge,Surendra,0,https://www.youtube.com/watch?v=FXv2jsPWVlk
906f1b02-aa1d-5e30-9ef5-41771859989e,53708530-5bbb-5e3f-b8c8-02548eed4356,3,Kaahe Akela Dolat Baadal Mohe Bhi Sang Le Ja,Surendra,0,https://www.youtube.com/watch?v=B2GUB7LWM8c
ef37ff7d-0d98-57fa-932c-1367c2fdf568,53708530-5bbb-5e3f-b8c8-02548eed4356,4,Bindraaban Mein Kabhi Na Aana,"Surendra, Bibbo",0,https://www.youtube.com/watch?v=pd3wAc6loxI
d1f1d9e2-9bed-5f3a-bdba-7c179765a145,53708530-5bbb-5e3f-b8c8-02548eed4356,8,Piya Ghar Naahi Akeli Mohe Dar Laage,Zohra Bai,0,https://www.youtube.com/watch?v=ZJ5X8s6_6zs
0aa8c2ef-d91c-589c-8ed2-548e3b787fa9,53708530-5bbb-5e3f-b8c8-02548eed4356,9,Main Tere Gale Ki Mala Tu Sagar Main Sarita,"Surendra, Bibbo",0,https://www.youtube.com/watch?v=XuOzEF6Zmrk
47c03dbb-31fb-5904-99e3-ab4008eb525f,53708530-5bbb-5e3f-b8c8-02548eed4356,12,Mujhko Meri Khabar Suna Jaate Main Kahan Hoon Mujhe Bata Jaate,Surendra,0,https://www.youtube.com/watch?v=lPHAwV1BfHA
e7aceeba-324c-576d-8881-3dd31fa8aa12,53708530-5bbb-5e3f-b8c8-02548eed4356,13,Jag Mein Ram Naam Hi Sahara,Surendra,0,https://www.youtube.com/watch?v=dTJK3g2nUF8
cfed7c4e-2203-5447-a153-2534401f08f5,7e418bc5-e998-5def-8f0e-abc756a6aa67,4,Hamen Preet Kisi Se Nahin Karni,"Harish - II, Maya",0,https://www.youtube.com/watch?v=WG6q7q43XG4
a087e450-8b5f-572d-9153-1af82d36b14d,7e418bc5-e998-5def-8f0e-abc756a6aa67,8,Aaya Tha Main Prem Mandir Mein,Harish - II,0,https://www.youtube.com/watch?v=P-j8qbexTlM
06bb3c14-ad4c-5708-bf9d-9b12106dc37a,e47349e3-c922-521f-bc3e-d8dde6ce2203,2,Maya Ka Saara Kaam Hai,Sheela,0,https://www.youtube.com/watch?v=8HkGYQ9GoFk
75c3058f-2698-5cd5-9b54-cb30190cfdb6,e47349e3-c922-521f-bc3e-d8dde6ce2203,3,Yeh Maya Aani Jaani Hai,Sheela,0,https://www.youtube.com/watch?v=U6ZqDcyaa-g
36752a07-e237-5b59-99b1-50cffb47cb4e,e47349e3-c922-521f-bc3e-d8dde6ce2203,4,Allawale Allawale Teri Nagri Mein Bolta Hai Kaun,,0,https://www.youtube.com/watch?v=WWgwv6a-3Wk
6f72fdd5-7d56-5359-bc1e-872a1db827d8,e47349e3-c922-521f-bc3e-d8dde6ce2203,5,Bhala Kare Bhagwan Tihara,Sheela,0,https://www.youtube.com/watch?v=HTYmkKqfVXc
c826f036-968d-5960-abd8-5dcc4f7f41ea,e47349e3-c922-521f-bc3e-d8dde6ce2203,7,Kaahe Ko Byahi Bides Re Sun Babul Mora,Eruch Tarapore,0,https://www.youtube.com/watch?v=bGh4JQqRGRQ
f616151a-c489-5731-8efd-87bd81808fee,e47349e3-c922-521f-bc3e-d8dde6ce2203,10,Preet Ka Dukh Hai Apaar,Sheela,0,https://www.youtube.com/watch?v=Y9VHseg1E7c
49858e46-9c4c-5b0a-991c-2ee1cf924cef,e47349e3-c922-521f-bc3e-d8dde6ce2203,11,Kaaya Ret Gharonda Hai,Khan Mastana,0,https://www.youtube.com/watch?v=T1Jn-G0p41c
554ed530-af6f-5249-a31d-7d38a335e3fd,48c92eb1-862a-5373-91cd-07c8b6f5f06e,1,Jaage Aaj More Bhaag,Ratnaprabha,0,https://www.youtube.com/watch?v=s5oSugPl9Js
61fb2dce-d603-5cca-b03a-0a52b894ad1a,b97889e2-734d-5a30-8352-b4bce949ea70,2,Bijli Si Bijli Si Chamke Ho Meri Chandramukhi,Surendra,0,https://www.youtube.com/watch?v=PC851a3i9_E
db602d7d-f300-5d30-bb81-7c2214108c6f,b97889e2-734d-5a30-8352-b4bce949ea70,3,Kaliyan Raseeli Saiyan Bhanwra Ganwaar Hai,"Bibbo, Surendra",0,https://www.youtube.com/watch?v=4s71MR5nnNg
3b42df89-c478-5d0d-a77a-41af6dee1f93,b97889e2-734d-5a30-8352-b4bce949ea70,4,Ja Ri Sakhi Saajan Se Keh De,"Surendra, Maya Banerji",0,https://www.youtube.com/watch?v=-0FNppVCDYo
664740a8-9811-5b47-a3ad-cfa405619eb3,b97889e2-734d-5a30-8352-b4bce949ea70,5,O Jadugar Matwale,"Bibbo, Surendra",0,https://www.youtube.com/watch?v=cePQIBxLlbI
8f76e2a7-7cd0-50f2-b903-4319dacdb505,196ff187-0763-5a44-a787-beea394ff972,1,Jagat Hai Sapna Koi Na Apna,"Master Mohammed, Sarita Devi",0,https://www.youtube.com/watch?v=J5GocqJBx_0
296e17d6-670e-5a2c-8dd0-53fc9dc8c920,196ff187-0763-5a44-a787-beea394ff972,6,Jug Jug Chamke Hind Ka Tara,Sarita Devi,0,https://www.youtube.com/watch?v=YuMUb9dnTfQ
a253fb0e-e98d-59bb-bfc1-2e5158267b32,f01cab69-6f88-514f-8c1a-7731ce7a0664,1,Phoolan Ki Mala Apne Devta Ko Pehnaoongi Main,Naseem,0,https://www.youtube.com/watch?v=UKQQzMi-Sgs
3af907e0-7157-590d-b445-61425ff61904,f01cab69-6f88-514f-8c1a-7731ce7a0664,8,Sakhi Man Ki Baat Tohe Kahoon,Naseem,0,https://www.youtube.com/watch?v=d7vVJesVH4o
9c6af643-2907-54ed-8559-5281b3e27576,df22fe10-3049-56c8-a1ce-874ee01b0ea4,2,Hey Bhanwre Tu Na Sata,Shanta Hublikar,0,https://www.youtube.com/watch?v=KHi47BYdCG8
374fe2e9-d51d-58bc-b2ee-14476601bd0a,df22fe10-3049-56c8-a1ce-874ee01b0ea4,3,Kaisa Jaadu Dala Tune Janejaan,Shanta Hublikar,0,https://www.youtube.com/watch?v=vH_ICmV-zpM
15cbc5dd-aa89-5518-86bd-83038b378af7,df22fe10-3049-56c8-a1ce-874ee01b0ea4,4,Sooraj Aaye Chadhe Aakash,Shanta Hublikar,0,https://www.youtube.com/watch?v=hJs-F1aWuuE
f585581f-7546-50c5-be0f-b0bc86fd7fbd,df22fe10-3049-56c8-a1ce-874ee01b0ea4,5,Dekhoon Kab Tak Baat Piyarwa,Shanta Hublikar,0,https://www.youtube.com/watch?v=wi8ybn_APwg
3c3cbdbc-4dff-5315-956a-0ab8a88f95b5,b2bd6938-425e-51eb-908d-3fea49a30426,10,Baalam Pyare Tore Bina Ab Naahi Aave Chain,Aashiq Hussain,0,https://www.youtube.com/watch?v=mIPFjeGNwzo
bbec708c-b59a-5211-abd6-51c711e40bb4,1f0bac1a-858e-5b73-8470-e6227563387c,7,Chalta Rahe Sagar Bhi Bharta Rahe Paimana,Ashok Kumar,0,https://www.youtube.com/watch?v=BFdbih7WdJQ
fa4898c4-73ce-5eb2-a9af-72261ad309e9,1f0bac1a-858e-5b73-8470-e6227563387c,8,Bolo Sajni Bolo Chanda Ko Dekh Kyon,"Devika Rani, Ashok Kumar",0,https://www.youtube.com/watch?v=J26ISgaNRC4
d552f1eb-9bfa-5645-bc60-be2971eea705,1f0bac1a-858e-5b73-8470-e6227563387c,9,Tum Aur Main Aur Munna Pyara,"Devika Rani, Ashok Kumar",0,https://www.youtube.com/watch?v=ufLNlyWMAas
414eeef7-6a98-5bfc-bd50-3704aacd4b1b,1f0bac1a-858e-5b73-8470-e6227563387c,10,Janm Liya To Jee Le Bande,Balwant Singh,0,https://www.youtube.com/watch?v=sE8mJUqPeb4
fc2feeac-ee36-5dd5-a792-c713179c06db,1f0bac1a-858e-5b73-8470-e6227563387c,11,Dukh Sukh Ka Hai Nit Ka Naata,"Meera, Devika Rani, Arun Kumar",0,https://www.youtube.com/watch?v=ewFjbWx5SzA
c5087c19-dcc1-5786-8b70-8973dccd171e,1f0bac1a-858e-5b73-8470-e6227563387c,13,Jab Ma Ke Aanchal Se Munna Mukhda Chamkata,Devika Rani,0,https://www.youtube.com/watch?v=_ihJAfJ6lmo
3bead72b-6f72-5448-a30e-2b763563ba0f,238f17e0-f257-5cbf-b92d-8f4317e3cc38,1,Jhanan Jhanan Mori Baaje Payaliya,Sardar Akhtar,0,https://www.youtube.com/watch?v=TpPwkhSBZvc
85c89129-fb9e-5b11-adb4-3f6ef09df081,238f17e0-f257-5cbf-b92d-8f4317e3cc38,7,Jeevan Bhar Nahin Chhodenge Hum Ik Dooje Ka Sath,"Sardar Akhtar, Ranjit - I",0,https://www.youtube.com/watch?v=OftcnJyWSHo
0bc5283d-e544-5ed2-89dd-87ded0ca9b73,238f17e0-f257-5cbf-b92d-8f4317e3cc38,9,Dekho Ri Na Maane Shyam,Sardar Akhtar,0,https://www.youtube.com/watch?v=TlVv7sjcZgk
f0a05d2d-6f85-53ac-b621-fb73e447fa97,238f17e0-f257-5cbf-b92d-8f4317e3cc38,10,Mukh Mor Mor Muskat Jaat,Sardar Akhtar,0,https://www.youtube.com/watch?v=mn9MxFDSJqQ
6467cf33-673f-5882-9cb8-9ca641042671,80b07668-d9cc-549e-800a-2e9c18637db0,10,Badli Ot Chhip Chhip Jaye,Sitara,0,https://www.youtube.com/watch?v=H9IjynQTtcQ
c2585604-181b-5ac1-83cb-427dba979448,f02d9249-c879-5bce-824e-fd78787bca99,2,Ae Ri Sajni Rain Beeti Jaye,Wahidan Bai,0,https://www.youtube.com/watch?v=vteK7wTnEUI
b8554ef3-fac5-540e-be4b-2492a231dffd,3ab36852-50b1-5d7f-a501-aed3691ddc3e,2,Lo Kha Lo Madam Khaana,"Khemchand Prakash, Miss Rekha",3.0,https://www.youtube.com/watch?v=DQj-zAViRio
4c15253d-dd62-5bf1-8602-bbdd5180fc59,3ab36852-50b1-5d7f-a501-aed3691ddc3e,4,Ghunghurwa Baaje Chhananana Chhun,Kanan Devi,4.0,https://www.youtube.com/watch?v=3W_cuXc7hzM
0c037be5-df03-5c6e-8540-2eff6bfed5cf,3ab36852-50b1-5d7f-a501-aed3691ddc3e,5,Sukoon Dil Ka Mayassar Gulo Samar Mein Nahin,"Kanan Devi, K.L. Saigal",3.0,https://www.youtube.com/watch?v=hKyChE-yp0I
d73da0cf-1bf6-59dc-8cf2-286b02397c31,3ab36852-50b1-5d7f-a501-aed3691ddc3e,6,Rut Hai Suhani Mast Hawayen,Kanan Devi,3.0,https://www.youtube.com/watch?v=5NMj6IGex1Q
8132c4be-6e11-552e-be5e-545849177e5f,3ab36852-50b1-5d7f-a501-aed3691ddc3e,7,Preetam Se Preet Nibhaoongi Woh To Hain Mere Man Mein Samaye,Kanan Devi,0,https://www.youtube.com/watch?v=T1OjQapQefY
92fd51fc-b5e5-51bb-9bb0-2aa424fe31b4,3ab36852-50b1-5d7f-a501-aed3691ddc3e,8,Lachhmi Moorat Daras Dikhaye,Kanan Devi,4.0,https://www.youtube.com/watch?v=J2ZMef8wHHs
3057e985-87c5-52c8-8b66-91a749f2b408,3ab36852-50b1-5d7f-a501-aed3691ddc3e,10,Saanwariya Prem Ki Bansi Sunaye,Kanan Devi,0,https://www.youtube.com/watch?v=I6Y3rGEYIxs
622614b7-305f-5ccb-b43a-83ae9b697764,3ab36852-50b1-5d7f-a501-aed3691ddc3e,11,Jeevan Been Madhur Naa Baaje,K.L. Saigal,4.0,https://www.youtube.com/watch?v=PzqVar_jYKY
57665512-02a8-514a-a96a-a557c7a3ee40,3ab36852-50b1-5d7f-a501-aed3691ddc3e,12,Pyara Phool Aankhon Ka Taara,Various artists,0,https://www.youtube.com/watch?v=gOUzcFHTDBw
c7db745d-d45d-5039-9822-44b0be6c637e,3ab36852-50b1-5d7f-a501-aed3691ddc3e,13,Babul Mora Naihar Chhooto Hi Jaye,K.L. Saigal,5.0,https://www.youtube.com/watch?v=sRUFEm1CHXY
17ff9c94-dd82-5d98-a091-d8e04728ffc8,ddba25e8-748c-5cb2-8550-c4bba252a8cf,3,Ab Sakhi Rain Gayi Andhiyari,"Sheela, Khan Mastana",0,https://www.youtube.com/watch?v=kxco9tGwiIU
fe87e366-a9c3-5677-a26d-16d8bf7d8e0a,ddba25e8-748c-5cb2-8550-c4bba252a8cf,9,Woh Aayen Na Aayen Yahan Sajni Ghar Humko Aaj Sajaana Hai,Sheela,0,https://www.youtube.com/watch?v=8mMaTJQn184
9380d81d-b747-50ca-be13-c32858722e01,ea4c1985-0e41-5c3f-b5eb-deb4dc99ecb2,1,Kyun Tune Ki Naadaani,Wahidan,0,https://www.youtube.com/watch?v=p97yQUYQwok
38e87fe9-64a7-5ea9-a9c9-e7d4892fd4bf,ea4c1985-0e41-5c3f-b5eb-deb4dc99ecb2,2,Naahi Naahi Kholoon Ghoonghat Pat Saiyan,Wahidan,0,https://www.youtube.com/watch?v=WBL_Ebh-ib4
8d56b160-2733-5c20-9440-e3671daf6ae5,5804c0b3-b7ad-5f00-bd0f-00b2f515c2ba,1,Naval Naveli Naari Hum Kwanri Baari,"Devika Rani, Meera, Lalita, Vimala",0,https://www.youtube.com/watch?v=46WXEldV284
8d96aa5f-c1cb-5e30-a782-aed88fe00afe,5804c0b3-b7ad-5f00-bd0f-00b2f515c2ba,2,Hum Pinjre Ki Maina Maina,Meera,0,https://www.youtube.com/watch?v=bK4ifmFJZzg
33adf4e1-6162-5ccb-8c3f-7cd71abf4290,5804c0b3-b7ad-5f00-bd0f-00b2f515c2ba,4,Ban Ki Yeh Chidiya Bani Ab Pinjre Ki Maina,"Meera, Devika Rani",0,https://www.youtube.com/watch?v=KTeLwUVgkUU
c32302aa-9048-5100-aa09-2b2bfaf8b86b,5804c0b3-b7ad-5f00-bd0f-00b2f515c2ba,9,Phoolo Tum Aaj Khushi Se Phoolo,Ashok Kumar,0,https://www.youtube.com/watch?v=sAAycm9bMuI
55fa74ae-316c-583f-9a17-af288a2dc3ff,8f6283f6-8ad4-50ce-a09a-4335e8f5b01c,3,Roop Anoop Wahi Hai Sajni Jo Priyatam Ko Bhaave,Naseem Bano,0,https://www.youtube.com/watch?v=Cnhh1OPwHeQ
e03a05d4-46b3-5651-85af-2195df4d5ad5,8f6283f6-8ad4-50ce-a09a-4335e8f5b01c,6,Dukh Ki Kaari Kaari Badariya Chahun Or Jab Chha Jaye,S. Motimian,0,https://www.youtube.com/watch?v=iD_70yvoO2A
b62db50d-a300-59d1-bb10-7f1b98caa9b3,c4091597-b337-5a51-b7a8-3e3ffafde0ba,7,Hum Dil Mein Soz-E-Ishq Ko Pinha Kiye Hue,Sitara,0,https://www.youtube.com/watch?v=t-d0TXEkWPc
fb57c636-a3d3-5aa7-83fb-3999c563e866,c4091597-b337-5a51-b7a8-3e3ffafde0ba,8,Kyon Humne Diya Dil Tha Kiska Ishara,Sitara,0,https://www.youtube.com/watch?v=4ifTs5__Bms
dc34dd45-e9df-5305-add9-6b483e47103b,712a8348-c9a6-5dcd-bec1-51ab4c9daa2c,8,Ae Dard Zara Dum Le Karwat To Badalne De,Amirjaan,0,https://www.youtube.com/watch?v=x-8Uy-O5Wpg
de491b98-1f92-5b39-9195-d29913d25257,712a8348-c9a6-5dcd-bec1-51ab4c9daa2c,11,Is Paap Ki Duniya Se Ab Aur Kahin Le Chal,Amirjaan,3.0,https://www.youtube.com/watch?v=0UdmfOpLj9I
d01c87de-ece8-5eb0-8594-cc864cbc6a5a,0778794f-81d2-5641-ba9c-2307998ee7f2,1,Taarar Naav Naav,Ram Marathe,0,https://www.youtube.com/watch?v=a1GCCixygTo
834999ea-9e96-5c53-97bf-5b95e0998a0a,0778794f-81d2-5641-ba9c-2307998ee7f2,2,Ab Kis Liye Kal Ki Baat,Shanta Hublikar,0,https://www.youtube.com/watch?v=pemvEpPtUI8
79a82fda-63d5-5da3-9c34-7e1ecbcce1de,0778794f-81d2-5641-ba9c-2307998ee7f2,3,Jaag Jaag Jaag Jaag Meethi Neend Se Zara,"Sundarabai, Shahu Modak",4.0,https://www.youtube.com/watch?v=fsXiXEhOTcI
5bfe6a3c-e2ae-54f8-91d3-374d8e5294b2,0778794f-81d2-5641-ba9c-2307998ee7f2,5,Premi Premnagar Mein Jayen,"Shanta Hublikar, Shahu Modak",0,https://www.youtube.com/watch?v=OB70NZIkJTE
dabe24e8-4043-5cd8-a7b0-8a5c6c9565ab,0778794f-81d2-5641-ba9c-2307998ee7f2,7,Main Jaan Gayi Pehchan Gayi,Manju,0,https://www.youtube.com/watch?v=F2Frsc9olDk
dd9ea2d9-d4fd-51ea-9803-13fe7dbd6019,0778794f-81d2-5641-ba9c-2307998ee7f2,9,Man Paapi Bhoola Kaun Ise Samjhaye,"Sundarabai, Shahu Modak, Shanta Hublikar",0,https://www.youtube.com/watch?v=53dY_wEKDAk
7995cbcc-36ff-59c2-bed8-e81a4f20b974,e9585e04-aca5-5977-a48a-330dea5fcd6d,4,Gauven Chara Ke Baanke Bihari,"Khursheed, Gyan Dutt",0,https://www.youtube.com/watch?v=KqCkoBvHjnI
b907eb7c-a582-5cc9-a393-42629777f8e5,e9585e04-aca5-5977-a48a-330dea5fcd6d,5,Bhanwra Rasiya Re Man Basiya,Khursheed,0,https://www.youtube.com/watch?v=bQJoS46DWyw
2dc9735c-b769-57f7-b33c-b97aaba7a24f,e9585e04-aca5-5977-a48a-330dea5fcd6d,6,Aaj Mere Ghar Mehman Aaye,Khursheed,0,https://www.youtube.com/watch?v=sZzcNX7sztw
893fa56f-6c27-5a1f-93a5-e751458147ec,ab392f6c-8ddc-5e10-a258-29ffd82039c0,11,Soja Lalna Soja,Meera,0,https://www.youtube.com/watch?v=3q9LT0RVJOg
cb0542a8-f864-586d-808c-88a9a5aeb5f4,ab392f6c-8ddc-5e10-a258-29ffd82039c0,12,Maiya Soona Mandir Tera,Durga Khote,0,https://www.youtube.com/watch?v=rHZEN4JIlBg
8551ce6f-3d16-59de-8d81-366bb5ce67c8,93bfdc8f-669f-5da7-9162-d6dac7d13797,2,Aao Jhoola Jhoolen Kanha,,0,https://www.youtube.com/watch?v=nVwgu9B2-gU
cd7798dd-7f4c-54e4-89fe-6891d6755faa,93bfdc8f-669f-5da7-9162-d6dac7d13797,4,Jhanda Ooncha Rahe Hamara Janani Janmbhoomi Ka Pyara,,0,https://www.youtube.com/watch?v=dC3kYZgFVCY
658dd82d-516a-5b75-8587-98fc38b8c878,93bfdc8f-669f-5da7-9162-d6dac7d13797,7,Mohe Bachpan Dila De Udhaar,,0,https://www.youtube.com/watch?v=2dauS5v_8I8
009f37aa-f348-5b1c-931b-14d5dc49244c,93bfdc8f-669f-5da7-9162-d6dac7d13797,8,Koi Le Lo Le Lo Main Meetha Doodh Laai,Rajkumari,0,https://www.youtube.com/watch?v=E3AgmIf1jJo
91c87982-6503-53b6-bf5c-81ab3adce67c,93bfdc8f-669f-5da7-9162-d6dac7d13797,11,Bhari Hai Aag Matwale,,0,https://www.youtube.com/watch?v=bfG---sxr5I
26078257-96e6-54d7-b706-ef38bc04e266,93bfdc8f-669f-5da7-9162-d6dac7d13797,12,Mora Botal Wala Baalma,,0,https://www.youtube.com/watch?v=7QPuJvaE6BA
7c99f69b-f2f1-5f9c-82c7-7cb76a79e29b,2adc7a12-7adf-5784-b335-18e1d99f2efa,1,Woh Chamak Chamak Kar Taare,"Various artists, Maya Banerjee",0,https://www.youtube.com/watch?v=fogGNdF8_9k
413640fa-c74b-53b4-804a-4a9f39d02410,2adc7a12-7adf-5784-b335-18e1d99f2efa,4,Madhur Milan Ka Chitra Banayen,"Maya Banerjee, Surendra",0,https://www.youtube.com/watch?v=HDNs32OlDqU
d1195e8b-c32b-5ab6-8a99-62d1b26df7b4,2adc7a12-7adf-5784-b335-18e1d99f2efa,5,Hamen Hua Hai Desh Nikaala,Surendra,0,https://www.youtube.com/watch?v=rPxiuHjqrdc
04d5f5f1-968a-54b0-a8ad-eda2b38c8ae8,2adc7a12-7adf-5784-b335-18e1d99f2efa,8,Aan Base Pardes Sajanwa,"Jyoti, Surendra",0,https://www.youtube.com/watch?v=giGW4trrVeM
34927580-2e01-51ec-ad5e-81690e250ade,a6a30f2f-cd34-5c62-ab5e-ca4bbfc300dd,1,Tum Naachoge Haan Hum Gayenge,Devika Rani,0,https://www.youtube.com/watch?v=aIJ0zBLHlV8
7aff4858-e457-5758-949c-b464c3a2cd35,a6a30f2f-cd34-5c62-ab5e-ca4bbfc300dd,2,Naa Koi Baap Na Poot Kisi Ka,Balwant Singh,0,https://www.youtube.com/watch?v=IWNPBl1l2W8
cd6dec76-6e68-561e-b68a-a797733c89fa,a6a30f2f-cd34-5c62-ab5e-ca4bbfc300dd,3,Nadi Paar Hai Aam Ki Bagiya,Devika Rani,0,https://www.youtube.com/watch?v=d4LwwKOTX3o
dbf314de-5579-5cc9-b04e-d7e28efc63a2,a6a30f2f-cd34-5c62-ab5e-ca4bbfc300dd,4,Daata Mera Baaniyan,Balwant Singh,0,https://www.youtube.com/watch?v=IHliFYqw5FM
6a3789a7-132d-518a-acb9-fabe7f7f3870,a6a30f2f-cd34-5c62-ab5e-ca4bbfc300dd,5,Are Karzdaaro Na Gaflat Mein Rahna,Balwant Singh,0,https://www.youtube.com/watch?v=7xKsi8d28pk
bcd2a694-008c-585b-abf0-143c0655f415,a6a30f2f-cd34-5c62-ab5e-ca4bbfc300dd,6,Baalapan Ke Mere Saathi,Devika Rani,0,https://www.youtube.com/watch?v=OCnS3nWvKsQ
c9a05ecc-95d3-58bf-b8a4-0f671b0a7513,a6a30f2f-cd34-5c62-ab5e-ca4bbfc300dd,7,Ab Jaago Radha Rani,Balwant Singh,0,https://www.youtube.com/watch?v=8cUHNTMspy4
5e452972-8e47-5594-83ff-00ce77df1346,a6a30f2f-cd34-5c62-ab5e-ca4bbfc300dd,8,Shankar Arpan Mala Poi,"Devika Rani, Rama Shukul",0,https://www.youtube.com/watch?v=i9QGX_Ee2RA
a1e64ba0-15b6-587e-aadd-d6fa81d82379,a6a30f2f-cd34-5c62-ab5e-ca4bbfc300dd,9,Kaun Bairi Hai Kaun Hai Meet,Balwant Singh,0,https://www.youtube.com/watch?v=vYkSN00eG9E
9bc6356c-8a79-5064-8ab7-e4b5b7d76f4f,a6a30f2f-cd34-5c62-ab5e-ca4bbfc300dd,10,Nanhi Bitiya Byah Rachaye,Devika Rani,0,https://www.youtube.com/watch?v=7zAucHtPcXI
7e0bec1e-88c2-5fcc-a3dc-e7fccd3730b5,2d10449e-a13f-5b31-9c05-c9639d5c5fd9,1,Hazar Shukr Ki Dekhenge Ab Bahaar Ke Din (Sitam The Zulm The),K.L. Saigal,0,https://www.youtube.com/watch?v=18sWF1mh3JQ
ab5bb3b5-c3a2-57fd-88de-cf5eb10d3648,2d10449e-a13f-5b31-9c05-c9639d5c5fd9,2,Karoon Kya Aas Niraas Bhayi,K.L. Saigal,4.0,https://www.youtube.com/watch?v=3hVmlG3yd38
d6524192-1703-51a1-a6cc-3633c4c4f63b,2d10449e-a13f-5b31-9c05-c9639d5c5fd9,3,Preet Mein Hai Jeevan,K.L. Saigal,0,https://www.youtube.com/watch?v=-ehDoTykJFQ
d5d557b0-f442-5cc5-8438-b55cdbf72125,2d10449e-a13f-5b31-9c05-c9639d5c5fd9,4,Pyari Pyari Sooraton Moh Bhari Mooraton,K.L. Saigal,0,https://www.youtube.com/watch?v=hsQVHYYhp6w
a703bae8-9bcd-5c1e-9aa8-5bbff09d0b4a,0201614e-158c-51c2-add1-19e48f4d34c6,3,Bhai Hum Pardesi Log Hamen Kaun Jane,Anil Biswas,0,https://www.youtube.com/watch?v=T0bUcAp_FqU
c45c958c-3a01-57be-869f-5a3935ae0f68,0201614e-158c-51c2-add1-19e48f4d34c6,4,Dil Ki Kathni Piya Na Jane,Jyoti,0,https://www.youtube.com/watch?v=p1zPH7TEAec
c922adfe-775b-5826-b504-6b0de013d2d5,0201614e-158c-51c2-add1-19e48f4d34c6,5,Mori Kadar Na Karat Kanhai,Jyoti,0,https://www.youtube.com/watch?v=XNTO4-VAwd8
f51cb63c-8598-5878-bdb1-1b51eb0b21b0,0201614e-158c-51c2-add1-19e48f4d34c6,8,Chhalke Ras Ki Gagariya Saari,"Wahidan Bai, Anil Biswas",0,https://www.youtube.com/watch?v=byl0Y7dPKec
8a6e7427-2277-5c28-8266-9c27824ef5ac,0201614e-158c-51c2-add1-19e48f4d34c6,10,Tu Dekh Zara Dil Ka Darpan (Jise Kahta Hai Tu),Anil Biswas,0,https://www.youtube.com/watch?v=wumNk-VaAb0
07ee63c7-1843-5608-8a73-e5ded1a5e5bf,eecbcdab-9adc-5acf-a3c1-5e983dad9ea5,11,Tujhe Bibbo Kahoon Ki Sulochana,"Mirza Musharraf, Kamla Karnataki",0,https://www.youtube.com/watch?v=z3wSqdXRIYw
b59d5ac8-2ff8-5696-b7ff-805a21a13955,137969d9-e64c-569c-b5cb-7f91b3693ba3,1,Allaho Baaki Kulle Fani,Miss Kalyani,0,https://www.youtube.com/watch?v=AfcrFuyjPJA
f423c7bd-5062-5556-b599-1f08a6b9c8f4,137969d9-e64c-569c-b5cb-7f91b3693ba3,4,Mujhko Gham-E-Tanhai Har Ranj Gawara Hai,Ratan Bai,0,https://www.youtube.com/watch?v=X7GCfFEEPe0
7f642f48-73af-5105-a0ab-21d24d0e1a78,137969d9-e64c-569c-b5cb-7f91b3693ba3,6,Saqi Ki Aankhen Kehti Hain Piye Ja Piye Ja Piye Ja,Ratan Bai,0,https://www.youtube.com/watch?v=KbEltAAdsww
ee95f132-7bf3-5b93-ab6c-73af50032b65,137969d9-e64c-569c-b5cb-7f91b3693ba3,8,Kabhi Nekhi Bhi Uske Jee Mein Gar Aa Jaye,Miss Kalyani,0,https://www.youtube.com/watch?v=mjSvMk7SLUU
33b38e8f-c519-50ce-9421-c78d69e9e8e7,dc73da11-6060-5057-a818-5bc82f264c7a,1,Jawani Sabko Dhokha De,Najmal Hussain,0,https://www.youtube.com/watch?v=QRqHUdV4QFE
49d6cd62-5a22-5176-b7bf-31a04b3aafa8,dc73da11-6060-5057-a818-5bc82f264c7a,2,Kaun Man Lubhaya Kaise Man Mein Aaya,Kanan Devi,0,https://www.youtube.com/watch?v=s7cBV1MIq0w
2d2b5ac6-bddd-5fc8-ae5f-b70d44ffacf0,dc73da11-6060-5057-a818-5bc82f264c7a,3,Ban Mein Bhi Jo Mahke Phool,Kanan Devi,0,https://www.youtube.com/watch?v=kaKHPp9oesk
5ba356bc-e3cc-51fb-953d-63b3bca65e2c,dc73da11-6060-5057-a818-5bc82f264c7a,4,Muraliya Jeevan Raag Bajaye,Najmal Hussain,0,https://www.youtube.com/watch?v=N_0-45PM7lc
d3f6cd4c-e3e2-5abf-a071-bfff03f2797c,dc73da11-6060-5057-a818-5bc82f264c7a,5,Loot Liyo Man Dheer,Kanan Devi,0,https://www.youtube.com/watch?v=Ixui_Hrq0oU
f686e913-32c6-525b-981a-c9303a9f65a0,dc73da11-6060-5057-a818-5bc82f264c7a,6,Mohe Un Bin Jalsa Sohaye Na,Various artists,0,https://www.youtube.com/watch?v=T02x6GNYgWs
a96d0b2e-9ea4-57af-9fc2-c107a1cfeb9d,dc73da11-6060-5057-a818-5bc82f264c7a,7,Chali Pavan Harson Lahak Rahi Sarson,Kanan Devi,0,https://www.youtube.com/watch?v=R1FbooYwz9w
3af0484e-6dd7-5f21-8e5d-d59e39ce22db,dc73da11-6060-5057-a818-5bc82f264c7a,8,Dayalu Jo Kuch Hai De Daal,,0,https://www.youtube.com/watch?v=ufm1jbEhJU4
6574c478-dd24-5011-824d-809954def5b8,5d5641cc-611b-5b23-a21b-425fb81ed69a,1,Jal Bharne Chali Ri Guiyan,Leela Chitnis,0,https://www.youtube.com/watch?v=olMbgIbD9Z8
658ec0f4-4770-501b-8556-f309c970d435,5d5641cc-611b-5b23-a21b-425fb81ed69a,2,Main To Aarti Utaaroon Radhe Shyam Ki Re,"Leela Chitnis, Pradeep",0,https://www.youtube.com/watch?v=l8XsBKRc87I
66e224ac-b8cd-5b28-93f5-2a2d5eeb82bd,5d5641cc-611b-5b23-a21b-425fb81ed69a,3,Radha Radha Pyari Radha Radha Prem Agaadha,"Leela Chitnis, Ashok Kumar",0,https://www.youtube.com/watch?v=h1bJT3u8w1k
7694adc0-d9b5-5010-9558-82741b68abbd,5d5641cc-611b-5b23-a21b-425fb81ed69a,4,Hawa Tum Dheere Baho Mere Aate Honge Chitchor,Leela Chitnis,0,https://www.youtube.com/watch?v=xCkYlRpiu3o
a622a96c-fc57-5a54-b68a-8c17f4ad432e,5d5641cc-611b-5b23-a21b-425fb81ed69a,5,Sooni Padi Re Sitar Meera Ke Jeevan Ki,Leela Chitnis,0,https://www.youtube.com/watch?v=F1yZx3wB4Ew
e7e31530-01dc-5dd4-8f7f-124566e22b93,5d5641cc-611b-5b23-a21b-425fb81ed69a,6,Kyon Baje Hriday Veena Ke Taar,"Leela Chitnis, Ashok Kumar",0,https://www.youtube.com/watch?v=myy--zPVy0c
98cbefe8-2e1f-50c9-aa39-380d85ecf781,5d5641cc-611b-5b23-a21b-425fb81ed69a,7,Are Re Kabir Sun Le Kabir,Pradeep,0,https://www.youtube.com/watch?v=uuMVd1mG3Lw
36468f30-8a67-5da4-b150-26033234eadb,5d5641cc-611b-5b23-a21b-425fb81ed69a,8,Maare Ram Jilawe Ram,Pradeep,0,https://www.youtube.com/watch?v=9v08fiI8lug
49d5e85a-e91a-5b94-b515-23985d0fb52e,5d5641cc-611b-5b23-a21b-425fb81ed69a,10,Bande Naav Ka Langar Chhod,Arun Kumar,0,https://www.youtube.com/watch?v=GOeZMKce7Kk
123b7e5c-d1d6-5521-838f-91852e825642,8ef46315-d843-56fb-9363-f54657c91b10,3,Piya Milan Ko Jaana,Pankaj Mullick,5.0,https://www.youtube.com/watch?v=xchnkKyn9Rg
5d247098-4bec-5bdc-9c0f-65b684e3f0d9,8ef46315-d843-56fb-9363-f54657c91b10,7,Yun Dard Bhare Dil Ki Aawaz Sunayenge,Pankaj Mullick,0,https://www.youtube.com/watch?v=pTMDiPW209A
8539e3d8-5e86-5bcc-a822-5b6ffd81a767,c61a0a06-50e3-5387-9fc6-17074f57efdd,2,Le Lo Bele Ke Haar,Khursheed,0,https://www.youtube.com/watch?v=3kMFp3R11WE
d58d1ac8-2178-52fc-9b1c-1f3540dea2ac,c61a0a06-50e3-5387-9fc6-17074f57efdd,6,Phool Le Lo Phool,Khursheed,0,https://www.youtube.com/watch?v=_2Sxj4D0-0Q
8d4c1bac-f6d2-562c-9006-a1956c7234e5,c61a0a06-50e3-5387-9fc6-17074f57efdd,7,Main Bagh Ki Sundar Titli,"Khursheed, Nazir",0,https://www.youtube.com/watch?v=oR-bsxwIOaI
dfa3c0d8-6f82-53ea-8ccd-8efe3fbace31,638a1045-a619-5401-b21e-d5b2e8d85989,4,Chamke Poonam Ko Chand,"Surendra, Bibbo",0,https://www.youtube.com/watch?v=Km0Y2cQMga4
4c282f88-2af8-5c8f-8658-ad5155b29161,638a1045-a619-5401-b21e-d5b2e8d85989,5,Aaye Piharwa Aaye,"Bibbo, Surendra",0,https://www.youtube.com/watch?v=VlNUdtMxP0A
5681dc79-57f4-5b20-959e-c7daf06dc80c,a7e9fdbe-6b79-54ea-bf24-27226378bdd5,3,Asha Sukh Ke Khel Khilaye,Khursheed,0,https://www.youtube.com/watch?v=wx1eKeVsH2A
d45c92a1-9b06-51e6-82fb-b0e057d09459,a7e9fdbe-6b79-54ea-bf24-27226378bdd5,4,Main Albeli Titli Re Phulwa,Sitara,0,https://www.youtube.com/watch?v=KLxbncHdpRQ
d51b3531-7a3b-5e5c-ba63-2db3ec3aefbf,a7e9fdbe-6b79-54ea-bf24-27226378bdd5,6,Manaoongi Manaoongi Roothe Piya Ko Manaoongi,Sitara,0,https://www.youtube.com/watch?v=IXoqmll_kBg
0a6ced73-c1d1-58aa-b890-0863bce3b30f,a7e9fdbe-6b79-54ea-bf24-27226378bdd5,7,Jo Mera Sapna Sach Ho Jaye (Sukh Ke Khel Khilaye Asha),Khursheed,0,https://www.youtube.com/watch?v=cpCqTzZICFo
a375bba4-fe22-525a-b94f-83598e7bdf5e,a7e9fdbe-6b79-54ea-bf24-27226378bdd5,9,Aisa Geet Suna Ja Shyam,Khursheed,0,https://www.youtube.com/watch?v=tcCkEhTE-3s
563ae0c0-4754-52d5-a00d-5c34d2b389eb,a7e9fdbe-6b79-54ea-bf24-27226378bdd5,10,Doodh Piyo Sab Doodh Piyo,Khursheed,0,https://www.youtube.com/watch?v=ZbOeXxq4j8o
47c783a1-64c4-5e69-8160-91502f33e1dd,cad13891-a258-5435-b96f-d538f020f44d,2,Mere Man Ki Been Baja,"Kantilal, Sitara",0,https://www.youtube.com/watch?v=EGrHghLMUxI
c2eb2fb5-75bf-5a51-a2b9-e4fe19738f0c,cad13891-a258-5435-b96f-d538f020f44d,3,Duniya Deewani Duniya Deewani,"Kantilal, Sitara",0,https://www.youtube.com/watch?v=S3wqTw-uvXg
9e4f3a7c-8b0f-5ffb-89bc-09e3b36a55e2,cad13891-a258-5435-b96f-d538f020f44d,4,Woh Dil Hi Nahin Jis Mein Na Ho Chaah Kisi Ki,"Kantilal, Kalyani",0,https://www.youtube.com/watch?v=k1nTyLjGrg0
5eabbda6-6598-54b5-8fda-1f4dde7e1670,cad13891-a258-5435-b96f-d538f020f44d,6,Saajan Nikle Chor,"Indubala, Rajkumari, Gyan Dutt",0,https://www.youtube.com/watch?v=aeotkrPUD14
b2321b00-77d6-555b-b02b-7e3150c88208,cad13891-a258-5435-b96f-d538f020f44d,7,Man Kyon Na Dhara Tune Dheer,Indubala,0,https://www.youtube.com/watch?v=W-kdE017D_U
9c3195b0-c79a-5e00-acd9-f79a2c9fb43a,cad13891-a258-5435-b96f-d538f020f44d,10,Aaram Kahan Dil Jo Pada Ghairon Ke Paale,Kantilal,0,https://www.youtube.com/watch?v=EASOAqVYWlc
70fbaa7c-ccfc-5661-a46b-4f52deda8334,cad13891-a258-5435-b96f-d538f020f44d,11,Kyon Prem Ka Bagh Lagaya Pagle,Indubala,0,https://www.youtube.com/watch?v=QDWc0yr6ue4
a01ee682-a4c7-5d2d-9854-1aeeeb094686,5e390cd1-6dab-52c7-a4ca-e2ddd4513142,1,Maalik Ki Madad Karta Hoon Subah-O-Sham,"Mumtaz Ali, Saroj Borkar",0,https://www.youtube.com/watch?v=4NxaZgl_oFU
c3e4033d-d3ab-5104-86ee-8f4ef2cc7c47,5e390cd1-6dab-52c7-a4ca-e2ddd4513142,2,Koi Baanka Ladaaka Sipahiya,Hansa Wadkar,0,https://www.youtube.com/watch?v=WnbJURvlsGY
ce6a4222-e2c1-5917-b585-5e9aa8b5e8f3,5e390cd1-6dab-52c7-a4ca-e2ddd4513142,3,Pyari Ke Pran Bharat Ki Shaan,Hansa Wadkar,0,https://www.youtube.com/watch?v=hpCLyUpl5as
7694bd79-83a7-56eb-972c-064d28729e77,5e390cd1-6dab-52c7-a4ca-e2ddd4513142,4,Aao More Baanke Saanwariya Re,"Saroj Borkar, Mumtaz Ali",0,https://www.youtube.com/watch?v=EpK-IEfg_jI
72bbf0e6-a8b3-56db-a5b6-b8ed5ac8d3a2,5e390cd1-6dab-52c7-a4ca-e2ddd4513142,5,Chandrakiran Se Poochha Maine,Hansa Wadkar,0,https://www.youtube.com/watch?v=WMnsD_JljhI
3362b127-d69a-5334-a5bc-8049895578c7,5e390cd1-6dab-52c7-a4ca-e2ddd4513142,6,Raja Hamen Na Nihaaro,"Balwant Singh, Lalita Deulkar",0,https://www.youtube.com/watch?v=FlKh9i1lJXg
f40aba45-73d9-5824-be92-76ac69c87b35,5e390cd1-6dab-52c7-a4ca-e2ddd4513142,7,Rang Rang Ke Phool Le Aaye,"Saroj Borkar, Mumtaz Ali",0,https://www.youtube.com/watch?v=myD4KlBXf0k
9b25011c-9f2a-557d-9bd4-2a5f2dd66f20,5e390cd1-6dab-52c7-a4ca-e2ddd4513142,8,Haath Utha Kar Bula Raha Ghar,Hansa Wadkar,0,https://www.youtube.com/watch?v=m_JTawmZfzA
ef7fac8b-feaa-5e0d-a5fd-f330a1f3414d,cb99cead-075f-5b44-8a4b-a677a80b6ce2,1,Geet Suno Woh Geet Saiyan,Sheela,0,https://www.youtube.com/watch?v=fwONlKEIMaQ
86f80104-2e86-54b6-be5d-d9085ad3705e,cb99cead-075f-5b44-8a4b-a677a80b6ce2,2,Dil Mein Tu Aankhon Mein Tu Saanson Mein Tu,Menka - I,0,https://www.youtube.com/watch?v=jdtdZdnqypg
0e3d770f-2727-5f7e-8dbf-e7ac3da20fdc,cb99cead-075f-5b44-8a4b-a677a80b6ce2,4,Saanwarwa La Wahi Re Saanwar Jiyara Re Jaraye,"Naseem Bano, Sardar Akhtar",0,https://www.youtube.com/watch?v=I5Fc2bywuyU
b5392301-a672-5516-827c-ad91701b42b7,cb99cead-075f-5b44-8a4b-a677a80b6ce2,5,Tum Bin Hamri Kaun Khabar Le Govardhan Girdhari,Sheela,0,https://www.youtube.com/watch?v=ojQHcqjSAto
5ffd96bf-0d16-596e-8ff0-f49767cb2c5a,cb99cead-075f-5b44-8a4b-a677a80b6ce2,6,Dhoye Mahobe Ghaat He Ho Dhobiya Re Dhobiya,"Sardar Akhtar, Menka - I",0,https://www.youtube.com/watch?v=XEIIZJHGLDA
262863e2-8b5f-5152-9ad8-fd7832720269,cb99cead-075f-5b44-8a4b-a677a80b6ce2,7,Zindagi Ka Saaz Bhi Kya Saaz Hai,Naseem Bano,0,https://www.youtube.com/watch?v=k5-9MWmqjSg
2db80976-cd41-5c9b-83f6-9fddec6cf0dc,cb99cead-075f-5b44-8a4b-a677a80b6ce2,8,Kaahe Ko Mohe Chhede Re Beimanwa,Sardar Akhtar,0,https://www.youtube.com/watch?v=A979DfYczRI
cbd98c38-54ef-5c93-ac52-903bd877a9ce,cb99cead-075f-5b44-8a4b-a677a80b6ce2,9,Eid Ki Saa-aten Mubarak Hon,"Naseem Bano, Sheela, Hafiz Khan Mastana",0,https://www.youtube.com/watch?v=V8WAJM0k2sc
a1137baf-cbc5-5aca-b179-7460534df3a9,ec78aa7a-6309-58e4-bad1-d11d2d7fa6df,8,Yogi Prem Yog Ab Karna,Prem Adib,0,https://www.youtube.com/watch?v=nwyJLZPj8lw
8a3962e9-fc7c-594f-88eb-67f44b7b890e,ec78aa7a-6309-58e4-bad1-d11d2d7fa6df,10,Sawan Aaye Ya Na Aaye Piya Ghar Aaye,Harish - II,0,https://www.youtube.com/watch?v=9Ay8fMgqy8k
3e18453c-9c15-50e0-a67b-fbcdcd609c44,e19ffa4f-c6a5-5fe2-9a5a-efb40369f328,3,Maali Mere Man Ki Bagiya Phooli,"Vishnupant Pagnis, Vaasanti",0,https://www.youtube.com/watch?v=EoVuBa5TpYM
1eae0ca2-b2a0-5a19-94f4-b28b327f4b64,e19ffa4f-c6a5-5fe2-9a5a-efb40369f328,4,Aaya Dwar Tumhare Rama,Vishnupant Pagnis,0,https://www.youtube.com/watch?v=d6Jc8ui_SW4
1352b7d9-236c-5b3e-a5e7-15dc0e81098d,e19ffa4f-c6a5-5fe2-9a5a-efb40369f328,7,Mujhe Ram Se Koi Mila De,Vishnupant Pagnis,0,https://www.youtube.com/watch?v=FD6rbreoh0Q
df904df7-7986-57b5-ad36-34f841a04921,e19ffa4f-c6a5-5fe2-9a5a-efb40369f328,10,Ban Chale Ram Raghurai,Vishnupant Pagnis,4.0,https://www.youtube.com/watch?v=2f6sGSwUsB0
25213fb0-e636-5eb0-a5be-dab72eabf77a,e19ffa4f-c6a5-5fe2-9a5a-efb40369f328,12,Tu Ram Bhajan Kar Prani,"Vishnupant Pagnis, Ram Marathe, Vaasanti",0,https://www.youtube.com/watch?v=LsxBCwmoEcI
33c159ca-d2c2-5555-ae72-f6151c7e72a7,e19ffa4f-c6a5-5fe2-9a5a-efb40369f328,14,Jaoon Kahan Taj Charan Tumhare,Vishnupant Pagnis,0,https://www.youtube.com/watch?v=Z8AO7c3ZqyQ
88354c28-6ef1-565d-b158-5532128a7903,3a15bd1b-62ea-52c7-b172-2786a7dc8ff1,2,Man Mein Meri Aandhi Ban Ja,Kanan Devi,0,https://www.youtube.com/watch?v=a9AOSZYj25M
1675e5d9-2d07-5623-96eb-20e4120e6f5c,3a15bd1b-62ea-52c7-b172-2786a7dc8ff1,4,Daal Daal Aur Kunj Kunj,Kanan Devi,0,https://www.youtube.com/watch?v=Ah7EZFoNUeI
8d5ffb89-2475-5de9-b976-e29be5cfe1ef,3a15bd1b-62ea-52c7-b172-2786a7dc8ff1,8,Sapnon Mein Koi Aata Hai,Kanan Devi,0,https://www.youtube.com/watch?v=TKXeLwO9jfk
07c3d23a-ceb8-55c2-9045-d72f22b958eb,3a15bd1b-62ea-52c7-b172-2786a7dc8ff1,9,More Ghar Aavo Saajan Re,Kanan Devi,0,https://www.youtube.com/watch?v=RuHg2hWRxxc
8b1f8e58-91ee-5b06-956d-07b6dd10615d,7248b7c8-a773-57e3-a9c0-664b087ff8da,1,Main Sawan Ki Badli Rimjhim Rimjhim Barsoon,"Maya Banerjee, Surendra Nath",0,https://www.youtube.com/watch?v=haZLs-pEk8c
dbcb6bec-410b-5b96-9538-3ff4d6cd78c2,7248b7c8-a773-57e3-a9c0-664b087ff8da,3,Janam Janam Ka Saathi Mora,Surendra,0,https://www.youtube.com/watch?v=5giELiHyifM
52ac244e-cc1a-54d8-ad15-24690f2d09ff,7248b7c8-a773-57e3-a9c0-664b087ff8da,7,Ek Preetam Ki Do Pyari Main Aisa Hoon Sansari Re,Surendra,0,https://www.youtube.com/watch?v=kEm9P8t_1iw
e0c36dc8-98ed-5d83-9782-7bdebcb022a8,7248b7c8-a773-57e3-a9c0-664b087ff8da,8,Sajni Chalo Chalen Us Paar,"Surendra, Maya Banerjee",0,https://www.youtube.com/watch?v=E3nHEonc7f0
346f4b22-8c92-5bb1-8f1e-c64b7a98c86e,640b22ce-2995-55e9-a283-721c123a201a,7,Main Prem Baag Ki Pakshi,Khursheed,0,https://www.youtube.com/watch?v=GEMrDLu55OM
36d2c1c4-ce40-5076-bde9-a1a8b47b62f9,029c81ab-ef6b-583b-8539-e6eacdb65663,5,Jab Se Mali Tere Dar Ki Khaq,Charlie - I,0,https://www.youtube.com/watch?v=xmcLCCDEO5Y
07ea235f-60ef-56e1-a70c-fc09c11744c0,029c81ab-ef6b-583b-8539-e6eacdb65663,7,Main Banoon Nadi Main Banoon Kinara,"Wahidan, Charlie - I",0,https://www.youtube.com/watch?v=DhawA5zs0E0
08c11f5b-8909-5b40-9ee0-a3e7a42568b1,029c81ab-ef6b-583b-8539-e6eacdb65663,8,Achhe Isa Ho Mareezon Ka Khayal Achha Ho,Wahidan,0,https://www.youtube.com/watch?v=5I0tCryk0zA
ac932a63-7a63-5b4a-9389-64e893ac2f29,82853f6c-0d56-5050-8b32-b6db41290a7b,1,Dagaa De Ke Chale Gaye Ho Baalam,"Sitara, Kantilal",0,https://www.youtube.com/watch?v=UAKTCmFHRXw
cc6883bc-8d79-5561-a693-e102de4c2b62,82853f6c-0d56-5050-8b32-b6db41290a7b,3,Haye Paapi Jiya Nahin Maane,Sitara,0,https://www.youtube.com/watch?v=p9i1SpumOf4
914c2548-dd82-5965-9f24-d550c8bf8fc5,82853f6c-0d56-5050-8b32-b6db41290a7b,7,Solah Baras Dukh Kaate Kate Na Ab Rain Saiyan,Sitara,0,https://www.youtube.com/watch?v=-SQPetR7j8w
02f06b8a-14eb-5330-90f4-2e2eb3e64eda,60a86f23-9bb0-50af-b9ef-31cc5bbcf352,3,Chala Gaya Toofan Aa Kar,K.C. Dey,0,https://www.youtube.com/watch?v=zlGV0qEGdBQ
f7d11d88-9197-519d-bed1-9ca849e60a49,60a86f23-9bb0-50af-b9ef-31cc5bbcf352,9,Maan Na Kar Ab Sajni,K.C. Dey,0,https://www.youtube.com/watch?v=i3SUSFEN6II
eff772c4-1205-56b2-a2fa-e4ae4d2b8c46,60a86f23-9bb0-50af-b9ef-31cc5bbcf352,10,Brij Ke Rajan Manmohan,"Pankaj Mullick, Radharani",3.0,https://www.youtube.com/watch?v=OJHvuSk7RCU
f9500dd5-0422-5e5e-b509-45b2701ec44a,5b9f054d-67ed-50ed-97fc-6ddcb436aa07,1,Deen Dukhi Ko Daan Diya To Kya Mila Hari Ram Mila,"Vasanti, Gyan Dutt",0,https://www.youtube.com/watch?v=txB2VaVR5Ec
1292a6b3-ae10-5bbc-9af6-def961f53696,5b9f054d-67ed-50ed-97fc-6ddcb436aa07,2,Door Hato Ji Door Hato Ji Chhodo Raah Hamari,Gohar,0,https://www.youtube.com/watch?v=ucX3nMVtFl0
198c2f51-3a47-543b-91fb-8865cd53fd77,5b9f054d-67ed-50ed-97fc-6ddcb436aa07,4,Naahi Boloon Naahi Boloon Lakh Manaye Krishna Kanhaiya,"Gohar, Gyan Dutt",0,https://www.youtube.com/watch?v=T2JlZOidqDQ
892a17f9-2655-5b0c-94b9-f3d20b2ec52b,5b9f054d-67ed-50ed-97fc-6ddcb436aa07,5,Soja Soja Soja Ri Kaahe Tori Bairan Nindiya,"Gohar, Vasanti",0,https://www.youtube.com/watch?v=KS-0Qj8tFsE
28da1b2d-5fa9-5752-9c61-3658ce1e2f17,5b9f054d-67ed-50ed-97fc-6ddcb436aa07,6,Main Bansi Banoon Bansidhar Ki,"Kantilal, Vasanti, Sitara",0,https://www.youtube.com/watch?v=tkTcwSwphJ0
0f13cd85-c844-59c0-8bc0-494617422f6d,5b9f054d-67ed-50ed-97fc-6ddcb436aa07,7,Suno Suno Mere Bhagwan,Vasanti,0,https://www.youtube.com/watch?v=BjXRNkpIM5M
7a6ed7f5-3797-5362-9660-42529322a0f9,5b9f054d-67ed-50ed-97fc-6ddcb436aa07,8,Re Panchhi Samay Ko Pehchan Lena Tu,Gohar,0,https://www.youtube.com/watch?v=sei80ClvLA8
16979f24-ac26-55c0-9b8c-62f73dee6429,5b9f054d-67ed-50ed-97fc-6ddcb436aa07,9,Raghupati Raghav Rajaram Patit Paavan Sitaram,"Gohar, Vasanti",0,https://www.youtube.com/watch?v=N82EV5TpoSc
f211c174-fc91-5eb6-bd1e-e2cbfcfc03d3,14a3e855-152e-5fa4-9135-f1d399a72865,1,Gori Laaj Ki Baat,Miss Leela,0,https://www.youtube.com/watch?v=YxD2hsz9TWE
9b8bcc5d-6bfc-5979-ab1e-376586d36444,14a3e855-152e-5fa4-9135-f1d399a72865,2,Jogi Chhod Gaya Adhbeech,Miss Leela,0,https://www.youtube.com/watch?v=_RpZdjyQo-Y
7a20d2ec-c02a-53da-bf8d-f724799e0ec0,56c4c17d-a485-5ed1-abe5-a0dc9cf7f65c,5,Dil Chheen Ke Jaata Hai Ae Mast Nazar Wale,"Surendra, Wahidan Bai",0,https://www.youtube.com/watch?v=jPXvbC4MukQ
905b470c-db4b-5f00-8010-63bc1766e0ed,56c4c17d-a485-5ed1-abe5-a0dc9cf7f65c,6,Teri In Aankhon Ne Kiya Beemar Haay,"Surendra, Wahidan Bai",0,https://www.youtube.com/watch?v=mL2h6uOV5Lg
d7229a02-1172-5959-beb1-274e947807bd,56c4c17d-a485-5ed1-abe5-a0dc9cf7f65c,10,Haan Dil Ka Saaz Bajaye Ja,"Surendra, Wahidan Bai",0,https://www.youtube.com/watch?v=FWa9GIQTUzk
e93b9bea-989a-5424-81f1-f064d2c02338,56c4c17d-a485-5ed1-abe5-a0dc9cf7f65c,12,Hum Aur Tum Aur Ye Khushi,"Surendra, Wahidan Bai",3.5,https://www.youtube.com/watch?v=k0e7HLBdX94
e2ad8ff3-88f2-5e49-89ae-088552e27d1a,25dc1fb1-faac-5e8e-b715-2d8e089abf4b,8,Chahun Or Chandni Chhitki Hai,Vatsala Kumthekar,0,https://www.youtube.com/watch?v=4HUq4Ca5snY
03275d2d-fecf-5d15-81f7-d8bbdf91606d,f621dbd6-aaa6-5445-bc86-a4ea0ec02097,1,Kaahe Karta Der Baraati,Anil Biswas,4.0,https://www.youtube.com/watch?v=WlhZxIVWjbA
8c8c6abd-8883-5463-9387-1d2697237cbb,f621dbd6-aaa6-5445-bc86-a4ea0ec02097,2,Mere Asha Ke Jeevan Mein Aayi Bahaar (Suno Panchhi Ke Raag),"Anil Biswas, Sardar Akhtar",0,https://www.youtube.com/watch?v=rU-JsJt3uPk
e16d7798-7a07-5c1c-b62f-b27550f94972,f621dbd6-aaa6-5445-bc86-a4ea0ec02097,3,Main Na Kahoongi Mera Saiyan Ri Anokha,Sardar Akhtar,4.0,https://www.youtube.com/watch?v=2ck1Vo9b25E
2f4d0d58-9b9b-58ca-9e5c-b22719de4f6f,f621dbd6-aaa6-5445-bc86-a4ea0ec02097,4,More Angana Mein Laaga Ambwa Ka Ped,"Anil Biswas, Sardar Akhtar",0,https://www.youtube.com/watch?v=w05yOem_aAI
5016fb7a-8814-565b-b7bf-fc7ef889b01c,f621dbd6-aaa6-5445-bc86-a4ea0ec02097,5,Aaj Holi Khelenge Saajan Ke Sang,"Anil Biswas, Various artists",0,https://www.youtube.com/watch?v=z6B8gExR9ds
66f7edb9-cb0e-5df3-ac8c-fc1d8863b06b,f621dbd6-aaa6-5445-bc86-a4ea0ec02097,6,Jamuna Tat Shyam Khelen Holi,"Anil Biswas, Sardar Akhtar",0,https://www.youtube.com/watch?v=dc9sTvc1hwA
56f027f3-527c-5f3a-a015-ee097251ed0a,f621dbd6-aaa6-5445-bc86-a4ea0ec02097,7,More Baanke Saanwariya Saanwariya Re,"Vatsala Kumthekar, Harish - II",0,https://www.youtube.com/watch?v=SJJzfpby1lM
748e65b5-6d7b-58d6-b1d9-48469b0b9071,f621dbd6-aaa6-5445-bc86-a4ea0ec02097,8,Gagri Sookhi Bail Pyasa Pani De De Pani De,Various artists,4.0,https://www.youtube.com/watch?v=DJO4-N1Totw
f83e441f-413a-5725-9da3-35ffff4b972c,f621dbd6-aaa6-5445-bc86-a4ea0ec02097,9,Bol Bol Tu Bol Re Ban Ke Panchhi Bol,"Surendra, Jyoti",0,https://www.youtube.com/watch?v=9CPOhK4ookM
530060a3-d628-5d7d-9341-dbd3039d8f6c,f621dbd6-aaa6-5445-bc86-a4ea0ec02097,10,Apne Maston Ko Besudh Bana De Haan Pila De Pila De Pila De,"Surendra, Jyoti",0,https://www.youtube.com/watch?v=9vz2-lld3oo
38f70adc-6115-5c27-99c0-c590cb108194,f621dbd6-aaa6-5445-bc86-a4ea0ec02097,11,Tum Rooth Gayi Rooth Gayi Baari Sajaniya,"Surendra, Jyoti",3.0,https://www.youtube.com/watch?v=uVIRZYf3JKU
47843a00-6df8-523b-b09a-3bbdb66a2ab4,f621dbd6-aaa6-5445-bc86-a4ea0ec02097,12,Uth Sajni Khol Kiwade Tere Saajan Aaye Dware,"Surendra, Jyoti",3.0,https://www.youtube.com/watch?v=foNGELhNrQg
0776cb1a-9047-5a18-982e-aa0e7f73c00e,170f367c-13e8-5896-8e51-71dff9326a5d,1,Soye Bhaag Jage Jeevan Tha Andhiyara,Leela Chitnis,0,https://www.youtube.com/watch?v=M_g9HB1JibM
4c93f10d-712c-52e1-9366-0108dfa0eb0c,170f367c-13e8-5896-8e51-71dff9326a5d,2,Tu Kyon Soche Bande (Haariye Na Himmat Bisaariye Na Ram),Ramchandra Pal,0,https://www.youtube.com/watch?v=f7GuPNEAj3c
0f20492c-4ba2-55a3-80c1-e147a8730153,170f367c-13e8-5896-8e51-71dff9326a5d,3,Meethi Boli Bole Raja Bitwa Mera Mithua,Leela Chitnis,0,https://www.youtube.com/watch?v=v9opY1CHgsM
49d20101-878f-54b4-95dd-85792dc37084,170f367c-13e8-5896-8e51-71dff9326a5d,4,Ma De De Ri Daliya De De Ri Daliya,Hansa Wadkar,0,https://www.youtube.com/watch?v=rmnQrLj3g2M
5327ddd6-14e8-51e6-bedf-1c6dca96330f,170f367c-13e8-5896-8e51-71dff9326a5d,5,Duniya Hamari Nyari Tum Mere Main Tumhari,Hansa Wadkar,0,https://www.youtube.com/watch?v=9YnAbUZJE80
15d2a792-c540-513a-b593-c483920e5f63,170f367c-13e8-5896-8e51-71dff9326a5d,6,Pal Naa Lagi Ankhiyan Daras Bhari,Hansa Wadkar,0,https://www.youtube.com/watch?v=rhtWo-1zorM
7d63c2a0-6238-5e84-96b4-b9ecfaa3e83b,170f367c-13e8-5896-8e51-71dff9326a5d,7,Hari Tum Ghat Ghat Ke Baasi,,0,https://www.youtube.com/watch?v=OUB_WWu0TMk
c9be8278-1c6c-5722-af80-680e04a231b1,170f367c-13e8-5896-8e51-71dff9326a5d,8,Khele Ja Khele Ja Tu Khel Khiladi Khele Ja,Arun Kumar,0,https://www.youtube.com/watch?v=_M8mfBS5Ddk
1dec23e5-ea89-5b33-a6b3-8519d18695d1,170f367c-13e8-5896-8e51-71dff9326a5d,9,Mai Ri Main To Giridhar Ke Ghar Jaoon,Hansa Wadkar,0,https://www.youtube.com/watch?v=tJO0sR_ec_I
7740cad4-ab85-50c7-9a6f-19eb218a4a1c,bbe0f67d-f95f-59e3-b89f-2f5e35c094a5,3,Duniya Hai Ek Khwab,Malika Pukhraj,0,https://www.youtube.com/watch?v=ebik5m6St2U
1364d070-a1f6-5cda-a343-eb2a1ae0ce02,bbe0f67d-f95f-59e3-b89f-2f5e35c094a5,7,Dil Lagi Meri Koi Kya Jane,Malika Pukhraj,0,https://www.youtube.com/watch?v=pvfZJf85qRY
a7611811-8b6b-5d65-aeac-c9010aaacb47,0532a3d8-bfa8-5fb6-a382-b08cbd808dc7,2,Zara Muskura Kar Nazar Milao,Zohra,0,https://www.youtube.com/watch?v=OEOofztNMSY
eec6e11b-de9a-53ca-ac9d-31f20c3cdd18,0532a3d8-bfa8-5fb6-a382-b08cbd808dc7,4,Mere Jeevan Ke Sathi Mere Jeevan Mein Aao,Anuradha,0,https://www.youtube.com/watch?v=N9pasSDMQhI
8fab02e6-bb5b-5780-9202-89100cf50cb9,0532a3d8-bfa8-5fb6-a382-b08cbd808dc7,5,Aana Aana Khel Khilane,"Kishore Sahu, Anuradha",0,https://www.youtube.com/watch?v=b2ga42-6_e0
fb9d8acc-6327-5168-9f02-408d76d40a3e,0532a3d8-bfa8-5fb6-a382-b08cbd808dc7,6,Pi Pi Pi Bol Papiha Bol,Anuradha,0,https://www.youtube.com/watch?v=xRd8wO0rXSM
b8962207-efbc-5b79-86a5-c9d5be3c0223,9aa272de-f992-53fd-8b3f-1417d1a60f93,6,Kaise Chhipoge Ab Tum Kaise Chhipoge O Salone Saajna Kaise Chhipoge,Leela Chitnis,3.0,https://www.youtube.com/watch?v=Kq40QBCT98I
3af6e5c3-932e-576e-a255-7af18864233e,9aa272de-f992-53fd-8b3f-1417d1a60f93,7,Chal Chal Re Naujawan Chalo Sang Chalen Hum,"Leela Chitnis, Ashok Kumar",4.5,https://www.youtube.com/watch?v=Tg3seeKuWzY
370271d4-cfbe-55bd-a216-1dd5561671bb,9aa272de-f992-53fd-8b3f-1417d1a60f93,8,Hum To Albele Majdoor Gajab Hamari Jadugari,Pradeep,3.0,https://www.youtube.com/watch?v=2-6QS32RuMo
65c22dab-105f-5d44-856e-0828ce76fde5,9aa272de-f992-53fd-8b3f-1417d1a60f93,9,Piyu Piyu Bol Piyu Piyu Bol,Pradeep,3.5,https://www.youtube.com/watch?v=Q0YnzZvSZ3A
c23f94d0-bb62-53cb-8df1-37d8d1197694,9aa272de-f992-53fd-8b3f-1417d1a60f93,11,Ruk Na Sako To Jao Tum Jao,Arun Kumar,2.5,https://www.youtube.com/watch?v=BClWCitDGAc
b32fb671-fa45-5617-b6ee-7114c2167c12,e307f775-bc87-58cc-9a46-4f85b3eab2ee,3,Saanjh Bhayi Ghar Aa Balamwa,Leela Bai,0,https://www.youtube.com/watch?v=Adh3oPl-MEU
c690239f-ebb3-5041-aadd-fb909abf2a47,e307f775-bc87-58cc-9a46-4f85b3eab2ee,9,Bagiya Seenchan Jane,"Menka - I, Khan Mastana",0,https://www.youtube.com/watch?v=_0ysuVvDnD4
a1a03e9d-63c9-58d6-9ad6-3ba704274809,36f6a3ed-a89c-568f-bd7b-822ebd79dc73,4,Tori Atariya Chor Sajaniya,"Sabita Devi, Khatoon",0,https://www.youtube.com/watch?v=R_EiFLpbIUg
a787d897-d1bd-5f27-aac1-662d96f32646,36f6a3ed-a89c-568f-bd7b-822ebd79dc73,5,Kya Pachhtata Moorakh Man,Patgaonkar,0,https://www.youtube.com/watch?v=ghEY3mV7pW4
1f2f682b-21dd-50e7-a6db-e851a37b6700,36f6a3ed-a89c-568f-bd7b-822ebd79dc73,8,Baaje Muraliya Baaje,"Durgesh Kumari, Amritlal",0,https://www.youtube.com/watch?v=twmG5wlzOKY
9c9d0060-0efd-5e40-aa35-7a871e3a3279,36f6a3ed-a89c-568f-bd7b-822ebd79dc73,9,Radheshyam Shyam Shyam,Patgaonkar,0,https://www.youtube.com/watch?v=Z-08D_mVIM4
d397b971-bf34-54f8-87a6-db09fad6e281,2d82bc77-ede0-5b46-8def-1bc8d85c1f65,1,Dukh Ki Katha Hai Duniya Saari,"Radharani, Sardar Mansoor",0,https://www.youtube.com/watch?v=a2xWOV3xOiM
65234824-b069-5c78-9ddf-4765ca5cf3ef,2d82bc77-ede0-5b46-8def-1bc8d85c1f65,3,Kariye Kasrat Ka Prachar Jai Bajrang Pukaro,"Radharani, Sardar Mansoor",0,https://www.youtube.com/watch?v=Xqt8zT_Nj5Q
42e8ed4f-2dbe-5841-b600-4ea04f155034,2d82bc77-ede0-5b46-8def-1bc8d85c1f65,5,Jaam Liya To Pee Le Bande,Various artists,0,https://www.youtube.com/watch?v=pDjyJGmiWGM
ca828039-496b-5e81-a486-6e50cae8b9a8,7f0a95d5-6c76-5cc9-ab43-0f535ff8a65c,1,Jal Deepak Diwali Aayi,Vasanti,0,https://www.youtube.com/watch?v=e7Q-Srcj6tY
c1eb1e2d-e090-550f-8767-32a4068b2428,7f0a95d5-6c76-5cc9-ab43-0f535ff8a65c,2,Humko Lagi Hai Tumse Kuch Aisi Lagan Haye,Motilal,0,https://www.youtube.com/watch?v=FmvTXkDWG0U
0c9fa7f2-4aa8-52d5-9ba0-be25011be18a,7f0a95d5-6c76-5cc9-ab43-0f535ff8a65c,3,Mera Chooran Hai Mastana,"Kantilal, Brijmala",0,https://www.youtube.com/watch?v=RKezhO1ERb4
84090548-6442-5236-acc9-f1fa1687812f,7f0a95d5-6c76-5cc9-ab43-0f535ff8a65c,4,Barsaat Chhidi Hove Aur Chandni Hon Raaten,"Motilal, Ishwar Lal",0,https://www.youtube.com/watch?v=DMnLuY1mQ5g
c5c21a1a-1ac6-5a6d-956f-5762744e2fa9,7f0a95d5-6c76-5cc9-ab43-0f535ff8a65c,6,Yeh Bade Sahab Ka Topa Hai,"Vasanti, Suresh",0,https://www.youtube.com/watch?v=kS8tmVXmtJc
e589a01c-b493-5cea-a675-996988b69b79,7f0a95d5-6c76-5cc9-ab43-0f535ff8a65c,9,Kit Gaye Hamare Saiyan,"Kantilal, Miss Iqbal",0,https://www.youtube.com/watch?v=uQnZIGHan4c
6e7cfd01-ee5d-5e36-ab6c-8546cd506e7a,7f0a95d5-6c76-5cc9-ab43-0f535ff8a65c,12,Kaahe Panchhi Baawariya Rona Raag Sunaye,"Vasanti, Kantilal",0,https://www.youtube.com/watch?v=oMlOwSnYFNA
812585d5-11ab-5002-97dc-ff63b5a77c9a,761f2ddf-e10c-564a-abe4-5f2c23175154,3,Main Phoolon Ki Sugandh Ban Kar Upvan Saara Mehkaoon,"Amir Karnataki, N.M. Adhikari",0,https://www.youtube.com/watch?v=-4lH7jK1xgY
215d9fd9-b95a-5be5-a87e-ef209a4a8ff1,fd0721a9-2ca4-55d5-9b72-0624b86e601d,6,Saajan Bin Sawan Soona,Meenaxi,0,https://www.youtube.com/watch?v=RfXdorQ4ULQ
e0d95669-2b57-5371-81d0-1ff0da8cce49,fd0721a9-2ca4-55d5-9b72-0624b86e601d,9,Nayana Barse Daiya,Meenaxi,0,https://www.youtube.com/watch?v=o0KkZbNk_lo
b802a7b7-f666-5433-8b42-25c6badb2b1f,198105ef-d2f8-5df4-afb9-2813cef4fd45,7,Mast Pawan Shaakhen Lahrayen,"Kanan Devi, Pahari Sanyal",0,https://www.youtube.com/watch?v=62e4x5AWX7E
10b822ab-7dd8-5f5a-bf88-234f713546e5,198105ef-d2f8-5df4-afb9-2813cef4fd45,9,Tum Manmohan Tum Sakhiyan Sang Hans Hans Khelo Phaag,Kanan Devi,3.0,https://www.youtube.com/watch?v=cAsi-azoQNs
bd8d3444-2d15-5505-b137-8e0c3b26d460,81fb319a-2815-519f-9f71-4c6e8c04cb84,1,Dagmag Dole Desh Ki Naiya,Master Mohammed,0,https://www.youtube.com/watch?v=pQnmoPd7CNc
f5bb604d-47ea-5b09-b285-43a73bef2b58,81fb319a-2815-519f-9f71-4c6e8c04cb84,3,Tegh-E-Qatil Pe Ada Lot Gayi,Ahmed Dilawar,0,https://www.youtube.com/watch?v=GqXXG9PNu0w
0f07d8c9-6987-5cf0-9d3d-5a7be545346c,81fb319a-2815-519f-9f71-4c6e8c04cb84,11,Utho Khwab-E-Ghaflat Se Bigdi Bana Do,Master Mohammed,0,https://www.youtube.com/watch?v=B3A0N3EIKlM
e85681cc-e4e0-5661-8b5d-7f6f1da218df,d4f80c8f-a2f0-5970-8650-36337b95596c,1,Phagun Ki Rut Aayi Re,"Sitara, Amritlal",3.67,https://www.youtube.com/watch?v=v508Vq0vGvw
26706b37-2582-53a2-adbf-063f34c65e3e,d4f80c8f-a2f0-5970-8650-36337b95596c,11,Saajna Hum Tum Bin Bhaye Udas,Kalyani,3.0,https://www.youtube.com/watch?v=JcRPqdZRZ0U
ce0d75d3-0f9e-5942-bd84-c5b9c36a22a0,e8a60df0-26c3-5f9f-84ad-f469ce423634,1,Aankhon Mein Basa Ke Baalam Ko,Maya Banerjee,0,https://www.youtube.com/watch?v=rZYqUfj9EfY
f461f8a5-94ba-5903-ac9b-68e953a4a507,e8a60df0-26c3-5f9f-84ad-f469ce423634,3,Nacho Nacho Duniyawalo Khushiyan Khoob Manao,Bibbo,0,https://www.youtube.com/watch?v=hkjd6p8SQBM
43b37de9-d49c-51a8-b3c5-8d3ce5596b40,e8a60df0-26c3-5f9f-84ad-f469ce423634,7,Rooth Rahe Ho Mose Tum Kyon,Bibbo,0,https://www.youtube.com/watch?v=HxCv6aggyT4
0ecc03de-a231-562e-a10c-7b4e8691c0a1,e8a60df0-26c3-5f9f-84ad-f469ce423634,10,Bhool Sakoongi Kaise Saajan,Maya Banerjee,0,https://www.youtube.com/watch?v=X0Y5FxyF2zg
4138073b-a4fc-556b-8ffe-238ffb14266e,17886d9e-442b-5dc7-95a5-af33ab611358,3,Panghat Pe Ek Chhabili Pani Bharan Ko Aayi,Khan Mastana,4.0,https://www.youtube.com/watch?v=zUZu3D1C4ag
e4572ae3-9277-5c8b-8df6-d8c1fea557cd,17886d9e-442b-5dc7-95a5-af33ab611358,5,Saanwariya Se Hamri Naahi Bani Re,Menka - I,4.0,https://www.youtube.com/watch?v=3RiJY_FJQCI
cdd2ac30-8ff5-52a7-a4f3-74538eee681f,6220f427-c134-5c1e-bdf1-63d14fe05db8,7,Meri Aankhon Mein Mere Man Mein Piya Chhaye Piya Ji Aan Milo,Khurshid,0,https://www.youtube.com/watch?v=AGERjwNpCJQ
f3e9ffe4-dd1d-54ea-9f28-2a1f67fc8a88,6220f427-c134-5c1e-bdf1-63d14fe05db8,10,Radharani Roothi Ghanshyam Manaye,Vasanti,0,https://www.youtube.com/watch?v=vb60P3klgGQ
664122ed-8eec-5458-a98b-67eae239dd35,89aa7a0f-23dd-56d5-83c3-bba8198a598c,1,Radhe Govind Bolo Re Panchhi,Vishnupant Pagnis,0,https://www.youtube.com/watch?v=bD_PLFlxT1Y
076198fd-88eb-5ea1-91b2-651ac5e7a848,89aa7a0f-23dd-56d5-83c3-bba8198a598c,7,More Angna Mein Aao Maharaj,Madhuri Khare,0,https://www.youtube.com/watch?v=e2lRWAIpbgQ
ed645dba-f84c-5186-a475-a3e9f7b076bd,89aa7a0f-23dd-56d5-83c3-bba8198a598c,8,Giridhari Ghar Aayo Re,Vishnupant Pagnis,0,https://www.youtube.com/watch?v=5I7kzX0Wqew
179b8567-db83-5d54-85b0-dc370b10b116,89aa7a0f-23dd-56d5-83c3-bba8198a598c,10,Jhoolna Jhulave Nandlala,Amir Karnataki,0,https://www.youtube.com/watch?v=z3oE1rtMczQ
b6ea3265-02bb-5d0b-b3b3-89e31f8993fd,89aa7a0f-23dd-56d5-83c3-bba8198a598c,11,Rakh Man Hari Charanan Ki Aas,,0,https://www.youtube.com/watch?v=ZpvzKGJys3Q
468f9677-b07a-5886-a1b1-24e6cb3a105a,7f5c8d19-009a-5d9d-8619-5611a92d0d4d,1,Madbhari Rut Jawan Hai,Pankaj Mullick,3.0,https://www.youtube.com/watch?v=fowDbs7ht6w
1a857b7e-2e01-53a0-9667-b8504639ae50,7f5c8d19-009a-5d9d-8619-5611a92d0d4d,2,Yeh Kaun Aaj Aaya Savere Savere,Pankaj Mullick,0,https://www.youtube.com/watch?v=dxARPelpEdE
97c3e840-984d-5bb2-9266-06d25341ef6b,7f5c8d19-009a-5d9d-8619-5611a92d0d4d,3,Aankh Moond Kar Dhyan Moorakh,Radharani,0,https://www.youtube.com/watch?v=lVKyrDqnlTU
206febe9-a203-5ada-a52b-2a80dd7204dd,7f5c8d19-009a-5d9d-8619-5611a92d0d4d,4,Teri Daya Se Ae Dayi Aaj Murad Mil Gayi,Pankaj Mullick,0,https://www.youtube.com/watch?v=D_ua0NYUWPQ
bff4bb1b-507d-5159-8be4-fae45d4aff41,7f5c8d19-009a-5d9d-8619-5611a92d0d4d,5,Kaun Tujhe Samjhave Moorakh,Roopkumari,0,https://www.youtube.com/watch?v=lI6Sn2KhlRQ
1d03e372-34c0-5b27-917e-0c476c0e91ae,7f5c8d19-009a-5d9d-8619-5611a92d0d4d,6,Prem Ka Naata Chhoota Naata Chhoota Prem Na Chhoota,Pankaj Mullick,0,https://www.youtube.com/watch?v=baRn80HwKCE
ae0ae205-da5e-502f-884c-a2b96df13ff8,7f5c8d19-009a-5d9d-8619-5611a92d0d4d,8,Kaun Tujhe Samjhaye Moorakh,"Pankaj Mullick, Various artists",0,https://www.youtube.com/watch?v=QZPGSdIhHVs
fce453c5-c53c-5450-ace8-72af2a83cb7e,59cba384-e2dc-5982-ab8c-d0ba3ae21495,1,Mat Bolo Bahaar Ki Batiyaan,"Bimla Kumari, Ramanand",0,https://www.youtube.com/watch?v=x3GhbLSK3DI
32e95cae-3ea1-504b-abb0-2c5927829ef3,59cba384-e2dc-5982-ab8c-d0ba3ae21495,2,Tum Bin Chain Na Aaye Sajni,Ramanand,0,https://www.youtube.com/watch?v=eaw0WmytN10
4b33f1a3-f8bb-52e1-a8fc-32a3e2718abc,59cba384-e2dc-5982-ab8c-d0ba3ae21495,5,Ambua Pe Baitha Panchhi Kya Boli Bole,"Husna Banu, Ramanand",0,https://www.youtube.com/watch?v=7H7mx4rBuB4
84cfd41a-0ac9-5860-a1a5-c541a452670c,59cba384-e2dc-5982-ab8c-d0ba3ae21495,7,Main Kali Bagh Ki Tu Bhaunra Kaala,Husna Banu,0,https://www.youtube.com/watch?v=UXtDfcKfHog
64131b20-b9d5-5ef1-9a3f-c2562678423c,59cba384-e2dc-5982-ab8c-d0ba3ae21495,8,Man Ke Taar Hila Ja,Ramanand,0,https://www.youtube.com/watch?v=cyNGEVEkEW8
a6f60633-02c2-5295-bca9-51261d461929,e175807b-693d-578d-82a3-ad8af88d8325,9,Lat Uljhi Suljha Ja Baalam,Jyoti,0,https://www.youtube.com/watch?v=f-QwpVeUyxY
ffbc4011-3466-5043-a2ff-9966dd3640ff,414f78b0-7fb6-54a7-aa1d-679f55b21b4d,1,Naacho Naacho Pyare Man Ke Mor,Arun Kumar,0,https://www.youtube.com/watch?v=L1ALWvBRoco
d6abcc5e-0bc4-51b9-86d3-3f1cbf27a715,414f78b0-7fb6-54a7-aa1d-679f55b21b4d,2,Sooni Sejariya Saiyan,Rajkumari,0,https://www.youtube.com/watch?v=Cs5yFXAoajU
28b9b57f-11a9-5fbb-a171-951a695d42e9,414f78b0-7fb6-54a7-aa1d-679f55b21b4d,7,Naacho Naacho Pyare Man Ke Mor,Snehaprabha,0,https://www.youtube.com/watch?v=f8qUAtX_JoM
4dc75067-ef16-5f8a-8251-06d53a912375,c1576f3d-d431-5fe9-ac3e-b3340e943380,5,Dekh Shikari Teer Chala,"James Singh, Rajkumari",0,https://www.youtube.com/watch?v=qX1HNr1g0w4
d988062b-dc1c-54e8-b06e-cd6c99ce1006,31a568f3-cb69-592c-8d1e-5ccb3557650c,3,Aayi Rajni Kaali Kaali,"Satish, Jyoti",0,https://www.youtube.com/watch?v=OERzoOSzKMA
1c0927b4-fdca-53c7-bf21-cee7679a53b6,31a568f3-cb69-592c-8d1e-5ccb3557650c,8,Aaj Hai Holi Aaj Diwali,"Jyoti, Harish - II",0,https://www.youtube.com/watch?v=hlOd0iD7Oro
d9428c13-136a-5e40-8ca8-9f615a3716e3,31a568f3-cb69-592c-8d1e-5ccb3557650c,11,Dekh Bagh Mein Kali Raseeli Bhanvra Hai Lalchaya,Rose,0,https://www.youtube.com/watch?v=Ucnfp3lPw7o
c49d5252-83b1-5301-8925-8f43af4fd123,31a568f3-cb69-592c-8d1e-5ccb3557650c,17,Phagun Ke Din Chaar,"Jyoti, Harish - II",0,https://www.youtube.com/watch?v=mdmCYvK6vdc
7c280c25-8fc8-5bbe-9772-1bedb4f969f0,2a36e5a9-e408-5b63-a35d-beb249bb2fa1,1,Abru Ki Kamaanon Mein,"Bibbo, Khan Mastana",0,https://www.youtube.com/watch?v=cZZ0iBVZ8l0
e8fa5352-b459-5979-a492-da89e947e5d7,2a36e5a9-e408-5b63-a35d-beb249bb2fa1,3,Daras Bin Dukhan Laage Nayan,Bibbo,0,https://www.youtube.com/watch?v=9EONaBhjKIY
dcce4fa6-d1fd-554c-acc6-36384defe438,2a36e5a9-e408-5b63-a35d-beb249bb2fa1,5,Aag Mein Bagh Lagaane Lagi Thi,Bibbo,0,https://www.youtube.com/watch?v=BOCidJBhGfQ
fcdf3ed8-0136-5b3e-8727-7f55f5fcd0be,22f41995-d656-5ffc-88e9-7287a3a667af,5,Aaj Suhag Ki Raat,Rajkumari,0,https://www.youtube.com/watch?v=xPLbQj_feys
452090c1-708f-58bf-b025-934af5bb0416,329b01df-662c-5991-8d98-70d76efcfef2,4,Duniya Rain Basera Musafir,Sheela,0,https://www.youtube.com/watch?v=zK-pB75ruA4
4300f593-ee01-5af3-90a7-dc9b10f09367,f41dea68-23ce-577c-b3a6-d12d35faf899,1,Jeevan Asha Yeh Hai Meri,K.L. Saigal,3.0,https://www.youtube.com/watch?v=MPUCQsAobbU
7c67ec90-3dd8-54c1-adfc-457f3fb25648,f41dea68-23ce-577c-b3a6-d12d35faf899,2,Main Kya Janoon Kya Jadoo Hai,K.L. Saigal,5.0,https://www.youtube.com/watch?v=xgiKuSLwVjA
7e64ec37-97a6-57f2-b88a-974a895ba216,f41dea68-23ce-577c-b3a6-d12d35faf899,3,So Ja Rajkumari So Ja,K.L. Saigal,5.0,https://www.youtube.com/watch?v=r5Icx2zEn5g
b8bb1202-32c9-5be5-a777-9b19b399aef6,f41dea68-23ce-577c-b3a6-d12d35faf899,5,Deewana Hoon Deewana Hoon Raahat Se Main Begana Hoon,K.L. Saigal,3.0,https://www.youtube.com/watch?v=qmvkgtqA6so
9ba12ca2-9c34-5d2a-a654-877c6c5529e9,efd7aee4-e03a-512c-a45d-cc4d04a63880,5,Nanadi Ulti Ganga Bahaye Jaye,Husn Bano,0,https://www.youtube.com/watch?v=hXBFwvKKIGA
a21cdc60-0940-59e1-945b-ffd5a5546c80,efd7aee4-e03a-512c-a45d-cc4d04a63880,8,Bitai Kahan Ratiyaan Ho Maharaja,Husn Bano,0,https://www.youtube.com/watch?v=2EbOioObRlI
b3e9ddc6-5178-5955-861e-383b5a65626a,efd7aee4-e03a-512c-a45d-cc4d04a63880,10,Bole Ja Bole Ja Tu Roop Ke Panchi Bole Ja,"Sardar Akhtar, Anil Biswas",0,https://www.youtube.com/watch?v=4ETVsF_7juM
441dbb03-3fcb-5214-a443-d1ced22a4e8c,ce206a94-7626-5e24-8266-694779bb00d6,4,Maharaj Shikari Ban Gaye Ho,Bibbo,0,https://www.youtube.com/watch?v=GUez8_XR-Kc
4f32d465-3f10-57ff-a4ad-5265c1cf7c1b,ce206a94-7626-5e24-8266-694779bb00d6,5,Lagti Hai Chot Jigar Par,Bibbo,0,https://www.youtube.com/watch?v=WrwjE4BQTb4
dea79097-13db-5c51-97e2-6277f63eab1c,b5a745dc-e8a3-5613-bbba-286ff88c9397,1,O Bharat Maa Ke Naujawan Kheencho Kamaan Kheencho,"Ashok Kumar, Suresh, Rewa Shankar",0,https://www.youtube.com/watch?v=VVpb2SXtWio
b24321b9-dd82-5d5d-8296-b1103afe32fc,b5a745dc-e8a3-5613-bbba-286ff88c9397,2,Pyare Pyare Sapne Hamare (Male),"Ashok Kumar, Suresh, Rewa Shankar",0,https://www.youtube.com/watch?v=d0Do7TNc8U4
11789c69-91f1-5b9f-b7d2-95e67919dd2b,b5a745dc-e8a3-5613-bbba-286ff88c9397,3,Aayi Pashchim Se Ghata,Devika Rani,0,https://www.youtube.com/watch?v=y5Q7rBsfI0Y
208353f0-5223-5067-b2c9-e619aa2621e4,b5a745dc-e8a3-5613-bbba-286ff88c9397,4,Saanwariya Re Saanwariya Chal Chal Re (Duet),"Arun Kumar, Susheela",0,http://www.youtube.com/watch?v=OctVHQ3ZPks
111eea18-f722-56b7-ba43-12ac17dc8181,b5a745dc-e8a3-5613-bbba-286ff88c9397,5,Pyare Pyare Sapne Hamare (Duet),"Ashok Kumar, Devika Rani",0,https://www.youtube.com/watch?v=17J_q39RJLE
d6960bff-b275-5127-8b88-9d207e9b8ba2,b5a745dc-e8a3-5613-bbba-286ff88c9397,6,Chhalko Chhalko Na Ras Ki Gagariya,Rajkumari,0,https://www.youtube.com/watch?v=BArDuYFXBbM
e25625c9-5ba4-52d9-b623-cac688c8bbb0,b5a745dc-e8a3-5613-bbba-286ff88c9397,7,Mere Jeevan Ke Path Par Chhaai Ye Kaun,"Ashok Kumar, Devika Rani",0,https://www.youtube.com/watch?v=5exk2ynR_as
aadc6ac3-c0e3-5f6c-9e59-7edfc666738e,b5a745dc-e8a3-5613-bbba-286ff88c9397,8,Main Toh Tumse Bandhi Rahoon,Devika Rani,0,https://www.youtube.com/watch?v=oaFm2aSMFLc
e1559443-6cfe-5a75-a7db-9c224c3ab8f2,5dd96551-52d9-56b9-b700-8d2833de8014,1,Kiye Ja Sabka Bhala,Anil Biswas,0,https://www.youtube.com/watch?v=b4AnGwe9GaA
3f09a843-b929-5b14-b9bf-c27a07a227a4,5dd96551-52d9-56b9-b700-8d2833de8014,2,Kyun Karta Moorakh Aasha,Anil Biswas,0,https://www.youtube.com/watch?v=juQswhq0wL0
70969d55-296d-5c55-ab9a-6ad99aabe943,5dd96551-52d9-56b9-b700-8d2833de8014,3,Tore Kajra Lagaoon Mori Rani,"Baby Meena, Beena Kumari - I",0,https://www.youtube.com/watch?v=7fH2M1r2XOw
44c9258f-e551-5cd6-a7d9-13c322d0c32f,5dd96551-52d9-56b9-b700-8d2833de8014,4,Mora Pihu Pihu Mann Bole,,0,https://www.youtube.com/watch?v=jwBg0W5txeo
b41b5f23-5e5e-5b1c-8958-c092957c8d08,5dd96551-52d9-56b9-b700-8d2833de8014,5,Preet Nahin Jaane Balam More Bhole,Miss Iqbal,0,https://www.youtube.com/watch?v=L0KeBHc8Mfg
c4480a0b-da92-51a6-a98e-43c4a614068b,5dd96551-52d9-56b9-b700-8d2833de8014,6,Nahin Khaate Hain Bhaiya Mere Paan,"Nalini Jaywant, Sheikh Mukhtar",0,https://www.youtube.com/watch?v=j4DDeeq9PLY
e7573a94-d612-59b2-8a73-c31d98847650,5dd96551-52d9-56b9-b700-8d2833de8014,7,Ratoon Nish Din Tera Naam Re,Husn Bano,0,https://www.youtube.com/watch?v=wboZe18UWHE
aea2017a-c4eb-5f55-af12-b05672fbb4d5,5dd96551-52d9-56b9-b700-8d2833de8014,8,Mohe Le Chal Apni Nagariya,"Nalini Jaywant, Husn Bano",0,https://www.youtube.com/watch?v=sATjtQwuOIE
367e9dea-b2c6-5e49-b3c9-99e109604734,5dd96551-52d9-56b9-b700-8d2833de8014,9,Aayi Jawani Jiya Lehraye,"Nalini Jaywant, Sheikh Mukhtar",0,https://www.youtube.com/watch?v=aAz-3LJ0XA0
03a07a3c-330f-5657-b4e1-229e50a98f9c,5dd96551-52d9-56b9-b700-8d2833de8014,10,Aaj Chali Sasural Sakhi Ri,Anil Biswas,0,https://www.youtube.com/watch?v=xtqxdLKUlKA
07929129-45f9-5b2b-98c1-bf8f2770a64e,5dd96551-52d9-56b9-b700-8d2833de8014,11,Hawa Basant Ki Dol Rahi Hai (Beena Woh Din Tumhe),"Harish - II, Nalini Jaywant",0,https://www.youtube.com/watch?v=Frq-aEohK0o
52c55028-5ec9-5492-9708-db403ced1ab6,5dd96551-52d9-56b9-b700-8d2833de8014,12,Koyal Gaa Re Papihe Bol Bol Bol,Husn Bano,0,https://www.youtube.com/watch?v=laD12zAaU8o
1172a799-b169-5422-a79f-480ff8313463,bd24459f-4e09-5c1e-b51f-57861533b3fd,1,Dulha Rootha Dulhan Se Aur Dulhan Use Manaye,Kesari,0,https://www.youtube.com/watch?v=jFy_LrL1TvE
3cb965b2-426b-5d00-8d06-243f1c463121,bd24459f-4e09-5c1e-b51f-57861533b3fd,2,Ja Ri Badariya Tu Ja,"Khursheed, Vasanti",0,https://www.youtube.com/watch?v=w1BdHx2MNdU
6ab06569-a62a-55a9-9aa0-d81a08aa2e98,bd24459f-4e09-5c1e-b51f-57861533b3fd,3,Ghir Ghir Ghan Mein Ghor Ghata Chhaayi,Khursheed,0,http://www.youtube.com/watch?v=BkxEYuT0R3w
7f4e1c05-5f58-52da-9805-9f2d20b1b96f,bd24459f-4e09-5c1e-b51f-57861533b3fd,4,Kabhi Yaad Aansoo Ban Ke,"Khursheed, Vasanti, Arun Kumar",0,https://www.youtube.com/watch?v=pKoFKNoZmCI
831a2423-99bc-56c1-a7c9-f076ae1d6bfd,bd24459f-4e09-5c1e-b51f-57861533b3fd,5,Jamuna Tat Pe Sakhi Aao Panghat Pe Sakhi,Vasanti,0,https://www.youtube.com/watch?v=776XT6_PYbg
4328e7c1-d98e-5cf5-a398-dac86bd795d7,bd24459f-4e09-5c1e-b51f-57861533b3fd,6,Tere Liye Layi Hoon Sandesha,"Khursheed, Vasanti",0,https://www.youtube.com/watch?v=6tGIQDavAgg
91cdad61-e432-5b1b-963b-42fdbe5b3d92,bd24459f-4e09-5c1e-b51f-57861533b3fd,7,Jaag Jaag Jaag Jaag Re Ab To Jaag,Vasanti,0,https://www.youtube.com/watch?v=WS5ayE6GoC4
9571f027-d8e9-5aaa-a3a8-6f857acf2555,bd24459f-4e09-5c1e-b51f-57861533b3fd,8,Yeh Dard-E-Mohabbat Hai Kaise Woh Bhala Jaane,Khursheed,0,https://www.youtube.com/watch?v=E3vtuKYa0OU
b122b74e-4342-5ee2-a338-5a6cc29c8507,bd24459f-4e09-5c1e-b51f-57861533b3fd,9,Jo Pehne Ban Jaaye Dulhan,Vasanti,0,https://www.youtube.com/watch?v=DV8z5sUb7Bo
cb5b3e8d-f73b-58b4-b6a3-70d86003ecb2,bd24459f-4e09-5c1e-b51f-57861533b3fd,10,Armaan Kuch Toh Dil Mein Tadap Ke Hi Reh Gaye,Khursheed,0,https://www.youtube.com/watch?v=7IcVvUdNfc0
2265576f-4934-570f-b72b-418bf1371dd1,bd24459f-4e09-5c1e-b51f-57861533b3fd,11,Nainon Se Naina Mila Ke,Khursheed,0,http://www.youtube.com/watch?v=rzHpHhNliX8
890b34bb-5cf6-5f61-bea4-7ec963d9c518,bd24459f-4e09-5c1e-b51f-57861533b3fd,12,Ye Thandi Hawayein Sandesh Sunayein,"Khursheed, Vasanti",0,https://www.youtube.com/watch?v=MqT7gxsS25o
a591db88-02f5-543d-aa29-a599ce7079c2,bd24459f-4e09-5c1e-b51f-57861533b3fd,14,Main Baman Ki Chhori Re Balam Ji,"Kesari, Brijmala",0,https://www.youtube.com/watch?v=YVWKupE5T_8
3ff1b5b9-894e-5a96-b659-254d17263027,00b5a5c4-cdf3-5afb-9b6d-425af194187c,2,Neel Kamal Muskaye Bhanvra Jhoothi Kasmen Khaaye - I,Ramdulari,0,https://www.youtube.com/watch?v=LErBac9yW4A
e33ca671-aa90-5de3-acc9-ff53fc188f6d,00b5a5c4-cdf3-5afb-9b6d-425af194187c,3,Saiyan Saanwre Bhaye Baawre,Ramdulari,0,https://www.youtube.com/watch?v=TBmmFaLkTpI
c2141052-0844-5076-8aa1-aaca53cf5d30,00b5a5c4-cdf3-5afb-9b6d-425af194187c,4,Neel Kamal Muskaye Bhanvra Jhoothi Kasmen Khaaye - II,Ramdulari,0,https://www.youtube.com/watch?v=97bWcmKkjjc
14be2385-e8ce-5619-b1fc-87b6a64d36cc,00b5a5c4-cdf3-5afb-9b6d-425af194187c,5,Rut Aaye Rut Jaye,Siddheshwar Mukherjee,0,https://www.youtube.com/watch?v=uvbzgQ7RsDw
0a166bca-452d-503c-90a1-70ff2a27ca64,00b5a5c4-cdf3-5afb-9b6d-425af194187c,6,Joban Ki Bagiya Mehki Mehki,,0,https://www.youtube.com/watch?v=-ujo7aEjEDs
f8365174-69c6-52bc-a3da-95108a0c1fcf,00b5a5c4-cdf3-5afb-9b6d-425af194187c,8,Tum Jao Bade Bhagwan Bane,Ramdulari,0,http://www.youtube.com/watch?v=tEP5WzsLcic
f047de8b-544e-5312-a847-cb9ec3f51a7f,00b5a5c4-cdf3-5afb-9b6d-425af194187c,9,Naiya Dheere Dheere Jaana,Ramdulari,0,https://www.youtube.com/watch?v=eKaXlWnCgSg
bffdecd1-81f5-5b64-a2bb-a995fd95ba3e,00b5a5c4-cdf3-5afb-9b6d-425af194187c,10,Prem Hi Jaane Prem Ki Maya,Rajendra Singh,0,http://www.youtube.com/watch?v=7fndPtEDwMI
581a7fbf-976f-5c8e-8896-673e42cabccc,cf54f33e-1a16-540e-932c-f0ca7975365b,1,Pardesi Babu Aate Jaate Rehna - I,"G.M. Durrani, Jyoti",3.0,http://www.youtube.com/watch?v=BnETja0GPwE
537d25be-abdd-5c8d-ae5b-aefb95a23e44,cf54f33e-1a16-540e-932c-f0ca7975365b,2,Main Kunjan Mein Phoolan Le Aayi Re Rama Ho,Jyoti,0,https://www.youtube.com/watch?v=l9a96J9WDnQ
21acf346-5ba8-5c45-b8b9-704974910d83,cf54f33e-1a16-540e-932c-f0ca7975365b,3,Laga Le Ram Naam Se Preet,"Meera, G.M. Durrani",0,https://www.youtube.com/watch?v=fkphLLNwBmA
977e5ac8-c98a-5468-ae13-8b4533ef8a97,cf54f33e-1a16-540e-932c-f0ca7975365b,4,Koi Kab Tak Rahe Akela,"Jyoti, Prem Adeeb, Bhudo Advani",0,http://www.youtube.com/watch?v=3LW763dOny0
4c575d9b-a712-55dc-90a6-604d45318deb,cf54f33e-1a16-540e-932c-f0ca7975365b,5,Mann Ki Kothariya Mein Aao Salone Sajan,"Kaushalya, Jyoti, Prem Adeeb",0,https://www.youtube.com/watch?v=XsT8_fa2DWk
8619c637-d561-5f0b-a5c1-dc6e8ac7ae54,cf54f33e-1a16-540e-932c-f0ca7975365b,6,Bol Re Saheli Tu Phir Beena Ban Ke Bol,"Jyoti, Prem Adeeb",0,http://www.youtube.com/watch?v=Fc0YdFktTFo
a4d82655-4e1d-55ea-a5a1-65cff568ec3d,cf54f33e-1a16-540e-932c-f0ca7975365b,7,Shyam Kahan Soya Tu Ram Kahan Soya,"Amirbai Karnataki, Meera",0,http://www.youtube.com/watch?v=JYSQgTWzQQk
5f297073-8f87-557e-9f5a-fced4f8f7bc2,cf54f33e-1a16-540e-932c-f0ca7975365b,8,Panchhi Udd Ja,Sheetal Ghosh,0,http://www.youtube.com/watch?v=miqXMy4MP4w
97c9956a-fd8a-5391-a95f-550bcc440fe6,cf54f33e-1a16-540e-932c-f0ca7975365b,9,Saajan Tum Nikle Bedardi Apnon Se Munh Mod Chale,"Jyoti, Madhusudan",0,https://www.youtube.com/watch?v=chhSg5WrVbo
cfdc9e59-3b66-5dbc-9e43-690df0dcd653,cf54f33e-1a16-540e-932c-f0ca7975365b,10,Main Pee Darshan Ki Pyasi Re,Jyoti,0,http://www.youtube.com/watch?v=cfp1Qd0WK3Y
a9f5c561-05c1-50b5-b5a9-3be74c9f9e9d,cf54f33e-1a16-540e-932c-f0ca7975365b,11,Peehar Mein Piya Chhede Maroon Re Main To Laaj Ki Maari,"Meera, G.M. Durrani",0,https://www.youtube.com/watch?v=DImavVlOGBU
5bae4ca3-f527-52f8-9923-487c412469d4,cf54f33e-1a16-540e-932c-f0ca7975365b,12,Jin Nainan Neer Samaye,Prem Adeeb,0,http://www.youtube.com/watch?v=PV3NQQvdLNE
74b60376-ebe8-504b-937b-0872862a9749,0c6093e5-2fad-5f47-a6de-6796f824f29e,2,Lut Gaya Lut Gaya (Makhmoor Nigahon Mein),Charlie - I,0,https://www.youtube.com/watch?v=XyzNblaeZg4
9d6048d6-b74e-52c6-b11f-ef75bbbe1d66,0c6093e5-2fad-5f47-a6de-6796f824f29e,7,Teri Nazar Ne Mujhe Maara (Ek Do Teen Char Paanch),Charlie - I,0,https://www.youtube.com/watch?v=OBPnNpk7moA
db895264-0747-53cb-a5c7-7144f1c246a2,0dfa72b7-c9b7-531e-967b-6459faf22504,1,Chale Pawan Ki Chaal Jag Mein,Pankaj Mullick,4.0,https://www.youtube.com/watch?v=mSlnYqZakgk
fcc5353c-b542-574e-b174-70e0f5ee034f,0dfa72b7-c9b7-531e-967b-6459faf22504,2,Kab Tak Nirash Ki Andhiyari,Pankaj Mullick,4.0,https://www.youtube.com/watch?v=bIBH5lQYC2Y
e1638219-95c0-5228-ac0a-efa5d44f3e4e,0dfa72b7-c9b7-531e-967b-6459faf22504,3,Bhayi Jagat Ujiyari Dekho,,0,https://www.youtube.com/watch?v=y7rPwgcL5eg
9f99fe8a-188d-5067-8db6-3c5a7b099473,0dfa72b7-c9b7-531e-967b-6459faf22504,4,Guzar Gaya Woh Zamana Kaisa,Pankaj Mullick,4.0,https://www.youtube.com/watch?v=QF5NL04Rofc
9735c4d4-a3be-522c-8e07-e9691d14b094,0dfa72b7-c9b7-531e-967b-6459faf22504,5,Yeh Titli,Ila Ghosh,0,https://www.youtube.com/watch?v=aCHRe_xASmc
ebbce9d0-1bf0-5aeb-82d8-08c7b43b81bc,0dfa72b7-c9b7-531e-967b-6459faf22504,6,Badi Suhani Bhor Saajan,"Ila Ghosh, Sunil Ghosh",0,https://www.youtube.com/watch?v=Wtl-_qxyXdQ
e6363ec6-ad9c-5f37-809b-07f6e5bf5d33,0dfa72b7-c9b7-531e-967b-6459faf22504,7,Aayi Nit Nayi Rut Ki Bahaar Aayi Bahaar Aaj,Ila Ghosh,0,https://www.youtube.com/watch?v=m-n4JP8KH0Q
eb1ce82f-6d21-56e9-9bb8-328212b7e600,0dfa72b7-c9b7-531e-967b-6459faf22504,8,Aapan Jeevan Darpan Nyara,Ila Ghosh,0,https://www.youtube.com/watch?v=5xViFBBq6Fc
e4ad6b20-7d1b-5e72-a42c-9b88bbc358c3,0dfa72b7-c9b7-531e-967b-6459faf22504,9,Aaj Apni Mehnaton Ka,Pankaj Mullick,3.0,https://www.youtube.com/watch?v=wIFQWdxYnMA
aad9fe06-28b6-50b7-b540-de651e392669,0dfa72b7-c9b7-531e-967b-6459faf22504,10,Mahak Rahi Phulwari Hamri,Pankaj Mullick,0,https://www.youtube.com/watch?v=TClpACD5zYc
52861bbd-dc14-5d28-b35e-b4a65574ed3c,0dfa72b7-c9b7-531e-967b-6459faf22504,11,Aayi Nit Nayi Rut Ki Bahaar Aayi Bahaar Aaj,Pankaj Mullick,4.0,https://www.youtube.com/watch?v=sqE2Qv4Vcx4
b1ce45cf-3d0a-563f-ae7c-543db98aded7,4ccee030-980f-50fd-9721-6f01d2c5f95e,4,Main Hoon Rani Ek Sunehri Nagari,"Umrazia Begum, Karimdad Khan",0,https://www.youtube.com/watch?v=CmGK-g3TRHg
9083fee5-80ec-5c5a-a1da-41651908af06,4ccee030-980f-50fd-9721-6f01d2c5f95e,10,Inhi Logon Ne Le Leena Dupatta Mera,Shamshad Begum,0,https://www.youtube.com/watch?v=k9OKaoPsiwI
00dde4b9-6322-5907-95d3-5da146bbc564,064ab56a-c6e6-5498-917c-eb2c3bba0b17,1,Chhed De Sajni (Jinki Jawani Unka Zamana),"Shobhna Samarth, Kanti Lal",0,https://www.youtube.com/watch?v=Mh55o53hByM
b7c365ed-9a03-59a1-9ac3-9175d17cb823,064ab56a-c6e6-5498-917c-eb2c3bba0b17,2,Woh Baat Ki Hai Tune Bas Mazaa Aa Gaya,"Vatsala Kumthekar, Kanti Lal",0,https://www.youtube.com/watch?v=P9PkJMv_a3w
df57ece5-b73d-5a51-b106-e0588de88780,064ab56a-c6e6-5498-917c-eb2c3bba0b17,4,Raat Pade Mat Rooth Deewani,Kanti Lal,0,https://www.youtube.com/watch?v=Ip78fc0nhi0
f019886c-04a5-5cd3-8e0f-568c4bc05974,064ab56a-c6e6-5498-917c-eb2c3bba0b17,5,Meri Ankhen Sharaabi,Vatsala Kumthekar,0,https://www.youtube.com/watch?v=4CFqgso5kMg
e794bd8f-9dc2-535b-ac9c-c51e033f3706,064ab56a-c6e6-5498-917c-eb2c3bba0b17,6,Tere Nainon Mein Naina Daale,Vatsala Kumthekar,0,https://www.youtube.com/watch?v=R3hXi4f7NdE
c5224f17-6ef1-5907-bd79-b517475e912b,064ab56a-c6e6-5498-917c-eb2c3bba0b17,7,Jaaye Na Paayi Ho Hamari Gali Aay Ke,Vatsala Kumthekar,0,https://www.youtube.com/watch?v=h3SqDPKvppI
c85cf280-d838-5e1d-ba81-897fc9471357,064ab56a-c6e6-5498-917c-eb2c3bba0b17,8,Taare Kyun Muskayein,"Rajkumari, Vatsala Kumthekar, Kanti Lal",0,https://www.youtube.com/watch?v=rHC7_8v4qyw
11085aad-9f68-525e-a1a2-714fe028a43a,eafdd9c1-7191-5369-bb24-5aaace930ef7,1,Hindole Kaise Jhooloon Mera Jiya Dole Re,Leela Chitnis,0,https://www.youtube.com/watch?v=S0Uy8EGiDcE
3282064f-1d33-5303-b205-a48485d06681,eafdd9c1-7191-5369-bb24-5aaace930ef7,2,Na Jaane Kidhar Aaj Meri Naav Chali Re,Ashok Kumar,0,https://www.youtube.com/watch?v=SnVu5ygHRlM
581d1920-db07-5288-96cc-342ab89e0ff1,eafdd9c1-7191-5369-bb24-5aaace930ef7,3,Jhoole Ke Sang Jhoolo,Leela Chitnis,0,https://www.youtube.com/watch?v=0eOJL-LugYk
921c5762-23f0-5146-96f8-d895baf75130,eafdd9c1-7191-5369-bb24-5aaace930ef7,4,Aaj Mausam Salona Salona Re,"Ashok Kumar, Rehmat Bano",0,https://www.youtube.com/watch?v=qwDRL4W60VI
67c74147-ca60-5f91-9642-ae875a4d1b63,eafdd9c1-7191-5369-bb24-5aaace930ef7,5,Main Toh Dilli Se Dulhan Laya Re,"Rehmat Bano, Arun Kumar",3.0,https://www.youtube.com/watch?v=Rs_75MHm40Y
a2892cec-6b34-5b01-ab90-14881491445c,eafdd9c1-7191-5369-bb24-5aaace930ef7,6,Dekho Keh Doongi,"Leela Chitnis, Ashok Kumar",0,https://www.youtube.com/watch?v=Txfi6qEyaT0
9c87fb2d-5ea9-537d-b0e4-fc835b2663a7,eafdd9c1-7191-5369-bb24-5aaace930ef7,7,Mujhe Mat Bhoolna,"Leela Chitnis, Ashok Kumar",0,https://www.youtube.com/watch?v=8hQNf_8DsnE
94157d66-be79-5f4d-87fc-83a0ef70f5da,eafdd9c1-7191-5369-bb24-5aaace930ef7,8,Humne Kisi Se Suni Kahani,Ashok Kumar,0,https://www.youtube.com/watch?v=oEaPTvG_44U
2798f09f-04a2-5fcd-82bb-8bfd327fa45c,eafdd9c1-7191-5369-bb24-5aaace930ef7,9,Dekho Hamare Raja Ki Aaj Sagai Hai,"Rehmat Bano, Arun Kumar",0,https://www.youtube.com/watch?v=vrcL4ZC_D0I
41587278-e080-525c-b980-06b35cc1632b,eafdd9c1-7191-5369-bb24-5aaace930ef7,10,Mere Bichde Hue Saathi Teri Yaad Satave,Kavi Pradeep,0,https://www.youtube.com/watch?v=D_PoV0_RV0A
234df92d-cde2-5d70-b569-b95d9ad0f031,eafdd9c1-7191-5369-bb24-5aaace930ef7,11,Ek Baat Batao Hamein Gori,"Leela Chitnis, Ashok Kumar",0,http://www.youtube.com/watch?v=9kO975ncpfc
8a33297e-10a4-59f4-8063-6a1cf01f7df9,eafdd9c1-7191-5369-bb24-5aaace930ef7,12,Ek Chatur Naar Kar Kar Singaar,Ashok Kumar,0,https://www.youtube.com/watch?v=dVEshGk6OIY
87e63133-6534-597d-a1d9-2f23380deb7c,601c1f1b-5f12-5b2d-8fdf-ae80b5e531ad,1,Bata Do Koi Kaun Gali More Shyam,Leela Chitnis,0,https://www.youtube.com/watch?v=oIeuZDH2M5E
a6b97593-0314-5d7f-8e59-97ebfc5415de,601c1f1b-5f12-5b2d-8fdf-ae80b5e531ad,4,Mori Gali Aa Re Sajan,Leela Chitnis,0,https://www.youtube.com/watch?v=Ey17yxUlbBE
a51691f9-609a-5386-8798-5120afe081f1,601c1f1b-5f12-5b2d-8fdf-ae80b5e531ad,11,Main Teri Main Teri Kaun Bina Tere Fariyad Sune Meri,"Kanti Lal, Miss Iqbal",0,http://www.youtube.com/watch?v=kp1unbj0xhw
58873ebc-7df6-51c5-b355-a24240b93f96,f70b802e-084a-50a7-9102-b2d6a20fa87e,1,Ek Kali Naazon Ki Pali,Shamshad Begum,0,https://www.youtube.com/watch?v=msS4MuU_GFs
b89d2c9c-2bf9-5bbe-8f38-590329f6176f,f70b802e-084a-50a7-9102-b2d6a20fa87e,2,Laut Gayi Paapan Andhiyaari,Shamshad Begum,0,https://www.youtube.com/watch?v=4zoYVXVYAec
6c5ca08a-6772-51d2-9e75-3ad3fae960b5,f70b802e-084a-50a7-9102-b2d6a20fa87e,3,Mann Dheere Dheere Rona,Shamshad Begum,0,https://www.youtube.com/watch?v=uTw3hJ8p2X8
4a38b855-0e9e-5434-a28b-73a2bc403c79,f70b802e-084a-50a7-9102-b2d6a20fa87e,4,Nainon Ke Baan Ki Reet Anokhi,"Shamshad Begum, Ghulam Haider",0,https://www.youtube.com/watch?v=l9ct7Uk6-ac
547822de-7f5f-5669-a8d5-8f5f2de89b6b,f70b802e-084a-50a7-9102-b2d6a20fa87e,5,Mohe Bhabhi La Do Bhaiya,Shamshad Begum,0,https://www.youtube.com/watch?v=bzfZbf1q6WE
1cd61e54-3e1a-5f51-af39-1a4fc7f83d90,f70b802e-084a-50a7-9102-b2d6a20fa87e,6,Mori Choodiyan Aayegi Aali,Shamshad Begum,0,https://www.youtube.com/watch?v=nHaL74tlQhI
cba7ff6a-0352-5d68-b704-9f0c94d3c889,f70b802e-084a-50a7-9102-b2d6a20fa87e,7,Peene Ke Din Aaye Piye Ja,Shamshad Begum,0,https://www.youtube.com/watch?v=ccOw6UI6zUo
f7b8b3ec-3e24-57fd-ba80-67a9eaa93f95,f70b802e-084a-50a7-9102-b2d6a20fa87e,8,Diwali Phir Aa Gayi Sajni,Shamshad Begum,0,https://www.youtube.com/watch?v=P81hsC9ZK5Y
d75465c8-3996-51a9-bb51-62c4009a3210,f70b802e-084a-50a7-9102-b2d6a20fa87e,9,Sawan Ke Nazaare Hain,Shamshad Begum,3.0,https://www.youtube.com/watch?v=QBaGywrqPwg
b840a016-edd1-5c9b-afb3-114f0c34a144,5f94a57b-d298-557d-b619-559aeba34d1c,1,Kaahe Ko Raad Machai,K.L. Saigal,3.0,https://www.youtube.com/watch?v=i69zzkHxhVw
77f808e3-468d-5d24-848e-e4d5e8018a12,5f94a57b-d298-557d-b619-559aeba34d1c,2,Koi Samjhaye Ye Geet Sakhi Kya Hai,Kanan Devi,3.0,https://www.youtube.com/watch?v=XkxIlvV7Z-Y
b3cfea1f-1b8c-5bbb-802c-fa46ea428b63,5f94a57b-d298-557d-b619-559aeba34d1c,3,Madbhari Madbhari Matwari,Kanan Devi,3.0,https://www.youtube.com/watch?v=2tFFRLNaydY
bb282e20-1858-5c8b-a2dd-f29a9dba4285,5f94a57b-d298-557d-b619-559aeba34d1c,4,Ye Kaisa Anyay Daata,K.L. Saigal,0,https://www.youtube.com/watch?v=5B5J9F9EdHQ
b52325f3-65eb-5a2f-876d-2ec02b4f83f3,5f94a57b-d298-557d-b619-559aeba34d1c,5,Takat Hoon Tumri Ore Saajan,Kanan Devi,3.0,https://www.youtube.com/watch?v=yLEtdYdLSAA
840db447-9abf-568b-9a97-b4889ad046db,5f94a57b-d298-557d-b619-559aeba34d1c,6,Tum Bin Kal Na Aave Mohe,Kanan Devi,3.0,https://www.youtube.com/watch?v=CRNjlAA7aIo
1bf60b87-6d2b-537e-8f69-ca8855b8aef4,5f94a57b-d298-557d-b619-559aeba34d1c,7,Hat Gayi Lo Kaari Ghata,K.L. Saigal,0,https://www.youtube.com/watch?v=Y8IRVZcosGw
f4403431-6c16-5844-a8c9-bab1069665d0,5f94a57b-d298-557d-b619-559aeba34d1c,8,Hamari Laaj Nibhao Swami,Kanan Devi,3.0,https://www.youtube.com/watch?v=b8_GEjcqylM
e8cda628-f7ff-57a8-8e06-e1d429110ad0,5f94a57b-d298-557d-b619-559aeba34d1c,9,Main Sote Bhaag Jaga Doonga,K.L. Saigal,0,https://www.youtube.com/watch?v=oAHylxn68AI
3444b29b-9635-50ea-84db-1752beeeda83,5f94a57b-d298-557d-b619-559aeba34d1c,10,Koi Manushya Kitna Hi Bura Kyun Na Ho,K.L. Saigal,0,https://www.youtube.com/watch?v=NHrbAh_Ri_Y
85244835-2b89-5451-9d57-74c0c6bd0bc6,520e68f8-9591-5512-98ff-8db11f15d521,1,Haye Bhaadon Ki Kaali Kaali Raat Re,Miss Rose,0,http://www.youtube.com/watch?v=mNk4RFK_HdQ
e0c2501d-86c7-5f45-8a01-f189d8084c9c,520e68f8-9591-5512-98ff-8db11f15d521,2,Madhoji Madhoji Bharat Mein Phir Aao,Brijmala,0,http://www.youtube.com/watch?v=1eXuzWE7OoA
88135a96-12c6-5cde-a70f-a3c1ea53cdaf,520e68f8-9591-5512-98ff-8db11f15d521,4,Aayenge Saajana Aayenge,Miss Rose,0,http://www.youtube.com/watch?v=hb7A97Zhuz8
b4903ff9-51ad-53f4-80cd-70bb2cf875ae,520e68f8-9591-5512-98ff-8db11f15d521,5,Kyon Naina Bhar Aaye Baawre,Shrimati Ghosh,0,http://www.youtube.com/watch?v=jSledZv3rX8
55e13e64-a50e-5c0b-ba1a-be3931d8c22c,520e68f8-9591-5512-98ff-8db11f15d521,6,Kaahe Barse Jaay Badariya,Amirbai Karnataki,0,http://www.youtube.com/watch?v=5yJf9_d0SHg
ca75d8a2-be57-546f-96db-500116f5ad1c,520e68f8-9591-5512-98ff-8db11f15d521,9,Dekh Liya Jag Tera,Shrimati Ghosh,0,http://www.youtube.com/watch?v=5nWU8LSMQ00
358aa5dc-6467-502d-b4cf-a8065d406d56,d738757a-7cf4-58b9-98b5-7479abb9093b,4,Raatein Thin Chandni Joban Par Thi Bahaar,"Amirbai Karnataki, Rafiq Ghaznavi",3.0,http://www.youtube.com/watch?v=r2_QBaqrZY8
30fa273a-e71f-5176-9258-a3da6c6345f1,367c9f74-583a-5ecb-afbb-22a256c1ad9c,6,Mera Man Kho Gaya Hai,Ashok Kumar,0,https://www.youtube.com/watch?v=xJwjEUqf4pw
c0365846-8901-50b0-aae3-446a8fb66dbb,367c9f74-583a-5ecb-afbb-22a256c1ad9c,8,Ek Naya Sansar Basa Len,"Renuka Devi, Ashok Kumar",3.0,https://www.youtube.com/watch?v=nXEaaS2YaGQ
d7873373-3bbc-574e-a135-7f1e4f7984ec,367c9f74-583a-5ecb-afbb-22a256c1ad9c,10,Kab Tak Bolo Chhipi Rahogi,"Renuka Devi, Ashok Kumar",0,https://www.youtube.com/watch?v=hH0AU-Ig5kk
039b21cc-a2c2-503a-ba7a-32179cfa1e7c,5ea63369-d74b-597e-bfe4-40c3276ace93,2,Main Hoon Pari,"Nalini Jaywant, Mukesh",0,http://www.youtube.com/watch?v=vuKEkFUW55I
bd959bf8-c0fd-59e8-b86d-0de79555037f,5ea63369-d74b-597e-bfe4-40c3276ace93,10,Dil Hi Bujha Hua Ho To,Mukesh,0,https://www.youtube.com/watch?v=g7ntU86EZ_M
a2f8b25d-f949-5fab-83c6-9fc6c4fc56ca,9274c4fd-333a-58a2-b6b7-5683849e4039,1,Avadhpuri Sab Prem Hi Chhava,,0,https://www.youtube.com/watch?v=BHPnHjxCmws
d29a1de4-1fa6-50aa-b598-e0a43c2f37bd,9274c4fd-333a-58a2-b6b7-5683849e4039,3,Ban Mein Bahaar Aa Gayi,"Anees Khatoon, Balwant Singh",0,https://www.youtube.com/watch?v=GlQYf3Qsa5o
9d5933b9-eadc-51d1-9a88-0598cc4815ad,9274c4fd-333a-58a2-b6b7-5683849e4039,4,Mami Chhail Chhabili Naar,Radhakishan,0,https://www.youtube.com/watch?v=qQ2H6WuBA5I
f3f6d3c7-c803-5df7-8c81-229f249b6940,9274c4fd-333a-58a2-b6b7-5683849e4039,5,Kaka Abba Bade Khiladi,"Balwant Singh, Balakram, Gopal - I",0,http://www.youtube.com/watch?v=AD8g-FxYZ0M
d633492e-8b54-550e-a82e-89ab6bedc307,9274c4fd-333a-58a2-b6b7-5683849e4039,6,Saathi Janam Maran Ka Tu,Balwant Singh,0,https://www.youtube.com/watch?v=LYuL1nDzY58
d3b8e703-58ba-5097-adeb-3e8a750bb2df,9274c4fd-333a-58a2-b6b7-5683849e4039,7,Main Geet Sunaati Rehti Hoon,Anees Khatoon,3.0,https://www.youtube.com/watch?v=RcA1fZAQbAc
edebd02a-71c8-5945-a487-7ec016831e87,9274c4fd-333a-58a2-b6b7-5683849e4039,8,Kaisa Chhaya Hai Aala Ujala Rasiya,"Anees Khatoon, Balwant Singh",0,https://www.youtube.com/watch?v=cG6tN86ZEAE
eb188d7d-482b-5d56-abc9-d5f6a7d5d029,9274c4fd-333a-58a2-b6b7-5683849e4039,9,Bharat Avadh Mein Shok Manaye,,0,https://www.youtube.com/watch?v=cbV6MF8RB2k
d8de6f1b-8203-5cb4-8526-9b8afca4cab8,9274c4fd-333a-58a2-b6b7-5683849e4039,10,Uth Meri Pyari Beti,"Lajwanti, Anees Khatoon",0,https://www.youtube.com/watch?v=xyv0LI520aQ
084f8f02-5b5e-5791-822d-f290b3f363b0,9274c4fd-333a-58a2-b6b7-5683849e4039,11,Saari Duniya Musafir,Various artists,0,https://www.youtube.com/watch?v=8DH_Q0w_WTw
fabc376f-df6b-52bf-a012-d7669e84480f,67d0bbc1-37bb-5f5e-83a7-8d68b61f6566,2,Mori Atariya Hai Sooni Mohan Nahi Aaye,"Khursheed, Snehaprabha Pradhan",0,https://www.youtube.com/watch?v=jyujHlfHWoA
d2d05361-7fd8-5920-a885-03d5cbbc0e84,67d0bbc1-37bb-5f5e-83a7-8d68b61f6566,12,Pahle Jo Mohabbat Se Inkar Kiya Hota,Khursheed,4.0,http://www.youtube.com/watch?v=sOXFYnWhYu4
24fe27b8-10be-5335-b302-c4cc6703610e,a412dc7d-5678-559a-9283-100f1cebeb01,1,Ab Ghar Aao Balam Meri Kasam,Various artists,0,https://www.youtube.com/watch?v=rZgY1N28xCg
fc50cc04-9895-53e8-bc5e-a85e90743235,a412dc7d-5678-559a-9283-100f1cebeb01,2,Banane Wale Ghada Mujhko Banaya Hota,"Ishwar Lal, Gop",0,https://www.youtube.com/watch?v=jek_eNEJeZ8
0f717d7d-fe66-54d0-b50a-371c1fa4d1b4,a412dc7d-5678-559a-9283-100f1cebeb01,4,Sakhi Chalo Neer Bharan Ko Jaayein,Snehaprabha Pradhan,0,https://www.youtube.com/watch?v=lcv1gpep2hc
f8fd4ed5-206d-50f8-86e4-aca09fb03306,a412dc7d-5678-559a-9283-100f1cebeb01,5,Bhulana Naa Yaad Karo Na Karo,"Snehaprabha Pradhan, Ishwar Lal",0,https://www.youtube.com/watch?v=w4pvW7mM2YI
bc9d125d-3737-5682-bd96-798b6835a14d,a412dc7d-5678-559a-9283-100f1cebeb01,6,Jaake Naina Matwale Hain,"Shamim, Snehaprabha Pradhan, Ishwar Lal",0,https://www.youtube.com/watch?v=B1EPkuOnNro
908ea5d7-ae7b-5fb7-befb-0d0cb59b1488,49cd7c1f-1bb4-543d-adcf-01dfdbb222c7,2,Bhaagti Phirti Radha Pagli,"Nalini Jaywant, Harish - II",0,https://www.youtube.com/watch?v=y6ZfYMgsluM
6efb20e2-b409-5c40-bea2-cfd3a58aa0c1,49cd7c1f-1bb4-543d-adcf-01dfdbb222c7,4,Pooja Karne Chali Pujaran,"Nalini Jaywant, Maruti Rao",0,http://www.youtube.com/watch?v=1rjbij11Ni4
f3036111-7a03-56ca-b06e-dc526edfc3aa,a9392c8c-ac65-5606-b97f-9c26d816c639,3,Jai Madhav Mukund Murari,Gyan Dutt,0,https://www.youtube.com/watch?v=SCe1mF0wPHw
3740d16a-e1da-5a34-89e0-9678b97bae7a,ee507202-c8b0-59b6-8984-9710dcb32d89,1,Woh Hamen Bulaye Gori,Khursheed,0,https://www.youtube.com/watch?v=SUNx-V1Egig
9e48b874-901a-554a-be1d-37e4f958f6ac,ee507202-c8b0-59b6-8984-9710dcb32d89,2,Hari Ke Gun Gaoon Main,Khursheed,0,https://www.youtube.com/watch?v=t5JLwxpoky4
b7a0a271-6701-58e9-a5bf-9a3e93e34ab4,ee507202-c8b0-59b6-8984-9710dcb32d89,6,Kit Jaoon Re Manaa,Khursheed,0,https://www.youtube.com/watch?v=o1lvnZ3QswU
1942f87c-12bb-561a-a0df-776028ed761a,ee507202-c8b0-59b6-8984-9710dcb32d89,7,Koi Kisi Se Dil Naa Lagaye,Kanti Lal,0,https://www.youtube.com/watch?v=yAK_H3YLagY
5b65a50b-ecdc-5458-9da3-21b38b5a71eb,ee507202-c8b0-59b6-8984-9710dcb32d89,8,Pati Charanan Gun Gaoon,Khursheed,0,https://www.youtube.com/watch?v=i5qbc6Px7Nw
865f1dae-2054-537b-afc5-bd6b0bfc9288,ee507202-c8b0-59b6-8984-9710dcb32d89,9,Bhigoi Mori Saari Re,"Khursheed, Ishwar Lal",0,https://www.youtube.com/watch?v=mjJ6X8LncuY
40fcb40d-bf60-5f04-b9d5-d4b51164a2ac,ee507202-c8b0-59b6-8984-9710dcb32d89,10,Ae Dil Kahan Le Jaoon (Bhoolne Wale Bhulaane Pe),Khursheed,0,https://www.youtube.com/watch?v=M-t16v5CLO8
ee887fb6-4689-520c-9d8f-35f1759217f6,090818a1-c998-5276-99df-9d8a8be08993,1,Uth Jaag Jawani Aati Hai,Menka Bai,0,http://www.youtube.com/watch?v=9tXU75pNjVs
60ad5822-ea5f-570c-908a-23745952ba12,090818a1-c998-5276-99df-9d8a8be08993,2,Zindagi Hai Pyar Se,Various artists,0,http://www.youtube.com/watch?v=GrbEWA-gBtY
f3c36017-b346-545f-a26f-c582a2bd2e27,090818a1-c998-5276-99df-9d8a8be08993,3,Sawan Ke Din Aaye Re,Sheela,0,https://www.youtube.com/watch?v=Y7w3QQazecs
ca0d7931-b3a6-51c2-9b99-74b69dd44f41,090818a1-c998-5276-99df-9d8a8be08993,4,Jeete Desh Hamara,Sheela,0,https://www.youtube.com/watch?v=X2ChNFKC3tc
dcc21fdd-8c9a-5856-9969-35a67310bf7a,090818a1-c998-5276-99df-9d8a8be08993,5,Khilo Khilo Matwari Kaliyon,Sheela,0,https://www.youtube.com/watch?v=MctG4OHBED4
fb95b4f4-9f0c-54cf-802c-e82a0c9bab48,090818a1-c998-5276-99df-9d8a8be08993,6,Phulwaran Laage Chor Malaniyan Soy Rahi,Sheela,0,https://www.youtube.com/watch?v=u4rNG2vZolI
d6703496-500c-522d-b73e-d5e433c14a52,090818a1-c998-5276-99df-9d8a8be08993,7,Aayi Aayi Sajanva Ajab Ratiyan,Sheela,0,https://www.youtube.com/watch?v=pPwmIKMipC0
05ab5857-6b1c-5544-9989-d2704709b5d1,34f2c40b-38f1-5b82-8f2d-cc5c2d37de00,5,Birhan Jaage Aadhi Raat,Rajkumari,0,http://www.youtube.com/watch?v=KotNi8E2tIs
5310cecf-8585-540e-b63b-26aeee37ce2f,16050012-85ca-5009-8c9d-eb28e29f815f,10,Unpe Dil Ho Gaya Kurbaan,Indurani,0,https://www.youtube.com/watch?v=3xETpZZsKRs
78fffbd6-38af-5cfb-bae4-6278e3cffd8a,16050012-85ca-5009-8c9d-eb28e29f815f,15,Prem Ki Pyari Nishani Jaag Rahi,S.D. Burman,0,https://www.youtube.com/watch?v=tXRmeTQtrLQ
ea55329f-f050-5df2-93db-90d401850ede,fca3f4dd-063f-5117-855e-d7cded99b928,1,Bandhu Re Mere Bandhu Re,"Miss Gulab, Ishwar Lal, Kanti Lal",0,https://www.youtube.com/watch?v=ZSDL4vRUSoo
695c768d-19a5-5536-8715-f2cbfa08709b,fca3f4dd-063f-5117-855e-d7cded99b928,2,Gend Samajh Ke Uchhaalo Na Sajaniya,"Ishwar Lal, Noorjehan - I",0,https://www.youtube.com/watch?v=PJh4nMIRSWw
ffcc39ed-6513-5d54-92c7-e37c2afa8ab4,fca3f4dd-063f-5117-855e-d7cded99b928,8,Jeevan Ka Balidan Kar De,Kanti Lal,0,https://www.youtube.com/watch?v=Y0UpKtKjIYQ
d5d47b90-d378-5608-a0c8-0fdfc43f06ec,af892563-c8fe-59f8-9c8c-633f6aa583ab,1,Duniya Hansegi Mujhpe Rota Hai Kyun,Leela Sawant,0,https://www.youtube.com/watch?v=5P-l2Uk0f8M
174dd022-e8ae-5877-9f19-b3d2c2c67511,af892563-c8fe-59f8-9c8c-633f6aa583ab,2,Jag Mein Kiska Prem Bada Hai,Nalini Jaywant,0,https://www.youtube.com/watch?v=pkaQ1cg4KCE
ed09adf2-20f8-5575-8357-c399c4a1cd88,af892563-c8fe-59f8-9c8c-633f6aa583ab,3,Aankh Michauli Aankh Michauli Aao Sakhi Khelen,"Nalini Jaywant, Rajkumari",0,https://www.youtube.com/watch?v=wTD1Oei2InQ
48dfc0b0-11fa-5372-bb79-ab02850b1893,af892563-c8fe-59f8-9c8c-633f6aa583ab,4,Na Haan Kaho Na Naa Kaho,"Nalini Jaywant, Satish",0,https://www.youtube.com/watch?v=p_0Hy4Gvbf8
c81df988-9366-5c78-aa37-321547063de7,af892563-c8fe-59f8-9c8c-633f6aa583ab,5,Zulmi Jawani Ne Zulm Kiya,Sumati Trilokekar,0,https://www.youtube.com/watch?v=vqlRRspN_O4
aace0189-ac8b-5396-8300-15440173c49b,af892563-c8fe-59f8-9c8c-633f6aa583ab,6,Ae Ri Maai Maai Ri Mere Babul Se,Nalini Jaywant,0,https://www.youtube.com/watch?v=6LAIIqA1Fgw
37b984a5-9a38-530d-a352-e8cf3c5b0cc6,af892563-c8fe-59f8-9c8c-633f6aa583ab,7,Dekho Ji Na Chhedo,Nalini Jaywant,0,https://www.youtube.com/watch?v=Pkcov1zzsO4
3626f0b8-af27-5fae-8af9-c568508298a5,af892563-c8fe-59f8-9c8c-633f6aa583ab,8,Main Toh Bade Baap Ki Beti Re,Nalini Jaywant,0,https://www.youtube.com/watch?v=JnklJKZVuGk
4891c268-42f1-5464-a49e-46cc1b51e708,af892563-c8fe-59f8-9c8c-633f6aa583ab,10,Haay Ram Haay Maar Gayo Ek Teer,Rajkumari,0,https://www.youtube.com/watch?v=42yMEvAeKl8
2f89d08d-22a6-5538-a520-52e130042a19,af892563-c8fe-59f8-9c8c-633f6aa583ab,11,Kaun Jaane Re Meri Nathani Ka Mol,Nalini Jaywant,0,https://www.youtube.com/watch?v=87KUMG-yYkc
17188b79-acf4-54df-bdc2-49983a8eaa79,d7a302fa-7b77-5003-bbb9-f630a12cddb2,1,Apna Desh Hai Apna Ghar,Shanta Apte,0,https://www.youtube.com/watch?v=tG2EInajIUQ
7929b4df-46e6-5d5f-b87f-2d62d3160641,d7a302fa-7b77-5003-bbb9-f630a12cddb2,4,Tu So Jaa Laal Hamare,Shanta Apte,0,https://www.youtube.com/watch?v=AFESlW_Afy0
c5a5b115-17aa-5cd3-8683-70676d2b3c7a,5a5ec8e9-f301-5cbe-b22a-1ffe37ca7a6a,2,O Pardesi Ghar Aa Ja,Rajkumari,0,https://www.youtube.com/watch?v=SYG46zEPWUI
75dbe7d8-5a9d-54d6-9e6b-b91eb017164f,5a5ec8e9-f301-5cbe-b22a-1ffe37ca7a6a,10,Gori Kaahe Khadi Angna,"Maya, Anil Biswas",0,https://www.youtube.com/watch?v=nJ9GLfK6CPo
0cf15e65-bfa1-59be-bade-d3e4c4eca0e1,e9b77753-78c0-51a1-a6ac-3269d8cffab3,6,Dil Ki Duniya Jo Luta Di,Shamim,0,https://www.youtube.com/watch?v=7ePcNj2dWO0
c7986c5b-5ab4-5085-a38f-28a72bc6acf6,462bf628-a6e2-5142-8801-40fb2ee1cef2,1,Tumko Mubarak Ho (Humko Hai Pyari Hamari Galiyan),Parul Ghosh,0,https://www.youtube.com/watch?v=nLHLytIFhLw
3df56441-2658-5e92-975e-dda7667434dc,462bf628-a6e2-5142-8801-40fb2ee1cef2,2,Baalam Dheere Bol Koi Sun Lega,"Parul Ghosh, Arun Kumar",0,https://www.youtube.com/watch?v=46qJ1yvHsJU
66d09016-41f6-5d76-aae4-0b0ad87b5d61,462bf628-a6e2-5142-8801-40fb2ee1cef2,3,Mere Chhote Se Man Mein Chhoti Si Duniya Re,Parul Ghosh,0,https://www.youtube.com/watch?v=rbF6lbI8pGg
c538b517-afda-55ab-8760-8d56f8f00d56,462bf628-a6e2-5142-8801-40fb2ee1cef2,4,Ek Duniya Basa Le Mere Mann Mein,"Parul Ghosh, Arun Kumar",0,https://www.youtube.com/watch?v=1Gz1clI2bcA
f8d05522-f8b4-5cb7-8513-120ed421cb27,462bf628-a6e2-5142-8801-40fb2ee1cef2,5,Kaanta Laago Re Sajanva Mose,"Parul Ghosh, Arun Kumar",0,https://www.youtube.com/watch?v=pBBWbhOBlMY
06f9f809-b749-55c8-a7f9-3937d1d74dd7,462bf628-a6e2-5142-8801-40fb2ee1cef2,6,Hua Kya Kusoor Jo Humse Ho Door,Parul Ghosh,0,https://www.youtube.com/watch?v=me0kN74smjI
fc0d8dd7-b4d8-5440-8262-7265d5d30305,462bf628-a6e2-5142-8801-40fb2ee1cef2,7,Aaya Basant Sakhi,"Parul Ghosh, Arun Kumar",0,https://www.youtube.com/watch?v=-VyVFhMo6uM
682523cd-b3f3-517a-82d2-fa99e08884e1,462bf628-a6e2-5142-8801-40fb2ee1cef2,8,Gori Mose Ganga Ke Paar Milna,"Parul Ghosh, Arun Kumar",0,https://www.youtube.com/watch?v=Aw3KaYfywls
ea968918-92f1-54b6-b583-05adfa4c61e1,462bf628-a6e2-5142-8801-40fb2ee1cef2,9,Ummeed Unse Kya Thi,Parul Ghosh,0,https://www.youtube.com/watch?v=7YtgcE_5Ly8
3e1b987b-95d3-5769-bca6-ede4a91b1903,462bf628-a6e2-5142-8801-40fb2ee1cef2,10,Mere Chhote Se Man Mein Chhoti Si Duniya Re,Baby Mumtaz,0,https://www.youtube.com/watch?v=rbF6lbI8pGg
22549394-ac70-557d-8a1e-957e1dfbfe4f,65404fab-54c1-5e25-b27e-28bb1f667470,1,Madhukar Shyam Hamare Chor,K.L. Saigal,4.0,https://www.youtube.com/watch?v=1PSX6VgaSQE
33efeab1-7d0f-541e-9598-2d345324e51e,65404fab-54c1-5e25-b27e-28bb1f667470,3,Chandni Raat Aur Taare Khile Hon,"Khursheed, K.L. Saigal",3.0,https://www.youtube.com/watch?v=0tKIi5R-qNU
7c0e5015-db96-51a9-bec7-b6acb98d6b28,65404fab-54c1-5e25-b27e-28bb1f667470,5,Panchhi Bawra Chaand Se Preet Lagave,Khursheed,4.0,http://www.youtube.com/watch?v=JcIRTMXnQxQ
99c94993-b327-5094-b319-b2b7bda31602,65404fab-54c1-5e25-b27e-28bb1f667470,7,Rain Gayi Ab Hua Savera,K.L. Saigal,4.0,http://www.youtube.com/watch?v=66jEz-rotkc
e1d12ed1-31b1-5575-abb7-855196e412ac,65404fab-54c1-5e25-b27e-28bb1f667470,8,Sar Pe Kadam Ki Chhaiya Muraliya Baaje Ri,"Rajkumari, K.L. Saigal",0,https://www.youtube.com/watch?v=8_yakqrqV5Q
937cc05b-b210-50ee-81c5-506ffd60c0d4,65404fab-54c1-5e25-b27e-28bb1f667470,9,Kadam Chale Aage Mann Paachhe Bhaage,K.L. Saigal,3.0,https://www.youtube.com/watch?v=4Fgz3Qt0zR8
4d47afd4-0e27-5b60-af3a-86ce278e8e73,65404fab-54c1-5e25-b27e-28bb1f667470,10,Nain Heen Ko Raah Dikha Prabhu,K.L. Saigal,0,http://www.youtube.com/watch?v=1v0_4RGSjCw
91507070-f848-52a3-8748-a0c573819f96,65404fab-54c1-5e25-b27e-28bb1f667470,11,Nis Din Barsat Nain Hamare,"K.L. Saigal, Mohinder Saigal",4.0,http://www.youtube.com/watch?v=Bs2TjiKNFtI
6a12144b-0cfd-5f33-84d8-26801831ee3e,65404fab-54c1-5e25-b27e-28bb1f667470,12,Naina Re Dekhe Unke Nain,Khursheed,0,https://www.youtube.com/watch?v=Ky_3PJ1xoY8
a0eb08b1-eb81-5cbb-921f-843f04b8afba,65404fab-54c1-5e25-b27e-28bb1f667470,15,Maiya Mori Main Nahin Maakhan Khayo,K.L. Saigal,3.5,https://www.youtube.com/watch?v=TdKX_Wuums4
7b31d43f-cd24-51fa-b812-30135a121de4,eab5eb0d-1c21-5b96-9157-dc1f11020040,1,Jug Jug Jiyo Re,Various artists,0,https://www.youtube.com/watch?v=HYL12HZLkSY
f41b8bd0-fc25-5fa5-a1bc-c64e9f3ad236,eab5eb0d-1c21-5b96-9157-dc1f11020040,2,Kal Honge Raja Ram,"Kaushalya, Madhusudan",0,https://www.youtube.com/watch?v=Q9y3d2bx6lg
5050fe17-55ac-50f2-99e0-6ceeed9b1c15,eab5eb0d-1c21-5b96-9157-dc1f11020040,3,Jhananan Jhananan Baaj Rahi Hai,Various artists,0,https://www.youtube.com/watch?v=IDBKfj86Kxg
ff3625d7-2e68-503f-835b-0b9f73450b08,eab5eb0d-1c21-5b96-9157-dc1f11020040,4,Rani Kaushalya Kahen Lalan Na Hua,,0,https://www.youtube.com/watch?v=rdqj5EbkbRs
22d2e34a-ff9b-5f8c-9d7e-e9634ed1ad87,eab5eb0d-1c21-5b96-9157-dc1f11020040,6,Aaye Raghuveer Aaye Ganga Ke Teer,Amirbai Karnataki,0,https://www.youtube.com/watch?v=lBtI88yL3lU
39740039-805f-524f-8c5e-9cb5670fde19,eab5eb0d-1c21-5b96-9157-dc1f11020040,7,Pehle Paaon Pakhaare Prabhu,Amirbai Karnataki,0,https://www.youtube.com/watch?v=Ms8uvYwWE2o
aa748e45-c052-5b16-9344-1c501df4e32b,eab5eb0d-1c21-5b96-9157-dc1f11020040,8,Bata Do Ram Gaye Kis Ore,Shahu Modak,0,https://www.youtube.com/watch?v=ia1-cQCGItA
a4c6612c-08b3-58c1-8dee-d5da7729ef22,eab5eb0d-1c21-5b96-9157-dc1f11020040,9,Paanwari Deenhin Prabhu,Shahu Modak,0,https://www.youtube.com/watch?v=vxBLgDLNN1k
a05f2231-64ba-53ef-a3c6-e2faaa343a02,dab2abef-8123-5912-a77d-2da4484464c6,6,Aaya Dulhan Main Lene Ko Kandhaar Se,"Tara, Rafiq Ghaznavi",0,https://www.youtube.com/watch?v=TRsMk39Ajgs
4286274a-e52a-5540-9dfe-fdd201125782,8337fd43-c5f9-5185-8265-9baba9baf5d4,1,Main Chand Hoon Ya Chandni,Khursheed,0,https://www.youtube.com/watch?v=E9N8MteBbis
83ef1346-e5da-5b48-86e2-a41a8b6caf16,8337fd43-c5f9-5185-8265-9baba9baf5d4,2,Suno Suno Mora Mann Kuch Bole,Khursheed,0,https://www.youtube.com/watch?v=o2bhopqmKOU
b95b244d-5174-5ebb-978a-86024616d4a0,8337fd43-c5f9-5185-8265-9baba9baf5d4,4,Girdhari O Girdhari Chhed Muraliya Pyari,Khursheed,0,https://www.youtube.com/watch?v=L1F8kKZEpKE
b9f01644-9fe2-52e8-88ee-d91628eb6e9f,8337fd43-c5f9-5185-8265-9baba9baf5d4,5,Nindiya Jhulave Meri Munni Ko Sulave,Khursheed,0,https://www.youtube.com/watch?v=buCbJRYUiD8
b7f0f345-b7c1-5c64-a489-bd76bfe13850,8337fd43-c5f9-5185-8265-9baba9baf5d4,7,Dil Aah Bhar Aisi Ke Meri Jaan Jala De,Khursheed,0,https://www.youtube.com/watch?v=7rTFnoA97R4
7a5a6a55-4bfa-52fc-9631-3b87711a22c9,2e8aaa51-cb49-5ff5-a99e-e08c42195762,2,Choodi Laya Nahi Manihar,"Amirbai Karnataki, S.N. Tripathi",0,https://www.youtube.com/watch?v=Sgzq3cMuPGw
b462e53e-71ba-53d1-9291-db5930df47fd,d18aadfb-00d2-50e2-8aeb-f1d0d4dc9c20,5,Ab Der Na Kar Saajan,"Sitara Devi, Mukesh",0,http://www.youtube.com/watch?v=KnLN89Wteps
541d1782-3c68-58e0-997f-bdcb8aedbc39,d18aadfb-00d2-50e2-8aeb-f1d0d4dc9c20,6,Raakho Daya Dharam Se Pyar Re (Woh Daya Tujhpe Karega),"Brijmala, Vitthal - I",0,https://www.youtube.com/watch?v=LEU478OvBTw
bded7006-52ad-5a76-9dce-7d2df1c6a54e,d18aadfb-00d2-50e2-8aeb-f1d0d4dc9c20,8,Mori Atariya Pe Aa Jaa,"Sitara Devi, Mukesh",0,http://www.youtube.com/watch?v=es1u4WimSUI
75991b9b-2479-56a4-831a-10c78db911c4,4a2fe8b4-9a65-5ac0-9131-2236b85ec593,6,Woh Phir Mujhse Dil Hila Gar Le Gaya,Rajkumari,0,https://www.youtube.com/watch?v=3VXCSDqNQvY
c5443955-642c-572e-b810-4da395e41a33,00e95e10-a9e7-50d9-a564-269ea740ced5,8,Ae Dil Bekarar Bol,Shamim,0,http://www.youtube.com/watch?v=X-f5US2md2I
a49d95d7-3cf3-5b17-b0de-27f714ef3ce9,00e95e10-a9e7-50d9-a564-269ea740ced5,9,Kaho Ji Jee Na Lage Bin Tere,"Shamim, Ishwar Lal",0,http://www.youtube.com/watch?v=43EIHVQrrEk
851653c4-c60c-57a5-a302-a05aa040539f,0f9effe8-a8a7-5212-89f8-0c162380a143,1,Mujhko Jeene Ka Bahana Mil Gaya,Surendra,0,https://www.youtube.com/watch?v=IsYxhS6cMTk
85c7371f-fb31-5f9e-b6a0-556169492d36,0f9effe8-a8a7-5212-89f8-0c162380a143,4,Ek Sitar Ke Do Taar,Surendra,0,https://www.youtube.com/watch?v=V86TlfOWBZQ
247091c5-9f28-5ee0-9f59-a9fa8ff9082b,0f9effe8-a8a7-5212-89f8-0c162380a143,9,Mohabbat Ki Duniya Hai Sabse Nirali,Surendra,0,https://www.youtube.com/watch?v=x1FzOUbm3uY
2dd11cdb-7d13-5477-b76f-cfd1f261cd6d,0f9effe8-a8a7-5212-89f8-0c162380a143,11,Baadal Chhaye Humse Kya,Surendra,0,https://www.youtube.com/watch?v=kc9J0OZsq_Q
cced3867-d6be-561b-b0e9-8dfe8a1ac110,0f9effe8-a8a7-5212-89f8-0c162380a143,12,Teri Yaad Mein Woh Mazaa Paa Raha Hoon,Surendra,0,https://www.youtube.com/watch?v=2sSecut3OWw
3cfe3831-86f0-51fe-994d-139277e5642f,f855f701-c2df-5eaa-8c82-97cbd0dee165,1,Jawani Meri Chand Taaron Ki Duniya,Rajkumari,0,https://www.youtube.com/watch?v=6R_ax3EsJ_c
1a6c9ae5-90ec-55d4-91fb-731e1f2ef8ae,f855f701-c2df-5eaa-8c82-97cbd0dee165,3,Raat Bhayi Baalam Aaye Dwaare,Rajkumari,0,https://www.youtube.com/watch?v=Nqgujj04Oz4
6def93e4-19b7-5d4d-9f87-31e8dc4ed53d,f855f701-c2df-5eaa-8c82-97cbd0dee165,4,Mohabbat Mein Luta Di Apni Hathon Zindagi Apni,Bulo C. Rani,0,https://www.youtube.com/watch?v=BScUsrxLZtg
23a5b8ba-c786-50e7-b62a-135a00067ba2,f855f701-c2df-5eaa-8c82-97cbd0dee165,8,Kisi Ko Dard Na Dena Ram,Rajkumari,0,https://www.youtube.com/watch?v=Dia2u_0y_UQ
c23a1a44-ed3b-58b2-83e0-c4a700e1ac54,52493f0c-af73-51ea-b041-41b939e6028d,1,Duniya Ye Duniya Toofan Mail,Kanan Devi,5.0,http://www.youtube.com/watch?v=0_NmsSA0eZE
a9d87348-915f-5336-b781-e239ea212ceb,52493f0c-af73-51ea-b041-41b939e6028d,2,Aaj Sasur Ghar Jaibe,Ranjit Roy,0,https://www.youtube.com/watch?v=VOWffFJhvZI
bae75b57-c572-5392-9548-a78facb7467b,52493f0c-af73-51ea-b041-41b939e6028d,3,Balaayen Loon Main Us Dil Ki,P.C. Barua,0,https://www.youtube.com/watch?v=U1O6ZTcsCPQ
03e394bf-f254-5693-ad20-9485c4336226,52493f0c-af73-51ea-b041-41b939e6028d,4,Chhup Na Jaana Ae Chand Chhup Na Jaana,Kanan Devi,4.0,https://www.youtube.com/watch?v=W-YV8_WHgho
1f73ed5e-31d3-5715-b778-9bf25e003235,52493f0c-af73-51ea-b041-41b939e6028d,6,Kuchh Yaad Rahe Toh Sun Kar Jaa,Kanan Devi,3.5,https://www.youtube.com/watch?v=XK0NrsZ5kUs
489eed9e-a417-58c3-a871-40fe5fcd5bc7,52493f0c-af73-51ea-b041-41b939e6028d,8,Ye Mujhse Kaha Dil Ne Chupke Se Baar Baar,"Anima Dasgupta, Kalyani Das",4.0,https://www.youtube.com/watch?v=n0nV7ay6uQ4
e5f0a73c-df1c-584c-aa64-654066e522e2,52493f0c-af73-51ea-b041-41b939e6028d,9,Door Desh Ka Rehne Wala,"Kanan Devi, Asit Baran",3.0,https://www.youtube.com/watch?v=zMebFhGENKk
c3082307-59bd-5470-a6e7-b056330b3fac,3f30fe76-3d98-5dde-a67e-f8ad459e6dcc,2,Badnaam Na Ho Jaana,"Husn Bano, Surendra",0,https://www.youtube.com/watch?v=TbMR7qePMXE
115c0b0d-6660-55cd-9e9a-5352f1f5b70d,3f30fe76-3d98-5dde-a67e-f8ad459e6dcc,4,Rone Se Nahin Fursat Jisko,Husn Bano,0,https://www.youtube.com/watch?v=x90CR-nkYiI
064699e3-dd0e-5317-98f7-bb30a8ef4820,3f30fe76-3d98-5dde-a67e-f8ad459e6dcc,7,Aayi Basant Ritu Madmaati,"Husn Bano, Surendra",3.0,https://www.youtube.com/watch?v=DgH0kHmeEBI
bb73e19f-d6a0-5a58-85bb-18fe55b86e45,34e0ef6e-fd48-5c5e-92c0-90449a4792ed,1,Chal Ri Naav Tu Chal Aage Aage Chal,"Gulshan Sufi, Mehdi Raza",0,https://www.youtube.com/watch?v=no7VzBNGm88
94140bc8-6c84-565e-894b-8b118be774e2,34e0ef6e-fd48-5c5e-92c0-90449a4792ed,2,Jo Koi Isko Peeve Naam Uska Door Hove,,0,https://www.youtube.com/watch?v=cDPiz8u2SnQ
029e9e23-2335-5234-b42f-b70b13b09009,34e0ef6e-fd48-5c5e-92c0-90449a4792ed,5,Kasam Jawani Ki Hum Toh Hain Naadaan,Radharani,0,https://www.youtube.com/watch?v=ZFbTNVHs-N8
aea7dd01-5425-5d79-aecc-8e52a3010244,34e0ef6e-fd48-5c5e-92c0-90449a4792ed,6,Lo Chand Bhi Jalne Laga,Sardar Mansoor,0,https://www.youtube.com/watch?v=10oRbqrmp9E
dd0a390e-bfee-5397-838c-cef58605a118,34e0ef6e-fd48-5c5e-92c0-90449a4792ed,7,O Maina Mastani,Radharani,0,https://www.youtube.com/watch?v=S1AVctDkei8
8e02554d-49e5-5f5c-a845-0fd49f2acbdb,55e59ad5-da67-5096-b37a-918a666cbaed,1,Udd Jaa Panchi Udd Jaa,Noor Jehan,0,https://www.youtube.com/watch?v=APdKF33Koqg
52cecdde-c079-5377-aeb1-e55576e48bad,55e59ad5-da67-5096-b37a-918a666cbaed,2,Maar Gayi Re Hamen Teri Najariya,Noor Jehan,0,https://www.youtube.com/watch?v=Hnqi3bdTZ9w
4d93b92c-55a5-5d59-ab4c-1c9443da1b86,55e59ad5-da67-5096-b37a-918a666cbaed,3,Mere Man Ka Panchhi Kya Bole Bolo Bolo,"Ghulam Haider, Shamshad Begum",0,https://www.youtube.com/watch?v=-yLbsWHGV3k
6a27f7f9-7521-5b6e-a513-173387b4e4e7,55e59ad5-da67-5096-b37a-918a666cbaed,4,Hum Khelenge Aankh Micholi,Noor Jehan,0,https://www.youtube.com/watch?v=-ziHKRaBHBc
d665359a-6353-5040-bb5d-db2e49bd9c53,55e59ad5-da67-5096-b37a-918a666cbaed,5,Chalo Paniyan Bharan Ko Chalen,"Noor Jehan, Shamshad Begum",3.0,http://www.youtube.com/watch?v=CdF3ENmXiAU
83f211d5-9f25-5afa-b20e-3ba32113867e,55e59ad5-da67-5096-b37a-918a666cbaed,6,Meri Amma Ka Raaj Bhala,Shamshad Begum,0,https://www.youtube.com/watch?v=iwMsS1yDN6E
b012d5cf-ec71-5563-b4b6-0b5f250522aa,55e59ad5-da67-5096-b37a-918a666cbaed,7,Aa Gaya Mere Baagh Ka Maali Aa Gaya,Noor Jehan,0,https://www.youtube.com/watch?v=leThutACIOg
9af0041c-1d4c-5f3b-8162-e3d364d298cd,55e59ad5-da67-5096-b37a-918a666cbaed,8,Pee Le Pee Le More Raja,Shamshad Begum,0,https://www.youtube.com/watch?v=lS_6KX8NJ-A
a1847141-c440-59b2-8c62-7d16c277c83d,55e59ad5-da67-5096-b37a-918a666cbaed,9,Tu Kaun Si Badli Mein Mere Chand Hai Aaja,Noor Jehan,0,http://www.youtube.com/watch?v=R-dKElgKGpM
8ae0f104-d81e-5947-a0e7-d2d8c1f1db07,55e59ad5-da67-5096-b37a-918a666cbaed,10,Mere Liye Jahan Mein Chain Naa Qarar Hai,Noor Jehan,0,https://www.youtube.com/watch?v=Hhs0RxMKAD0
dbfca5be-1907-59f0-939b-b20bcd288a37,f5213dd5-46b1-5ee8-8a16-1ca35aa7485e,3,Mile Jule Sab Rang,"Sumati Trilokekar, Khan Mastana",0,http://www.youtube.com/watch?v=b7Pbmf7eyBE
a2af28c3-862d-541a-bfc3-32c383a08084,f5213dd5-46b1-5ee8-8a16-1ca35aa7485e,6,Nazron Ke Khel Khelen Hum Kis Tarah Akele (Dil Unko Dhoondhta Hai),"Snehaprabha Pradhan, Khan Mastana",0,https://www.youtube.com/watch?v=0aGUKcPDrwA
be714ced-dcec-5ff1-9757-6a5de77192a5,04949bf1-37ff-5954-807b-dc4a515766e7,1,Dol Gayi Haan Dol Gayi,,0,https://www.youtube.com/watch?v=X-mdL2SXtm4
767c9a3b-ed9f-5f3f-a3c0-521b4b002c77,04949bf1-37ff-5954-807b-dc4a515766e7,2,Main Naachoon Run Jhun,,0,https://www.youtube.com/watch?v=tIx8VY9MIZg
bdfed0e6-3ec3-524a-866a-243a91f0ad4c,04949bf1-37ff-5954-807b-dc4a515766e7,3,O Mori Rani O Mori Rani,,0,https://www.youtube.com/watch?v=XB8BESJtmBI
4664637d-6586-5c6d-a3d2-f4153acafb9e,04949bf1-37ff-5954-807b-dc4a515766e7,4,Gazab Bhayo Rama Nazariya Laagi,,0,https://www.youtube.com/watch?v=_54vdRS8n-I
b4ed368b-0da4-5c14-9bfa-0ab9e312e54c,04949bf1-37ff-5954-807b-dc4a515766e7,5,Kaahe Paap Se Paap Chihpaye Re,Ramchandra Pal,0,https://www.youtube.com/watch?v=j3nc2XQvT9c
f37d4243-b71a-5e70-ab06-b3d556d76e01,04949bf1-37ff-5954-807b-dc4a515766e7,7,Rone Ko Rahen Zinda,,0,https://www.youtube.com/watch?v=IOIgMqoK654
a4749497-2497-5fcf-890c-f9eb8f491247,04949bf1-37ff-5954-807b-dc4a515766e7,9,Chai Piyogi Rani,,0,https://www.youtube.com/watch?v=yThozNDMq48
9e1b0232-f5de-54c5-af2a-b13a4e364523,72003eff-efed-5957-bf04-6a6427e5d70a,7,Nindiya Khoy Diyo Nainan Mein Aaye Ke,Anil Biswas,0,https://www.youtube.com/watch?v=XQxC81kz6L8
8d9c56de-2a51-5f87-9b9c-57c76079f28c,9e6a4fbf-eb59-5ae0-8503-fab10d25f97a,2,Tu Gaaye Jaa Tu Gaaye Jaa,K.C. Dey,0,http://www.youtube.com/watch?v=q4U9DXwb-bE
f4f8f468-3044-55c1-8c4b-e6689cd16cc5,9e6a4fbf-eb59-5ae0-8503-fab10d25f97a,3,Koi Le Lo Bhaiya,K.C. Dey,0,http://www.youtube.com/watch?v=285ft12a6fk
d7f55bea-61ec-5919-abf6-73b7f24baa81,9e6a4fbf-eb59-5ae0-8503-fab10d25f97a,4,Man Moorakh Kahna Maan,K.C. Dey,4.0,https://www.youtube.com/watch?v=mZEjq1CcPgA
7705a5eb-9723-5b2e-8dc3-aad5f32cfb96,9e6a4fbf-eb59-5ae0-8503-fab10d25f97a,6,Ab Preet Ki Jeet Manayen Saajan,"Hemant Kumar, Suprava Sarkar",0,https://www.youtube.com/watch?v=Ul808Nu7_0Q
6f3ea6b0-ce1d-5f47-83b0-bfbad9e722f8,5199efcb-ae1b-54e8-9fc6-98b32c19bdfd,1,Aayi Atariya Pe Sone,Shamim,0,https://www.youtube.com/watch?v=mK8Hj7lKRg4
b4dc5977-f207-5d8f-b6d3-db94e6a175ae,5199efcb-ae1b-54e8-9fc6-98b32c19bdfd,2,Zara Dheere Ho Zara Dheer Saajanwa,"Shamim, Rama Shukul",0,https://www.youtube.com/watch?v=xQVpmJelE6A
e14b20e2-49e4-5578-8245-4d9315729dce,5199efcb-ae1b-54e8-9fc6-98b32c19bdfd,6,Kya Chain Se Baithe Hain,Rajkumari,0,https://www.youtube.com/watch?v=0egI3TWLwIM
305cd8a9-9a79-587d-be77-7aebbe0c622e,5199efcb-ae1b-54e8-9fc6-98b32c19bdfd,7,Ye Mere Bhaiya Ye Unka Dil Hai,Shamim,3.0,https://www.youtube.com/watch?v=Ax1yvcxyfXM
33735edd-c846-5d44-a316-859405b9046a,5199efcb-ae1b-54e8-9fc6-98b32c19bdfd,8,Roothna Pyar Mein Karwat Ka Badal Jaana Hai,Bulo C. Rani,0,https://www.youtube.com/watch?v=kNh4jkQvQ3w
c4f91869-4803-556a-8aca-74673ec2944f,5199efcb-ae1b-54e8-9fc6-98b32c19bdfd,10,Meri Jholi Mein Hai Mere Chor,"Kesari, Rajkumari",0,http://www.youtube.com/watch?v=IPY1nhtbAB8
7b1c2800-cb91-5ddb-a7ec-1664abd86432,5199efcb-ae1b-54e8-9fc6-98b32c19bdfd,11,Is Ghoomti Duniya Mein Hai Kiska Thikana,Shamim,0,https://www.youtube.com/watch?v=Lg829x56aeg
31ea2403-10ba-52f0-89a2-9411bebe9a0a,84184aa4-2cfe-5be3-b007-3a9b3e705174,1,Main Kho Jaaoon,"Rajni, Shrinivas",0,https://www.youtube.com/watch?v=anwDwniljno
a7566fe7-1b75-5a7e-a95a-de2b727b42da,84184aa4-2cfe-5be3-b007-3a9b3e705174,2,Mohe Makhmal Ki Choli Bana De Balma,Nazeera,0,https://www.youtube.com/watch?v=7Dead4MMFlk
371e8572-2996-5b3a-a24d-4845f464ebf8,84184aa4-2cfe-5be3-b007-3a9b3e705174,3,Mori Jholi Bhar De,Khan Mastana,0,https://www.youtube.com/watch?v=BL4qQR1JCPA
26692209-b754-5b29-92b1-d43797bd22b8,84184aa4-2cfe-5be3-b007-3a9b3e705174,4,Mujrim Hoon Mohabbat Ka,Yakoob,0,https://www.youtube.com/watch?v=JpsusI59g4I
fe0c0229-d0cf-5b26-a2fe-6adb78794edf,84184aa4-2cfe-5be3-b007-3a9b3e705174,5,Piya Nainon Mein Aan Samaye,Rajni,0,https://www.youtube.com/watch?v=9C7qKwbv8dA
8b57357c-c2dd-5ae3-9f71-153291a8e8d3,84184aa4-2cfe-5be3-b007-3a9b3e705174,6,Uth Jaa Bijli Pyari,,0,https://www.youtube.com/watch?v=we-Y652kd8c
49ace9b0-1d72-5db9-809b-90fd58e42a74,84184aa4-2cfe-5be3-b007-3a9b3e705174,7,Aao Sajan Aao Hum Tum Milkar Karen Prem,"Rajni, Shrinivas",0,https://www.youtube.com/watch?v=1pLt0LHfdFY
4082d0d8-d50e-50b8-8d88-92eee163e0fa,84184aa4-2cfe-5be3-b007-3a9b3e705174,8,Hum Apne Dard Ka Kissa Sunaye Jaate Hain,Khan Mastana,0,https://www.youtube.com/watch?v=e4A1RNe9bf0
0daec079-5f2e-5c09-ac4b-ca15a1e7799a,84184aa4-2cfe-5be3-b007-3a9b3e705174,9,Chalo Chalen Us Des Sajni,Agha,0,https://www.youtube.com/watch?v=vMjl_3z3s8c
3a6efa36-e006-5f77-96de-71dfb27a6122,3a26583d-3330-59d8-b7a9-a93c92c09c21,1,Naachat Hai Sansar Sakhi Ri,Rajkumari,0,http://www.youtube.com/watch?v=hlDypL19U48
b0665ccf-c3cd-5454-8e93-fa51a4a7f49d,3a26583d-3330-59d8-b7a9-a93c92c09c21,2,Boot Karoon Main Paalish Babu,Baby Suraiya,0,http://www.youtube.com/watch?v=e4LXuV7jL30
94bf593a-18e0-5b74-8503-20d29b1b6b52,3a26583d-3330-59d8-b7a9-a93c92c09c21,4,Barasan Laagi Badariya Haye Ram,"Rajkumari, G.M. Durrani",0,http://www.youtube.com/watch?v=k4-E1p_0Bxs
f363fdf8-d67f-5e3e-b407-8184a80585fa,3a26583d-3330-59d8-b7a9-a93c92c09c21,5,Aaj Mera Mann Dole,"Rajkumari, G.M. Durrani",0,http://www.youtube.com/watch?v=dnhMJJ-D3Ho
54a63d5f-0455-5e0d-809c-99fcb1fd68e9,3a26583d-3330-59d8-b7a9-a93c92c09c21,7,Dil Loot Liya Ji Kis Ne,"Rajkumari, G.M. Durrani",0,http://www.youtube.com/watch?v=KJMMXJGJCmk
f77a4815-9d72-5740-af6b-30af38e5289a,3a26583d-3330-59d8-b7a9-a93c92c09c21,9,Jidhar Dekhta Hoon Udhar Tu Hi Tu,Various artists,0,http://www.youtube.com/watch?v=_9cfpl_HBdo
573eabdb-a626-5ebc-adb0-a06ef93661d8,3a26583d-3330-59d8-b7a9-a93c92c09c21,10,Prem Ne Mann Mein Aag Lagayi,"Rajkumari, G.M. Durrani",0,http://www.youtube.com/watch?v=AmU2x1rpqcw
e253a6fd-25c6-5c5b-b57d-6756144eca28,3ba73f50-dafc-5b80-b683-39c76df2f2fb,3,Shyam Dil Le Ke Rooth Gaye,Shamshad Begum,0,https://www.youtube.com/watch?v=q6b9AKUNiGw
f31cacd4-62c6-59f6-9b39-320baf0d22c4,3ba73f50-dafc-5b80-b683-39c76df2f2fb,6,Dil Yeh Kiska Hai Meri Jaan,"S.D. Batish, Shamshad Begum",0,https://www.youtube.com/watch?v=wttx3u7I0ho
04953ec7-df16-5fc2-95fa-ae033cb95da7,3ba73f50-dafc-5b80-b683-39c76df2f2fb,7,Haye Re Dheemi Dheemi Chal Hawa,Shamshad Begum,0,http://www.youtube.com/watch?v=keLbpOGgYbI
cf97b220-ff5a-569c-ac08-ddff409c47ad,3ba73f50-dafc-5b80-b683-39c76df2f2fb,8,Yeh Kya Sun Rahi Hoon Ke Tu Bewafa Hai,Zeenat Begum,0,https://www.youtube.com/watch?v=qjHTMmwr6fc
3cc8cf31-e7df-5ead-b92c-c8c87c1b8ef5,3ba73f50-dafc-5b80-b683-39c76df2f2fb,9,Woh Hamein Tadpa Rahe Hain Kya Karen Kya Karen,Zeenat Begum,0,https://www.youtube.com/watch?v=qCNIjqnNknk
03e1eb7a-1b54-5163-a585-1ebdd19d3b8a,3ba73f50-dafc-5b80-b683-39c76df2f2fb,10,Toot Gaya Hai Sapna,Naseem Akhtar,0,https://www.youtube.com/watch?v=rfFiPjCnl84
c4591e39-3194-515c-b4ae-d85c89f9d61a,7572bdc7-515d-5721-b33e-843441c2b205,4,Hanste Hanste Aana,"Baby Vimal, Bal Govind",0,http://www.youtube.com/watch?v=QfgOo2K16rU
6636bf06-ab14-5601-82b3-b556a38cbf83,7572bdc7-515d-5721-b33e-843441c2b205,10,Main Ek Nirali Gudiya,Baby Vimal,0,http://www.youtube.com/watch?v=q5TgqvnVuLo
29e7785b-bbed-5405-a32b-01e848cb1028,4fb7fedb-1544-5780-9201-c641e7ce3f19,1,Kyun Ratata Roti Roti,Ashraf Khan,0,http://www.youtube.com/watch?v=EUYQSj8MnJ8
72827813-885f-5eac-9592-12125d44d6e6,4fb7fedb-1544-5780-9201-c641e7ce3f19,2,Phir Fasal-E-Bahaar Aayi Dil-E-Deewana,Akhtari Bai,0,https://www.youtube.com/watch?v=ER0FTNl6xTE
0b07381a-429c-51fe-8c97-adad0d2a0d15,4fb7fedb-1544-5780-9201-c641e7ce3f19,3,Char Dinon Ki Jawani,Akhtari Bai,3.0,https://www.youtube.com/watch?v=6i2f2MfMFjo
f9f0078a-119f-5d19-b61c-524532d5fcc8,4fb7fedb-1544-5780-9201-c641e7ce3f19,4,Reham Na Khana,Ashraf Khan,0,http://www.youtube.com/watch?v=4mPBq4wFa5Y
41f66dc3-5397-52cb-8249-66ac262efd36,4fb7fedb-1544-5780-9201-c641e7ce3f19,7,Meghraj Aaye Barkha Laye,Various artists,0,http://www.youtube.com/watch?v=3VTKzLOuMk0
0d28a795-3e83-5237-9997-bf730af82df9,4fb7fedb-1544-5780-9201-c641e7ce3f19,9,Gareebon Par Daya Karke,Akhtari Bai,0,http://www.youtube.com/watch?v=wSKBF3zMZU0
ac7993ab-7fc8-52df-90d5-4bb9c65bbeba,4fb7fedb-1544-5780-9201-c641e7ce3f19,10,Ae Prem Teri Balihari Ho,Akhtari Bai,0,https://www.youtube.com/watch?v=25tiaJ_xl7E
2fd878dd-bd1a-5fba-b10f-db0d6c1bb866,4fb7fedb-1544-5780-9201-c641e7ce3f19,11,Sajna Saanjh Bhayi,Sitara Devi,0,http://www.youtube.com/watch?v=HruOhHF2FUM
76190443-4584-5514-a37f-c225657f1066,4fb7fedb-1544-5780-9201-c641e7ce3f19,12,Woh Hans Rahe Hain,Akhtari Bai,0,https://www.youtube.com/watch?v=S2y4BFP2Urg
b01c02c7-1c94-5b48-8afb-1299abb9c1dd,4fb7fedb-1544-5780-9201-c641e7ce3f19,14,Rehne Laga Hai Dil Mein Andhera,Akhtari Bai,0,https://www.youtube.com/watch?v=LX2i2Z9JOMs
2432e90e-33f4-5d53-8047-3776d14ed6db,423cb14c-bcf5-5d17-b727-2e3566ed699f,1,Yeh Kaun Chali Jaati Hain,Binay Goswami,0,https://www.youtube.com/watch?v=NMSwXvDSFQI
d0af135a-2ea3-55b8-a1e6-a0f854ca153f,423cb14c-bcf5-5d17-b727-2e3566ed699f,2,Rang Gayi Aaj Mann Ki Bagiya,"Asit Baran, Bharti",0,https://www.youtube.com/watch?v=VLRhc2Xbc6s
46706d26-1e06-584a-b362-5b9e314b0e83,423cb14c-bcf5-5d17-b727-2e3566ed699f,3,Raja Beti Kekraala Goonthloo Tu,"Asit Baran, Bharti",0,https://www.youtube.com/watch?v=K9rfYKesHQA
c2608474-484f-5017-b98b-761a2278392c,423cb14c-bcf5-5d17-b727-2e3566ed699f,4,Tori Chaturiya Sab Jaan Gayi,Binay Goswami,0,http://www.youtube.com/watch?v=zuve29hFO-g
23dfddd6-5846-53d3-9050-60504c1ded50,423cb14c-bcf5-5d17-b727-2e3566ed699f,5,Ab Aayi Basant Bahaar,Asit Baran,0,https://www.youtube.com/watch?v=dFxmWjAR-k0
17e52823-d40f-5b5d-960f-5474ed026619,423cb14c-bcf5-5d17-b727-2e3566ed699f,6,Woh Humko Bhoole,"Asit Baran, Bharti",0,https://www.youtube.com/watch?v=z89uXYUOUvU
05672cd2-defd-51e2-aa27-f95348a4150d,423cb14c-bcf5-5d17-b727-2e3566ed699f,7,Naache Naache Chanchal Mann Naache,Bharti,0,http://www.youtube.com/watch?v=79Lfy8jpkdU
06a8f3b5-61c3-5b70-84f6-0e4e6e0a46d5,423cb14c-bcf5-5d17-b727-2e3566ed699f,8,Deewani Deewani Duniya Mujhpe Deewani,,0,https://www.youtube.com/watch?v=--xN6BPXF7A
baefe0b8-fecc-5d78-9abb-2900dfd88338,1cca6d52-b5f0-50fb-a2fc-1d52054a37b6,3,Panchhi Jaa Peechhe Raha Hai Bachpan Mera,Baby Suraiya,3.67,https://www.youtube.com/watch?v=DOInvg1hskw
2b2a1900-34eb-56f3-a72d-c9e8fe30020b,1cca6d52-b5f0-50fb-a2fc-1d52054a37b6,5,Mere Dil Ko Saajan Samjha Do - I,Suraiya,0,http://www.youtube.com/watch?v=XRQTqJ8DGz4
438973b5-3608-50c3-b649-83bd565631ed,1cca6d52-b5f0-50fb-a2fc-1d52054a37b6,9,Tum Nahin Aate Ho Nahin Aao,Nirmala Devi,0,http://www.youtube.com/watch?v=6h3kmSMc4z8
a45cadc2-d6e2-5a78-a910-cb0afd2d766d,68a3e25f-ad1c-5aa0-9d7d-ffe784ce6487,3,Uhoon Uhoon Shikari Na Khel,"Shobhna Samarth, Shahu Modak",0,https://www.youtube.com/watch?v=mqvm9R7GWzE
753d5fd6-5b91-54a1-9def-25df65728fc2,2fcd92de-6ffb-5158-834f-3d22fa181a0a,5,Tum Nahin Paas Toh,Rajkumari,0,http://www.youtube.com/watch?&v=bGH_c0bcXKU
e8ab56f0-df57-52c3-bd55-36a6a78d16ce,2fcd92de-6ffb-5158-834f-3d22fa181a0a,8,Dost Hua Hai Dushman-E-Jaani,Rafiq Ghaznavi,0,https://www.youtube.com/watch?v=LAIaZfCqpMQ
c0087407-25fb-5fdd-b5e7-9ba7cda5c830,d63455bc-0bd8-560c-b42a-ec9dcb8b14fa,1,Kaaya Ki Rail Nirali Kar Jaayegi,G.M. Durrani,0,https://www.youtube.com/watch?v=IwrmRc9NtXw
f5b5fa85-9067-506b-8b4f-57189a551e17,d63455bc-0bd8-560c-b42a-ec9dcb8b14fa,2,Saajan Ghar Aaye Aaye Ri Aali,"Rajkumari, Suraiya",0,https://www.youtube.com/watch?v=Bz2zMNN8aqo
ef803029-4de6-502d-b692-414c8f2ac981,d63455bc-0bd8-560c-b42a-ec9dcb8b14fa,3,Chalo Chalo Ri Sakhi Madhuban Mein,"Rajkumari, Suraiya, Madhusudan",0,https://www.youtube.com/watch?v=QSvqlYm8APY
59ff75f7-9f82-5f53-ada2-83c44b5adbf1,d63455bc-0bd8-560c-b42a-ec9dcb8b14fa,4,Ye Rail Hamari Ghar Ki,"Rajkumari, Prem Adeeb",0,https://www.youtube.com/watch?v=WA9Nc3p-1WY
92d64b49-3b7d-5de3-9060-e90e3a379f71,d63455bc-0bd8-560c-b42a-ec9dcb8b14fa,5,Baba Chocolate Laaye,Kaushalya,0,https://www.youtube.com/watch?v=BwXSkCgHQcg
8b3bdb19-b1e7-500b-a0d7-1d331c324f93,d63455bc-0bd8-560c-b42a-ec9dcb8b14fa,6,Are Raja Bade Jatan Se Seechoon Tori Phulwari,Rajkumari,0,https://www.youtube.com/watch?v=poIWCddxcxM
10a1b1fd-7677-55c6-a2b6-c587a103f2e2,d63455bc-0bd8-560c-b42a-ec9dcb8b14fa,8,More Pardesi Sajan Lagi Hai Tumse Lagan,Rajkumari,0,https://www.youtube.com/watch?v=7m3lXyKvnJE
827fb9cf-ea16-5a70-af44-c3fe6e8797d5,d63455bc-0bd8-560c-b42a-ec9dcb8b14fa,9,Kabhi Na Himmat Haar Bande,Amirbai Karnataki,0,https://www.youtube.com/watch?v=BG6exNWqqko
19bfc53e-a8a4-5eee-932b-d44ffa1bc737,d63455bc-0bd8-560c-b42a-ec9dcb8b14fa,10,Kis Aas Pe Din Kaatein,Rajkumari,0,https://www.youtube.com/watch?v=Ha9OPTyFqd4
449d3ae0-0e93-5591-b119-860469a30846,d63455bc-0bd8-560c-b42a-ec9dcb8b14fa,11,Is Pyar Ne Raahat Se,Prem Adeeb,0,https://www.youtube.com/watch?v=8IczbZkSCbc
f201f564-fe0c-5b9d-8e67-32662ed3629c,d63455bc-0bd8-560c-b42a-ec9dcb8b14fa,12,Banni Tera Jhoola Hai Anmol,"Amirbai, Kaushalya",0,https://www.youtube.com/watch?v=visju8QjB1Y
7acab72f-d932-5d70-b765-96807ede12a3,d63455bc-0bd8-560c-b42a-ec9dcb8b14fa,13,Baras Gayi Ram Badariya Kaari,"Rajkumari, G.M. Durrani",0,https://www.youtube.com/watch?v=dWRns3_ySPE
4690122f-e517-5471-b731-d02a30af9f4e,9d1be496-dd2b-5de7-8209-75ceeacdf767,2,Jaago Jaago Jaago Aayi Usha,"Manna Dey, Suraiya",0,https://www.youtube.com/watch?v=JXSxIxraG80
94e9806f-c0b1-5978-a057-f279c4d07c18,274f996a-ed64-59a5-bd88-81c5ce7e6e07,2,He Natwar Girdhari,Shanta Apte,0,http://www.youtube.com/watch?&v=0yi2mzAQrec
c087bcc2-434d-53b0-8d8e-76b68cf6daa2,274f996a-ed64-59a5-bd88-81c5ce7e6e07,3,Chhota Sa Sansar Hamara,Shanta Apte,0,http://www.youtube.com/watch?&v=MhenCDv5KKk
0d6df502-17f7-5b9f-ae4f-80914383f3bb,274f996a-ed64-59a5-bd88-81c5ce7e6e07,4,Boojh Sako To Boojho,Shanta Apte,3.0,https://www.youtube.com/watch?v=TEePUpMsu5I
c736d819-3ef1-5e18-bab9-47f30dc1a1c4,274f996a-ed64-59a5-bd88-81c5ce7e6e07,6,More Devar Ki Ho Gayi Sagayi Re,Shamshad Begum,0,http://www.youtube.com/watch?&v=W305MazxBX0
506d11ae-a502-5863-ae4e-7b6c6f8b1ded,274f996a-ed64-59a5-bd88-81c5ce7e6e07,7,Duniya Mein Gareebon Ko,Shamshad Begum,0,https://www.youtube.com/watch?v=MM994ojB9uk
fa21781d-6def-5181-94c8-230b21d17a2c,274f996a-ed64-59a5-bd88-81c5ce7e6e07,8,Log Mujhko Khush Samajhte Hain,Ghulam Haider,0,https://www.youtube.com/watch?v=1gkFbNhVIvI
29f2b070-4dff-5bdc-9724-cfa29b3e7be8,274f996a-ed64-59a5-bd88-81c5ce7e6e07,9,Mere Haal Par Bebasi Ho Rahi Hai,Shamshad Begum,0,http://www.youtube.com/watch?&v=85WyLO2dNiM
a918bfb8-dbe1-55e1-87c8-b9f5fcf38f19,274f996a-ed64-59a5-bd88-81c5ce7e6e07,10,Armaan Tadapte Hain Pehlu Mein,Shanta Apte,0,http://www.youtube.com/watch?&v=s0xSrMVHz64
3f849eb3-b836-5d77-ab1a-8651c53ab798,2c4e84d3-c126-516d-95d0-2a0d1dff12df,1,Teekhi Chitwan Dikha Ke Loot Liya,Vatsala Kumthekar,0,https://www.youtube.com/watch?v=iEtUeL8HLoc
628eb5bc-1c93-58a4-9932-e4e103c7ea82,2c4e84d3-c126-516d-95d0-2a0d1dff12df,2,Naiya Hamari Paar Lagao,Sitara Devi,0,http://www.youtube.com/watch?v=IAT251hzuLo
80f8456c-3b0c-578b-8343-91188520fe5e,2c4e84d3-c126-516d-95d0-2a0d1dff12df,3,Inhi Logon Ne Le Lee Naa Dupatta Mera,Yakoob,0,https://www.youtube.com/watch?v=I21eYqmpaV0
ca0a5835-f547-594e-b9b0-9f703c911a62,2c4e84d3-c126-516d-95d0-2a0d1dff12df,4,Piya Milan Ki Rut Aayi Hai,"Sitara Devi, G.M. Durrani",0,http://www.youtube.com/watch?v=n9IJ8y-mDrg
624c6e20-7121-5ba8-a38c-3e3302ba9e9e,2c4e84d3-c126-516d-95d0-2a0d1dff12df,5,Yeh Gham Ka Fasaana Hai,Sitara Devi,0,http://www.youtube.com/watch?v=8qA9BRB51nU
9dea5704-5c0f-5b2b-838b-798401890ad4,2c4e84d3-c126-516d-95d0-2a0d1dff12df,6,Gori Baanke Nayan Se Chalaye Jadua,"Sitara Devi, G.M. Durrani",0,https://www.youtube.com/watch?v=IJu_sXGoWMA
eaf37a26-84bc-5744-9bc2-0f1a9f746fab,2c4e84d3-c126-516d-95d0-2a0d1dff12df,7,Sautan Ke Ghar Naa Jaiyyo,Sitara Devi,0,http://www.youtube.com/watch?v=K7BgGzrnn3A
6f35e635-4c80-58c6-ae6f-a41d1edc2daa,2c4e84d3-c126-516d-95d0-2a0d1dff12df,8,Haye Kisi Ki Yaad Sataye,Sitara Devi,0,http://www.youtube.com/watch?v=s6j3s6zIiPU
7a353563-f156-51c4-a53a-130b88de91e7,2c4e84d3-c126-516d-95d0-2a0d1dff12df,9,Pune Se Laayi Paan Re,"Sitara Devi, Nazeer Ahmed",0,http://www.youtube.com/watch?v=JCr6U7q2epk
edfd1560-fb56-5c72-8ac8-94b1b5638b6b,2c4e84d3-c126-516d-95d0-2a0d1dff12df,10,Hamari Zindagi Kya Hai,Sitara Devi,0,http://www.youtube.com/watch?v=rE71r3Rwe8Y
399fcfa7-3a18-5854-878a-ec3d31c51bbe,919f7396-ae4c-5bff-a3f2-2f7e06c49340,2,Kehta Hai Dil Ye Baar Baar,Nalini Jaywant,0,https://www.youtube.com/watch?v=x2rApTngCBw
9f49a811-2028-5d9b-b8b3-fb215fb51da8,919f7396-ae4c-5bff-a3f2-2f7e06c49340,9,Kheton Pe Chale Bhaiya Kisaan Re,Nalini Jaywant,0,https://www.youtube.com/watch?v=K0g8_RdoaS0
344abcd4-93d1-5e25-808f-e12f42d58909,89406f22-c197-52ff-a99f-c76ed418dc0e,3,Woh Roothe Hue Hain Manaana Padega,Motilal,0,https://www.youtube.com/watch?v=uqiaDlBSARU
60e94cae-4754-560a-908a-78295f12e4f4,89406f22-c197-52ff-a99f-c76ed418dc0e,6,Kaanton Sa Chubhta Jaata Hai,"Anjali Devi, Motilal",0,https://www.youtube.com/watch?v=xo7iSkA_1OU
10d3a3d3-1e32-556a-9f68-cb5ae279e15c,00645519-1a86-5f47-82c0-7d11c6b02dda,2,Chhoo Gayi Chhoo Gayi Koi Mera Man,Harish - II,0,https://www.youtube.com/watch?v=MQw1Lrwjgg4
f54431b6-d8e5-5d10-a016-c298df38f226,571260a7-6e7b-5e82-9820-951eacaf2449,8,Maange Ja Maange Ja Har Baar,K.C. Dey,0,https://www.youtube.com/watch?v=445cwk0V4n8
e3bde2c6-c670-52b4-9db9-9f046fa93d50,571260a7-6e7b-5e82-9820-951eacaf2449,9,Bande Apna Mol Chukaana,K.C. Dey,0,https://www.youtube.com/watch?v=apCxZcjnvEc
91bb3423-139b-5624-b5b2-22677fdbe871,d4becde1-39cc-524f-a0f7-ffd1f8da0ddb,3,Bhai Bhaj Le Shri Bhagwan,Pandey Ji,0,https://www.youtube.com/watch?v=RXaqbsbmoxU
d1bf4c96-4c5e-5048-a720-0ba0f449335f,d4becde1-39cc-524f-a0f7-ffd1f8da0ddb,6,Bijli Chamkan Lagi,Meenakshi,0,https://www.youtube.com/watch?v=BU8WgwVKgZU
80aae970-3248-555b-9b1a-d6112cedb809,d4becde1-39cc-524f-a0f7-ffd1f8da0ddb,7,Aankh Milte Hi Mohabbat Ho Gayi,Meenakshi,0,https://www.youtube.com/watch?v=eojZ4WKTL8Q
42cb8177-36ed-5e9c-b127-7e5be25f6f7f,aa02698f-8fee-5012-b4b2-82c25646b0ec,3,Is Badalti Duniya Mein,K.C. Dey,0,https://www.youtube.com/watch?v=ctZhgea_2i8
ec494c3c-de60-5010-9f28-15008eeea46e,aa02698f-8fee-5012-b4b2-82c25646b0ec,4,Mera Tan Naache Mera Mann Naache,Mumtaz Shanti,0,https://www.youtube.com/watch?v=PNXeawYtPjs
296410b0-572e-50b6-b544-ba56fd289789,aa02698f-8fee-5012-b4b2-82c25646b0ec,6,Aao Saajan Aa Jao Tum,Mumtaz Shanti,0,https://www.youtube.com/watch?v=xZnGX1qgn8c
81d05220-01ad-5c84-9b85-a1bcb416110e,aa02698f-8fee-5012-b4b2-82c25646b0ec,7,Bol Bol Tu Bol,K.C. Dey,0,https://www.youtube.com/watch?v=bqebecTCWTg
a4dca9e1-adca-5abf-93f2-dcb53ace2827,aa02698f-8fee-5012-b4b2-82c25646b0ec,8,Tu Mujhe Bana Le Rani,Rajkumari,0,https://www.youtube.com/watch?v=2kSAflFnD0E
c371d879-4f48-59c9-8b2b-2cb70b8b6fd4,aa02698f-8fee-5012-b4b2-82c25646b0ec,9,Haar Na Jaana,K.C. Dey,0,https://www.youtube.com/watch?v=7JZuu6Xg_l8
a61b5d19-a31b-5a23-aadd-63bfc27b0677,3bd6ae02-b109-5b72-942c-0b9c2cab9db2,1,Hum Tumse Maangte Hain Aahon Ke Badle Aahen,Amirbai Karnataki,0,https://www.youtube.com/watch?v=xt3YrjGb0Qo
c25b92f0-592d-5307-aa62-d67f7065904e,3bd6ae02-b109-5b72-942c-0b9c2cab9db2,5,Dard Jaye Na (Ghayal Ki Aah Mein Se),Shamim,0,https://www.youtube.com/watch?v=Gbp9Bgk335I
69b0a86f-5257-5f24-9d0e-a57a0f8f8931,a47cbbac-cbfd-5979-a144-da3203b94aca,8,Kyun Hansta Hai Chand,Anima Ghosh,0,https://www.youtube.com/watch?v=UWbAIBOE6pY
552433cd-9e2e-5448-8b9e-84afe184e812,17887af3-eeb1-55bd-9ce2-c074262b67fb,4,Mere Naina Tujhe Dhoondhe Hain Sanwariya,Kaushalya,0,https://www.youtube.com/watch?v=oGuwmIeyAn8
a001be6f-0d56-54d3-96c5-9ea9c73ab368,17887af3-eeb1-55bd-9ce2-c074262b67fb,5,Bahaar Aayi Re Koyal Kook Uthi,Amirbai Karnataki,0,https://www.youtube.com/watch?v=BZ2XpKrTH2U
8d0a9eaa-014f-5e88-8060-e84a7636924a,17887af3-eeb1-55bd-9ce2-c074262b67fb,7,More Raja Ji Ho More Raja Ji Maar Gaye Tore Nainwa,Rajkumari,0,https://www.youtube.com/watch?v=VpyG45j0q3E
60afa2cf-7d3d-5959-b942-639eddbd9543,c8d38d26-221a-5876-af6d-9848f3ad767a,1,Pee Kahan Pee Kahan Gaaye Ja Baavre - I,G.M. Durrani,0,https://www.youtube.com/watch?v=Im3HidRG-Ec
f89e67a6-4139-54b2-b516-ed3d5356c9f0,215fcfc4-6209-5b5f-8420-fb14f9b0c126,4,Saanware Sata Naa Baansari Baja Naa,,0,https://www.youtube.com/watch?v=U2OxO-mxJX4
ba42860d-ce17-5df6-a749-6ab77db1183f,420bc90e-be76-55fa-96dc-b1e2572419c7,1,Baadal Dal Sa Nikal Chala,Anil Biswas,0,https://www.youtube.com/watch?v=fYyjDr5sGco
f1e30228-9e63-51bb-aa23-f0bb5eae6fa7,420bc90e-be76-55fa-96dc-b1e2572419c7,2,Main Unki Ban Jaaoon Re,Parul Ghosh,0,https://www.youtube.com/watch?v=cbQxODme2D4
76844b72-6b8d-5ae5-8eb0-b2334aa311d6,420bc90e-be76-55fa-96dc-b1e2572419c7,3,Insaan Kya Jo Thokarein Naseeb Ki Na Sah Saka,"Parul Ghosh, Anil Biswas",0,https://www.youtube.com/watch?v=iKdUsmR2vug
038eb947-ab16-5653-8399-325a7d7d3d89,420bc90e-be76-55fa-96dc-b1e2572419c7,4,Jeevan Jamuna Paar,"Suraiya, Arun Kumar",3.5,https://www.youtube.com/watch?v=fFqtAZAH894
017d04ed-6eed-520c-8269-a8d9e377d447,420bc90e-be76-55fa-96dc-b1e2572419c7,5,Saqi Ki Nigahen Sharab Hain,"Suraiya, Arun Kumar",2.5,https://www.youtube.com/watch?v=uyGykdtHplU
6f78df44-2d40-588b-ad7c-8e078c7307c2,420bc90e-be76-55fa-96dc-b1e2572419c7,6,Karwaten Badal Raha Hai,"Suraiya, Arun Kumar",2.5,https://www.youtube.com/watch?v=hc8yDkXvs1s
d73cb9dd-f592-5bcb-bac6-7bc2a35574b3,420bc90e-be76-55fa-96dc-b1e2572419c7,7,Woh Dil Mein Ghar Kiye The,Parul Ghosh,3.0,https://www.youtube.com/watch?v=6ucYRAKCK28
3ac64fa3-b636-54b9-895b-1966f7a6c06b,420bc90e-be76-55fa-96dc-b1e2572419c7,8,Sookhi Bagiya Hui Hari,Parul Ghosh,3.0,http://www.youtube.com/watch?v=I-g5fRrxgBc
a281cb35-9410-549d-b0f1-c739b6b6291f,420bc90e-be76-55fa-96dc-b1e2572419c7,9,Ghar Hum Ne Le Liya Hai (Bistar Bichha Diya Hai),"Suraiya, Arun Kumar",2.5,https://www.youtube.com/watch?v=6DsMbZ3gK0o
5f0a76ec-0e3c-55c2-a733-83b505efa5d3,420bc90e-be76-55fa-96dc-b1e2572419c7,10,Ae Baad-E-Saba Ithlati Na Aa,Parul Ghosh,0,https://www.youtube.com/watch?v=qg6SyIIIDbI
5f2171a7-897a-5ac8-a604-4b170c7da9be,3c429f1a-d53b-5dc1-8b0c-ce72ca742827,1,Ghata Chhaayi Ghanghor,"Kanan Devi, Jawahar",0,https://www.youtube.com/watch?v=y90cgzQEaWY
f2a73950-508f-5f93-8739-a46389ee10da,3c429f1a-d53b-5dc1-8b0c-ce72ca742827,3,Prabhu Ji Tum Raakho Laaj Hamari,Kanan Devi,3.0,http://www.youtube.com/watch?v=FcBokurr8sI
1025e9c9-9966-5747-a40a-55e16cb1a7b0,3c429f1a-d53b-5dc1-8b0c-ce72ca742827,4,Meri Majbooriyon Ne,Kanan Devi,3.0,https://www.youtube.com/watch?v=ZUydUgqNmfU
cea03647-4d01-5354-b6f8-fead2dede71f,3c429f1a-d53b-5dc1-8b0c-ce72ca742827,5,Zara Nainon Se Naina Milaye Jao Re,Kanan Devi,3.5,http://www.youtube.com/watch?v=FfQTyrSp8UI
f646cbaf-d04a-5563-9ff3-0f8e93e315cb,3c429f1a-d53b-5dc1-8b0c-ce72ca742827,6,Ae Rone Wale Hanse Ke Din Door Nahin Hain (Mann Ke Haare),Kanan Devi,0,https://www.youtube.com/watch?v=j74VKGc36DA
1183d25e-4084-5771-a692-d2e0a2e88d7b,3c429f1a-d53b-5dc1-8b0c-ce72ca742827,7,Ab Aayi Bahaar Nayi,"Kanan Devi, Jawahar",0,https://www.youtube.com/watch?v=eARDf8np-mo
38667a8b-822c-57da-a9ff-c6f47eed0a8f,00c5fcf3-45be-5367-929a-e12e8e5ccd10,2,Aaj Aadhi Raat Ko,"Ranibala, Shyam Sundar - I",0,http://www.youtube.com/watch?v=llxrkudqbME
0f9eca76-08d5-553c-85e0-b5128623f8c8,00c5fcf3-45be-5367-929a-e12e8e5ccd10,3,Chanchal Dhaara Nadi Kinara,"Rajkumari, Sardar Mansoor",0,https://www.youtube.com/watch?v=JlQQuGaoUik
47ea41d2-b064-5897-b5e8-097ef3815c51,00c5fcf3-45be-5367-929a-e12e8e5ccd10,4,Na Poochho Yeh Mujhse,Sardar Mansoor,0,https://www.youtube.com/watch?v=QTUi7SfytNI
13e3b832-4d0c-54be-a60d-972b02f4e0c3,00c5fcf3-45be-5367-929a-e12e8e5ccd10,5,Dil-E-Naadan Tujhe Hua Kya Hai,Khan Mastana,0,https://www.youtube.com/watch?v=axcJaotv0o8
4ff8fbbb-8d83-5ceb-b6f6-b2ddcbb07ec6,00c5fcf3-45be-5367-929a-e12e8e5ccd10,6,Milake Nazar Tum Nazar Mein Samana,"Rajkumari, Sardar Mansoor",0,http://www.youtube.com/watch?v=3FKKq78LUZs
6e100b5d-c98c-5178-b5ea-de7b9788112a,00c5fcf3-45be-5367-929a-e12e8e5ccd10,7,Kadam Kadam Badhe Chalo,Various artists,0,http://www.youtube.com/watch?v=z4qrJHau8us
40600778-b26d-597a-b0dd-bf80ff955eb7,98f19f22-8992-5ce6-a496-88282658b4d3,1,Panghat Pe Muraliya Baaje,Suraiya,0,http://www.youtube.com/watch?v=kd81aQqQskI
4af59942-fc2f-5ab3-85a5-78713c313890,98f19f22-8992-5ce6-a496-88282658b4d3,6,Baaghon Mein Koyal Boli,Suraiya,0,https://www.youtube.com/watch?v=khKOmaZZqBU
d817b802-54c1-57ee-8d0d-28ed344acb4f,98f19f22-8992-5ce6-a496-88282658b4d3,8,Ishq Ka Dard Suhana,Vatsala Kumthekar,3.0,https://www.youtube.com/watch?v=H0GJ5tOxT9s
d3cfc202-187f-5fb5-8ff0-843982a64b12,98f19f22-8992-5ce6-a496-88282658b4d3,9,Shabnam Kyun Neer Bahaye,Gauhar Sultana,0,https://www.youtube.com/watch?v=L5s-nm-fJ0U
47c9d66c-9f09-5969-9c26-8c106cb194a2,0e314f0d-2e42-5e94-b534-39af2bf6816e,1,Aaye Jawani Jaaye Jawani Ja Ke Phir Naa Aaye,"Suraiya, Shyam - V",3.0,https://www.youtube.com/watch?v=_UmV5Idf8BU
e0b1a963-2e5a-516f-81c2-e0b8ad4d96b4,0e314f0d-2e42-5e94-b534-39af2bf6816e,3,Ek Tu Ho Ek Main Hoon,Suraiya,0,https://www.youtube.com/watch?v=6dCwHcmjghc
c92cd416-79ee-5609-8b07-025a5e4abdbf,0e314f0d-2e42-5e94-b534-39af2bf6816e,4,Bolo Bolo Re Sajanwa,Nirmala,0,http://www.youtube.com/watch?v=jbxgSP_6rjE
9dee7c19-53f6-58ce-84de-4451690c0e84,0e314f0d-2e42-5e94-b534-39af2bf6816e,5,Saiyan Khade More Dwar Dwar Main Ka Karoon Ka Karoon,Nirmala,0,https://www.youtube.com/watch?v=aIh5DgF-07A
999ec88a-2d1b-5f74-8761-90c28df78b40,0e314f0d-2e42-5e94-b534-39af2bf6816e,7,Toot Gaya Ek Tara Mann Ka,"Suraiya, Shyam - V",0,https://www.youtube.com/watch?v=QMva9JOB89s
97211a3d-ba67-59f8-b136-152208672b67,a5d64195-87db-570c-8695-1c869b44de1c,1,Beet Rahi Pooja Ki Ghadiyan,,0,https://www.youtube.com/watch?v=O59-ol82J4I
36eccefe-7614-589d-890d-c6455b7d98e9,a5d64195-87db-570c-8695-1c869b44de1c,2,O Ban Ke Panchhi,,0,https://www.youtube.com/watch?v=ZMExjHhn_s0
cd6451b1-98c3-54d1-af5d-ae52cc33d589,a5d64195-87db-570c-8695-1c869b44de1c,3,Lo Shuru Hui Is Baar,Asit Baran,0,https://www.youtube.com/watch?v=Bn0jOpx330I
2bcaa698-f628-5c80-9e20-cd38e1a71ba4,a5d64195-87db-570c-8695-1c869b44de1c,4,Manmohan Mukhda Mod Gaye,Radharani,0,https://www.youtube.com/watch?v=mHMMsInkNy0
e2e2227e-f4e5-5530-8e0b-51c32a73d9f4,a5d64195-87db-570c-8695-1c869b44de1c,5,Main Jaan Gaya Pehchaan Gaya,Asit Baran,0,https://www.youtube.com/watch?v=hgUkYlfhuGg
d1904423-e53a-5da7-bfc8-17718706ec8a,a5d64195-87db-570c-8695-1c869b44de1c,6,Roti Vrishbhanu Kumari,Radharani,0,https://www.youtube.com/watch?v=Fiz5OZ7ojig
2bad8691-eb97-566a-9049-76b129e1d1bf,a5d64195-87db-570c-8695-1c869b44de1c,7,Mere Dukhon Ki Rain Kati,Radharani,0,https://www.youtube.com/watch?v=8k0Yky2vC4o
fd3f9ebb-1e60-51e1-8a9b-f2d4ed935acb,a5d64195-87db-570c-8695-1c869b44de1c,8,Meri Bagiya Mein Kooke Koyaliya,Asit Baran,0,https://www.youtube.com/watch?v=dB0yEbkYJV4
bebe8de9-2bb5-5839-8989-c622a640842c,a5d64195-87db-570c-8695-1c869b44de1c,9,Hum Chale Watan Ki Ore,Asit Baran,0,https://www.youtube.com/watch?v=wgs4kmSPpN8
f767607c-74db-568c-9fcc-34af91bed266,e6ec2f80-c873-5547-acef-4fcfb088dc59,1,Door Hato Ae Duniya Walon Hindustan Humara Hai,"Amirbai Karnataki, Khan Mastana",4.9,https://www.youtube.com/watch?v=TZhY2pCGEGM
c17c62f9-c77d-5682-9c1a-f563f8cf43c3,e6ec2f80-c873-5547-acef-4fcfb088dc59,2,Dheere Dheere Aa Re Baadal (Female),Amirbai Karnataki,3.67,https://www.youtube.com/watch?v=6VwVBgo2VIw
2786f951-b8d1-55cd-a0a8-38f40ba01394,e6ec2f80-c873-5547-acef-4fcfb088dc59,3,Ab Tere Siva Kaun Mere Krishna Kanhaiya,Amirbai Karnataki,3.67,https://www.youtube.com/watch?v=0vr4P8xph1k
7477c5b1-a9f4-577b-9003-b2cdd17304f8,e6ec2f80-c873-5547-acef-4fcfb088dc59,4,Dheere Dheere Aa Re Baadal (Duet),"Amirbai Karnataki, Arun Kumar",4.71,https://www.youtube.com/watch?v=f-as0MBnjtA
5b8ac220-e248-54f8-9c9d-8dda6f49f79b,e6ec2f80-c873-5547-acef-4fcfb088dc59,5,Ek Di Hansaye Ek Din Rulaye (Hum Aisi Kismat Ko Kya Karen),"Amirbai Karnataki, Arun Kumar",3.33,https://www.youtube.com/watch?v=MSnZsLzVJHQ
2434c29e-2e55-59f9-88b4-0541692bb872,e6ec2f80-c873-5547-acef-4fcfb088dc59,6,Tere Dukh Ke Din Phirenge,Arun Kumar,3.0,https://www.youtube.com/watch?v=uIRl4UMAFv8
499e511e-8be5-565b-97e6-ce963367b1de,e6ec2f80-c873-5547-acef-4fcfb088dc59,7,Papiha Re Mere Piya Se Kahiyo Jaye,Parul Ghosh,4.33,https://www.youtube.com/watch?v=6LsbyyYQnsA
ef71b8ed-d100-5cf6-b18c-ccf0e461443b,e6ec2f80-c873-5547-acef-4fcfb088dc59,8,Ae Duniya Bata Humne Bigaada Hai Kya Tera Ghar Ghar Mein Diwali Hai Mere Ghar Mein Andhera,Amirbai Karnataki,3.33,https://www.youtube.com/watch?v=GWZrZA8Tb-M
2fa303d5-c8de-5f98-8f16-0eb7cd36d70e,f7ec0d01-0a25-5db3-ae37-6757f4615181,1,Kitna Dukh Bhulaya Tumne Pyari,Hemanta Mukherjee,0,https://www.youtube.com/watch?v=tFNwSgg_3gs
251dff3f-71f4-516a-a66c-9e3ccece3b83,59b557dd-a552-50bf-92e4-ffde06289b91,1,Ae Hind Ke Sapooto Jaago Hua Savera,G.M. Durrani,0,https://www.youtube.com/watch?v=rbjiq-PkOSI
0ad38043-960f-5fcc-85cc-de6f26f2d51c,59b557dd-a552-50bf-92e4-ffde06289b91,4,Kyun Dil Mila Hamara Tumhara Jawab Do,Kalyani,0,https://www.youtube.com/watch?v=8-SEBCfQ1yA
2a56de2c-d8f8-5e25-80f1-57438122341e,59b557dd-a552-50bf-92e4-ffde06289b91,7,Hindostaan Walon Geet Ke Waraq Ulto,G.M. Durrani,0,https://www.youtube.com/watch?v=-g4lwRlJ1L4
3cbb1f95-254c-5776-8f7c-7c5b9e823dda,cfaa7eb7-efeb-5030-af22-787ba40e7619,8,Aao Saajan Tohe Jhoola Jhulaoon,"Kaushalya, Ishwar Lal",0,http://www.youtube.com/watch?v=MUjoaunWfe8
a6c4a508-1cea-57c0-9b08-06d8db84f0a9,eac4849f-7bba-5aa2-8dd4-2e2f35a931f2,6,Kya Lutf Hai Jeene Mein Pritam Se Juda Rah Kar,"Snehaprabha Pradhan, Shahu Modak",0,https://www.youtube.com/watch?v=5j5fz2WEw8c
501e32e7-01bc-5d49-bc2b-b5cf3c392256,ecd5f8e7-bce6-5f2a-8c18-80428ff2bca8,3,Dard-E-Gham-E-Ulfat Se Labrez Hai Paimana,Ramdulari,3.0,https://www.youtube.com/watch?v=xu-oF04joTc
71fdf6cd-fecf-5135-b803-98dd08a02326,844e82eb-3a60-5cbe-8491-6e65a401b90c,3,Ud Ja Re Ud Ja Re Panchhi Pi Pi Mat Bol,Hamida Banu,0,https://www.youtube.com/watch?v=lGQr5DM90Js
f5b994fa-6122-510f-984c-9caa1d664407,05933e0b-7b07-5be5-92b7-b8241ead6715,5,Chandni Raat Hai Chandni Raat,K.C. Dey,0,https://www.youtube.com/watch?v=C4urXNPsmWs
0b702113-2ee8-5b35-934a-fb57eb09f59f,e8431614-d9ae-539a-a1af-6a51d947025c,3,Masti Ke Taraanon Se Ummeedon Ko Jaga De,Leela Sawant,0,https://www.youtube.com/watch?v=ax5n1sdVQAM
e842c42e-a3af-51f9-a543-b2922be21f2f,e8431614-d9ae-539a-a1af-6a51d947025c,4,Ik Phool Se Chehre Par Ulfat Ka Asar Aaya,Amirbai Karnataki,0,https://www.youtube.com/watch?v=biW12dxmShs
b5d4da67-a831-5ccb-bcde-5b1bf11f4f20,e8431614-d9ae-539a-a1af-6a51d947025c,7,Fasl-E-Bahaar Aa Gayi,Khan Mastana,3.0,https://www.youtube.com/watch?v=22bbIE7chnI
a1fd5e8e-6c7e-5082-a264-a74a4e8d0dc5,d3c9fec1-e904-5738-bc56-59348c13bb44,4,More Raja Ki Oonchi Atariya,,0,http://www.youtube.com/watch?v=E42bC9HgxCg
a1751e4a-17cb-5e58-8f41-3415b5fbd75e,7fbb581a-3821-5941-b748-ad98accc43e2,3,Ab Toh Nahin Duniya Mein,Noor Jehan,0,https://www.youtube.com/watch?v=_5rB3LmYzAE
ffac6f85-62e5-5801-a5d8-850b86f68ddb,7fbb581a-3821-5941-b748-ad98accc43e2,7,Ek Anokha Gham Ek Anokhi Museebat,Noor Jehan,0,https://www.youtube.com/watch?v=hfLvJzy-Z-M
e14b7485-f0cd-5176-893d-ae53b0daad40,7fbb581a-3821-5941-b748-ad98accc43e2,9,Roshni Apni Umangon Ki,Noor Jehan,0,https://www.youtube.com/watch?v=ivcIScxgNDk
8205eafe-8619-5227-9754-159e6fc0133c,964e951a-cd26-579f-8c60-9701a6b980dc,3,Kyon Bas Gayin Aankhen Aankhon Mein,"Rajkumari, Khan Mastana",0,https://www.youtube.com/watch?v=zKKHblmI_pE
e1fe8a0e-2643-5574-addd-54a91e2358df,964e951a-cd26-579f-8c60-9701a6b980dc,5,Mere Soone Mandir Mein,Rajkumari,0,https://www.youtube.com/watch?v=GRG8wqmmi2E
f7edee8e-73c9-50fe-a8fe-8f16c862924a,ebc0c2e5-d04d-51db-aa6c-26a7c3b6bbaa,1,Dhuen Ki Gaadi Udaye Liye Jaaye,"Rajkumari, P. Bannerjee",0,https://www.youtube.com/watch?v=KAptQAFNS8g
43e1b273-c706-5f3d-87ad-ed7572a28e22,ebc0c2e5-d04d-51db-aa6c-26a7c3b6bbaa,2,Aaja Bichhde Hue Saajan,G.M. Durrani,0,https://www.youtube.com/watch?v=F4VeNKC7vVw
44eabdb5-6ab0-5962-8275-9ceb49bbb61a,ebc0c2e5-d04d-51db-aa6c-26a7c3b6bbaa,3,Laayi Ri Laayi Ri Lo Gajre Le Lo,"G.M. Durrani, Manju",0,https://www.youtube.com/watch?v=19hSncoCcC4
2752f252-28a1-5388-a0ca-ada1e32a8cdd,ebc0c2e5-d04d-51db-aa6c-26a7c3b6bbaa,4,Aayee Aayee Sawan Ki Rani,Leela Mehta,0,https://www.youtube.com/watch?v=DV5txIghK2g
c119742e-ec6f-5d29-840a-e941ef0aed30,ebc0c2e5-d04d-51db-aa6c-26a7c3b6bbaa,5,Neend Hamari Khwaab Tumhare,G.M. Durrani,0,https://www.youtube.com/watch?v=_pEk1v94pvI
e63a93bb-e4aa-559c-9e96-b26d21accb1e,ebc0c2e5-d04d-51db-aa6c-26a7c3b6bbaa,6,Woh Aaye Hain Bahaar Aaye Na Aaye,G.M. Durrani,0,https://www.youtube.com/watch?v=gUP4kcoTvOs
4c3e4523-8b37-581a-a1f5-dfb5c9ccb792,ebc0c2e5-d04d-51db-aa6c-26a7c3b6bbaa,7,Des Beech Pardes Karke,Leela Mehta,0,https://www.youtube.com/watch?v=if1EwJBXR2c
2f7688a8-6bad-5b5b-a7fa-1fea7412c466,ebc0c2e5-d04d-51db-aa6c-26a7c3b6bbaa,8,Man Mandir Mein Aaye Baalam,"Rajkumari, P. Bannerjee",0,https://www.youtube.com/watch?v=H54um0N22Us
867e1eed-f828-504c-8ff8-a3e0aad77d31,ebc0c2e5-d04d-51db-aa6c-26a7c3b6bbaa,9,Kya Sukh Paaya Nain Mila Ke,G.M. Durrani,0,https://www.youtube.com/watch?v=fowrvZfXup8
e7f778f3-bdeb-5697-9784-6f782b38bcb1,4dca542d-91a2-5199-9b41-87e8b71e2ff5,9,Waqt Kam Shikve Zindagi Bhar Ke,Anis Khatoon,0,https://www.youtube.com/watch?v=WL46YmGQlAE
5e0b0e8c-8b1f-57e4-a5db-31dc8be6feef,5ea467ff-55b4-5035-b666-12803bf64f88,1,Tarsi Hui Hai Muddat Se Aankhein,Ashok Kumar,0,https://www.youtube.com/watch?v=HPWJW_D5Gk0
15e12830-6f37-5c33-873e-0c976f69dd35,5ea467ff-55b4-5035-b666-12803bf64f88,2,Eid Milo Eid Guiyaan,Various artists,0,https://www.youtube.com/watch?v=GZlt-Ny9Gy0
395a32ce-dbe1-5e23-9e21-430359748c61,5ea467ff-55b4-5035-b666-12803bf64f88,3,Mujhe Jo Khilaate Hai,Ashok Kumar,0,http://www.youtube.com/watch?v=LsGDJvROYak
8a8dd3f7-a38a-57e8-9ff4-c10476bc8db8,5ea467ff-55b4-5035-b666-12803bf64f88,4,Bhala Kyun Magar Kyun,"Parul Ghosh, Mumtaz Shanti",0,https://www.youtube.com/watch?v=EEM9_9vSTVs
96fcff2d-125c-5dcc-b97a-7b3e2d67f9de,5ea467ff-55b4-5035-b666-12803bf64f88,5,Nazar Kuchh Aaj Aisa Aa Raha Hai,"Ashok Kumar, Mumtaz Shanti",0,https://www.youtube.com/watch?v=g62T8hpK09A
80fd30af-abe5-53c7-b806-596fafa7fa13,5ea467ff-55b4-5035-b666-12803bf64f88,6,Fasl-E-Bahaar Gaaye Jaa,"Parul Ghosh, Sitara Devi",0,https://www.youtube.com/watch?v=TDC95dQLrbU
2b80aa8e-ef78-58e3-a46f-9ad0868a9bbf,5ea467ff-55b4-5035-b666-12803bf64f88,7,Jal Ja Jal Ja Patange Hanse Hanste Jal Ja,"Sitara Devi, Ashok Kumar",0,https://www.youtube.com/watch?v=V3j2-x-15KM
ab6c4908-109b-518d-ab94-319c5931a563,5ea467ff-55b4-5035-b666-12803bf64f88,8,Kya Mohabbat Ka Yahi Anjaam Hai,Ashok Kumar,0,https://www.youtube.com/watch?v=shzzDdcTVTQ
c2f2b623-ce99-5cfb-a135-8fe6848d7f9d,5ea467ff-55b4-5035-b666-12803bf64f88,9,Saajan Ke Naina Jaadu Baan,"Amirbai Karnataki, Mumtaz Shanti",0,https://www.youtube.com/watch?v=Z1fWXjd9IPo
eb67589d-8f28-5c4a-8a13-303661504a2d,5ea467ff-55b4-5035-b666-12803bf64f88,10,Jab Yaad Teri Aati Hain,"Sitara Devi, Ashok Kumar",0,https://www.youtube.com/watch?v=m8SFklXttA4
71c2e120-b30f-50ce-871c-a3f4efe0c128,5ea467ff-55b4-5035-b666-12803bf64f88,11,Gaaoon Khushi Mein Gaaoon,Sitara Devi,0,https://www.youtube.com/watch?v=Gj69MehByNI
bc49fb2a-a68f-5752-af41-3e817c29a62d,5ea467ff-55b4-5035-b666-12803bf64f88,12,Dua Ya Gafroor Rahim Ali Mukaam,"Rafiq Ghaznavi, Mumtaz Shanti",0,https://www.youtube.com/watch?v=HYWFCBVCpYM
87a933e1-f2a4-5404-9d88-56d67392e016,277bbd79-c210-55bb-a164-972335d0877a,5,Dil Ke Pat Khol Ke Dekho,G.M. Durrani,0,http://www.youtube.com/watch?v=JG0Q1rdOnxo
90f1af52-b313-522e-a357-08371d82089b,277bbd79-c210-55bb-a164-972335d0877a,8,Aaye Bhi Woh Gaye Bhi Woh,Parul Ghosh,0,https://www.youtube.com/watch?v=sXPJ2PB6SeY
99195d0d-0ace-592f-a66f-6ff22605f179,277bbd79-c210-55bb-a164-972335d0877a,9,Mere Dil Mein Saikadon Armaan,G.M. Durrani,0,http://www.youtube.com/watch?v=VRxA5xUMe5w
9b5011ec-61ee-52bf-aab6-ffade38c56ef,ce369a9c-53a2-58d4-a9c4-c9b9eca215f4,6,Ae Gul-E-Naubahaar Jhoom,"Noor Jehan, Rajkumari",0,https://www.youtube.com/watch?v=muUDn9lidIk
1efe0591-011a-5a8f-b572-f2a719480c29,ce369a9c-53a2-58d4-a9c4-c9b9eca215f4,9,Jinhen Karna Tha Dil Aabaad Apna,Noor Jehan,0,http://www.youtube.com/watch?v=lsulr8H8OqY
c32fc784-6a81-51dc-8cb2-e0557846a210,5a61b808-d1b3-563b-beb1-6b997ea45aa1,1,Hum Duniya Ke Annadaata Hain,Khan Mastana,0,http://www.youtube.com/watch?v=HhnIwRwjEDw
dc53d38a-10cd-5a2f-a6c8-2c6715fcca01,5a61b808-d1b3-563b-beb1-6b997ea45aa1,4,O Insaan Bade Insaan,Khan Mastana,0,http://www.youtube.com/watch?v=Q4BXNJDNo1Y
237ad527-426a-59c3-9f47-a2d78a419c5a,24c79165-10d0-5755-925b-5f1186884c79,1,Koyaliya Kaahe Bole Ri,Khursheed,0,https://www.youtube.com/watch?v=gp4NRmDh70k
371281c5-00c1-5f6e-a9ca-dafb2792a9d5,24c79165-10d0-5755-925b-5f1186884c79,3,Kahani Ban Gayi Mori Tum Sang,Khursheed,0,https://www.youtube.com/watch?v=ZCmD8ddGtBM
a34b6fe0-1ebd-5b6d-a8ee-3f47ddc82073,24c79165-10d0-5755-925b-5f1186884c79,6,Aankhon Ka Khel Khel Ke,Khursheed,0,https://www.youtube.com/watch?v=-FquzKB00GM
953d4ad6-8cb5-5f8e-90b8-dfcef1b22170,24c79165-10d0-5755-925b-5f1186884c79,7,Woh Gaye Nahin Hamen Mil Ke,Rajkumari,0,https://www.youtube.com/watch?v=yTqE34GDmmo
ce2fef61-1fae-5914-b87e-61732e200862,66c17a31-0d0d-50fd-b64e-67848a45ff2e,1,Gulshan Mein Ummeedon Ke Tum Ban Ke Bahaar Aaye,"S.D. Batish, Shamshad Begum",0,https://www.youtube.com/watch?v=-mTsYzrKlJo
24d95cbc-4df3-5c91-b00d-c823301037e6,66c17a31-0d0d-50fd-b64e-67848a45ff2e,3,Yeh Geet Papiha Gaata Hai,Shamshad Begum,0,https://www.youtube.com/watch?v=GkKGTv91NYc
10233d7f-1ce4-56bf-9e45-53cad3b08c40,66c17a31-0d0d-50fd-b64e-67848a45ff2e,4,Ummeed Tadapti Hai,Shamshad Begum,0,https://www.youtube.com/watch?v=SFtP5ZM_TII
cb7f5b0f-8882-5ee6-913b-251eb7d15dee,66c17a31-0d0d-50fd-b64e-67848a45ff2e,5,O Bhoolne Wale Main Tujhe Kaise Bhula Doon,Shamshad Begum,0,http://www.youtube.com/watch?v=_dSZUHcnUWI
af7ea9be-86a7-58bd-b04f-5d3a14ceb6d2,66c17a31-0d0d-50fd-b64e-67848a45ff2e,6,Piye Jaa Piye Jaa,"Shamshad Begum, S.D. Batish",0,https://www.youtube.com/watch?v=-fzSoy73QDg
a2ce85a0-a562-525f-bd00-2174b662fca0,66c17a31-0d0d-50fd-b64e-67848a45ff2e,8,Husn Ki Yeh Meharbani Phir Kahaan,Shamshad Begum,0,https://www.youtube.com/watch?v=ITatD59TvoE
0329bb6e-f9ac-5577-9c83-25f84d92f393,66c17a31-0d0d-50fd-b64e-67848a45ff2e,10,Gaa  Gaa Ri Sakhi Mann Ke Taaron Se,Shamshad Begum,0,https://www.youtube.com/watch?v=pi_sVf4ji1s
0203ba24-e0f2-5239-b7f8-cc72b9e98c65,ac69e36a-aa3b-5fa1-8478-6fad75851a3a,2,Pujari Pooja Mein Kitne Phool,Surendra,0,https://www.youtube.com/watch?v=1Oawh1a-rjI
9899db36-2891-5e34-9c17-c60adb42ecf5,ac69e36a-aa3b-5fa1-8478-6fad75851a3a,3,Jo Dil Mein Aaye The Dard Bankar,Surendra,0,https://www.youtube.com/watch?v=x7VhJWNjWfY
7abb01ab-98bd-5b6f-b57c-5e524c0a6faf,ac69e36a-aa3b-5fa1-8478-6fad75851a3a,11,Zindagi Zindagi Paigham Layi Hai,Surendra,0,https://www.youtube.com/watch?v=hsSFY1YZi3U
5d580381-ba37-5b9c-9d86-9d09d1b952a4,76d6c2cf-0d00-5dd8-948a-c78c1790eeb8,1,Panghat Ko Chali Panihari,Rajkumari,0,https://www.youtube.com/watch?v=Uaa0SFJuVLw
4f41685c-ee54-505d-8396-30a0bab5e05b,76d6c2cf-0d00-5dd8-948a-c78c1790eeb8,2,Door Chala Chal Tu Kahin - 1,"Sumati, Shri Nath Tripathi",0,https://www.youtube.com/watch?v=pRX3B3zN2yA
6c5cee26-1d4a-5e43-8947-cc4a67795c5e,76d6c2cf-0d00-5dd8-948a-c78c1790eeb8,3,Main Hoon Kali Matwali,Rajkumari,0,https://www.youtube.com/watch?v=1ph-ttmiZaw
75c528e3-1481-56bd-a7a7-852b1e66dcaa,76d6c2cf-0d00-5dd8-948a-c78c1790eeb8,6,Panghat Par Paani Bharne,"Shri Nath Tripathi, Rajkumari",0,https://www.youtube.com/watch?v=ADitPQ0xSmg
2ff8b23d-f974-584c-8af9-edd8296079e7,76d6c2cf-0d00-5dd8-948a-c78c1790eeb8,8,Amma Mori Ho,Rajkumari,0,https://www.youtube.com/watch?v=aQy5K2RIHyQ
a5632493-e9c4-5183-b9ff-01b7d067dc03,76d6c2cf-0d00-5dd8-948a-c78c1790eeb8,9,Tum Meri Jeevan Naiya Ho,"Shri Nath Tripathi, Rajkumari",0,https://www.youtube.com/watch?v=Ft-cBOE3x6o
f5545119-8c92-5017-a026-11e6e7e77141,76d6c2cf-0d00-5dd8-948a-c78c1790eeb8,10,Chachi Ji Mori Chooha Kothe Ke Beech,"Baby Tara, Rajkumari Shukla",0,https://www.youtube.com/watch?v=_sjVQJjF6wI
6122ee7f-897e-5c05-a2d8-95e05940a50d,76d6c2cf-0d00-5dd8-948a-c78c1790eeb8,11,Goriya Huyi Re Jawaan,Various artists,0,https://www.youtube.com/watch?v=ES5QYMROjSg
adf69f01-c766-559d-9aba-9567d6bd9fd2,743ac075-1b8f-5a5e-b16f-e2e67e3fac70,2,Ab Unka Kya Bharosa,,0,https://www.youtube.com/watch?v=8DIdB7ptJrU
db5b5586-0889-55d3-8589-d3dd61e6937e,743ac075-1b8f-5a5e-b16f-e2e67e3fac70,4,Pat Raakho Girdhari,,0,https://www.youtube.com/watch?v=9fxZUsNnx5g
627f78f6-d3eb-5e37-9651-53e70103069a,743ac075-1b8f-5a5e-b16f-e2e67e3fac70,5,Aise Mein Jo Aao Ae Chand,,0,https://www.youtube.com/watch?v=_LKiK07VmHE
e11722bb-03f2-5e7e-8580-b994c47fde2d,743ac075-1b8f-5a5e-b16f-e2e67e3fac70,7,Yeh Chandni Yeh Saaye,,0,https://www.youtube.com/watch?v=rjnPVCUd9DY
ba8bc0d8-ea19-5535-9f00-b61c9f89d77e,743ac075-1b8f-5a5e-b16f-e2e67e3fac70,8,Aankhon Mein Bas Rahe Hain Woh,Zeenat Begum,3.0,https://www.youtube.com/watch?v=VANmdamzDe8
de2f8454-b670-5a64-9280-5f65df9c0ba3,770f71ec-38bf-5830-8afb-55e732816abd,1,Gaadi Wale Dupatta Uda Jaaye Re,"Shamshad Begum, Zeenat Begum",0,https://www.youtube.com/watch?v=jllmC6YJQbc
e3ebc9bc-7cbe-5e67-8507-0b9e7dcef949,770f71ec-38bf-5830-8afb-55e732816abd,8,Ab Koi Toote Hue Dil Ka Sahaara Na Raha,,0,http://www.youtube.com/watch?v=6xHCRZAOv6Y
eab85c71-c936-57d6-8225-fd7c6c33afc7,00f42ad4-f595-5b5a-b30a-73ea5bf23cde,1,Kaahe Neha Lagaye Sajaniya,Kajjan,4.0,https://www.youtube.com/watch?v=kPfR4HISwV8
23530a3d-5253-5582-8da6-2c6d0c81feae,00f42ad4-f595-5b5a-b30a-73ea5bf23cde,4,Aaya Sawan Aaja Sajan Sooni Sejariya,Kajjan,0,https://www.youtube.com/watch?v=NUxCRKyOYXM
a770753e-5284-5c57-b77b-4092f8d0932c,00f42ad4-f595-5b5a-b30a-73ea5bf23cde,8,Ek Dhundhla Sa Mohabbat Ka Naksha Hai Baaki,Kajjan,3.0,https://www.youtube.com/watch?v=tyXCcA05rBE
b6ee3804-6cef-5124-9532-1b34e423f590,6415bd43-1ce6-55a5-8a5c-8183489a7067,1,Gaaye Jaa Tu Gaaye Jaa,Amirbai Karnataki,0,https://www.youtube.com/watch?v=thlEeb_KFHk
1bf8d204-03a9-57aa-83b8-0391c4e46855,6415bd43-1ce6-55a5-8a5c-8183489a7067,2,Kaun Hai Yeh Dilruba,G.M. Durrani,0,https://www.youtube.com/watch?v=DKb5p5FUi3k
0f0d951e-5f35-5466-93c9-6ce6f5c7cb6b,6415bd43-1ce6-55a5-8a5c-8183489a7067,4,Main Aagre Se Joota Laaya Re Ho Raniji,"Shanta Thakkar, Bharat Vyas",0,https://www.youtube.com/watch?v=bYUG66dWqcE
1f64ee70-7604-57f4-b4e8-fa0e07075557,6415bd43-1ce6-55a5-8a5c-8183489a7067,5,Kyun Tumne Humko Daraaya,Amirbai Karnataki,0,http://www.youtube.com/watch?v=lHilnOqcQcw
81025a1c-5872-5ccf-866c-9171ce94a7d9,6415bd43-1ce6-55a5-8a5c-8183489a7067,7,Tore Mann Mein Basoongi O Saajna,Amirbai Karnataki,0,https://www.youtube.com/watch?v=CpnoxrslhEA
6c4c30e6-5bb9-5380-9e1e-40954f4c8f80,6415bd43-1ce6-55a5-8a5c-8183489a7067,9,Mann Re Mat Ro Mat Ro,"Amirbai Karnataki, G.M. Durrani",0,https://www.youtube.com/watch?v=ZbkFWpOJRyg
154222c2-d1cd-5151-aba2-ab3d428ada90,6415bd43-1ce6-55a5-8a5c-8183489a7067,10,Jhananan Jhananan,Amirbai Karnataki,0,http://www.youtube.com/watch?v=moDXzpjrqDY
31a1fd6b-6c3a-5308-9838-dd3309da28c9,1b6c97a6-9d3a-5514-831a-2994b174db38,1,Aankhon Mein Muskuraye Jaa,"Menka Bai, Sheela, Meena - II",0,http://www.youtube.com/watch?v=pdoSgbaPk6M
438605ff-04be-5f49-8d84-2584218a1e80,1b6c97a6-9d3a-5514-831a-2994b174db38,2,Hawa Ne Baandha Hai Kya Rang,Amirbai Karnataki,0,https://www.youtube.com/watch?v=E7zfPvlrKeo
07ea4983-1da5-5be5-90c9-3943aaab0e6f,1b6c97a6-9d3a-5514-831a-2994b174db38,4,Aa Apna Rang Jamale,"Menka Bai, Rafiq Ghaznavi",0,http://www.youtube.com/watch?v=miUwB6W998w
497a7865-9766-5dd3-b1f7-2b6d154cef54,1b6c97a6-9d3a-5514-831a-2994b174db38,5,Khule Swarg Ke Dwaar Jag Mein,Menka Bai,0,https://www.youtube.com/watch?v=v8G9FlC5bCE
fedbf61f-2978-5389-b741-35bbdfd5d7ac,1b6c97a6-9d3a-5514-831a-2994b174db38,6,Panchhi Ud Chal Apne Desh,"Menka Bai, Rafiq Ghaznavi",0,https://www.youtube.com/watch?v=tAXGNnBbXpk
8420f3cb-7dc5-561b-9421-46a0a102e37e,1b6c97a6-9d3a-5514-831a-2994b174db38,7,Jeevan Ka Jug Aaya (Dekh Dekh Kar Man Lalchaaya),Amirbai Karnataki,0,https://www.youtube.com/watch?v=oyqV8MzoyNE
08a234f8-0dc3-5c94-b65d-61465fb56367,d48baa9c-326c-54d3-898a-c65d4e9774ae,8,Apni Toh Zamane Se Har Baat Nirali Hai,Amirbai Karnataki,0,https://www.youtube.com/watch?v=2l-2TbGuKjg
312664da-1b43-5a6c-8a96-877875e80ef0,0d296405-9d84-54af-8d11-78e013bc4a49,1,Nirali Duniya Hamari,"Pratima Dasgupta, Kishore Sahu",0,https://www.youtube.com/watch?v=w8mIeZHRgK8
10010fa3-db8b-510a-a03c-cbd94a0501ab,ab66258d-38dd-56c9-ba2f-94d173ad2398,1,Dekho Dekho Ram Rajya Mein,,0,https://www.youtube.com/watch?v=s87pfFYfNb0
f77b5443-1ea5-5866-9d51-285985d00c61,ab66258d-38dd-56c9-ba2f-94d173ad2398,2,Aao Ri Suhagan,Amirbai Karnataki,0,https://www.youtube.com/watch?v=uwxlbG24Ls8
6d59221e-fc6e-53e5-bf46-dad711a77d93,ab66258d-38dd-56c9-ba2f-94d173ad2398,3,Surya Dev Jagdip Tej,,0,https://www.youtube.com/watch?v=Sqswk-rySpg
579d1396-8884-5a88-ac90-07e4f300dbb4,ab66258d-38dd-56c9-ba2f-94d173ad2398,4,O Rani Maharani,,0,https://www.youtube.com/watch?v=vWUeBDDRESk
76b1c150-753f-52e1-b17b-adff715e3844,ab66258d-38dd-56c9-ba2f-94d173ad2398,5,Beena Madhur Madhur Kachhu Bol,Saraswati Rane,0,https://www.youtube.com/watch?v=kT-ZukheSmQ
48c43678-a4e1-5fe8-bd5a-a20220dbc5c3,ab66258d-38dd-56c9-ba2f-94d173ad2398,6,Chal Tu Door Nagariya,Manna Dey,0,https://www.youtube.com/watch?v=56kHTO344Es
24a4ce2e-3841-5a09-a174-65d7bddac787,ab66258d-38dd-56c9-ba2f-94d173ad2398,7,Ajab Bidhi Ka Lekh Kisi Se Padha Nahin Jaye,Manna Dey,0,https://www.youtube.com/watch?v=IQ49oo2m1c8
5e589881-47b0-539f-be54-c27ebc865380,ab66258d-38dd-56c9-ba2f-94d173ad2398,8,Aaj Anand Bhayo Re,,0,https://www.youtube.com/watch?v=qQwlGc7NkH0
f93558c5-91e5-5516-a938-62179f11dfa7,ab66258d-38dd-56c9-ba2f-94d173ad2398,9,Jhoole Mein Jhool Lal,,0,https://www.youtube.com/watch?v=ysfXp-R7bIc
7d091d33-a149-5753-a322-5054f950ed96,ab66258d-38dd-56c9-ba2f-94d173ad2398,10,Aaj Jiya Dole Anand Se,,0,https://www.youtube.com/watch?v=HyroWUNek2M
6c3a9509-e799-5a77-8cc8-2a4ad6d9d168,ab66258d-38dd-56c9-ba2f-94d173ad2398,11,Bharat Ki Ek Sannari Ki Hum Katha Sunaate Hain,Vishnupant Pagnis,0,http://www.youtube.com/watch?v=WVGaRw7rf78
4498c1bb-1257-543d-8d8d-f3e4f0a3495f,ab66258d-38dd-56c9-ba2f-94d173ad2398,12,Tyaagmayi Tu Gayi,Manna Dey,0,https://www.youtube.com/watch?v=1EzBk88fgUs
5ed14a74-9b34-5325-ae75-0a72b9f96510,9961afb2-4ef3-5e3f-8d63-cd9855c5d3ac,1,Dekho Kar Ke Yeh Solah Singar,,0,https://www.youtube.com/watch?v=xVUcSbkruRI
c4b72946-50d3-558f-a1c6-23c965d56607,9961afb2-4ef3-5e3f-8d63-cd9855c5d3ac,2,Saawan Ne Boondan Ki Jhaalar Daali,Anima Dasgupta,0,https://www.youtube.com/watch?v=LpkpofdN0Cg
7cb20cac-f148-511f-b9a1-473e9f0d65bd,9961afb2-4ef3-5e3f-8d63-cd9855c5d3ac,3,Piyo Ji Khoob Piyo Main Pilaoon Pyar Se,Anima Dasgupta,0,https://www.youtube.com/watch?v=PUTeMREEeHQ
2d53ed3c-e047-575f-9d6e-ae6ec22f38a2,9961afb2-4ef3-5e3f-8d63-cd9855c5d3ac,4,Zindagi Ek May Hai Jisko Pee Rahi Hoon,,0,https://www.youtube.com/watch?v=Og1OZKIFdpc
0a03ae7d-7448-57ff-b3fd-99043e9d0f4a,9961afb2-4ef3-5e3f-8d63-cd9855c5d3ac,5,Hai Kaun Yeh Pardesi,,0,https://www.youtube.com/watch?v=4bKOoMds6pg
fc932aa6-377b-552c-87c8-26879979714a,9961afb2-4ef3-5e3f-8d63-cd9855c5d3ac,6,Dil Bhi Kaisa Hai Nadaan,,0,https://www.youtube.com/watch?v=g1rPr9SFnKU
37ee37dc-18c8-589a-a675-1f9f03e8eb18,9961afb2-4ef3-5e3f-8d63-cd9855c5d3ac,7,Ummeed Kya Ho Geet Ki Jab,,0,https://www.youtube.com/watch?v=d-dYiWMemmM
b8a04654-1fed-5c89-ac9d-2fabd432af70,9961afb2-4ef3-5e3f-8d63-cd9855c5d3ac,8,Zara Dheere Se Bol,,0,https://www.youtube.com/watch?v=tqEuZsngK_o
d241da17-41be-50e4-b0df-52eb63fbff7a,9961afb2-4ef3-5e3f-8d63-cd9855c5d3ac,9,Kabhi Chalti Hoon Main,Anima Dasgupta,0,https://www.youtube.com/watch?v=nCHBaKs26B8
561fa827-b908-5ff5-a743-7358a7ae5cb3,5ad6589e-d661-5f57-8521-e3374dcf4c6b,4,Aa Teri Tasveer Bana Loon,"Harish - II, Leela Chitnis",0,https://www.youtube.com/watch?v=xGnuJbI2MrE
9a36244d-ca6f-51c6-abe2-0e29541a02bb,6d493b06-4dff-5bd9-a885-4922c39bd629,5,Sabr-O-Qarar Chheen Ke Aankhein Chura Gaye,G.M. Durrani,0,http://www.youtube.com/watch?v=s40InYGlo08
ca140d75-c836-5f5f-9144-d9502c189700,6d493b06-4dff-5bd9-a885-4922c39bd629,7,Raakhi Ka Din Aaya Sajni,Various artists,0,https://www.youtube.com/watch?v=sJK5caqOWvg
0e27053e-dcdf-546a-ad75-ad954bc6eb73,7bf84bce-88ae-5bba-af2d-0e624d504d0c,4,Aankhon Se Yeh Kehti Hain,Rajkumari,0,https://www.youtube.com/watch?v=SKPFA-KblOY
644e404e-b1bf-584c-9d22-4d195c4d6f61,3d2c4640-ca61-5f0e-933e-2e1e4162a361,1,Mori Gali More Raja,Suraiya,0,https://www.youtube.com/watch?v=F1QmhaV_K_c
45fa704e-2e1b-5b19-9619-3db3162adb5a,3d2c4640-ca61-5f0e-933e-2e1e4162a361,2,Aa More Saanwre Saiyan,Suraiya,0,https://www.youtube.com/watch?v=FnnwzstS928
4cde550c-d7ff-5a15-a2a3-91e1bf6f6ef5,3d2c4640-ca61-5f0e-933e-2e1e4162a361,3,Udte Hue Panchi Kaun Unko Bataaye,"Suraiya, Charlie - I",0,https://www.youtube.com/watch?v=eEek2PQXcLM
2b035e92-8ca0-53ee-9b81-746ae9b8eb9a,3d2c4640-ca61-5f0e-933e-2e1e4162a361,4,Jaan Bachi So Laakhon Paaye,Shyam - V,0,https://www.youtube.com/watch?v=ci1RSGNVzm4
12f3371b-b51a-5807-9312-58391fcb6e0a,3d2c4640-ca61-5f0e-933e-2e1e4162a361,5,Koi Chutki Si Mere Dil Mein,Suraiya,0,https://www.youtube.com/watch?v=i9X-OGXXREI
e5417060-c063-595e-94fa-0f03f9f9117c,3d2c4640-ca61-5f0e-933e-2e1e4162a361,6,Palat Tera Dhyaan Kidhar Hai,Charlie - I,0,https://www.youtube.com/watch?v=Dv3Ians9ceE
f7fe42fc-3508-5a53-8c3a-3abcd1c8e861,3d2c4640-ca61-5f0e-933e-2e1e4162a361,7,Papihara Kaahe Machaave Shor,Charlie - I,0,https://www.youtube.com/watch?v=yLtDQa24OGU
a972cec8-7450-5d24-a176-3bcff016b5a7,3d2c4640-ca61-5f0e-933e-2e1e4162a361,8,Ek Dilwala Ek Dilwali,"Suraiya, Charlie - I",0,https://www.youtube.com/watch?v=P5qmeX3kDJM
17c30667-20f7-55eb-93bf-655611801fc4,3d2c4640-ca61-5f0e-933e-2e1e4162a361,9,Kaun Gali Ka Chhora Pukaare,"Hamida Banu, Shyam - V",0,https://www.youtube.com/watch?v=EcHnTJ4gnSI
181af00b-0dc9-5e38-bc2b-1491ea4de504,0e28ab69-a894-5ff7-be42-71d5ffd9b478,5,Aapse Milne Ka Armaan Liye Baitha Hoon,Siddheshwar Mukherjee,0,https://www.youtube.com/watch?v=L9U0g_scoAc
74e4c52e-714b-54b3-973f-ac0b947e6d54,0e28ab69-a894-5ff7-be42-71d5ffd9b478,6,Beet Gaya Patjhad Phir Guiyan,Parul Ghosh,0,https://www.youtube.com/watch?v=428HVCTyA84
ebe097e8-1ce6-5c3d-bfd6-64f0dc5166d0,0e28ab69-a894-5ff7-be42-71d5ffd9b478,9,Aaj Pehloo Mein Dard Sa Kya Hai,Parul Ghosh,0,https://www.youtube.com/watch?v=GtNdatbrnKk
e93aec3a-2a11-577a-b641-cb6af0c351c4,4350a237-7560-539a-a5ec-e2c6cf269ff4,8,Piya Bin Saawan Bhadon Nain,Krishnarao Chonkar,4.0,https://www.youtube.com/watch?v=DZVPhgBiScE
69470afb-845a-5b58-8d54-74e703cf6134,27bd1494-b63a-578b-8685-d13b71a9e655,1,Pyari Pyari Ye Sukhad Maatrubhoomi Apni,"Zohrabai, Parshuram, Jayashree",0,https://www.youtube.com/watch?v=ecL4OXW6CV0
6face2ea-60b4-57da-b8fe-eac56e61ae77,27bd1494-b63a-578b-8685-d13b71a9e655,4,Jhooloongi Jhooloongi Jeevan Bhar,Jayashree,0,https://www.youtube.com/watch?v=X2EhNG8Mzpg
b85326e1-f619-5b31-ac0b-d582de48e39c,27bd1494-b63a-578b-8685-d13b71a9e655,5,Kamal Hai Mere Saamne,Jayashree,0,https://www.youtube.com/watch?v=iDkp2zCKh94
6213a7a7-bfaa-58fb-a990-b4ef35b9785a,27bd1494-b63a-578b-8685-d13b71a9e655,6,Chand Sa Nanha Aaye,"Zohrabai, Jayashree",0,https://www.youtube.com/watch?v=vYKL11MSNwE
7dc129c3-b06a-593e-a9b3-fa737eaddce4,27bd1494-b63a-578b-8685-d13b71a9e655,8,Mere Baba Ne Baat Meri,Jayashree,0,https://www.youtube.com/watch?v=iihd71W8ew0
63f54518-1923-56e5-a958-88787573546e,27bd1494-b63a-578b-8685-d13b71a9e655,9,Mere Birah Ki Rain,,0,https://www.youtube.com/watch?v=1N29G58MxNw
af32cf57-1161-513a-a101-13acce9ec723,27bd1494-b63a-578b-8685-d13b71a9e655,10,Jeevan Ki Naav Naa Dole,Jayashree,0,https://www.youtube.com/watch?v=I2yu0Ej94Ag
233c25d5-5c7d-53e1-a9d6-1149b2aa5459,d8d4c62d-2a53-5f0d-875e-703d3e33485c,3,Naina Panghat Bhaye Hamare,Sadhana Bose,0,http://www.youtube.com/watch?v=j5GA6S7LbYA
4b9ba2a0-7349-5389-bd7a-dfab2ff03fcb,d8d4c62d-2a53-5f0d-875e-703d3e33485c,5,Kinko Dhoondhat Nain Sakhi Ri,Amirbai Karnataki,0,https://www.youtube.com/watch?v=dG4cIFuicso
18b9a4a0-56b1-58a5-9a69-d8c4a39326f9,d8d4c62d-2a53-5f0d-875e-703d3e33485c,8,Bholi Bhaali Ko Lalchaai Re Maa Kaise Karoon,Amirbai Karnataki,0,https://www.youtube.com/watch?v=GtKb2POytZk
e9c0aa67-b87f-53d0-9743-a0188a048b49,d8d4c62d-2a53-5f0d-875e-703d3e33485c,11,Ganga Kinare Mohe Bagiya Laga De Saiyan,Amirbai Karnataki,0,http://www.youtube.com/watch?v=se8T28FtA58
c1b348f9-50fa-5f7e-80c9-1bef9d6ff946,d8d4c62d-2a53-5f0d-875e-703d3e33485c,13,Jai Jai Shankar Gangadhar,Rewa Shankar,0,https://www.youtube.com/watch?v=j0YROX-4Q_Q
9bfc9647-a3a2-55db-b7c6-422c5063c759,75114a29-e030-5980-aa63-cd0c130ff9b1,7,Hua Savera Moorakh Ab Toh Jaag Re,,0,https://www.youtube.com/watch?v=dVQ-quEbtbA
c80a73da-6359-530d-9b88-82f71682dbac,37682029-d6be-557b-b8fc-0a2bab112722,1,Kuch Peena Kuch Pilaana,Kalyani,0,https://www.youtube.com/watch?v=BKN1xhvtUx0
db33541a-2cb1-5750-8252-2307da864158,4ff7954f-161d-544f-858e-d9c2aef961a9,1,Ghata Ghanghor Ghor,Khursheed,4.0,https://www.youtube.com/watch?v=fxH4Fkucrrs
4181cf2c-b921-572e-82f4-c879e0f7f291,4ff7954f-161d-544f-858e-d9c2aef961a9,2,Aao Gori Aao Shyama,Khursheed,0,https://www.youtube.com/watch?v=QxZ7TRBjd58
b38ae6f1-8842-5bfe-9c68-895f2b4fc984,4ff7954f-161d-544f-858e-d9c2aef961a9,3,Kaahe Gumaan Kare Ri Gori,K.L. Saigal,0,https://www.youtube.com/watch?v=cuONeZgGtVg
c820bf3c-c6a5-5f8e-88d6-8d96df8d52b1,4ff7954f-161d-544f-858e-d9c2aef961a9,4,Rumjhum Rumjhum Chaal Tihaari,K.L. Saigal,4.5,https://www.youtube.com/watch?v=yE-74diRwsU
03e249ed-b351-5306-84d0-62c53d023208,4ff7954f-161d-544f-858e-d9c2aef961a9,5,Baag Laga Doon Sajni,K.L. Saigal,4.5,https://www.youtube.com/watch?v=39L_Q1-6ZHg
0f8dd3c0-8566-5db6-bd29-c524f441a055,4ff7954f-161d-544f-858e-d9c2aef961a9,6,More Baalapan Ke Saathi - I,"K.L. Saigal, Khursheed",3.5,https://www.youtube.com/watch?v=Zfg4Opsk9rc
e35bc0fc-5e10-5b4c-9aa3-4e941e8837a5,4ff7954f-161d-544f-858e-d9c2aef961a9,7,Sapt Suran Teen Graam Gao Sab Gunijan,K.L. Saigal,5.0,https://www.youtube.com/watch?v=G04LrEYepSQ
f3f22b1d-25da-5351-8a96-a4186c1c758e,4ff7954f-161d-544f-858e-d9c2aef961a9,8,Dukhiya Jiyara Rote Naina,Khursheed,0,https://www.youtube.com/watch?v=1QGRjq_6uhQ
f740ca5b-cf0a-5c79-b95c-731984afdc1a,4ff7954f-161d-544f-858e-d9c2aef961a9,9,Ab Raja Bhaye More Baalam,Khursheed,0,https://www.youtube.com/watch?v=CYtwHwLbVy8
32985fdc-8738-56bd-95b6-db78600dc716,4ff7954f-161d-544f-858e-d9c2aef961a9,10,Bina Pankh Ka Panchhi Hoon Main,K.L. Saigal,3.0,https://www.youtube.com/watch?v=u37q2oFiO3w
babb02ee-6137-5f73-94f0-d49bd84009ac,4ff7954f-161d-544f-858e-d9c2aef961a9,11,Diya Jalao Jagmag Jagmag (Din Soona Suraj Bina),K.L. Saigal,4.5,https://www.youtube.com/watch?v=-cMziga78eQ
3e50a501-f650-57bf-b39b-d3b301b16b7a,4ff7954f-161d-544f-858e-d9c2aef961a9,12,Barso Re Barso Kaale Badarwa,Khursheed,3.0,https://www.youtube.com/watch?v=CWm_IYrOsxA
6d714cd1-f494-5fe3-addf-a20de8891034,4ff7954f-161d-544f-858e-d9c2aef961a9,13,More Baalapan Ke Saathi - II,"K.L. Saigal, Khursheed",0,https://www.youtube.com/watch?v=jRfln6hGyjQ
d49a1dc6-9b2d-5079-92af-21c78d773a51,473e26b1-a85b-51d7-8589-31d305c1ce98,1,Badle Jo Zamane Ki Taqdeer Hamari Hai,,0,https://www.youtube.com/watch?v=m6RyRutbexI
251d3859-3d71-5b07-ad84-2ad48589e917,473e26b1-a85b-51d7-8589-31d305c1ce98,2,Ghanghor Ghatayen Chhaayin,"Shamshad Begum, Motilal",0,https://www.youtube.com/watch?v=_KWYL-37VL0
d9dfd600-3ffb-584b-a3c3-d45b45c0dc6f,473e26b1-a85b-51d7-8589-31d305c1ce98,3,Zaalim Jawani Kaafir Adayein,,0,https://www.youtube.com/watch?v=Ys8sJk1r_UI
f34b13f0-052e-543b-a611-abe6b8121f2a,473e26b1-a85b-51d7-8589-31d305c1ce98,4,Mere Man Ki Duniya Basa Di,Shamshad Begum,0,https://www.youtube.com/watch?v=XPBE-gl73ww
5bd0b165-d198-52da-b3a0-7c41beb10921,473e26b1-a85b-51d7-8589-31d305c1ce98,5,Aap Kyun Aayenge,"Shamshad Begum, Motilal",0,https://www.youtube.com/watch?v=zTLmCFMA3ek
46cef97e-2417-594d-8300-fe074846ecb4,473e26b1-a85b-51d7-8589-31d305c1ce98,6,O Jaane Wale Aaja,"Shamshad Begum, Motilal",0,https://www.youtube.com/watch?v=sGNeC4gU9-4
1cc7055f-5044-5fcb-96a8-02d6b697285f,473e26b1-a85b-51d7-8589-31d305c1ce98,7,Babu Daroga Ji Kaun Kasoor,Shamshad Begum,0,https://www.youtube.com/watch?v=26thmbXopt0
a0899ec7-abfc-568f-9731-796f850f1c52,473e26b1-a85b-51d7-8589-31d305c1ce98,8,Mera Maika Ho Ya Sasuraal,Shamshad Begum,0,https://www.youtube.com/watch?v=2Hd1wCP8lUo
8d760a1e-9fff-57b9-a963-bbc4cc2bdc6f,473e26b1-a85b-51d7-8589-31d305c1ce98,9,Tumse Duniya Mujhe Chhudati Hai,Shamshad Begum,0,https://www.youtube.com/watch?v=M7zvZrFc0Yo
e011385f-8c6e-5707-bef8-83f4a05116b1,473e26b1-a85b-51d7-8589-31d305c1ce98,10,Meri Maata Bharat Maata,"Shamshad Begum, Motilal",0,https://www.youtube.com/watch?v=tClXKORux3I
6c938897-8ea5-5b61-b6c1-f0f276d2b51c,a32eefe1-4456-5053-b02f-0d15570a3cfb,1,Hans Le Hans Le Hans Le Man Tu Hans Le,Rajkumari Dubey,0,https://www.youtube.com/watch?v=jISWuSwIMwg
20f00020-dde3-54a1-ab17-1452dc42518d,a32eefe1-4456-5053-b02f-0d15570a3cfb,2,Aaya Aaya Khushi Ka Din Aaya,Rajkumari Dubey,0,https://www.youtube.com/watch?v=Ho4-gjfGEBA
0bf37df8-0e26-53fd-b1b5-8d5b816c6058,a32eefe1-4456-5053-b02f-0d15570a3cfb,3,Laaoon Diya Salaai Haan Main Laaoon Diya Salaai,Rajkumari Dubey,0,https://www.youtube.com/watch?v=2XDcPbKO5C4
e27e5177-e2cc-533c-892b-cefa2137b501,a32eefe1-4456-5053-b02f-0d15570a3cfb,5,Charanon Ki Daasi Hoon Main,Rajkumari Dubey,0,https://www.youtube.com/watch?v=RB_NReuNnQQ
5b03a9a6-d160-5298-b4f1-0d1fa2c25d1b,a32eefe1-4456-5053-b02f-0d15570a3cfb,7,Thahar Ja Thahar Ja Jhoote Bolne Wale,Khan Mastana,0,https://www.youtube.com/watch?v=a0P1Nh3xmb8
ae2c185e-9063-5f95-b7b3-3e1df48ef888,f2e432ff-0c59-5568-84f7-080c44cc09fd,4,Woh Chand Ban Muskura Rahe Hain,Gautami - I,0,https://www.youtube.com/watch?v=sk4WwXZrqIE
74fca814-aa6a-5c8b-89ba-a56ae27b0d9a,f2e432ff-0c59-5568-84f7-080c44cc09fd,8,Lada Kar Aankh Ab Pachhta Rahe Hain,Gautami - I,0,https://www.youtube.com/watch?v=5HZDyBmjwg8
91598439-98e1-5010-a954-626569a0d7e8,f2e432ff-0c59-5568-84f7-080c44cc09fd,11,Preet Ki Jyot Jalakar Chup Hain,Surendra,0,https://www.youtube.com/watch?v=Uu-oG0wSuog
7cff618a-ac45-5c32-9301-f91fefbb045f,ce9770f8-90bb-5ded-a504-110d34a83c82,1,Sawan Ki Rut Bhaaye Sajanwa,"Mehtab, Surendra",0,https://www.youtube.com/watch?v=TkIh1Tkrkz8
1f3bb9c9-ace1-5840-860a-e19c587db63e,ce9770f8-90bb-5ded-a504-110d34a83c82,3,Duniya Nayi Basayi Sajni,"Mehtab, Surendra",0,http://www.youtube.com/watch?v=W-39YiaT6JA
a1679021-e83c-572e-a011-9138057836fe,ce9770f8-90bb-5ded-a504-110d34a83c82,4,Musafir Hansi Khushi Ho Paar,Surendra,0,https://www.youtube.com/watch?v=VdyIOyxbpSg
41aecfc4-d4c7-53dd-a043-28faf45b5f20,ce9770f8-90bb-5ded-a504-110d34a83c82,5,Aurat Ek Kahaani Maiyya,Baby Madhuri,0,https://www.youtube.com/watch?v=t9iaXEWbZ0Q
38572e6a-4ecd-511c-a876-63aec1525c5f,ce9770f8-90bb-5ded-a504-110d34a83c82,6,Bhool Jaa Jo Dekhta Hai,Surendra,0,https://www.youtube.com/watch?v=57jwkRW-hlg
0c389f67-7723-56eb-aa01-b16694d110a5,ce9770f8-90bb-5ded-a504-110d34a83c82,7,Bhojan Ke Nazaare Hai,Baby Madhuri,0,https://www.youtube.com/watch?v=2f3GSiIWtOk
2cb32aea-7d02-5566-a677-c67606f2b204,ce9770f8-90bb-5ded-a504-110d34a83c82,8,Ban Ke Panchhi Gaa,Surendra,0,http://www.youtube.com/watch?v=z71unoSmIFs
fd1b36f8-00c6-5e6a-bdff-112b7cc2e5f8,e5d6ce6e-c199-505b-970b-453b74605c88,1,Albela Mastana Ik Hanson Ka Joda,Binota Bose,3.0,https://www.youtube.com/watch?v=qKezuDf91BM
e5e2d812-465d-58c7-b9bd-0d2f151201d1,e5d6ce6e-c199-505b-970b-453b74605c88,2,Jeevan Hai Bekaar Bina Tumhare,"Binota Bose, Ashit Baran",3.0,https://www.youtube.com/watch?v=9AetkZRs5po
98fea39d-585e-5f4f-addb-1b59b338850f,e5d6ce6e-c199-505b-970b-453b74605c88,3,Tumne Mujhse Prem Jata Kar Duniya Se Begana Kiya,Ashit Baran,0,https://www.youtube.com/watch?v=B3eXl8QEiS8
d08ad923-9fa9-5ef7-9e9c-c6c1b319cf49,e5d6ce6e-c199-505b-970b-453b74605c88,4,Bhool Na Jaana Aaj Ki Baatein,,4.0,https://www.youtube.com/watch?v=GP-MKys3-iE
283bded6-274f-5d48-b37c-e977eeef325a,e5d6ce6e-c199-505b-970b-453b74605c88,5,Manwa Kaahe Phir Tadpaye,Binota Bose,4.0,https://www.youtube.com/watch?v=Qx72QqNPHBM
bd1fdd3a-c58f-53fd-abb3-8d402b45d45e,e5d6ce6e-c199-505b-970b-453b74605c88,6,Hum Kochvan Pyare,Asit Baran,0,https://www.youtube.com/watch?v=G2lNx8jydHI
8f4c21c4-5b99-580f-bc8d-53a0e980257f,e5d6ce6e-c199-505b-970b-453b74605c88,7,Ae Dil Khushi Se Ho Ja Bhagwan Ke Hawale,Binota Bose,0,https://www.youtube.com/watch?v=n_5GE0JPWAk
1ea736b7-97bc-50b8-8c2d-c0e8a7bfe5e0,7e2f5edd-066b-531e-b7c4-fa495542a089,1,Piya Des Hai Jaana,Ishwar Lal,0,https://www.youtube.com/watch?v=hBzD53k1IUw
b1a94a3a-4520-55f1-8758-28f46f5bfd24,7e2f5edd-066b-531e-b7c4-fa495542a089,9,Kaagaz Ki Thi Woh Naav,Kaushalya,0,https://www.youtube.com/watch?v=jCvuGl1ncUo
c781d046-6b04-5a04-9559-26257b3a46fc,c6cf7cc7-eaf5-557b-86fe-f4df43483226,1,Kuchh Bol Bol Panchhi,Kaushalya,0,https://www.youtube.com/watch?v=UvbSbHn3xvQ
025217ef-05ff-52ef-849e-427d819322f1,c6cf7cc7-eaf5-557b-86fe-f4df43483226,2,Misl-E-Khayal Aaye The - 1,Kalyani,0,https://www.youtube.com/watch?v=N4PtuArgAYk
b44bd472-a6f4-5181-8d21-00b6e317171e,c6cf7cc7-eaf5-557b-86fe-f4df43483226,3,Khushi Ke Tarane Sunaata Chala Ja,Husn Bano,0,https://www.youtube.com/watch?v=iVhcbXOZXVI
c5fc203a-f7a0-5f77-b329-a4f5fba786d4,c6cf7cc7-eaf5-557b-86fe-f4df43483226,4,Maa Pyari Maa,Kaushalya,0,http://www.youtube.com/watch?v=1bpQ-JWsOp8
f9181aa5-ac57-5b42-b3ae-20d18943a05f,c6cf7cc7-eaf5-557b-86fe-f4df43483226,5,Balam Ji Ye Kya Jadoo Daara,"Zohrabai, Gop",0,https://www.youtube.com/watch?v=x7EbHiEzhRc
bbbe26e8-8d26-516d-b12f-9240c6e1217b,c6cf7cc7-eaf5-557b-86fe-f4df43483226,6,Bhaarat Mata Ki Beti,Zohrabai,3.0,https://www.youtube.com/watch?v=ZWy-g0KQNbU
248e1fa7-9155-5db3-b994-f1961f250184,c6cf7cc7-eaf5-557b-86fe-f4df43483226,7,Aansu Na Bahana,Shama,0,https://www.youtube.com/watch?v=9RRrE5p5iz4
5069762e-18f2-55ad-ab1b-9e293d810a6f,c6cf7cc7-eaf5-557b-86fe-f4df43483226,8,Misl-E-Khayal Aaye The - 2,Shama,0,https://www.youtube.com/watch?v=-RtIGLrc1cc
cf6bf66f-a06b-57f5-83ea-6260ad28401d,c1ce6caa-6a81-587f-abde-b48a7a887d2b,3,Ari Hawa Tu Sun Le,Amirbai Karnataki,0,https://www.youtube.com/watch?v=uDqWd462W7k
d1e82e73-bed4-5c1d-a316-c7c9b2118a7c,c1ce6caa-6a81-587f-abde-b48a7a887d2b,4,Hum Aage Badhte Jaayein - I,"Amirbai Karnataki, Hamida Banu, G.M. Durrani",0,https://www.youtube.com/watch?v=Go436DiuXzI
ac6b225a-4255-56e7-8ddc-84137fe9b6a2,22dc6f25-a341-5368-a54b-bc8bdf743cae,5,Aao More Pyare Saanwariya,"Hamida Bano, Chitalkar",0,https://www.youtube.com/watch?v=mNERNmACzCY
d7d4c03d-f703-5701-ae37-1757f445b2f3,0a497e08-f30c-597c-8818-427186976c63,4,Paas Tum Ho To Dil Ko Qarar Hai,Amirbai Karnataki,0,https://www.youtube.com/watch?v=6wIbRl8qCYA
e369ed0e-746e-5539-8e0e-81e86e245751,0a497e08-f30c-597c-8818-427186976c63,5,Joban Ki Naiya Dole,Amirbai Karnataki,0,https://www.youtube.com/watch?v=CBu4bVYPnGs
825e0b70-0db6-56a0-8002-ecbf7e642f0f,0a497e08-f30c-597c-8818-427186976c63,7,Hamari Kismat Jaag Gayi,"Hamida Banu, G.M. Durrani",0,https://www.youtube.com/watch?v=_hQ_wtZSzsI
4b11fb9b-e951-5a75-853d-3f65c0e48cf8,0a497e08-f30c-597c-8818-427186976c63,10,Kya Haqeeqat Thi Bhala,Hamida Banu,0,https://www.youtube.com/watch?v=ZSqqGZwV8TY
3001074e-fcb6-5a5d-9668-aab77735af74,0d357b72-d776-5ddb-b520-d9624add9dc4,7,Mera Baalam Bada Harjai Re,Rajkumari,0,https://www.youtube.com/watch?v=tl46mX-Zi-o
8ddef538-f817-585a-959a-06669cee0c47,0d357b72-d776-5ddb-b520-d9624add9dc4,8,Inkaar Jo Karna Tha Pehle Hi Bata Dete (Ikraar Ke Parde Mein),Amirbai Karnataki,0,http://www.youtube.com/watch?v=Qc1FpufzpRI
eb3390f7-7a0f-53fe-aa89-bc136b3e2ef1,59d8c17d-a3ca-53c2-93bb-d543bb6f4ad0,2,Khaali Hai Daaman-E-Murad,Shanta Apte,0,https://www.youtube.com/watch?v=SE1asj4It_4
ba490a21-e260-55f9-950a-67cdbe17b7d8,59d8c17d-a3ca-53c2-93bb-d543bb6f4ad0,6,Meri Binti Suni Girdhari,Shanta Apte,0,https://www.youtube.com/watch?v=k_lo3_dHaXI
21eac9bd-0e3b-51c7-bdc4-13448bfa74b3,3714d750-994f-5ea9-bebf-e34e57ec9f3d,6,Saajan Aa Ja Rajan Aa Ja,"Zeenat Begum, Ghulam Haider",0,https://www.youtube.com/watch?v=ysR1VwNrVg8
fecf4ec6-13ad-5655-87c4-02d31e5b65eb,3714d750-994f-5ea9-bebf-e34e57ec9f3d,7,Is Dil Ki Haalat Kya Kahiye,Naseem Akhtar,0,https://www.youtube.com/watch?v=uzimTd8Sye8
0da24f37-6782-5c33-9727-ae0bdf474a0b,3714d750-994f-5ea9-bebf-e34e57ec9f3d,8,Duniya Ki Ye Khushi Hai Tujhe Bhool Jayen Hum,Zeenat Begum,0,https://www.youtube.com/watch?v=obfYmccoD10
bc5de94a-ccd2-5454-9185-ec45db3dbce9,5da8c32e-f378-575f-b9ef-117735246491,2,Kya Humne Bigada Hai,"Amirbai Karnataki, K.L. Saigal",0,https://www.youtube.com/watch?v=x2Ekh_zSQ0o
0be71637-f0f3-5a7b-bf9c-860b0209b976,5da8c32e-f378-575f-b9ef-117735246491,4,Diya Jisne Dil Lut Gaya Woh Bichara,"K.L. Saigal, Amirbai Karnataki",0,https://www.youtube.com/watch?v=365i4jY49wQ
641a0aa6-b140-5b82-a9e7-de86f23f546b,5da8c32e-f378-575f-b9ef-117735246491,5,Muskurate Hue Yun,K.L. Saigal,0,https://www.youtube.com/watch?v=73UCZFWUBFg
e054c05e-def0-54f9-a29d-df0fce0ef254,5da8c32e-f378-575f-b9ef-117735246491,6,Mann Ki Baazi Haar Chuka Hai,"Amirbai Karnataki, Arun Kumar",0,https://www.youtube.com/watch?v=htqK0r47Xbs
b2e38bd3-7a1d-5038-a0f5-74a862bda2bf,5da8c32e-f378-575f-b9ef-117735246491,8,Hum Apna Unhe Bana Na Sake,K.L. Saigal,0,https://www.youtube.com/watch?v=HvwgRpsJG4M
1e4886d9-d7e9-54ed-a674-4330d11bed6a,5da8c32e-f378-575f-b9ef-117735246491,11,Thukra Rahi Hai Duniya,K.L. Saigal,0,https://www.youtube.com/watch?v=62maRxmZP3g
f9ff4c62-2c2d-5e7a-8916-57fc972de292,545f7b34-7e84-561e-a364-9cddc1ce8082,2,Soona Mandir Mera Sakhi Ri,Amirbai Karnataki,2.5,https://www.youtube.com/watch?v=eF1tPkjKlbY
09bb3b1a-2989-5b34-975c-3ef59e151436,545f7b34-7e84-561e-a364-9cddc1ce8082,3,Bhanwra Madhuban Mein Mat Jaa,Surendra,3.0,https://www.youtube.com/watch?v=KO5_YGg_VsY
a975f3a4-4d52-584c-9176-14699c9ee440,545f7b34-7e84-561e-a364-9cddc1ce8082,4,Ghoonghat Pat Naahi Kholoon,Kajjan,3.0,https://www.youtube.com/watch?v=auMxL7votH8
56849fdb-2e86-5581-b360-ebfe7ebc975b,545f7b34-7e84-561e-a364-9cddc1ce8082,5,Mora Dheere Se Ghoonghat Hataye Piya,Amirbai Karnataki,4.0,https://www.youtube.com/watch?v=_rwZbu64VZM
e2cc28db-9d0a-5e7d-a303-20341f2de657,545f7b34-7e84-561e-a364-9cddc1ce8082,6,Chanda Desh Piya Ke Jaa,Amirbai Karnataki,0,https://www.youtube.com/watch?v=L9wA2ztvZAQ
43a30b68-d178-504f-ade0-edf7632003b3,545f7b34-7e84-561e-a364-9cddc1ce8082,9,Prem Bina Sab Soona Hota,Surendra,0,https://www.youtube.com/watch?v=bQZgF40Sc8o
66a4fbb5-8d8f-5d31-9685-3a519cedda2c,545f7b34-7e84-561e-a364-9cddc1ce8082,10,Bhiksha De De Maiya Pingla,"Amirbai Karnataki, Surendra",3.0,http://www.youtube.com/watch?v=EMaDNQwx5WQ
2c4ac7a6-4f36-5ae8-84b1-4002896518fd,545f7b34-7e84-561e-a364-9cddc1ce8082,11,Alakh Naam Ras Peena,Surendra,0,https://www.youtube.com/watch?v=WwwEi0Smyi4
bf58bd4d-67b3-5d25-9c7b-606d7af1f431,ebee7c3d-04ec-5fdf-9251-35183fdbcffa,3,Baalam Aa Baalam Aa Aa Man Ka Sandesha Sunaoon,Zohrabai,0,https://www.youtube.com/watch?v=8T8UVM2F1xY
978d8466-4a2e-55eb-bab6-f9bff9560281,ebee7c3d-04ec-5fdf-9251-35183fdbcffa,7,Ae Chand Bata De Tu Mera Chand Kahan Hai,Amirbai Karnataki,0,https://www.youtube.com/watch?v=WTajIz-ItJE
0a03ca64-aaac-5456-aa0e-daea18340691,ebee7c3d-04ec-5fdf-9251-35183fdbcffa,10,Aankhon Mein Intezar Ki Duniya Liye Hue,Zohrabai,0,https://www.youtube.com/watch?v=RfZ3iBHqums
f4f30f91-afbe-579f-89ac-200bb3edbf83,ebee7c3d-04ec-5fdf-9251-35183fdbcffa,11,Sooni Padi Hai Pyar Ki Duniya,Amirbai Karnataki,0,https://www.youtube.com/watch?v=p9AeFaCTDuU
cfc6ffc0-5c07-5375-a459-6e2fc11baa9f,ebee7c3d-04ec-5fdf-9251-35183fdbcffa,13,Dariya-E-Muhabbat Ka Gar Door Kinara Hai,Amirbai Karnataki,0,https://www.youtube.com/watch?v=6STiof4EFAY
0ffc89cf-0511-5b12-8dd5-78f83336b70e,ebee7c3d-04ec-5fdf-9251-35183fdbcffa,14,Kismat Mein Hi Nahin Hai Kaise Main Chain Paaoon (Baal Hain Bikhre Hue),Amirbai Karnataki,0,https://www.youtube.com/watch?v=N8jZzzVb5zQ
77d560ee-10ce-5d87-b45d-068e138b22f1,ebee7c3d-04ec-5fdf-9251-35183fdbcffa,15,Bijli Girane Wale Bijli Tu Phir Gira De,Amirbai Karnataki,0,https://www.youtube.com/watch?v=il6adGscJ7U
4f3e81cf-06d2-5c24-ae8a-89c00b9f29f9,6a361a9e-ed31-5de5-ac4f-3c13c7ad9240,3,Laaye Balamwa Mere Liye,Shamshad Begum,3.5,http://www.youtube.com/watch?v=yLkC46HdYCg
17709c31-179e-5f71-9d21-964bf3c9dc86,6a361a9e-ed31-5de5-ac4f-3c13c7ad9240,5,Mujhe Madhur Lagta Hai,"Naseem, Ashok Kumar",0,https://www.youtube.com/watch?v=D7PU0w9WcG8
cfbe812b-cb33-59c9-8ab7-edb7e1cd8f8e,6a361a9e-ed31-5de5-ac4f-3c13c7ad9240,9,Chamko Chamko Bijaliya Chamko,"Naseem, Ashok Kumar",3.0,https://www.youtube.com/watch?v=bsCpF6p7jW0
693cfef1-f12c-51a5-8639-46bec0634397,2d40af3f-26d8-5b58-8adb-af40b27663c0,1,Ae Chand Bata Mujhko,"Zeenat Begum, G.M. Durrani",4.0,https://www.youtube.com/watch?v=6kehmczv7gY
707c3c96-037b-59cf-a740-3dd64bf9a15a,2d40af3f-26d8-5b58-8adb-af40b27663c0,2,Do Dilon Ko Ye Duniya Milne Hi Nahin Deti,Manju,4.0,https://www.youtube.com/watch?v=WWslNHF4w7k
7b9040e7-ad57-5ddc-bf65-42f775ce0943,2d40af3f-26d8-5b58-8adb-af40b27663c0,3,Mere Dilruba Aaja,Sitara Devi,3.67,https://www.youtube.com/watch?v=rIWq_be-Je4
1607e47d-59c6-5694-96c0-167a1d8a3bc0,2d40af3f-26d8-5b58-8adb-af40b27663c0,4,Kya Yahi Jawani Hai,Zeenat Begum,4.0,https://www.youtube.com/watch?v=0aEwuNftyKE
bddcc18d-ac1d-5c5b-a522-331a51eab6b5,2d40af3f-26d8-5b58-8adb-af40b27663c0,5,Aayi Museebat Aayi,Manju,4.0,https://www.youtube.com/watch?v=EOakYnQXByI
99fa2436-5408-5a9f-8e5f-4eca30280b85,2d40af3f-26d8-5b58-8adb-af40b27663c0,6,Aaye Hain Balma Din Pyare,"Zeenat Begum, G.M. Durrani",3.5,https://www.youtube.com/watch?v=hDJKTOJcUeU
c2552167-740d-5cf2-a69e-606f451162c1,2d40af3f-26d8-5b58-8adb-af40b27663c0,7,Chupke Chupke Mere Dil Mein Aaye,Sitara Devi,4.0,https://www.youtube.com/watch?v=5d3G6CETwFE
937eb21a-52a7-529e-b448-69a15d756a1d,2d40af3f-26d8-5b58-8adb-af40b27663c0,8,Samjhe The Jise Apna,G.M. Durrani,4.0,https://www.youtube.com/watch?v=F0Re6rVMfsg
3eb135e3-aa08-5270-8964-84761e0d6af2,2d40af3f-26d8-5b58-8adb-af40b27663c0,9,Panchhi Meri Khushi Ka Zamana Kahan Gaya,Zeenat Begum,4.0,https://www.youtube.com/watch?v=vyM3IvXpGTs
ebe75cdc-0a51-507a-a9d9-b1cd97de8524,2d40af3f-26d8-5b58-8adb-af40b27663c0,10,Watan Se Chala Hai Watan Ka Sipahi,"Manju, G.M. Durrani",4.0,https://www.youtube.com/watch?v=2RHo1YN8yEc
48cca068-e699-56cb-b68d-e942856663bb,2d40af3f-26d8-5b58-8adb-af40b27663c0,11,Ae Dil Mujhe Rone De,G.M. Durrani,4.0,https://www.youtube.com/watch?v=KYTGSx6zRzY
1ff7a153-dcdd-58bb-952e-45ad9a9d7328,85f86de2-25d8-57bd-b177-e17bdc9cb599,1,Tum Haare Main Jeeti (Duet),"Leela Chitnis, Pratap",0,https://www.youtube.com/watch?v=egHpfp5dnr0
bcc535a9-6e40-5f55-ba5d-90c102f71dd3,85f86de2-25d8-57bd-b177-e17bdc9cb599,2,Hum Kyon Batayein Kiska Hamen Intezar Hai,Leela Chitnis,0,https://www.youtube.com/watch?v=dfeu9oWFAFk
5ac3035a-07a1-5436-87b2-7d9a9cc380e8,85f86de2-25d8-57bd-b177-e17bdc9cb599,3,Ram Kare Kahin Naina (Aankhein Ye Keh Rahi Hain Ki),Tara,0,https://www.youtube.com/watch?v=nH_cvFQBbRo
7319c3e3-1c5c-57b0-8478-ca7e666ae1c7,85f86de2-25d8-57bd-b177-e17bdc9cb599,5,Main Roun Tu Rulaye Ja,Leela Chitnis,0,https://www.youtube.com/watch?v=96JvrIansqk
6b1d0506-f8c2-577b-b049-6ae45b8a7437,85f86de2-25d8-57bd-b177-e17bdc9cb599,6,Hamen Yaad Aa Rahi Unki,Leela Chitnis,0,https://www.youtube.com/watch?v=ZyS4BSuK_xE
2f89e898-ccc0-5235-b02c-a91ca4c3b5ae,85f86de2-25d8-57bd-b177-e17bdc9cb599,7,Do Aise Vardaan Prabhu,Leela Chitnis,0,https://www.youtube.com/watch?v=RnTjvx4uJsc
2c8ba8da-02b7-5c4c-97c3-e8a9f783ec7f,94689ca8-c009-5d3a-b9e0-a00e8bcf668d,1,Meri Aarzoo Dekh Kya Chahta Hoon,Various artists,0,https://www.youtube.com/watch?v=PJscs5hwLXs
3eba06a2-594a-536d-bf12-8a1c5aa4c0cc,94689ca8-c009-5d3a-b9e0-a00e8bcf668d,2,Kabhi Le Chal Tu Jamuna Ke Paar,Zeenat Begum,0,https://www.youtube.com/watch?v=LA8d20aNV64
e5f68472-e98d-51ea-a5ca-3d57f11507a8,94689ca8-c009-5d3a-b9e0-a00e8bcf668d,3,Dhaan Ke Khet Mein,Zeenat Begum,0,https://www.youtube.com/watch?v=QxZ4-zKcDV4
ce755b4c-f699-5493-b252-b07f7cdce3ea,94689ca8-c009-5d3a-b9e0-a00e8bcf668d,4,Mil Ke Bichhad Na Jaana,,0,https://www.youtube.com/watch?v=jnv2pnPq0oY
61ab8c97-16d0-524b-a494-0731c01682ea,94689ca8-c009-5d3a-b9e0-a00e8bcf668d,5,Subah Hui Aur Panchhi Jaage,Zeenat Begum,0,https://www.youtube.com/watch?v=LIMyyd0Mq4E
275a1779-1151-5e3f-b245-1dbd6c13a1db,94689ca8-c009-5d3a-b9e0-a00e8bcf668d,6,Raatein Na Rahi,Zeenat Begum,0,https://www.youtube.com/watch?v=TyKUfX01IUk
31dda326-fc37-5189-8d7a-2cc12baa7f30,94689ca8-c009-5d3a-b9e0-a00e8bcf668d,7,Khamosh Nigahein Yeh Sunaati Hain Kahani - I,S.D. Batish,0,https://www.youtube.com/watch?v=_JBAhgMspMU
cd3889dd-c65e-5c4a-b1f0-d4417d2166ed,94689ca8-c009-5d3a-b9e0-a00e8bcf668d,8,Woh Din Yaad Karo,Zeenat Begum,0,https://www.youtube.com/watch?v=cPp7cZ2a8RY
5deccaf8-7535-50e7-8300-0e59d69649bc,94689ca8-c009-5d3a-b9e0-a00e8bcf668d,9,Jaao Sajan Harjai,Shamshad Begum,0,https://www.youtube.com/watch?v=kfgSJlKZVQY
a0319500-5a8e-559f-a290-fcd624f52df1,94689ca8-c009-5d3a-b9e0-a00e8bcf668d,10,Dekha Karo Bhagwan,Zeenat Begum,0,https://www.youtube.com/watch?v=0qCYkYUuVSI
81320d7f-c76d-5ad6-80fa-5cce37d4d631,d5523ec5-8433-5367-b6b3-412a4c4817da,6,Main Kisse Kahoon Apni Kahani,"Vanmala, C. Ramchandra",0,https://www.youtube.com/watch?v=LEmA9jNbv6M
cb188912-424a-5c7d-b42a-656990fb21bd,33ac82b4-91c0-5cf7-b1ad-35be6aefbf03,4,Badnaam Mohabbat Kaun Kare,Noor Jehan,4.0,https://www.youtube.com/watch?v=5L9qz73vj3A
23c266cd-fc66-5800-bc66-860b47d03cc8,33ac82b4-91c0-5cf7-b1ad-35be6aefbf03,5,Ab Kaun Hai Mera,Noor Jehan,0,https://www.youtube.com/watch?v=CINWN9XjdQY
33494866-3895-543a-8f1a-a0b5a16fc38a,33ac82b4-91c0-5cf7-b1ad-35be6aefbf03,7,More Saajna Aa Ke Daras Dikha,Noor Jehan,0,https://www.youtube.com/watch?v=vsCG4xybLuI
c097fc9c-f540-51ee-acf1-ffeabf534971,33ac82b4-91c0-5cf7-b1ad-35be6aefbf03,8,Koi Prem Ka De Ke Sandesa,Noor Jehan,3.5,http://www.youtube.com/watch?v=HT7p_3D-hhs
09d6bd2a-3df0-54d3-b03b-1578d3ee46c4,33ac82b4-91c0-5cf7-b1ad-35be6aefbf03,9,Alam Par Alam Sitam Par Sitam,Noor Jehan,3.5,https://www.youtube.com/watch?v=LJzKW1d1yoU
25d8bc44-bdc3-5fb2-b678-58789f739331,45f237b5-4c4c-5499-96bf-d8b1ead0a672,1,Baandh Ke Rakhoongi Tohe Nainon Mein Kanha,Susheela Rani,0,https://www.youtube.com/watch?v=SdYiR-HvEao
1b86f3cd-7cc8-5cdb-a745-3730924897e6,45f237b5-4c4c-5499-96bf-d8b1ead0a672,2,Sheetal Chandni Khili Khili,Susheela Rani,0,https://www.youtube.com/watch?v=HuWtUjP7RoE
f4fe517c-b494-570f-b629-6bb982de90d5,45f237b5-4c4c-5499-96bf-d8b1ead0a672,3,Chamakat Hai Ang Ang Saanwle Surang Rang,Susheela Rani,0,https://www.youtube.com/watch?v=pskYKFTFRa8
be5cda6c-f48c-5c1e-91ab-6632d71fb4a9,45f237b5-4c4c-5499-96bf-d8b1ead0a672,5,Maa Kisne Diya Bujhaya,Susheela Rani,0,https://www.youtube.com/watch?v=DydymGSlR78
06e1feaa-aadd-5a79-a091-bb652ffa4169,45f237b5-4c4c-5499-96bf-d8b1ead0a672,6,Suhagan Kaahe Aansoo Daale,Susheela Rani,0,https://www.youtube.com/watch?v=bXdzugA185s
4fc9b596-8a26-501f-8805-2921dc48ad00,45f237b5-4c4c-5499-96bf-d8b1ead0a672,7,Suno Ab Shyam Bihari,Susheela Rani,0,https://www.youtube.com/watch?v=wRzkxb9mr7M
dbe9b0c3-5823-553c-b5f7-69c67b99366c,42af23df-f607-5676-9230-b684402e1876,3,Holi Main Kheloongi Un Sang Dat Ke,Manju,0,https://www.youtube.com/watch?v=5xGZeoELhT4
f4aa76e9-5dee-55df-87c0-579efde0b1fb,42af23df-f607-5676-9230-b684402e1876,7,Pardesi Ho Humse Rakhiya Bandhao,"Manju, Amirbai Karnataki, Various artists",0,https://www.youtube.com/watch?v=4_EmM1kP-E8
636a16ba-5e4a-54cd-b40a-83a0448fbfe1,6e959825-dbcc-5756-b65d-364015ccc4e0,4,Matwale O Matwale Preet Kabhi Mat Karna Beta Matwale,Alauddin,0,https://www.youtube.com/watch?v=dxo_u0Lx31U
c393a182-4d4a-5272-98d6-63164edd0a27,6e959825-dbcc-5756-b65d-364015ccc4e0,7,Saqi Saqi Dil Bujh Hi Gaya Hai Seene Mein,Zohrabai,0,https://www.youtube.com/watch?v=BGjLQFK8yz4
08c334be-6e7c-5364-a94a-4105e8c618b1,50b3864f-bb8d-5201-a57c-50107ba07db5,3,Bhai Roothe Bhabhi Manave Bhabhi Roothe Bhai Manave,Parul Ghosh,0,https://www.youtube.com/watch?v=T2m0YuqkXVM
729ea890-8591-5e20-96cc-7b4787de13f0,50b3864f-bb8d-5201-a57c-50107ba07db5,7,Gehoon Ke Phulke Khila De,Zohrabai,0,https://www.youtube.com/watch?v=q9BC0DaxmvM
b7510eeb-b0e3-5d3c-832e-344e68118f77,d3b943d4-dfae-544f-9f49-ef41870bf80c,5,Phir Muhabbat Ke Payaam Aane Lage,Hemant Kumar,0,https://www.youtube.com/watch?v=32ZRNcwKLRc
b51062a2-ed51-5436-aa1d-651f311d8d98,d3b943d4-dfae-544f-9f49-ef41870bf80c,9,Aaraam Se Jo Raatein Kaatein,Hemant Kumar,0,https://www.youtube.com/watch?v=CjBfXgx9ZMY
dc467ff1-f8fd-5872-8a14-b2c998bfc00b,32f6b049-33bf-5fca-baa0-13c6651bbf0d,1,Ek Jaam Piye Ja,Amirbai Karnataki,0,https://www.youtube.com/watch?v=jKqdlxC3BM4
60dffc10-4abb-5304-a80b-ff38aca7fa38,32f6b049-33bf-5fca-baa0-13c6651bbf0d,2,Woh Kaun Hai Duniya Mein Jo Nashad Nahin Hai,Rajkumari,0,https://www.youtube.com/watch?v=-f1ZRYHNV60
020b5829-110f-5f44-b447-e57dfe28b30b,32f6b049-33bf-5fca-baa0-13c6651bbf0d,3,Panchhi Tu Jaa Re,Rajkumari,0,https://www.youtube.com/watch?v=vev30IqFz3o
09d9b628-3d86-520e-ade1-76e00ffb2d38,32f6b049-33bf-5fca-baa0-13c6651bbf0d,5,Badli Hawa Miti Bahaar,Rajkumari,0,https://www.youtube.com/watch?v=EtKz0JqGvQU
127eb1cf-997c-5dd1-8e9d-35affa2fe433,32f6b049-33bf-5fca-baa0-13c6651bbf0d,7,Do Jahan Ke Aleem Rab-E-Kareem,Rajkumari,0,https://www.youtube.com/watch?v=unJFn7TC8Mg
62d77133-131a-5a51-b8db-dd88dac706a2,fdf64b3a-d282-5276-8e15-c3b73c2e01c4,1,Wah Chamak Chamak Kar Aayi,Hamida Banu,0,https://www.youtube.com/watch?v=ytXdjI0wyFc
bd9598df-99f2-539e-a46d-148d4ba72dec,fdf64b3a-d282-5276-8e15-c3b73c2e01c4,3,Nainon Mein Naina Mat Daalo,Zohrabai Ambalewali,0,https://www.youtube.com/watch?v=61K84SbR3lk
e1327946-41d9-520e-9a47-a4dfbcefae56,fdf64b3a-d282-5276-8e15-c3b73c2e01c4,5,My Dear I Love you,Zohrabai Ambalewali,0,http://www.youtube.com/watch?v=hnE5_zNZ70I
92438452-360e-5c75-9504-b529c91d2f09,edd0169b-82bb-54b7-b529-e3e348a30467,1,Gao Kabir Udao Abeer,Anil Biswas,3.5,https://www.youtube.com/watch?v=A_CuNjyrntA
ae408529-f130-5571-982c-4a42ddfc4df0,edd0169b-82bb-54b7-b529-e3e348a30467,2,Prabhu Charnon Mein Deep Jalao,"Parul Ghosh, Amirbai Karnataki",0,https://www.youtube.com/watch?v=TnDWHqdU-GY
30e80a76-b88a-58cd-88b4-4a01a398cbcc,edd0169b-82bb-54b7-b529-e3e348a30467,3,More Aangan Mein Chhitki Chandni,Parul Ghosh,0,https://www.youtube.com/watch?v=ltTzY964978
fa010d43-d322-58ae-b07b-6b6312cca9b7,edd0169b-82bb-54b7-b529-e3e348a30467,4,Saanjh Ki Bela Panchhi Akela,Arun Kumar,0,https://www.youtube.com/watch?v=ULlLFsBVsXY
76585423-a5f0-5d1e-80a5-2d92ddb64808,edd0169b-82bb-54b7-b529-e3e348a30467,5,Jalte Jugnu Ke Samaan Mere Praan (Andhkaar Andhkaar),Parul Ghosh,0,https://www.youtube.com/watch?v=NkcXeBg29QA
fba46eac-db8d-5101-aa01-a4b850d5ec1e,edd0169b-82bb-54b7-b529-e3e348a30467,6,Andhkaar Andhkaar Door Ho Raha Hai Dheere Dheere Andhkaar,"Parul Ghosh, Arun Kumar",3.33,https://www.youtube.com/watch?v=VmxtN4Ve1QY
99b09018-2711-530d-820d-cd2080b54148,edd0169b-82bb-54b7-b529-e3e348a30467,8,Bhool Jaana Chahti Hoon (Duet),"Parul Ghosh, Chitalkar",0,http://www.youtube.com/watch?v=03YWSuCgiX0
7375ebf6-0efc-59d6-8ba0-adb4c3210745,edd0169b-82bb-54b7-b529-e3e348a30467,9,Sarson Peeli Dhaan Sunahle,"Parul Ghosh, Arun Kumar",0,https://www.youtube.com/watch?v=hYRZcwWttUI
aadbd0a4-c03a-5cca-a2f4-b4b90b5171bb,edd0169b-82bb-54b7-b529-e3e348a30467,10,Kah Do Hey Gopal Ab To (Bhoola Bhatka Path Haara Man),"Parul Ghosh, Manna Dey",0,https://www.youtube.com/watch?v=MWg7t422ULI
bd8a0b76-9bb8-5996-a232-d55e1ce72f2f,edd0169b-82bb-54b7-b529-e3e348a30467,11,Bhool Jaana Chahti Hoon,Parul Ghosh,0,http://www.youtube.com/watch?v=oo1DKzaOwEo
775b1eb6-ae4d-5ba0-9562-d1bab1aa4dcb,c781beab-459f-5302-8881-a27aa93fdc75,7,Main Hoon Piya Ki Joganiya,Rajkumari,0,https://www.youtube.com/watch?v=U4b6psu3RhI
722cf4f9-c600-54ab-b605-f001c00584fe,c781beab-459f-5302-8881-a27aa93fdc75,13,Mere Janam Maran Ke Saathi,Shanta Apte,0,https://www.youtube.com/watch?v=1PFqAsrGKN8
cabe3ef8-8bf0-5d9e-8173-37b182d9b42a,c781beab-459f-5302-8881-a27aa93fdc75,14,O Prem Deewani,Manna Dey,0,https://www.youtube.com/watch?v=S9O-WvCuCP0
c45787c4-b122-5d95-9b7c-5653f45acbc9,5464d26e-aa9e-5033-9ef4-fd2c5d1a64a3,4,Le Aaye Bahaaron Ko,Leela Sawant,0,https://www.youtube.com/watch?v=HMobBCJhL68
9908902b-200b-5743-aaae-ab3dc3089910,5464d26e-aa9e-5033-9ef4-fd2c5d1a64a3,5,Gaiya Ghar Laaye Girdhari,"Leela Sawant, Leela Parulkar",0,https://www.youtube.com/watch?v=Csb1Ht_Rw1A
cfd30a05-96ed-520c-86a8-4015faab98cb,5464d26e-aa9e-5033-9ef4-fd2c5d1a64a3,6,Saanwre Baawre Baansuri Bajaay Ja,Leela Sawant,0,https://www.youtube.com/watch?v=VCQjZ7Us6to
f09e696f-b68c-5b0c-9e67-87cf861ca9f9,bafb183b-19ea-59f3-aa38-8a54175999c7,2,Kisne Churaya Mera Dil,Zohrabai,0,https://www.youtube.com/watch?v=-S-5YgDFSzQ
74688004-07d6-517b-9c66-608c86ad694c,bafb183b-19ea-59f3-aa38-8a54175999c7,3,Kaise Nibhegi Preet Sajni,"Zohrabai, G.M. Durrani",0,https://www.youtube.com/watch?v=p4yWuwP0PII
151f4c62-8b9a-5e2a-b6f0-d70859345a6d,bafb183b-19ea-59f3-aa38-8a54175999c7,5,Bhabhi Bhaiya Ko Dhamkaye,,0,http://www.youtube.com/watch?v=TVLIzEfOg4U
e63cb51f-c1ad-54da-97aa-8832a8710d64,e5e46755-aed0-51f6-831d-6652dd4e5cbb,2,Aankh Milne Ka Bahana Ho Gaya,"Hamida Bano, Snehal Bhatkar",0,https://www.youtube.com/watch?v=lGDEpnY3_c4
b6cee0f8-7cd1-5ce2-b4f8-5a31ebad6075,e5e46755-aed0-51f6-831d-6652dd4e5cbb,4,Hum Kyon Na Karen Ishq Hamen Darr To Nahin Hai,,0,https://www.youtube.com/watch?v=InTUzJXp9ls
3b903cbd-095b-5e3b-adf4-e06cc3eda5bc,e5e46755-aed0-51f6-831d-6652dd4e5cbb,6,Humse Kya Poochhte Ho,Parul Ghosh,0,https://www.youtube.com/watch?v=3EtwOdWDCYs
579ddc87-c964-56fd-b7bf-39addaae95b9,e5e46755-aed0-51f6-831d-6652dd4e5cbb,10,Kuchh Apna Bana Ke Chhod Diya,Parul Ghosh,0,https://www.youtube.com/watch?v=nPoLR9uWt2M
b24c3258-24b3-5c7e-b0f6-67b8c3710032,f3e9b57a-e29d-5cc2-bf58-220b78616899,1,Gaa Re Panchi Gaa,,0,https://www.youtube.com/watch?v=r7Cc-VWszhs
3feba816-6caa-5ee8-924c-d7dfaaa9565d,f3e9b57a-e29d-5cc2-bf58-220b78616899,2,Yahi Fikr Hai Sham Pichhle Savere,Surendra,0,https://www.youtube.com/watch?v=BFQqwHDPQvc
3905aee0-0efd-52ae-bfda-ef832b9b28fc,f3e9b57a-e29d-5cc2-bf58-220b78616899,3,Dil Na Lagana (Tum Bhool Ke),Chitalkar,0,https://www.youtube.com/watch?v=lQKQDXvvAcA
df003d2b-a752-54d7-9434-102dbeedae07,f3e9b57a-e29d-5cc2-bf58-220b78616899,4,Kyun Man Dhoondhe Prem Nadi Ka Kinara,Surendra,0,https://www.youtube.com/watch?v=Hocw95zLy1E
3a2f2865-adc7-5689-acea-a4afdb3e1f5a,f3e9b57a-e29d-5cc2-bf58-220b78616899,5,Mohaniya Sundar Mukhda Khol,"Noor Jehan, Surendra",0,https://www.youtube.com/watch?v=Wra7L02KTgc
29ce8211-04c7-5b4d-8d50-19fd598c2123,f3e9b57a-e29d-5cc2-bf58-220b78616899,6,Dil Le Ke Mukar Na Jaana,"Noor Jehan, Surendra",0,https://www.youtube.com/watch?v=GlOGXh7u0ow
b3660b0a-5e09-5411-9f28-56b7a95bff34,f3e9b57a-e29d-5cc2-bf58-220b78616899,7,Mohe Le Chal Balam Mele Mein,"Vatsala Kumthekar, Mir Sahib",0,https://www.youtube.com/watch?v=lborrlcLME0
13f7ec1d-3abd-5834-a0d6-0cdd53e97d44,f3e9b57a-e29d-5cc2-bf58-220b78616899,9,Banti Nazar Aati Nahin,Noor Jehan,0,https://www.youtube.com/watch?v=P1pvjqFfFcw
15d7a82d-e8f0-59a8-abe9-b96342b063e3,f3e9b57a-e29d-5cc2-bf58-220b78616899,10,Bhaiya Hamaaro Ji Aayi Hain Bahnen,Noor Jehan,0,https://www.youtube.com/watch?v=djmr3XQaJ4E
d77ecdb2-7e7d-5c47-8104-8b2d8a5f72b9,f3e9b57a-e29d-5cc2-bf58-220b78616899,11,Teri Yaad Aaye Sanwariya,Noor Jehan,0,https://www.youtube.com/watch?v=hbw9sEPnze8
845bc16e-c39d-5ad9-a5ae-f9b965e99d91,4624983c-0853-5b8e-94f8-f3ab8b35ae28,5,Bhanwaron Naa Naa Jab Tak Hansna Re,"Zohrabai, G.M. Durrani",0,http://www.youtube.com/watch?v=bJBUyDPz9QI
f2e8fa94-fd4b-5e88-b858-86ba48972ce4,4624983c-0853-5b8e-94f8-f3ab8b35ae28,8,Yaad Nahin Jaati,Hamida Banu,0,http://www.youtube.com/watch?v=ON1NuuOKj98
df694470-515b-59e3-aafa-b7d462a22c24,40491898-6810-5a8c-be5f-af1ea9674602,1,Jaate Ho Toh Jaao Musafir,Rajkumari,0,http://www.youtube.com/watch?v=4vA43OqMZ7Q
5bd78b6a-aa92-5907-a307-6c132a7ac275,40491898-6810-5a8c-be5f-af1ea9674602,2,Bhole Musafir Itna Toh Jaan Le,Zohra Jaan,3.0,https://www.youtube.com/watch?v=NYPyBkly42k
5c1cc5cb-13b6-5eef-9c12-ffaafb320c07,40491898-6810-5a8c-be5f-af1ea9674602,4,Aaj Kar Le Jee Bhar Ke Singaar,Amir Karnataki,3.0,https://www.youtube.com/watch?v=p_x_hJm6f1w
2c4a9fce-2e67-5e39-90a5-a57b8472588f,40491898-6810-5a8c-be5f-af1ea9674602,5,Madhur Suron Mein Gaaye Chandni,"Allah Rakha, Rajkumari",0,https://www.youtube.com/watch?v=scAfK4uSCXk
135fea3a-3cb1-569b-8a34-2442fe3506f2,40491898-6810-5a8c-be5f-af1ea9674602,6,Shaam Hui O Panchhi Aa,Amir Karnataki,0,https://www.youtube.com/watch?v=RnhzEic1DyE
190ef6a3-57b1-5e2c-bfb9-265df72f55f4,40491898-6810-5a8c-be5f-af1ea9674602,8,Ab Hum Jaayein Kiske Dwar,Lalita Parulkar,0,https://www.youtube.com/watch?v=c-3inqs8G3E
2dd73854-0e19-59de-aff7-6cc947db922b,40491898-6810-5a8c-be5f-af1ea9674602,9,O I See Yeh Dekho Duniya Ka Rang,"Amir Karnataki, Rajkumari",0,https://www.youtube.com/watch?v=Nw5ZXlHpf2U
6cd3a05e-df29-5a5f-b0c9-f2b97649a9d5,41f72fc6-473d-5f0d-9bfa-459a2c51169c,10,Uske Liye Jahan Mein,Charlie - I,0,https://www.youtube.com/watch?v=RsyejhMQyzE
9a5b654a-cfc5-5b0d-a155-5fcf11ddfb01,9352ad74-b683-54f2-8020-60e047a02c4c,7,Chalen Prem Ki Desh Pujari,"Rajkumari, G.M. Durrani",0,https://www.youtube.com/watch?v=cq497wi1Xeo
7b5b79b8-405a-5f58-903b-8c5f8f014da9,3da440a8-5b30-5328-a42a-be9d5a753a43,1,Kyun Jaane Apne Bante Hain Begane,Manna Dey,0,https://www.youtube.com/watch?v=3UnQy7XP1sw
c393f350-7bc1-59aa-af3b-dfacd0984fb0,aebb28f6-2b6e-5134-998f-26997a3347be,1,Main In Phoolon Ke Sang,Vimala,0,http://www.youtube.com/watch?v=9z379yIGYpY
223f3df7-f9e3-5155-bedb-2400b528f1ad,aebb28f6-2b6e-5134-998f-26997a3347be,2,Do Naina Matware Tihaare,K.L. Saigal,4.0,https://www.youtube.com/watch?v=Gz_Rd1jYIew
75869fd4-e9b6-5885-bd79-685e23916ea2,aebb28f6-2b6e-5134-998f-26997a3347be,3,Chhupo Naa Chhupo Naa O Pyari Sajaniya,K.L. Saigal,3.0,https://www.youtube.com/watch?v=etMngOutZlc
9b6e9236-cbc0-589f-ad38-cf74ca656859,aebb28f6-2b6e-5134-998f-26997a3347be,4,Haay Kis But Ki Mohabbat Mein,K.L. Saigal,0,https://www.youtube.com/watch?v=DNS3C0nE_9A
e3266291-b318-5682-83a0-aeb2e7ab314f,aebb28f6-2b6e-5134-998f-26997a3347be,5,Ae Qatib-E-Taqdeer,K.L. Saigal,4.0,http://www.youtube.com/watch?v=nXSNJnB5Rfw
66b21864-6506-5061-aeac-e92c8440a532,aebb28f6-2b6e-5134-998f-26997a3347be,7,Jal Jaane Do Is Duniya Ko,Suprava Sarkar,0,https://www.youtube.com/watch?v=RA9KvHwYSRQ
a5344299-dcd3-52e4-ad88-929b18e206c5,aebb28f6-2b6e-5134-998f-26997a3347be,8,Panchhi Kaahe Hot Udas,K.L. Saigal,0,https://www.youtube.com/watch?v=AuzJ-5ViYGI
72d2e581-71d8-55b8-99c0-73fea6cb51b6,aebb28f6-2b6e-5134-998f-26997a3347be,9,Do Naina Matware Tihaare,Pankaj Mullick,0,https://www.youtube.com/watch?v=buKcgghOMh4
a35137be-e3a3-5f44-ade8-cd0889c21904,aebb28f6-2b6e-5134-998f-26997a3347be,10,Chhupo Naa Chhupo Naa O Pyari Sajaniya,Pankaj Mullick,0,https://www.youtube.com/watch?v=0G6qY1EH3e0
8a6572b4-ee98-523c-8cb1-1a9b33f16a72,aebb28f6-2b6e-5134-998f-26997a3347be,11,Ae Qatib-E-Taqdeer,Pankaj Mullick,0,https://www.youtube.com/watch?v=Uz6x6HScoxw
e58b9fd6-b036-5e94-956f-419100c1e7eb,c946b214-01cd-506f-a411-fe659e4b3851,6,Kise Sunayen Apne Man Ki Baat,Rajkumari,0,https://www.youtube.com/watch?v=2n950-Wz8E8
470216bb-6dae-5884-94cd-3e80ff7d17cd,7e88f9e0-cc6d-5506-a4e5-d3fde1548346,1,Jala Patang Toh Is Mein Kasoor Kiska Hai,Khursheed,0,http://www.youtube.com/watch?v=MSoQuJja6c8
7107b90f-de34-5fff-8fc8-d9e0cbff3767,7e88f9e0-cc6d-5506-a4e5-d3fde1548346,2,Udaas Shaam Ki Aahen,Khursheed,0,http://www.youtube.com/watch?v=jg-TvattWgY
5ce06409-42dc-5efc-9ba4-18ccbffeb3d3,7e88f9e0-cc6d-5506-a4e5-d3fde1548346,3,Jo Hum Pe Guzarti Hai,Khursheed,0,http://www.youtube.com/watch?v=HmKgJxjBBWQ
3889df3d-d0c3-50f6-ba41-849cd9aafede,7e88f9e0-cc6d-5506-a4e5-d3fde1548346,5,Mujhe Shikwa Nahin,Brijmala,0,https://www.youtube.com/watch?v=CPKCAhqidAc
d308c35e-ffb0-5486-ae6b-5a9fcfb82057,7e88f9e0-cc6d-5506-a4e5-d3fde1548346,10,Mera Dil Jhoom Raha,Brijmala,0,https://www.youtube.com/watch?v=aGpeW87xWZs
3057cc49-32ae-5195-99c0-eedb200f5104,7e88f9e0-cc6d-5506-a4e5-d3fde1548346,11,Dil Ko Dhadkan Bana Liya Unko,Khursheed,0,http://www.youtube.com/watch?v=0L_sxdenLQY
8f2127ae-9e9f-54d7-ba9e-93e8b26a7fac,d1602999-1a60-50c9-a4a9-301d5df465dd,1,Ae Chand Ummeedon Ko Meri (Awaz Do Insaaf Ko),Sitara (Kanpur),0,https://www.youtube.com/watch?v=7dC9l7T1h0E
fb1b6824-3167-5dd8-b465-eeb8b0740ae7,d1602999-1a60-50c9-a4a9-301d5df465dd,2,More Jubna Ka Dekho Ubhaar Papi,Zohrabai,3.0,https://www.youtube.com/watch?v=AEdtFTqvlxA
d6486a41-d285-5794-8b63-817a82cbf359,d1602999-1a60-50c9-a4a9-301d5df465dd,3,Ae Chand Na Itrana,Sitara (Kanpur),0,http://www.youtube.com/watch?v=z5zws7b4dgg
0e6a352d-c3dd-5260-a891-0b234f553946,d1602999-1a60-50c9-a4a9-301d5df465dd,4,Nagri Meri Kab Tak Yun Hi,Sitara (Kanpur),0,http://www.youtube.com/watch?v=XUnqmecKIAI
0bae354c-2575-5a38-850a-9e4643fe3d33,d1602999-1a60-50c9-a4a9-301d5df465dd,5,Chhip Chhip Kar Mat Dekho Ji,"Shanta Thakkar, Bharat Vyas",0,https://www.youtube.com/watch?v=HmasJm2nx-Y
fa7ae199-8590-5a09-899b-0a772c9fb054,d1602999-1a60-50c9-a4a9-301d5df465dd,6,Man Kaahe Ghabraye,Sitara (Kanpur),0,http://www.youtube.com/watch?v=7NaXVapQbUg
d1b9a12c-fdfc-537b-9ac1-49525945eb56,d1602999-1a60-50c9-a4a9-301d5df465dd,7,Pardesi Kyon Yaad Aata Hai,Sitara (Kanpur),0,https://www.youtube.com/watch?v=NFpBlzxtbN0
d3ea8fab-ba9d-5ff6-a2ba-70c4a3471d07,a27c73e2-acd5-5463-863b-440a2654d052,1,Naa Dekhoon Main Darpan,Amirbai Karnataki,0,https://www.youtube.com/watch?v=ChsqD_xTQZQ
ca712b09-20fb-5b28-a21a-fd5255235626,a27c73e2-acd5-5463-863b-440a2654d052,4,Sham Bhayi Ghar Aaja,Amirbai Karnataki,0,http://www.youtube.com/watch?v=ygwtDsOJlsk
7548f8f6-ee16-57e7-8a7b-7f7f003a992a,a27c73e2-acd5-5463-863b-440a2654d052,5,Ghata Chhayi Hai Ab Ghanghor,Amirbai Karnataki,0,https://www.youtube.com/watch?v=DWy1sNEz-Do
db39cd7e-a9cc-5613-8876-45cf0904890f,a27c73e2-acd5-5463-863b-440a2654d052,6,Gar Humko Jalaoge Duniya Ko Jala Denge,Amirbai Karnataki,4.0,https://www.youtube.com/watch?v=_EOPYjsZrbo
bd1d8933-f3fc-537b-9fb9-3b1b861779f2,a27c73e2-acd5-5463-863b-440a2654d052,9,Pagle Udaas Kyun Rehta Hai,"Master Amritlal, Bhola - I",0,https://www.youtube.com/watch?v=HJqzz1VwIZQ
58c30225-ab32-537c-b6e8-51fb07515139,a27c73e2-acd5-5463-863b-440a2654d052,10,Kyun Aankh Milayi Thi Gar Aankh Churani Thi,Amirbai Karnataki,0,https://www.youtube.com/watch?v=nuoz4Xk1RvA
981a3c56-8dd0-52d3-a8e7-5e723086ec36,a27c73e2-acd5-5463-863b-440a2654d052,11,Dil Dard Se Bharpoor Hai,Amirbai Karnataki,0,http://www.youtube.com/watch?v=Jq3JZ-8_g_M
59082760-16a4-508c-a7d0-de817d23f835,1accb08f-84f1-5cad-ac0b-f40a426c4dc3,1,Bekhabar Jaag Zara,Shyam Kumar,0,https://www.youtube.com/watch?v=qxQZEGrhLXM
f02e6b9f-8a8d-5c9b-a4b1-f02027abfb24,1accb08f-84f1-5cad-ac0b-f40a426c4dc3,2,Tum Dilli Main Aagre,"Mohammed Rafi, Shyam Kumar",0,http://www.youtube.com/watch?v=p669M1MrCOo
f2beea8e-8602-5861-af37-ef7ccc1e4774,1accb08f-84f1-5cad-ac0b-f40a426c4dc3,3,More Saiyan Ji Ne Bheji Chunari,Zohrabai,0,https://www.youtube.com/watch?v=gcnA7Bo8w1w
0874f942-9877-56c9-86f7-2f8e5c5680ee,1accb08f-84f1-5cad-ac0b-f40a426c4dc3,8,Ek Baar Unhein Mila De,"Mohammed Rafi, Shyam Kumar",0,https://www.youtube.com/watch?v=-cikNYYT8Ac
37a8aea7-47a7-51b1-b5f4-70acfeff7b43,1accb08f-84f1-5cad-ac0b-f40a426c4dc3,9,Hindustan Ke Hum Hain Hindustan Humara,Mohammed Rafi,3.0,https://www.youtube.com/watch?v=IxKwegMX49U
4801483c-bd13-502e-ab75-22f6550d8eeb,1accb08f-84f1-5cad-ac0b-f40a426c4dc3,10,Chale Gaye Chale Gaye Dil Mein Aag Lagaane Wale,Zohrabai,0,https://www.youtube.com/watch?v=Mj1FcIv8NT8
32dd38d5-5669-5e41-a0f4-470ecea9268d,1accb08f-84f1-5cad-ac0b-f40a426c4dc3,11,Bekhabar Jaag Zara,Shyam Kumar,0,https://www.youtube.com/watch?v=qxQZEGrhLXM
a30b488d-e053-5cfa-9f66-64efa35fc694,7ece019b-97ff-555a-9e4f-109d194c9db5,2,Tum Chhod Gaye Mujhko Piya Kiske Sahare,Zohrabai,0,https://www.youtube.com/watch?v=L9rDBncq-BQ
a9f9d1a0-148d-56f5-9dac-7d12b8730790,7ece019b-97ff-555a-9e4f-109d194c9db5,3,Aaja Ri Nindiya Pyari Aaja,Zeenat Begum,0,https://www.youtube.com/watch?v=3anU2SzUgQ4
e38dd013-6314-5cb0-b6c0-19f6fbe52d2a,7ece019b-97ff-555a-9e4f-109d194c9db5,5,Uthin Hain Ghatayen Chalin Hain Hawayen,Zeenat Begum,0,https://www.youtube.com/watch?v=gPazGf54yYs
e8d7b712-9da2-5f6c-9e4b-95c5d4d89cb0,7ece019b-97ff-555a-9e4f-109d194c9db5,9,Unhone Mohabbat Ki Duniya Mita Di,Zeenat Begum,0,https://www.youtube.com/watch?v=PW93rG3ff2k
ca862f1f-4678-521d-9039-09717ce57b39,7ece019b-97ff-555a-9e4f-109d194c9db5,10,Jaiye Gairon Ke Dil Ka Aasra Ho Jaiye,Zeenat Begum,0,https://www.youtube.com/watch?v=baUop2PC_UQ
a34e0919-4d9c-57d0-84b6-a6aa60e144f5,3c5f3df7-7996-53cc-9f9d-5863a986d774,1,Saanwariya Re Kaahe Maare Najariya,Rajkumari,0,https://www.youtube.com/watch?v=dPqnkIyzIOE
86ab96e5-83a2-56c4-a4ce-aac9172f323f,3c5f3df7-7996-53cc-9f9d-5863a986d774,2,Hausla Na Haar,,0,https://www.youtube.com/watch?v=mjbdymUm0gQ
8c039632-0b3c-52c5-adc1-c636481dda36,3c5f3df7-7996-53cc-9f9d-5863a986d774,3,Taqdeer Ne Jo Aag Lagayi Hai,Rajkumari,0,https://www.youtube.com/watch?v=6IXgyY0j1NA
54c9607b-a2cc-5f67-a42a-c5fc47865c38,3c5f3df7-7996-53cc-9f9d-5863a986d774,4,Har Cheez Yahan Ki Phani,Rajkumari,0,https://www.youtube.com/watch?v=IdIAnXpfSic
fce416b1-3aa7-5dd9-8902-d479c6588bf7,3c5f3df7-7996-53cc-9f9d-5863a986d774,5,Sab Haal Bata Denge,"Rajkumari, Amir Ali - I",0,https://www.youtube.com/watch?v=0MlWfJ2V904
3fe38b25-f903-5528-be7f-33c69975ad46,3c5f3df7-7996-53cc-9f9d-5863a986d774,6,Jo Hum Pe Guzarti Hai Hum Kaise Batayen,Rajkumari,0,https://www.youtube.com/watch?v=1ranrr3WpMY
534694be-db69-5f56-ada5-bf13619ba43b,3c5f3df7-7996-53cc-9f9d-5863a986d774,7,Le Lo Le Lo,Rajkumari,0,https://www.youtube.com/watch?v=Hs_4mWym61U
96a7a20f-b5b3-55c9-8550-e497870d7d2f,3c5f3df7-7996-53cc-9f9d-5863a986d774,8,Kaali Ghata Chhaayi Ho Raja,Rajkumari,0,https://www.youtube.com/watch?v=Mqn5f31DWxo
daba7c3b-1686-55cb-ba7a-0ed22d3d536a,f37d52c7-cfc2-58ae-9ac7-129cc60ce3de,1,Leti Hain Dum Ba Dum Balaayen,Kaushalya,0,https://www.youtube.com/watch?v=RPJDDHrtGC4
78657f2c-c84d-5bfb-b2b0-96cca5b0e3cf,f37d52c7-cfc2-58ae-9ac7-129cc60ce3de,2,Guroor-O-Naaz Se Gesu Ka Bal Khana Nahin Achha,Kaushalya,0,http://www.youtube.com/watch?v=KPy4Qr0jR_o
14b36955-ab55-5dfb-a9a3-e2527458d97b,f37d52c7-cfc2-58ae-9ac7-129cc60ce3de,3,Pyase Saajan Pee Le,Hamida Banu,0,http://www.youtube.com/watch?v=TYKpv9Ewxfg
7f19bc81-fb55-50e4-a227-d73ee899aa7a,f37d52c7-cfc2-58ae-9ac7-129cc60ce3de,4,Aaye Din Pyar Ke Saajna,"Kaushalya, Balwant Singh",0,http://www.youtube.com/watch?v=AHIu7ouxN78
5b44cebe-80d4-549f-beab-fa3de7a8b34a,f37d52c7-cfc2-58ae-9ac7-129cc60ce3de,5,Koi Kya Jaane Ise Dard Hamara Kya Hai,Ira Nigam,0,http://www.youtube.com/watch?v=PMlwy_CBiNA
f40a8926-044d-56af-b6f1-5cfa26998f6c,f37d52c7-cfc2-58ae-9ac7-129cc60ce3de,8,Duniya Hai Yeh Pyar Ki Duniya,Ira Nigam,0,https://www.youtube.com/watch?v=RkM7WwZkSZI
fd0f8bbd-e0ab-56dd-8747-ee35d15b3732,037a927f-d382-5d64-9056-a81cc2503523,6,Jo Dard Banke Zamane Pe Chhaye Jaate Hain,Zohrabai,0,https://www.youtube.com/watch?v=V2rnV1Z5LaE
2bf22fb0-9ec0-5b97-96ee-960fa4463047,037a927f-d382-5d64-9056-a81cc2503523,9,Pareshan Hoon Ki Kyon Meri Pareshani Nahin Jaati,Amirbai Karnataki,3.33,https://www.youtube.com/watch?v=4B_OpWPs0Rs
dd83946b-653f-5b66-9b09-22e4ec1db4d5,5fe6ad06-9945-5c73-a92e-c520bd84bb71,7,Phool Uthi Band Kali,Amirbai Karnataki,0,https://www.youtube.com/watch?v=caoEGyk1tK4
83833a6d-1ca3-5789-93dc-53ee51ad2554,5fe6ad06-9945-5c73-a92e-c520bd84bb71,10,Pal Bhar Ki Pehchan Kisi Ki,"Amirbai Karnataki, Neenu Majumdar",0,https://www.youtube.com/watch?v=y7rQA5htDUY
cc0276ed-2e3a-5260-935f-5cd4282b8128,e7ebcf88-c8ee-5315-ad5e-674ee73e24a1,5,Baaj Rahi Kis Ore Muraliya,Amirbai Karnataki,0,http://www.youtube.com/watch?v=Ood3mkQb_wI
56599d0f-7ad8-5331-aa4d-ab2092e1fbe4,153ba176-5c9c-584d-8beb-819b29c74871,1,Kaise Kheloon Main Khel Nahin Bhaaye,"Baby Shakuntala, Anant Marathe",0,https://www.youtube.com/watch?v=r_xmP0ACQD4
dc8cc023-0ffd-5f91-bff9-c2954ab485e7,5e29d7fd-1664-5759-acd0-f542722dd193,1,Ankhiyan Mila Ke,Zohrabai,5.0,https://www.youtube.com/watch?v=EsS7JvOzWjw
8cc5de9d-bc8f-5df3-9068-115e3f2ff06f,5e29d7fd-1664-5759-acd0-f542722dd193,2,O Jaane Wale Balamwa,"Shyam Kumar, Amirbai",4.0,https://www.youtube.com/watch?v=jUAYL3TSSSU
8993109a-24ec-5cf7-b703-3396f10ae378,5e29d7fd-1664-5759-acd0-f542722dd193,3,Angdai Teri Hai Bahaana,Manju,3.5,https://www.youtube.com/watch?v=GCgxiLvLqPo
7c0b163e-7952-50a4-9250-81cbcfa54990,5e29d7fd-1664-5759-acd0-f542722dd193,4,Aayi Diwali Aayi Diwali,Zohrabai,3.0,https://www.youtube.com/watch?v=rSRPU_yXOx4
93f64064-c145-51ae-99b1-131f3a1895bd,5e29d7fd-1664-5759-acd0-f542722dd193,5,Jhoothe Hain Sab Sapne Suhaane,Manju,3.0,https://www.youtube.com/watch?v=wIn3-gTilUo
95b153f9-46cf-5f47-b757-62e85b2be4b2,5e29d7fd-1664-5759-acd0-f542722dd193,6,Jab Tum Hi Chale Pardes,Karan Diwan,2.5,https://www.youtube.com/watch?v=W5i6nZ_wNoI
2f1c6c5e-c97f-59c0-abfd-6612cfdf512a,5e29d7fd-1664-5759-acd0-f542722dd193,7,Mil Ke Bichhad Gayi Ankhiyaan,Amirbai Karnataki,3.67,https://www.youtube.com/watch?v=0lmBQ5SWTKA
f3c95820-3653-5402-ad08-8cedabb05c20,5e29d7fd-1664-5759-acd0-f542722dd193,8,Pardesi Baalma Baadal Aaya,Zohrabai,3.0,https://www.youtube.com/watch?v=J3whDcU80wg
6c02f8cf-178b-58ed-9ab8-dddd7301a3c5,5e29d7fd-1664-5759-acd0-f542722dd193,9,Rumjhum Barse Badarva (Piya Ghar Aaja),Zohrabai,3.67,https://www.youtube.com/watch?v=9r7YcnaaD6g
fb1ba68c-b677-534c-ac01-fd02507b2445,5e29d7fd-1664-5759-acd0-f542722dd193,10,Sawan Ke Baadalon,"Zohrabai, Karan Diwan",3.33,https://www.youtube.com/watch?v=ajG3_kOfBfU
6de87b1a-4354-57a6-b435-297d07153d18,7798c484-dc9d-5b4b-9ebd-f95f76c5cafd,1,Hum Dil Ko Lutaate Hain,Hamida Banu,0,http://www.youtube.com/watch?v=y9hL_GsRFzY
50791697-63dc-5359-aae0-c88b742ff114,7798c484-dc9d-5b4b-9ebd-f95f76c5cafd,2,Teri Naa Mein Kuch Nihan Hai,Various artists,0,https://www.youtube.com/watch?v=-BDsQsk-R0Y
a00429db-734f-5efc-9276-57c1a6c09c44,7798c484-dc9d-5b4b-9ebd-f95f76c5cafd,7,Duniya Kisi Ko Haye Majboor Na Kare,Hamida Banu,0,http://www.youtube.com/watch?v=bOfbzPtqJys
fb82e007-6efb-5acd-a2d7-3e72b2cf1382,7798c484-dc9d-5b4b-9ebd-f95f76c5cafd,8,Ae Dard Itna Badh Jaa Duniya Ko Bhool Jaoon,Amirbai Karnataki,0,https://www.youtube.com/watch?v=CquissxOX1E
47e8ab48-101c-5fb3-be0a-3a78eed2fb01,7798c484-dc9d-5b4b-9ebd-f95f76c5cafd,9,Ghoonghat Mein Haule Haule Bole Dulhan,Various artists,0,http://www.youtube.com/watch?v=eO-USded0CQ
876f73f3-c43d-5373-9815-a181efad5e3d,7798c484-dc9d-5b4b-9ebd-f95f76c5cafd,10,Ek Kahar Barpa Karta Hai Jab Aaye Budhapa,Charlie - I,0,https://www.youtube.com/watch?v=ohc6Pa4vfTA
b5291e76-51e4-59e0-9234-313658e9b1b4,c8a393ef-0901-5829-b5cf-5f91ed65c200,2,Tujhko Karoon Main Salaam,"Kusum Mantri, Bulo C. Rani",0,http://www.youtube.com/watch?v=TWjMXVBnNrs
fb5e1bd6-2b70-5ed7-99d6-a342d195400f,c8a393ef-0901-5829-b5cf-5f91ed65c200,4,Bulbul Aa Tu Bhi Gaa,Khursheed,0,http://www.youtube.com/watch?v=78SJ4OwaGPo
bcf47225-bfd7-5a05-b26f-ae024f886740,c8a393ef-0901-5829-b5cf-5f91ed65c200,6,Mohabbat Mein Saara Jahan,Khursheed,0,https://www.youtube.com/watch?v=ASdbMUWR7DA
2b5ed32f-e4ee-5235-afeb-2cd9f09187d1,c8a393ef-0901-5829-b5cf-5f91ed65c200,7,Dil Lagaane Mein,Khursheed,0,http://www.youtube.com/watch?v=LVmyuUFVkUQ
5438b771-38b0-5587-9349-f81a1c8f3686,abce0786-348b-58a4-affd-17064eed9639,3,Kisne Lubhaya Mera Mann Kisne Lubhaya,"Amirbai Karnataki, Maya Banerjee",0,https://www.youtube.com/watch?v=VFl-LXC4cCs
87022d80-3e75-560b-8b23-f6b944ab2ba1,abce0786-348b-58a4-affd-17064eed9639,5,Pal Chhin Chain Na Aaye Un Bin Bhayi Bawri Ankhiyan,Maya Banerjee,0,https://www.youtube.com/watch?v=s8wkC3M1Rvc
2ccf6cbe-2f75-519e-8d46-bbd80bdbaf84,71f39524-5903-5bee-b996-01890be91bcc,2,Hamari Gali Aana,"Zeenat Begum, Amar",0,https://www.youtube.com/watch?v=-8EDbEaltI8
9e4cc922-282c-5ccf-ae3f-19db0871e298,71f39524-5903-5bee-b996-01890be91bcc,3,De Saaqi Jaam-E-Jam,,0,https://www.youtube.com/watch?v=yHfDsElOA3M
62ddefaf-ff8d-5f0f-81f3-2672e3f7d3a2,71f39524-5903-5bee-b996-01890be91bcc,5,Saajan Kabhi Aao,Zeenat Begum,0,https://www.youtube.com/watch?v=mwX3ZSveJXI
06efbcd4-d531-5868-946e-dbea7ac3ebd2,71f39524-5903-5bee-b996-01890be91bcc,7,Nainon Ke Teer Chala Gayi,Sundar,0,https://www.youtube.com/watch?v=X9TH0TKaHds
7e27fbbf-0a04-548b-9cc4-dae16c78a783,71f39524-5903-5bee-b996-01890be91bcc,9,Yaad Na Aa Guzre Zamane,Naseem Akhtar,0,https://www.youtube.com/watch?v=fMd-_s6HUHE
fefd643e-f4ee-5188-b4f1-ce0372ae8600,d0025f48-daeb-542d-a920-3d7a2ae62923,1,Kuch Hasin Hai Subah-O-Sham,"Anima Dasgupta, Hemant Kumar, Jagmohan",0,https://www.youtube.com/watch?v=NEAz3HhmCUk
e1ecf068-419a-5887-b199-b05ceefd85da,d0025f48-daeb-542d-a920-3d7a2ae62923,2,Nigahon Se Shart-E-Wafa Leejiyega,Anima Dasgupta,0,https://www.youtube.com/watch?v=ezUIKX0sHTs
c06f9896-51f5-5b94-aa7e-ab28a8d01580,d0025f48-daeb-542d-a920-3d7a2ae62923,7,Bhatke Hue Musafiron Aage Badhe Chalo,"Anima Dasgupta, Jagmohan",0,https://www.youtube.com/watch?v=4yVdPnn2XTs
efcccdda-4788-527a-8144-aabb10819ca6,f87d6a6d-fabd-524e-828e-60041fea42ce,2,Runjhun Runjhun Runjhun Runjhun Paayal Aaj Bajaye Ja,Anima Dasgupta,0,https://www.youtube.com/watch?v=ORdITlBJs94
accca1e1-7f40-5587-880c-029283e037b1,f87d6a6d-fabd-524e-828e-60041fea42ce,8,Preetam Mere Aa Ji Aaye,Anima Dasgupta,0,https://www.youtube.com/watch?v=sXNjF_ynOTY
9a1ec53b-b7d4-5e1b-bdae-77cd36ad65e2,4250552e-d144-5285-b6ea-9504b1a74c30,4,Kya Logi Is Dil Ka Kiraya,"Kusum, Mukesh",3.0,http://www.youtube.com/watch?v=V9krXaeYgWI
